timestamp,open,high,low,close,volume
2026-07-06 04:00:00,306.9,306.9,305.7,306.76,13951
2026-07-06 04:01:00,306.14,306.8,305.65,306.76,2393
2026-07-06 04:02:00,306.43,306.59,306.43,306.59,795
2026-07-06 04:03:00,306.55,306.67,306.11,306.39,894
2026-07-06 04:04:00,306.68,307,306.09,306.53,6067
2026-07-06 04:05:00,306.47,307.1,305.46,306.06,15203
2026-07-06 04:06:00,305.97,306.16,305.77,305.77,1672
2026-07-06 04:07:00,305.7705,305.79,305.77,305.77,529
2026-07-06 04:08:00,305.7,305.7,305.7,305.7,65
2026-07-06 04:09:00,305.7,305.77,305.65,305.65,1104
2026-07-06 04:10:00,305.5823,305.62,305.28,305.3164,2185
2026-07-06 04:11:00,305.32,305.32,305.32,305.32,80
2026-07-06 04:12:00,305.3,305.3,305.28,305.28,626
2026-07-06 04:13:00,305.25,305.25,305.25,305.25,200
2026-07-06 04:14:00,305.36,305.45,305.36,305.45,1023
2026-07-06 04:15:00,305.4,305.48,305.4,305.4,387
2026-07-06 04:16:00,305.3,305.3,305.21,305.21,719
2026-07-06 04:17:00,305.2,305.21,305.2,305.2,384
2026-07-06 04:19:00,305.3,305.34,305.3,305.34,145
2026-07-06 04:20:00,305.42,305.42,305.34,305.34,145
2026-07-06 04:23:00,305.5,305.5,305.5,305.5,872
2026-07-06 04:26:00,305.4,305.52,305.4,305.52,245
2026-07-06 04:29:00,305.5,305.52,305.37,305.52,561
2026-07-06 04:30:00,305.33,305.37,305.21,305.21,801
2026-07-06 04:31:00,305.2,305.36,305.2,305.3,311
2026-07-06 04:32:00,305.25,305.25,305.19,305.19,534
2026-07-06 04:33:00,305.1501,305.18,305.1501,305.17,1021
2026-07-06 04:34:00,305.25,305.34,305.25,305.34,421
2026-07-06 04:35:00,305.48,305.48,305.26,305.26,340
2026-07-06 04:37:00,305.25,305.25,305.25,305.25,148
2026-07-06 04:38:00,305.25,305.25,305.25,305.25,130
2026-07-06 04:39:00,305.25,305.28,305.25,305.28,574
2026-07-06 04:40:00,305.26,305.28,305.26,305.28,193
2026-07-06 04:41:00,305.31,305.31,305.31,305.31,90
2026-07-06 04:42:00,305.32,305.33,305.31,305.31,383
2026-07-06 04:43:00,305.25,305.28,305.25,305.28,148
2026-07-06 04:44:00,305.29,305.29,305.29,305.29,65
2026-07-06 04:45:00,305.28,305.28,305.28,305.28,50
2026-07-06 04:46:00,305.3,305.3,305.3,305.3,45
2026-07-06 04:47:00,305.32,305.33,305.3,305.31,345
2026-07-06 04:48:00,305.31,305.33,305.31,305.33,419
2026-07-06 04:49:00,305.31,305.31,305.08,305.25,710
2026-07-06 04:50:00,305.25,305.43,305.24,305.43,1192
2026-07-06 04:51:00,305.36,305.36,305.36,305.36,60
2026-07-06 04:52:00,305.41,305.49,305.41,305.48,592
2026-07-06 04:53:00,305.5,305.63,305.5,305.63,1243
2026-07-06 04:54:00,305.6,305.62,305.59,305.62,355
2026-07-06 04:55:00,305.57,305.62,305.57,305.62,144
2026-07-06 04:56:00,305.6232,305.6232,305.6232,305.6232,130
2026-07-06 04:57:00,305.54,305.54,305.53,305.53,178
2026-07-06 04:58:00,305.55,305.65,305.55,305.65,379
2026-07-06 05:00:00,305.85,305.85,305.66,305.66,86
2026-07-06 05:01:00,305.66,305.8,305.66,305.8,199
2026-07-06 05:03:00,305.6817,305.75,305.6817,305.72,917
2026-07-06 05:04:00,305.73,305.76,305.73,305.76,926
2026-07-06 05:05:00,305.7,305.7,305.7,305.7,240
2026-07-06 05:07:00,305.73,305.73,305.72,305.73,749
2026-07-06 05:08:00,305.78,305.97,305.7,305.7,4617
2026-07-06 05:09:00,305.7,305.71,305.7,305.71,369
2026-07-06 05:10:00,305.69,305.69,305.69,305.69,100
2026-07-06 05:11:00,305.69,305.7,305.66,305.66,663
2026-07-06 05:13:00,305.63,305.63,305.39,305.4,3739
2026-07-06 05:14:00,305.35,305.36,305.35,305.36,259
2026-07-06 05:15:00,305.37,305.4,305.37,305.39,1324
2026-07-06 05:16:00,305.37,305.37,305.33,305.33,877
2026-07-06 05:17:00,305.32,305.32,305.32,305.32,99
2026-07-06 05:18:00,305.35,305.35,305.34,305.34,277
2026-07-06 05:21:00,305.32,305.32,305.32,305.32,98
2026-07-06 05:22:00,305.32,305.32,305.32,305.32,140
2026-07-06 05:23:00,305.36,305.36,305.36,305.36,117
2026-07-06 05:24:00,305.44,305.44,305.44,305.44,125
2026-07-06 05:25:00,305.47,305.5,305.47,305.47,346
2026-07-06 05:26:00,305.56,305.56,305.33,305.33,105
2026-07-06 05:29:00,305.44,305.44,305.35,305.35,374
2026-07-06 05:30:00,305.35,305.45,305.34,305.43,2921
2026-07-06 05:31:00,305.4,305.4,305.4,305.4,134
2026-07-06 05:32:00,305.39,305.39,305.39,305.39,65
2026-07-06 05:33:00,305.32,305.34,305.3,305.31,841
2026-07-06 05:34:00,305.28,305.34,305.28,305.34,382
2026-07-06 05:35:00,305.41,305.45,305.36,305.36,1657
2026-07-06 05:37:00,305.35,305.36,305.33,305.33,347
2026-07-06 05:38:00,305.28,305.28,305.28,305.28,132
2026-07-06 05:39:00,305.29,305.35,305.28,305.34,1227
2026-07-06 05:41:00,305.33,305.33,305.32,305.32,117
2026-07-06 05:42:00,305.37,305.38,305.34,305.34,215
2026-07-06 05:44:00,305.31,305.35,305.25,305.34,3423
2026-07-06 05:45:00,305.31,305.32,305.31,305.32,90
2026-07-06 05:46:00,305.2729,305.2729,305.2729,305.2729,341
2026-07-06 05:48:00,305.29,305.29,305.25,305.26,517
2026-07-06 05:49:00,305.32,305.43,305.32,305.39,468
2026-07-06 05:50:00,305.39,305.57,305.39,305.57,311
2026-07-06 05:51:00,305.5,305.6,305.5,305.57,173
2026-07-06 05:52:00,305.53,305.6,305.25,305.31,2046
2026-07-06 05:53:00,305.57,305.6,305.57,305.58,1036
2026-07-06 05:54:00,305.62,305.62,305.53,305.53,169
2026-07-06 05:55:00,305.63,305.63,305.63,305.63,100
2026-07-06 05:56:00,305.61,305.61,305.59,305.6,479
2026-07-06 05:57:00,305.6,305.62,305.6,305.62,246
2026-07-06 05:58:00,305.63,305.75,305.63,305.75,844
2026-07-06 05:59:00,305.73,305.76,305.73,305.76,684
2026-07-06 06:00:00,305.75,305.8,305.73,305.73,489
2026-07-06 06:01:00,305.74,305.74,305.73,305.73,299
2026-07-06 06:02:00,305.73,305.77,305.71,305.71,1092
2026-07-06 06:03:00,305.75,305.8,305.75,305.8,306
2026-07-06 06:04:00,305.7,305.72,305.58,305.58,347
2026-07-06 06:05:00,305.6,305.6,305.6,305.6,60
2026-07-06 06:06:00,305.55,305.55,305.55,305.55,53
2026-07-06 06:07:00,305.6,305.61,305.53,305.6,1054
2026-07-06 06:08:00,305.58,305.6735,305.58,305.6735,90
2026-07-06 06:09:00,305.69,305.69,305.69,305.69,90
2026-07-06 06:10:00,305.61,305.61,305.61,305.61,200
2026-07-06 06:11:00,305.59,305.59,305.56,305.58,325
2026-07-06 06:12:00,305.65,305.65,305.65,305.65,100
2026-07-06 06:13:00,305.63,305.63,305.63,305.63,40
2026-07-06 06:14:00,305.59,305.63,305.59,305.63,318
2026-07-06 06:15:00,305.6,305.6,305.6,305.6,200
2026-07-06 06:16:00,305.61,305.62,305.6,305.6,344
2026-07-06 06:17:00,305.55,305.6,305.55,305.6,312
2026-07-06 06:18:00,305.59,305.59,305.55,305.58,388
2026-07-06 06:19:00,305.58,305.63,305.58,305.63,340
2026-07-06 06:20:00,305.59,305.61,305.59,305.6,360
2026-07-06 06:21:00,305.61,305.61,305.6,305.6,507
2026-07-06 06:22:00,305.57,305.6,305.57,305.6,198
2026-07-06 06:23:00,305.62,305.67,305.6,305.62,1300
2026-07-06 06:24:00,305.58,305.63,305.58,305.63,429
2026-07-06 06:26:00,305.64,305.66,305.64,305.66,237
2026-07-06 06:27:00,305.58,305.58,305.58,305.58,100
2026-07-06 06:29:00,305.64,305.64,305.64,305.64,100
2026-07-06 06:30:00,305.67,305.67,305.64,305.64,133
2026-07-06 06:31:00,305.65,305.7,305.65,305.7,335
2026-07-06 06:33:00,305.7,305.78,305.7,305.7,230
2026-07-06 06:34:00,305.76,305.76,305.64,305.64,170
2026-07-06 06:37:00,305.64,305.64,305.64,305.64,100
2026-07-06 06:38:00,305.66,305.66,305.66,305.66,65
2026-07-06 06:39:00,305.64,305.64,305.62,305.64,1319
2026-07-06 06:42:00,305.66,305.69,305.63,305.69,338
2026-07-06 06:43:00,305.62,305.68,305.62,305.63,406
2026-07-06 06:46:00,305.62,305.73,305.62,305.73,356
2026-07-06 06:47:00,305.6559,305.81,305.6559,305.81,531
2026-07-06 06:48:00,305.79,305.99,305.63,305.85,20214
2026-07-06 06:49:00,305.82,305.84,305.75,305.75,658
2026-07-06 06:50:00,305.74,305.74,305.73,305.73,163
2026-07-06 06:52:00,305.88,305.88,305.88,305.88,106
2026-07-06 06:54:00,305.88,305.88,305.7,305.82,897
2026-07-06 06:56:00,305.84,305.93,305.84,305.93,236
2026-07-06 06:57:00,305.81,305.81,305.81,305.81,138
2026-07-06 06:58:00,305.82,305.82,305.82,305.82,40
2026-07-06 06:59:00,305.81,305.81,305.78,305.78,140
2026-07-06 07:00:00,305.77,306.11,305.77,306.11,3421
2026-07-06 07:01:00,306.11,306.17,306.08,306.13,1089
2026-07-06 07:02:00,306.1,306.18,306.05,306.18,1117
2026-07-06 07:03:00,306.14,306.33,306.14,306.18,920
2026-07-06 07:04:00,306.26,306.26,306.1003,306.1003,185
2026-07-06 07:05:00,306.2,306.34,306.2,306.34,1579
2026-07-06 07:06:00,306.2,306.35,306.2,306.35,428
2026-07-06 07:07:00,306.4,306.5,306.4,306.49,1037
2026-07-06 07:08:00,306.58,306.8998,306.52,306.8998,5765
2026-07-06 07:09:00,306.89,306.89,306.7,306.8,818
2026-07-06 07:10:00,306.87,306.87,306.78,306.81,278
2026-07-06 07:11:00,306.7,306.71,306.67,306.702,381
2026-07-06 07:12:00,306.7,306.84,306.56,306.63,4303
2026-07-06 07:13:00,306.512,306.6,306.512,306.5999,440
2026-07-06 07:14:00,306.73,306.85,306.73,306.85,140
2026-07-06 07:15:00,306.85,306.85,306.8399,306.85,325
2026-07-06 07:16:00,306.8,306.8,306.8,306.8,75
2026-07-06 07:17:00,306.86,306.899,306.7,306.75,439
2026-07-06 07:18:00,306.8,306.9,306.7,306.74,4886
2026-07-06 07:19:00,306.7,306.7,306.7,306.7,50
2026-07-06 07:20:00,306.65,306.65,306.6,306.6,229
2026-07-06 07:21:00,306.75,306.75,306.6,306.62,254
2026-07-06 07:22:00,306.6,306.6,306.5,306.5001,903
2026-07-06 07:23:00,306.55,306.55,306.44,306.44,401
2026-07-06 07:24:00,306.5001,306.5001,306.5,306.5,312
2026-07-06 07:26:00,306.5,306.57,306.5,306.56,347
2026-07-06 07:27:00,306.5,306.62,306.5,306.62,230
2026-07-06 07:28:00,306.44,306.46,306.23,306.23,876
2026-07-06 07:29:00,306.44,306.55,306.306,306.5,968
2026-07-06 07:30:00,306.62,306.62,306.53,306.62,241
2026-07-06 07:31:00,306.6783,306.77,306.6783,306.77,946
2026-07-06 07:32:00,306.67,306.67,306.67,306.67,50
2026-07-06 07:33:00,306.75,306.75,306.75,306.75,83
2026-07-06 07:34:00,306.785,306.8827,306.75,306.76,242
2026-07-06 07:35:00,306.86,306.86,306.85,306.85,140
2026-07-06 07:36:00,306.85,306.85,306.85,306.85,402
2026-07-06 07:37:00,306.84,306.95,306.84,306.89,1242
2026-07-06 07:38:00,306.87,306.88,306.64,306.64,1502
2026-07-06 07:39:00,306.62,306.62,306.62,306.62,91
2026-07-06 07:40:00,306.68,306.68,306.63,306.63,1955
2026-07-06 07:41:00,306.63,306.63,306.6,306.6,375
2026-07-06 07:45:00,306.6434,306.6434,306.62,306.62,200
2026-07-06 07:46:00,306.63,306.632,306.62,306.63,347
2026-07-06 07:47:00,306.6736,306.6869,306.6736,306.6869,150
2026-07-06 07:48:00,306.73,306.73,306.6,306.6,4936
2026-07-06 07:49:00,306.67,306.74,306.63,306.74,1177
2026-07-06 07:50:00,306.7,306.73,306.63,306.7093,2630
2026-07-06 07:52:00,306.67,306.67,306.65,306.67,344
2026-07-06 07:53:00,306.64,306.79,306.635,306.79,2050
2026-07-06 07:54:00,306.81,306.84,306.81,306.84,191
2026-07-06 07:55:00,306.9,306.95,306.89,306.95,551
2026-07-06 07:56:00,306.98,307,306.98,307,3591
2026-07-06 07:57:00,307.03,307.07,306.99,306.99,409
2026-07-06 07:58:00,307.05,307.11,307.05,307.11,204
2026-07-06 07:59:00,307.02,307.02,306.95,306.95,1446
2026-07-06 08:00:00,306.89,307.01,306.81,306.99,1804
2026-07-06 08:01:00,306.9993,306.9993,306.8,306.8,1793
2026-07-06 08:02:00,306.8,307,306.8,306.9,5703
2026-07-06 08:03:00,306.99,307.859,306.99,307.5701,7137
2026-07-06 08:04:00,307.49,307.58,307.16,307.43,1362
2026-07-06 08:05:00,307.36,307.66,307.34,307.34,6663
2026-07-06 08:06:00,307.3,307.39,307.2,307.26,1890
2026-07-06 08:07:00,307.22,307.38,307.12,307.2,3066
2026-07-06 08:08:00,307.24,307.3588,307.24,307.3588,265
2026-07-06 08:09:00,307.2,307.2523,307.2,307.25,1622
2026-07-06 08:10:00,307.2,307.42,307.18,307.42,2543
2026-07-06 08:11:00,307.25,307.42,307.23,307.31,1123
2026-07-06 08:12:00,307.32,307.4,307.31,307.4,1795
2026-07-06 08:13:00,307.38,307.43,307.25,307.4,4422
2026-07-06 08:14:00,307.2,307.27,307.1554,307.1554,1491
2026-07-06 08:15:00,307.146,307.29,306.99,307.29,4931
2026-07-06 08:16:00,306.975,306.98,306.9517,306.9517,429
2026-07-06 08:17:00,306.94,306.96,306.84,306.96,1039
2026-07-06 08:18:00,306.94,307.27,306.94,306.99,2060
2026-07-06 08:19:00,306.93,307,306.85,307,1231
2026-07-06 08:20:00,307,307,306.86,306.86,271
2026-07-06 08:21:00,306.9,306.9,306.87,306.87,100
2026-07-06 08:22:00,306.9816,307.22,306.85,307.1525,3575
2026-07-06 08:23:00,307.02,307.02,307.01,307.01,296
2026-07-06 08:24:00,307.1458,307.1458,306.85,307.1,1312
2026-07-06 08:25:00,306.89,307.07,306.8503,307.01,1441
2026-07-06 08:26:00,307,307.45,306.89,307.41,6088
2026-07-06 08:27:00,307.4,307.462,307.33,307.462,585
2026-07-06 08:28:00,307.37,307.4,307.34,307.4,652
2026-07-06 08:29:00,307.41,307.41,307.41,307.41,448
2026-07-06 08:30:00,307.4,307.5517,307.32,307.54,2006
2026-07-06 08:31:00,307.55,307.55,307.55,307.55,50
2026-07-06 08:32:00,307.61,307.7185,307.6,307.7185,4128
2026-07-06 08:33:00,307.71,307.74,307.6011,307.62,1781
2026-07-06 08:34:00,307.65,307.67,307.65,307.67,182
2026-07-06 08:35:00,307.72,307.73,307.65,307.6985,1314
2026-07-06 08:36:00,307.65,307.9497,307.65,307.8,3776
2026-07-06 08:37:00,307.75,307.85,307.6809,307.8,2939
2026-07-06 08:38:00,307.83,307.84,307.75,307.83,3910
2026-07-06 08:39:00,307.835,307.835,307.76,307.76,8137
2026-07-06 08:40:00,307.78,307.94,307.78,307.85,2256
2026-07-06 08:41:00,307.93,307.99,307.85,307.8508,2151
2026-07-06 08:42:00,307.915,308,307.874,307.95,4554
2026-07-06 08:43:00,307.89,307.9,307.86,307.9,1756
2026-07-06 08:44:00,307.84,307.84,307.6,307.6,2352
2026-07-06 08:45:00,307.69,307.7,307.59,307.5922,1324
2026-07-06 08:46:00,307.62,307.7799,307.62,307.7799,931
2026-07-06 08:47:00,307.5849,307.74,307.5849,307.74,1423
2026-07-06 08:48:00,307.78,307.8,307.772,307.772,660
2026-07-06 08:49:00,307.77,307.78,307.74,307.78,817
2026-07-06 08:50:00,307.91,307.93,307.8023,307.82,4909
2026-07-06 08:51:00,307.87,307.95,307.87,307.95,359
2026-07-06 08:52:00,307.91,307.95,307.85,307.86,414
2026-07-06 08:53:00,307.75,307.8489,307.62,307.62,2302
2026-07-06 08:54:00,307.7,307.7076,307.57,307.69,966
2026-07-06 08:55:00,307.61,307.62,307.51,307.62,1834
2026-07-06 08:56:00,307.67,307.67,307.5,307.51,944
2026-07-06 08:57:00,307.5,307.59,307.4,307.53,5566
2026-07-06 08:58:00,307.5318,307.5318,307.45,307.45,823
2026-07-06 08:59:00,307.4,307.45,307.4,307.44,528
2026-07-06 09:00:00,307.48,307.5,307.45,307.5,2594
2026-07-06 09:01:00,307.51,307.51,307.4,307.42,2816
2026-07-06 09:02:00,307.44,307.53,307.43,307.43,4592
2026-07-06 09:03:00,307.45,307.58,307.45,307.53,3228
2026-07-06 09:04:00,307.53,307.58,307.53,307.5751,503
2026-07-06 09:05:00,307.55,307.55,307.5,307.5,1958
2026-07-06 09:06:00,307.51,307.51,307.4,307.5,339
2026-07-06 09:07:00,307.51,307.54,307.51,307.54,608
2026-07-06 09:08:00,307.56,307.56,307.49,307.53,761
2026-07-06 09:09:00,307.5318,307.5848,307.5,307.51,1707
2026-07-06 09:10:00,307.53,307.57,307.4915,307.5,1592
2026-07-06 09:11:00,307.49,307.55,307.35,307.35,5516
2026-07-06 09:12:00,307.36,307.5351,307.35,307.51,1242
2026-07-06 09:13:00,307.38,307.38,307.2,307.2,1510
2026-07-06 09:14:00,307.16,307.17,307.1,307.15,671
2026-07-06 09:15:00,307.11,307.47,307.11,307.18,11269
2026-07-06 09:16:00,307.22,307.27,307.1,307.18,2868
2026-07-06 09:17:00,307.14,307.14,307.0525,307.08,1418
2026-07-06 09:18:00,307.08,307.1,306.95,306.96,8699
2026-07-06 09:19:00,306.97,306.97,306.85,306.9,1795
2026-07-06 09:20:00,306.93,307,306.8682,306.92,1931
2026-07-06 09:21:00,306.91,306.91,306.85,306.8518,1945
2026-07-06 09:22:00,306.87,306.9061,306.85,306.9061,1910
2026-07-06 09:23:00,306.85,306.9582,306.85,306.85,1344
2026-07-06 09:24:00,306.83,306.94,306.69,306.72,2403
2026-07-06 09:25:00,306.71,306.72,306,306.17,13069
2026-07-06 09:26:00,306.19,306.57,306.19,306.38,5633
2026-07-06 09:27:00,306.4,306.8036,306.3,306.8036,4670
2026-07-06 09:28:00,306.84,307.66,306.84,307.38,6974
2026-07-06 09:29:00,307.36,307.66,307.02,307.02,5339
2026-07-06 09:30:00,307.22,308.55,307,308.215,1003118
2026-07-06 09:31:00,308.15,308.78,307.74,307.77,201285
2026-07-06 09:32:00,307.71,308.3,307.47,308.245,141705
2026-07-06 09:33:00,308.27,308.99,308.14,308.845,214823
2026-07-06 09:34:00,308.8375,308.96,308.46,308.8,118234
2026-07-06 09:35:00,308.8,308.9,308.235,308.525,195822
2026-07-06 09:36:00,308.47,309.24,308.42,309.02,221189
2026-07-06 09:37:00,309.0492,309.34,308.71,309.3,108162
2026-07-06 09:38:00,309.3,309.48,308.77,308.77,120638
2026-07-06 09:39:00,308.76,309.48,308.74,309.434,83869
2026-07-06 09:40:00,309.4132,309.91,308.76,308.805,140812
2026-07-06 09:41:00,308.8,309.26,308.54,308.57,90208
2026-07-06 09:42:00,308.57,308.85,308.09,308.74,146527
2026-07-06 09:43:00,308.71,309.43,308.59,309.06,84943
2026-07-06 09:44:00,309.06,309.44,308.78,309.29,75833
2026-07-06 09:45:00,309.34,309.58,308.995,309.42,93742
2026-07-06 09:46:00,309.41,309.9,309.29,309.785,107070
2026-07-06 09:47:00,309.75,309.95,309.22,309.425,137913
2026-07-06 09:48:00,309.44,309.66,309.32,309.575,79743
2026-07-06 09:49:00,309.58,309.585,309.16,309.4,93082
2026-07-06 09:50:00,309.41,309.93,309.29,309.66,75301
2026-07-06 09:51:00,309.7,309.73,308.4,308.57,146907
2026-07-06 09:52:00,308.54,309.03,308.54,309,87082
2026-07-06 09:53:00,308.95,309.14,308.7947,309.035,77643
2026-07-06 09:54:00,309.02,309.23,308.94,309.19,81506
2026-07-06 09:55:00,309.185,309.425,308.835,309.325,73121
2026-07-06 09:56:00,309.32,309.72,309.32,309.65,80242
2026-07-06 09:57:00,309.66,309.77,309.36,309.435,108484
2026-07-06 09:58:00,309.43,309.4799,309,309.2505,85871
2026-07-06 09:59:00,309.275,309.63,309.22,309.63,86569
2026-07-06 10:00:00,309.63,309.64,309.31,309.5188,76144
2026-07-06 10:01:00,309.56,309.6,309,309.19,104801
2026-07-06 10:02:00,309.17,309.5,309.0475,309.33,59545
2026-07-06 10:03:00,309.345,309.42,309.17,309.25,47813
2026-07-06 10:04:00,309.25,309.4,309.06,309.38,85053
2026-07-06 10:05:00,309.37,309.52,309.12,309.25,55538
2026-07-06 10:06:00,309.24,309.5,309.04,309.3,106153
2026-07-06 10:07:00,309.3,309.76,309.25,309.56,137508
2026-07-06 10:08:00,309.55,309.73,309.465,309.565,63430
2026-07-06 10:09:00,309.58,309.71,309.47,309.57,115123
2026-07-06 10:10:00,309.57,309.57,308.94,309.01,94518
2026-07-06 10:11:00,309.015,309.44,308.87,309.045,87010
2026-07-06 10:12:00,309.04,309.6286,308.99,309.46,78517
2026-07-06 10:13:00,309.46,309.9899,309.41,309.87,94971
2026-07-06 10:14:00,309.87,309.98,309.63,309.86,88042
2026-07-06 10:15:00,309.87,310.25,309.48,309.745,374383
2026-07-06 10:16:00,309.745,310.37,309.65,310.355,101681
2026-07-06 10:17:00,310.37,310.62,310.2,310.43,178087
2026-07-06 10:18:00,310.43,310.63,310.22,310.59,160418
2026-07-06 10:19:00,310.58,310.91,310.471,310.8905,132769
2026-07-06 10:20:00,310.9,311.04,310.53,310.8,149878
2026-07-06 10:21:00,310.81,311.39,310.8,311.165,131334
2026-07-06 10:22:00,311.165,311.22,310.96,311.13,93733
2026-07-06 10:23:00,311.14,311.37,311.04,311.17,107332
2026-07-06 10:24:00,311.18,311.34,310.9601,311.09,95162
2026-07-06 10:25:00,311.075,311.295,311.05,311.195,84748
2026-07-06 10:26:00,311.185,311.46,311.1,311.36,89246
2026-07-06 10:27:00,311.37,311.5,311.11,311.43,151130
2026-07-06 10:28:00,311.44,311.6796,311.33,311.41,161742
2026-07-06 10:29:00,311.43,311.75,311.33,311.73,113204
2026-07-06 10:30:00,311.7,311.82,311.25,311.5452,183131
2026-07-06 10:31:00,311.54,311.64,311.3,311.52,75759
2026-07-06 10:32:00,311.515,311.61,311.3,311.36,93586
2026-07-06 10:33:00,311.35,311.6,311.31,311.4,91877
2026-07-06 10:34:00,311.41,311.49,311.2101,311.285,102305
2026-07-06 10:35:00,311.255,311.78,311.24,311.74,100419
2026-07-06 10:36:00,311.71,311.84,311.65,311.81,111698
2026-07-06 10:37:00,311.8,311.82,311.535,311.59,60688
2026-07-06 10:38:00,311.585,311.7209,311.55,311.5501,56814
2026-07-06 10:39:00,311.5501,311.78,311.43,311.68,113767
2026-07-06 10:40:00,311.675,311.77,311.6001,311.765,89288
2026-07-06 10:41:00,311.77,311.77,311.59,311.65,87334
2026-07-06 10:42:00,311.655,311.69,311.39,311.475,111468
2026-07-06 10:43:00,311.4641,311.73,311.25,311.705,92967
2026-07-06 10:44:00,311.705,311.77,311.4,311.4,53336
2026-07-06 10:45:00,311.4,311.625,311.26,311.6,39576
2026-07-06 10:46:00,311.595,311.95,311.51,311.87,97170
2026-07-06 10:47:00,311.87,312.32,311.82,312.115,180483
2026-07-06 10:48:00,312.095,312.1699,311.95,312.05,72912
2026-07-06 10:49:00,312.07,312.18,311.77,312.0151,79722
2026-07-06 10:50:00,312.015,312.1799,312,312.135,50035
2026-07-06 10:51:00,312.13,312.35,312.04,312.1,92562
2026-07-06 10:52:00,312.09,312.33,312,312.115,75772
2026-07-06 10:53:00,312.12,312.33,312.09,312.245,72041
2026-07-06 10:54:00,312.25,312.41,312.175,312.25,66156
2026-07-06 10:55:00,312.23,312.34,312.0604,312.23,83833
2026-07-06 10:56:00,312.23,312.42,312.21,312.3795,49770
2026-07-06 10:57:00,312.37,312.38,312.1001,312.1944,44528
2026-07-06 10:58:00,312.21,312.28,312.1105,312.27,51648
2026-07-06 10:59:00,312.27,312.58,312.26,312.5201,109026
2026-07-06 11:00:00,312.55,312.75,312.535,312.605,118697
2026-07-06 11:01:00,312.62,312.94,312.54,312.79,96938
2026-07-06 11:02:00,312.785,312.865,312.5,312.56,59573
2026-07-06 11:03:00,312.54,312.815,312.54,312.815,34397
2026-07-06 11:04:00,312.82,312.855,312.74,312.79,73143
2026-07-06 11:05:00,312.79,312.92,312.62,312.895,83514
2026-07-06 11:06:00,312.89,312.89,312.5,312.6,81246
2026-07-06 11:07:00,312.59,312.74,312.46,312.71,67493
2026-07-06 11:08:00,312.71,312.78,312.62,312.74,59594
2026-07-06 11:09:00,312.745,312.745,312.59,312.64,39084
2026-07-06 11:10:00,312.64,312.84,312.5566,312.8,177001
2026-07-06 11:11:00,312.805,313.06,312.805,312.99,136624
2026-07-06 11:12:00,312.985,313.06,312.88,313.05,47758
2026-07-06 11:13:00,313.055,313.21,312.9,312.95,78540
2026-07-06 11:14:00,312.94,312.98,312.825,312.875,54434
2026-07-06 11:15:00,312.87,312.89,312.661,312.82,46110
2026-07-06 11:16:00,312.81,312.95,312.735,312.8,44997
2026-07-06 11:17:00,312.8,313.07,312.75,312.975,57470
2026-07-06 11:18:00,312.97,313.19,312.96,313.02,120240
2026-07-06 11:19:00,313.02,313.4,312.89,313.28,123467
2026-07-06 11:20:00,313.3,313.5,313.15,313.25,144537
2026-07-06 11:21:00,313.275,313.28,313.01,313.12,140029
2026-07-06 11:22:00,313.12,313.19,312.94,313.125,104420
2026-07-06 11:23:00,313.12,313.22,313.0102,313.1,32132
2026-07-06 11:24:00,313.12,313.3,312.97,312.9795,91828
2026-07-06 11:25:00,312.975,313.23,312.95,313.06,96253
2026-07-06 11:26:00,313.065,313.4,313,313.1699,109214
2026-07-06 11:27:00,313.18,313.42,313.18,313.28,73351
2026-07-06 11:28:00,313.295,313.5,313.2367,313.33,95973
2026-07-06 11:29:00,313.335,313.6,313.3,313.58,122093
2026-07-06 11:30:00,313.585,313.62,313.36,313.47,76905
2026-07-06 11:31:00,313.48,313.565,313.43,313.55,64285
2026-07-06 11:32:00,313.545,313.66,313.41,313.565,92963
2026-07-06 11:33:00,313.56,313.645,313.445,313.635,36421
2026-07-06 11:34:00,313.64,313.71,313.56,313.62,60930
2026-07-06 11:35:00,313.62,313.88,313.61,313.84,77723
2026-07-06 11:36:00,313.82,313.83,313.6,313.69,88741
2026-07-06 11:37:00,313.7,313.875,313.69,313.845,49729
2026-07-06 11:38:00,313.82,314.07,313.565,314.03,128360
2026-07-06 11:39:00,314.05,314.06,313.75,313.83,79893
2026-07-06 11:40:00,313.89,314.04,313.74,313.755,61408
2026-07-06 11:41:00,313.76,314.05,313.72,314.02,58848
2026-07-06 11:42:00,314.015,314.08,313.84,313.885,65631
2026-07-06 11:43:00,313.89,314.04,313.83,313.995,53402
2026-07-06 11:44:00,313.99,314.12,313.86,314.09,40299
2026-07-06 11:45:00,314.105,314.2,313.94,313.96,48946
2026-07-06 11:46:00,313.96,314.1399,313.94,314.13,55705
2026-07-06 11:47:00,314.13,314.13,313.7105,313.8401,98681
2026-07-06 11:48:00,313.84,313.89,313.75,313.83,40354
2026-07-06 11:49:00,313.81,313.81,313.42,313.58,120627
2026-07-06 11:50:00,313.58,313.82,313.49,313.81,65391
2026-07-06 11:51:00,313.81,313.92,313.74,313.88,51604
2026-07-06 11:52:00,313.88,313.89,313.67,313.715,58960
2026-07-06 11:53:00,313.715,313.85,313.66,313.66,34978
2026-07-06 11:54:00,313.69,313.69,313.44,313.46,57853
2026-07-06 11:55:00,313.46,313.555,313.39,313.53,80054
2026-07-06 11:56:00,313.53,313.6601,313.51,313.545,32876
2026-07-06 11:57:00,313.535,313.545,313.445,313.5101,52019
2026-07-06 11:58:00,313.5299,313.6342,313.4205,313.45,60158
2026-07-06 11:59:00,313.435,313.7,313.38,313.7,57236
2026-07-06 12:00:00,313.64,313.79,313.56,313.58,147383
2026-07-06 12:01:00,313.59,313.6,313.44,313.54,37544
2026-07-06 12:02:00,313.5495,313.56,313.31,313.435,128293
2026-07-06 12:03:00,313.445,313.5,313.39,313.47,35553
2026-07-06 12:04:00,313.4999,313.56,313.34,313.47,63070
2026-07-06 12:05:00,313.48,313.48,313.11,313.11,74764
2026-07-06 12:06:00,313.11,313.24,313.09,313.14,56574
2026-07-06 12:07:00,313.145,313.25,313.0214,313.135,96876
2026-07-06 12:08:00,313.12,313.1401,313.06,313.08,39003
2026-07-06 12:09:00,313.075,313.14,312.82,312.85,97149
2026-07-06 12:10:00,312.86,313.01,312.855,312.96,73183
2026-07-06 12:11:00,312.955,313.11,312.8901,313.035,46923
2026-07-06 12:12:00,313.045,313.14,312.9,312.91,57417
2026-07-06 12:13:00,312.93,312.95,312.82,312.89,43756
2026-07-06 12:14:00,312.91,313.03,312.8405,313.005,44211
2026-07-06 12:15:00,313.015,313.02,312.73,312.77,86054
2026-07-06 12:16:00,312.77,312.77,312.5201,312.5201,58722
2026-07-06 12:17:00,312.535,312.58,312.375,312.415,61335
2026-07-06 12:18:00,312.42,312.55,312.38,312.48,59634
2026-07-06 12:19:00,312.47,312.8193,312.47,312.792,45233
2026-07-06 12:20:00,312.7999,312.85,312.695,312.7293,39294
2026-07-06 12:21:00,312.72,312.82,312.639,312.75,54752
2026-07-06 12:22:00,312.7899,312.8,312.41,312.45,53842
2026-07-06 12:23:00,312.4401,312.49,312.38,312.43,37195
2026-07-06 12:24:00,312.43,312.645,312.385,312.6101,38089
2026-07-06 12:25:00,312.625,312.63,312.43,312.4595,28836
2026-07-06 12:26:00,312.455,312.545,312.39,312.4,40625
2026-07-06 12:27:00,312.3808,312.45,312.325,312.33,27577
2026-07-06 12:28:00,312.34,312.47,312.32,312.415,27965
2026-07-06 12:29:00,312.42,312.4436,312.23,312.25,51784
2026-07-06 12:30:00,312.245,312.32,311.99,312,85008
2026-07-06 12:31:00,312,312.11,311.91,311.915,75099
2026-07-06 12:32:00,311.915,312.11,311.85,312.11,47712
2026-07-06 12:33:00,312.11,312.39,312.075,312.375,61032
2026-07-06 12:34:00,312.38,312.54,312.2875,312.36,51133
2026-07-06 12:35:00,312.36,312.36,312.04,312.04,31606
2026-07-06 12:36:00,312.035,312.135,311.94,312.01,54064
2026-07-06 12:37:00,312.01,312.0934,311.91,312.01,39739
2026-07-06 12:38:00,312,312.175,311.985,312.1451,43817
2026-07-06 12:39:00,312.145,312.1827,312.04,312.07,30085
2026-07-06 12:40:00,312.0696,312.19,312.02,312.1408,31517
2026-07-06 12:41:00,312.17,312.55,312.1401,312.49,42767
2026-07-06 12:42:00,312.4913,312.63,312.49,312.61,45319
2026-07-06 12:43:00,312.62,312.75,312.5101,312.725,69404
2026-07-06 12:44:00,312.73,312.745,312.54,312.57,60561
2026-07-06 12:45:00,312.56,312.64,312.483,312.54,73163
2026-07-06 12:46:00,312.54,312.74,312.51,312.65,39232
2026-07-06 12:47:00,312.65,312.7999,312.63,312.7585,34805
2026-07-06 12:48:00,312.755,312.9,312.72,312.88,74697
2026-07-06 12:49:00,312.88,312.98,312.88,312.96,35684
2026-07-06 12:50:00,312.96,312.96,312.84,312.8691,28054
2026-07-06 12:51:00,312.86,312.87,312.68,312.69,24578
2026-07-06 12:52:00,312.7,312.745,312.595,312.64,35143
2026-07-06 12:53:00,312.65,312.65,312.5,312.6,37628
2026-07-06 12:54:00,312.5901,312.64,312.44,312.63,35335
2026-07-06 12:55:00,312.64,312.79,312.63,312.72,28314
2026-07-06 12:56:00,312.72,312.78,312.54,312.765,32105
2026-07-06 12:57:00,312.78,312.78,312.67,312.725,17496
2026-07-06 12:58:00,312.73,312.78,312.66,312.695,57390
2026-07-06 12:59:00,312.695,312.76,312.52,312.54,40089
2026-07-06 13:00:00,312.535,312.73,312.48,312.71,50836
2026-07-06 13:01:00,312.71,312.8,312.67,312.725,39687
2026-07-06 13:02:00,312.73,312.75,312.54,312.55,39637
2026-07-06 13:03:00,312.55,312.7403,312.55,312.74,35485
2026-07-06 13:04:00,312.72,312.82,312.69,312.8199,28812
2026-07-06 13:05:00,312.79,312.85,312.68,312.8,37101
2026-07-06 13:06:00,312.8,312.8795,312.76,312.8158,45137
2026-07-06 13:07:00,312.815,312.9,312.7101,312.74,31646
2026-07-06 13:08:00,312.75,312.75,312.39,312.42,42829
2026-07-06 13:09:00,312.425,312.495,312.33,312.47,28064
2026-07-06 13:10:00,312.465,312.64,312.465,312.53,36361
2026-07-06 13:11:00,312.54,312.7203,312.45,312.72,32350
2026-07-06 13:12:00,312.73,312.76,312.6193,312.7,22558
2026-07-06 13:13:00,312.7,312.75,312.6,312.62,35085
2026-07-06 13:14:00,312.615,312.775,312.615,312.7306,26194
2026-07-06 13:15:00,312.7301,312.91,312.7301,312.8,41276
2026-07-06 13:16:00,312.8199,312.8199,312.61,312.62,32341
2026-07-06 13:17:00,312.62,312.71,312.55,312.57,31356
2026-07-06 13:18:00,312.57,312.665,312.53,312.66,36250
2026-07-06 13:19:00,312.67,312.76,312.58,312.7101,40256
2026-07-06 13:20:00,312.735,312.8,312.5,312.545,166537
2026-07-06 13:21:00,312.54,312.74,312.51,312.74,25416
2026-07-06 13:22:00,312.73,312.8,312.64,312.79,63872
2026-07-06 13:23:00,312.79,312.88,312.69,312.755,30291
2026-07-06 13:24:00,312.75,312.75,312.63,312.63,28147
2026-07-06 13:25:00,312.62,312.695,312.58,312.695,26106
2026-07-06 13:26:00,312.7,312.715,312.55,312.5664,40328
2026-07-06 13:27:00,312.57,312.635,312.525,312.57,17203
2026-07-06 13:28:00,312.57,312.57,312.38,312.42,22163
2026-07-06 13:29:00,312.435,312.51,312.3601,312.38,28563
2026-07-06 13:30:00,312.3876,312.3876,312.11,312.1101,41601
2026-07-06 13:31:00,312.13,312.47,312.13,312.445,38390
2026-07-06 13:32:00,312.47,312.58,312.42,312.46,36926
2026-07-06 13:33:00,312.465,312.54,312.42,312.445,20149
2026-07-06 13:34:00,312.45,312.45,312.27,312.34,28069
2026-07-06 13:35:00,312.3399,312.46,312.26,312.46,40624
2026-07-06 13:36:00,312.46,312.475,312.34,312.345,49882
2026-07-06 13:37:00,312.35,312.41,312.2602,312.35,35428
2026-07-06 13:38:00,312.34,312.585,312.33,312.545,38210
2026-07-06 13:39:00,312.56,312.56,312.415,312.455,22111
2026-07-06 13:40:00,312.44,312.44,312.34,312.41,20082
2026-07-06 13:41:00,312.3901,312.45,312.36,312.42,20451
2026-07-06 13:42:00,312.4101,312.52,312.31,312.34,31329
2026-07-06 13:43:00,312.34,312.45,312.3,312.45,26598
2026-07-06 13:44:00,312.445,312.53,312.3901,312.405,28645
2026-07-06 13:45:00,312.41,312.4899,312.3,312.47,37316
2026-07-06 13:46:00,312.48,312.69,312.4404,312.67,53363
2026-07-06 13:47:00,312.68,312.7,312.46,312.5399,25307
2026-07-06 13:48:00,312.54,312.615,312.42,312.42,20186
2026-07-06 13:49:00,312.41,312.57,312.41,312.55,24313
2026-07-06 13:50:00,312.5525,312.735,312.55,312.645,30873
2026-07-06 13:51:00,312.64,312.6599,312.54,312.6,22033
2026-07-06 13:52:00,312.6,312.695,312.55,312.63,21055
2026-07-06 13:53:00,312.62,312.62,312.365,312.47,30886
2026-07-06 13:54:00,312.47,312.64,312.36,312.38,34389
2026-07-06 13:55:00,312.39,312.58,312.39,312.5624,24347
2026-07-06 13:56:00,312.575,312.615,312.5,312.51,18932
2026-07-06 13:57:00,312.51,312.515,312.44,312.47,17442
2026-07-06 13:58:00,312.47,312.62,312.46,312.62,22562
2026-07-06 13:59:00,312.62,312.73,312.62,312.7201,43578
2026-07-06 14:00:00,312.725,312.7999,312.72,312.775,25994
2026-07-06 14:01:00,312.78,312.83,312.71,312.73,36422
2026-07-06 14:02:00,312.73,312.81,312.645,312.645,48808
2026-07-06 14:03:00,312.65,312.655,312.48,312.57,38642
2026-07-06 14:04:00,312.585,312.61,312.41,312.58,32139
2026-07-06 14:05:00,312.6,312.76,312.5601,312.685,33647
2026-07-06 14:06:00,312.68,312.735,312.66,312.705,23222
2026-07-06 14:07:00,312.705,312.725,312.59,312.59,24811
2026-07-06 14:08:00,312.605,312.86,312.58,312.815,59410
2026-07-06 14:09:00,312.81,312.845,312.71,312.72,23401
2026-07-06 14:10:00,312.72,312.73,312.64,312.705,19778
2026-07-06 14:11:00,312.705,312.71,312.53,312.63,32449
2026-07-06 14:12:00,312.6201,312.75,312.6,312.695,17165
2026-07-06 14:13:00,312.695,312.85,312.64,312.82,30885
2026-07-06 14:14:00,312.81,312.96,312.79,312.92,39601
2026-07-06 14:15:00,312.925,313.03,312.89,312.99,93482
2026-07-06 14:16:00,312.98,313.14,312.96,313.02,44814
2026-07-06 14:17:00,313.04,313.055,312.94,312.97,28297
2026-07-06 14:18:00,312.97,312.975,312.84,312.87,38615
2026-07-06 14:19:00,312.88,313.045,312.88,312.985,43295
2026-07-06 14:20:00,312.985,313.01,312.85,312.895,26972
2026-07-06 14:21:00,312.9,312.915,312.775,312.84,28903
2026-07-06 14:22:00,312.84,312.89,312.8,312.85,20999
2026-07-06 14:23:00,312.855,312.98,312.84,312.98,26001
2026-07-06 14:24:00,312.965,313.045,312.92,313.01,36111
2026-07-06 14:25:00,313.01,313.09,313.0001,313.035,32724
2026-07-06 14:26:00,313.03,313.0401,312.83,312.9164,31823
2026-07-06 14:27:00,312.92,312.9799,312.86,312.95,27174
2026-07-06 14:28:00,312.95,312.98,312.9,312.97,24983
2026-07-06 14:29:00,312.98,313.1499,312.9701,313.08,44516
2026-07-06 14:30:00,313.08,313.375,313.075,313.32,67383
2026-07-06 14:31:00,313.34,313.375,313.28,313.35,39358
2026-07-06 14:32:00,313.355,313.475,313.31,313.375,81728
2026-07-06 14:33:00,313.38,313.4,313.32,313.33,29108
2026-07-06 14:34:00,313.32,313.345,313.24,313.27,39391
2026-07-06 14:35:00,313.27,313.29,313.14,313.2,38409
2026-07-06 14:36:00,313.2,313.21,313.05,313.09,37220
2026-07-06 14:37:00,313.1,313.11,312.94,313.005,31621
2026-07-06 14:38:00,313,313.155,312.99,313.1,40097
2026-07-06 14:39:00,313.105,313.1099,312.91,312.97,53141
2026-07-06 14:40:00,312.975,313.155,312.975,313.11,30833
2026-07-06 14:41:00,313.1,313.23,313.1,313.1186,27376
2026-07-06 14:42:00,313.115,313.13,313.02,313.05,30220
2026-07-06 14:43:00,313.04,313.13,313.03,313.125,18631
2026-07-06 14:44:00,313.13,313.39,313.09,313.28,124877
2026-07-06 14:45:00,313.285,313.3153,313.045,313.255,73956
2026-07-06 14:46:00,313.255,313.32,313.17,313.19,28716
2026-07-06 14:47:00,313.2001,313.31,313.19,313.2199,48442
2026-07-06 14:48:00,313.215,313.28,313.19,313.23,28734
2026-07-06 14:49:00,313.22,313.25,313.1499,313.2,44694
2026-07-06 14:50:00,313.2,313.3,313.18,313.29,41337
2026-07-06 14:51:00,313.29,313.35,313.27,313.29,35752
2026-07-06 14:52:00,313.29,313.41,313.29,313.38,35413
2026-07-06 14:53:00,313.37,313.4688,313.32,313.46,41085
2026-07-06 14:54:00,313.45,313.46,313.36,313.3801,31141
2026-07-06 14:55:00,313.38,313.39,313.275,313.31,38460
2026-07-06 14:56:00,313.32,313.32,313.25,313.285,23241
2026-07-06 14:57:00,313.29,313.32,313.23,313.255,27468
2026-07-06 14:58:00,313.255,313.33,313.25,313.31,28897
2026-07-06 14:59:00,313.31,313.32,313.19,313.29,38313
2026-07-06 15:00:00,313.29,313.35,313.17,313.17,54701
2026-07-06 15:01:00,313.185,313.19,313.01,313.19,70536
2026-07-06 15:02:00,313.19,313.19,313.09,313.11,27144
2026-07-06 15:03:00,313.115,313.14,313,313.03,32075
2026-07-06 15:04:00,313.03,313.125,312.99,313.115,46645
2026-07-06 15:05:00,313.115,313.25,313.115,313.25,42021
2026-07-06 15:06:00,313.25,313.27,313.17,313.22,47800
2026-07-06 15:07:00,313.215,313.25,313.16,313.2,31806
2026-07-06 15:08:00,313.205,313.3899,313.19,313.23,75232
2026-07-06 15:09:00,313.235,313.32,313.21,313.21,45746
2026-07-06 15:10:00,313.215,313.345,313.155,313.315,52766
2026-07-06 15:11:00,313.32,313.39,313.185,313.245,76435
2026-07-06 15:12:00,313.24,313.27,313.22,313.245,42332
2026-07-06 15:13:00,313.2401,313.355,313.19,313.33,54535
2026-07-06 15:14:00,313.34,313.37,313.18,313.2,72179
2026-07-06 15:15:00,313.205,313.33,313.155,313.22,57730
2026-07-06 15:16:00,313.21,313.305,313.16,313.22,42630
2026-07-06 15:17:00,313.23,313.28,313.04,313.095,56137
2026-07-06 15:18:00,313.09,313.13,313.02,313.07,39981
2026-07-06 15:19:00,313.075,313.2799,313.065,313.23,60369
2026-07-06 15:20:00,313.22,313.38,313.2,313.38,51497
2026-07-06 15:21:00,313.375,313.45,313.36,313.4201,41802
2026-07-06 15:22:00,313.425,313.4583,313.35,313.405,49823
2026-07-06 15:23:00,313.4,313.45,313.36,313.42,67586
2026-07-06 15:24:00,313.43,313.47,313.35,313.375,47104
2026-07-06 15:25:00,313.38,313.48,313.32,313.435,48373
2026-07-06 15:26:00,313.45,313.56,313.44,313.5,80827
2026-07-06 15:27:00,313.51,313.535,313.3126,313.38,49056
2026-07-06 15:28:00,313.3895,313.49,313.35,313.42,38647
2026-07-06 15:29:00,313.4202,313.43,313.31,313.4,63274
2026-07-06 15:30:00,313.415,313.56,313.355,313.5295,92144
2026-07-06 15:31:00,313.5564,313.635,313.49,313.5499,63349
2026-07-06 15:32:00,313.5345,313.555,313.47,313.535,44819
2026-07-06 15:33:00,313.54,313.6599,313.46,313.47,49649
2026-07-06 15:34:00,313.46,313.53,313.35,313.51,54910
2026-07-06 15:35:00,313.5101,313.59,313.45,313.57,48280
2026-07-06 15:36:00,313.57,313.6,313.4475,313.4475,41140
2026-07-06 15:37:00,313.445,313.599,313.445,313.575,41405
2026-07-06 15:38:00,313.58,313.7,313.57,313.6201,45418
2026-07-06 15:39:00,313.63,313.68,313.5894,313.6,44160
2026-07-06 15:40:00,313.595,313.645,313.54,313.6101,59452
2026-07-06 15:41:00,313.61,313.71,313.585,313.7,66855
2026-07-06 15:42:00,313.7,313.74,313.65,313.71,57655
2026-07-06 15:43:00,313.71,313.71,313.625,313.675,46760
2026-07-06 15:44:00,313.68,313.7,313.6,313.615,64321
2026-07-06 15:45:00,313.6109,313.69,313.58,313.65,64320
2026-07-06 15:46:00,313.64,313.655,313.38,313.43,150586
2026-07-06 15:47:00,313.43,313.56,313.39,313.415,71394
2026-07-06 15:48:00,313.41,313.435,313.15,313.17,97769
2026-07-06 15:49:00,313.18,313.2111,312.9,312.935,92162
2026-07-06 15:50:00,312.95,313.08,311.9,312.97,226640
2026-07-06 15:51:00,312.98,313.0385,312.5401,312.585,101589
2026-07-06 15:52:00,312.58,312.89,312.58,312.73,94745
2026-07-06 15:53:00,312.72,312.79,312.62,312.731,137080
2026-07-06 15:54:00,312.75,312.82,312.51,312.625,126847
2026-07-06 15:55:00,312.64,312.71,312.41,312.5,187380
2026-07-06 15:56:00,312.51,312.5199,312.34,312.4,175824
2026-07-06 15:57:00,312.41,312.89,312.41,312.76,237154
2026-07-06 15:58:00,312.76,312.9,312.57,312.825,424121
2026-07-06 15:59:00,312.83,313.02,312.63,312.81,916649
2026-07-06 16:00:00,312.85,312.97,312.66,312.8805,10816975
2026-07-06 16:01:00,312.8805,312.8805,312.6599,312.6599,4342
2026-07-06 16:02:00,312.66,312.75,312.56,312.718,1977
2026-07-06 16:03:00,312.77,312.85,312.6501,312.842,1831
2026-07-06 16:04:00,312.6191,312.7,312.6191,312.7,268
2026-07-06 16:05:00,312.68,312.76,312.5,312.76,6739
2026-07-06 16:06:00,312.61,312.7175,312.61,312.7175,100
2026-07-06 16:08:00,312.72,312.72,312.72,312.72,140
2026-07-06 16:09:00,312.6142,312.6142,312.5581,312.5735,280
2026-07-06 16:10:00,312.51,312.79,312.51,312.571,314
2026-07-06 16:11:00,312.5477,312.571,312.5477,312.5477,160
2026-07-06 16:12:00,312.75,312.76,312.6151,312.76,559
2026-07-06 16:13:00,312.6217,312.7576,312.6028,312.7049,619
2026-07-06 16:14:00,312.759,312.76,312.7008,312.7555,734
2026-07-06 16:15:00,312.7078,312.76,312.7,312.7,305
2026-07-06 16:16:00,312.76,312.77,312.76,312.77,242
2026-07-06 16:17:00,312.7999,312.8,312.7999,312.8,374
2026-07-06 16:18:00,312.74,312.7541,312.74,312.7541,92
2026-07-06 16:19:00,312.7565,312.7565,312.73,312.75,636
2026-07-06 16:20:00,312.74,312.74,312.73,312.73,477
2026-07-06 16:21:00,312.62,312.62,312.62,312.62,179
2026-07-06 16:22:00,312.6132,312.6819,312.6132,312.63,66224
2026-07-06 16:23:00,312.63,312.63,312.6,312.6,3422
2026-07-06 16:24:00,312.6021,312.687,312.6021,312.687,200
2026-07-06 16:25:00,312.6044,312.6044,312.6044,312.6044,320
2026-07-06 16:26:00,312.6435,312.65,312.6,312.6,461
2026-07-06 16:28:00,312.5445,312.5445,312.5445,312.5445,180
2026-07-06 16:29:00,312.65,312.65,312.65,312.65,100
2026-07-06 16:31:00,312.65,312.65,312.65,312.65,60
2026-07-06 16:32:00,312.66,312.66,312.66,312.66,21780
2026-07-06 16:33:00,312.67,312.68,312.67,312.68,200
2026-07-06 16:34:00,312.66,312.66,312.61,312.61,260
2026-07-06 16:35:00,312.66,312.7,312.66,312.7,511
2026-07-06 16:37:00,312.73,312.73,312.73,312.73,160
2026-07-06 16:38:00,312.6101,312.6101,312.6101,312.6101,80
2026-07-06 16:40:00,312.74,312.74,312.74,312.74,63
2026-07-06 16:41:00,312.74,312.74,312.66,312.66,680
2026-07-06 16:42:00,312.66,312.75,312.66,312.75,90
2026-07-06 16:44:00,312.7,312.7,312.7,312.7,48
2026-07-06 16:46:00,312.79,312.79,312.79,312.79,100
2026-07-06 16:47:00,312.71,312.75,312.7,312.75,380
2026-07-06 16:48:00,312.67,312.67,312.66,312.67,212
2026-07-06 16:49:00,312.63,312.63,312.62,312.62,180
2026-07-06 16:51:00,312.62,312.62,312.62,312.62,450
2026-07-06 16:52:00,312.63,312.6336,312.63,312.6336,114
2026-07-06 16:53:00,312.6696,312.6787,312.6,312.6,285
2026-07-06 16:54:00,312.66,312.68,312.66,312.68,130
2026-07-06 16:55:00,312.68,312.68,312.68,312.68,130
2026-07-06 16:56:00,312.6181,312.6181,312.6181,312.6181,125
2026-07-06 16:57:00,312.6213,312.6213,312.6213,312.6213,100
2026-07-06 16:58:00,312.687,312.7,312.687,312.7,200
2026-07-06 16:59:00,312.79,312.8,312.774,312.774,467
2026-07-06 17:02:00,312.68,312.69,312.68,312.69,989
2026-07-06 17:03:00,312.69,312.69,312.69,312.69,100
2026-07-06 17:04:00,312.6899,312.6899,312.6279,312.6878,209
2026-07-06 17:06:00,312.6879,312.6879,312.6879,312.6879,100
2026-07-06 17:07:00,312.65,312.65,312.6,312.6,593
2026-07-06 17:08:00,312.54,312.54,312.54,312.54,967
2026-07-06 17:09:00,312.5996,312.5996,312.5996,312.5996,98
2026-07-06 17:10:00,312.6,312.62,312.59,312.62,2170
2026-07-06 17:11:00,312.6188,312.6188,312.6188,312.6188,66
2026-07-06 17:12:00,312.59,312.62,312.59,312.61,469
2026-07-06 17:15:00,312.62,312.62,312.62,312.62,327
2026-07-06 17:18:00,312.62,312.62,312.62,312.62,96
2026-07-06 17:19:00,312.62,312.62,312.62,312.62,354
2026-07-06 17:21:00,312.62,312.62,312.62,312.62,116
2026-07-06 17:23:00,312.62,312.62,312.61,312.61,200
2026-07-06 17:25:00,312.62,312.64,312.6199,312.64,257
2026-07-06 17:26:00,312.8,312.8,312.8,312.8,100
2026-07-06 17:28:00,312.67,312.67,312.6668,312.6668,95
2026-07-06 17:29:00,312.64,312.64,312.64,312.64,87
2026-07-06 17:30:00,312.66,312.66,312.62,312.62,181
2026-07-06 17:31:00,312.75,312.75,312.75,312.75,330
2026-07-06 17:32:00,312.8,312.8,312.8,312.8,40
2026-07-06 17:33:00,312.62,312.62,312.62,312.62,100
2026-07-06 17:34:00,312.66,312.66,312.66,312.66,45
2026-07-06 17:36:00,312.65,312.65,312.65,312.65,215
2026-07-06 17:37:00,312.65,312.65,312.65,312.65,100
2026-07-06 17:38:00,312.63,312.63,312.61,312.61,982
2026-07-06 17:39:00,312.7199,312.7199,312.7199,312.7199,100
2026-07-06 17:40:00,312.62,312.62,312.62,312.62,72
2026-07-06 17:42:00,312.6883,312.6883,312.6883,312.6883,50
2026-07-06 17:46:00,312.6949,312.6949,312.66,312.66,171
2026-07-06 17:50:00,312.69,312.69,312.69,312.69,155
2026-07-06 17:51:00,312.72,312.72,312.72,312.72,45
2026-07-06 17:54:00,312.7729,312.7729,312.7729,312.7729,42
2026-07-06 17:55:00,312.74,312.8,312.74,312.79,489
2026-07-06 17:57:00,312.7876,312.7876,312.69,312.69,309
2026-07-06 17:59:00,312.69,312.69,312.67,312.69,231
2026-07-06 18:00:00,312.61,312.66,312.61,312.66,212
2026-07-06 18:02:00,312.55,312.7566,312.55,312.7566,349
2026-07-06 18:03:00,312.74,312.74,312.66,312.66,280
2026-07-06 18:04:00,312.75,312.8,312.75,312.8,151
2026-07-06 18:06:00,312.7,312.7,312.7,312.7,99
2026-07-06 18:07:00,312.687,312.69,312.687,312.69,140
2026-07-06 18:08:00,312.64,312.64,312.6218,312.6218,181
2026-07-06 18:11:00,312.6602,312.6602,312.6602,312.6602,1000
2026-07-06 18:12:00,312.7,312.7,312.7,312.7,40
2026-07-06 18:13:00,312.7844,312.7844,312.7844,312.7844,50
2026-07-06 18:14:00,312.6683,312.71,312.6683,312.71,150
2026-07-06 18:15:00,312.688,312.688,312.688,312.688,99
2026-07-06 18:16:00,312.7511,312.7818,312.7511,312.7818,247
2026-07-06 18:20:00,312.72,312.72,312.66,312.66,2060
2026-07-06 18:24:00,312.787,312.787,312.71,312.71,162
2026-07-06 18:27:00,312.71,312.71,312.7,312.7,355
2026-07-06 18:29:00,312.67,312.67,312.67,312.67,72
2026-07-06 18:30:00,312.66,312.66,312.55,312.57,1128
2026-07-06 18:31:00,312.57,312.57,312.57,312.57,50
2026-07-06 18:34:00,312.61,312.61,312.55,312.563,548
2026-07-06 18:35:00,312.5717,312.59,312.56,312.59,301
2026-07-06 18:36:00,312.6464,312.6464,312.5643,312.5643,87
2026-07-06 18:38:00,312.64,312.64,312.64,312.64,80
2026-07-06 18:42:00,312.6561,312.6561,312.6561,312.6561,50
2026-07-06 18:45:00,312.63,312.63,312.61,312.63,441
2026-07-06 18:46:00,312.563,312.6444,312.5487,312.6444,2509
2026-07-06 18:47:00,312.6467,312.6467,312.5,312.6288,3877
2026-07-06 18:48:00,312.65,312.65,312.65,312.65,100
2026-07-06 18:49:00,312.6,312.6,312.6,312.6,40
2026-07-06 18:50:00,312.5,312.5,312.5,312.5,50
2026-07-06 18:51:00,312.42,312.6,312.42,312.6,651
2026-07-06 18:53:00,312.42,312.42,312.42,312.42,89
2026-07-06 18:54:00,312.46,312.46,312.46,312.46,80
2026-07-06 18:55:00,312.47,312.56,312.47,312.5,541
2026-07-06 18:56:00,312.5,312.6,312.5,312.59,510
2026-07-06 18:57:00,312.6,312.69,312.6,312.69,596
2026-07-06 18:58:00,312.68,312.68,312.68,312.68,200
2026-07-06 18:59:00,312.6682,312.6682,312.6682,312.6682,50
2026-07-06 19:00:00,312.5256,312.7,312.5256,312.7,486
2026-07-06 19:01:00,312.5498,312.72,312.5498,312.72,466
2026-07-06 19:03:00,312.79,312.79,312.61,312.61,260
2026-07-06 19:04:00,312.56,312.56,312.56,312.56,48
2026-07-06 19:06:00,312.57,312.57,312.55,312.55,142
2026-07-06 19:12:00,312.73,312.74,312.5469,312.74,540
2026-07-06 19:13:00,312.73,312.74,312.73,312.74,201
2026-07-06 19:14:00,312.6195,312.75,312.61,312.61,407
2026-07-06 19:16:00,312.6,312.6,312.6,312.6,72
2026-07-06 19:20:00,312.6165,312.6165,312.6165,312.6165,40
2026-07-06 19:22:00,312.73,312.73,312.6,312.6,1428
2026-07-06 19:24:00,312.6,312.73,312.6,312.69,267
2026-07-06 19:25:00,312.71,312.71,312.68,312.68,120
2026-07-06 19:26:00,312.65,312.69,312.6,312.69,1495
2026-07-06 19:29:00,312.55,312.55,312.55,312.55,100
2026-07-06 19:30:00,312.67,312.74,312.56,312.74,149
2026-07-06 19:32:00,312.6679,312.6679,312.6679,312.6679,254
2026-07-06 19:35:00,312.68,312.74,312.68,312.74,255
2026-07-06 19:39:00,312.77,312.8,312.72,312.7972,759
2026-07-06 19:40:00,312.79,312.82,312.79,312.82,140
2026-07-06 19:41:00,312.85,312.85,312.66,312.66,1278
2026-07-06 19:42:00,312.66,312.82,312.66,312.82,827
2026-07-06 19:43:00,312.85,312.85,312.84,312.84,169
2026-07-06 19:44:00,312.81,312.85,312.81,312.8175,668
2026-07-06 19:45:00,312.74,312.74,312.73,312.74,174
2026-07-06 19:46:00,312.68,312.7322,312.68,312.7322,376
2026-07-06 19:48:00,312.72,312.72,312.6836,312.6836,408
2026-07-06 19:49:00,312.67,312.83,312.67,312.83,1062
2026-07-06 19:50:00,312.75,312.75,312.6724,312.6724,154
2026-07-06 19:51:00,312.65,312.65,312.65,312.65,43
2026-07-06 19:52:00,312.6721,312.6721,312.6721,312.6721,153
2026-07-06 19:53:00,312.7,312.7,312.7,312.7,50
2026-07-06 19:54:00,312.67,312.67,312.66,312.66,119
2026-07-06 19:55:00,312.68,312.6848,312.6552,312.6848,183
2026-07-06 19:56:00,312.69,312.82,312.69,312.79,1099
2026-07-06 19:57:00,312.75,312.8469,312.75,312.8469,1388
2026-07-06 19:58:00,312.81,312.85,312.71,312.84,587
2026-07-06 19:59:00,312.65,312.85,312.65,312.65,937
2026-07-07 04:00:00,312.88,315.7992,312.7,313.04,31459
2026-07-07 04:01:00,313,315.64,312.78,313,5847
2026-07-07 04:03:00,314.03,315.5,314.03,314.76,5880
2026-07-07 04:04:00,314.74,315.93,313.07,313.43,11905
2026-07-07 04:05:00,313.26,315.86,312.74,313.13,15065
2026-07-07 04:06:00,313.16,314.96,312.96,313,4743
2026-07-07 04:07:00,313.34,313.38,312.89,312.89,787
2026-07-07 04:08:00,314.11,315.82,313.39,314.89,2664
2026-07-07 04:09:00,314.95,314.95,313.0724,313.4,364
2026-07-07 04:10:00,313.58,313.81,313.58,313.81,640
2026-07-07 04:11:00,313.92,313.99,313.79,313.79,3432
2026-07-07 04:12:00,313.85,313.85,313.79,313.79,1035
2026-07-07 04:13:00,313.72,313.72,313.68,313.69,1245
2026-07-07 04:14:00,313.69,313.87,313.68,313.87,3703
2026-07-07 04:17:00,313.74,313.74,313.74,313.74,58
2026-07-07 04:18:00,313.99,314.07,313.99,314.07,298
2026-07-07 04:23:00,314.25,314.36,314.25,314.36,165
2026-07-07 04:25:00,314.36,314.36,314.36,314.36,500
2026-07-07 04:26:00,314.4,314.4,314.36,314.36,513
2026-07-07 04:30:00,314.3,314.35,314.3,314.3,245
2026-07-07 04:31:00,314.27,314.5,314.27,314.5,1059
2026-07-07 04:32:00,314.4,314.4,314.4,314.4,40
2026-07-07 04:33:00,314.55,314.55,314.55,314.55,80
2026-07-07 04:34:00,314.33,314.33,314.33,314.33,53
2026-07-07 04:35:00,314.3,314.3,314.3,314.3,100
2026-07-07 04:36:00,314.34,314.34,314.29,314.29,279
2026-07-07 04:37:00,314.1339,314.1339,314.06,314.06,199
2026-07-07 04:38:00,314.15,314.15,314,314.1,376
2026-07-07 04:40:00,314.15,314.16,314.14,314.15,300
2026-07-07 04:41:00,314.08,314.08,314,314,182
2026-07-07 04:43:00,314,314,314,314,100
2026-07-07 04:45:00,314,314.07,314,314.07,188
2026-07-07 04:47:00,314.11,314.11,314.11,314.11,73
2026-07-07 04:49:00,314,314.04,313.97,314.04,804
2026-07-07 04:50:00,314.09,314.09,314.03,314.04,366
2026-07-07 04:52:00,314.0771,314.0771,314,314,650
2026-07-07 04:53:00,314.12,314.12,314.12,314.12,63
2026-07-07 04:57:00,314.13,314.13,314.13,314.13,50
2026-07-07 05:00:00,314.19,314.19,314.19,314.19,90
2026-07-07 05:01:00,314.16,314.16,314.12,314.12,913
2026-07-07 05:02:00,314,314.02,313.9,313.9,1655
2026-07-07 05:07:00,314.18,314.18,314.18,314.18,43
2026-07-07 05:08:00,314.24,314.24,314.16,314.16,80
2026-07-07 05:11:00,314.03,314.03,313.98,313.98,611
2026-07-07 05:13:00,314,314,313.87,314,413
2026-07-07 05:18:00,314.23,314.24,314.23,314.24,949
2026-07-07 05:20:00,314.39,314.39,314.39,314.39,306
2026-07-07 05:21:00,314.35,314.35,314.35,314.35,130
2026-07-07 05:26:00,314.35,314.35,314.35,314.35,63
2026-07-07 05:28:00,314.16,314.16,314.12,314.12,152
2026-07-07 05:31:00,314.39,314.53,314.39,314.51,410
2026-07-07 05:32:00,314.51,314.68,314.5,314.68,763
2026-07-07 05:33:00,314.51,314.51,314.4,314.41,290
2026-07-07 05:34:00,314.41,314.41,314.41,314.41,41
2026-07-07 05:35:00,314.42,314.65,314.42,314.6,1378
2026-07-07 05:36:00,314.73,314.8,314.73,314.78,293
2026-07-07 05:37:00,314.8,314.82,314.71,314.71,578
2026-07-07 05:38:00,314.72,314.86,314.7,314.7,4442
2026-07-07 05:40:00,314.73,314.74,314.7,314.74,543
2026-07-07 05:42:00,314.9543,314.9543,314.9543,314.9543,63
2026-07-07 05:43:00,314.95,314.95,314.59,314.59,666
2026-07-07 05:44:00,314.87,315.03,314.87,315,5602
2026-07-07 05:45:00,314.9968,315,314.9968,315,163
2026-07-07 05:46:00,314.98,315.06,314.98,315.06,963
2026-07-07 05:47:00,315,315,315,315,63
2026-07-07 05:48:00,314.91,314.91,314.9,314.91,315
2026-07-07 05:50:00,314.9906,314.9999,314.99,314.9999,278
2026-07-07 05:51:00,315,315,315,315,83
2026-07-07 05:52:00,315.04,315.04,315.04,315.04,90
2026-07-07 05:53:00,315.06,315.06,314.89,314.89,1271
2026-07-07 05:54:00,314.85,314.85,314.81,314.81,232
2026-07-07 05:55:00,314.8474,314.85,314.78,314.78,1190
2026-07-07 05:57:00,314.63,314.63,314.63,314.63,102
2026-07-07 05:58:00,314.65,314.65,314.55,314.55,1008
2026-07-07 05:59:00,314.58,314.58,314.56,314.56,246
2026-07-07 06:00:00,314.55,314.57,314.41,314.44,1840
2026-07-07 06:02:00,314.52,314.52,314.41,314.52,1790
2026-07-07 06:03:00,314.5,315.69,314.5,315.43,16726
2026-07-07 06:04:00,315.44,315.48,315.44,315.48,267
2026-07-07 06:05:00,315.23,315.5,315.2,315.2,156
2026-07-07 06:06:00,315.09,315.09,315.07,315.07,232
2026-07-07 06:07:00,314.79,314.79,314,314.67,3135
2026-07-07 06:08:00,314.79,314.8,314.25,314.25,215
2026-07-07 06:11:00,314.63,314.63,314.63,314.63,50
2026-07-07 06:12:00,314.88,315.2,314.88,314.9,735
2026-07-07 06:13:00,314.66,314.68,314.34,314.34,1677
2026-07-07 06:14:00,314.55,314.55,314.39,314.54,186
2026-07-07 06:15:00,314.55,314.55,314.55,314.55,175
2026-07-07 06:17:00,314.48,314.48,314.48,314.48,132
2026-07-07 06:18:00,314.55,314.55,314.39,314.41,335
2026-07-07 06:19:00,314.46,314.46,314.46,314.46,123
2026-07-07 06:20:00,314.47,314.47,314.47,314.47,110
2026-07-07 06:21:00,314.48,314.48,314.46,314.46,164
2026-07-07 06:22:00,314.45,314.55,314.45,314.55,740
2026-07-07 06:23:00,314.48,314.55,314.4,314.45,1173
2026-07-07 06:24:00,314.42,314.42,314.39,314.39,190
2026-07-07 06:25:00,314.32,314.32,314.32,314.32,124
2026-07-07 06:26:00,314.32,314.91,314.32,314.79,7486
2026-07-07 06:27:00,314.73,314.76,314.4898,314.49,1082
2026-07-07 06:28:00,314.43,314.43,314.43,314.43,78
2026-07-07 06:30:00,314.2633,314.3,314.2633,314.3,222
2026-07-07 06:35:00,314.5,314.5,314.5,314.5,210
2026-07-07 06:36:00,314.49,314.7,314.49,314.7,654
2026-07-07 06:37:00,314.58,314.58,314.5,314.57,170
2026-07-07 06:38:00,314.33,314.33,314.33,314.33,64
2026-07-07 06:39:00,314.49,314.6,314.49,314.6,150
2026-07-07 06:43:00,314.65,314.65,314.65,314.65,53
2026-07-07 06:46:00,314.61,314.61,314.61,314.61,300
2026-07-07 06:47:00,314.62,314.62,314.62,314.62,288
2026-07-07 06:49:00,314.74,314.74,314.74,314.74,126
2026-07-07 06:51:00,314.85,314.85,314.85,314.85,80
2026-07-07 06:52:00,314.61,314.62,314.42,314.42,1311
2026-07-07 06:53:00,314.33,314.33,314.33,314.33,323
2026-07-07 06:54:00,314.4,314.4,314.4,314.4,107
2026-07-07 06:55:00,314.37,314.37,314.36,314.36,245
2026-07-07 06:57:00,314.4,314.52,314.4,314.52,1821
2026-07-07 06:58:00,314.52,314.52,314.5,314.5,530
2026-07-07 07:00:00,314.45,314.6,314.31,314.52,3464
2026-07-07 07:01:00,314.68,314.68,314.68,314.68,90
2026-07-07 07:02:00,314.75,314.84,314.75,314.84,1748
2026-07-07 07:03:00,314.75,314.8127,314.75,314.7779,479
2026-07-07 07:04:00,314.8,314.81,314.8,314.8,2179
2026-07-07 07:05:00,314.81,314.84,314.81,314.84,1080
2026-07-07 07:06:00,314.85,314.85,314.77,314.8,798
2026-07-07 07:07:00,314.84,314.84,314.7769,314.7769,181
2026-07-07 07:08:00,314.8,314.84,314.74,314.84,818
2026-07-07 07:10:00,314.75,314.75,314.75,314.75,300
2026-07-07 07:11:00,314.73,314.82,314.71,314.79,653
2026-07-07 07:12:00,314.84,314.84,314.8,314.8,133
2026-07-07 07:14:00,314.8,314.83,314.7927,314.7927,459
2026-07-07 07:15:00,314.79,314.84,314.77,314.8047,16584
2026-07-07 07:16:00,314.84,314.84,314.7,314.74,884
2026-07-07 07:18:00,314.8127,314.8127,314.77,314.77,150
2026-07-07 07:19:00,314.79,314.79,314.6395,314.76,890
2026-07-07 07:20:00,314.74,314.83,314.74,314.8,364
2026-07-07 07:21:00,314.72,314.82,314.72,314.82,145
2026-07-07 07:22:00,314.74,314.82,314.73,314.82,350
2026-07-07 07:23:00,314.77,314.7896,314.75,314.7896,324
2026-07-07 07:24:00,314.75,314.82,314.75,314.82,161
2026-07-07 07:25:00,314.82,314.84,314.72,314.72,594
2026-07-07 07:26:00,314.81,314.84,314.81,314.82,401
2026-07-07 07:27:00,314.82,314.83,314.82,314.827,613
2026-07-07 07:29:00,314.84,314.84,314.84,314.84,46
2026-07-07 07:30:00,314.8388,314.8388,314.8388,314.8388,100
2026-07-07 07:31:00,314.75,314.75,314.75,314.75,100
2026-07-07 07:32:00,314.8,314.88,314.8,314.87,759
2026-07-07 07:33:00,314.89,314.99,314.89,314.99,325
2026-07-07 07:34:00,314.95,315.02,314.91,315,17881
2026-07-07 07:35:00,314.93,315.02,314.93,315,877
2026-07-07 07:36:00,314.92,315,314.92,315,145
2026-07-07 07:38:00,314.92,314.92,314.88,314.88,190
2026-07-07 07:39:00,314.87,314.91,314.87,314.91,252
2026-07-07 07:40:00,315,315.19,315,315.19,3301
2026-07-07 07:41:00,315.01,315.15,315.01,315.05,1443
2026-07-07 07:42:00,315.09,315.09,315.08,315.08,108
2026-07-07 07:43:00,315,315,314.89,314.89,693
2026-07-07 07:44:00,315.08,315.08,315,315,128
2026-07-07 07:45:00,314.97,315.13,314.97,315.13,746
2026-07-07 07:46:00,315.02,315.1247,315.02,315.06,442
2026-07-07 07:47:00,315.1294,315.1294,315.02,315.02,2382
2026-07-07 07:48:00,315.07,315.07,315.07,315.07,40
2026-07-07 07:49:00,315.0413,315.0413,314.81,314.81,870
2026-07-07 07:50:00,314.92,314.92,314.8342,314.9,1504
2026-07-07 07:51:00,314.82,314.9,314.75,314.75,748
2026-07-07 07:52:00,314.87,315,314.87,314.99,457
2026-07-07 07:53:00,314.82,314.82,314.82,314.82,49
2026-07-07 07:54:00,314.95,315.09,314.8,315,594
2026-07-07 07:55:00,315,315,315,315,400
2026-07-07 07:56:00,314.78,314.78,314.78,314.78,200
2026-07-07 07:57:00,315.05,315.05,314.78,315.05,283
2026-07-07 07:58:00,315,315.07,314.7967,314.99,491
2026-07-07 07:59:00,315.07,315.07,315.07,315.07,60
2026-07-07 08:00:00,315.006,315.1,314.96,315.1,634
2026-07-07 08:01:00,315,315.08,315,315.03,394
2026-07-07 08:02:00,315,315,315,315,50
2026-07-07 08:03:00,314.92,315.08,311.879,315.08,300
2026-07-07 08:04:00,315,315.0109,314.8,315.0109,528
2026-07-07 08:05:00,315.08,315.17,315,315.15,1233
2026-07-07 08:06:00,315.17,315.3,315.11,315.25,1842
2026-07-07 08:07:00,315.25,315.32,315.25,315.32,1111
2026-07-07 08:08:00,315.3435,315.4,315.1,315.28,4684
2026-07-07 08:09:00,315.17,315.3,315.17,315.28,675
2026-07-07 08:10:00,315.41,315.44,315.32,315.32,627
2026-07-07 08:11:00,315.32,315.32,315.25,315.25,707
2026-07-07 08:12:00,315.29,315.3,315.29,315.3,140
2026-07-07 08:13:00,315.34,315.35,315.2717,315.35,450
2026-07-07 08:14:00,315.4,315.4,315.34,315.39,1238
2026-07-07 08:15:00,315.325,315.43,315.325,315.4,2420
2026-07-07 08:16:00,315.45,315.49,315.41,315.49,463
2026-07-07 08:17:00,315.45,315.4982,315.4239,315.4982,741
2026-07-07 08:18:00,315.45,315.47,315.4,315.4,484
2026-07-07 08:19:00,315.42,315.45,315.4,315.4,792
2026-07-07 08:20:00,315.4383,315.4499,315.4383,315.4462,250
2026-07-07 08:21:00,315.36,315.45,315.36,315.4049,541
2026-07-07 08:22:00,315.41,315.48,315.34,315.39,564
2026-07-07 08:23:00,315.46,315.4881,315.41,315.42,460
2026-07-07 08:24:00,315.48,315.4873,315.48,315.4873,125
2026-07-07 08:25:00,315.4217,315.4217,315.4217,315.4217,50
2026-07-07 08:26:00,315.42,315.42,315.29,315.38,967
2026-07-07 08:27:00,315.34,315.41,315,315,4360
2026-07-07 08:28:00,314.78,315.25,314.78,315.25,3029
2026-07-07 08:29:00,315,315,314.826,314.9606,560
2026-07-07 08:30:00,314.9,314.9621,314.8513,314.9,519
2026-07-07 08:31:00,314.85,315,314.85,315,1277
2026-07-07 08:32:00,314.9999,315,314.83,314.85,3349
2026-07-07 08:33:00,314.89,315,314.85,314.99,1252
2026-07-07 08:34:00,315,315,315,315,100
2026-07-07 08:35:00,314.9,314.99,314.9,314.99,118
2026-07-07 08:36:00,315,315.03,315,315.03,1320
2026-07-07 08:37:00,315.03,315.03,314.91,315,1484
2026-07-07 08:38:00,315,315.2066,314.91,315.03,5490
2026-07-07 08:39:00,315.1028,315.1028,314.93,314.93,4249
2026-07-07 08:40:00,314.97,315.14,314.97,315.14,973
2026-07-07 08:41:00,314.94,314.98,314.8,314.87,1863
2026-07-07 08:42:00,314.8526,314.88,314.8526,314.88,584
2026-07-07 08:43:00,314.85,314.85,314.75,314.75,540
2026-07-07 08:44:00,314.92,314.93,314.77,314.77,176
2026-07-07 08:45:00,314.78,314.95,314.78,314.92,780
2026-07-07 08:46:00,314.9361,314.9361,314.75,314.75,226
2026-07-07 08:47:00,314.94,314.99,314.93,314.99,811
2026-07-07 08:48:00,314.99,315,314.9,314.9,433
2026-07-07 08:49:00,314.88,314.9,314.88,314.9,321
2026-07-07 08:50:00,315,315,314.9556,314.9556,366
2026-07-07 08:51:00,314.8,314.96,314.76,314.96,705
2026-07-07 08:52:00,314.8,314.8,314.8,314.8,91
2026-07-07 08:53:00,314.8533,314.8533,314.8533,314.8533,300
2026-07-07 08:54:00,314.76,314.81,314.76,314.81,94
2026-07-07 08:55:00,314.8,314.8,314.8,314.8,141
2026-07-07 08:56:00,314.85,314.8513,314.85,314.85,222
2026-07-07 08:57:00,314.99,315.12,314.99,315.08,3940
2026-07-07 08:58:00,315.07,315.15,315.07,315.07,316
2026-07-07 08:59:00,315,315.14,315,315.14,238
2026-07-07 09:00:00,315.03,315.15,315.023,315.15,524
2026-07-07 09:01:00,315.1305,315.1305,315.1305,315.1305,250
2026-07-07 09:02:00,315.1,315.1,315.03,315.1,648
2026-07-07 09:03:00,315.1,315.27,315.01,315.0219,10315
2026-07-07 09:04:00,315.0262,315.116,315.0262,315.03,291
2026-07-07 09:05:00,315.0267,315.08,315.0267,315.0785,942
2026-07-07 09:06:00,315.03,315.15,315.01,315.15,1446
2026-07-07 09:07:00,315.17,315.25,314.99,315.25,1195
2026-07-07 09:08:00,315.24,315.27,315.24,315.24,1486
2026-07-07 09:09:00,315.2699,315.37,315.2,315.2,3361
2026-07-07 09:10:00,315.18,315.3636,315.15,315.3636,295
2026-07-07 09:11:00,315.27,315.3,315.12,315.29,847
2026-07-07 09:12:00,315.29,315.29,315.2,315.2,760
2026-07-07 09:13:00,315.29,315.2935,315.213,315.29,2845
2026-07-07 09:14:00,315.28,315.29,315.28,315.29,153
2026-07-07 09:15:00,315.29,315.29,315.27,315.29,604
2026-07-07 09:16:00,315.25,315.2996,315.15,315.2,927
2026-07-07 09:17:00,315.1744,315.21,315.13,315.21,1073
2026-07-07 09:18:00,315.15,315.15,315.0347,315.09,1801
2026-07-07 09:19:00,315.1,315.15,315.1,315.15,695
2026-07-07 09:20:00,315.0883,315.15,315.03,315.15,1935
2026-07-07 09:21:00,315.13,315.15,315.03,315.1,2066
2026-07-07 09:22:00,315.1,315.1,314.9,314.95,3446
2026-07-07 09:23:00,314.94,315.05,314.82,314.83,3460
2026-07-07 09:24:00,314.87,314.89,314.76,314.89,6240
2026-07-07 09:25:00,314.75,315.13,314.13,314.58,12300
2026-07-07 09:26:00,314.77,315.13,314.75,315.1139,6205
2026-07-07 09:27:00,315.116,315.68,314.67,314.69,17922
2026-07-07 09:28:00,315,315.44,314.9,315.29,11341
2026-07-07 09:29:00,315.04,315.3,315.01,315.18,15519
2026-07-07 09:30:00,315.29,315.4,312.785,314.665,1037987
2026-07-07 09:31:00,314.71,315.48,314.35,314.935,190459
2026-07-07 09:32:00,314.935,315.105,314.5,314.8,135198
2026-07-07 09:33:00,314.77,314.79,314.1,314.11,120563
2026-07-07 09:34:00,314.07,314.18,312.81,312.98,121869
2026-07-07 09:35:00,312.96,313.45,312.86,313.005,181213
2026-07-07 09:36:00,313,313.34,312.69,312.76,155721
2026-07-07 09:37:00,312.735,312.76,311.81,312.08,240256
2026-07-07 09:38:00,312.1,312.5,310.54,310.62,200696
2026-07-07 09:39:00,310.58,311.45,310.15,311.27,163127
2026-07-07 09:40:00,311.249,312.25,311.21,312.145,107150
2026-07-07 09:41:00,312.145,312.74,312.12,312.3499,127696
2026-07-07 09:42:00,312.305,312.71,311.73,312.4,114537
2026-07-07 09:43:00,312.46,312.73,311.99,312.07,94185
2026-07-07 09:44:00,311.97,312.2999,311.89,312.09,92734
2026-07-07 09:45:00,312.07,312.1,311.52,311.82,91967
2026-07-07 09:46:00,311.805,312.15,311.66,311.705,86589
2026-07-07 09:47:00,311.69,311.89,311.57,311.575,63458
2026-07-07 09:48:00,311.61,312.11,311.57,311.795,58432
2026-07-07 09:49:00,311.79,312.3,311.77,311.87,80535
2026-07-07 09:50:00,311.84,312.65,311.75,312.45,86142
2026-07-07 09:51:00,312.5,312.83,312.25,312.57,82020
2026-07-07 09:52:00,312.57,312.69,312.03,312.055,46658
2026-07-07 09:53:00,312.03,312.16,311.85,312.01,53907
2026-07-07 09:54:00,311.99,312.01,311.5,311.51,93439
2026-07-07 09:55:00,311.52,311.56,311.16,311.43,63763
2026-07-07 09:56:00,311.43,311.57,311.22,311.42,104085
2026-07-07 09:57:00,311.4,311.6,311.16,311.41,87185
2026-07-07 09:58:00,311.395,311.57,311.235,311.29,52348
2026-07-07 09:59:00,311.29,311.68,311.1,311.57,87595
2026-07-07 10:00:00,311.6,311.665,311.13,311.155,102173
2026-07-07 10:01:00,311.13,311.68,311.09,311.45,108721
2026-07-07 10:02:00,311.49,311.73,311.19,311.3,66313
2026-07-07 10:03:00,311.2421,311.56,311.17,311.3765,77401
2026-07-07 10:04:00,311.36,311.57,311.29,311.5,63606
2026-07-07 10:05:00,311.51,311.89,311.45,311.8087,80286
2026-07-07 10:06:00,311.8132,312.105,311.7101,312.07,152302
2026-07-07 10:07:00,312.065,312.16,311.78,312.1,65488
2026-07-07 10:08:00,312.14,312.33,311.92,312.12,68500
2026-07-07 10:09:00,312.15,312.22,311.71,312.12,66336
2026-07-07 10:10:00,312.12,312.5499,312.11,312.175,78312
2026-07-07 10:11:00,312.175,312.29,311.81,311.9899,93201
2026-07-07 10:12:00,311.98,312.03,311.58,311.6399,55205
2026-07-07 10:13:00,311.64,311.8,311.37,311.39,72953
2026-07-07 10:14:00,311.3892,311.92,311.35,311.87,156564
2026-07-07 10:15:00,311.8601,312.1,311.51,312.07,118738
2026-07-07 10:16:00,312.104,312.265,311.64,311.84,75171
2026-07-07 10:17:00,311.84,312.13,311.8,312.035,43433
2026-07-07 10:18:00,312.035,312.06,311.62,311.735,107529
2026-07-07 10:19:00,311.73,311.86,311.56,311.66,76384
2026-07-07 10:20:00,311.6599,312.06,311.625,311.88,71683
2026-07-07 10:21:00,311.84,311.91,311.7055,311.84,67081
2026-07-07 10:22:00,311.85,311.95,311.71,311.87,81836
2026-07-07 10:23:00,311.84,312.106,311.701,311.86,75403
2026-07-07 10:24:00,311.87,312.005,311.25,311.28,197385
2026-07-07 10:25:00,311.33,311.86,311.2205,311.57,139749
2026-07-07 10:26:00,311.6,311.69,311.29,311.5066,168133
2026-07-07 10:27:00,311.505,311.57,311.19,311.38,110550
2026-07-07 10:28:00,311.375,311.735,311.26,311.658,68327
2026-07-07 10:29:00,311.67,311.73,311.33,311.46,62260
2026-07-07 10:30:00,311.45,311.51,310.97,311.31,68679
2026-07-07 10:31:00,311.33,311.55,311.165,311.55,41296
2026-07-07 10:32:00,311.59,311.72,311.27,311.525,82900
2026-07-07 10:33:00,311.53,311.88,311.39,311.865,53434
2026-07-07 10:34:00,311.865,312.36,311.82,312.345,115534
2026-07-07 10:35:00,312.33,312.7289,312.21,312.585,79653
2026-07-07 10:36:00,312.62,312.9,312.45,312.875,115355
2026-07-07 10:37:00,312.84,313.33,312.72,313.07,193069
2026-07-07 10:38:00,313.03,313.38,312.81,313.11,150176
2026-07-07 10:39:00,313.0808,313.29,312.85,312.985,139021
2026-07-07 10:40:00,313.01,313.09,312.7637,312.855,162072
2026-07-07 10:41:00,312.86,313.43,312.815,313.14,128719
2026-07-07 10:42:00,313.14,313.14,312.515,312.585,187253
2026-07-07 10:43:00,312.583,313.06,312.24,312.79,94391
2026-07-07 10:44:00,312.82,312.99,312.46,312.57,89676
2026-07-07 10:45:00,312.58,312.625,312.17,312.39,61137
2026-07-07 10:46:00,312.36,312.83,312.355,312.72,75291
2026-07-07 10:47:00,312.73,313.02,312.6701,312.79,43289
2026-07-07 10:48:00,312.78,312.88,312.6,312.71,35262
2026-07-07 10:49:00,312.7,312.92,312.6115,312.6115,71704
2026-07-07 10:50:00,312.625,312.97,312.6,312.86,83204
2026-07-07 10:51:00,312.87,312.89,312.54,312.735,38158
2026-07-07 10:52:00,312.76,312.81,312.57,312.58,34364
2026-07-07 10:53:00,312.58,312.58,312.01,312.19,57315
2026-07-07 10:54:00,312.16,312.565,312.15,312.365,49071
2026-07-07 10:55:00,312.36,312.55,312.2619,312.53,51764
2026-07-07 10:56:00,312.53,313,312.45,312.9,62252
2026-07-07 10:57:00,312.91,312.96,312.68,312.695,33072
2026-07-07 10:58:00,312.69,312.72,312.53,312.65,40404
2026-07-07 10:59:00,312.655,312.92,312.6,312.78,36320
2026-07-07 11:00:00,312.805,312.83,312.67,312.83,53611
2026-07-07 11:01:00,312.85,313.1,312.85,313.04,40081
2026-07-07 11:02:00,313.02,313.1799,312.85,313.12,58267
2026-07-07 11:03:00,313.13,313.22,313.06,313.1261,47269
2026-07-07 11:04:00,313.07,313.15,312.99,313.0611,36331
2026-07-07 11:05:00,313.055,313.41,313.01,313.385,45722
2026-07-07 11:06:00,313.4,313.88,313.4,313.58,116930
2026-07-07 11:07:00,313.6,313.61,313.04,313.13,84984
2026-07-07 11:08:00,313.13,313.39,313.04,313.32,33931
2026-07-07 11:09:00,313.33,313.38,313.06,313.23,62952
2026-07-07 11:10:00,313.23,313.38,313.151,313.151,38738
2026-07-07 11:11:00,313.14,313.28,313.048,313.22,54094
2026-07-07 11:12:00,313.23,313.535,313.23,313.48,37912
2026-07-07 11:13:00,313.4725,313.4999,313.23,313.358,31960
2026-07-07 11:14:00,313.35,313.4,313.2601,313.32,33280
2026-07-07 11:15:00,313.325,313.38,313.1401,313.26,59130
2026-07-07 11:16:00,313.27,313.5,313.17,313.465,48576
2026-07-07 11:17:00,313.4601,313.57,313.41,313.44,39045
2026-07-07 11:18:00,313.445,313.55,313.35,313.54,49746
2026-07-07 11:19:00,313.54,313.65,313.5,313.61,40484
2026-07-07 11:20:00,313.62,313.83,313.62,313.81,42390
2026-07-07 11:21:00,313.8105,313.9,313.58,313.64,118148
2026-07-07 11:22:00,313.65,313.8525,313.64,313.81,79568
2026-07-07 11:23:00,313.81,313.96,313.7709,313.955,153442
2026-07-07 11:24:00,313.955,314.13,313.67,313.74,173921
2026-07-07 11:25:00,313.75,313.76,313.43,313.51,67611
2026-07-07 11:26:00,313.5,314.02,313.5,313.8901,60001
2026-07-07 11:27:00,313.91,314.08,313.8824,313.99,53882
2026-07-07 11:28:00,313.985,314.05,313.91,314.05,51463
2026-07-07 11:29:00,314.05,314.1,313.95,314.08,54120
2026-07-07 11:30:00,314.1025,314.15,313.9301,314.045,65815
2026-07-07 11:31:00,314.04,314.09,313.93,313.945,81657
2026-07-07 11:32:00,313.945,314.01,313.74,313.805,63347
2026-07-07 11:33:00,313.82,314,313.79,313.965,38276
2026-07-07 11:34:00,313.97,314.02,313.92,313.966,49634
2026-07-07 11:35:00,313.97,314.24,313.94,314.19,70436
2026-07-07 11:36:00,314.17,314.22,313.92,314.015,128473
2026-07-07 11:37:00,314.03,314.07,313.9,313.95,90115
2026-07-07 11:38:00,313.96,314.14,313.94,314.13,31058
2026-07-07 11:39:00,314.13,314.17,313.98,314.0722,40300
2026-07-07 11:40:00,314.08,314.37,314.03,314.14,66014
2026-07-07 11:41:00,314.135,314.315,314.125,314.14,42478
2026-07-07 11:42:00,314.14,314.2751,314.02,314.07,57874
2026-07-07 11:43:00,314.06,314.35,314.0465,314.28,86872
2026-07-07 11:44:00,314.28,314.42,314.28,314.39,81674
2026-07-07 11:45:00,314.3701,314.59,314.3701,314.59,87060
2026-07-07 11:46:00,314.585,314.6899,314.42,314.45,50450
2026-07-07 11:47:00,314.4551,314.61,314.44,314.605,46089
2026-07-07 11:48:00,314.62,314.73,314.39,314.57,80442
2026-07-07 11:49:00,314.57,314.62,314.33,314.345,56829
2026-07-07 11:50:00,314.34,314.56,314.32,314.56,41425
2026-07-07 11:51:00,314.56,314.64,314.4671,314.5,41684
2026-07-07 11:52:00,314.5,314.5251,314.32,314.4585,51025
2026-07-07 11:53:00,314.45,314.45,314.25,314.3725,45449
2026-07-07 11:54:00,314.385,314.42,314.2606,314.27,54868
2026-07-07 11:55:00,314.265,314.45,314.2601,314.36,53517
2026-07-07 11:56:00,314.355,314.4499,314.33,314.39,43750
2026-07-07 11:57:00,314.39,314.505,314.37,314.48,48719
2026-07-07 11:58:00,314.49,314.499,314.31,314.3218,55544
2026-07-07 11:59:00,314.315,314.35,314.14,314.29,94346
2026-07-07 12:00:00,314.27,314.35,314.09,314.2,52938
2026-07-07 12:01:00,314.2,314.22,313.875,314.07,97300
2026-07-07 12:02:00,314.075,314.165,314.01,314.07,56859
2026-07-07 12:03:00,314.085,314.24,314.06,314.22,43839
2026-07-07 12:04:00,314.22,314.37,314.2,314.25,52724
2026-07-07 12:05:00,314.26,314.26,314,314.055,69585
2026-07-07 12:06:00,314.07,314.1,313.52,313.5411,122632
2026-07-07 12:07:00,313.535,313.86,313.47,313.83,98735
2026-07-07 12:08:00,313.84,313.95,313.56,313.7201,130837
2026-07-07 12:09:00,313.72,313.86,313.69,313.84,24753
2026-07-07 12:10:00,313.84,313.85,313.465,313.5,52854
2026-07-07 12:11:00,313.48,313.57,313.31,313.57,69408
2026-07-07 12:12:00,313.565,313.62,313.38,313.4964,53982
2026-07-07 12:13:00,313.495,313.53,313.26,313.315,59650
2026-07-07 12:14:00,313.3299,313.3753,313.12,313.12,47731
2026-07-07 12:15:00,313.12,313.23,312.82,312.82,79408
2026-07-07 12:16:00,312.83,312.8681,312.685,312.8,53895
2026-07-07 12:17:00,312.79,313.626,312.68,313.52,151579
2026-07-07 12:18:00,313.53,313.94,313.35,313.87,162802
2026-07-07 12:19:00,313.87,314.06,313.66,313.745,153508
2026-07-07 12:20:00,313.74,313.82,313.55,313.705,96190
2026-07-07 12:21:00,313.705,313.73,313.03,313.175,169203
2026-07-07 12:22:00,313.2,313.2099,313,313.14,63816
2026-07-07 12:23:00,313.14,313.3299,313.14,313.15,37878
2026-07-07 12:24:00,313.1412,313.3738,313.12,313.33,33508
2026-07-07 12:25:00,313.3,313.46,313.275,313.2899,34664
2026-07-07 12:26:00,313.275,313.37,313.17,313.3,42238
2026-07-07 12:27:00,313.3,313.34,313.055,313.1135,40501
2026-07-07 12:28:00,313.085,313.17,313.02,313.14,44402
2026-07-07 12:29:00,313.16,313.1739,313.03,313.16,33094
2026-07-07 12:30:00,313.15,313.255,313.075,313.15,27912
2026-07-07 12:31:00,313.1301,313.18,312.942,312.985,45613
2026-07-07 12:32:00,312.97,312.99,312.78,312.91,81613
2026-07-07 12:33:00,312.89,312.99,312.79,312.99,34074
2026-07-07 12:34:00,312.975,313,312.85,312.9896,40503
2026-07-07 12:35:00,312.9793,313.085,312.91,313.05,49747
2026-07-07 12:36:00,313.05,313.2792,313.04,313.14,32512
2026-07-07 12:37:00,313.1405,313.35,313.09,313.315,27983
2026-07-07 12:38:00,313.3119,313.3999,313.29,313.35,28953
2026-07-07 12:39:00,313.35,313.84,313.32,313.8101,47979
2026-07-07 12:40:00,313.84,313.91,313.79,313.875,40152
2026-07-07 12:41:00,313.87,313.9,313.73,313.75,40704
2026-07-07 12:42:00,313.7501,313.85,313.59,313.6414,46102
2026-07-07 12:43:00,313.65,313.73,313.6,313.66,23387
2026-07-07 12:44:00,313.66,313.66,313.54,313.615,43007
2026-07-07 12:45:00,313.63,313.67,313.54,313.6301,25340
2026-07-07 12:46:00,313.6421,313.88,313.64,313.8,35294
2026-07-07 12:47:00,313.8,313.83,313.68,313.7,34372
2026-07-07 12:48:00,313.7,313.87,313.69,313.84,30665
2026-07-07 12:49:00,313.83,313.9,313.79,313.86,27574
2026-07-07 12:50:00,313.86,313.89,313.75,313.75,59635
2026-07-07 12:51:00,313.76,313.92,313.75,313.795,51041
2026-07-07 12:52:00,313.7701,313.91,313.74,313.79,35269
2026-07-07 12:53:00,313.79,313.8,313.72,313.74,21823
2026-07-07 12:54:00,313.73,313.78,313.71,313.74,31932
2026-07-07 12:55:00,313.75,313.84,313.69,313.81,33399
2026-07-07 12:56:00,313.81,314.02,313.76,313.85,39134
2026-07-07 12:57:00,313.84,313.92,313.8,313.81,25396
2026-07-07 12:58:00,313.79,313.82,313.68,313.745,36224
2026-07-07 12:59:00,313.74,313.75,313.61,313.61,31893
2026-07-07 13:00:00,313.61,313.62,313.43,313.4599,73631
2026-07-07 13:01:00,313.44,313.51,313.3501,313.405,28931
2026-07-07 13:02:00,313.39,313.46,313.37,313.3899,28708
2026-07-07 13:03:00,313.38,313.43,313.1,313.115,46550
2026-07-07 13:04:00,313.1299,313.28,313.115,313.17,28994
2026-07-07 13:05:00,313.18,313.1979,312.95,313.1658,64504
2026-07-07 13:06:00,313.17,313.24,313.0088,313.07,65454
2026-07-07 13:07:00,313.07,313.1187,312.735,312.775,83637
2026-07-07 13:08:00,312.7601,312.83,312.6301,312.79,33316
2026-07-07 13:09:00,312.8,312.83,312.4,312.42,41686
2026-07-07 13:10:00,312.4,312.53,312.2701,312.4,94174
2026-07-07 13:11:00,312.41,312.89,312.41,312.87,55578
2026-07-07 13:12:00,312.88,312.9,312.68,312.76,38986
2026-07-07 13:13:00,312.73,312.77,312.5601,312.72,36878
2026-07-07 13:14:00,312.72,312.83,312.69,312.805,24382
2026-07-07 13:15:00,312.805,312.8998,312.74,312.84,44843
2026-07-07 13:16:00,312.84,312.86,312.73,312.8,26120
2026-07-07 13:17:00,312.775,312.85,312.7,312.82,34635
2026-07-07 13:18:00,312.82,312.94,312.815,312.8801,16250
2026-07-07 13:19:00,312.8916,313.005,312.845,313.005,16007
2026-07-07 13:20:00,313.005,313.24,312.99,313.03,49484
2026-07-07 13:21:00,313.0257,313.06,312.89,312.98,33509
2026-07-07 13:22:00,312.98,313,312.8301,312.8601,26697
2026-07-07 13:23:00,312.86,312.9772,312.83,312.97,36732
2026-07-07 13:24:00,312.975,312.975,312.77,312.79,72704
2026-07-07 13:25:00,312.7801,312.95,312.77,312.95,35620
2026-07-07 13:26:00,312.94,312.97,312.82,312.925,23265
2026-07-07 13:27:00,312.915,313.02,312.85,312.905,32226
2026-07-07 13:28:00,312.9174,312.9174,312.75,312.8,41275
2026-07-07 13:29:00,312.8,312.91,312.8,312.825,16604
2026-07-07 13:30:00,312.82,313,312.82,312.935,54516
2026-07-07 13:31:00,312.92,312.94,312.82,312.89,21469
2026-07-07 13:32:00,312.9,312.92,312.675,312.77,26202
2026-07-07 13:33:00,312.77,312.78,312.7,312.75,34310
2026-07-07 13:34:00,312.75,312.82,312.72,312.8,31032
2026-07-07 13:35:00,312.8,312.8028,312.63,312.7199,36110
2026-07-07 13:36:00,312.71,312.75,312.6981,312.6981,26044
2026-07-07 13:37:00,312.7,312.7895,312.625,312.695,24516
2026-07-07 13:38:00,312.695,312.88,312.695,312.77,33087
2026-07-07 13:39:00,312.7999,312.83,312.71,312.75,22909
2026-07-07 13:40:00,312.75,312.805,312.74,312.7744,19705
2026-07-07 13:41:00,312.7815,312.84,312.74,312.78,21552
2026-07-07 13:42:00,312.78,312.78,312.615,312.7,48251
2026-07-07 13:43:00,312.695,312.7099,312.575,312.575,31234
2026-07-07 13:44:00,312.59,312.755,312.56,312.72,38857
2026-07-07 13:45:00,312.72,312.79,312.64,312.76,34679
2026-07-07 13:46:00,312.75,312.81,312.67,312.79,33799
2026-07-07 13:47:00,312.81,312.94,312.78,312.9201,26152
2026-07-07 13:48:00,312.935,312.935,312.76,312.785,26998
2026-07-07 13:49:00,312.78,312.805,312.5401,312.5475,40338
2026-07-07 13:50:00,312.5444,312.73,312.46,312.72,79867
2026-07-07 13:51:00,312.72,312.745,312.62,312.67,17851
2026-07-07 13:52:00,312.665,312.67,312.52,312.54,19376
2026-07-07 13:53:00,312.53,312.58,312.24,312.25,59734
2026-07-07 13:54:00,312.255,312.3259,312.16,312.26,26428
2026-07-07 13:55:00,312.24,312.2899,312.1801,312.185,15468
2026-07-07 13:56:00,312.185,312.23,312.13,312.14,18523
2026-07-07 13:57:00,312.1458,312.245,312.11,312.21,23352
2026-07-07 13:58:00,312.215,312.28,312.11,312.14,16047
2026-07-07 13:59:00,312.135,312.1499,311.8699,311.89,50220
2026-07-07 14:00:00,311.87,312.14,311.86,312.0401,51053
2026-07-07 14:01:00,312.05,312.0995,311.915,311.955,45501
2026-07-07 14:02:00,311.9525,312.145,311.85,312.13,34231
2026-07-07 14:03:00,312.14,312.3,312.1279,312.275,49087
2026-07-07 14:04:00,312.29,312.305,312.12,312.17,28425
2026-07-07 14:05:00,312.1713,312.22,312.11,312.165,33772
2026-07-07 14:06:00,312.15,312.24,312.061,312.22,42529
2026-07-07 14:07:00,312.24,312.33,312.03,312.0715,54576
2026-07-07 14:08:00,312.09,312.24,312,312.115,101514
2026-07-07 14:09:00,312.115,312.215,312.02,312.055,43232
2026-07-07 14:10:00,312.08,312.23,312.01,312.115,50277
2026-07-07 14:11:00,312.115,312.28,312.09,312.265,32150
2026-07-07 14:12:00,312.24,312.42,312.16,312.37,72677
2026-07-07 14:13:00,312.35,312.39,312.2401,312.29,35302
2026-07-07 14:14:00,312.3,312.34,312.15,312.165,38085
2026-07-07 14:15:00,312.165,312.23,312.09,312.17,33346
2026-07-07 14:16:00,312.17,312.225,312.06,312.19,21526
2026-07-07 14:17:00,312.19,312.29,312.14,312.19,27760
2026-07-07 14:18:00,312.2,312.3,312.1701,312.23,21971
2026-07-07 14:19:00,312.22,312.24,312.01,312.12,41683
2026-07-07 14:20:00,312.12,312.16,312.05,312.09,27345
2026-07-07 14:21:00,312.1,312.115,311.96,311.99,29811
2026-07-07 14:22:00,312,312.075,311.99,312.065,44552
2026-07-07 14:23:00,312.065,312.11,311.93,312.11,23946
2026-07-07 14:24:00,312.1,312.21,312.0949,312.12,44960
2026-07-07 14:25:00,312.15,312.3,312.1001,312.295,38508
2026-07-07 14:26:00,312.305,312.37,312.11,312.36,53674
2026-07-07 14:27:00,312.35,312.58,312.345,312.58,39300
2026-07-07 14:28:00,312.575,312.58,312.5,312.53,27830
2026-07-07 14:29:00,312.54,312.72,312.52,312.6192,39124
2026-07-07 14:30:00,312.62,312.64,312.3,312.501,89777
2026-07-07 14:31:00,312.51,312.74,312.41,312.64,39825
2026-07-07 14:32:00,312.64,312.72,312.61,312.66,25396
2026-07-07 14:33:00,312.66,312.7754,312.61,312.765,15879
2026-07-07 14:34:00,312.775,312.79,312.58,312.595,31072
2026-07-07 14:35:00,312.59,312.7896,312.59,312.7,48394
2026-07-07 14:36:00,312.705,312.7999,312.67,312.73,42914
2026-07-07 14:37:00,312.73,312.85,312.7,312.77,31832
2026-07-07 14:38:00,312.7601,312.83,312.73,312.815,26960
2026-07-07 14:39:00,312.82,312.8401,312.67,312.78,29139
2026-07-07 14:40:00,312.78,312.84,312.545,312.55,37270
2026-07-07 14:41:00,312.55,312.69,312.5,312.65,31019
2026-07-07 14:42:00,312.6472,312.92,312.61,312.91,54219
2026-07-07 14:43:00,312.91,313.18,312.91,313.15,67709
2026-07-07 14:44:00,313.145,313.1699,313,313.035,58758
2026-07-07 14:45:00,313.04,313.08,312.95,312.9651,25428
2026-07-07 14:46:00,312.965,312.99,312.75,312.84,67922
2026-07-07 14:47:00,312.86,312.915,312.815,312.8701,33457
2026-07-07 14:48:00,312.87,312.87,312.77,312.82,31628
2026-07-07 14:49:00,312.8,312.9,312.62,312.8601,79182
2026-07-07 14:50:00,312.88,313,312.85,312.8755,46947
2026-07-07 14:51:00,312.88,312.88,312.75,312.86,31462
2026-07-07 14:52:00,312.855,312.87,312.545,312.58,85084
2026-07-07 14:53:00,312.57,312.68,312.52,312.585,79094
2026-07-07 14:54:00,312.585,312.7,312.2,312.215,55483
2026-07-07 14:55:00,312.2,312.5814,312.09,312.58,50390
2026-07-07 14:56:00,312.59,312.59,312.18,312.225,46599
2026-07-07 14:57:00,312.225,312.439,311.92,311.96,92880
2026-07-07 14:58:00,311.95,312.06,311.85,311.925,68677
2026-07-07 14:59:00,311.93,312.11,311.87,312.005,47698
2026-07-07 15:00:00,312.03,312.08,311.84,311.91,43210
2026-07-07 15:01:00,311.905,312.28,311.675,312.235,117720
2026-07-07 15:02:00,312.235,312.49,312.22,312.48,66382
2026-07-07 15:03:00,312.48,312.51,312.37,312.43,29227
2026-07-07 15:04:00,312.43,312.44,312.235,312.26,61910
2026-07-07 15:05:00,312.27,312.27,311.94,312.015,70958
2026-07-07 15:06:00,312.015,312.03,311.84,311.935,88887
2026-07-07 15:07:00,311.935,311.98,311.6701,311.85,99146
2026-07-07 15:08:00,311.87,311.87,311.751,311.83,40499
2026-07-07 15:09:00,311.84,311.84,311.64,311.7,46403
2026-07-07 15:10:00,311.7,311.72,311.58,311.7,83081
2026-07-07 15:11:00,311.7,311.77,311.6743,311.69,58519
2026-07-07 15:12:00,311.69,311.75,311.6,311.685,40051
2026-07-07 15:13:00,311.6953,311.71,311.56,311.635,54636
2026-07-07 15:14:00,311.635,311.88,311.58,311.8799,71746
2026-07-07 15:15:00,311.88,311.88,311.67,311.675,64261
2026-07-07 15:16:00,311.6601,311.79,311.565,311.72,51194
2026-07-07 15:17:00,311.73,311.86,311.66,311.82,44048
2026-07-07 15:18:00,311.83,311.85,311.57,311.73,58557
2026-07-07 15:19:00,311.72,311.83,311.56,311.79,62628
2026-07-07 15:20:00,311.79,311.99,311.78,311.94,67413
2026-07-07 15:21:00,311.95,312.06,311.92,312.04,62820
2026-07-07 15:22:00,312.04,312.11,311.89,312.065,56407
2026-07-07 15:23:00,312.06,312.07,311.91,312.0027,47004
2026-07-07 15:24:00,312.01,312.2129,311.99,312.21,44201
2026-07-07 15:25:00,312.215,312.26,312.05,312.07,55396
2026-07-07 15:26:00,312.08,312.24,312.06,312.16,47850
2026-07-07 15:27:00,312.16,312.19,312.04,312.1,55510
2026-07-07 15:28:00,312.105,312.27,312.1,312.195,37822
2026-07-07 15:29:00,312.195,312.195,311.82,311.895,65925
2026-07-07 15:30:00,311.9,312.13,311.9,312.03,61063
2026-07-07 15:31:00,312.05,312.3,312.03,312.2999,46916
2026-07-07 15:32:00,312.3,312.32,312.05,312.13,61094
2026-07-07 15:33:00,312.125,312.125,312.01,312.1,47290
2026-07-07 15:34:00,312.1,312.19,312.04,312.105,48533
2026-07-07 15:35:00,312.105,312.28,312.08,312.1999,80659
2026-07-07 15:36:00,312.195,312.29,312.13,312.265,42344
2026-07-07 15:37:00,312.265,312.27,312.15,312.175,48942
2026-07-07 15:38:00,312.175,312.18,311.6901,311.835,84706
2026-07-07 15:39:00,311.84,311.97,311.7801,311.8994,57716
2026-07-07 15:40:00,311.9,312.02,311.75,311.78,61608
2026-07-07 15:41:00,311.8,311.8,311.64,311.755,52013
2026-07-07 15:42:00,311.75,311.7564,311.6,311.64,55463
2026-07-07 15:43:00,311.64,311.71,311.555,311.605,46050
2026-07-07 15:44:00,311.61,311.75,311.6,311.725,55268
2026-07-07 15:45:00,311.725,312.0785,311.68,312.03,75869
2026-07-07 15:46:00,312.03,312.05,311.72,311.74,52471
2026-07-07 15:47:00,311.72,311.755,311.52,311.635,56137
2026-07-07 15:48:00,311.635,311.74,311.53,311.72,49061
2026-07-07 15:49:00,311.715,311.805,311.71,311.7799,53675
2026-07-07 15:50:00,311.78,311.94,311.49,311.55,107998
2026-07-07 15:51:00,311.55,311.62,311.39,311.54,74554
2026-07-07 15:52:00,311.53,311.5399,311.33,311.44,67760
2026-07-07 15:53:00,311.46,311.64,311.4,311.58,57003
2026-07-07 15:54:00,311.58,311.67,311.33,311.51,112630
2026-07-07 15:55:00,311.495,311.52,310.76,311.07,305883
2026-07-07 15:56:00,311.07,311.28,310.96,311.2225,160350
2026-07-07 15:57:00,311.225,311.2899,310.92,311.065,221856
2026-07-07 15:58:00,311.06,311.22,310.93,311.16,303857
2026-07-07 15:59:00,311.16,311.16,310.29,310.65,830101
2026-07-07 16:00:00,310.68,311.4,310.66,311.4,6248479
2026-07-07 16:01:00,311.24,311.24,311.03,311.13,2064
2026-07-07 16:02:00,311.1,311.2001,311.1,311.2,3031
2026-07-07 16:03:00,311.22,313.14,311.05,311.16,8968
2026-07-07 16:04:00,311.01,311.02,311,311.02,490
2026-07-07 16:05:00,311.1,311.2123,311.08,311.08,1304
2026-07-07 16:06:00,311.1,311.28,311.0401,311.28,689
2026-07-07 16:07:00,311.27,311.29,311.0901,311.0901,343
2026-07-07 16:08:00,311.2132,311.39,311.2132,311.26,333
2026-07-07 16:09:00,311.1373,311.3245,311.1373,311.3245,223
2026-07-07 16:10:00,310.66,311.23,310.66,311.23,7837
2026-07-07 16:12:00,311.3571,311.3571,311.04,311.04,1724
2026-07-07 16:13:00,311,311,310.96,311,2629
2026-07-07 16:14:00,311,311,310.93,310.9648,690
2026-07-07 16:15:00,310.97,310.9735,310.97,310.9735,1031
2026-07-07 16:16:00,310.9485,310.9827,310.93,310.9827,2142
2026-07-07 16:17:00,310.99,311,310.99,311,1908
2026-07-07 16:18:00,310.93,310.93,310.9,310.93,761
2026-07-07 16:19:00,310.93,310.93,310.93,310.93,40
2026-07-07 16:20:00,310.9,310.9,310.82,310.82,456
2026-07-07 16:21:00,310.84,310.84,310.8006,310.82,660
2026-07-07 16:22:00,310.89,310.9679,310.8207,310.8278,1490
2026-07-07 16:23:00,310.9291,310.9291,310.83,310.83,529
2026-07-07 16:24:00,310.99,310.99,310.8247,310.8247,480
2026-07-07 16:25:00,310.819,310.9248,310.819,310.8247,500
2026-07-07 16:26:00,310.89,310.9653,310.89,310.9653,148
2026-07-07 16:27:00,310.9653,310.9653,310.9653,310.9653,50
2026-07-07 16:28:00,310.85,310.85,310.8461,310.8461,115
2026-07-07 16:29:00,310.8494,310.8494,310.61,310.61,26301
2026-07-07 16:30:00,310.835,311.28,310.66,310.66,18175
2026-07-07 16:31:00,310.85,310.85,310.85,310.85,940
2026-07-07 16:32:00,310.8653,310.99,310.8653,310.99,809
2026-07-07 16:33:00,310.98,311,310.98,311,413
2026-07-07 16:34:00,310.93,310.93,310.9,310.9,159
2026-07-07 16:37:00,310.9,310.987,310.9,310.987,449
2026-07-07 16:39:00,311,311.37,310.95,310.96,4067
2026-07-07 16:40:00,310.96,311,310.96,310.9961,1783
2026-07-07 16:41:00,311,311,311,311,400
2026-07-07 16:43:00,310.9961,310.9961,310.9961,310.9961,80
2026-07-07 16:44:00,310.99,311,310.92,310.92,2031
2026-07-07 16:45:00,310.95,310.95,310.95,310.95,173
2026-07-07 16:46:00,310.9403,310.9403,310.9403,310.9403,300
2026-07-07 16:47:00,310.94,311,310.94,311,149
2026-07-07 16:49:00,310.91,310.91,310.91,310.91,50
2026-07-07 16:50:00,310.9627,311.068,310.66,310.66,8037
2026-07-07 16:52:00,310.97,310.97,310.97,310.97,40
2026-07-07 16:53:00,310.99,310.99,310.97,310.97,330
2026-07-07 16:55:00,310.91,310.9883,310.91,310.94,290
2026-07-07 16:56:00,310.9796,310.9796,310.9796,310.9796,100
2026-07-07 16:57:00,310.97,310.97,310.97,310.97,40
2026-07-07 16:58:00,310.9415,310.9415,310.9415,310.9415,167
2026-07-07 16:59:00,310.95,311.02,310.95,311.02,535
2026-07-07 17:00:00,311,311.2287,311,311,896
2026-07-07 17:02:00,311.0058,311.0058,311.0058,311.0058,50
2026-07-07 17:04:00,310.94,310.94,310.94,310.94,100
2026-07-07 17:06:00,311.03,311.03,311,311,458
2026-07-07 17:08:00,311.12,311.12,311.1,311.1,146
2026-07-07 17:09:00,311.03,311.03,311.03,311.03,128
2026-07-07 17:10:00,311.1096,311.1096,311.1096,311.1096,100
2026-07-07 17:11:00,311.09,311.12,311.06,311.12,5747
2026-07-07 17:12:00,311.11,311.11,311.11,311.11,100
2026-07-07 17:13:00,311.04,311.12,311.04,311.12,314
2026-07-07 17:15:00,311.09,311.09,311.07,311.07,218
2026-07-07 17:16:00,311,311.1999,310.8,310.8,1787
2026-07-07 17:17:00,310.76,310.76,310.75,310.75,1140
2026-07-07 17:18:00,310.76,310.76,310.75,310.75,340
2026-07-07 17:20:00,310.66,310.66,310.66,310.66,170
2026-07-07 17:21:00,311,311,310.9558,310.9558,140
2026-07-07 17:22:00,310.9558,310.9558,310.66,310.6761,701
2026-07-07 17:26:00,310.67,310.67,310.6,310.6,754
2026-07-07 17:27:00,310.61,310.61,310.61,310.61,153
2026-07-07 17:28:00,310.61,310.62,310.61,310.62,320
2026-07-07 17:29:00,310.642,310.642,310.642,310.642,45
2026-07-07 17:30:00,310.66,310.66,310.61,310.61,98
2026-07-07 17:33:00,310.61,310.61,310.54,310.56,3296
2026-07-07 17:34:00,310.5936,310.6,310.59,310.6,1480
2026-07-07 17:35:00,310.52,310.53,310.52,310.53,372
2026-07-07 17:36:00,310.52,310.52,310.5,310.5,1155
2026-07-07 17:37:00,310.52,310.52,310.52,310.52,99
2026-07-07 17:39:00,310.5,310.5,310.5,310.5,100
2026-07-07 17:40:00,310.55,310.55,310.55,310.55,1000
2026-07-07 17:41:00,310.55,310.6,310.55,310.6,1970
2026-07-07 17:42:00,310.5563,310.5563,310.5563,310.5563,50
2026-07-07 17:43:00,310.6,310.6,310.6,310.6,282
2026-07-07 17:44:00,310.8,310.8,310.8,310.8,100
2026-07-07 17:47:00,310.58,310.58,310.58,310.58,50
2026-07-07 17:48:00,310.65,310.65,310.65,310.65,1000
2026-07-07 17:53:00,310.62,310.8003,310.62,310.8,730
2026-07-07 17:54:00,311,311,311,311,238
2026-07-07 17:55:00,311,311,311,311,100
2026-07-07 17:56:00,310.9175,310.9175,310.7,310.7,190
2026-07-07 17:58:00,310.7,310.7,310.7,310.7,100
2026-07-07 17:59:00,310.7,310.7,310.7,310.7,140
2026-07-07 18:00:00,310.94,310.94,310.67,310.67,585
2026-07-07 18:01:00,310.96,311,310.94,311,1780
2026-07-07 18:02:00,311.2,311.2,310.688,310.688,280
2026-07-07 18:04:00,310.8,310.8,310.8,310.8,168
2026-07-07 18:05:00,310.95,311.2,310.95,311,1680
2026-07-07 18:06:00,311.092,311.092,311.092,311.092,70
2026-07-07 18:08:00,311.03,311.19,311.03,311.11,545
2026-07-07 18:10:00,311.1,311.21,311.1,311.19,400
2026-07-07 18:11:00,311.1,311.31,311.1,311.31,146
2026-07-07 18:12:00,311.34,311.4,311.34,311.39,822
2026-07-07 18:15:00,311.37,311.37,311.0711,311.0711,461
2026-07-07 18:16:00,311.1,311.1,311.1,311.1,41
2026-07-07 18:17:00,311.3323,311.3323,311.05,311.05,320
2026-07-07 18:20:00,311.37,311.37,311.37,311.37,80
2026-07-07 18:22:00,311.06,311.06,311.06,311.06,100
2026-07-07 18:24:00,311.0955,311.15,311.0955,311.15,201
2026-07-07 18:25:00,311.14,311.14,311.0841,311.0841,339
2026-07-07 18:29:00,311.2,311.2,311.2,311.2,50
2026-07-07 18:31:00,311.15,311.1968,311.15,311.1968,1100
2026-07-07 18:33:00,311.19,311.29,311.18,311.29,565
2026-07-07 18:34:00,311.29,311.38,311.29,311.38,352
2026-07-07 18:35:00,311.38,311.4,311.38,311.4,122
2026-07-07 18:36:00,311.1902,311.21,311.19,311.19,555
2026-07-07 18:37:00,311.24,311.24,311.24,311.24,150
2026-07-07 18:38:00,311.37,311.38,311.27,311.35,361
2026-07-07 18:40:00,311.35,311.42,311.35,311.42,251
2026-07-07 18:42:00,311.28,311.28,311.28,311.28,117
2026-07-07 18:43:00,311.48,311.48,311.48,311.48,3000
2026-07-07 18:46:00,311.23,311.23,311.23,311.23,170
2026-07-07 18:49:00,311.17,311.17,311.17,311.17,143
2026-07-07 18:50:00,311.1786,311.1786,311.1786,311.1786,48
2026-07-07 18:53:00,311.18,311.18,311.15,311.15,792
2026-07-07 18:54:00,311.17,311.17,311.15,311.15,323
2026-07-07 18:55:00,311.16,311.16,311.16,311.16,222
2026-07-07 18:58:00,311.17,311.28,311.17,311.28,352
2026-07-07 19:01:00,311.2073,311.2073,311.19,311.19,144
2026-07-07 19:02:00,311.18,311.23,311.01,311.23,1223
2026-07-07 19:05:00,311.01,311.41,311.01,311.41,1459
2026-07-07 19:06:00,311.41,311.6,311.41,311.5,1267
2026-07-07 19:07:00,311.4785,311.4785,311.4785,311.4785,400
2026-07-07 19:08:00,311.44,311.57,311.44,311.57,2212
2026-07-07 19:09:00,311.57,311.58,311,311,680
2026-07-07 19:10:00,311.58,311.58,311.55,311.58,299
2026-07-07 19:11:00,311.48,311.48,311.48,311.48,102
2026-07-07 19:12:00,311.71,311.71,311.71,311.71,50
2026-07-07 19:13:00,311.58,311.63,311.58,311.63,135
2026-07-07 19:14:00,311.58,311.71,311.58,311.71,329
2026-07-07 19:15:00,311.362,311.6974,311.362,311.6974,150
2026-07-07 19:16:00,311.72,311.72,311.72,311.72,200
2026-07-07 19:17:00,311.8,311.98,311.8,311.93,331
2026-07-07 19:18:00,311.93,312.07,311.7,312.07,728
2026-07-07 19:19:00,312.28,312.28,312.28,312.28,59
2026-07-07 19:20:00,312.32,312.32,312.08,312.2,1464
2026-07-07 19:21:00,312.2,312.45,312.2,312.45,378
2026-07-07 19:22:00,312.4253,312.4253,312.2,312.2,304
2026-07-07 19:24:00,312.35,312.35,312.28,312.28,305
2026-07-07 19:25:00,312.22,312.44,312.22,312.31,719
2026-07-07 19:26:00,312.35,312.35,312.35,312.35,100
2026-07-07 19:27:00,312.1734,312.41,312.1734,312.41,651
2026-07-07 19:28:00,312.42,312.5,312.41,312.456,1435
2026-07-07 19:29:00,312.4,312.44,312.35,312.35,348
2026-07-07 19:30:00,312.34,312.35,312.34,312.35,918
2026-07-07 19:31:00,312.4846,312.5,312.4846,312.5,610
2026-07-07 19:36:00,312.15,312.15,312.15,312.15,1000
2026-07-07 19:37:00,312.15,312.15,312.0001,312.0001,994
2026-07-07 19:38:00,312.05,312.06,311.61,311.61,819
2026-07-07 19:41:00,311.761,311.761,311.761,311.761,64
2026-07-07 19:42:00,311.7585,311.7585,311.75,311.75,500
2026-07-07 19:45:00,311.66,312.02,311.66,312.02,406
2026-07-07 19:47:00,311.6018,311.6018,311.6018,311.6018,100
2026-07-07 19:50:00,311.99,312,311.87,311.9748,247
2026-07-07 19:52:00,311.63,311.63,311.63,311.63,2000
2026-07-07 19:53:00,311.72,311.72,311.72,311.72,64
2026-07-07 19:55:00,311.95,311.95,311.95,311.95,100
2026-07-07 19:56:00,311.73,311.73,311.73,311.73,229
2026-07-07 19:57:00,311.674,311.674,311.5,311.5,116
2026-07-07 19:58:00,311.58,311.58,311.56,311.58,658
2026-07-07 19:59:00,311.51,311.51,311.39,311.39,445
2026-07-08 04:00:00,311.7,311.7,310.5,311.3775,24635
2026-07-08 04:01:00,311.13,311.44,310.53,311.09,4846
2026-07-08 04:02:00,311.09,311.22,311.09,311.22,531
2026-07-08 04:03:00,310.49,311.16,310.48,310.76,3886
2026-07-08 04:04:00,310.83,311.52,310.5,311.38,3416
2026-07-08 04:05:00,311.45,311.69,310.97,311.44,4159
2026-07-08 04:06:00,311.18,311.18,311.11,311.11,163
2026-07-08 04:07:00,311.12,311.12,311,311,754
2026-07-08 04:08:00,311.33,311.48,310.99,311,425
2026-07-08 04:09:00,310.9,310.9,310.9,310.9,50
2026-07-08 04:11:00,311.05,311.2,311.05,311.2,400
2026-07-08 04:15:00,311.05,311.05,311.05,311.05,80
2026-07-08 04:16:00,311.05,311.05,310.68,310.68,1417
2026-07-08 04:17:00,310.79,310.79,310.79,310.79,100
2026-07-08 04:18:00,310.69,310.69,310.68,310.69,605
2026-07-08 04:19:00,310.7,310.7,310.68,310.7,455
2026-07-08 04:20:00,310.74,310.76,310.74,310.74,654
2026-07-08 04:21:00,310.72,310.9111,310.49,310.7,1555
2026-07-08 04:23:00,310.49,310.49,310.15,310.15,7527
2026-07-08 04:24:00,310.17,310.17,309.49,309.66,4461
2026-07-08 04:25:00,309.49,309.69,309,309.44,1912
2026-07-08 04:26:00,309.75,309.75,309.14,309.27,929
2026-07-08 04:27:00,309.27,309.73,309.19,309.28,767
2026-07-08 04:28:00,309.05,309.8356,309.05,309.49,1533
2026-07-08 04:29:00,309.71,309.77,309.43,309.43,878
2026-07-08 04:30:00,309.45,309.79,309.4,309.79,2537
2026-07-08 04:31:00,309.63,309.75,309.53,309.75,6713
2026-07-08 04:32:00,309.53,309.78,309.53,309.78,484
2026-07-08 04:33:00,309.94,309.95,309.59,309.59,396
2026-07-08 04:34:00,309.65,309.74,309.65,309.74,306
2026-07-08 04:35:00,309.63,309.63,309.53,309.53,1952
2026-07-08 04:36:00,309.76,309.85,309.76,309.85,591
2026-07-08 04:37:00,309.61,309.91,309.61,309.76,358
2026-07-08 04:38:00,309.81,309.92,309.52,309.52,1546
2026-07-08 04:39:00,309.77,309.95,309.57,309.57,1861
2026-07-08 04:40:00,309.57,309.63,309.17,309.17,2546
2026-07-08 04:41:00,309.1602,309.32,309.02,309.06,5280
2026-07-08 04:42:00,309.49,309.49,309.15,309.41,454
2026-07-08 04:43:00,309.43,309.48,309.05,309.05,3181
2026-07-08 04:44:00,309.09,309.2,309.03,309.17,659
2026-07-08 04:45:00,309.19,309.24,309.13,309.23,442
2026-07-08 04:46:00,309.26,309.42,309.22,309.22,3046
2026-07-08 04:47:00,309.37,309.37,309.1541,309.1541,104
2026-07-08 04:48:00,309.154,309.41,309.08,309.08,541
2026-07-08 04:49:00,309.23,309.23,309.23,309.23,196
2026-07-08 04:50:00,309.32,309.32,309.32,309.32,126
2026-07-08 04:51:00,309.45,309.45,309.16,309.22,241
2026-07-08 04:52:00,309.39,309.46,309.21,309.21,217
2026-07-08 04:53:00,309.213,309.26,309.213,309.26,146
2026-07-08 04:54:00,309.29,309.3,309.21,309.25,1021
2026-07-08 04:55:00,309.24,309.34,309.2002,309.2002,1289
2026-07-08 04:56:00,309.2,309.65,309.2,309.58,2365
2026-07-08 04:57:00,309.5,309.5,309.34,309.4,377
2026-07-08 04:58:00,309.24,309.24,309.2,309.2,548
2026-07-08 04:59:00,309.18,309.2,309,309.2,908
2026-07-08 05:00:00,309.088,309.2,309.03,309.03,345
2026-07-08 05:01:00,309.05,309.24,309.03,309.22,315
2026-07-08 05:02:00,309.14,309.14,309.14,309.14,40
2026-07-08 05:03:00,309.13,309.15,309.12,309.15,225
2026-07-08 05:04:00,309.02,309.02,308.68,308.77,897
2026-07-08 05:05:00,308.81,308.81,308.81,308.81,88
2026-07-08 05:06:00,308.81,308.88,308.79,308.79,463
2026-07-08 05:07:00,308.895,308.895,308.78,308.78,463
2026-07-08 05:08:00,308.87,309,308.74,308.74,900
2026-07-08 05:09:00,308.76,309.2,308.76,309.2,1121
2026-07-08 05:10:00,309.29,309.31,309.19,309.31,268
2026-07-08 05:11:00,308.99,309.43,308.8412,309.2,877
2026-07-08 05:12:00,308.97,309.3,308.7,309.13,898
2026-07-08 05:13:00,309.43,309.65,309.15,309.53,1162
2026-07-08 05:14:00,309.12,309.61,309.12,309.21,204
2026-07-08 05:15:00,309.56,309.87,309.22,309.87,1653
2026-07-08 05:16:00,309.9,310,309.3,309.33,984
2026-07-08 05:17:00,309.37,310,309.37,310,141
2026-07-08 05:18:00,310,310.09,309.68,310.04,824
2026-07-08 05:19:00,310.1,310.1,309.65,309.65,445
2026-07-08 05:20:00,309.78,309.78,309.78,309.78,237
2026-07-08 05:22:00,309.99,309.99,309.99,309.99,40
2026-07-08 05:23:00,310.13,310.14,310.13,310.14,131
2026-07-08 05:24:00,310.13,310.13,309.71,309.71,1184
2026-07-08 05:25:00,309.4888,310.12,309.4888,309.7,1175
2026-07-08 05:26:00,310,310,309.33,309.67,285
2026-07-08 05:27:00,310,310.08,310,310.08,185
2026-07-08 05:28:00,309.64,309.99,309.64,309.99,141
2026-07-08 05:29:00,310,310.27,310,310.27,441
2026-07-08 05:31:00,309.67,309.84,309.67,309.79,1630
2026-07-08 05:32:00,309.69,309.69,309.69,309.69,80
2026-07-08 05:33:00,309.67,309.67,309.65,309.65,177
2026-07-08 05:34:00,309.68,309.68,309.64,309.64,1580
2026-07-08 05:35:00,309.61,309.62,309.34,309.34,977
2026-07-08 05:38:00,309.5,309.52,309.48,309.5,2275
2026-07-08 05:39:00,309.47,309.47,309.47,309.47,80
2026-07-08 05:40:00,309.43,309.43,309.34,309.35,314
2026-07-08 05:41:00,309.36,309.36,309.27,309.27,465
2026-07-08 05:42:00,309.255,309.33,309.191,309.191,450
2026-07-08 05:43:00,309.16,309.32,309.16,309.16,353
2026-07-08 05:44:00,309.17,309.33,309.17,309.29,954
2026-07-08 05:46:00,309.45,309.45,309.26,309.4,323
2026-07-08 05:47:00,309.3,309.3,309.3,309.3,105
2026-07-08 05:48:00,309.31,309.31,309.0103,309.0103,1005
2026-07-08 05:49:00,309.0138,309.25,309.0138,309.25,219
2026-07-08 05:51:00,309.16,309.16,309.16,309.16,90
2026-07-08 05:52:00,309.2,309.2,309.2,309.2,61
2026-07-08 05:53:00,309.2002,309.32,309.2002,309.32,300
2026-07-08 05:54:00,309.33,309.33,309.33,309.33,96
2026-07-08 05:55:00,309.17,309.17,309.01,309.01,159
2026-07-08 05:57:00,309.34,309.35,309.34,309.35,337
2026-07-08 06:00:00,309.15,309.15,308.79,308.83,1064
2026-07-08 06:01:00,308.83,308.97,308.762,308.83,1579
2026-07-08 06:02:00,308.83,308.97,308.815,308.815,556
2026-07-08 06:03:00,308.96,308.96,308.95,308.96,584
2026-07-08 06:04:00,308.93,308.97,308.93,308.97,152
2026-07-08 06:05:00,309.02,309.02,308.89,308.89,597
2026-07-08 06:06:00,308.85,308.9,308.85,308.9,312
2026-07-08 06:07:00,308.9,309,308.9,309,80
2026-07-08 06:09:00,308.86,308.86,308.85,308.85,119
2026-07-08 06:10:00,308.86,308.93,308.76,308.85,850
2026-07-08 06:11:00,308.89,308.89,308.89,308.89,83
2026-07-08 06:12:00,308.86,308.91,308.86,308.91,296
2026-07-08 06:13:00,308.9031,308.92,308.85,308.85,470
2026-07-08 06:14:00,308.87,308.87,308.8506,308.8506,150
2026-07-08 06:15:00,309,309,308.85,308.85,726
2026-07-08 06:16:00,308.87,308.87,308.865,308.865,240
2026-07-08 06:17:00,308.88,308.88,308.87,308.87,156
2026-07-08 06:19:00,308.97,308.98,308.89,308.89,191
2026-07-08 06:20:00,308.98,308.98,308.89,308.89,167
2026-07-08 06:21:00,308.89,308.91,308.89,308.91,204
2026-07-08 06:22:00,308.91,308.9781,308.755,308.755,1673
2026-07-08 06:23:00,308.79,308.79,308.79,308.79,50
2026-07-08 06:24:00,308.81,308.81,308.81,308.81,70
2026-07-08 06:25:00,308.82,308.85,308.82,308.83,200
2026-07-08 06:26:00,308.8,308.85,308.8,308.85,463
2026-07-08 06:28:00,308.8,308.8,308.8,308.8,45
2026-07-08 06:29:00,308.78,308.78,308.78,308.78,72
2026-07-08 06:30:00,308.77,308.85,308.77,308.85,761
2026-07-08 06:31:00,308.84,308.91,308.83,308.87,2272
2026-07-08 06:32:00,308.86,308.94,308.86,308.94,340
2026-07-08 06:33:00,308.97,309.085,308.97,309.02,536
2026-07-08 06:34:00,309.02,309.02,308.94,308.94,403
2026-07-08 06:35:00,308.96,309.05,308.95,309,339
2026-07-08 06:36:00,309.03,309.14,309.03,309.13,771
2026-07-08 06:37:00,309.25,309.25,309.21,309.22,321
2026-07-08 06:40:00,309.275,309.275,309.275,309.275,44
2026-07-08 06:41:00,309.25,309.25,309.25,309.25,90
2026-07-08 06:42:00,309.41,309.5,309.36,309.36,1060
2026-07-08 06:43:00,309.32,309.65,309.1086,309.65,282
2026-07-08 06:44:00,309.32,309.32,309.32,309.32,62
2026-07-08 06:45:00,309.236,309.365,309.236,309.365,84
2026-07-08 06:46:00,309.32,309.32,309.32,309.32,102
2026-07-08 06:48:00,309.39,309.39,309.39,309.39,193
2026-07-08 06:49:00,309.39,309.39,309.39,309.39,60
2026-07-08 06:50:00,309.51,309.51,309.51,309.51,78
2026-07-08 06:51:00,309.57,309.57,309.57,309.57,500
2026-07-08 06:53:00,309.5517,309.5517,309.5517,309.5517,42
2026-07-08 06:57:00,309.66,309.66,309.54,309.56,826
2026-07-08 06:58:00,309.58,309.59,309.58,309.59,184
2026-07-08 06:59:00,309.56,309.6,309.55,309.6,313
2026-07-08 07:00:00,309.65,309.86,309.55,309.55,5989
2026-07-08 07:01:00,309.56,309.79,309.56,309.79,2221
2026-07-08 07:02:00,309.7,309.8,309.64,309.64,2221
2026-07-08 07:03:00,309.64,309.65,309.61,309.65,982
2026-07-08 07:04:00,309.61,309.67,309.6,309.67,1490
2026-07-08 07:05:00,309.6108,309.72,309.6,309.6,1779
2026-07-08 07:06:00,309.58,309.74,309.58,309.73,727
2026-07-08 07:07:00,309.74,309.7792,309.67,309.7792,800
2026-07-08 07:08:00,309.7986,309.7986,309.57,309.58,14461
2026-07-08 07:09:00,309.5801,309.72,309.56,309.6668,909
2026-07-08 07:10:00,309.6,309.64,309.6,309.64,144
2026-07-08 07:11:00,309.58,309.58,309.56,309.57,406
2026-07-08 07:12:00,309.56,309.6,309.55,309.6,361
2026-07-08 07:13:00,309.6,309.6,309.6,309.6,200
2026-07-08 07:14:00,309.65,309.72,309.5,309.5,2867
2026-07-08 07:15:00,309.46,309.48,309.3,309.3817,1575
2026-07-08 07:16:00,309.33,309.3744,309.27,309.3744,559
2026-07-08 07:17:00,309.32,309.4753,309.3,309.45,3734
2026-07-08 07:18:00,309.4,309.52,309.4,309.52,630
2026-07-08 07:19:00,309.53,309.53,309.53,309.53,100
2026-07-08 07:20:00,309.52,309.5832,309.2973,309.4,1847
2026-07-08 07:21:00,309.4788,309.4788,309.27,309.27,1001
2026-07-08 07:22:00,309.35,309.35,309.1,309.29,1974
2026-07-08 07:23:00,309.28,309.36,309.26,309.36,201
2026-07-08 07:24:00,309.22,309.22,309.22,309.22,107
2026-07-08 07:25:00,309.458,309.48,309.43,309.48,290
2026-07-08 07:26:00,309.52,309.52,309.24,309.33,1270
2026-07-08 07:28:00,309.4,309.4,309.4,309.4,44
2026-07-08 07:29:00,309.4689,309.49,309.31,309.4,884
2026-07-08 07:30:00,309.32,309.3434,309.32,309.3434,161
2026-07-08 07:31:00,309.5,309.76,309.4301,309.4301,450
2026-07-08 07:32:00,309.59,309.59,309.59,309.59,40
2026-07-08 07:33:00,309.59,309.75,309.59,309.635,630
2026-07-08 07:34:00,309.62,309.77,309.62,309.77,209
2026-07-08 07:35:00,309.7999,309.7999,309.65,309.65,347
2026-07-08 07:37:00,309.7,309.77,309.6497,309.77,322
2026-07-08 07:38:00,309.76,309.76,309.47,309.47,2497
2026-07-08 07:39:00,309.47,309.49,309.47,309.47,870
2026-07-08 07:40:00,309.55,309.65,309.43,309.4354,1392
2026-07-08 07:41:00,309.46,309.72,309.43,309.43,2467
2026-07-08 07:42:00,309.5,309.5,309.5,309.5,79
2026-07-08 07:43:00,309.57,309.94,309.57,309.94,2316
2026-07-08 07:44:00,309.9,309.9,309.9,309.9,65
2026-07-08 07:46:00,309.86,309.87,309.72,309.72,5404
2026-07-08 07:47:00,309.83,309.8594,309.69,309.72,857
2026-07-08 07:49:00,309.7,309.7,309.7,309.7,200
2026-07-08 07:50:00,309.65,309.68,309.57,309.65,961
2026-07-08 07:51:00,309.66,309.75,309.66,309.75,680
2026-07-08 07:52:00,309.8,309.84,309.76,309.76,651
2026-07-08 07:53:00,309.84,309.85,309.84,309.85,140
2026-07-08 07:54:00,309.85,309.92,309.85,309.92,1283
2026-07-08 07:55:00,309.91,309.94,309.81,309.94,503
2026-07-08 07:56:00,309.81,309.98,309.8,309.98,586
2026-07-08 07:57:00,309.8868,309.98,309.8868,309.98,1350
2026-07-08 07:58:00,309.84,309.84,309.84,309.84,50
2026-07-08 07:59:00,309.948,309.948,309.948,309.948,50
2026-07-08 08:00:00,309.79,309.79,309.75,309.75,95
2026-07-08 08:01:00,309.91,309.91,309.91,309.91,100
2026-07-08 08:02:00,309.51,309.68,309.51,309.68,160
2026-07-08 08:05:00,309.7,309.78,309.7,309.7,1271
2026-07-08 08:06:00,309.65,309.65,309.65,309.65,80
2026-07-08 08:07:00,309.79,310.05,309.79,309.8455,3999
2026-07-08 08:08:00,310,310,310,310,50
2026-07-08 08:09:00,309.8,309.86,309.8,309.86,119
2026-07-08 08:10:00,309.88,309.88,309.88,309.88,228
2026-07-08 08:11:00,309.86,309.86,309.8,309.8,350
2026-07-08 08:12:00,309.86,309.86,309.86,309.86,50
2026-07-08 08:13:00,309.76,309.9857,309.76,309.955,560
2026-07-08 08:14:00,309.9,309.9,309.89,309.89,3502
2026-07-08 08:15:00,309.76,310,309.75,310,700
2026-07-08 08:16:00,309.865,309.865,309.865,309.865,322
2026-07-08 08:17:00,309.85,309.85,309.85,309.85,40
2026-07-08 08:18:00,309.95,309.95,309.95,309.95,245
2026-07-08 08:19:00,309.77,310,309.77,310,1398
2026-07-08 08:20:00,310.02,310.02,309.75,309.75,130
2026-07-08 08:21:00,310,310.01,310,310.01,750
2026-07-08 08:23:00,310,310,309.91,309.91,140
2026-07-08 08:25:00,309.9,309.9,309.8,309.89,972
2026-07-08 08:26:00,309.94,309.99,309.94,309.99,80
2026-07-08 08:27:00,310,310.1045,309.83,310.1045,366
2026-07-08 08:28:00,310.14,310.171,309.91,310.171,349
2026-07-08 08:30:00,310.25,310.3571,310.235,310.235,1206
2026-07-08 08:31:00,310.21,310.47,310.0997,310.46,1663
2026-07-08 08:32:00,310.5,310.5,310.5,310.5,880
2026-07-08 08:33:00,310.4,310.4399,310.35,310.35,1939
2026-07-08 08:34:00,310.31,310.5,310.31,310.46,2549
2026-07-08 08:35:00,310.35,310.46,310.35,310.46,140
2026-07-08 08:36:00,310.4761,310.53,310.47,310.5,1885
2026-07-08 08:37:00,310.5,310.5,310.35,310.4681,1440
2026-07-08 08:38:00,310.3802,310.3802,310.26,310.26,3850
2026-07-08 08:39:00,310.3662,310.42,310.28,310.28,566
2026-07-08 08:40:00,310.33,310.33,310.26,310.26,526
2026-07-08 08:41:00,310.3979,310.3979,310.2501,310.2501,221
2026-07-08 08:42:00,310.26,310.26,310,310,2838
2026-07-08 08:43:00,309.9,309.9001,309.9,309.9001,100
2026-07-08 08:44:00,309.9,309.92,309.9,309.92,930
2026-07-08 08:45:00,309.9,309.9,309.87,309.87,198
2026-07-08 08:46:00,309.88,309.88,309.826,309.826,320
2026-07-08 08:47:00,309.82,309.82,309.82,309.82,50
2026-07-08 08:48:00,309.78,310,309.78,309.8476,2733
2026-07-08 08:49:00,309.9,309.9,309.81,309.85,416
2026-07-08 08:50:00,309.8773,309.8773,309.7,309.7,611
2026-07-08 08:51:00,309.67,309.67,309.52,309.6,971
2026-07-08 08:52:00,309.7,309.82,309.7,309.7499,2341
2026-07-08 08:53:00,309.75,309.75,309.71,309.72,1872
2026-07-08 08:54:00,309.7496,309.95,309.72,309.87,4619
2026-07-08 08:55:00,309.82,309.95,309.8,309.8828,2243
2026-07-08 08:56:00,309.8,310.0523,309.8,309.8,1308
2026-07-08 08:57:00,309.81,309.9,309.8,309.89,1117
2026-07-08 08:58:00,309.9247,309.9247,309.9247,309.9247,371
2026-07-08 08:59:00,309.9,309.94,309.8,309.8,350
2026-07-08 09:00:00,309.89,309.94,309.85,309.9,1130
2026-07-08 09:01:00,309.9,310.05,309.9,310.05,735
2026-07-08 09:02:00,310.07,310.07,309.92,309.92,215
2026-07-08 09:03:00,310.11,310.15,310.075,310.075,181
2026-07-08 09:04:00,310.05,310.05,310.01,310.04,309
2026-07-08 09:05:00,310.05,310.05,309.9,309.925,3932
2026-07-08 09:06:00,309.91,309.9605,309.79,309.88,4075
2026-07-08 09:07:00,309.9,309.9,309.89,309.9,440
2026-07-08 09:08:00,309.8878,310.1,309.8878,310.1,1190
2026-07-08 09:09:00,310.44,310.44,310.34,310.34,123
2026-07-08 09:10:00,310.1,310.44,310.1,310.28,1268
2026-07-08 09:11:00,310.3588,310.38,310.24,310.24,250
2026-07-08 09:12:00,310.4,310.66,310.3,310.66,1146
2026-07-08 09:13:00,310.61,310.66,310.51,310.5794,567
2026-07-08 09:14:00,310.55,310.66,310.53,310.53,3203
2026-07-08 09:15:00,310.53,310.66,310.5,310.6195,3194
2026-07-08 09:16:00,310.54,310.54,310.31,310.31,1299
2026-07-08 09:17:00,310.4393,310.4393,310.3,310.32,510
2026-07-08 09:18:00,310.31,310.49,310.31,310.4802,474
2026-07-08 09:19:00,310.4653,310.48,310.3328,310.3328,614
2026-07-08 09:20:00,310.37,310.38,310.3,310.3,180
2026-07-08 09:21:00,310.33,310.33,310.3,310.3,400
2026-07-08 09:22:00,310.36,310.36,310.3,310.34,949
2026-07-08 09:23:00,310.3452,310.3452,310.21,310.22,2323
2026-07-08 09:24:00,310.32,310.5,310.2613,310.5,1404
2026-07-08 09:25:00,310.42,310.42,309.8,310.24,9917
2026-07-08 09:26:00,310.2,310.59,309.96,310.31,4887
2026-07-08 09:27:00,310.3,312,310.2707,312,7463
2026-07-08 09:28:00,312,312.18,311.3,311.59,16086
2026-07-08 09:29:00,311.6,311.99,311.59,311.91,13407
2026-07-08 09:30:00,311.91,312,309.99,310.13,748816
2026-07-08 09:31:00,310.16,310.36,309.2,309.485,208120
2026-07-08 09:32:00,309.485,310.46,309.485,309.72,139514
2026-07-08 09:33:00,309.76,310.07,309.36,309.43,131510
2026-07-08 09:34:00,309.41,309.57,308.87,309.01,182605
2026-07-08 09:35:00,309.05,309.12,308.075,308.3,168990
2026-07-08 09:36:00,308.29,309.025,308.26,308.63,111429
2026-07-08 09:37:00,308.63,309.47,308.59,309.37,124831
2026-07-08 09:38:00,309.39,309.5783,309.21,309.455,103510
2026-07-08 09:39:00,309.46,309.8,309.44,309.545,89343
2026-07-08 09:40:00,309.5267,309.548,308.51,308.5799,112516
2026-07-08 09:41:00,308.58,308.6999,308.17,308.23,87618
2026-07-08 09:42:00,308.2301,308.39,308.08,308.21,84888
2026-07-08 09:43:00,308.2,308.32,308.06,308.09,58998
2026-07-08 09:44:00,308.08,308.13,307.815,307.9158,145208
2026-07-08 09:45:00,307.915,308.065,307.34,307.4301,110253
2026-07-08 09:46:00,307.44,307.6,307.0515,307.1201,109524
2026-07-08 09:47:00,307.12,308.07,307.05,307.995,122196
2026-07-08 09:48:00,308,308.42,307.92,308.315,90333
2026-07-08 09:49:00,308.31,308.71,308.2,308.515,79931
2026-07-08 09:50:00,308.51,309.6401,308.51,309.51,98993
2026-07-08 09:51:00,309.515,309.64,309.24,309.265,60897
2026-07-08 09:52:00,309.275,309.52,309.17,309.24,59371
2026-07-08 09:53:00,309.26,309.45,309.0701,309.29,57265
2026-07-08 09:54:00,309.29,309.3699,309.07,309.1,59239
2026-07-08 09:55:00,309.095,309.23,308.77,308.92,85208
2026-07-08 09:56:00,308.88,309.24,308.85,309.18,53085
2026-07-08 09:57:00,309.2,309.3114,309.11,309.12,36161
2026-07-08 09:58:00,309.12,309.28,308.96,309.18,43399
2026-07-08 09:59:00,309.18,309.29,308.49,309.13,79206
2026-07-08 10:00:00,309.15,309.2251,308.57,308.805,89448
2026-07-08 10:01:00,308.83,308.9942,308.5601,308.67,47079
2026-07-08 10:02:00,308.66,308.69,308.42,308.635,55797
2026-07-08 10:03:00,308.57,308.96,308.545,308.96,50263
2026-07-08 10:04:00,308.95,309.1332,308.925,309.01,51044
2026-07-08 10:05:00,308.995,309.39,308.99,309.165,38236
2026-07-08 10:06:00,309.17,309.48,309.125,309.48,46016
2026-07-08 10:07:00,309.48,309.59,309.23,309.26,57807
2026-07-08 10:08:00,309.28,309.89,309.22,309.815,135086
2026-07-08 10:09:00,309.8,309.91,309.63,309.68,69716
2026-07-08 10:10:00,309.67,309.79,309.565,309.66,74764
2026-07-08 10:11:00,309.68,310.23,309.68,310,122543
2026-07-08 10:12:00,310,310.24,309.95,309.97,66415
2026-07-08 10:13:00,309.975,310.14,309.7,310.125,87084
2026-07-08 10:14:00,310.165,310.1899,309.79,309.925,40767
2026-07-08 10:15:00,309.92,310.115,309.83,310.09,33433
2026-07-08 10:16:00,310.06,310.25,309.9,310.03,68568
2026-07-08 10:17:00,310.055,310.34,310.035,310.3,71547
2026-07-08 10:18:00,310.26,310.4,309.99,310.19,54304
2026-07-08 10:19:00,310.21,310.32,310.06,310.23,67049
2026-07-08 10:20:00,310.23,310.57,310.08,310.5,96539
2026-07-08 10:21:00,310.49,310.52,310.08,310.38,69731
2026-07-08 10:22:00,310.4,310.51,310.31,310.47,51554
2026-07-08 10:23:00,310.47,310.58,310.345,310.45,69643
2026-07-08 10:24:00,310.44,310.67,310.28,310.59,67353
2026-07-08 10:25:00,310.58,310.66,310.17,310.27,71294
2026-07-08 10:26:00,310.275,310.35,309.87,309.8701,88079
2026-07-08 10:27:00,309.87,310.06,309.5401,310.02,124235
2026-07-08 10:28:00,310.01,310.16,309.0202,309.085,104760
2026-07-08 10:29:00,309.08,309.1,308.806,308.85,81003
2026-07-08 10:30:00,308.83,309.185,308.775,309.07,67247
2026-07-08 10:31:00,309.07,309.42,308.98,309.31,66444
2026-07-08 10:32:00,309.305,309.375,309.1401,309.315,47086
2026-07-08 10:33:00,309.29,309.47,309.18,309.39,55930
2026-07-08 10:34:00,309.395,309.6499,309.36,309.6016,70634
2026-07-08 10:35:00,309.615,309.64,309.29,309.3101,59277
2026-07-08 10:36:00,309.31,309.97,309.26,309.955,76553
2026-07-08 10:37:00,309.97,310.37,309.71,309.725,114879
2026-07-08 10:38:00,309.73,309.92,309.7,309.835,31035
2026-07-08 10:39:00,309.84,310.24,309.8,310.24,40437
2026-07-08 10:40:00,310.25,310.4609,310.19,310.44,62991
2026-07-08 10:41:00,310.45,310.46,310.03,310.2,50989
2026-07-08 10:42:00,310.15,310.32,309.9701,310.24,29189
2026-07-08 10:43:00,310.24,310.37,310.14,310.34,44245
2026-07-08 10:44:00,310.36,310.365,310.185,310.27,41129
2026-07-08 10:45:00,310.255,310.37,310.105,310.3,35520
2026-07-08 10:46:00,310.28,310.37,310.155,310.23,54690
2026-07-08 10:47:00,310.24,310.56,310.175,310.54,56978
2026-07-08 10:48:00,310.53,310.53,310.2869,310.4,31659
2026-07-08 10:49:00,310.415,310.48,309.99,310.05,75130
2026-07-08 10:50:00,310.0454,310.1,309.18,309.265,83589
2026-07-08 10:51:00,309.27,309.55,309.205,309.3898,43532
2026-07-08 10:52:00,309.39,309.47,309.1297,309.15,50397
2026-07-08 10:53:00,309.1691,309.36,309.13,309.26,100217
2026-07-08 10:54:00,309.24,309.44,309.03,309.35,56979
2026-07-08 10:55:00,309.35,309.4699,308.97,309.14,68350
2026-07-08 10:56:00,309.13,309.29,308.77,308.83,48933
2026-07-08 10:57:00,308.81,308.96,308.7,308.82,54953
2026-07-08 10:58:00,308.82,309.13,308.805,309.09,50126
2026-07-08 10:59:00,309.11,309.13,308.84,308.88,49247
2026-07-08 11:00:00,308.88,308.98,308.82,308.965,38710
2026-07-08 11:01:00,308.96,309.2,308.81,308.9,116502
2026-07-08 11:02:00,308.8992,309.28,308.76,309.25,82695
2026-07-08 11:03:00,309.25,309.4,309.05,309.35,82008
2026-07-08 11:04:00,309.35,309.44,309.315,309.34,52006
2026-07-08 11:05:00,309.3369,309.4001,309.1875,309.375,90313
2026-07-08 11:06:00,309.355,309.67,309.33,309.635,44560
2026-07-08 11:07:00,309.65,310.23,309.65,310.2,76322
2026-07-08 11:08:00,310.205,310.26,309.65,309.7,48425
2026-07-08 11:09:00,309.7,309.79,309.44,309.505,29790
2026-07-08 11:10:00,309.52,309.75,309.515,309.75,27748
2026-07-08 11:11:00,309.74,309.9,309.71,309.8,19570
2026-07-08 11:12:00,309.81,309.85,309.585,309.835,28403
2026-07-08 11:13:00,309.86,309.98,309.765,309.965,51843
2026-07-08 11:14:00,309.965,310.07,309.91,309.97,36750
2026-07-08 11:15:00,309.95,310.08,309.89,310.05,27142
2026-07-08 11:16:00,310.05,310.09,309.95,310.045,34633
2026-07-08 11:17:00,310.045,310.37,310.0201,310.345,33634
2026-07-08 11:18:00,310.35,310.4,310.18,310.24,54033
2026-07-08 11:19:00,310.26,310.405,310.2101,310.295,43021
2026-07-08 11:20:00,310.295,310.565,310.2502,310.49,48804
2026-07-08 11:21:00,310.49,310.85,310.49,310.725,53035
2026-07-08 11:22:00,310.725,310.725,310.54,310.605,51840
2026-07-08 11:23:00,310.61,310.61,310.38,310.46,36624
2026-07-08 11:24:00,310.46,310.69,310.36,310.48,113360
2026-07-08 11:25:00,310.485,310.64,310.175,310.2,91659
2026-07-08 11:26:00,310.195,310.245,309.9,309.94,57661
2026-07-08 11:27:00,309.97,310.15,309.94,310.025,48896
2026-07-08 11:28:00,310.03,310.2296,309.9685,310.13,59089
2026-07-08 11:29:00,310.15,310.3,310.065,310.07,28501
2026-07-08 11:30:00,310.08,310.12,309.85,310,59157
2026-07-08 11:31:00,310.005,310.02,309.84,309.89,37486
2026-07-08 11:32:00,309.89,309.94,309.55,309.57,58521
2026-07-08 11:33:00,309.57,309.65,309.3,309.58,67763
2026-07-08 11:34:00,309.5986,309.8,309.5001,309.77,41899
2026-07-08 11:35:00,309.77,309.83,309.58,309.65,33565
2026-07-08 11:36:00,309.635,309.83,309.48,309.745,69900
2026-07-08 11:37:00,309.74,310.03,309.72,310.03,46705
2026-07-08 11:38:00,310.03,310.04,309.74,309.93,38600
2026-07-08 11:39:00,309.92,310.09,309.89,309.91,39126
2026-07-08 11:40:00,309.91,310.0399,309.88,309.975,33327
2026-07-08 11:41:00,309.98,310.07,309.9,309.9699,26102
2026-07-08 11:42:00,309.965,309.97,309.68,309.73,24721
2026-07-08 11:43:00,309.74,309.92,309.72,309.74,33772
2026-07-08 11:44:00,309.745,309.75,309.55,309.56,28409
2026-07-08 11:45:00,309.555,309.81,309.45,309.81,44345
2026-07-08 11:46:00,309.81,310.01,309.8,309.845,41154
2026-07-08 11:47:00,309.8599,310.01,309.8599,309.905,29568
2026-07-08 11:48:00,309.91,310,309.81,309.96,21578
2026-07-08 11:49:00,309.96,310,309.7101,309.78,24324
2026-07-08 11:50:00,309.77,309.95,309.7,309.71,26772
2026-07-08 11:51:00,309.69,309.74,309.6,309.645,24104
2026-07-08 11:52:00,309.66,309.76,309.66,309.75,31272
2026-07-08 11:53:00,309.755,309.93,309.745,309.9,23855
2026-07-08 11:54:00,309.89,309.99,309.79,309.9,32861
2026-07-08 11:55:00,309.895,310.13,309.89,310.11,75310
2026-07-08 11:56:00,310.12,310.22,310.115,310.2,38419
2026-07-08 11:57:00,310.19,310.38,310.03,310.36,96010
2026-07-08 11:58:00,310.36,310.45,310.22,310.385,36504
2026-07-08 11:59:00,310.37,310.3999,310.11,310.225,41381
2026-07-08 12:00:00,310.25,310.34,310.08,310.25,44706
2026-07-08 12:01:00,310.26,310.35,310.235,310.235,56175
2026-07-08 12:02:00,310.24,310.395,310.19,310.3707,30843
2026-07-08 12:03:00,310.4,310.58,310.3,310.49,56770
2026-07-08 12:04:00,310.49,310.92,310.46,310.75,66752
2026-07-08 12:05:00,310.745,311.07,310.745,311.03,53176
2026-07-08 12:06:00,311.03,311.215,310.87,310.9,52775
2026-07-08 12:07:00,310.89,310.89,310.64,310.745,26850
2026-07-08 12:08:00,310.7598,310.86,310.53,310.57,43922
2026-07-08 12:09:00,310.57,310.94,310.48,310.89,56651
2026-07-08 12:10:00,310.89,311.09,310.89,311,50179
2026-07-08 12:11:00,311.005,311.08,310.76,310.8,48941
2026-07-08 12:12:00,310.8013,310.82,310.625,310.64,27562
2026-07-08 12:13:00,310.65,310.68,310.4101,310.605,50145
2026-07-08 12:14:00,310.6,310.67,310.44,310.5,69852
2026-07-08 12:15:00,310.49,310.855,310.49,310.6692,47381
2026-07-08 12:16:00,310.69,310.81,310.63,310.67,23601
2026-07-08 12:17:00,310.67,310.75,310.6325,310.66,33114
2026-07-08 12:18:00,310.665,310.815,310.665,310.815,24323
2026-07-08 12:19:00,310.82,310.885,310.77,310.875,26944
2026-07-08 12:20:00,310.88,311.37,310.8501,311.33,173938
2026-07-08 12:21:00,311.34,311.42,311.01,311.07,65494
2026-07-08 12:22:00,311.08,311.22,310.96,311.2,47817
2026-07-08 12:23:00,311.2207,311.23,311.06,311.14,68247
2026-07-08 12:24:00,311.14,311.3299,311.04,311.3,48001
2026-07-08 12:25:00,311.315,311.3999,311.26,311.305,62643
2026-07-08 12:26:00,311.305,311.42,311.1501,311.2154,67277
2026-07-08 12:27:00,311.21,311.41,311.1,311.31,85864
2026-07-08 12:28:00,311.3,311.51,311.25,311.39,59496
2026-07-08 12:29:00,311.395,311.79,311.395,311.6,100325
2026-07-08 12:30:00,311.605,311.64,311.39,311.51,45116
2026-07-08 12:31:00,311.5101,311.6705,311.49,311.49,38266
2026-07-08 12:32:00,311.48,311.5799,311.45,311.515,25155
2026-07-08 12:33:00,311.5101,311.73,311.5101,311.6369,37170
2026-07-08 12:34:00,311.6595,311.68,311.49,311.505,24352
2026-07-08 12:35:00,311.5098,311.8,311.36,311.4,81286
2026-07-08 12:36:00,311.415,311.51,311.35,311.39,44443
2026-07-08 12:37:00,311.38,311.47,311.34,311.465,29629
2026-07-08 12:38:00,311.46,311.775,311.4101,311.75,55381
2026-07-08 12:39:00,311.765,312.16,311.7301,312.0957,220521
2026-07-08 12:40:00,312.09,312.3,311.925,312.12,87825
2026-07-08 12:41:00,312.12,312.17,311.99,312.1601,72558
2026-07-08 12:42:00,312.16,312.24,312.11,312.1142,58235
2026-07-08 12:43:00,312.12,312.145,312.02,312.04,53086
2026-07-08 12:44:00,312.04,312.24,311.92,312.21,69535
2026-07-08 12:45:00,312.21,312.2299,312.11,312.1701,43604
2026-07-08 12:46:00,312.175,312.455,312.16,312.455,87928
2026-07-08 12:47:00,312.46,312.61,312.45,312.59,60387
2026-07-08 12:48:00,312.6,312.8,312.6,312.76,56908
2026-07-08 12:49:00,312.755,312.87,312.72,312.78,89952
2026-07-08 12:50:00,312.78,312.95,312.72,312.87,77720
2026-07-08 12:51:00,312.87,313.07,312.8401,313.065,107414
2026-07-08 12:52:00,313.07,313.205,313.05,313.1401,111711
2026-07-08 12:53:00,313.165,313.23,312.98,312.988,60474
2026-07-08 12:54:00,312.995,313.14,312.97,313.13,53338
2026-07-08 12:55:00,313.14,313.31,313.06,313.26,52300
2026-07-08 12:56:00,313.29,313.34,313.105,313.19,61013
2026-07-08 12:57:00,313.19,313.2199,313.08,313.1604,45776
2026-07-08 12:58:00,313.16,313.25,313.125,313.23,29056
2026-07-08 12:59:00,313.2301,313.25,313.0947,313.1,75772
2026-07-08 13:00:00,313.1299,313.255,313.04,313.225,75436
2026-07-08 13:01:00,313.225,313.225,313.06,313.15,91339
2026-07-08 13:02:00,313.16,313.185,313.06,313.11,56119
2026-07-08 13:03:00,313.1,313.25,313.01,313.175,77332
2026-07-08 13:04:00,313.17,313.33,313.14,313.32,68806
2026-07-08 13:05:00,313.32,313.535,313.26,313.445,78307
2026-07-08 13:06:00,313.45,313.64,313.39,313.615,77601
2026-07-08 13:07:00,313.615,313.62,313.43,313.61,88237
2026-07-08 13:08:00,313.62,313.6699,313.52,313.56,54367
2026-07-08 13:09:00,313.55,313.78,313.4701,313.74,72712
2026-07-08 13:10:00,313.74,313.8,313.65,313.75,81729
2026-07-08 13:11:00,313.75,313.89,313.72,313.825,60097
2026-07-08 13:12:00,313.83,314,313.825,313.98,54576
2026-07-08 13:13:00,313.9737,314.08,313.88,314.02,76473
2026-07-08 13:14:00,314.04,314.08,313.84,313.89,85552
2026-07-08 13:15:00,313.885,313.94,313.81,313.915,45245
2026-07-08 13:16:00,313.9,313.95,313.78,313.785,59065
2026-07-08 13:17:00,313.79,313.815,313.41,313.435,77386
2026-07-08 13:18:00,313.44,313.5,313.28,313.32,91881
2026-07-08 13:19:00,313.3102,313.54,313.245,313.54,50042
2026-07-08 13:20:00,313.525,313.59,313.32,313.345,50513
2026-07-08 13:21:00,313.345,313.465,313.345,313.465,31628
2026-07-08 13:22:00,313.465,313.65,313.45,313.575,52023
2026-07-08 13:23:00,313.575,313.83,313.575,313.8101,47110
2026-07-08 13:24:00,313.815,313.91,313.67,313.79,92686
2026-07-08 13:25:00,313.81,313.87,313.5419,313.67,74971
2026-07-08 13:26:00,313.675,313.77,313.6403,313.655,30204
2026-07-08 13:27:00,313.67,313.89,313.64,313.881,41305
2026-07-08 13:28:00,313.885,314.19,313.87,314.16,88953
2026-07-08 13:29:00,314.17,314.19,314.07,314.1199,58841
2026-07-08 13:30:00,314.115,314.225,314.0702,314.22,51952
2026-07-08 13:31:00,314.21,314.32,314.15,314.205,79595
2026-07-08 13:32:00,314.21,314.37,314.155,314.2,77390
2026-07-08 13:33:00,314.205,314.36,314.15,314.33,65994
2026-07-08 13:34:00,314.37,314.47,314.06,314.07,111264
2026-07-08 13:35:00,314.075,314.23,313.91,314.135,74775
2026-07-08 13:36:00,314.15,314.49,314.15,314.34,179616
2026-07-08 13:37:00,314.35,314.4,314.25,314.345,47496
2026-07-08 13:38:00,314.34,314.38,314.22,314.3023,51794
2026-07-08 13:39:00,314.3,314.4299,314.27,314.2701,43734
2026-07-08 13:40:00,314.275,314.28,313.96,314.26,47804
2026-07-08 13:41:00,314.26,314.48,314.235,314.405,64251
2026-07-08 13:42:00,314.405,314.555,314.38,314.555,137888
2026-07-08 13:43:00,314.555,314.57,314.42,314.45,50586
2026-07-08 13:44:00,314.455,314.54,314.35,314.485,46168
2026-07-08 13:45:00,314.48,314.53,314.32,314.45,62818
2026-07-08 13:46:00,314.435,314.49,314.23,314.48,66039
2026-07-08 13:47:00,314.48,314.49,314.4,314.41,32695
2026-07-08 13:48:00,314.405,314.405,311.1504,314.29,128430
2026-07-08 13:49:00,314.295,314.34,314.19,314.3,40687
2026-07-08 13:50:00,314.31,314.55,314.25,314.545,63874
2026-07-08 13:51:00,314.545,314.63,314.5001,314.585,103542
2026-07-08 13:52:00,314.595,314.64,314.53,314.56,70132
2026-07-08 13:53:00,314.56,314.565,314.4,314.41,48182
2026-07-08 13:54:00,314.4,314.47,314.34,314.39,44044
2026-07-08 13:55:00,314.385,314.405,314.23,314.36,87953
2026-07-08 13:56:00,314.35,314.38,314.22,314.305,61277
2026-07-08 13:57:00,314.3,314.43,314.2412,314.41,64266
2026-07-08 13:58:00,314.41,314.46,314.215,314.4,94265
2026-07-08 13:59:00,314.42,314.52,314.34,314.39,47220
2026-07-08 14:00:00,314.4,314.52,314.2,314.43,63083
2026-07-08 14:01:00,314.43,314.71,314.37,314.71,68534
2026-07-08 14:02:00,314.71,314.75,314.46,314.5,67631
2026-07-08 14:03:00,314.505,314.72,314.5,314.675,44185
2026-07-08 14:04:00,314.66,314.8,314.655,314.695,61891
2026-07-08 14:05:00,314.7,314.82,314.61,314.705,59142
2026-07-08 14:06:00,314.7,314.76,314.62,314.66,51846
2026-07-08 14:07:00,314.66,314.69,314.52,314.67,57439
2026-07-08 14:08:00,314.67,314.67,314.3,314.47,48636
2026-07-08 14:09:00,314.4601,314.7,314.4601,314.695,47978
2026-07-08 14:10:00,314.69,314.705,314.48,314.55,63422
2026-07-08 14:11:00,314.54,314.565,314.435,314.53,40832
2026-07-08 14:12:00,314.525,314.565,314.47,314.55,20904
2026-07-08 14:13:00,314.555,314.6,314.4822,314.575,25586
2026-07-08 14:14:00,314.57,314.72,314.52,314.565,42264
2026-07-08 14:15:00,314.57,314.59,314.47,314.55,22508
2026-07-08 14:16:00,314.57,314.57,314.33,314.4,56056
2026-07-08 14:17:00,314.41,314.61,314.39,314.43,42590
2026-07-08 14:18:00,314.425,314.515,314.34,314.45,44216
2026-07-08 14:19:00,314.46,314.53,314.39,314.525,28413
2026-07-08 14:20:00,314.52,314.56,314.42,314.48,34283
2026-07-08 14:21:00,314.49,314.54,314.46,314.53,27592
2026-07-08 14:22:00,314.52,314.625,314.5168,314.5301,39655
2026-07-08 14:23:00,314.545,314.62,314.53,314.5813,24581
2026-07-08 14:24:00,314.58,314.59,314.4,314.43,27331
2026-07-08 14:25:00,314.43,314.525,314.4,314.5,27788
2026-07-08 14:26:00,314.49,314.52,314.42,314.425,20214
2026-07-08 14:27:00,314.43,314.44,314.25,314.25,37544
2026-07-08 14:28:00,314.25,314.315,314.16,314.2,46829
2026-07-08 14:29:00,314.205,314.21,314.1,314.125,64369
2026-07-08 14:30:00,314.125,314.125,313.85,313.928,72844
2026-07-08 14:31:00,313.89,314.135,313.85,314.105,45162
2026-07-08 14:32:00,314.1,314.22,314.08,314.16,42614
2026-07-08 14:33:00,314.155,314.18,314.05,314.065,27778
2026-07-08 14:34:00,314.07,314.19,313.975,314.07,59697
2026-07-08 14:35:00,314.0704,314.0899,313.94,314.04,61586
2026-07-08 14:36:00,314.03,314.16,314.02,314.14,33126
2026-07-08 14:37:00,314.13,314.2,314.0801,314.1002,36330
2026-07-08 14:38:00,314.105,314.18,314.05,314.13,34634
2026-07-08 14:39:00,314.125,314.15,314.04,314.135,46015
2026-07-08 14:40:00,314.12,314.15,313.99,314.005,46899
2026-07-08 14:41:00,314.01,314.015,313.8326,313.85,35022
2026-07-08 14:42:00,313.855,313.92,313.74,313.75,46826
2026-07-08 14:43:00,313.76,313.96,313.755,313.955,37137
2026-07-08 14:44:00,313.96,313.97,313.89,313.95,33252
2026-07-08 14:45:00,313.94,313.98,313.88,313.98,36569
2026-07-08 14:46:00,313.99,314.09,313.97,314.085,39689
2026-07-08 14:47:00,314.085,314.0995,314.02,314.06,45889
2026-07-08 14:48:00,314.065,314.1995,314.0201,314.1909,32034
2026-07-08 14:49:00,314.195,314.33,314.145,314.2,59417
2026-07-08 14:50:00,314.23,314.4,314.185,314.37,42393
2026-07-08 14:51:00,314.37,314.375,314.16,314.255,46449
2026-07-08 14:52:00,314.26,314.32,314.19,314.225,36721
2026-07-08 14:53:00,314.225,314.265,314.18,314.2,34558
2026-07-08 14:54:00,314.22,314.3,314.18,314.225,31969
2026-07-08 14:55:00,314.225,314.24,314.1601,314.21,38283
2026-07-08 14:56:00,314.21,314.255,314.01,314.07,51062
2026-07-08 14:57:00,314.08,314.21,314.03,314.13,47090
2026-07-08 14:58:00,314.1262,314.1262,313.95,313.97,41404
2026-07-08 14:59:00,313.97,313.97,313.84,313.895,38274
2026-07-08 15:00:00,313.895,314.13,313.895,313.99,46862
2026-07-08 15:01:00,313.99,313.99,313.83,313.845,42724
2026-07-08 15:02:00,313.8492,313.89,313.81,313.835,26838
2026-07-08 15:03:00,313.8266,313.92,313.82,313.855,31473
2026-07-08 15:04:00,313.85,314.015,313.799,314.01,38502
2026-07-08 15:05:00,314.01,314.04,313.91,313.975,38211
2026-07-08 15:06:00,313.97,313.97,313.72,313.915,57970
2026-07-08 15:07:00,313.915,314.0597,313.89,314.025,51486
2026-07-08 15:08:00,314.02,314.14,313.96,314.13,45871
2026-07-08 15:09:00,314.15,314.1972,313.99,314.03,41077
2026-07-08 15:10:00,314.03,314.03,313.86,313.91,70082
2026-07-08 15:11:00,313.905,313.97,313.81,313.935,36108
2026-07-08 15:12:00,313.93,314.08,313.9,314.0201,46340
2026-07-08 15:13:00,314.025,314.0299,313.89,313.955,76485
2026-07-08 15:14:00,313.955,313.9901,313.78,313.93,36464
2026-07-08 15:15:00,313.93,314.08,313.905,313.97,51938
2026-07-08 15:16:00,313.97,314.07,313.89,313.93,43053
2026-07-08 15:17:00,313.925,314,313.84,313.91,51533
2026-07-08 15:18:00,313.9,313.96,313.7305,313.745,36828
2026-07-08 15:19:00,313.74,313.86,313.65,313.68,50962
2026-07-08 15:20:00,313.685,313.77,313.68,313.695,30833
2026-07-08 15:21:00,313.69,313.84,313.68,313.81,38231
2026-07-08 15:22:00,313.8,313.82,313.725,313.81,45552
2026-07-08 15:23:00,313.805,313.84,313.73,313.785,36273
2026-07-08 15:24:00,313.7895,314,313.7895,313.955,36083
2026-07-08 15:25:00,313.96,314.065,313.79,313.84,65954
2026-07-08 15:26:00,313.85,314.04,313.85,314.015,30594
2026-07-08 15:27:00,314.02,314.07,313.97,313.98,37939
2026-07-08 15:28:00,313.97,313.99,313.83,313.84,36330
2026-07-08 15:29:00,313.83,313.91,313.8,313.815,43044
2026-07-08 15:30:00,313.815,314.0762,313.815,314.07,47287
2026-07-08 15:31:00,314.07,314.2,314.07,314.12,64038
2026-07-08 15:32:00,314.12,314.1499,314.02,314.065,46271
2026-07-08 15:33:00,314.065,314.08,313.985,313.985,42601
2026-07-08 15:34:00,313.98,313.98,313.85,313.95,43590
2026-07-08 15:35:00,313.952,314,313.85,313.875,64936
2026-07-08 15:36:00,313.88,314.03,313.88,314.015,45968
2026-07-08 15:37:00,314.015,314.015,313.86,313.89,47086
2026-07-08 15:38:00,313.88,313.94,313.845,313.88,46840
2026-07-08 15:39:00,313.89,313.93,313.81,313.83,54464
2026-07-08 15:40:00,313.83,313.92,313.82,313.84,54370
2026-07-08 15:41:00,313.85,313.88,313.83,313.85,45065
2026-07-08 15:42:00,313.85,313.905,313.335,313.425,130854
2026-07-08 15:43:00,313.435,313.45,313.23,313.315,60249
2026-07-08 15:44:00,313.31,313.33,313.1,313.1,65596
2026-07-08 15:45:00,313.1,313.1699,312.84,312.86,151427
2026-07-08 15:46:00,312.87,312.94,312.75,312.845,68535
2026-07-08 15:47:00,312.84,312.95,312.79,312.82,56578
2026-07-08 15:48:00,312.82,313.13,312.805,313.065,76409
2026-07-08 15:49:00,313.065,313.1478,313.02,313.03,48241
2026-07-08 15:50:00,313.02,313.6,313.02,313.38,101038
2026-07-08 15:51:00,313.38,313.44,313.24,313.405,65131
2026-07-08 15:52:00,313.4,313.43,313.285,313.42,65806
2026-07-08 15:53:00,313.43,313.515,313.375,313.445,81373
2026-07-08 15:54:00,313.45,313.56,313.23,313.36,140321
2026-07-08 15:55:00,313.363,313.765,313.363,313.75,225888
2026-07-08 15:56:00,313.75,313.95,313.73,313.89,200276
2026-07-08 15:57:00,313.88,313.94,313.73,313.875,234521
2026-07-08 15:58:00,313.875,313.96,313.72,313.77,371386
2026-07-08 15:59:00,313.78,313.8,313.25,313.26,1041754
2026-07-08 16:00:00,313.265,313.59,313.16,313.59,6461967
2026-07-08 16:01:00,313.39,313.39,313.2,313.2,861
2026-07-08 16:02:00,313.23,313.35,313.21,313.25,1560
2026-07-08 16:03:00,313.24,313.28,313.2118,313.2118,330
2026-07-08 16:04:00,313.28,313.28,313.2164,313.27,1241
2026-07-08 16:05:00,313.2687,313.28,313.2,313.2,3044
2026-07-08 16:06:00,313.14,313.21,313.13,313.2066,711
2026-07-08 16:07:00,313.2261,313.2261,313.2261,313.2261,99
2026-07-08 16:08:00,313.2014,313.39,313.15,313.15,22656
2026-07-08 16:09:00,313.18,313.19,313.18,313.19,454
2026-07-08 16:10:00,313.215,313.29,313.215,313.29,3345
2026-07-08 16:11:00,313.31,313.39,313.282,313.282,2616
2026-07-08 16:12:00,313.29,313.3,313.15,313.15,1109
2026-07-08 16:14:00,313.3,313.3,313.21,313.2222,623
2026-07-08 16:16:00,313.22,313.22,313.1494,313.1494,472
2026-07-08 16:17:00,313.18,313.1907,313.12,313.1907,2352
2026-07-08 16:18:00,313.1813,313.1891,313.1813,313.1891,4055
2026-07-08 16:20:00,313.2367,313.2367,313.2367,313.2367,153
2026-07-08 16:21:00,313.25,313.3,313.24,313.3,1311
2026-07-08 16:24:00,313.3117,313.3117,313.3097,313.3097,200
2026-07-08 16:25:00,313.35,313.35,313.31,313.31,1288
2026-07-08 16:26:00,313.31,313.31,313.3,313.3,320
2026-07-08 16:28:00,313.3,313.3,313.3,313.3,260
2026-07-08 16:29:00,313.29,313.29,313.25,313.25,420
2026-07-08 16:31:00,313.24,313.24,313.18,313.19,817
2026-07-08 16:32:00,313.2763,313.29,313.2763,313.29,739
2026-07-08 16:33:00,313.22,313.22,313.1813,313.1813,240
2026-07-08 16:34:00,313.202,313.202,313.202,313.202,150
2026-07-08 16:35:00,313.18,313.18,313.12,313.12,1330
2026-07-08 16:36:00,313.18,313.21,313.0365,313.21,1379
2026-07-08 16:37:00,313.18,313.18,313.18,313.18,294
2026-07-08 16:38:00,313.17,313.2059,313.17,313.2059,660
2026-07-08 16:39:00,313.17,313.18,313.17,313.18,162
2026-07-08 16:40:00,313.15,313.21,313.05,313.16,2432
2026-07-08 16:41:00,313.17,313.21,313.17,313.21,187
2026-07-08 16:42:00,313.19,313.25,313.06,313.25,1177
2026-07-08 16:43:00,313.23,313.23,313.21,313.21,1444
2026-07-08 16:44:00,313.211,313.25,313.211,313.25,107
2026-07-08 16:45:00,313.24,313.24,313.2255,313.2255,121
2026-07-08 16:47:00,313.2135,313.24,313.2125,313.2125,307
2026-07-08 16:49:00,313.33,313.33,313.11,313.11,485
2026-07-08 16:51:00,313.21,313.68,313.13,313.13,959
2026-07-08 16:53:00,313.2577,313.2577,313.2577,313.2577,108
2026-07-08 16:56:00,313.26,313.26,313.26,313.26,81
2026-07-08 16:59:00,313.2344,313.29,313.14,313.17,565
2026-07-08 17:02:00,313.21,313.21,313.21,313.21,100
2026-07-08 17:04:00,313.13,313.13,313.13,313.13,65
2026-07-08 17:07:00,313.31,313.38,313.2145,313.38,194
2026-07-08 17:09:00,313.24,313.24,313.21,313.21,166
2026-07-08 17:12:00,313.21,313.3,313.21,313.25,960
2026-07-08 17:13:00,313.25,313.25,313.25,313.25,499
2026-07-08 17:14:00,313.31,313.39,313.31,313.34,576
2026-07-08 17:16:00,313.2356,313.2356,313.2356,313.2356,150
2026-07-08 17:18:00,313.3,313.3,313.3,313.3,65
2026-07-08 17:19:00,313.3521,313.3521,313.3521,313.3521,100
2026-07-08 17:20:00,313.24,313.2888,313.24,313.2888,171
2026-07-08 17:21:00,313.2,313.21,313.2,313.21,140
2026-07-08 17:22:00,313.2,313.2,313.15,313.15,734
2026-07-08 17:23:00,313.1393,313.1393,313.1393,313.1393,44
2026-07-08 17:24:00,313.13,313.13,313.13,313.13,484
2026-07-08 17:25:00,313.1,313.1,313.1,313.1,75
2026-07-08 17:26:00,313.11,313.16,313.11,313.16,306
2026-07-08 17:28:00,313.17,313.413,313.16,313.413,2371
2026-07-08 17:29:00,313.4001,313.4001,313.4001,313.4001,300
2026-07-08 17:30:00,313.4,313.4,313.4,313.4,1000
2026-07-08 17:31:00,313.405,313.405,313.4,313.4,1133
2026-07-08 17:32:00,313.405,313.405,313.4,313.4,300
2026-07-08 17:33:00,313.413,313.5,313.413,313.5,200
2026-07-08 17:36:00,313.4,313.4,313.4,313.4,120
2026-07-08 17:38:00,313.41,313.45,313.41,313.45,245
2026-07-08 17:39:00,313.41,313.41,313.4,313.4,400
2026-07-08 17:41:00,313.4006,313.413,313.4006,313.41,254
2026-07-08 17:42:00,313.39,313.41,313.39,313.41,22338
2026-07-08 17:43:00,313.45,313.4501,313.45,313.4501,128
2026-07-08 17:44:00,313.41,313.41,313.41,313.41,40
2026-07-08 17:49:00,313.4,313.4,313.4,313.4,100
2026-07-08 17:50:00,313.43,313.44,313.43,313.44,246
2026-07-08 17:52:00,313.44,313.44,313.44,313.44,200
2026-07-08 17:53:00,313.44,313.44,313.44,313.44,279
2026-07-08 17:54:00,313.45,313.45,313.45,313.45,58
2026-07-08 17:55:00,313.44,313.4493,313.4326,313.4493,278
2026-07-08 17:57:00,313.43,313.43,313.43,313.43,500
2026-07-08 17:58:00,313.43,313.43,313.425,313.425,200
2026-07-08 17:59:00,313.4369,313.4369,313.42,313.42,80
2026-07-08 18:00:00,313.4,313.4,313.35,313.35,556
2026-07-08 18:02:00,313.2,313.2,313.2,313.2,240
2026-07-08 18:03:00,313.17,313.35,313.17,313.35,126
2026-07-08 18:06:00,313.26,313.26,313.26,313.26,168
2026-07-08 18:07:00,313.33,313.3498,313.33,313.3498,142
2026-07-08 18:09:00,313.2695,313.2695,313.2695,313.2695,96
2026-07-08 18:10:00,313.26,313.26,313.26,313.26,40
2026-07-08 18:12:00,313.27,313.27,313.27,313.27,800
2026-07-08 18:14:00,313.29,313.29,313.29,313.29,80
2026-07-08 18:16:00,313.34,313.34,313.34,313.34,40
2026-07-08 18:20:00,313.14,313.14,313.14,313.14,40
2026-07-08 18:26:00,313.16,313.16,313.11,313.11,80
2026-07-08 18:27:00,313.25,313.27,313.25,313.27,246
2026-07-08 18:29:00,313.2265,313.2265,313.2265,313.2265,55
2026-07-08 18:33:00,313.12,313.12,313.12,313.12,314
2026-07-08 18:35:00,313.2,313.2,313.2,313.2,50
2026-07-08 18:38:00,313.21,313.21,313.21,313.21,84
2026-07-08 18:39:00,313.185,313.185,313.185,313.185,51
2026-07-08 18:40:00,313.23,313.34,313.23,313.34,2010
2026-07-08 18:41:00,313.3,313.3,313.3,313.3,48
2026-07-08 18:42:00,313.3636,313.3636,313.3636,313.3636,200
2026-07-08 18:43:00,313.12,313.12,313.12,313.12,50
2026-07-08 18:44:00,313.176,313.176,313.176,313.176,300
2026-07-08 18:51:00,313.17,313.2,313.17,313.2,479
2026-07-08 18:52:00,313.24,313.267,313.24,313.267,1115
2026-07-08 18:53:00,313.3959,313.3959,313.3959,313.3959,1125
2026-07-08 18:57:00,313.27,313.27,313.27,313.27,200
2026-07-08 19:01:00,313.23,313.32,313.23,313.32,115
2026-07-08 19:02:00,313.23,313.2301,313.23,313.2301,100
2026-07-08 19:07:00,313.23,313.28,313.23,313.25,1457
2026-07-08 19:08:00,313.2521,313.2521,313.2521,313.2521,100
2026-07-08 19:09:00,313.3,313.3,313.3,313.3,80
2026-07-08 19:11:00,313.2521,313.2521,313.2521,313.2521,60
2026-07-08 19:17:00,313.23,313.23,313.23,313.23,82
2026-07-08 19:18:00,313.2,313.2,313.11,313.15,165
2026-07-08 19:21:00,313.05,313.05,313.05,313.05,675
2026-07-08 19:25:00,313.0443,313.0443,313.0443,313.0443,75
2026-07-08 19:26:00,313.05,313.085,313,313,1253
2026-07-08 19:28:00,313.0768,313.0768,312.89,312.89,100
2026-07-08 19:30:00,312.92,312.95,312.92,312.95,790
2026-07-08 19:31:00,312.99,312.99,312.9707,312.9707,130
2026-07-08 19:32:00,313,313,313,313,210
2026-07-08 19:33:00,313.09,313.19,313.09,313.15,279
2026-07-08 19:35:00,312.9904,313.5,312.9904,313.5,1473
2026-07-08 19:36:00,313.33,313.5,313.1,313.5,358
2026-07-08 19:38:00,313.39,313.39,313.39,313.39,100
2026-07-08 19:40:00,313.15,313.3477,313.0036,313.3477,576
2026-07-08 19:44:00,313.1,313.1,313.1,313.1,100
2026-07-08 19:45:00,313.13,313.38,313.0638,313.32,417
2026-07-08 19:46:00,313.38,313.5,313.2,313.47,687
2026-07-08 19:47:00,313.17,313.17,313.17,313.17,100
2026-07-08 19:49:00,313.15,313.15,313.11,313.11,200
2026-07-08 19:51:00,313.3321,313.3321,313.03,313.03,219
2026-07-08 19:52:00,313.03,313.03,313.03,313.03,60
2026-07-08 19:55:00,313.082,313.082,313.082,313.082,100
2026-07-08 19:56:00,313.01,313.01,313.01,313.01,205
2026-07-08 19:57:00,313.0155,313.0155,313.0155,313.0155,760
2026-07-08 19:58:00,313.1499,313.1499,313.1,313.13,255
2026-07-09 04:00:00,313.26,314.96,312.89,312.9784,32595
2026-07-09 04:01:00,313.14,314.5,312.89,313.2,3422
2026-07-09 04:02:00,313.01,314.29,312.85,313.73,1045
2026-07-09 04:03:00,313.8,314.9,313.49,313.92,8438
2026-07-09 04:04:00,314.19,314.39,312.82,312.85,7231
2026-07-09 04:05:00,312.8,312.8,312.8,312.8,64
2026-07-09 04:06:00,312.9,312.9,312.9,312.9,200
2026-07-09 04:07:00,312.85,312.85,312.8,312.8,1549
2026-07-09 04:08:00,312.67,312.67,312.67,312.67,100
2026-07-09 04:09:00,312.84,312.84,312.7,312.73,362
2026-07-09 04:10:00,312.7717,312.7717,312.7717,312.7717,319
2026-07-09 04:11:00,312.71,312.71,312.71,312.71,158
2026-07-09 04:12:00,312.84,312.84,312.84,312.84,94
2026-07-09 04:13:00,312.82,312.82,312.72,312.72,415
2026-07-09 04:14:00,312.81,312.81,312.81,312.81,480
2026-07-09 04:15:00,312.811,312.91,312.81,312.91,332
2026-07-09 04:16:00,312.98,312.98,312.98,312.98,74
2026-07-09 04:17:00,312.96,312.96,312.9,312.9,233
2026-07-09 04:18:00,312.9794,312.9794,312.8,312.8,563
2026-07-09 04:21:00,312.98,312.98,312.66,312.66,717
2026-07-09 04:23:00,312.6931,312.83,312.6931,312.81,271
2026-07-09 04:24:00,312.8,312.8,312.8,312.8,40
2026-07-09 04:25:00,312.85,312.85,312.83,312.83,543
2026-07-09 04:26:00,312.78,312.78,312.66,312.73,800
2026-07-09 04:30:00,312.72,312.72,312.69,312.69,520
2026-07-09 04:32:00,312.71,312.71,312.71,312.71,91
2026-07-09 04:33:00,312.72,312.72,312.69,312.69,859
2026-07-09 04:34:00,312.69,312.69,312.62,312.64,493
2026-07-09 04:42:00,312.7,312.7,312.7,312.7,40
2026-07-09 04:43:00,312.64,312.65,312.64,312.65,123
2026-07-09 04:44:00,312.65,312.66,312.65,312.66,100
2026-07-09 04:45:00,312.64,312.64,312.61,312.61,408
2026-07-09 04:46:00,312.54,312.54,312.54,312.54,80
2026-07-09 04:48:00,312.5,312.5,312.5,312.5,44
2026-07-09 04:49:00,312.55,312.55,312.55,312.55,200
2026-07-09 04:50:00,312.59,312.59,312.535,312.535,114
2026-07-09 04:58:00,312.58,312.58,312.58,312.58,200
2026-07-09 04:59:00,312.59,312.59,312.59,312.59,50
2026-07-09 05:00:00,312.52,312.52,312.49,312.49,398
2026-07-09 05:06:00,312.5898,312.5899,312.44,312.5899,1201
2026-07-09 05:07:00,312.59,312.59,312.59,312.59,100
2026-07-09 05:12:00,312.49,312.49,312.49,312.49,122
2026-07-09 05:13:00,312.42,312.42,312.29,312.29,671
2026-07-09 05:14:00,312.2901,312.2901,312.29,312.29,140
2026-07-09 05:15:00,312.2925,312.38,312.2925,312.38,120
2026-07-09 05:17:00,312.3,312.4,312.3,312.4,667
2026-07-09 05:19:00,312.38,312.38,312.32,312.32,171
2026-07-09 05:20:00,312.29,312.29,312.29,312.29,301
2026-07-09 05:22:00,312.1148,312.1148,312.1148,312.1148,42
2026-07-09 05:24:00,312.26,312.26,312.26,312.26,50
2026-07-09 05:34:00,312.01,312.01,312,312,334
2026-07-09 05:41:00,312.19,312.19,312.19,312.19,1380
2026-07-09 05:42:00,312.19,312.19,312.19,312.19,150
2026-07-09 05:46:00,312.39,312.45,312.3041,312.3041,575
2026-07-09 05:48:00,312.59,312.59,312.59,312.59,500
2026-07-09 05:55:00,312.53,312.68,312.53,312.68,1820
2026-07-09 05:56:00,312.5,312.5,312.48,312.48,1147
2026-07-09 05:57:00,312.43,312.43,312.43,312.43,780
2026-07-09 06:06:00,312.4898,312.4898,312.44,312.44,110
2026-07-09 06:12:00,312.4866,312.4866,312.46,312.46,130
2026-07-09 06:13:00,312.3,312.3,312.3,312.3,400
2026-07-09 06:17:00,312.37,312.37,312.37,312.37,100
2026-07-09 06:19:00,312.37,312.37,312.37,312.37,51
2026-07-09 06:21:00,312.3,312.3,312.3,312.3,520
2026-07-09 06:25:00,312.4,312.4,312.35,312.37,306
2026-07-09 06:26:00,312.31,312.31,312.3,312.3,223
2026-07-09 06:27:00,312.38,312.38,312.38,312.38,100
2026-07-09 06:28:00,312.4,312.4,312.4,312.4,300
2026-07-09 06:29:00,312.31,312.31,312.29,312.3,336
2026-07-09 06:30:00,312.19,312.28,312.19,312.28,450
2026-07-09 06:33:00,312.19,312.19,312.19,312.19,482
2026-07-09 06:34:00,312.15,312.49,312.13,312.49,382
2026-07-09 06:35:00,312.15,312.25,312.15,312.25,300
2026-07-09 06:36:00,312.23,312.23,312.2,312.23,283
2026-07-09 06:37:00,312.21,312.23,312.18,312.18,609
2026-07-09 06:38:00,312.18,312.24,312.18,312.23,948
2026-07-09 06:39:00,312.16,312.16,312.15,312.15,240
2026-07-09 06:41:00,312.15,312.15,312.15,312.15,2685
2026-07-09 06:43:00,312.08,312.08,312.05,312.05,1061
2026-07-09 06:44:00,312.18,312.29,312.18,312.29,347
2026-07-09 06:46:00,312.4012,312.4012,312.3,312.3,341
2026-07-09 06:48:00,312.33,312.4,312.33,312.4,1092
2026-07-09 06:49:00,312.37,312.44,312.37,312.38,194
2026-07-09 06:50:00,312.3046,312.45,312.3046,312.44,1521
2026-07-09 06:51:00,312.43,312.45,312.43,312.4308,2230
2026-07-09 06:52:00,312.43,312.43,312.3499,312.3499,621
2026-07-09 06:53:00,312.34,312.34,312.3,312.3,928
2026-07-09 06:55:00,312.0912,312.0912,312.0912,312.0912,60
2026-07-09 06:56:00,312.21,312.28,312.21,312.28,364
2026-07-09 06:58:00,312.21,312.21,312.21,312.21,50
2026-07-09 07:00:00,312.29,312.46,312.21,312.42,2510
2026-07-09 07:01:00,312.45,312.45,312.4422,312.45,499
2026-07-09 07:02:00,312.4114,312.4114,312.4114,312.4114,200
2026-07-09 07:03:00,312.49,312.49,312.37,312.37,859
2026-07-09 07:04:00,312.4,312.58,312.3334,312.58,2566
2026-07-09 07:05:00,312.5321,312.5981,312.5321,312.5981,510
2026-07-09 07:06:00,312.58,312.58,312.46,312.48,1027
2026-07-09 07:07:00,312.49,312.49,312.44,312.49,2374
2026-07-09 07:08:00,312.5753,312.6,312.47,312.48,1042
2026-07-09 07:09:00,312.49,312.51,312.49,312.51,500
2026-07-09 07:11:00,312.4486,312.52,312.4486,312.52,529
2026-07-09 07:12:00,312.5725,312.5725,312.52,312.52,130
2026-07-09 07:14:00,312.55,312.55,312.5,312.5,297
2026-07-09 07:16:00,312.47,312.47,312.4112,312.4112,263
2026-07-09 07:17:00,312.43,312.43,312.43,312.43,151
2026-07-09 07:18:00,312.4837,312.4837,312.4,312.4,363
2026-07-09 07:20:00,312.48,312.48,312.33,312.34,668
2026-07-09 07:22:00,312.356,312.356,312.356,312.356,200
2026-07-09 07:23:00,312.34,312.38,312.3301,312.38,1246
2026-07-09 07:24:00,312.34,312.34,312.22,312.22,432
2026-07-09 07:25:00,312.22,312.3,312.22,312.27,1217
2026-07-09 07:26:00,312.296,312.296,312.21,312.21,2428
2026-07-09 07:27:00,312.25,312.25,312.163,312.163,175
2026-07-09 07:28:00,312.15,312.15,312.05,312.1,783
2026-07-09 07:29:00,312.07,312.09,312.07,312.09,186
2026-07-09 07:30:00,312.07,312.09,312.01,312.065,2020
2026-07-09 07:31:00,312.02,312.1,312.0108,312.1,674
2026-07-09 07:32:00,312.08,312.1058,312.01,312.01,1772
2026-07-09 07:33:00,312.2,312.2,312.07,312.07,428
2026-07-09 07:34:00,312.1,312.1,312.1,312.1,400
2026-07-09 07:35:00,312.0974,312.1,312,312,5907
2026-07-09 07:36:00,312,312.15,311.91,312.15,1332
2026-07-09 07:37:00,312.14,312.14,312.06,312.06,981
2026-07-09 07:38:00,312,312.18,311.9,312.18,225
2026-07-09 07:39:00,312.0412,312.2,312.0412,312.2,395
2026-07-09 07:40:00,312.06,312.06,312.06,312.06,167
2026-07-09 07:41:00,312.0101,312.25,312.0101,312.25,400
2026-07-09 07:42:00,312.01,312.04,312.01,312.04,682
2026-07-09 07:43:00,312.2273,312.2273,312.15,312.15,350
2026-07-09 07:44:00,312.05,312.05,312.05,312.05,111
2026-07-09 07:45:00,312.14,312.27,312.14,312.25,5541
2026-07-09 07:46:00,312.35,312.4,312.35,312.4,375
2026-07-09 07:47:00,312.46,312.46,312.46,312.46,45
2026-07-09 07:48:00,312.46,312.46,312.32,312.32,955
2026-07-09 07:49:00,312.46,312.46,312.25,312.45,920
2026-07-09 07:50:00,312.43,312.45,312.4,312.4,249
2026-07-09 07:51:00,312.4,312.4,312.38,312.38,165
2026-07-09 07:52:00,312.4,312.4,312.4,312.4,171
2026-07-09 07:53:00,312.39,312.39,312.34,312.34,182
2026-07-09 07:54:00,312.4004,312.4004,312.38,312.38,93
2026-07-09 07:55:00,312.41,312.46,312.4,312.46,525
2026-07-09 07:56:00,312.35,312.35,312.35,312.35,477
2026-07-09 07:57:00,312.39,312.39,312.39,312.39,47
2026-07-09 07:59:00,312.46,312.46,312.46,312.46,100
2026-07-09 08:01:00,312.3,312.3,312.3,312.3,48
2026-07-09 08:02:00,312.35,312.607,312.34,312.34,699
2026-07-09 08:03:00,312.29,312.29,312.29,312.29,118
2026-07-09 08:04:00,312.31,312.31,312.31,312.31,80
2026-07-09 08:05:00,312.31,312.31,312.31,312.31,165
2026-07-09 08:06:00,312.3383,312.35,312.25,312.35,3121
2026-07-09 08:07:00,312.373,312.373,312.373,312.373,70
2026-07-09 08:08:00,312.4,312.46,312.37,312.39,1479
2026-07-09 08:09:00,312.39,312.39,312.3674,312.3674,90
2026-07-09 08:10:00,312.2527,312.358,312.2527,312.29,926
2026-07-09 08:11:00,312.2363,312.2363,312.2,312.2,151
2026-07-09 08:12:00,312.1,312.25,312.06,312.25,310
2026-07-09 08:13:00,312.26,312.34,312.26,312.34,1824
2026-07-09 08:14:00,312.385,312.385,312.3,312.31,381
2026-07-09 08:15:00,312.35,312.35,312.35,312.35,70
2026-07-09 08:16:00,312.38,312.38,312.31,312.32,207
2026-07-09 08:17:00,312.35,312.35,312.09,312.09,2035
2026-07-09 08:18:00,312.0601,312.08,312.01,312.01,949
2026-07-09 08:19:00,312,312.03,312,312.03,1517
2026-07-09 08:20:00,312.1,312.1,312.06,312.1,347
2026-07-09 08:21:00,312.06,312.06,311.97,311.97,1373
2026-07-09 08:22:00,311.95,311.9758,311.8117,311.8517,1124
2026-07-09 08:23:00,311.88,311.95,311.88,311.95,2579
2026-07-09 08:24:00,311.95,312,311.89,311.9771,289
2026-07-09 08:25:00,312,312,311.95,311.95,1540
2026-07-09 08:26:00,311.9989,312.02,311.95,312.02,760
2026-07-09 08:27:00,312.2,312.46,312.2,312.34,4407
2026-07-09 08:28:00,312.34,312.34,312.3,312.34,743
2026-07-09 08:29:00,312.33,312.3387,312.33,312.3387,180
2026-07-09 08:30:00,312.36,312.36,312.33,312.33,3531
2026-07-09 08:32:00,312.2843,312.4,312.2843,312.39,700
2026-07-09 08:33:00,312.37,312.37,312.35,312.35,200
2026-07-09 08:34:00,312.2947,312.45,312.2947,312.45,1968
2026-07-09 08:35:00,312.33,312.4093,312.28,312.4093,903
2026-07-09 08:36:00,312.3001,312.51,312.3001,312.339,4000
2026-07-09 08:38:00,312.6,312.6,312.54,312.5438,1344
2026-07-09 08:39:00,312.65,312.77,312.55,312.55,3468
2026-07-09 08:40:00,312.55,312.55,312.36,312.36,1364
2026-07-09 08:42:00,312.4,312.5869,312.4,312.5869,300
2026-07-09 08:43:00,312.4,312.58,312.35,312.35,854
2026-07-09 08:44:00,312.35,312.465,312.35,312.465,106
2026-07-09 08:45:00,312.3501,312.36,312.35,312.35,457
2026-07-09 08:48:00,312.28,312.28,312.28,312.28,100
2026-07-09 08:49:00,312.28,312.28,312.28,312.28,600
2026-07-09 08:50:00,312.3,312.3,312.12,312.25,4645
2026-07-09 08:51:00,312.1,312.1,311.85,311.89,7229
2026-07-09 08:52:00,311.85,311.85,311.34,311.41,6705
2026-07-09 08:53:00,311.7388,311.83,311.42,311.7794,2590
2026-07-09 08:54:00,311.65,311.65,311.57,311.57,680
2026-07-09 08:55:00,311.5783,311.59,311.57,311.59,350
2026-07-09 08:56:00,311.56,311.59,311.41,311.41,3750
2026-07-09 08:57:00,311.41,311.45,311.37,311.4,460
2026-07-09 08:58:00,311.4099,311.41,311.35,311.35,2668
2026-07-09 08:59:00,311.3,311.55,311.26,311.55,6042
2026-07-09 09:00:00,311.7,311.7,311.54,311.6,2202
2026-07-09 09:01:00,311.525,311.525,311.4514,311.46,1569
2026-07-09 09:02:00,311.5,311.6,311.47,311.5,2921
2026-07-09 09:03:00,311.63,311.7627,311.54,311.7362,1224
2026-07-09 09:04:00,311.55,311.77,311.52,311.65,4286
2026-07-09 09:05:00,311.53,311.7799,311.5,311.7799,5765
2026-07-09 09:06:00,311.67,311.7484,311.67,311.671,409
2026-07-09 09:07:00,311.73,311.78,311.7104,311.7104,1339
2026-07-09 09:08:00,311.54,312,311.54,311.6461,3630
2026-07-09 09:09:00,311.5656,311.811,311.5656,311.75,1436
2026-07-09 09:10:00,311.75,311.974,311.75,311.75,1504
2026-07-09 09:11:00,311.75,311.95,311.635,311.938,532
2026-07-09 09:12:00,311.89,311.99,311.8,311.8955,1809
2026-07-09 09:13:00,311.8112,311.98,311.8112,311.98,931
2026-07-09 09:14:00,311.84,311.85,311.75,311.75,7593
2026-07-09 09:15:00,311.6653,311.6653,311.64,311.64,600
2026-07-09 09:16:00,311.86,311.8796,311.86,311.8796,290
2026-07-09 09:17:00,311.95,311.96,311.9078,311.959,565
2026-07-09 09:18:00,311.9,311.9783,311.89,311.9,1154
2026-07-09 09:19:00,311.89,311.89,311.8517,311.8517,432
2026-07-09 09:20:00,311.95,312,311.91,312,2923
2026-07-09 09:21:00,311.99,312.095,311.94,311.95,1349
2026-07-09 09:22:00,311.95,312,311.87,311.88,5369
2026-07-09 09:23:00,311.99,312,311.86,312,809
2026-07-09 09:24:00,312.0117,312.08,312,312,6836
2026-07-09 09:25:00,312,312,311.53,311.61,3547
2026-07-09 09:26:00,311.63,312,311.63,311.835,4612
2026-07-09 09:27:00,311.7,312.19,311.5,311.5,7494
2026-07-09 09:28:00,311.5,311.5,310,310.58,99482
2026-07-09 09:29:00,310.33,310.66,310.24,310.31,24908
2026-07-09 09:30:00,310.34,311.08,309.04,309.41,854364
2026-07-09 09:31:00,309.33,309.41,308.16,308.8,187025
2026-07-09 09:32:00,308.7001,310.11,308.525,309.96,207053
2026-07-09 09:33:00,309.92,310.4099,309.64,310.29,110654
2026-07-09 09:34:00,310.33,310.78,310.16,310.74,145714
2026-07-09 09:35:00,310.7191,311.24,310.69,311.18,162473
2026-07-09 09:36:00,311.13,311.28,310.67,311.085,127309
2026-07-09 09:37:00,311.06,311.95,311.03,311.655,129365
2026-07-09 09:38:00,311.61,311.9175,311.31,311.865,92973
2026-07-09 09:39:00,311.84,312.07,311.57,311.79,159837
2026-07-09 09:40:00,311.8128,311.84,310.31,310.3699,110533
2026-07-09 09:41:00,310.3301,310.99,310.19,310.86,122996
2026-07-09 09:42:00,310.87,311.1,310.78,310.8,101723
2026-07-09 09:43:00,310.8,311.21,310.73,311.1,63969
2026-07-09 09:44:00,311.09,311.26,310.44,310.87,90360
2026-07-09 09:45:00,310.85,311.1666,310.82,311.09,60963
2026-07-09 09:46:00,311.07,311.1112,310.77,310.845,83319
2026-07-09 09:47:00,310.85,311.43,310.835,311.3,69108
2026-07-09 09:48:00,311.28,311.46,311.0794,311.445,48512
2026-07-09 09:49:00,311.43,311.61,311.16,311.505,59301
2026-07-09 09:50:00,311.47,311.58,311.26,311.51,71061
2026-07-09 09:51:00,311.52,311.64,311.01,311.14,117578
2026-07-09 09:52:00,311.135,311.2784,310.7,310.76,138225
2026-07-09 09:53:00,310.7599,311.36,310.7599,311.33,63318
2026-07-09 09:54:00,311.33,311.86,311.29,311.72,167068
2026-07-09 09:55:00,311.72,311.76,311.14,311.345,71212
2026-07-09 09:56:00,311.3234,311.33,311.0152,311.025,74383
2026-07-09 09:57:00,311.025,311.21,310.8282,310.85,86763
2026-07-09 09:58:00,310.85,311.04,310.76,310.85,106272
2026-07-09 09:59:00,310.85,311.1,310.6501,310.975,84510
2026-07-09 10:00:00,310.98,311.34,310.84,310.96,58053
2026-07-09 10:01:00,310.96,311,310.5,310.559,67518
2026-07-09 10:02:00,310.59,310.62,310.16,310.335,90538
2026-07-09 10:03:00,310.35,310.62,310.31,310.615,48602
2026-07-09 10:04:00,310.61,310.63,310.29,310.38,46871
2026-07-09 10:05:00,310.38,310.4998,310.235,310.32,48038
2026-07-09 10:06:00,310.33,310.74,310.32,310.44,60583
2026-07-09 10:07:00,310.44,310.84,310.4,310.795,44480
2026-07-09 10:08:00,310.8,311.41,310.78,311.29,93606
2026-07-09 10:09:00,311.32,311.6,311.32,311.32,85909
2026-07-09 10:10:00,311.33,311.69,311.2045,311.67,112787
2026-07-09 10:11:00,311.665,311.945,311.14,311.48,201093
2026-07-09 10:12:00,311.475,311.55,311.19,311.24,63439
2026-07-09 10:13:00,311.25,311.26,310.87,311.08,65585
2026-07-09 10:14:00,311.09,311.14,310.765,310.855,57158
2026-07-09 10:15:00,310.85,310.9,310.5,310.555,66991
2026-07-09 10:16:00,310.55,310.8599,310.39,310.8201,68952
2026-07-09 10:17:00,310.82,310.83,310.57,310.7499,40551
2026-07-09 10:18:00,310.75,311.0199,310.74,310.96,45606
2026-07-09 10:19:00,310.96,310.99,310.66,310.925,46173
2026-07-09 10:20:00,310.93,311.36,310.905,311.33,50604
2026-07-09 10:21:00,311.34,311.71,311.33,311.615,75434
2026-07-09 10:22:00,311.62,311.85,311.45,311.45,112903
2026-07-09 10:23:00,311.47,311.69,311.41,311.69,51353
2026-07-09 10:24:00,311.68,311.68,311.33,311.56,53947
2026-07-09 10:25:00,311.54,312.3,311.53,312.11,73815
2026-07-09 10:26:00,312.13,312.13,311.83,312.052,93773
2026-07-09 10:27:00,312.07,312.25,311.97,312.06,63403
2026-07-09 10:28:00,312.04,312.1,311.855,311.96,45638
2026-07-09 10:29:00,311.93,312.09,311.86,312.07,54204
2026-07-09 10:30:00,312.07,312.35,311.93,312.26,60115
2026-07-09 10:31:00,312.24,312.24,311.74,311.92,90742
2026-07-09 10:32:00,311.92,312.19,311.87,312.0595,55668
2026-07-09 10:33:00,312.05,312.18,312.025,312.06,44915
2026-07-09 10:34:00,312.02,312.15,311.96,312.15,49913
2026-07-09 10:35:00,312.176,312.364,312.12,312.32,68260
2026-07-09 10:36:00,312.315,312.3599,312.13,312.1941,56069
2026-07-09 10:37:00,312.1901,312.1901,311.95,312,64399
2026-07-09 10:38:00,311.97,312.24,311.94,312.24,41941
2026-07-09 10:39:00,312.2275,312.36,312.0905,312.35,45124
2026-07-09 10:40:00,312.35,312.4,312.08,312.2199,66465
2026-07-09 10:41:00,312.195,312.22,311.79,311.91,55930
2026-07-09 10:42:00,311.92,311.985,311.66,311.85,87977
2026-07-09 10:43:00,311.855,312,311.7,311.77,45441
2026-07-09 10:44:00,311.74,311.8,311.52,311.62,38547
2026-07-09 10:45:00,311.625,311.72,311.43,311.45,40709
2026-07-09 10:46:00,311.46,311.48,311.14,311.14,52233
2026-07-09 10:47:00,311.14,311.175,310.72,310.75,86933
2026-07-09 10:48:00,310.7499,311.04,310.74,310.98,38901
2026-07-09 10:49:00,311.01,311.03,310.7012,310.93,49801
2026-07-09 10:50:00,310.92,311.075,310.8132,310.97,48098
2026-07-09 10:51:00,310.96,311.07,310.88,311,39286
2026-07-09 10:52:00,310.995,311.02,310.82,310.965,30976
2026-07-09 10:53:00,310.95,311.34,310.95,311.3,46776
2026-07-09 10:54:00,311.29,311.42,311.18,311.38,31262
2026-07-09 10:55:00,311.38,311.44,311.2683,311.31,39125
2026-07-09 10:56:00,311.32,311.48,311.275,311.365,35413
2026-07-09 10:57:00,311.37,311.42,311.285,311.335,26176
2026-07-09 10:58:00,311.35,311.49,311.27,311.475,35353
2026-07-09 10:59:00,311.49,311.56,311.41,311.555,26213
2026-07-09 11:00:00,311.55,311.7599,311.51,311.63,56491
2026-07-09 11:01:00,311.6,311.83,311.55,311.79,42404
2026-07-09 11:02:00,311.78,311.87,311.63,311.665,79963
2026-07-09 11:03:00,311.67,311.7799,311.6,311.72,29361
2026-07-09 11:04:00,311.72,311.839,311.68,311.8,29686
2026-07-09 11:05:00,311.8,312.1,311.765,311.84,42061
2026-07-09 11:06:00,311.84,312,311.83,311.98,26970
2026-07-09 11:07:00,311.975,312.035,311.69,311.755,44684
2026-07-09 11:08:00,311.74,311.92,311.71,311.772,33508
2026-07-09 11:09:00,311.7999,311.84,311.7,311.79,37038
2026-07-09 11:10:00,311.81,311.895,311.785,311.83,30344
2026-07-09 11:11:00,311.81,312.1,311.79,311.98,55114
2026-07-09 11:12:00,311.98,312.21,311.97,312.18,39002
2026-07-09 11:13:00,312.17,312.17,311.95,311.99,40455
2026-07-09 11:14:00,311.99,312.47,311.94,312.435,107561
2026-07-09 11:15:00,312.43,312.75,312.42,312.71,53438
2026-07-09 11:16:00,312.7,312.85,312.62,312.72,48812
2026-07-09 11:17:00,312.72,312.79,312.65,312.705,44111
2026-07-09 11:18:00,312.705,313.01,312.68,312.935,88713
2026-07-09 11:19:00,312.935,313.36,312.75,313.31,71742
2026-07-09 11:20:00,313.32,314.205,313.29,314.0652,178614
2026-07-09 11:21:00,314.08,314.1999,313.99,314.02,82446
2026-07-09 11:22:00,314.02,314.26,313.78,314.0354,160617
2026-07-09 11:23:00,314.031,314.3,314.03,314.255,53152
2026-07-09 11:24:00,314.2404,314.42,314.12,314.27,84668
2026-07-09 11:25:00,314.26,314.35,314.15,314.29,75053
2026-07-09 11:26:00,314.3,314.57,314.3,314.51,84041
2026-07-09 11:27:00,314.51,314.66,314.46,314.65,52806
2026-07-09 11:28:00,314.64,314.79,314.6199,314.72,80045
2026-07-09 11:29:00,314.7232,314.85,314.38,314.46,59135
2026-07-09 11:30:00,314.4699,314.5999,314.3,314.455,43375
2026-07-09 11:31:00,314.47,314.7325,314.45,314.5903,76576
2026-07-09 11:32:00,314.59,314.71,314.55,314.69,43342
2026-07-09 11:33:00,314.69,314.86,314.6,314.85,63169
2026-07-09 11:34:00,314.84,314.9,314.48,314.49,44470
2026-07-09 11:35:00,314.51,314.75,314.48,314.735,53773
2026-07-09 11:36:00,314.73,314.75,314.5712,314.6046,54359
2026-07-09 11:37:00,314.605,314.73,314.52,314.73,31363
2026-07-09 11:38:00,314.715,315.02,314.7,314.889,211894
2026-07-09 11:39:00,314.8799,314.94,314.735,314.915,79393
2026-07-09 11:40:00,314.915,314.95,314.7001,314.76,43215
2026-07-09 11:41:00,314.745,314.87,314.59,314.82,48991
2026-07-09 11:42:00,314.81,314.85,314.71,314.73,31559
2026-07-09 11:43:00,314.75,314.815,314.66,314.7,27991
2026-07-09 11:44:00,314.695,314.755,314.56,314.605,39380
2026-07-09 11:45:00,314.62,314.71,314.47,314.68,43871
2026-07-09 11:46:00,314.69,314.91,314.6135,314.84,61862
2026-07-09 11:47:00,314.85,314.93,314.77,314.79,52853
2026-07-09 11:48:00,314.79,314.87,314.62,314.695,67019
2026-07-09 11:49:00,314.69,314.87,314.69,314.855,31699
2026-07-09 11:50:00,314.855,314.88,314.72,314.73,40637
2026-07-09 11:51:00,314.75,314.89,314.7,314.77,38538
2026-07-09 11:52:00,314.78,314.85,314.67,314.74,31932
2026-07-09 11:53:00,314.74,314.84,314.67,314.7001,29982
2026-07-09 11:54:00,314.695,314.7299,314.58,314.58,30912
2026-07-09 11:55:00,314.58,314.79,314.58,314.785,31733
2026-07-09 11:56:00,314.785,314.87,314.716,314.73,39339
2026-07-09 11:57:00,314.72,314.86,314.67,314.75,31550
2026-07-09 11:58:00,314.75,314.9093,314.75,314.78,53347
2026-07-09 11:59:00,314.775,314.8654,314.7,314.77,34254
2026-07-09 12:00:00,314.79,315.04,314.78,314.92,107434
2026-07-09 12:01:00,314.91,314.96,314.72,314.765,57987
2026-07-09 12:02:00,314.765,314.83,314.6,314.82,52677
2026-07-09 12:03:00,314.82,315,314.77,314.85,53317
2026-07-09 12:04:00,314.84,315.07,314.811,315.025,63775
2026-07-09 12:05:00,315.03,315.22,314.755,314.805,112654
2026-07-09 12:06:00,314.82,314.86,314.65,314.815,50030
2026-07-09 12:07:00,314.81,314.9,314.72,314.755,58165
2026-07-09 12:08:00,314.76,314.86,314.72,314.77,49457
2026-07-09 12:09:00,314.76,314.8499,314.66,314.775,49898
2026-07-09 12:10:00,314.77,314.8218,314.65,314.695,29041
2026-07-09 12:11:00,314.71,314.71,314.52,314.6,41606
2026-07-09 12:12:00,314.6099,314.63,314.421,314.46,79636
2026-07-09 12:13:00,314.45,314.47,314.24,314.28,70557
2026-07-09 12:14:00,314.26,314.57,314.2401,314.505,44668
2026-07-09 12:15:00,314.52,314.59,314.43,314.43,45925
2026-07-09 12:16:00,314.44,314.53,314.38,314.41,30552
2026-07-09 12:17:00,314.39,314.4,314.2815,314.36,44522
2026-07-09 12:18:00,314.37,314.47,314.34,314.445,42348
2026-07-09 12:19:00,314.445,314.445,314.325,314.355,32022
2026-07-09 12:20:00,314.355,314.37,314.21,314.27,38343
2026-07-09 12:21:00,314.265,314.41,314.09,314.34,84951
2026-07-09 12:22:00,314.3599,314.7,314.3,314.63,111669
2026-07-09 12:23:00,314.645,314.8461,314.58,314.8,80287
2026-07-09 12:24:00,314.7901,314.8598,314.67,314.681,42790
2026-07-09 12:25:00,314.686,314.7899,314.64,314.7499,34294
2026-07-09 12:26:00,314.73,314.9583,314.72,314.9399,54868
2026-07-09 12:27:00,314.91,315.16,314.88,315.11,88183
2026-07-09 12:28:00,315.11,315.22,314.85,314.97,106427
2026-07-09 12:29:00,314.99,315.09,314.85,314.9,47576
2026-07-09 12:30:00,314.9001,315.01,314.86,314.92,39579
2026-07-09 12:31:00,314.925,315.05,314.88,315.025,56728
2026-07-09 12:32:00,315.03,315.2129,315,315.135,80934
2026-07-09 12:33:00,315.135,315.43,315.0627,315.3832,94428
2026-07-09 12:34:00,315.375,315.375,315.085,315.105,40101
2026-07-09 12:35:00,315.105,315.27,315.08,315.265,50156
2026-07-09 12:36:00,315.28,315.41,315.2701,315.355,52858
2026-07-09 12:37:00,315.355,315.5,315.28,315.34,97910
2026-07-09 12:38:00,315.34,315.35,315.22,315.26,37155
2026-07-09 12:39:00,315.255,315.33,315.09,315.1,62759
2026-07-09 12:40:00,315.12,315.13,314.9,315.01,71079
2026-07-09 12:41:00,315.02,315.175,314.98,315.16,36044
2026-07-09 12:42:00,315.165,315.22,314.94,314.97,43601
2026-07-09 12:43:00,314.975,315.04,314.92,314.96,24253
2026-07-09 12:44:00,314.96,315.02,314.87,315,34885
2026-07-09 12:45:00,314.99,315.12,314.93,314.96,51087
2026-07-09 12:46:00,314.96,315,314.86,314.92,43483
2026-07-09 12:47:00,314.93,314.96,314.718,314.73,57511
2026-07-09 12:48:00,314.71,314.83,314.5701,314.62,73577
2026-07-09 12:49:00,314.6399,314.68,314.53,314.61,44846
2026-07-09 12:50:00,314.62,314.64,314.5205,314.56,32838
2026-07-09 12:51:00,314.57,314.6155,314.42,314.465,43378
2026-07-09 12:52:00,314.465,314.62,314.46,314.595,34915
2026-07-09 12:53:00,314.5901,314.64,314.49,314.525,45604
2026-07-09 12:54:00,314.52,314.58,314.44,314.5,35293
2026-07-09 12:55:00,314.49,314.67,314.45,314.66,33296
2026-07-09 12:56:00,314.66,314.77,314.62,314.6315,47608
2026-07-09 12:57:00,314.6301,314.73,314.5801,314.67,37494
2026-07-09 12:58:00,314.65,314.75,314.6,314.69,28427
2026-07-09 12:59:00,314.68,314.7402,314.565,314.71,49614
2026-07-09 13:00:00,314.72,314.97,314.6701,314.97,52548
2026-07-09 13:01:00,314.98,315.03,314.7408,314.815,95541
2026-07-09 13:02:00,314.8,314.8299,314.6075,314.805,35122
2026-07-09 13:03:00,314.81,314.97,314.8,314.92,35016
2026-07-09 13:04:00,314.9,315.02,314.9,314.98,38189
2026-07-09 13:05:00,314.9703,315.01,314.9,314.93,35209
2026-07-09 13:06:00,314.929,314.98,314.83,314.95,27403
2026-07-09 13:07:00,314.96,314.98,314.82,314.87,25547
2026-07-09 13:08:00,314.86,314.97,314.86,314.94,24345
2026-07-09 13:09:00,314.93,314.95,314.8412,314.9,23225
2026-07-09 13:10:00,314.905,315.1395,314.89,315.045,56479
2026-07-09 13:11:00,315.06,315.14,315.025,315.08,51818
2026-07-09 13:12:00,315.08,315.18,315.03,315.165,28781
2026-07-09 13:13:00,315.17,315.18,315.03,315.07,41087
2026-07-09 13:14:00,315.07,315.09,314.96,315.05,26293
2026-07-09 13:15:00,315.05,315.08,314.995,314.995,25966
2026-07-09 13:16:00,315.01,315.02,314.71,314.715,39325
2026-07-09 13:17:00,314.715,314.79,314.58,314.66,63217
2026-07-09 13:18:00,314.66,314.76,314.58,314.715,68789
2026-07-09 13:19:00,314.715,314.76,314.61,314.69,63884
2026-07-09 13:20:00,314.69,314.71,314.31,314.45,103388
2026-07-09 13:21:00,314.455,314.54,314.38,314.45,39871
2026-07-09 13:22:00,314.45,314.64,314.43,314.535,41328
2026-07-09 13:23:00,314.535,314.61,314.52,314.575,33606
2026-07-09 13:24:00,314.58,314.7,314.57,314.66,31050
2026-07-09 13:25:00,314.665,314.75,314.64,314.72,26461
2026-07-09 13:26:00,314.72,314.8,314.72,314.73,41473
2026-07-09 13:27:00,314.74,314.79,314.7,314.78,26918
2026-07-09 13:28:00,314.79,314.8,314.675,314.69,38315
2026-07-09 13:29:00,314.695,314.8,314.67,314.7214,32813
2026-07-09 13:30:00,314.73,314.79,314.66,314.7,25586
2026-07-09 13:31:00,314.69,314.72,314.43,314.515,43165
2026-07-09 13:32:00,314.515,314.67,314.48,314.65,55764
2026-07-09 13:33:00,314.65,314.73,314.565,314.7,26204
2026-07-09 13:34:00,314.705,314.78,314.66,314.7,33423
2026-07-09 13:35:00,314.69,314.76,314.62,314.68,36608
2026-07-09 13:36:00,314.71,314.77,314.54,314.54,35064
2026-07-09 13:37:00,314.5699,314.75,314.5699,314.73,21125
2026-07-09 13:38:00,314.71,314.73,314.62,314.66,26414
2026-07-09 13:39:00,314.66,314.79,314.6231,314.7807,31170
2026-07-09 13:40:00,314.79,314.8,314.72,314.79,33638
2026-07-09 13:41:00,314.79,314.86,314.71,314.795,23593
2026-07-09 13:42:00,314.795,314.86,314.77,314.79,20147
2026-07-09 13:43:00,314.7801,314.81,314.73,314.74,26360
2026-07-09 13:44:00,314.745,314.86,314.72,314.85,23728
2026-07-09 13:45:00,314.86,314.89,314.83,314.89,23178
2026-07-09 13:46:00,314.88,314.89,314.74,314.79,25743
2026-07-09 13:47:00,314.79,314.83,314.7,314.71,35112
2026-07-09 13:48:00,314.7,314.73,314.63,314.68,29023
2026-07-09 13:49:00,314.66,314.83,314.61,314.83,27250
2026-07-09 13:50:00,314.83,314.88,314.8,314.8001,30492
2026-07-09 13:51:00,314.83,314.87,314.78,314.8,22467
2026-07-09 13:52:00,314.8,314.88,314.78,314.78,24017
2026-07-09 13:53:00,314.78,314.82,314.7508,314.79,13438
2026-07-09 13:54:00,314.79,314.92,314.79,314.805,28979
2026-07-09 13:55:00,314.805,314.92,314.785,314.89,19820
2026-07-09 13:56:00,314.89,315.07,314.89,314.99,78915
2026-07-09 13:57:00,314.985,315.06,314.905,315.06,40500
2026-07-09 13:58:00,315.06,315.08,314.71,314.9001,62069
2026-07-09 13:59:00,314.91,314.99,314.84,314.98,22383
2026-07-09 14:00:00,314.99,314.99,314.86,314.92,31572
2026-07-09 14:01:00,314.915,315.03,314.9,314.94,38742
2026-07-09 14:02:00,314.955,314.9867,314.89,314.9601,34610
2026-07-09 14:03:00,314.98,315.12,314.96,315.12,51564
2026-07-09 14:04:00,315.12,315.31,315.12,315.27,116348
2026-07-09 14:05:00,315.27,315.3199,315,315.195,126723
2026-07-09 14:06:00,315.2,315.3,315.04,315.105,55927
2026-07-09 14:07:00,315.1,315.13,314.865,314.95,38558
2026-07-09 14:08:00,314.9401,314.96,314.78,314.805,51754
2026-07-09 14:09:00,314.81,314.85,314.61,314.635,36715
2026-07-09 14:10:00,314.635,314.7,314.48,314.52,78254
2026-07-09 14:11:00,314.52,314.79,314.5113,314.7201,41072
2026-07-09 14:12:00,314.735,314.76,314.6602,314.7099,26290
2026-07-09 14:13:00,314.69,314.91,314.64,314.83,36115
2026-07-09 14:14:00,314.835,314.87,314.705,314.795,30452
2026-07-09 14:15:00,314.78,314.89,314.73,314.74,41491
2026-07-09 14:16:00,314.745,314.905,314.69,314.73,51870
2026-07-09 14:17:00,314.72,314.7799,314.67,314.69,28900
2026-07-09 14:18:00,314.69,314.765,314.67,314.71,23743
2026-07-09 14:19:00,314.72,314.79,314.67,314.765,25568
2026-07-09 14:20:00,314.765,314.78,314.605,314.63,43593
2026-07-09 14:21:00,314.63,314.68,314.62,314.67,27338
2026-07-09 14:22:00,314.66,314.71,314.55,314.56,29993
2026-07-09 14:23:00,314.56,314.63,314.535,314.54,37460
2026-07-09 14:24:00,314.55,314.63,314.51,314.56,38161
2026-07-09 14:25:00,314.575,314.65,314.56,314.595,30694
2026-07-09 14:26:00,314.6,314.65,314.48,314.57,70900
2026-07-09 14:27:00,314.57,314.61,314.26,314.31,59706
2026-07-09 14:28:00,314.33,314.38,314.23,314.32,27545
2026-07-09 14:29:00,314.33,314.56,314.31,314.56,40428
2026-07-09 14:30:00,314.56,314.7,314.55,314.62,88219
2026-07-09 14:31:00,314.63,314.655,314.42,314.46,44139
2026-07-09 14:32:00,314.47,314.52,314.44,314.495,50500
2026-07-09 14:33:00,314.48,314.5,314.38,314.455,53870
2026-07-09 14:34:00,314.45,314.7,314.45,314.61,43128
2026-07-09 14:35:00,314.61,314.69,314.56,314.57,38086
2026-07-09 14:36:00,314.5669,314.575,314.44,314.46,28846
2026-07-09 14:37:00,314.45,314.64,314.45,314.6,35102
2026-07-09 14:38:00,314.595,314.69,314.575,314.66,48686
2026-07-09 14:39:00,314.66,314.75,314.53,314.54,24125
2026-07-09 14:40:00,314.54,314.79,314.54,314.725,59319
2026-07-09 14:41:00,314.725,314.78,314.66,314.72,27649
2026-07-09 14:42:00,314.73,314.75,314.63,314.63,33697
2026-07-09 14:43:00,314.6301,314.76,314.61,314.66,31543
2026-07-09 14:44:00,314.665,314.78,314.66,314.69,45906
2026-07-09 14:45:00,314.67,314.74,314.64,314.69,31284
2026-07-09 14:46:00,314.68,314.71,314.55,314.635,38725
2026-07-09 14:47:00,314.635,314.76,314.58,314.605,46937
2026-07-09 14:48:00,314.61,314.78,314.5701,314.5701,24038
2026-07-09 14:49:00,314.57,314.63,314.4901,314.63,26190
2026-07-09 14:50:00,314.6001,314.63,314.47,314.52,33270
2026-07-09 14:51:00,314.53,314.615,314.405,314.45,30729
2026-07-09 14:52:00,314.4698,314.57,314.4601,314.55,39731
2026-07-09 14:53:00,314.55,314.56,314.44,314.465,35057
2026-07-09 14:54:00,314.4693,314.4764,314.31,314.33,24569
2026-07-09 14:55:00,314.3499,314.39,314.25,314.335,32901
2026-07-09 14:56:00,314.34,314.37,314.2801,314.37,24774
2026-07-09 14:57:00,314.36,314.39,314.29,314.375,41808
2026-07-09 14:58:00,314.375,314.47,314.3,314.47,47741
2026-07-09 14:59:00,314.47,314.53,314.42,314.44,34281
2026-07-09 15:00:00,314.44,314.6,314.405,314.59,32343
2026-07-09 15:01:00,314.5702,314.715,314.5702,314.63,29986
2026-07-09 15:02:00,314.64,314.69,314.57,314.61,32265
2026-07-09 15:03:00,314.615,314.74,314.5901,314.73,24705
2026-07-09 15:04:00,314.73,314.83,314.72,314.805,41811
2026-07-09 15:05:00,314.805,314.8401,314.73,314.8,23177
2026-07-09 15:06:00,314.8,314.8,314.655,314.77,34631
2026-07-09 15:07:00,314.78,314.785,314.65,314.7205,26768
2026-07-09 15:08:00,314.73,314.76,314.63,314.73,43823
2026-07-09 15:09:00,314.73,314.87,314.725,314.81,26624
2026-07-09 15:10:00,314.81,314.95,314.81,314.93,43458
2026-07-09 15:11:00,314.93,315.08,314.92,315.07,65236
2026-07-09 15:12:00,315.09,315.14,315.05,315.0995,33380
2026-07-09 15:13:00,315.1,315.1262,315.03,315.045,38559
2026-07-09 15:14:00,315.05,315.17,314.97,315.15,45914
2026-07-09 15:15:00,315.15,315.42,315.14,315.415,80160
2026-07-09 15:16:00,315.415,315.45,315.24,315.27,53973
2026-07-09 15:17:00,315.28,315.47,315.28,315.4,51018
2026-07-09 15:18:00,315.4001,315.42,315.32,315.3251,49727
2026-07-09 15:19:00,315.33,315.37,315.235,315.36,44849
2026-07-09 15:20:00,315.355,315.5,315.35,315.4087,75656
2026-07-09 15:21:00,315.415,315.5,315.36,315.38,60129
2026-07-09 15:22:00,315.3715,315.475,315.37,315.4236,37958
2026-07-09 15:23:00,315.42,315.51,315.31,315.41,57887
2026-07-09 15:24:00,315.4199,315.47,315.34,315.4,51251
2026-07-09 15:25:00,315.41,315.48,315.39,315.48,36761
2026-07-09 15:26:00,315.485,315.58,315.45,315.54,80164
2026-07-09 15:27:00,315.54,315.69,315.51,315.51,72494
2026-07-09 15:28:00,315.51,315.58,315.455,315.58,56320
2026-07-09 15:29:00,315.59,315.64,315.4,315.41,70697
2026-07-09 15:30:00,315.42,315.66,315.39,315.64,69102
2026-07-09 15:31:00,315.64,315.73,315.64,315.695,53784
2026-07-09 15:32:00,315.695,315.8299,315.65,315.79,65110
2026-07-09 15:33:00,315.79,315.85,315.755,315.815,51438
2026-07-09 15:34:00,315.815,315.82,315.705,315.72,59323
2026-07-09 15:35:00,315.72,315.82,315.62,315.63,62254
2026-07-09 15:36:00,315.6399,315.66,315.46,315.54,99408
2026-07-09 15:37:00,315.54,315.59,315.47,315.5,52817
2026-07-09 15:38:00,315.505,315.71,315.49,315.7097,55605
2026-07-09 15:39:00,315.71,315.85,315.7,315.83,68370
2026-07-09 15:40:00,315.83,315.88,315.75,315.8,61846
2026-07-09 15:41:00,315.8099,315.87,315.75,315.8,56968
2026-07-09 15:42:00,315.8,315.88,315.76,315.81,47703
2026-07-09 15:43:00,315.82,315.89,315.8,315.86,37839
2026-07-09 15:44:00,315.8828,316.19,315.84,316.1395,173238
2026-07-09 15:45:00,316.1298,316.13,315.8153,315.93,105574
2026-07-09 15:46:00,315.93,316.0399,315.92,315.94,50620
2026-07-09 15:47:00,315.9301,315.9577,315.78,315.94,63601
2026-07-09 15:48:00,315.93,316.04,315.9,315.945,84386
2026-07-09 15:49:00,315.94,315.9998,315.75,315.755,97347
2026-07-09 15:50:00,315.75,316.13,315.65,315.98,104818
2026-07-09 15:51:00,315.98,316.23,315.95,316.23,101450
2026-07-09 15:52:00,316.215,316.26,316,316.1864,116401
2026-07-09 15:53:00,316.15,316.2199,316.06,316.13,82895
2026-07-09 15:54:00,316.13,316.36,316.13,316.23,139904
2026-07-09 15:55:00,316.21,316.53,316.2,316.395,202522
2026-07-09 15:56:00,316.4,316.47,316.36,316.405,152343
2026-07-09 15:57:00,316.405,316.49,316.26,316.305,173030
2026-07-09 15:58:00,316.305,316.48,316.06,316.06,407129
2026-07-09 15:59:00,316.09,316.21,315.9,316.17,630523
2026-07-09 16:00:00,316.17,316.25,315.9,316.02,8873835
2026-07-09 16:01:00,316.15,316.15,316.01,316.0899,1858
2026-07-09 16:02:00,316.06,316.06,315.94,316,2900
2026-07-09 16:03:00,315.97,316.06,315.97,315.97,1379
2026-07-09 16:04:00,315.97,316,315.9417,315.9424,1477
2026-07-09 16:05:00,315.99,316,315.85,315.85,3228
2026-07-09 16:06:00,315.9,315.9,315.85,315.9,3093
2026-07-09 16:07:00,315.9,315.9,315.88,315.9,2434
2026-07-09 16:08:00,315.89,315.9,315.8801,315.9,1878
2026-07-09 16:09:00,315.9,315.9,315.8565,315.9,1818
2026-07-09 16:10:00,315.9,315.9,315.9,315.9,809
2026-07-09 16:11:00,315.9,315.9,315.8565,315.9,673
2026-07-09 16:12:00,315.8576,315.8576,315.8576,315.8576,50
2026-07-09 16:13:00,315.9,315.97,315.9,315.97,331
2026-07-09 16:14:00,315.88,315.89,315.85,315.89,3140
2026-07-09 16:15:00,315.8999,315.9,315.8999,315.9,1478
2026-07-09 16:16:00,315.85,315.9,315.85,315.9,277
2026-07-09 16:17:00,315.86,315.89,315.85,315.89,822
2026-07-09 16:18:00,315.9,315.9,315.9,315.9,100
2026-07-09 16:20:00,315.88,315.9,315.8,315.89,1807
2026-07-09 16:21:00,315.8012,315.8952,315.75,315.78,949
2026-07-09 16:22:00,315.78,315.78,315.78,315.78,44
2026-07-09 16:23:00,315.7968,315.7968,315.7968,315.7968,80
2026-07-09 16:24:00,315.7011,315.7011,315.7011,315.7011,105
2026-07-09 16:25:00,315.713,315.8,315.7003,315.7003,473
2026-07-09 16:26:00,315.75,315.8,315.75,315.75,527
2026-07-09 16:28:00,315.79,315.8,315.79,315.8,1055
2026-07-09 16:29:00,315.8,315.89,315.8,315.89,622
2026-07-09 16:30:00,316.22,316.22,316.22,316.22,16479
2026-07-09 16:32:00,315.83,315.83,315.81,315.81,140
2026-07-09 16:33:00,315.81,315.81,315.81,315.81,51
2026-07-09 16:36:00,315.7693,315.837,315.7693,315.837,168
2026-07-09 16:39:00,315.85,315.85,315.85,315.85,124
2026-07-09 16:40:00,315.84,315.87,315.8,315.85,1033
2026-07-09 16:41:00,315.85,315.9,315.825,315.9,1060
2026-07-09 16:43:00,315.825,315.825,315.8,315.825,160
2026-07-09 16:44:00,315.81,315.87,315.7695,315.78,710
2026-07-09 16:45:00,315.9,315.9,315.85,315.85,1609
2026-07-09 16:46:00,315.85,315.875,315.85,315.85,2606
2026-07-09 16:47:00,315.86,315.9,315.86,315.9,105
2026-07-09 16:48:00,315.8981,315.8981,315.86,315.89,1376
2026-07-09 16:49:00,315.89,315.9,315.89,315.89,1528
2026-07-09 16:50:00,315.9,315.9,315.76,315.76,3154
2026-07-09 16:53:00,315.76,315.76,315.5,315.5,6610
2026-07-09 16:54:00,315.5,315.5,315.4,315.4,983
2026-07-09 16:55:00,315.6,315.65,315.6,315.65,351
2026-07-09 16:56:00,315.6,315.6,315.513,315.513,660
2026-07-09 16:57:00,315.55,315.55,315.55,315.55,700
2026-07-09 16:58:00,315.51,315.51,315.51,315.51,1000
2026-07-09 16:59:00,315.5217,315.5217,315.5217,315.5217,400
2026-07-09 17:01:00,315.6,315.6,315.6,315.6,64
2026-07-09 17:02:00,315.56,315.56,315.56,315.56,50
2026-07-09 17:03:00,315.6511,315.6511,315.6511,315.6511,50
2026-07-09 17:04:00,315.75,315.75,315.75,315.75,50
2026-07-09 17:06:00,315.69,315.69,315.69,315.69,301
2026-07-09 17:07:00,315.73,315.75,315.73,315.75,438
2026-07-09 17:09:00,315.65,315.65,315.65,315.65,50
2026-07-09 17:10:00,315.7451,315.7451,315.7451,315.7451,50
2026-07-09 17:12:00,315.7075,315.7075,315.7075,315.7075,69
2026-07-09 17:13:00,315.75,315.77,315.75,315.75,492
2026-07-09 17:15:00,315.859,315.859,315.859,315.859,50
2026-07-09 17:17:00,315.85,315.85,315.7434,315.7434,128
2026-07-09 17:18:00,315.83,315.83,315.83,315.83,50
2026-07-09 17:19:00,315.86,315.86,315.86,315.86,50
2026-07-09 17:21:00,315.86,315.8948,315.86,315.8948,1450
2026-07-09 17:22:00,315.86,315.86,315.82,315.82,151
2026-07-09 17:24:00,315.79,315.8,315.775,315.775,270
2026-07-09 17:27:00,315.78,315.78,315.78,315.78,47
2026-07-09 17:30:00,315.8,315.8,315.8,315.8,169
2026-07-09 17:31:00,315.72,315.72,315.71,315.71,125
2026-07-09 17:33:00,315.79,315.79,315.79,315.79,149
2026-07-09 17:34:00,315.8021,315.8021,315.8021,315.8021,46
2026-07-09 17:36:00,315.85,315.85,315.85,315.85,100
2026-07-09 17:37:00,315.83,315.83,315.8053,315.8053,118
2026-07-09 17:38:00,315.845,315.85,315.692,315.692,1426
2026-07-09 17:40:00,315.71,315.71,315.71,315.71,91
2026-07-09 17:42:00,315.7793,315.7793,315.7788,315.7788,108
2026-07-09 17:43:00,315.75,315.84,315.75,315.8,1088
2026-07-09 17:44:00,315.83,315.83,315.74,315.74,550
2026-07-09 17:46:00,315.74,315.74,315.74,315.74,78
2026-07-09 17:47:00,315.84,315.84,315.84,315.84,1016
2026-07-09 17:49:00,315.795,315.795,315.795,315.795,78
2026-07-09 17:51:00,315.76,315.76,315.74,315.74,550
2026-07-09 17:52:00,315.81,315.81,315.74,315.74,129
2026-07-09 17:53:00,315.81,315.81,315.81,315.81,40
2026-07-09 17:57:00,315.72,315.72,315.72,315.72,300
2026-07-09 17:59:00,315.712,315.73,315.712,315.73,160
2026-07-09 18:00:00,315.72,315.78,315.72,315.78,240
2026-07-09 18:01:00,315.78,315.79,315.72,315.72,309
2026-07-09 18:02:00,315.72,315.72,315.71,315.71,211
2026-07-09 18:03:00,315.77,315.79,315.77,315.79,224
2026-07-09 18:04:00,315.76,315.79,315.66,315.66,1749
2026-07-09 18:05:00,315.65,315.65,315.65,315.65,500
2026-07-09 18:06:00,315.73,315.73,315.7,315.7,158
2026-07-09 18:07:00,315.74,315.74,315.7,315.72,300
2026-07-09 18:08:00,315.81,315.81,315.81,315.81,99
2026-07-09 18:09:00,315.66,315.7955,315.66,315.7955,284
2026-07-09 18:10:00,315.66,315.66,315.66,315.66,182
2026-07-09 18:11:00,315.66,315.66,315.65,315.65,340
2026-07-09 18:12:00,315.6,315.6,315.6,315.6,370
2026-07-09 18:13:00,315.7749,315.7749,315.7749,315.7749,40
2026-07-09 18:15:00,315.61,315.61,315.61,315.61,40
2026-07-09 18:19:00,315.55,315.57,315.37,315.37,3724
2026-07-09 18:20:00,315.4,315.71,315.4,315.71,191
2026-07-09 18:21:00,315.43,315.43,315.43,315.43,98
2026-07-09 18:23:00,315.54,315.65,315.54,315.65,680
2026-07-09 18:26:00,315.64,315.64,315.51,315.51,210
2026-07-09 18:27:00,315.52,315.52,315.52,315.52,120
2026-07-09 18:28:00,315.55,315.55,315.55,315.55,176
2026-07-09 18:29:00,315.81,315.81,315.81,315.81,50
2026-07-09 18:30:00,315.55,315.55,315.5217,315.5217,1126
2026-07-09 18:31:00,315.5488,315.5488,315.5488,315.5488,170
2026-07-09 18:33:00,315.5,315.5,315.5,315.5,780
2026-07-09 18:34:00,315.5,315.51,315.4,315.4,358
2026-07-09 18:36:00,315.5,315.5,315.5,315.5,151
2026-07-09 18:37:00,315.5,315.5,315.4,315.4,413
2026-07-09 18:39:00,315.373,315.373,315.373,315.373,300
2026-07-09 18:40:00,315.43,315.43,315.43,315.43,50
2026-07-09 18:42:00,315.5399,315.5399,315.5399,315.5399,986
2026-07-09 18:45:00,315.5,315.5,315.5,315.5,319
2026-07-09 18:47:00,315.4,315.4,315.4,315.4,160
2026-07-09 18:49:00,315.38,315.38,315.38,315.38,80
2026-07-09 18:54:00,315.4,315.4,315.4,315.4,40
2026-07-09 18:57:00,315.4843,315.4843,315.4843,315.4843,40
2026-07-09 18:58:00,315.44,315.44,315.4349,315.44,897
2026-07-09 19:00:00,315.4304,315.4304,315.4205,315.4213,194
2026-07-09 19:01:00,315.41,315.42,315.41,315.42,139
2026-07-09 19:02:00,315.3724,315.3724,315.3644,315.3644,340
2026-07-09 19:03:00,315.4,315.4,315.4,315.4,80
2026-07-09 19:04:00,315.5,315.54,315.5,315.54,297
2026-07-09 19:06:00,315.5999,315.5999,315.5999,315.5999,100
2026-07-09 19:07:00,315.53,315.53,315.53,315.53,100
2026-07-09 19:08:00,315.55,315.55,315.55,315.55,100
2026-07-09 19:09:00,315.5288,315.5288,315.5288,315.5288,50
2026-07-09 19:10:00,315.53,315.53,315.53,315.53,100
2026-07-09 19:11:00,315.53,315.53,315.53,315.53,60
2026-07-09 19:12:00,315.55,315.55,315.535,315.535,129
2026-07-09 19:13:00,315.5045,315.5698,315.5045,315.5698,420
2026-07-09 19:14:00,315.5001,315.5001,315.5001,315.5001,1000
2026-07-09 19:15:00,315.532,315.532,315.5,315.5,700
2026-07-09 19:16:00,315.5123,315.5123,315.5,315.5,440
2026-07-09 19:17:00,315.54,315.54,315.54,315.54,154
2026-07-09 19:18:00,315.436,315.51,315.4234,315.4234,363
2026-07-09 19:19:00,315.62,315.8,315.62,315.71,1390
2026-07-09 19:20:00,315.55,315.6,315.55,315.6,160
2026-07-09 19:21:00,315.6,315.6,315.6,315.6,321
2026-07-09 19:22:00,315.7,315.8,315.7,315.8,200
2026-07-09 19:24:00,315.65,315.68,315.65,315.68,311
2026-07-09 19:25:00,315.68,315.68,315.68,315.68,50
2026-07-09 19:27:00,315.5852,315.68,315.5852,315.68,200
2026-07-09 19:29:00,315.68,315.68,315.64,315.6601,410
2026-07-09 19:30:00,315.68,315.68,315.68,315.68,100
2026-07-09 19:31:00,315.6,315.6,315.6,315.6,100
2026-07-09 19:33:00,315.58,315.58,315.58,315.58,50
2026-07-09 19:34:00,315.58,315.58,315.44,315.5,776
2026-07-09 19:38:00,315.66,315.66,315.46,315.46,374
2026-07-09 19:39:00,315.46,315.5,315.46,315.5,279
2026-07-09 19:40:00,315.4501,315.5,315.45,315.46,708
2026-07-09 19:41:00,315.46,315.46,315.4,315.4,1026
2026-07-09 19:42:00,315.3601,315.3847,315.36,315.36,646
2026-07-09 19:44:00,315.38,315.38,315.36,315.36,238
2026-07-09 19:45:00,315.37,315.37,315.29,315.29,2614
2026-07-09 19:46:00,315.32,315.32,315.32,315.32,200
2026-07-09 19:47:00,315.31,315.31,315.31,315.31,200
2026-07-09 19:48:00,315.28,315.3,315.26,315.3,1025
2026-07-09 19:49:00,315.27,315.3,315.18,315.18,1366
2026-07-09 19:51:00,315.45,315.47,315.26,315.4474,532
2026-07-09 19:53:00,315.4653,315.4653,315.4653,315.4653,40
2026-07-09 19:54:00,315.49,315.5,315.45,315.5,195
2026-07-09 19:56:00,315.2009,315.2009,315.2009,315.2009,770
2026-07-09 19:57:00,315.25,315.5,315.25,315.5,197
2026-07-09 19:58:00,315.3695,315.4,315.3,315.4,409
2026-07-09 19:59:00,315.28,315.305,315.28,315.2801,356
2026-07-10 04:00:00,314.85,316,314.85,315.1,8864
2026-07-10 04:01:00,315.1,315.52,314.83,315.38,7784
2026-07-10 04:02:00,315.34,315.49,315.31,315.45,2467
2026-07-10 04:03:00,315.45,315.58,315.43,315.58,1750
2026-07-10 04:04:00,315.6,315.6,315.5,315.5953,347
2026-07-10 04:05:00,315.46,315.5,315.4,315.5,936
2026-07-10 04:07:00,315.5,315.55,315.5,315.55,220
2026-07-10 04:08:00,315.5,315.5004,315.5,315.5,269
2026-07-10 04:09:00,315.5037,315.5037,315.5037,315.5037,42
2026-07-10 04:10:00,315.5498,315.5498,315.5498,315.5498,321
2026-07-10 04:22:00,315.4,315.4,315.4,315.4,62
2026-07-10 04:23:00,315.34,315.7,315.34,315.7,2665
2026-07-10 04:24:00,315.61,315.695,315.61,315.695,227
2026-07-10 04:25:00,315.75,315.75,315.75,315.75,50
2026-07-10 04:26:00,315.78,315.8,315.695,315.8,792
2026-07-10 04:27:00,315.86,315.86,315.86,315.86,63
2026-07-10 04:28:00,315.77,315.81,315.77,315.77,406
2026-07-10 04:29:00,315.85,315.85,315.81,315.83,358
2026-07-10 04:32:00,315.71,315.71,315.71,315.71,79
2026-07-10 04:34:00,315.7,315.7,315.68,315.68,103
2026-07-10 04:38:00,315.68,315.68,315.68,315.68,50
2026-07-10 04:40:00,315.52,315.52,315.52,315.52,100
2026-07-10 04:42:00,315.6654,315.6654,315.6654,315.6654,168
2026-07-10 04:45:00,315.4033,315.4033,315.4033,315.4033,79
2026-07-10 04:46:00,315.41,315.41,315.4,315.4,401
2026-07-10 04:49:00,315.45,315.45,315.45,315.45,55
2026-07-10 04:53:00,315.5,315.5,315.45,315.45,89
2026-07-10 04:56:00,315.45,315.45,315.45,315.45,63
2026-07-10 04:57:00,315.4,315.4,315.4,315.4,850
2026-07-10 05:00:00,315.0756,315.0756,315.0756,315.0756,51
2026-07-10 05:01:00,315.25,315.25,315,315.01,2783
2026-07-10 05:03:00,315.22,315.37,315.22,315.37,444
2026-07-10 05:05:00,315.5376,315.5376,315.5376,315.5376,100
2026-07-10 05:09:00,315.45,315.55,315.45,315.55,426
2026-07-10 05:10:00,315.63,315.69,315.63,315.69,234
2026-07-10 05:13:00,315.6,315.6,315.6,315.6,100
2026-07-10 05:15:00,315.68,315.7,315.68,315.7,101
2026-07-10 05:16:00,315.71,315.76,315.71,315.76,468
2026-07-10 05:17:00,315.77,315.77,315.77,315.77,115
2026-07-10 05:18:00,315.7683,315.7683,315.7,315.7,912
2026-07-10 05:25:00,315.7504,315.7504,315.7504,315.7504,1500
2026-07-10 05:27:00,315.55,315.55,315.55,315.55,99
2026-07-10 05:28:00,315.55,315.56,315.55,315.55,304
2026-07-10 05:30:00,315.41,315.41,315.41,315.41,45
2026-07-10 05:31:00,315.6944,315.6944,315.6944,315.6944,165
2026-07-10 05:32:00,315.58,315.69,315.58,315.69,231
2026-07-10 05:33:00,315.26,315.33,315.26,315.33,133
2026-07-10 05:36:00,315.26,315.26,315.26,315.26,98
2026-07-10 05:37:00,315.1727,315.1727,315.1727,315.1727,195
2026-07-10 05:39:00,315.28,315.28,315.28,315.28,84
2026-07-10 05:40:00,315.24,315.25,315.21,315.21,475
2026-07-10 05:42:00,315.22,315.22,315.18,315.21,278
2026-07-10 05:43:00,315.11,315.11,315.04,315.04,160
2026-07-10 05:46:00,315.16,315.37,315.05,315.37,597
2026-07-10 05:47:00,315.05,315.05,315.05,315.05,73
2026-07-10 05:48:00,315.03,315.03,315.03,315.03,90
2026-07-10 05:54:00,315.03,315.03,315.03,315.03,131
2026-07-10 05:57:00,315.01,315.01,315.01,315.01,100
2026-07-10 06:07:00,315.36,315.36,315.36,315.36,40
2026-07-10 06:10:00,315.29,315.29,315.29,315.29,53
2026-07-10 06:11:00,315.28,315.3,315.28,315.3,156
2026-07-10 06:13:00,315.5,315.5,315.36,315.43,313
2026-07-10 06:16:00,315.22,315.22,315.21,315.21,166
2026-07-10 06:20:00,315.34,315.34,315.34,315.34,63
2026-07-10 06:21:00,315.32,315.32,315.32,315.32,100
2026-07-10 06:22:00,315.21,315.21,315.21,315.21,320
2026-07-10 06:25:00,315.35,315.36,315.22,315.22,446
2026-07-10 06:26:00,315.21,315.21,315.21,315.21,168
2026-07-10 06:27:00,315.23,315.23,315.21,315.21,458
2026-07-10 06:28:00,315.25,315.25,315.06,315.06,547
2026-07-10 06:29:00,315.26,315.5,315.26,315.43,2772
2026-07-10 06:34:00,315.15,315.2,315.15,315.2,304
2026-07-10 06:36:00,315.27,315.27,315.02,315.02,467
2026-07-10 06:38:00,315.2,315.2,315.2,315.2,40
2026-07-10 06:40:00,315.3,315.3,315.26,315.26,159
2026-07-10 06:41:00,315.25,315.25,315.25,315.25,902
2026-07-10 06:43:00,315.25,315.3,315.25,315.28,226
2026-07-10 06:45:00,315.3,315.3,315.3,315.3,100
2026-07-10 06:46:00,315.4,315.4,315.29,315.29,596
2026-07-10 06:47:00,315.3,315.3,315.3,315.3,94
2026-07-10 06:48:00,315.24,315.38,315.24,315.38,127
2026-07-10 06:49:00,315.31,315.31,315.2,315.26,555
2026-07-10 06:50:00,315.21,315.28,315.2,315.2,229
2026-07-10 06:51:00,315.27,315.3,315.27,315.28,2513
2026-07-10 06:52:00,315.24,315.28,315.236,315.236,664
2026-07-10 06:53:00,315.3,315.3,315.2258,315.23,254
2026-07-10 06:54:00,315.22,315.23,315.22,315.23,318
2026-07-10 06:55:00,315.25,315.28,315.23,315.28,545
2026-07-10 06:56:00,315.28,315.3,315.28,315.3,339
2026-07-10 06:57:00,315.28,315.28,315.28,315.28,238
2026-07-10 06:58:00,315.3,315.3,315.28,315.3,257
2026-07-10 06:59:00,315.3,315.3,315.28,315.28,674
2026-07-10 07:00:00,315.225,315.3,315.225,315.28,1860
2026-07-10 07:02:00,315.1717,315.27,315.1717,315.26,375
2026-07-10 07:03:00,315.28,315.3,315.21,315.21,434
2026-07-10 07:04:00,315.22,315.22,315.1029,315.1029,455
2026-07-10 07:05:00,315.29,315.29,315.26,315.26,140
2026-07-10 07:06:00,315.16,315.19,314.9,314.9,1501
2026-07-10 07:07:00,315.01,315.08,314.84,314.84,812
2026-07-10 07:08:00,314.8,314.9597,314.79,314.9597,450
2026-07-10 07:09:00,314.79,314.85,314.6038,314.6108,1502
2026-07-10 07:10:00,314.6,314.7696,314.6,314.65,1840
2026-07-10 07:11:00,314.63,314.67,314.6,314.63,3309
2026-07-10 07:12:00,314.6041,314.65,314.3398,314.3398,4713
2026-07-10 07:13:00,314.32,314.5,314.32,314.5,1480
2026-07-10 07:14:00,314.4,314.5,314.32,314.5,1287
2026-07-10 07:15:00,314.48,314.5,314.32,314.4935,1554
2026-07-10 07:16:00,314.49,314.5,314.42,314.42,1208
2026-07-10 07:17:00,314.69,314.77,314.69,314.77,399
2026-07-10 07:18:00,314.72,314.72,314.6649,314.6649,405
2026-07-10 07:19:00,314.64,314.64,314.64,314.64,100
2026-07-10 07:20:00,314.673,314.7,314.65,314.7,648
2026-07-10 07:21:00,314.65,314.7,314.65,314.65,677
2026-07-10 07:22:00,314.5,314.6425,314.5,314.5,1789
2026-07-10 07:23:00,314.5,314.5,314.42,314.5,1344
2026-07-10 07:24:00,314.475,314.7,314.475,314.7,2847
2026-07-10 07:25:00,314.7,314.7,314.66,314.66,412
2026-07-10 07:26:00,314.55,314.84,314.55,314.84,1640
2026-07-10 07:27:00,314.61,314.62,314.55,314.58,925
2026-07-10 07:28:00,314.6,314.6,314.5999,314.6,1745
2026-07-10 07:29:00,314.575,314.6,314.55,314.59,1341
2026-07-10 07:30:00,314.55,314.5817,314.55,314.55,861
2026-07-10 07:31:00,314.55,314.66,314.55,314.57,1465
2026-07-10 07:32:00,314.61,314.7,314.5695,314.6,651
2026-07-10 07:33:00,314.5552,314.58,314.53,314.53,1568
2026-07-10 07:34:00,314.5,314.6,314.5,314.6,1118
2026-07-10 07:35:00,314.6,314.6,314.5,314.5,511
2026-07-10 07:36:00,314.51,314.51,314.4,314.42,3320
2026-07-10 07:37:00,314.4,314.44,314.4,314.44,222
2026-07-10 07:38:00,314.45,314.45,314.34,314.34,220
2026-07-10 07:39:00,314.39,314.45,314.39,314.45,304
2026-07-10 07:40:00,314.41,314.44,314.32,314.32,325
2026-07-10 07:41:00,314.33,314.33,314.32,314.32,347
2026-07-10 07:42:00,314.38,314.57,314.38,314.57,2594
2026-07-10 07:43:00,314.47,314.49,314.47,314.49,240
2026-07-10 07:44:00,314.55,314.55,314.55,314.55,43
2026-07-10 07:45:00,314.6,314.6,314.45,314.45,120
2026-07-10 07:47:00,314.6,314.6499,314.6,314.6339,728
2026-07-10 07:48:00,314.65,314.65,314.5,314.5,378
2026-07-10 07:49:00,314.55,314.55,314.52,314.52,1546
2026-07-10 07:50:00,314.45,314.45,314.45,314.45,49
2026-07-10 07:51:00,314.46,314.47,314.45,314.47,2065
2026-07-10 07:52:00,314.45,314.45,314.45,314.45,45
2026-07-10 07:54:00,314.45,314.49,314.445,314.4885,760
2026-07-10 07:55:00,314.4008,314.4896,314.4008,314.4896,229
2026-07-10 07:56:00,314.45,314.45,314.4,314.45,2338
2026-07-10 07:57:00,314.4001,314.47,314.4,314.4,848
2026-07-10 07:58:00,314.41,314.43,314.3,314.43,4795
2026-07-10 07:59:00,314.42,314.45,314.3,314.3,375
2026-07-10 08:00:00,314.35,314.45,314.35,314.41,1275
2026-07-10 08:02:00,314.36,314.4,314.36,314.36,459
2026-07-10 08:03:00,314.39,314.39,314,314.2,2949
2026-07-10 08:04:00,314.04,314.2,314.03,314.2,323
2026-07-10 08:05:00,314.1779,314.1779,314.1779,314.1779,50
2026-07-10 08:06:00,314.13,314.13,314,314,5455
2026-07-10 08:08:00,313.96,314.0861,313.9,313.97,4813
2026-07-10 08:09:00,313.9286,314.02,313.9286,314,435
2026-07-10 08:10:00,314.03,314.05,313.83,313.84,3024
2026-07-10 08:11:00,313.85,313.85,313.82,313.85,228
2026-07-10 08:12:00,313.84,313.84,313.55,313.75,9196
2026-07-10 08:13:00,313.75,314.68,313.6195,314.62,5513
2026-07-10 08:14:00,314.3505,314.3505,313.62,313.77,7320
2026-07-10 08:15:00,313.85,313.9612,313.85,313.87,303
2026-07-10 08:16:00,313.95,313.95,313.64,313.64,495
2026-07-10 08:17:00,313.78,313.83,313.65,313.74,832
2026-07-10 08:18:00,313.79,313.79,313.72,313.72,814
2026-07-10 08:19:00,313.79,313.86,313.79,313.81,530
2026-07-10 08:20:00,314.0536,314.0536,313.91,313.91,609
2026-07-10 08:21:00,313.9781,314,313.8,313.8,1769
2026-07-10 08:22:00,313.87,313.91,313.72,313.91,2354
2026-07-10 08:23:00,313.93,313.98,313.91,313.97,2724
2026-07-10 08:24:00,314.08,314.593,313.98,313.9936,8171
2026-07-10 08:25:00,313.97,314.0299,313.9,313.97,724
2026-07-10 08:26:00,313.99,314.05,313.99,314.05,676
2026-07-10 08:27:00,313.8701,314.05,313.8701,314.0499,1123
2026-07-10 08:28:00,314.05,314.06,314,314.05,4677
2026-07-10 08:29:00,314.15,314.15,313.95,313.99,2463
2026-07-10 08:30:00,313.99,314.2,313.98,314.115,10598
2026-07-10 08:31:00,314.125,314.1325,314.125,314.1325,230
2026-07-10 08:32:00,314.2001,314.2001,314.2001,314.2001,50
2026-07-10 08:33:00,314.2499,314.41,314.13,314.3122,1775
2026-07-10 08:34:00,314.38,314.38,314.38,314.38,85
2026-07-10 08:35:00,314.32,314.53,314.32,314.53,387
2026-07-10 08:36:00,314.474,314.474,314.34,314.3469,1115
2026-07-10 08:37:00,314.41,314.42,314.36,314.36,364
2026-07-10 08:39:00,314.43,314.43,314.37,314.37,664
2026-07-10 08:40:00,314.37,314.44,314.31,314.31,1545
2026-07-10 08:41:00,314.313,314.4,314.29,314.31,2226
2026-07-10 08:42:00,314.2375,314.3,314.225,314.3,501
2026-07-10 08:43:00,314.35,314.35,314.35,314.35,1000
2026-07-10 08:44:00,314.4,314.67,314.35,314.66,3880
2026-07-10 08:45:00,314.675,314.77,314.5167,314.68,3685
2026-07-10 08:46:00,314.74,314.74,314.6,314.6,604
2026-07-10 08:47:00,314.6,314.73,314.6,314.6,1115
2026-07-10 08:48:00,314.64,314.71,314.63,314.655,481
2026-07-10 08:49:00,314.69,314.69,314.6,314.6,1100
2026-07-10 08:50:00,314.7,314.7,314.65,314.65,97
2026-07-10 08:51:00,314.7,314.8,314.65,314.7805,2126
2026-07-10 08:52:00,314.7513,314.7513,314.61,314.74,1244
2026-07-10 08:53:00,314.61,314.6356,314.405,314.56,3817
2026-07-10 08:54:00,314.5,314.6,314.29,314.5999,989
2026-07-10 08:55:00,314.46,314.46,314.3,314.3,289
2026-07-10 08:56:00,314.4504,314.59,314.4504,314.59,109
2026-07-10 08:57:00,314.5718,314.5718,314.5718,314.5718,500
2026-07-10 08:58:00,314.4501,314.51,314.45,314.45,1286
2026-07-10 08:59:00,314.58,314.75,314.58,314.71,1487
2026-07-10 09:01:00,314.5,314.7,314.5,314.7,975
2026-07-10 09:02:00,314.7,314.71,314.57,314.62,870
2026-07-10 09:03:00,314.67,314.67,314.57,314.62,2544
2026-07-10 09:04:00,314.7,314.72,314.65,314.7,592
2026-07-10 09:05:00,314.77,314.88,314.77,314.88,703
2026-07-10 09:06:00,314.8391,315,314.75,315,1036
2026-07-10 09:07:00,315.06,315.23,315,315,1232
2026-07-10 09:08:00,315,315.05,315,315,1633
2026-07-10 09:09:00,315.04,315.04,315.04,315.04,40
2026-07-10 09:10:00,315.0907,315.15,315.0907,315.15,1952
2026-07-10 09:11:00,315.15,315.15,314.78,314.7809,6531
2026-07-10 09:12:00,314.8,314.9506,314.78,314.78,3202
2026-07-10 09:13:00,314.8718,314.89,314.75,314.805,737
2026-07-10 09:14:00,314.81,314.8373,314.8,314.8,589
2026-07-10 09:15:00,314.75,314.76,314.65,314.76,1539
2026-07-10 09:16:00,314.8,314.8,314.7104,314.7104,653
2026-07-10 09:17:00,314.7696,314.8,314.7299,314.8,740
2026-07-10 09:18:00,314.78,314.78,314.78,314.78,183
2026-07-10 09:19:00,314.78,314.78,314.78,314.78,40
2026-07-10 09:20:00,314.76,314.8,314.3,314.45,4141
2026-07-10 09:21:00,314.3,314.6,314.3,314.4367,948
2026-07-10 09:22:00,314.5,314.5,314.45,314.5,200
2026-07-10 09:23:00,314.5,314.51,314.4008,314.5,1691
2026-07-10 09:24:00,314.5,314.544,314.4026,314.544,5838
2026-07-10 09:25:00,314.5,314.54,314.4,314.54,1165
2026-07-10 09:26:00,314.66,314.8,314.66,314.7597,4558
2026-07-10 09:27:00,314.7646,315,314.2115,314.25,9457
2026-07-10 09:28:00,314.21,314.5,313.65,314,18296
2026-07-10 09:29:00,313.93,314.9,313.81,314.67,10716
2026-07-10 09:30:00,314.66,315.01,313.81,313.91,627325
2026-07-10 09:31:00,313.91,314.0801,313.21,313.7,179019
2026-07-10 09:32:00,313.7,313.8399,313.41,313.65,131149
2026-07-10 09:33:00,313.64,314.79,313.59,314.715,157540
2026-07-10 09:34:00,314.69,315.54,314.42,315.48,163840
2026-07-10 09:35:00,315.48,316.4,315.37,316.1201,216711
2026-07-10 09:36:00,316.2009,316.3695,315.7,316.08,128649
2026-07-10 09:37:00,316.08,316.266,315.68,315.77,128647
2026-07-10 09:38:00,315.75,315.77,315.2,315.51,102419
2026-07-10 09:39:00,315.51,315.51,315.25,315.35,70585
2026-07-10 09:40:00,315.33,315.39,314.82,315.23,102219
2026-07-10 09:41:00,315.25,315.3,314.56,314.565,106027
2026-07-10 09:42:00,314.58,314.88,314.325,314.79,74868
2026-07-10 09:43:00,314.79,314.99,314.61,314.69,72746
2026-07-10 09:44:00,314.72,314.94,314.61,314.77,62970
2026-07-10 09:45:00,314.755,314.82,314.38,314.63,59841
2026-07-10 09:46:00,314.61,314.719,314.3,314.515,78248
2026-07-10 09:47:00,314.5,314.53,314.25,314.265,54932
2026-07-10 09:48:00,314.28,314.595,314.2,314.465,53864
2026-07-10 09:49:00,314.47,314.58,314.21,314.41,45175
2026-07-10 09:50:00,314.41,314.585,314.24,314.305,49491
2026-07-10 09:51:00,314.32,314.56,314.22,314.25,58450
2026-07-10 09:52:00,314.255,314.34,314.0401,314.1325,98570
2026-07-10 09:53:00,314.11,314.54,314.02,314.4373,82219
2026-07-10 09:54:00,314.4,314.63,314.325,314.5,49639
2026-07-10 09:55:00,314.47,314.875,314.425,314.75,71202
2026-07-10 09:56:00,314.79,314.97,314.7,314.83,55058
2026-07-10 09:57:00,314.835,315.18,314.83,314.98,82029
2026-07-10 09:58:00,314.97,315.02,314.63,314.885,64793
2026-07-10 09:59:00,314.885,315.0318,314.28,314.3005,95041
2026-07-10 10:00:00,314.3,314.76,314.0323,314.2494,88578
2026-07-10 10:01:00,314.24,314.28,313.89,314.05,81764
2026-07-10 10:02:00,314.066,314.28,313.995,314.14,38730
2026-07-10 10:03:00,314.125,314.26,313.94,313.97,37910
2026-07-10 10:04:00,313.98,314.0899,313.82,313.92,53444
2026-07-10 10:05:00,313.91,314.23,313.85,314.19,48756
2026-07-10 10:06:00,314.22,314.23,313.845,313.85,36361
2026-07-10 10:07:00,313.87,313.96,313.415,313.8,116788
2026-07-10 10:08:00,313.8062,314.005,313.53,313.58,49638
2026-07-10 10:09:00,313.58,313.71,313.36,313.6827,68693
2026-07-10 10:10:00,313.71,313.97,313.67,313.87,38618
2026-07-10 10:11:00,313.85,313.885,313.64,313.76,40836
2026-07-10 10:12:00,313.765,313.855,313.74,313.75,40557
2026-07-10 10:13:00,313.77,313.88,313.535,313.87,92488
2026-07-10 10:14:00,313.9,313.94,313.7001,313.77,31575
2026-07-10 10:15:00,313.77,313.94,313.59,313.88,48270
2026-07-10 10:16:00,313.86,313.89,313.7,313.73,36719
2026-07-10 10:17:00,313.735,313.95,313.39,313.41,96102
2026-07-10 10:18:00,313.43,313.61,313.21,313.52,70192
2026-07-10 10:19:00,313.52,313.7,313.43,313.63,56911
2026-07-10 10:20:00,313.62,313.645,313.4,313.48,34356
2026-07-10 10:21:00,313.49,313.87,313.48,313.565,44273
2026-07-10 10:22:00,313.55,313.68,313.45,313.57,45553
2026-07-10 10:23:00,313.55,313.59,313.2103,313.26,43048
2026-07-10 10:24:00,313.26,313.4015,313.19,313.4,61245
2026-07-10 10:25:00,313.4,313.47,312.94,313.06,136760
2026-07-10 10:26:00,313.075,313.169,312.9301,313.05,32309
2026-07-10 10:27:00,313.03,313.195,313,313.19,32614
2026-07-10 10:28:00,313.19,313.4195,313.07,313.4195,62850
2026-07-10 10:29:00,313.39,313.42,313.09,313.13,62219
2026-07-10 10:30:00,313.12,313.145,312.92,313.145,52816
2026-07-10 10:31:00,313.15,313.22,312.945,313.11,53248
2026-07-10 10:32:00,313.13,313.39,312.5,312.585,257967
2026-07-10 10:33:00,312.55,313.02,312.23,312.73,141917
2026-07-10 10:34:00,312.74,313.2078,312.64,312.76,83449
2026-07-10 10:35:00,312.74,312.84,312.27,312.33,70690
2026-07-10 10:36:00,312.335,312.44,312.17,312.325,144944
2026-07-10 10:37:00,312.29,312.89,312.2601,312.685,105751
2026-07-10 10:38:00,312.73,312.8863,312.49,312.8,70652
2026-07-10 10:39:00,312.85,312.91,312.6,312.76,76896
2026-07-10 10:40:00,312.75,312.76,312.31,312.57,100175
2026-07-10 10:41:00,312.56,312.63,312.43,312.48,59390
2026-07-10 10:42:00,312.45,312.77,312.42,312.63,32240
2026-07-10 10:43:00,312.66,312.89,312.65,312.78,47081
2026-07-10 10:44:00,312.765,313.01,312.715,312.965,68707
2026-07-10 10:45:00,312.94,313.05,312.87,313.04,75611
2026-07-10 10:46:00,313.01,313.1285,312.7001,312.8901,71197
2026-07-10 10:47:00,312.905,313.18,312.87,312.99,38462
2026-07-10 10:48:00,312.995,313.1,312.65,312.715,74957
2026-07-10 10:49:00,312.715,312.87,312.705,312.8201,41365
2026-07-10 10:50:00,312.85,313.07,312.83,313.02,53943
2026-07-10 10:51:00,313.03,313.04,312.86,312.94,30581
2026-07-10 10:52:00,312.945,313.37,312.92,313.35,69572
2026-07-10 10:53:00,313.3442,313.56,313.34,313.56,72736
2026-07-10 10:54:00,313.55,313.85,313.54,313.76,105399
2026-07-10 10:55:00,313.74,313.8,313.565,313.76,37608
2026-07-10 10:56:00,313.755,313.782,313.56,313.625,25768
2026-07-10 10:57:00,313.6,313.88,313.56,313.86,28261
2026-07-10 10:58:00,313.86,313.88,313.68,313.87,32526
2026-07-10 10:59:00,313.88,313.93,313.75,313.8,53071
2026-07-10 11:00:00,313.78,313.8,313.57,313.8,43159
2026-07-10 11:01:00,313.81,313.95,313.8,313.85,39561
2026-07-10 11:02:00,313.855,313.9399,313.7701,313.83,30578
2026-07-10 11:03:00,313.81,313.84,313.57,313.69,55053
2026-07-10 11:04:00,313.7,313.71,313.22,313.235,75019
2026-07-10 11:05:00,313.22,313.29,313,313.205,61417
2026-07-10 11:06:00,313.2,313.31,313.115,313.255,38581
2026-07-10 11:07:00,313.25,313.47,313.21,313.42,51707
2026-07-10 11:08:00,313.41,313.6099,313.34,313.56,61216
2026-07-10 11:09:00,313.55,313.6,313.46,313.53,24719
2026-07-10 11:10:00,313.54,313.61,313.4,313.54,46067
2026-07-10 11:11:00,313.555,313.82,313.542,313.78,56155
2026-07-10 11:12:00,313.77,314.11,313.7,313.9686,127262
2026-07-10 11:13:00,313.94,313.9899,313.831,313.87,26960
2026-07-10 11:14:00,313.85,313.975,313.8,313.87,36063
2026-07-10 11:15:00,313.885,314.04,313.8,314.04,29385
2026-07-10 11:16:00,314.05,314.1,313.92,313.96,36910
2026-07-10 11:17:00,313.97,314.08,313.8801,314.02,41919
2026-07-10 11:18:00,314.015,314.03,313.74,314,44753
2026-07-10 11:19:00,313.985,313.9955,313.7901,313.83,35015
2026-07-10 11:20:00,313.81,313.8188,313.51,313.63,37878
2026-07-10 11:21:00,313.64,313.65,313.44,313.56,74379
2026-07-10 11:22:00,313.56,313.65,313.5052,313.535,31725
2026-07-10 11:23:00,313.535,313.66,313.51,313.655,30323
2026-07-10 11:24:00,313.64,313.64,313.4801,313.626,47904
2026-07-10 11:25:00,313.63,313.815,313.5801,313.72,36962
2026-07-10 11:26:00,313.725,313.77,313.61,313.62,31560
2026-07-10 11:27:00,313.63,313.655,313.52,313.535,18991
2026-07-10 11:28:00,313.54,313.548,313.46,313.49,25672
2026-07-10 11:29:00,313.49,313.5101,313.32,313.34,48588
2026-07-10 11:30:00,313.35,313.435,313.26,313.35,40111
2026-07-10 11:31:00,313.34,313.58,313.34,313.57,46272
2026-07-10 11:32:00,313.585,313.695,313.47,313.54,37341
2026-07-10 11:33:00,313.545,313.65,313.545,313.5616,41712
2026-07-10 11:34:00,313.58,313.62,313.37,313.435,37464
2026-07-10 11:35:00,313.43,313.74,313.37,313.575,38290
2026-07-10 11:36:00,313.58,313.81,313.58,313.8,37866
2026-07-10 11:37:00,313.795,313.8,313.67,313.675,21415
2026-07-10 11:38:00,313.65,313.67,313.415,313.415,30744
2026-07-10 11:39:00,313.4,313.4599,313.3,313.34,34939
2026-07-10 11:40:00,313.34,313.34,313,313.115,59094
2026-07-10 11:41:00,313.11,313.31,312.9101,313.22,63254
2026-07-10 11:42:00,313.25,313.27,313.03,313.095,20815
2026-07-10 11:43:00,313.095,313.36,313.07,313.29,46216
2026-07-10 11:44:00,313.285,313.305,313.15,313.18,19852
2026-07-10 11:45:00,313.19,313.19,312.6301,312.6301,51648
2026-07-10 11:46:00,312.65,312.65,312.32,312.45,45105
2026-07-10 11:47:00,312.455,312.68,312.32,312.62,45793
2026-07-10 11:48:00,312.62,312.89,312.52,312.88,31678
2026-07-10 11:49:00,312.875,312.905,312.7401,312.7401,20314
2026-07-10 11:50:00,312.755,312.7956,312.62,312.67,24612
2026-07-10 11:51:00,312.67,312.8,312.65,312.79,24827
2026-07-10 11:52:00,312.79,312.92,312.745,312.905,20631
2026-07-10 11:53:00,312.905,313.16,312.85,313.16,38793
2026-07-10 11:54:00,313.16,313.19,313.0093,313.06,32687
2026-07-10 11:55:00,313.075,313.1899,313.01,313.16,22631
2026-07-10 11:56:00,313.16,313.245,313.07,313.225,30977
2026-07-10 11:57:00,313.23,313.47,313.21,313.235,40695
2026-07-10 11:58:00,313.235,313.4,313.22,313.33,26429
2026-07-10 11:59:00,313.325,313.34,313.21,313.23,25336
2026-07-10 12:00:00,313.25,313.375,313.23,313.335,24311
2026-07-10 12:01:00,313.34,313.5,313.23,313.4,25883
2026-07-10 12:02:00,313.42,313.53,313.41,313.52,25618
2026-07-10 12:03:00,313.52,313.54,313.37,313.395,36747
2026-07-10 12:04:00,313.39,313.46,313.27,313.37,34004
2026-07-10 12:05:00,313.38,313.39,313.15,313.2,24227
2026-07-10 12:06:00,313.2,313.32,313.14,313.22,26329
2026-07-10 12:07:00,313.22,313.2337,313.06,313.15,23726
2026-07-10 12:08:00,313.15,313.35,313.105,313.34,27043
2026-07-10 12:09:00,313.35,313.54,313.33,313.485,19329
2026-07-10 12:10:00,313.485,313.6,313.42,313.58,30274
2026-07-10 12:11:00,313.58,313.64,313.49,313.56,24846
2026-07-10 12:12:00,313.58,313.8499,313.55,313.79,28686
2026-07-10 12:13:00,313.79,313.88,313.77,313.88,42686
2026-07-10 12:14:00,313.8799,314.24,313.855,314.1916,113684
2026-07-10 12:15:00,314.22,314.51,314.22,314.44,59891
2026-07-10 12:16:00,314.42,314.5,314.28,314.29,27463
2026-07-10 12:17:00,314.31,314.325,314.16,314.315,28373
2026-07-10 12:18:00,314.315,314.315,314.2,314.23,23965
2026-07-10 12:19:00,314.23,314.235,314.11,314.235,23246
2026-07-10 12:20:00,314.23,314.26,314.0501,314.09,17407
2026-07-10 12:21:00,314.11,314.28,314.1,314.26,21526
2026-07-10 12:22:00,314.27,314.495,314.26,314.43,29164
2026-07-10 12:23:00,314.42,314.475,314.38,314.445,18975
2026-07-10 12:24:00,314.445,314.4499,314.36,314.405,13619
2026-07-10 12:25:00,314.41,314.4784,314.35,314.375,17464
2026-07-10 12:26:00,314.37,314.4999,314.29,314.32,19938
2026-07-10 12:27:00,314.35,314.41,314.21,314.27,26507
2026-07-10 12:28:00,314.27,314.514,314.235,314.47,36517
2026-07-10 12:29:00,314.47,314.5,314.3,314.355,18875
2026-07-10 12:30:00,314.36,314.44,314.35,314.37,13306
2026-07-10 12:31:00,314.375,314.43,314.27,314.29,24212
2026-07-10 12:32:00,314.305,314.3298,314.1,314.14,40301
2026-07-10 12:33:00,314.12,314.31,314.12,314.275,42314
2026-07-10 12:34:00,314.2701,314.28,314.1,314.13,19923
2026-07-10 12:35:00,314.135,314.1563,313.94,314.15,21499
2026-07-10 12:36:00,314.17,314.28,314.08,314.205,26063
2026-07-10 12:37:00,314.205,314.205,314.05,314.1701,17005
2026-07-10 12:38:00,314.16,314.2,314.11,314.16,17551
2026-07-10 12:39:00,314.15,314.295,314.15,314.27,13507
2026-07-10 12:40:00,314.265,314.28,314.175,314.24,12037
2026-07-10 12:41:00,314.245,314.4099,314.245,314.33,20559
2026-07-10 12:42:00,314.33,314.545,314.33,314.52,36097
2026-07-10 12:43:00,314.53,314.64,314.5,314.57,50267
2026-07-10 12:44:00,314.52,314.5203,314.38,314.47,25610
2026-07-10 12:45:00,314.4401,314.54,314.4301,314.5,15190
2026-07-10 12:46:00,314.505,314.595,314.455,314.595,20308
2026-07-10 12:47:00,314.59,314.65,314.46,314.46,22229
2026-07-10 12:48:00,314.47,314.5,314.36,314.47,26832
2026-07-10 12:49:00,314.47,314.48,314.39,314.44,9259
2026-07-10 12:50:00,314.445,314.55,314.445,314.5,18814
2026-07-10 12:51:00,314.51,314.75,314.46,314.635,33160
2026-07-10 12:52:00,314.65,314.7,314.57,314.61,19263
2026-07-10 12:53:00,314.605,314.705,314.54,314.66,26212
2026-07-10 12:54:00,314.67,314.77,314.66,314.72,21295
2026-07-10 12:55:00,314.73,314.78,314.6968,314.73,49410
2026-07-10 12:56:00,314.72,314.725,314.62,314.68,9582
2026-07-10 12:57:00,314.6799,314.73,314.62,314.665,15142
2026-07-10 12:58:00,314.665,314.75,314.64,314.7,14254
2026-07-10 12:59:00,314.71,314.76,314.68,314.7,19624
2026-07-10 13:00:00,314.705,314.74,314.59,314.62,21123
2026-07-10 13:01:00,314.61,314.65,314.44,314.4701,25140
2026-07-10 13:02:00,314.47,314.61,314.44,314.6,15568
2026-07-10 13:03:00,314.6,314.71,314.54,314.685,24739
2026-07-10 13:04:00,314.67,314.67,314.54,314.57,19572
2026-07-10 13:05:00,314.585,314.65,314.46,314.5,20181
2026-07-10 13:06:00,314.51,314.64,314.5,314.61,25743
2026-07-10 13:07:00,314.61,314.65,314.53,314.61,16360
2026-07-10 13:08:00,314.62,314.635,314.54,314.56,10662
2026-07-10 13:09:00,314.56,314.61,314.44,314.47,32697
2026-07-10 13:10:00,314.47,314.51,314.425,314.47,21148
2026-07-10 13:11:00,314.48,314.48,314.3101,314.36,38338
2026-07-10 13:12:00,314.37,314.43,314.23,314.25,27713
2026-07-10 13:13:00,314.2599,314.2599,314.17,314.23,13123
2026-07-10 13:14:00,314.2395,314.33,314.1401,314.28,19707
2026-07-10 13:15:00,314.275,314.36,314.25,314.25,31488
2026-07-10 13:16:00,314.25,314.33,314.215,314.33,15235
2026-07-10 13:17:00,314.325,314.375,314.285,314.3601,19223
2026-07-10 13:18:00,314.36,314.49,314.31,314.44,21379
2026-07-10 13:19:00,314.445,314.51,314.39,314.44,17502
2026-07-10 13:20:00,314.43,314.51,314.39,314.395,16782
2026-07-10 13:21:00,314.4,314.4601,314.3,314.34,33779
2026-07-10 13:22:00,314.34,314.36,314.27,314.28,18254
2026-07-10 13:23:00,314.28,314.36,314.235,314.3475,41030
2026-07-10 13:24:00,314.34,314.3708,314.28,314.31,16041
2026-07-10 13:25:00,314.31,314.38,314.26,314.345,16042
2026-07-10 13:26:00,314.3422,314.35,314.23,314.335,11271
2026-07-10 13:27:00,314.335,314.48,314.32,314.4,16696
2026-07-10 13:28:00,314.42,314.54,314.42,314.51,17578
2026-07-10 13:29:00,314.485,314.544,314.46,314.46,21069
2026-07-10 13:30:00,314.47,314.56,314.4,314.43,23608
2026-07-10 13:31:00,314.44,314.48,314.25,314.26,22608
2026-07-10 13:32:00,314.26,314.4,314.23,314.335,15975
2026-07-10 13:33:00,314.33,314.4,314.2,314.37,21570
2026-07-10 13:34:00,314.3851,314.4,314.22,314.25,17283
2026-07-10 13:35:00,314.27,314.3,314.11,314.16,17778
2026-07-10 13:36:00,314.16,314.25,314.11,314.18,23376
2026-07-10 13:37:00,314.175,314.33,314.15,314.27,15448
2026-07-10 13:38:00,314.26,314.265,314.13,314.24,27872
2026-07-10 13:39:00,314.26,314.325,314.23,314.2899,10495
2026-07-10 13:40:00,314.3,314.36,314.12,314.13,19563
2026-07-10 13:41:00,314.13,314.17,314.04,314.105,11248
2026-07-10 13:42:00,314.1,314.1499,313.955,314.085,27295
2026-07-10 13:43:00,314.1,314.1,313.98,313.99,15607
2026-07-10 13:44:00,314,314.03,313.9,313.91,16345
2026-07-10 13:45:00,313.8903,314.08,313.8903,314.08,20301
2026-07-10 13:46:00,314.07,314.15,314.01,314.1299,13552
2026-07-10 13:47:00,314.12,314.16,314.07,314.14,11913
2026-07-10 13:48:00,314.1248,314.19,314.1,314.1,10864
2026-07-10 13:49:00,314.125,314.15,314.07,314.08,21414
2026-07-10 13:50:00,314.105,314.15,314.0201,314.09,19065
2026-07-10 13:51:00,314.11,314.3,314.0859,314.285,15956
2026-07-10 13:52:00,314.285,314.29,314.21,314.2358,11938
2026-07-10 13:53:00,314.23,314.35,314.1909,314.285,27423
2026-07-10 13:54:00,314.28,314.41,314.27,314.2868,31739
2026-07-10 13:55:00,314.295,314.3351,314.23,314.28,11460
2026-07-10 13:56:00,314.3,314.32,314.2,314.215,7258
2026-07-10 13:57:00,314.22,314.335,314.2,314.315,14443
2026-07-10 13:58:00,314.35,314.48,314.34,314.36,18203
2026-07-10 13:59:00,314.4,314.4,314.13,314.13,13378
2026-07-10 14:00:00,314.15,314.225,314.125,314.16,15390
2026-07-10 14:01:00,314.165,314.225,314.1501,314.22,14179
2026-07-10 14:02:00,314.22,314.25,314.09,314.1,22135
2026-07-10 14:03:00,314.11,314.16,314.065,314.105,21904
2026-07-10 14:04:00,314.11,314.19,314.01,314.19,17243
2026-07-10 14:05:00,314.19,314.3,314.14,314.2,42937
2026-07-10 14:06:00,314.2,314.35,314.185,314.33,18367
2026-07-10 14:07:00,314.35,314.36,314.22,314.22,16801
2026-07-10 14:08:00,314.22,314.28,314.02,314.1,23199
2026-07-10 14:09:00,314.11,314.22,314.05,314.115,28505
2026-07-10 14:10:00,314.09,314.37,314.09,314.1501,31913
2026-07-10 14:11:00,314.1652,314.26,314.095,314.115,13269
2026-07-10 14:12:00,314.115,314.2,314.07,314.16,21258
2026-07-10 14:13:00,314.17,314.2599,314.07,314.2599,16511
2026-07-10 14:14:00,314.25,314.2525,314.125,314.17,15569
2026-07-10 14:15:00,314.19,314.22,314.155,314.22,14335
2026-07-10 14:16:00,314.21,314.32,314.21,314.3,25666
2026-07-10 14:17:00,314.32,314.37,314.29,314.34,11516
2026-07-10 14:18:00,314.35,314.4899,314.33,314.44,34233
2026-07-10 14:19:00,314.44,314.4999,314.41,314.465,22473
2026-07-10 14:20:00,314.4752,314.4752,314.33,314.35,13187
2026-07-10 14:21:00,314.37,314.46,314.34,314.43,15540
2026-07-10 14:22:00,314.445,314.55,314.43,314.52,20191
2026-07-10 14:23:00,314.51,314.58,314.49,314.565,30028
2026-07-10 14:24:00,314.565,314.59,314.45,314.5201,23633
2026-07-10 14:25:00,314.54,314.8,314.5303,314.65,40530
2026-07-10 14:26:00,314.67,314.7,314.56,314.66,18425
2026-07-10 14:27:00,314.675,314.79,314.67,314.78,25439
2026-07-10 14:28:00,314.78,314.87,314.73,314.86,19765
2026-07-10 14:29:00,314.87,314.89,314.77,314.8401,23000
2026-07-10 14:30:00,314.86,314.925,314.84,314.92,21926
2026-07-10 14:31:00,314.92,314.93,314.84,314.91,21508
2026-07-10 14:32:00,314.91,314.98,314.79,314.88,51745
2026-07-10 14:33:00,314.8851,314.8851,314.74,314.77,20776
2026-07-10 14:34:00,314.75,314.85,314.75,314.805,27459
2026-07-10 14:35:00,314.8,314.91,314.7802,314.8895,19666
2026-07-10 14:36:00,314.88,314.95,314.85,314.8777,22960
2026-07-10 14:37:00,314.875,314.95,314.85,314.95,18656
2026-07-10 14:38:00,314.94,314.95,314.85,314.865,15015
2026-07-10 14:39:00,314.88,314.93,314.86,314.905,13697
2026-07-10 14:40:00,314.905,314.95,314.86,314.89,27187
2026-07-10 14:41:00,314.9,314.9,314.825,314.86,18547
2026-07-10 14:42:00,314.87,314.955,314.835,314.9472,19029
2026-07-10 14:43:00,314.94,314.95,314.875,314.93,14845
2026-07-10 14:44:00,314.925,314.97,314.88,314.955,14113
2026-07-10 14:45:00,314.9557,315.1271,314.9315,315.105,82008
2026-07-10 14:46:00,315.105,315.2,315.1,315.13,44641
2026-07-10 14:47:00,315.13,315.29,315.08,315.285,63284
2026-07-10 14:48:00,315.285,315.3399,315.16,315.18,32979
2026-07-10 14:49:00,315.2,315.24,315.16,315.17,23834
2026-07-10 14:50:00,315.17,315.195,315.03,315.1,28533
2026-07-10 14:51:00,315.1,315.1164,315.02,315.08,24694
2026-07-10 14:52:00,315.075,315.18,315.03,315.1501,20783
2026-07-10 14:53:00,315.165,315.19,315.14,315.18,18319
2026-07-10 14:54:00,315.19,315.35,315.18,315.3387,28341
2026-07-10 14:55:00,315.345,315.4,315.31,315.34,52428
2026-07-10 14:56:00,315.345,315.36,315.3,315.35,26356
2026-07-10 14:57:00,315.355,315.4,315.3,315.395,36869
2026-07-10 14:58:00,315.39,315.3951,315.3,315.31,27444
2026-07-10 14:59:00,315.31,315.3301,315.24,315.265,19799
2026-07-10 15:00:00,315.27,315.32,315.23,315.31,45077
2026-07-10 15:01:00,315.295,315.3703,315.28,315.335,24018
2026-07-10 15:02:00,315.33,315.405,315.315,315.36,20107
2026-07-10 15:03:00,315.37,315.605,315.36,315.59,68243
2026-07-10 15:04:00,315.59,315.61,315.43,315.545,30167
2026-07-10 15:05:00,315.545,315.595,315.5,315.55,25291
2026-07-10 15:06:00,315.55,315.61,315.44,315.44,22233
2026-07-10 15:07:00,315.465,315.47,315.35,315.4,23648
2026-07-10 15:08:00,315.4099,315.55,315.36,315.545,39328
2026-07-10 15:09:00,315.55,315.69,315.53,315.675,69926
2026-07-10 15:10:00,315.68,315.85,315.66,315.84,79502
2026-07-10 15:11:00,315.84,315.92,315.78,315.91,44225
2026-07-10 15:12:00,315.915,316.135,315.88,316.085,115917
2026-07-10 15:13:00,316.09,316.14,315.96,316.025,60765
2026-07-10 15:14:00,316.025,316.0399,315.87,316.02,47956
2026-07-10 15:15:00,316.015,316.04,315.94,315.94,34949
2026-07-10 15:16:00,315.96,316.1,315.92,316.1,53465
2026-07-10 15:17:00,316.11,316.19,316.06,316.12,56154
2026-07-10 15:18:00,316.125,316.37,316,316.34,66269
2026-07-10 15:19:00,316.345,316.37,316.21,316.245,65847
2026-07-10 15:20:00,316.23,316.265,316.145,316.255,59298
2026-07-10 15:21:00,316.24,316.31,316.21,316.2601,61351
2026-07-10 15:22:00,316.27,316.4,316.2609,316.36,53001
2026-07-10 15:23:00,316.38,316.39,316.274,316.365,40550
2026-07-10 15:24:00,316.3656,316.4799,316.32,316.34,61353
2026-07-10 15:25:00,316.32,316.42,316.2501,316.3401,70944
2026-07-10 15:26:00,316.36,316.46,316.33,316.35,37985
2026-07-10 15:27:00,316.35,316.42,316.3,316.335,40872
2026-07-10 15:28:00,316.335,316.34,316.17,316.2699,65502
2026-07-10 15:29:00,316.27,316.27,316.15,316.16,47737
2026-07-10 15:30:00,316.15,316.21,316.05,316.183,74299
2026-07-10 15:31:00,316.18,316.2,316.06,316.19,46538
2026-07-10 15:32:00,316.185,316.6,316.16,316.57,138752
2026-07-10 15:33:00,316.57,316.65,316.33,316.41,96535
2026-07-10 15:34:00,316.41,316.64,316.37,316.61,63258
2026-07-10 15:35:00,316.63,316.69,316.61,316.665,88303
2026-07-10 15:36:00,316.665,316.77,316.65,316.745,79634
2026-07-10 15:37:00,316.75,316.86,316.72,316.745,69279
2026-07-10 15:38:00,316.75,316.81,316.65,316.665,71059
2026-07-10 15:39:00,316.67,316.775,316.545,316.57,98489
2026-07-10 15:40:00,316.575,316.8,316.5624,316.78,74819
2026-07-10 15:41:00,316.77,316.91,316.705,316.865,92218
2026-07-10 15:42:00,316.865,316.88,316.655,316.75,143502
2026-07-10 15:43:00,316.75,316.86,316.7,316.845,77852
2026-07-10 15:44:00,316.85,316.85,316.61,316.66,76196
2026-07-10 15:45:00,316.66,316.74,316.56,316.74,61795
2026-07-10 15:46:00,316.73,316.77,316.63,316.6575,52367
2026-07-10 15:47:00,316.67,316.72,316.59,316.605,48519
2026-07-10 15:48:00,316.595,316.62,316.54,316.58,48786
2026-07-10 15:49:00,316.57,316.57,316.32,316.4501,83260
2026-07-10 15:50:00,316.49,316.67,316.3901,316.58,116807
2026-07-10 15:51:00,316.58,316.59,316.44,316.485,59124
2026-07-10 15:52:00,316.49,316.54,316.3207,316.36,54971
2026-07-10 15:53:00,316.35,316.42,315.9637,316.05,95293
2026-07-10 15:54:00,316.08,316.35,316.05,316.13,91341
2026-07-10 15:55:00,316.12,316.18,315.125,315.16,213959
2026-07-10 15:56:00,315.1599,315.19,314.85,315.015,155173
2026-07-10 15:57:00,315.01,315.16,314.78,315.14,324069
2026-07-10 15:58:00,315.125,315.22,315.06,315.06,181344
2026-07-10 15:59:00,315.06,315.37,315.02,315.3299,475343
2026-07-10 16:00:00,315.32,315.48,314.63,315.48,5788039
2026-07-10 16:01:00,315.45,315.45,315.01,315.01,5764
2026-07-10 16:02:00,315.1736,315.1987,315.03,315.0534,2990
2026-07-10 16:03:00,315.0476,315.21,315.03,315.2,5291
2026-07-10 16:04:00,315.07,315.3,314.99,314.99,5386
2026-07-10 16:05:00,315.1,315.1,314.95,314.96,190
2026-07-10 16:06:00,314.9864,315,314.9864,315,540
2026-07-10 16:07:00,315.01,315.01,314.32,314.85,5548
2026-07-10 16:08:00,314.8927,315.08,314.8,315.08,1005
2026-07-10 16:09:00,315.05,315.08,315.02,315.08,1500
2026-07-10 16:10:00,315.07,315.07,314.8,314.8,1946
2026-07-10 16:11:00,314.89,315,314.86,314.86,4170
2026-07-10 16:12:00,314.99,315,314.9136,315,553
2026-07-10 16:13:00,315.05,315.05,315.05,315.05,100
2026-07-10 16:14:00,315.04,315.1,315.04,315.1,757
2026-07-10 16:15:00,315.13,315.14,315.1,315.14,1042
2026-07-10 16:16:00,315.15,315.15,315.14,315.1461,707
2026-07-10 16:17:00,315.14,315.23,315.14,315.23,352
2026-07-10 16:18:00,315.17,315.18,315.1201,315.18,237
2026-07-10 16:19:00,315.2,315.25,315.18,315.18,1394
2026-07-10 16:20:00,315.1,315.1495,315.1,315.1495,170
2026-07-10 16:21:00,315.15,315.15,315.0506,315.1111,1007
2026-07-10 16:22:00,315.15,315.17,315.141,315.141,460
2026-07-10 16:24:00,315.14,315.149,315.1,315.1,1655
2026-07-10 16:25:00,315.0182,315.08,315,315.01,897
2026-07-10 16:26:00,315.01,315.01,314.95,314.95,280
2026-07-10 16:27:00,315,315,315,315,80
2026-07-10 16:28:00,315,315.05,314.9845,314.9845,280
2026-07-10 16:30:00,315,315.09,315,315.09,2193
2026-07-10 16:31:00,315.09,315.09,315,315,775
2026-07-10 16:32:00,315.09,315.09,315,315,323
2026-07-10 16:33:00,315.0001,315.0001,315.0001,315.0001,100
2026-07-10 16:34:00,315.02,315.32,315.02,315.32,4170
2026-07-10 16:35:00,315.02,315.02,315.02,315.02,118
2026-07-10 16:36:00,315.0101,315.0101,314.96,314.96,420
2026-07-10 16:37:00,314.99,314.99,314.96,314.96,200
2026-07-10 16:38:00,315.01,315.01,314.98,315,640
2026-07-10 16:39:00,314.96,314.96,314.96,314.96,546
2026-07-10 16:40:00,315,315.02,314.9926,314.9926,340
2026-07-10 16:41:00,314.99,314.99,314.97,314.97,244
2026-07-10 16:42:00,314.9961,315,314.9961,315,243
2026-07-10 16:43:00,315,315,314.9974,315,427
2026-07-10 16:44:00,315,315.32,315,315.1,13904
2026-07-10 16:45:00,315.15,315.1889,315.0856,315.0856,1346
2026-07-10 16:46:00,315.15,315.15,315.14,315.15,1160
2026-07-10 16:47:00,315.15,315.15,315.0005,315.0005,881
2026-07-10 16:48:00,315.01,315.01,315,315.01,958
2026-07-10 16:49:00,314.98,314.98,314.98,314.98,164
2026-07-10 16:50:00,315,315,315,315,200
2026-07-10 16:51:00,315,315.04,315,315.04,102
2026-07-10 16:52:00,315.0483,315.0483,314.99,314.99,550
2026-07-10 16:53:00,315.02,315.02,315.02,315.02,100
2026-07-10 16:54:00,315.09,315.1,315.0241,315.1,436
2026-07-10 16:55:00,315.13,315.19,315.1,315.1,542
2026-07-10 16:56:00,315.14,315.15,315.0282,315.0282,359
2026-07-10 16:57:00,315.14,315.15,315.01,315.14,612
2026-07-10 16:58:00,315.15,315.15,315.14,315.15,825
2026-07-10 16:59:00,315.15,315.15,315.1318,315.15,1367
2026-07-10 17:00:00,315.0289,315.1379,315.0289,315.1379,120
2026-07-10 17:01:00,315.14,315.14,315.14,315.14,62
2026-07-10 17:03:00,315.07,315.07,315,315,463
2026-07-10 17:04:00,315.09,315.09,315.09,315.09,50
2026-07-10 17:05:00,315.0906,315.0906,315.0906,315.0906,100
2026-07-10 17:06:00,314.98,314.98,314.98,314.98,50
2026-07-10 17:07:00,315.1382,315.1382,315.1382,315.1382,87
2026-07-10 17:08:00,315.14,315.14,315.14,315.14,54
2026-07-10 17:09:00,315.0001,315.039,315.0001,315.039,3060
2026-07-10 17:10:00,315.1,315.1,315.1,315.1,100
2026-07-10 17:11:00,315.1,315.1,315.1,315.1,100
2026-07-10 17:12:00,315.1293,315.1293,315.1293,315.1293,100
2026-07-10 17:13:00,315.1259,315.1259,315.1259,315.1259,40
2026-07-10 17:14:00,315.1281,315.1298,315.1281,315.1298,210
2026-07-10 17:15:00,315.0865,315.15,315.0865,315.15,650
2026-07-10 17:16:00,315.2701,315.2701,315.07,315.07,649
2026-07-10 17:17:00,315.07,315.2,315.07,315.2,341
2026-07-10 17:18:00,315.2021,315.2021,315.2021,315.2021,50
2026-07-10 17:19:00,315.1,315.1,315.1,315.1,3000
2026-07-10 17:21:00,315.1,315.1,315.04,315.04,211
2026-07-10 17:24:00,315.0601,315.0601,315.05,315.06,5025
2026-07-10 17:25:00,315.06,315.21,315.06,315.21,593
2026-07-10 17:29:00,315.19,315.19,315.19,315.19,50
2026-07-10 17:30:00,315.02,315.02,315.02,315.02,50
2026-07-10 17:32:00,315.2291,315.2291,315.2291,315.2291,50
2026-07-10 17:33:00,315.17,315.17,315.02,315.03,230
2026-07-10 17:37:00,315.02,315.02,315.02,315.02,70
2026-07-10 17:38:00,315.18,315.19,315.18,315.18,192
2026-07-10 17:41:00,315.11,315.16,315.11,315.16,121
2026-07-10 17:44:00,315.16,315.16,315.16,315.16,399
2026-07-10 17:45:00,315.16,315.17,315.16,315.17,121
2026-07-10 17:46:00,315.17,315.17,315.17,315.17,162
2026-07-10 17:48:00,315.18,315.18,315.18,315.18,600
2026-07-10 17:51:00,315.1647,315.1647,315.1647,315.1647,100
2026-07-10 17:52:00,315.03,315.03,315.03,315.03,200
2026-07-10 17:57:00,315.13,315.13,315.13,315.13,64
2026-07-10 17:58:00,315.16,315.16,315.16,315.16,78
2026-07-10 17:59:00,315.1488,315.1488,315.048,315.048,446
2026-07-10 18:02:00,315.0401,315.0401,315.0401,315.0401,100
2026-07-10 18:03:00,315.06,315.06,315.06,315.06,94
2026-07-10 18:05:00,315.0478,315.0478,315.0478,315.0478,100
2026-07-10 18:08:00,315.0403,315.0403,315.0403,315.0403,49
2026-07-10 18:09:00,315.04,315.04,315.04,315.04,100
2026-07-10 18:10:00,315.0548,315.0548,315.0403,315.0403,389
2026-07-10 18:11:00,315.04,315.04,315.02,315.0343,1349
2026-07-10 18:13:00,315.1,315.11,315.02,315.02,1505
2026-07-10 18:18:00,315.1,315.1,315.1,315.1,50
2026-07-10 18:19:00,315,315.0001,315,315.0001,472
2026-07-10 18:21:00,315.01,315.01,315.01,315.01,49
2026-07-10 18:27:00,315.04,315.1,315.04,315.1,310
2026-07-10 18:28:00,315.07,315.07,315.05,315.05,216
2026-07-10 18:29:00,315.04,315.05,315.04,315.05,135
2026-07-10 18:30:00,315.01,315.01,315.01,315.01,125
2026-07-10 18:32:00,315.02,315.02,314.99,315,1546
2026-07-10 18:33:00,314.9,314.9,314.89,314.89,99
2026-07-10 18:37:00,314.92,314.96,314.92,314.96,201
2026-07-10 18:39:00,314.9,315,314.9,315,442
2026-07-10 18:40:00,314.9011,314.9011,314.9002,314.9002,748
2026-07-10 18:42:00,314.98,314.997,314.98,314.997,200
2026-07-10 18:45:00,314.99,315,314.99,315,152
2026-07-10 18:46:00,315,315,315,315,500
2026-07-10 18:48:00,314.997,315.01,314.96,315.01,240
2026-07-10 18:49:00,314.95,314.95,314.95,314.95,74
2026-07-10 18:51:00,315.05,315.05,315.05,315.05,280
2026-07-10 18:52:00,315,315,315,315,80
2026-07-10 18:54:00,315,315,315,315,40
2026-07-10 18:55:00,315.01,315.01,314.96,314.96,1131
2026-07-10 18:56:00,315.05,315.05,315.05,315.05,400
2026-07-10 18:58:00,315.05,315.05,315.05,315.05,108
2026-07-10 19:00:00,315.03,315.03,314.91,314.91,1034
2026-07-10 19:01:00,314.98,314.98,314.98,314.98,100
2026-07-10 19:02:00,314.99,314.99,314.99,314.99,46
2026-07-10 19:03:00,315,315,315,315,580
2026-07-10 19:04:00,314.9803,314.9803,314.9803,314.9803,100
2026-07-10 19:05:00,314.9,315,314.9,315,1285
2026-07-10 19:06:00,314.93,314.93,314.93,314.93,714
2026-07-10 19:07:00,314.95,314.95,314.95,314.95,300
2026-07-10 19:08:00,315,315,315,315,72
2026-07-10 19:10:00,314.9831,314.9831,314.9831,314.9831,100
2026-07-10 19:11:00,314.89,314.89,314.8521,314.8521,95
2026-07-10 19:13:00,315,315,315,315,73
2026-07-10 19:14:00,315,315,315,315,264
2026-07-10 19:18:00,315,315,315,315,59
2026-07-10 19:19:00,315.0233,315.0233,315.0233,315.0233,80
2026-07-10 19:21:00,315.05,315.05,314.93,314.93,150
2026-07-10 19:28:00,315.01,315.01,315.01,315.01,80
2026-07-10 19:31:00,315,315,315,315,45
2026-07-10 19:35:00,315,315,315,315,100
2026-07-10 19:37:00,314.99,314.99,314.99,314.99,500
2026-07-10 19:38:00,314.99,314.99,314.99,314.99,66
2026-07-10 19:39:00,315,315,315,315,50
2026-07-10 19:41:00,314.9996,314.9996,314.9996,314.9996,50
2026-07-10 19:42:00,314.9974,314.9974,314.9974,314.9974,100
2026-07-10 19:43:00,315,315,315,315,50
2026-07-10 19:44:00,314.9974,314.9974,314.99,314.9924,375
2026-07-10 19:45:00,315,315,314.99,314.99,235
2026-07-10 19:46:00,314.98,314.98,314.98,314.98,490
2026-07-10 19:49:00,314.97,314.97,314.97,314.97,76
2026-07-10 19:50:00,314.979,315,314.979,315,1034
2026-07-10 19:53:00,314.9798,314.9798,314.95,314.95,545
2026-07-10 19:54:00,314.98,315,314.9565,315,691
2026-07-10 19:55:00,315,315,315,315,60
2026-07-10 19:57:00,314.96,314.96,314.96,314.96,40
2026-07-10 19:58:00,314.9787,314.9787,314.9787,314.9787,200
2026-07-10 19:59:00,314.96,314.96,314.96,314.96,53
2026-07-13 04:00:00,315.26,316.1117,314.7941,315.53,17230
2026-07-13 04:01:00,315.53,316.14,314.79,314.89,7052
2026-07-13 04:02:00,314.83,315.97,314.73,315.71,14368
2026-07-13 04:03:00,315.7,315.93,315.54,315.62,1011
2026-07-13 04:04:00,315.93,315.97,315.72,315.72,325
2026-07-13 04:05:00,315.79,315.97,315.73,315.97,1032
2026-07-13 04:06:00,315.9726,316,315.835,315.99,1117
2026-07-13 04:07:00,315.99,315.99,314.83,315.6,1208
2026-07-13 04:08:00,315.92,316.08,315.81,315.81,1201
2026-07-13 04:09:00,315.97,316.08,315.97,316.08,184
2026-07-13 04:10:00,316.18,316.18,315.81,316.09,1171
2026-07-13 04:11:00,316.02,316.19,315.98,315.98,937
2026-07-13 04:12:00,316.0216,316.2,316.0216,316.2,424
2026-07-13 04:13:00,316.08,316.08,316,316.05,833
2026-07-13 04:14:00,316.2,316.2,316.2,316.2,44
2026-07-13 04:15:00,316.2,316.2,316.18,316.2,1116
2026-07-13 04:17:00,316.18,316.18,316.025,316.025,115
2026-07-13 04:18:00,316.18,316.18,315.99,315.99,299
2026-07-13 04:19:00,316.02,316.02,315.8144,315.8144,981
2026-07-13 04:20:00,315.92,315.92,315.81,315.81,162
2026-07-13 04:24:00,315.97,315.97,315.97,315.97,159
2026-07-13 04:25:00,315.99,315.99,315.99,315.99,240
2026-07-13 04:26:00,316.04,316.04,316.04,316.04,783
2026-07-13 04:27:00,316.04,316.05,316.03,316.03,752
2026-07-13 04:28:00,316.05,316.05,316.05,316.05,80
2026-07-13 04:31:00,316.16,316.16,316.16,316.16,70
2026-07-13 04:32:00,316.15,316.185,316.15,316.18,438
2026-07-13 04:33:00,316.18,316.19,316.18,316.19,877
2026-07-13 04:34:00,316.18,316.19,316.14,316.14,484
2026-07-13 04:36:00,316.17,316.17,316.17,316.17,701
2026-07-13 04:37:00,316.1,316.13,316.1,316.13,193
2026-07-13 04:38:00,316.17,316.18,316.14,316.14,758
2026-07-13 04:39:00,316.15,316.15,316.15,316.15,129
2026-07-13 04:40:00,315.9396,316.025,315.9396,316.025,87
2026-07-13 04:41:00,316.14,316.14,316.14,316.14,56
2026-07-13 04:43:00,315.9,315.9,315.9,315.9,100
2026-07-13 04:48:00,316,316.13,316,316.13,1060
2026-07-13 04:49:00,316.18,316.18,316.18,316.18,886
2026-07-13 04:52:00,316.12,316.12,316.09,316.09,167
2026-07-13 04:53:00,316.14,316.14,316.14,316.14,40
2026-07-13 04:54:00,316.12,316.12,316.12,316.12,208
2026-07-13 04:55:00,315.93,316.09,315.93,316.09,420
2026-07-13 04:56:00,315.835,315.835,315.835,315.835,40
2026-07-13 04:58:00,315.763,315.763,315.763,315.763,43
2026-07-13 04:59:00,315.98,316,315.98,316,732
2026-07-13 05:00:00,316.01,316.01,315.68,315.68,960
2026-07-13 05:01:00,315.7156,315.7156,315.7156,315.7156,90
2026-07-13 05:02:00,315.92,315.92,315.92,315.92,100
2026-07-13 05:07:00,315.99,315.99,315.91,315.99,1271
2026-07-13 05:10:00,315.855,315.855,315.75,315.76,260
2026-07-13 05:13:00,315.72,315.72,315.72,315.72,144
2026-07-13 05:19:00,315.99,315.99,315.845,315.88,270
2026-07-13 05:20:00,315.83,315.83,315.83,315.83,63
2026-07-13 05:21:00,315.75,315.75,315.69,315.69,300
2026-07-13 05:22:00,315.61,315.61,315.61,315.61,200
2026-07-13 05:23:00,315.51,315.71,315.51,315.71,240
2026-07-13 05:27:00,315.9,315.9,315.9,315.9,300
2026-07-13 05:29:00,315.87,315.88,315.69,315.69,596
2026-07-13 05:30:00,315.61,315.61,315.61,315.61,98
2026-07-13 05:33:00,315.87,315.87,315.87,315.87,89
2026-07-13 05:34:00,315.6,315.6,315.6,315.6,50
2026-07-13 05:36:00,315.4081,315.74,315.26,315.73,1397
2026-07-13 05:37:00,315.27,315.27,315.27,315.27,82
2026-07-13 05:38:00,315.27,315.27,315.26,315.26,248
2026-07-13 05:39:00,315.26,315.26,315.25,315.25,370
2026-07-13 05:45:00,315.2883,315.2883,315.2883,315.2883,240
2026-07-13 05:47:00,315.263,315.263,315.263,315.263,96
2026-07-13 05:48:00,315.45,315.45,315.45,315.45,67
2026-07-13 05:52:00,315.46,315.95,315.46,315.815,1591
2026-07-13 05:53:00,315.7,315.81,315.7,315.81,771
2026-07-13 05:54:00,315.8,315.81,315.8,315.81,266
2026-07-13 06:01:00,315.46,315.52,315.46,315.52,151
2026-07-13 06:04:00,315.6,315.6,315.52,315.52,196
2026-07-13 06:06:00,315.4,315.5,315.4,315.5,147
2026-07-13 06:10:00,315.4,315.4,315.4,315.4,100
2026-07-13 06:11:00,315.54,315.54,315.54,315.54,40
2026-07-13 06:13:00,315.4,315.42,315.39,315.4,2009
2026-07-13 06:17:00,315.4,315.4,315.4,315.4,66
2026-07-13 06:18:00,315.3,315.45,315.3,315.45,95
2026-07-13 06:23:00,315.6,315.6,315.5,315.6,420
2026-07-13 06:25:00,315.5,315.5,315.5,315.5,184
2026-07-13 06:26:00,315.42,315.42,315.42,315.42,100
2026-07-13 06:27:00,315.43,315.49,315.43,315.49,860
2026-07-13 06:28:00,315.5,315.5,315.5,315.5,124
2026-07-13 06:29:00,315.58,315.58,315.58,315.58,80
2026-07-13 06:31:00,315.54,315.61,315.54,315.6,536
2026-07-13 06:32:00,315.59,315.6,315.59,315.6,88
2026-07-13 06:38:00,315.8,315.8,315.8,315.8,95
2026-07-13 06:42:00,315.84,315.85,315.84,315.84,463
2026-07-13 06:43:00,315.86,315.94,315.86,315.94,319
2026-07-13 06:45:00,315.93,316.5,315.93,316.43,5084
2026-07-13 06:46:00,316.34,316.48,316.34,316.46,260
2026-07-13 06:47:00,316.44,316.8,316.36,316.8,2155
2026-07-13 06:48:00,316.8,317,316.75,316.94,7584
2026-07-13 06:49:00,316.86,317,316.85,316.9,1123
2026-07-13 06:50:00,316.73,317,316.73,316.9,5726
2026-07-13 06:51:00,317,317,316.73,316.84,1258
2026-07-13 06:52:00,316.84,316.85,316.84,316.85,313
2026-07-13 06:53:00,316.99,317,316.72,316.72,1520
2026-07-13 06:54:00,316.78,316.8,316.78,316.8,1351
2026-07-13 06:55:00,316.62,316.69,316.6,316.69,406
2026-07-13 06:57:00,316.48,316.62,316.48,316.62,143
2026-07-13 06:58:00,316.49,316.49,316.26,316.26,528
2026-07-13 06:59:00,316.45,316.49,316.45,316.49,451
2026-07-13 07:00:00,316.31,316.51,316.21,316.5,7301
2026-07-13 07:01:00,316.31,316.4373,316.27,316.4373,684
2026-07-13 07:03:00,316.47,316.61,316.3,316.32,1427
2026-07-13 07:04:00,316.3372,316.5,316.33,316.33,486
2026-07-13 07:05:00,316.33,316.33,316.05,316.05,1284
2026-07-13 07:06:00,316.46,316.57,316.14,316.14,710
2026-07-13 07:07:00,316.11,316.25,316.01,316.01,2882
2026-07-13 07:08:00,316.101,316.19,316.03,316.19,829
2026-07-13 07:09:00,316.04,316.04,315.91,315.91,950
2026-07-13 07:10:00,315.93,315.93,315.9,315.9,425
2026-07-13 07:11:00,315.76,316.03,315.61,315.85,643
2026-07-13 07:12:00,316,316,315.76,315.77,712
2026-07-13 07:13:00,315.76,315.86,315.76,315.81,1671
2026-07-13 07:14:00,315.798,315.8,315.54,315.8,2088
2026-07-13 07:15:00,315.56,315.79,315.53,315.79,232
2026-07-13 07:16:00,315.79,315.87,315.79,315.87,2108
2026-07-13 07:17:00,315.99,315.99,315.99,315.99,125
2026-07-13 07:18:00,315.9562,315.99,315.75,315.99,2446
2026-07-13 07:19:00,316,316,315.83,315.83,1269
2026-07-13 07:20:00,315.82,315.915,315.82,315.82,797
2026-07-13 07:21:00,315.92,315.92,315.91,315.92,142
2026-07-13 07:22:00,315.87,315.87,315.87,315.87,104
2026-07-13 07:23:00,315.87,315.88,315.87,315.87,1254
2026-07-13 07:24:00,315.8925,315.8925,315.85,315.85,240
2026-07-13 07:25:00,315.84,315.84,315.84,315.84,101
2026-07-13 07:26:00,315.86,315.86,315.79,315.79,1438
2026-07-13 07:27:00,315.79,315.8,315.79,315.8,147
2026-07-13 07:28:00,315.8,315.8254,315.75,315.8254,614
2026-07-13 07:29:00,315.86,315.86,315.86,315.86,100
2026-07-13 07:31:00,315.86,315.86,315.7,315.7,1875
2026-07-13 07:32:00,315.75,315.8438,315.75,315.8344,550
2026-07-13 07:33:00,315.86,315.86,315.82,315.82,481
2026-07-13 07:34:00,315.95,316.19,315.95,316.19,3910
2026-07-13 07:35:00,316.19,316.23,316.04,316.04,701
2026-07-13 07:36:00,316.12,316.19,316.12,316.19,350
2026-07-13 07:37:00,316.0434,316.12,316.0434,316.11,235
2026-07-13 07:38:00,316.05,316.06,316.04,316.04,551
2026-07-13 07:39:00,316.1,316.1,316.01,316.0317,537
2026-07-13 07:40:00,316.02,316.06,315.99,316.01,1423
2026-07-13 07:42:00,315.95,316.0072,315.91,315.91,345
2026-07-13 07:43:00,315.93,315.93,315.92,315.92,154
2026-07-13 07:44:00,315.93,316,315.9,315.9,614
2026-07-13 07:45:00,315.9192,315.9192,315.9192,315.9192,50
2026-07-13 07:46:00,315.9819,315.9819,315.96,315.9819,947
2026-07-13 07:47:00,315.9819,315.9859,315.93,315.965,3705
2026-07-13 07:48:00,315.94,315.94,315.8791,315.93,1250
2026-07-13 07:49:00,315.97,316.05,315.97,316.05,332
2026-07-13 07:50:00,316.04,316.05,316.02,316.0239,658
2026-07-13 07:51:00,316.02,316.05,316.02,316.05,130
2026-07-13 07:52:00,316.05,316.09,315.92,316.0435,2559
2026-07-13 07:53:00,316.04,316.15,315.84,315.84,1452
2026-07-13 07:54:00,315.718,315.9363,315.718,315.9363,200
2026-07-13 07:55:00,315.73,315.7446,315.73,315.7446,261
2026-07-13 07:56:00,315.88,315.88,315.77,315.77,321
2026-07-13 07:57:00,315.77,315.9999,315.71,315.9999,591
2026-07-13 07:59:00,315.8544,315.8544,315.8544,315.8544,120
2026-07-13 08:00:00,315.72,315.74,314.532,314.532,213
2026-07-13 08:01:00,315.74,315.88,315.74,315.88,182
2026-07-13 08:02:00,315.93,315.98,315.74,315.865,5645
2026-07-13 08:03:00,315.7614,315.8632,315.7614,315.8632,200
2026-07-13 08:04:00,315.77,315.7848,315.71,315.7848,985
2026-07-13 08:05:00,315.72,315.72,315.72,315.72,96
2026-07-13 08:06:00,315.7,315.7924,315.7,315.755,633
2026-07-13 08:07:00,315.79,315.87,315.72,315.72,4452
2026-07-13 08:08:00,315.81,315.87,315.81,315.87,200
2026-07-13 08:09:00,315.72,315.75,315.72,315.75,997
2026-07-13 08:10:00,315.8,315.97,315.8,315.875,1187
2026-07-13 08:11:00,315.77,315.77,315.62,315.62,905
2026-07-13 08:12:00,315.63,315.63,315.54,315.54,763
2026-07-13 08:14:00,315.63,315.63,315.52,315.52,331
2026-07-13 08:15:00,315.55,315.55,315.55,315.55,103
2026-07-13 08:16:00,315.55,315.92,315.55,315.56,564
2026-07-13 08:17:00,315.58,315.84,315.58,315.75,1742
2026-07-13 08:18:00,315.7,315.84,315.7,315.8,494
2026-07-13 08:19:00,315.84,315.85,315.84,315.85,243
2026-07-13 08:20:00,315.84,315.91,315.83,315.83,384
2026-07-13 08:21:00,315.84,315.84,315.84,315.84,40
2026-07-13 08:23:00,315.72,315.75,315.7,315.75,268
2026-07-13 08:24:00,315.75,315.765,315.75,315.765,144
2026-07-13 08:25:00,315.73,315.85,315.68,315.85,165
2026-07-13 08:26:00,315.75,315.86,315.75,315.85,380
2026-07-13 08:27:00,315.77,315.8344,315.77,315.8344,250
2026-07-13 08:28:00,315.85,315.86,315.85,315.85,4470
2026-07-13 08:29:00,315.897,315.897,315.897,315.897,100
2026-07-13 08:30:00,315.9656,315.9656,315.86,315.87,686
2026-07-13 08:31:00,315.87,315.87,315.87,315.87,61
2026-07-13 08:32:00,315.94,316,315.9242,315.9242,7179
2026-07-13 08:33:00,315.9,316.05,315.9,316.0499,1640
2026-07-13 08:34:00,315.92,316.05,315.92,316.02,5680
2026-07-13 08:36:00,316.02,316.12,316.02,316.12,765
2026-07-13 08:37:00,316.07,316.15,316.07,316.1,250
2026-07-13 08:38:00,316.0948,316.15,316.0948,316.15,389
2026-07-13 08:39:00,316.0901,316.1003,316.0901,316.1003,100
2026-07-13 08:40:00,316.11,316.15,316.02,316.02,1626
2026-07-13 08:41:00,316.1099,316.14,315.91,315.91,1484
2026-07-13 08:42:00,315.97,315.97,315.97,315.97,82
2026-07-13 08:43:00,315.94,315.94,315.9,315.9,5379
2026-07-13 08:44:00,315.87,316,315.87,315.97,146
2026-07-13 08:45:00,315.94,315.94,315.8955,315.8955,241
2026-07-13 08:46:00,315.93,315.95,315.86,315.9008,1378
2026-07-13 08:47:00,315.95,316.1,315.95,316.1,537
2026-07-13 08:48:00,316.0509,316.1,316.04,316.1,3033
2026-07-13 08:49:00,316.1,316.15,316.1,316.1,721
2026-07-13 08:50:00,316.1,316.1491,316.1,316.1491,400
2026-07-13 08:51:00,316.17,316.6,316.17,316.51,7778
2026-07-13 08:52:00,316.495,316.61,316.43,316.5,3210
2026-07-13 08:53:00,316.538,316.538,316.4,316.4,1140
2026-07-13 08:54:00,316.36,316.5472,316.36,316.4976,1468
2026-07-13 08:55:00,316.4976,316.4976,316.26,316.444,2247
2026-07-13 08:56:00,316.395,316.5971,316.395,316.5095,939
2026-07-13 08:57:00,316.63,316.69,316.56,316.69,2513
2026-07-13 08:58:00,316.676,316.7,316.55,316.7,1572
2026-07-13 08:59:00,316.72,316.79,316.67,316.75,4603
2026-07-13 09:00:00,316.8,317.21,316.7,316.91,17813
2026-07-13 09:01:00,316.8439,317.18,316.84,316.96,5667
2026-07-13 09:02:00,317.06,317.47,317.01,317.43,8478
2026-07-13 09:03:00,317.43,317.49,317.08,317.15,7909
2026-07-13 09:04:00,317.19,317.2,317.0742,317.2,1362
2026-07-13 09:05:00,317.21,317.35,317.094,317.094,5137
2026-07-13 09:06:00,317.15,317.3395,317.15,317.25,2848
2026-07-13 09:07:00,317.25,317.255,317.11,317.1113,4748
2026-07-13 09:08:00,317.11,317.24,317.11,317.24,460
2026-07-13 09:09:00,317.2779,317.2779,317.23,317.25,1423
2026-07-13 09:10:00,317.19,317.23,317.17,317.2109,2285
2026-07-13 09:11:00,317.2194,317.24,317.1817,317.22,1162
2026-07-13 09:12:00,317.18,317.18,317.09,317.09,2149
2026-07-13 09:13:00,317.11,317.22,317.11,317.2,451
2026-07-13 09:14:00,317.2,317.25,317.2,317.21,962
2026-07-13 09:15:00,317.2,317.35,317.185,317.3145,3932
2026-07-13 09:16:00,317.35,317.47,317.26,317.47,6476
2026-07-13 09:17:00,317.42,317.46,317,317.02,6303
2026-07-13 09:18:00,317.2486,317.2936,317.03,317.03,3225
2026-07-13 09:19:00,317.2999,317.2999,317,317.21,1814
2026-07-13 09:20:00,317.06,317.06,316.92,316.9325,2785
2026-07-13 09:21:00,316.9995,317,316.8991,316.99,2147
2026-07-13 09:22:00,316.96,317,316.96,316.96,2034
2026-07-13 09:23:00,316.95,316.9861,316.87,316.8725,3802
2026-07-13 09:24:00,316.85,316.8909,316.8,316.86,2882
2026-07-13 09:25:00,316.78,316.8,316.16,316.35,6251
2026-07-13 09:26:00,316.3753,316.76,316.3,316.4952,8288
2026-07-13 09:27:00,316.4,316.85,316.39,316.83,2354
2026-07-13 09:28:00,316.7,317.1695,316.7,317.14,5727
2026-07-13 09:29:00,317.15,317.15,317,317.06,3081
2026-07-13 09:30:00,317.04,319.6299,316.45,319.55,1249654
2026-07-13 09:31:00,319.61,319.7,318.6,319.6696,344440
2026-07-13 09:32:00,319.67,319.91,319.15,319.175,242786
2026-07-13 09:33:00,319.175,319.9,319.08,319.805,233861
2026-07-13 09:34:00,319.805,320.65,319.8,320.5964,763973
2026-07-13 09:35:00,320.5201,320.9588,320.44,320.94,302013
2026-07-13 09:36:00,320.895,321.24,320.69,321.1001,439889
2026-07-13 09:37:00,321.11,321.29,320.81,320.925,259992
2026-07-13 09:38:00,320.925,322.35,320.75,322.34,371863
2026-07-13 09:39:00,322.34,322.45,321.645,321.65,241241
2026-07-13 09:40:00,321.625,321.71,321.03,321.2,248193
2026-07-13 09:41:00,321.21,322.17,321.185,322.09,156904
2026-07-13 09:42:00,322.12,322.12,321.635,321.895,185762
2026-07-13 09:43:00,321.96,322.44,321.76,322.37,163473
2026-07-13 09:44:00,322.39,322.4999,322.2,322.43,140850
2026-07-13 09:45:00,322.43,322.43,321.77,322.035,189799
2026-07-13 09:46:00,322.06,322.5795,322.045,322.44,189366
2026-07-13 09:47:00,322.445,322.56,322.27,322.35,126017
2026-07-13 09:48:00,322.33,322.77,322.18,322.75,187178
2026-07-13 09:49:00,322.76,322.97,322.62,322.9055,176606
2026-07-13 09:50:00,322.925,323.42,322.8901,323.42,301699
2026-07-13 09:51:00,323.42,323.45,322.65,322.74,178085
2026-07-13 09:52:00,322.74,322.82,321.89,322.09,184546
2026-07-13 09:53:00,322.07,322.38,321.28,321.555,213237
2026-07-13 09:54:00,321.555,321.78,321.4,321.515,110090
2026-07-13 09:55:00,321.5,321.579,320.95,321.1,136394
2026-07-13 09:56:00,321.06,321.4578,320.97,321.175,110581
2026-07-13 09:57:00,321.17,321.34,320.51,320.6,104335
2026-07-13 09:58:00,320.57,321.26,320.56,321.07,96552
2026-07-13 09:59:00,321.04,321.4,321.02,321.215,117826
2026-07-13 10:00:00,321.22,321.32,320.74,321.2999,189246
2026-07-13 10:01:00,321.26,321.8,321.13,321.655,146018
2026-07-13 10:02:00,321.7,321.71,321.33,321.43,124687
2026-07-13 10:03:00,321.41,321.64,321.25,321.56,70021
2026-07-13 10:04:00,321.52,321.67,321.2,321.49,96395
2026-07-13 10:05:00,321.465,321.55,321.08,321.1017,77812
2026-07-13 10:06:00,321.135,321.45,321.06,321.23,49197
2026-07-13 10:07:00,321.22,321.44,321,321.07,48242
2026-07-13 10:08:00,321.09,321.13,320.75,321.07,89464
2026-07-13 10:09:00,321.041,321.27,320.97,321.192,54159
2026-07-13 10:10:00,321.2,321.39,321.11,321.3501,78466
2026-07-13 10:11:00,321.375,321.5,320.8701,320.9699,101934
2026-07-13 10:12:00,320.9301,321.0783,320.76,320.88,75424
2026-07-13 10:13:00,320.88,320.88,320.64,320.78,58622
2026-07-13 10:14:00,320.76,321.2,320.63,321.19,66117
2026-07-13 10:15:00,321.17,321.4599,321.12,321.35,99150
2026-07-13 10:16:00,321.31,321.45,320.12,320.4733,269174
2026-07-13 10:17:00,320.33,320.525,319.33,320.07,190345
2026-07-13 10:18:00,320.085,320.3999,319.8801,319.9825,79420
2026-07-13 10:19:00,319.98,320.24,319.9501,320,60327
2026-07-13 10:20:00,319.98,320.42,319.98,320.3,48175
2026-07-13 10:21:00,320.33,320.56,320.2901,320.5101,51848
2026-07-13 10:22:00,320.51,320.5399,320.3,320.335,69064
2026-07-13 10:23:00,320.32,320.36,319.5575,319.66,95799
2026-07-13 10:24:00,319.6301,320.55,319.63,320.48,56221
2026-07-13 10:25:00,320.48,320.59,320.21,320.24,41792
2026-07-13 10:26:00,320.3,320.32,319.9,319.9326,50736
2026-07-13 10:27:00,319.93,320.08,319.84,319.975,54101
2026-07-13 10:28:00,319.97,320.29,319.97,320.06,37674
2026-07-13 10:29:00,320.07,320.2599,319.95,320.2,69374
2026-07-13 10:30:00,320.21,320.3,319.9219,319.96,69762
2026-07-13 10:31:00,319.965,320.19,319.8,319.84,67545
2026-07-13 10:32:00,319.84,319.9556,319.66,319.83,47821
2026-07-13 10:33:00,319.82,319.98,319.6,319.77,39728
2026-07-13 10:34:00,319.75,319.85,319.5201,319.63,61544
2026-07-13 10:35:00,319.63,319.75,318.97,318.99,105245
2026-07-13 10:36:00,319.0101,319.14,318.6306,318.84,97204
2026-07-13 10:37:00,318.85,318.97,318.76,318.88,56186
2026-07-13 10:38:00,318.89,318.89,318.71,318.8,71383
2026-07-13 10:39:00,318.78,318.92,318.68,318.92,47279
2026-07-13 10:40:00,318.92,319.02,318.81,318.865,44658
2026-07-13 10:41:00,318.87,318.9782,318.73,318.95,50948
2026-07-13 10:42:00,318.94,319.1,318.7,318.78,44099
2026-07-13 10:43:00,318.775,318.91,318.63,318.7952,45147
2026-07-13 10:44:00,318.7912,318.845,318.71,318.77,39163
2026-07-13 10:45:00,318.7776,318.8568,318.7,318.75,50124
2026-07-13 10:46:00,318.7548,319.08,318.705,319.03,53066
2026-07-13 10:47:00,319.01,319.15,318.96,319.02,65096
2026-07-13 10:48:00,319,319.48,318.8801,319.4,70575
2026-07-13 10:49:00,319.395,319.56,319.23,319.3491,60996
2026-07-13 10:50:00,319.35,319.44,318.94,318.9403,53501
2026-07-13 10:51:00,318.95,319,318.78,318.91,63568
2026-07-13 10:52:00,318.91,319.09,318.86,319.035,49307
2026-07-13 10:53:00,319.06,319.06,318.75,318.76,33652
2026-07-13 10:54:00,318.75,318.86,318.58,318.735,76394
2026-07-13 10:55:00,318.7101,318.7699,318.49,318.59,52416
2026-07-13 10:56:00,318.61,318.78,318.37,318.73,74862
2026-07-13 10:57:00,318.73,318.95,318.59,318.785,59833
2026-07-13 10:58:00,318.78,319.1,318.75,318.944,51621
2026-07-13 10:59:00,318.94,319.1,318.775,319.07,31928
2026-07-13 11:00:00,319.13,319.17,318.85,318.95,53759
2026-07-13 11:01:00,318.92,319.23,318.72,319.065,66931
2026-07-13 11:02:00,319.06,319.1394,318.83,318.905,36903
2026-07-13 11:03:00,318.91,319,318.84,318.985,35971
2026-07-13 11:04:00,318.97,319.12,318.73,318.77,38945
2026-07-13 11:05:00,318.7501,318.86,318.7501,318.775,25538
2026-07-13 11:06:00,318.79,318.9488,318.63,318.63,49522
2026-07-13 11:07:00,318.62,318.76,318.45,318.545,68758
2026-07-13 11:08:00,318.55,318.56,318.35,318.41,55718
2026-07-13 11:09:00,318.38,318.49,318.15,318.24,58603
2026-07-13 11:10:00,318.22,318.48,318.2,318.435,53305
2026-07-13 11:11:00,318.42,318.485,318.25,318.34,29797
2026-07-13 11:12:00,318.33,318.38,318.18,318.325,26480
2026-07-13 11:13:00,318.325,318.325,317.97,318.12,64212
2026-07-13 11:14:00,318.115,318.15,317.89,317.92,52889
2026-07-13 11:15:00,317.92,318.16,317.77,318.045,53394
2026-07-13 11:16:00,318.01,318.132,317.9,317.965,21936
2026-07-13 11:17:00,317.95,318.055,317.9001,318.05,29754
2026-07-13 11:18:00,318.045,318.09,317.59,317.68,53957
2026-07-13 11:19:00,317.695,317.84,317.62,317.8262,40715
2026-07-13 11:20:00,317.83,317.92,317.7,317.895,52554
2026-07-13 11:21:00,317.8601,317.98,317.82,317.91,31233
2026-07-13 11:22:00,317.92,317.93,317.7,317.76,31774
2026-07-13 11:23:00,317.76,317.9055,317.75,317.9,27434
2026-07-13 11:24:00,317.9,318,317.66,317.69,69045
2026-07-13 11:25:00,317.67,317.72,317.37,317.395,64019
2026-07-13 11:26:00,317.4856,317.4856,317.22,317.285,56147
2026-07-13 11:27:00,317.2851,317.34,316.91,316.9465,150493
2026-07-13 11:28:00,316.9386,317.06,316.85,317,92187
2026-07-13 11:29:00,316.975,317.35,316.94,317.22,55734
2026-07-13 11:30:00,317.22,317.23,316.88,316.935,44102
2026-07-13 11:31:00,316.9231,317.005,316.71,316.91,76367
2026-07-13 11:32:00,316.91,317.0584,316.55,316.615,69480
2026-07-13 11:33:00,316.615,316.81,316.59,316.76,44606
2026-07-13 11:34:00,316.76,316.83,316.49,316.56,62678
2026-07-13 11:35:00,316.5644,316.5886,316.1,316.14,78123
2026-07-13 11:36:00,316.13,316.3693,316.09,316.265,64715
2026-07-13 11:37:00,316.265,316.5,316.2116,316.48,86523
2026-07-13 11:38:00,316.4899,316.77,316.41,316.76,93523
2026-07-13 11:39:00,316.745,316.87,316.56,316.5777,50999
2026-07-13 11:40:00,316.55,316.795,316.46,316.77,44725
2026-07-13 11:41:00,316.77,316.8,316.33,316.47,60029
2026-07-13 11:42:00,316.475,316.71,316.42,316.45,37870
2026-07-13 11:43:00,316.455,316.4999,316.33,316.41,38990
2026-07-13 11:44:00,316.415,316.52,316.3,316.44,37107
2026-07-13 11:45:00,316.441,316.63,316.42,316.54,29109
2026-07-13 11:46:00,316.515,316.93,316.42,316.865,63135
2026-07-13 11:47:00,316.88,317.11,316.8,317.035,100406
2026-07-13 11:48:00,317.04,317.0899,316.7,316.86,61567
2026-07-13 11:49:00,316.86,317.05,316.74,316.88,41099
2026-07-13 11:50:00,316.85,316.88,316.6301,316.79,51285
2026-07-13 11:51:00,316.785,316.83,316.6146,316.75,35422
2026-07-13 11:52:00,316.7561,316.9,316.69,316.86,47425
2026-07-13 11:53:00,316.865,317.07,316.795,317.0499,58650
2026-07-13 11:54:00,317.035,317.1225,316.91,317.08,44791
2026-07-13 11:55:00,317.09,317.219,316.84,316.87,67582
2026-07-13 11:56:00,316.895,317.09,316.75,317.05,50155
2026-07-13 11:57:00,317.05,317.14,316.94,317.02,42072
2026-07-13 11:58:00,317.035,317.2,317.02,317.0815,31661
2026-07-13 11:59:00,317.1,317.25,317.03,317.12,55424
2026-07-13 12:00:00,317.1,317.1,316.8,316.835,50582
2026-07-13 12:01:00,316.83,317.05,316.8,316.98,55953
2026-07-13 12:02:00,316.9999,317.2299,316.821,317.2,54398
2026-07-13 12:03:00,317.23,317.4999,317.0959,317.18,85453
2026-07-13 12:04:00,317.21,317.3599,317.11,317.26,59533
2026-07-13 12:05:00,317.23,317.5,317.21,317.43,53777
2026-07-13 12:06:00,317.46,317.59,317.39,317.55,85517
2026-07-13 12:07:00,317.52,317.83,317.515,317.7,62661
2026-07-13 12:08:00,317.71,317.74,317.6,317.64,52952
2026-07-13 12:09:00,317.62,317.9,317.6175,317.7999,96561
2026-07-13 12:10:00,317.785,317.83,317.47,317.665,79060
2026-07-13 12:11:00,317.68,317.71,317.54,317.54,32628
2026-07-13 12:12:00,317.52,317.67,317.45,317.49,32476
2026-07-13 12:13:00,317.47,317.6935,317.39,317.675,48126
2026-07-13 12:14:00,317.7,317.7499,317.59,317.665,32434
2026-07-13 12:15:00,317.66,317.71,317.43,317.515,36906
2026-07-13 12:16:00,317.49,317.5588,317.3301,317.345,37740
2026-07-13 12:17:00,317.33,317.4799,317.31,317.43,31000
2026-07-13 12:18:00,317.42,317.44,317.02,317.19,77001
2026-07-13 12:19:00,317.2,317.3631,317.09,317.335,42939
2026-07-13 12:20:00,317.31,317.38,317.23,317.35,28994
2026-07-13 12:21:00,317.35,317.42,317.25,317.33,39600
2026-07-13 12:22:00,317.32,317.4699,317.28,317.35,33350
2026-07-13 12:23:00,317.34,317.42,317.24,317.315,27000
2026-07-13 12:24:00,317.32,317.34,317.15,317.21,33546
2026-07-13 12:25:00,317.22,317.34,317.19,317.25,29517
2026-07-13 12:26:00,317.23,317.29,317.05,317.13,49281
2026-07-13 12:27:00,317.14,317.14,316.86,317.12,59716
2026-07-13 12:28:00,317.14,317.54,317.126,317.425,55015
2026-07-13 12:29:00,317.44,317.56,317.24,317.37,37868
2026-07-13 12:30:00,317.34,317.355,316.932,317.04,34567
2026-07-13 12:31:00,317.02,317.34,316.98,317.325,28718
2026-07-13 12:32:00,317.33,317.44,317.2,317.4276,27807
2026-07-13 12:33:00,317.4,317.4,317.15,317.23,31941
2026-07-13 12:34:00,317.26,317.31,317.09,317.1601,29833
2026-07-13 12:35:00,317.165,317.2,316.91,317.04,78973
2026-07-13 12:36:00,317.06,317.06,316.63,316.93,60074
2026-07-13 12:37:00,316.93,317.08,316.77,317,30400
2026-07-13 12:38:00,317,317.05,316.68,316.86,77818
2026-07-13 12:39:00,316.89,317.03,316.36,316.5,84819
2026-07-13 12:40:00,316.48,316.55,315.91,316.0599,118002
2026-07-13 12:41:00,316.03,316.365,316,316.3,54193
2026-07-13 12:42:00,316.27,316.7876,316.27,316.74,42028
2026-07-13 12:43:00,316.745,316.87,316.59,316.64,51786
2026-07-13 12:44:00,316.71,316.9,316.48,316.48,89324
2026-07-13 12:45:00,316.515,316.72,316.51,316.6301,19806
2026-07-13 12:46:00,316.63,316.72,316.423,316.5,25739
2026-07-13 12:47:00,316.51,316.69,316.46,316.54,29299
2026-07-13 12:48:00,316.56,316.73,316.45,316.61,31405
2026-07-13 12:49:00,316.62,316.82,316.59,316.74,30881
2026-07-13 12:50:00,316.77,316.8,316.49,316.545,26493
2026-07-13 12:51:00,316.56,316.69,316.42,316.5001,28751
2026-07-13 12:52:00,316.5,316.5266,316.3448,316.425,21151
2026-07-13 12:53:00,316.41,316.44,316.2215,316.33,21128
2026-07-13 12:54:00,316.31,316.3325,316.18,316.2899,28359
2026-07-13 12:55:00,316.29,316.44,316.19,316.4099,31633
2026-07-13 12:56:00,316.395,316.48,316.21,316.45,17569
2026-07-13 12:57:00,316.44,316.58,316.33,316.52,29562
2026-07-13 12:58:00,316.51,316.63,316.51,316.58,27561
2026-07-13 12:59:00,316.57,316.67,316.38,316.605,30144
2026-07-13 13:00:00,316.61,316.665,316.51,316.58,25383
2026-07-13 13:01:00,316.6,316.61,316.4,316.53,21207
2026-07-13 13:02:00,316.54,316.61,316.4017,316.43,27214
2026-07-13 13:03:00,316.43,316.48,316.19,316.19,32176
2026-07-13 13:04:00,316.19,316.3,316.11,316.13,28232
2026-07-13 13:05:00,316.13,316.345,316.11,316.285,25517
2026-07-13 13:06:00,316.27,316.58,316.23,316.58,24677
2026-07-13 13:07:00,316.55,316.73,316.48,316.6,28168
2026-07-13 13:08:00,316.6,316.6515,316.46,316.48,32016
2026-07-13 13:09:00,316.47,316.62,316.4032,316.41,20042
2026-07-13 13:10:00,316.415,316.67,316.39,316.48,16327
2026-07-13 13:11:00,316.46,316.5,316.14,316.24,37343
2026-07-13 13:12:00,316.24,316.28,316.05,316.05,65044
2026-07-13 13:13:00,316.05,316.2,316.02,316.11,31832
2026-07-13 13:14:00,316.07,316.17,316.01,316.1,18604
2026-07-13 13:15:00,316.095,316.15,315.8715,315.89,35771
2026-07-13 13:16:00,315.89,315.93,315.78,315.92,39825
2026-07-13 13:17:00,315.9,316.19,315.85,316.1401,37855
2026-07-13 13:18:00,316.18,316.27,316.14,316.21,38352
2026-07-13 13:19:00,316.22,316.24,316.11,316.12,23826
2026-07-13 13:20:00,316.125,316.18,316.01,316.08,15255
2026-07-13 13:21:00,316.09,316.24,316.02,316.235,16235
2026-07-13 13:22:00,316.2499,316.28,316.15,316.28,21017
2026-07-13 13:23:00,316.28,316.49,316.25,316.38,40087
2026-07-13 13:24:00,316.3501,316.39,316.095,316.185,46174
2026-07-13 13:25:00,316.2,316.23,316.075,316.18,35492
2026-07-13 13:26:00,316.13,316.2399,316.11,316.14,18324
2026-07-13 13:27:00,316.155,316.53,316.12,316.42,65703
2026-07-13 13:28:00,316.44,316.58,316.3,316.48,38327
2026-07-13 13:29:00,316.46,316.52,316.23,316.47,39598
2026-07-13 13:30:00,316.49,316.65,316.39,316.44,73729
2026-07-13 13:31:00,316.425,316.67,316.4,316.605,36632
2026-07-13 13:32:00,316.5896,316.6145,316.4,316.49,34588
2026-07-13 13:33:00,316.5,316.59,316.36,316.44,27519
2026-07-13 13:34:00,316.465,316.48,316.36,316.44,23727
2026-07-13 13:35:00,316.44,316.44,316.11,316.24,35128
2026-07-13 13:36:00,316.28,316.34,316.2,316.32,24526
2026-07-13 13:37:00,316.32,316.41,316.28,316.3202,19273
2026-07-13 13:38:00,316.3288,316.36,316.26,316.33,12140
2026-07-13 13:39:00,316.3,316.33,316.19,316.305,36228
2026-07-13 13:40:00,316.28,316.33,316.195,316.235,25076
2026-07-13 13:41:00,316.235,316.47,316.22,316.445,35465
2026-07-13 13:42:00,316.43,316.47,316.35,316.47,25424
2026-07-13 13:43:00,316.47,316.59,316.41,316.44,31201
2026-07-13 13:44:00,316.445,316.4901,316.38,316.4,22987
2026-07-13 13:45:00,316.395,316.46,316.2777,316.39,43150
2026-07-13 13:46:00,316.37,316.4025,316.27,316.335,16893
2026-07-13 13:47:00,316.335,316.44,316.21,316.27,22112
2026-07-13 13:48:00,316.27,316.48,316.21,316.41,23538
2026-07-13 13:49:00,316.37,316.48,316.34,316.47,18147
2026-07-13 13:50:00,316.46,316.49,316.35,316.445,21465
2026-07-13 13:51:00,316.445,316.75,316.445,316.56,56503
2026-07-13 13:52:00,316.55,316.67,316.48,316.65,16102
2026-07-13 13:53:00,316.665,316.67,316.2843,316.415,44630
2026-07-13 13:54:00,316.42,316.59,316.39,316.405,48299
2026-07-13 13:55:00,316.42,316.5,316.29,316.44,24875
2026-07-13 13:56:00,316.43,316.45,316.34,316.35,17553
2026-07-13 13:57:00,316.36,316.38,316.13,316.1305,21490
2026-07-13 13:58:00,316.145,316.3,316.03,316.23,27812
2026-07-13 13:59:00,316.21,316.23,316.11,316.155,29880
2026-07-13 14:00:00,316.17,316.32,316.06,316.22,32304
2026-07-13 14:01:00,316.23,316.5,316.23,316.335,47352
2026-07-13 14:02:00,316.39,316.53,316.38,316.395,31849
2026-07-13 14:03:00,316.42,316.45,316.31,316.41,20878
2026-07-13 14:04:00,316.4,316.45,316.34,316.425,20005
2026-07-13 14:05:00,316.41,316.47,316.29,316.42,18642
2026-07-13 14:06:00,316.44,316.54,316.34,316.4,43108
2026-07-13 14:07:00,316.4,316.4,316.26,316.275,19244
2026-07-13 14:08:00,316.275,316.47,316.17,316.445,29700
2026-07-13 14:09:00,316.45,316.47,316.25,316.25,23907
2026-07-13 14:10:00,316.26,316.29,316.18,316.18,23580
2026-07-13 14:11:00,316.18,316.205,315.9,316.17,73603
2026-07-13 14:12:00,316.18,316.35,316.14,316.33,19853
2026-07-13 14:13:00,316.335,316.43,316.19,316.39,46313
2026-07-13 14:14:00,316.41,316.44,316.28,316.32,24043
2026-07-13 14:15:00,316.315,316.34,316.15,316.25,20124
2026-07-13 14:16:00,316.24,316.45,316.24,316.38,22133
2026-07-13 14:17:00,316.4,316.46,316.29,316.38,17645
2026-07-13 14:18:00,316.395,316.44,316.33,316.38,14776
2026-07-13 14:19:00,316.385,316.4,316.2001,316.255,15698
2026-07-13 14:20:00,316.255,316.3,316.16,316.24,26516
2026-07-13 14:21:00,316.22,316.385,316.2001,316.37,21761
2026-07-13 14:22:00,316.38,316.3825,316.29,316.31,19184
2026-07-13 14:23:00,316.3,316.34,316.18,316.24,28155
2026-07-13 14:24:00,316.245,316.38,316.2,316.344,19768
2026-07-13 14:25:00,316.34,316.4899,316.32,316.4734,39023
2026-07-13 14:26:00,316.47,316.53,316.38,316.5,36919
2026-07-13 14:27:00,316.5,316.5099,316.42,316.49,26161
2026-07-13 14:28:00,316.49,316.5901,316.43,316.52,36235
2026-07-13 14:29:00,316.52,316.845,316.5194,316.8405,117194
2026-07-13 14:30:00,316.85,316.88,316.67,316.75,27853
2026-07-13 14:31:00,316.72,316.785,316.64,316.78,33179
2026-07-13 14:32:00,316.78,316.85,316.69,316.71,23209
2026-07-13 14:33:00,316.72,316.84,316.69,316.825,26439
2026-07-13 14:34:00,316.81,317.03,316.72,316.88,54534
2026-07-13 14:35:00,316.89,317.05,316.875,316.9801,55497
2026-07-13 14:36:00,316.995,317.01,316.84,316.84,28348
2026-07-13 14:37:00,316.85,316.96,316.8,316.9,24096
2026-07-13 14:38:00,316.9195,316.98,316.864,316.94,25048
2026-07-13 14:39:00,316.94,317.04,316.86,316.915,40878
2026-07-13 14:40:00,316.93,316.93,316.75,316.785,30846
2026-07-13 14:41:00,316.78,316.94,316.77,316.8601,18247
2026-07-13 14:42:00,316.88,316.96,316.853,316.94,27699
2026-07-13 14:43:00,316.95,317.11,316.9017,316.965,35488
2026-07-13 14:44:00,316.95,316.96,316.85,316.94,21334
2026-07-13 14:45:00,316.96,317.1976,316.9472,317.15,54669
2026-07-13 14:46:00,317.145,317.17,316.97,316.985,26766
2026-07-13 14:47:00,316.985,317.065,316.965,317.03,25106
2026-07-13 14:48:00,317.04,317.09,316.93,317.0499,32231
2026-07-13 14:49:00,317.03,317.11,317,317.04,27972
2026-07-13 14:50:00,317.05,317.1,316.9501,316.99,26776
2026-07-13 14:51:00,316.99,317.15,316.98,317.0899,31528
2026-07-13 14:52:00,317.06,317.19,317.03,317.16,29280
2026-07-13 14:53:00,317.16,317.33,317.12,317.295,54398
2026-07-13 14:54:00,317.295,317.295,317.18,317.22,36098
2026-07-13 14:55:00,317.21,317.3,317.17,317.265,58774
2026-07-13 14:56:00,317.265,317.43,317.19,317.375,71127
2026-07-13 14:57:00,317.37,317.48,317.33,317.47,58515
2026-07-13 14:58:00,317.46,317.46,317.19,317.21,42823
2026-07-13 14:59:00,317.22,317.28,316.97,317.16,55066
2026-07-13 15:00:00,317.18,317.21,316.99,317.07,40160
2026-07-13 15:01:00,317.09,317.35,317.04,317.35,31347
2026-07-13 15:02:00,317.34,317.42,317.28,317.38,31760
2026-07-13 15:03:00,317.38,317.52,317.35,317.37,41018
2026-07-13 15:04:00,317.385,317.385,317.05,317.15,48636
2026-07-13 15:05:00,317.135,317.29,317.12,317.19,50529
2026-07-13 15:06:00,317.19,317.235,316.84,316.945,84608
2026-07-13 15:07:00,316.955,317.38,316.94,317.3,51429
2026-07-13 15:08:00,317.31,317.32,317.075,317.075,42712
2026-07-13 15:09:00,317.1,317.19,317.06,317.105,35414
2026-07-13 15:10:00,317.105,317.13,316.65,316.7099,58856
2026-07-13 15:11:00,316.685,316.685,316.4,316.52,80989
2026-07-13 15:12:00,316.55,316.55,316.27,316.38,73986
2026-07-13 15:13:00,316.4,316.5599,316.2,316.36,58241
2026-07-13 15:14:00,316.35,316.36,316.17,316.29,46318
2026-07-13 15:15:00,316.27,316.52,316.23,316.36,47802
2026-07-13 15:16:00,316.375,316.64,316.34,316.56,41125
2026-07-13 15:17:00,316.55,316.83,316.51,316.7733,44951
2026-07-13 15:18:00,316.78,316.97,316.73,316.925,33724
2026-07-13 15:19:00,316.93,317.13,316.7401,316.775,50821
2026-07-13 15:20:00,316.75,317.05,316.72,317.02,36484
2026-07-13 15:21:00,317.015,317.1143,316.89,317.02,65371
2026-07-13 15:22:00,316.98,317.11,316.895,317,45252
2026-07-13 15:23:00,316.98,317.125,316.87,317.03,46366
2026-07-13 15:24:00,317.01,317.07,316.86,316.99,37628
2026-07-13 15:25:00,316.95,317.02,316.78,316.835,28964
2026-07-13 15:26:00,316.81,316.875,316.68,316.73,56337
2026-07-13 15:27:00,316.69,316.7999,316.54,316.5628,50697
2026-07-13 15:28:00,316.54,316.66,316.48,316.5,31392
2026-07-13 15:29:00,316.49,316.505,316.22,316.33,67402
2026-07-13 15:30:00,316.325,316.44,316.17,316.17,72770
2026-07-13 15:31:00,316.1551,316.46,316.05,316.45,49695
2026-07-13 15:32:00,316.4401,316.455,316.23,316.24,42466
2026-07-13 15:33:00,316.26,316.365,316.13,316.21,43534
2026-07-13 15:34:00,316.22,316.43,316.18,316.42,37325
2026-07-13 15:35:00,316.42,316.44,316.315,316.42,72576
2026-07-13 15:36:00,316.425,316.66,316.425,316.58,47489
2026-07-13 15:37:00,316.56,316.8,316.56,316.62,33299
2026-07-13 15:38:00,316.61,316.72,316.46,316.535,62283
2026-07-13 15:39:00,316.52,316.65,316.5,316.585,37032
2026-07-13 15:40:00,316.57,316.66,316.5,316.64,55679
2026-07-13 15:41:00,316.645,316.7875,316.64,316.71,49802
2026-07-13 15:42:00,316.72,316.78,316.64,316.75,44131
2026-07-13 15:43:00,316.75,316.95,316.75,316.875,51858
2026-07-13 15:44:00,316.88,316.91,316.79,316.84,48046
2026-07-13 15:45:00,316.84,317.05,316.84,316.98,95176
2026-07-13 15:46:00,316.97,317.13,316.915,317.11,61064
2026-07-13 15:47:00,317.12,317.17,316.99,317.04,78677
2026-07-13 15:48:00,317.04,317.31,317.04,317.3025,96498
2026-07-13 15:49:00,317.31,317.405,317.2,317.27,114257
2026-07-13 15:50:00,317.28,317.34,316.88,317.14,171797
2026-07-13 15:51:00,317.135,317.6,317.12,317.5,185369
2026-07-13 15:52:00,317.495,317.545,317.14,317.23,99152
2026-07-13 15:53:00,317.2,317.3,316.95,317.04,82347
2026-07-13 15:54:00,317.04,317.2,316.71,317,142426
2026-07-13 15:55:00,316.97,317.67,316.96,317.56,173409
2026-07-13 15:56:00,317.55,317.71,317.42,317.5,148323
2026-07-13 15:57:00,317.49,317.64,317.4601,317.535,238044
2026-07-13 15:58:00,317.54,317.76,317.53,317.66,275957
2026-07-13 15:59:00,317.64,317.67,317.29,317.42,567729
2026-07-13 16:00:00,317.31,317.8,317.23,317.57,7473112
2026-07-13 16:01:00,317.41,317.679,317.41,317.44,6305
2026-07-13 16:02:00,317.4,317.53,317.4,317.53,1470
2026-07-13 16:03:00,317.51,317.55,317.485,317.55,599
2026-07-13 16:04:00,317.4993,317.4993,317.43,317.49,1478
2026-07-13 16:05:00,317.47,317.547,317.46,317.47,2082
2026-07-13 16:06:00,317.47,317.6,317.47,317.6,1121
2026-07-13 16:07:00,317.515,317.5349,317.44,317.51,380
2026-07-13 16:08:00,317.51,317.5396,317.51,317.5396,90
2026-07-13 16:09:00,317.52,317.54,317.5,317.54,147
2026-07-13 16:10:00,317.5399,317.54,317.51,317.51,422
2026-07-13 16:11:00,317.48,317.65,317.4169,317.47,2464
2026-07-13 16:12:00,317.31,317.4966,317.31,317.43,64589
2026-07-13 16:13:00,317.46,317.46,317.46,317.46,100
2026-07-13 16:14:00,317.413,317.4804,317.413,317.4804,300
2026-07-13 16:15:00,317.4,317.46,317.4,317.44,2150
2026-07-13 16:16:00,317.4,317.41,317.31,317.32,6075
2026-07-13 16:17:00,317.32,317.36,317.31,317.32,2769
2026-07-13 16:18:00,317.35,317.37,317.31,317.36,5191
2026-07-13 16:19:00,317.3499,317.35,317.3226,317.35,839
2026-07-13 16:20:00,317.37,317.37,317.37,317.37,91
2026-07-13 16:21:00,317.33,317.333,317.33,317.33,1358
2026-07-13 16:22:00,317.34,317.36,317.31,317.31,3769
2026-07-13 16:23:00,317.3421,317.35,317.3421,317.35,337
2026-07-13 16:24:00,317.33,317.33,316.15,317.1,8743
2026-07-13 16:25:00,317.1,317.33,316.76,317.32,938
2026-07-13 16:26:00,317.3,317.39,317.3,317.39,2007
2026-07-13 16:27:00,317.069,317.069,317.069,317.069,90
2026-07-13 16:29:00,317.004,317.15,317.004,317.15,122
2026-07-13 16:30:00,317.2014,317.2014,317.1435,317.1435,101
2026-07-13 16:31:00,317.02,317.02,317.02,317.02,40
2026-07-13 16:32:00,317.01,317.01,317.01,317.01,120
2026-07-13 16:33:00,317.13,317.225,317.01,317.225,1035
2026-07-13 16:34:00,317.11,317.3,317.11,317.3,90
2026-07-13 16:35:00,317.265,317.265,317.265,317.265,47
2026-07-13 16:36:00,317.1912,317.1912,317.1912,317.1912,100
2026-07-13 16:37:00,317.3,317.3,317.3,317.3,53
2026-07-13 16:38:00,317.3,317.31,317.3,317.31,13821
2026-07-13 16:39:00,317.31,317.31,317.28,317.28,970
2026-07-13 16:40:00,317.5,317.5,317.5,317.5,100
2026-07-13 16:41:00,317.292,317.292,317.292,317.292,100
2026-07-13 16:43:00,317.3,317.3,317.3,317.3,200
2026-07-13 16:44:00,317.2589,317.31,317.2589,317.31,360
2026-07-13 16:45:00,317.31,317.31,317.268,317.268,140
2026-07-13 16:46:00,317.24,317.24,317.24,317.24,100
2026-07-13 16:47:00,317.31,317.31,317.31,317.31,100
2026-07-13 16:48:00,317.32,317.32,317.32,317.32,40
2026-07-13 16:49:00,317.32,317.41,317.26,317.41,1875
2026-07-13 16:52:00,317.31,317.33,317.29,317.33,403
2026-07-13 16:53:00,317.33,317.33,317.33,317.33,63
2026-07-13 16:54:00,317.2601,317.2601,317.2601,317.2601,66
2026-07-13 16:55:00,317.27,317.33,317.27,317.33,122
2026-07-13 16:56:00,317.26,317.26,317.26,317.26,308
2026-07-13 16:58:00,317.26,317.26,317.26,317.26,40
2026-07-13 16:59:00,317.25,317.33,317.155,317.33,1727
2026-07-13 17:00:00,317.2,317.2,317.2,317.2,135
2026-07-13 17:01:00,317.12,317.1566,317.12,317.1566,150
2026-07-13 17:03:00,317.13,317.13,317.13,317.13,45
2026-07-13 17:07:00,317.1662,317.2,317.1662,317.2,177
2026-07-13 17:08:00,317.34,317.34,317.34,317.34,100
2026-07-13 17:09:00,317.21,317.21,317.11,317.12,3852
2026-07-13 17:10:00,317.2435,317.2435,317.2435,317.2435,80
2026-07-13 17:11:00,317.2065,317.25,317.2065,317.2491,321
2026-07-13 17:12:00,317.2001,317.2001,317.2,317.2,733
2026-07-13 17:13:00,317.2,317.2,317.2,317.2,50
2026-07-13 17:15:00,317.2008,317.2476,317.2008,317.2476,194
2026-07-13 17:16:00,317.225,317.2521,317.225,317.2521,440
2026-07-13 17:18:00,317.3909,317.41,317.3909,317.41,1239
2026-07-13 17:19:00,317.46,317.49,317.46,317.49,1426
2026-07-13 17:20:00,317.4888,317.4888,317.3682,317.3682,971
2026-07-13 17:21:00,317.4718,317.4718,317.3669,317.3669,151
2026-07-13 17:22:00,317.44,317.44,317.44,317.44,200
2026-07-13 17:23:00,317.44,317.44,317.41,317.4134,1822
2026-07-13 17:24:00,317.4113,317.415,317.36,317.36,1481
2026-07-13 17:26:00,317.3961,317.3961,317.39,317.3955,400
2026-07-13 17:27:00,317.36,317.36,317.36,317.36,400
2026-07-13 17:28:00,317.3141,317.3141,317.3141,317.3141,200
2026-07-13 17:29:00,317.31,317.4,317.31,317.4,344
2026-07-13 17:30:00,317.3,317.3,317.3,317.3,367
2026-07-13 17:31:00,317.26,317.3,317.23,317.23,899
2026-07-13 17:32:00,317.1189,317.1189,317.1064,317.1064,150
2026-07-13 17:33:00,317.25,317.25,317.25,317.25,125
2026-07-13 17:36:00,317.21,317.21,317.21,317.21,48
2026-07-13 17:40:00,317.1,317.1,317.1,317.1,43
2026-07-13 17:42:00,317.24,317.24,317.24,317.24,200
2026-07-13 17:43:00,317.24,317.24,317.171,317.171,312
2026-07-13 17:46:00,317.1426,317.25,317.1426,317.2461,357
2026-07-13 17:48:00,317.25,317.25,317.23,317.23,155
2026-07-13 17:50:00,317.23,317.23,317.23,317.23,71
2026-07-13 17:51:00,317.2254,317.2254,317.1729,317.1729,234
2026-07-13 17:54:00,317.23,317.2516,317.23,317.2516,200
2026-07-13 17:55:00,317.28,317.33,317.28,317.33,1100
2026-07-13 17:59:00,317.32,317.34,317.32,317.34,433
2026-07-13 18:00:00,317.35,317.55,317.35,317.55,1485
2026-07-13 18:01:00,317.3968,317.3968,317.3968,317.3968,50
2026-07-13 18:02:00,317.4737,317.52,317.4737,317.52,170
2026-07-13 18:04:00,317.52,317.52,317.52,317.52,40
2026-07-13 18:07:00,317.62,317.62,317.62,317.62,50
2026-07-13 18:10:00,317.33,317.33,317.33,317.33,104
2026-07-13 18:13:00,317.59,317.59,317.59,317.59,596
2026-07-13 18:14:00,317.6,317.6,317.6,317.6,84
2026-07-13 18:15:00,317.59,317.59,317.58,317.58,230
2026-07-13 18:17:00,317.6,317.6,317.6,317.6,50
2026-07-13 18:18:00,317.48,317.48,317.48,317.48,90
2026-07-13 18:20:00,317.48,317.48,317.48,317.48,200
2026-07-13 18:21:00,317.6,317.6,317.59,317.59,174
2026-07-13 18:22:00,317.5825,317.5825,317.5825,317.5825,50
2026-07-13 18:26:00,317.495,317.5,317.495,317.495,350
2026-07-13 18:29:00,317.48,317.48,317.46,317.46,87
2026-07-13 18:30:00,317.41,317.41,317.41,317.41,45
2026-07-13 18:31:00,317.39,317.39,317.33,317.356,744
2026-07-13 18:33:00,317.384,317.384,317.33,317.33,757
2026-07-13 18:37:00,317.36,317.4779,317.36,317.4779,450
2026-07-13 18:38:00,317.43,317.44,317.3345,317.3345,392
2026-07-13 18:39:00,317.4,317.43,317.4,317.43,150
2026-07-13 18:40:00,317.48,317.48,317.48,317.48,440
2026-07-13 18:42:00,317.4,317.43,317.4,317.43,200
2026-07-13 18:44:00,317.352,317.42,317.352,317.42,150
2026-07-13 18:47:00,317.4338,317.4338,317.4338,317.4338,100
2026-07-13 18:50:00,317.39,317.4102,317.39,317.4102,140
2026-07-13 18:51:00,317.335,317.335,317.335,317.335,168
2026-07-13 18:52:00,317.38,317.38,317.38,317.38,208
2026-07-13 18:54:00,317.3406,317.3406,317.33,317.33,100
2026-07-13 18:55:00,317.26,317.26,317.26,317.26,343
2026-07-13 18:57:00,317.17,317.17,317.17,317.17,259
2026-07-13 18:58:00,317.17,317.17,317.1,317.1,1569
2026-07-13 19:01:00,317.1,317.1,317.1,317.1,256
2026-07-13 19:02:00,317.1232,317.1402,317.1232,317.1402,400
2026-07-13 19:03:00,317.11,317.1458,317.11,317.1403,700
2026-07-13 19:04:00,317.3724,317.3724,317.1403,317.1403,1104
2026-07-13 19:05:00,317.3762,317.3762,317.3762,317.3762,93
2026-07-13 19:07:00,317.21,317.21,317.21,317.21,320
2026-07-13 19:08:00,317.2,317.2,317.2,317.2,92
2026-07-13 19:10:00,317.15,317.26,317.11,317.26,754
2026-07-13 19:11:00,317.27,317.41,317.2246,317.41,626
2026-07-13 19:13:00,317.11,317.11,317.11,317.11,75
2026-07-13 19:14:00,317.4,317.4,317.4,317.4,200
2026-07-13 19:15:00,317.2,317.2,317.2,317.2,200
2026-07-13 19:17:00,317.2,317.2,317.1195,317.1195,1144
2026-07-13 19:19:00,317.1804,317.1804,317.1804,317.1804,80
2026-07-13 19:20:00,317.1319,317.1319,317.1211,317.1211,150
2026-07-13 19:21:00,317.15,317.15,317.15,317.15,90
2026-07-13 19:22:00,317.1064,317.2,317.1064,317.2,902
2026-07-13 19:23:00,317.15,317.15,317.15,317.15,50
2026-07-13 19:26:00,317.1504,317.1504,317.1504,317.1504,1000
2026-07-13 19:27:00,317.25,317.25,317.25,317.25,65
2026-07-13 19:28:00,317.21,317.25,317.21,317.25,160
2026-07-13 19:29:00,317.23,317.23,317.2,317.2,124
2026-07-13 19:30:00,317.15,317.23,317.15,317.21,275
2026-07-13 19:32:00,317.15,317.15,317.15,317.15,40
2026-07-13 19:33:00,317.2265,317.2265,317.2265,317.2265,50
2026-07-13 19:35:00,317.1,317.1,317.1,317.1,150
2026-07-13 19:36:00,317.25,317.25,317.19,317.21,724
2026-07-13 19:37:00,317.18,317.18,317.18,317.18,66
2026-07-13 19:38:00,317.18,317.18,317.16,317.16,525
2026-07-13 19:41:00,317.2,317.21,317.17,317.21,222
2026-07-13 19:42:00,317.2,317.2,317.2,317.2,486
2026-07-13 19:44:00,317.23,317.3,317.23,317.3,1900
2026-07-13 19:45:00,317.2407,317.25,317.15,317.15,409
2026-07-13 19:46:00,317.25,317.25,317.2493,317.2493,199
2026-07-13 19:47:00,317.1,317.14,317.1,317.14,1145
2026-07-13 19:48:00,317.22,317.3,317.22,317.3,283
2026-07-13 19:49:00,317.17,317.24,317.13,317.16,812
2026-07-13 19:50:00,317.25,317.25,317.1,317.1,150
2026-07-13 19:52:00,317.29,317.31,317.1812,317.1812,544
2026-07-13 19:53:00,317.1874,317.1874,317.1874,317.1874,308
2026-07-13 19:54:00,317.39,317.45,317.39,317.45,929
2026-07-13 19:55:00,317.375,317.45,317.375,317.45,536
2026-07-13 19:56:00,317.45,317.7,317.411,317.7,2921
2026-07-13 19:57:00,317.6801,317.7,317.6801,317.7,690
2026-07-13 19:58:00,317.71,317.85,317.65,317.85,2311
2026-07-13 19:59:00,317.86,317.87,317.7,317.815,2118
2026-07-14 04:00:00,313.81,316.59,313.68,313.73,30426
2026-07-14 04:01:00,313.8,316.64,313.63,316.09,17804
2026-07-14 04:02:00,316.1,316.21,313.1,314.43,32744
2026-07-14 04:03:00,313.11,313.12,312.5,312.73,6250
2026-07-14 04:04:00,312.85,312.99,312.85,312.99,1116
2026-07-14 04:05:00,312.95,313.05,312.8,313.0484,1983
2026-07-14 04:06:00,312.95,313.05,312.8,313.05,3546
2026-07-14 04:07:00,313.23,313.23,313.17,313.17,1100
2026-07-14 04:08:00,313.18,313.442,313.18,313.43,2680
2026-07-14 04:09:00,313.3,313.32,313.29,313.29,1544
2026-07-14 04:10:00,313.38,313.38,313.2603,313.2603,1775
2026-07-14 04:12:00,313.39,313.39,313.31,313.31,1009
2026-07-14 04:14:00,313.35,313.35,313.35,313.35,100
2026-07-14 04:15:00,313.4,313.4,313.2,313.2,1709
2026-07-14 04:16:00,313.25,313.37,313.25,313.25,5108
2026-07-14 04:18:00,313.17,313.45,313.17,313.44,610
2026-07-14 04:19:00,313.64,313.97,313.63,313.81,2800
2026-07-14 04:20:00,313.79,313.83,313.79,313.83,360
2026-07-14 04:21:00,313.72,313.72,313.72,313.72,100
2026-07-14 04:22:00,313.72,313.9935,313.7,313.9935,787
2026-07-14 04:23:00,313.92,313.94,313.79,313.8,950
2026-07-14 04:24:00,313.72,313.8,313.56,313.66,2492
2026-07-14 04:25:00,313.57,313.57,313.54,313.54,250
2026-07-14 04:26:00,313.53,313.53,313.53,313.53,760
2026-07-14 04:27:00,313.56,313.56,313.2,313.375,3708
2026-07-14 04:28:00,313.26,313.36,313.26,313.36,274
2026-07-14 04:29:00,313.28,313.31,313.21,313.31,1186
2026-07-14 04:30:00,313.22,313.23,313.16,313.16,1335
2026-07-14 04:31:00,313.3,313.3,313.3,313.3,888
2026-07-14 04:32:00,313.36,313.36,313.36,313.36,74
2026-07-14 04:33:00,313.13,313.13,313.09,313.09,272
2026-07-14 04:34:00,313.09,313.09,313.09,313.09,230
2026-07-14 04:35:00,313.05,313.05,313,313.01,2224
2026-07-14 04:36:00,313.115,313.2462,313.115,313.115,155
2026-07-14 04:37:00,313.04,313.22,313.03,313.22,441
2026-07-14 04:38:00,313.051,313.051,313.051,313.051,100
2026-07-14 04:39:00,313.07,313.17,313.07,313.17,150
2026-07-14 04:41:00,313.18,313.36,313.18,313.36,540
2026-07-14 04:42:00,313.15,313.16,313.13,313.13,1135
2026-07-14 04:43:00,313.2,313.2,313.2,313.2,50
2026-07-14 04:47:00,313.17,313.17,313.17,313.17,104
2026-07-14 04:48:00,313.11,313.11,313.11,313.11,89
2026-07-14 04:49:00,313.2,313.4,313.2,313.24,2515
2026-07-14 04:51:00,313.26,313.26,313.25,313.25,124
2026-07-14 04:52:00,313.37,313.37,313.28,313.28,730
2026-07-14 04:53:00,313.3,313.4,313.3,313.36,466
2026-07-14 04:54:00,313.6899,313.6899,313.6899,313.6899,75
2026-07-14 04:56:00,313.6,313.6,313.6,313.6,67
2026-07-14 04:57:00,313.51,313.6,313.36,313.36,430
2026-07-14 04:58:00,313.48,313.48,313.48,313.48,63
2026-07-14 04:59:00,313.42,313.45,313.42,313.44,210
2026-07-14 05:00:00,313.4,313.4,313.35,313.35,526
2026-07-14 05:02:00,313.14,313.23,313.14,313.23,168
2026-07-14 05:04:00,313.31,313.45,313.31,313.45,175
2026-07-14 05:06:00,313.36,313.36,312.5,312.51,14574
2026-07-14 05:07:00,312.755,313,312.755,312.838,1621
2026-07-14 05:08:00,312.88,312.9,312.88,312.9,192
2026-07-14 05:09:00,312.98,313,312.98,313,412
2026-07-14 05:10:00,313.08,313.08,312.72,312.88,1186
2026-07-14 05:12:00,313.2,313.33,313.2,313.2983,235
2026-07-14 05:13:00,313.07,313.08,312.85,312.85,1601
2026-07-14 05:14:00,313.2,313.2,313.2,313.2,130
2026-07-14 05:16:00,313.23,313.23,313.13,313.13,963
2026-07-14 05:17:00,313.17,313.2,313.17,313.2,132
2026-07-14 05:18:00,313.21,313.28,313.21,313.26,1465
2026-07-14 05:20:00,313.25,313.3,313.25,313.3,795
2026-07-14 05:23:00,313.4,313.46,313.39,313.46,338
2026-07-14 05:24:00,313.48,313.49,313.44,313.48,1247
2026-07-14 05:26:00,313.4401,313.4401,313.4401,313.4401,200
2026-07-14 05:27:00,313.5,313.5,313.46,313.47,340
2026-07-14 05:28:00,313.48,313.48,313.48,313.48,373
2026-07-14 05:29:00,313.46,313.46,313.46,313.46,215
2026-07-14 05:30:00,313.42,313.49,313.42,313.46,431
2026-07-14 05:32:00,313.49,313.49,313.49,313.49,180
2026-07-14 05:35:00,313.59,313.59,313.59,313.59,43
2026-07-14 05:36:00,313.69,313.69,313.69,313.69,100
2026-07-14 05:37:00,313.55,313.55,313.55,313.55,163
2026-07-14 05:43:00,313.69,313.69,313.69,313.69,231
2026-07-14 05:44:00,313.69,313.69,313.61,313.61,374
2026-07-14 05:46:00,313.74,313.74,313.74,313.74,187
2026-07-14 05:47:00,313.75,313.79,313.75,313.79,160
2026-07-14 05:48:00,313.75,313.75,313.66,313.66,300
2026-07-14 05:51:00,313.86,313.86,313.7,313.7,1890
2026-07-14 05:53:00,313.72,313.72,313.635,313.635,98
2026-07-14 05:58:00,313.61,313.61,313.61,313.61,100
2026-07-14 05:59:00,313.61,313.61,313.61,313.61,343
2026-07-14 06:03:00,313.62,313.62,313.55,313.55,120
2026-07-14 06:04:00,313.68,313.73,313.68,313.73,997
2026-07-14 06:05:00,313.78,313.8,313.78,313.8,172
2026-07-14 06:06:00,313.79,313.79,313.7,313.7,946
2026-07-14 06:10:00,313.66,313.66,313.55,313.55,119
2026-07-14 06:11:00,313.65,313.65,313.65,313.65,1000
2026-07-14 06:12:00,313.56,313.56,313.56,313.56,40
2026-07-14 06:13:00,313.58,313.58,313.58,313.58,50
2026-07-14 06:15:00,313.72,313.72,313.72,313.72,62
2026-07-14 06:16:00,313.72,313.72,313.72,313.72,40
2026-07-14 06:18:00,313.79,313.83,313.79,313.83,430
2026-07-14 06:23:00,313.73,313.73,313.73,313.73,150
2026-07-14 06:26:00,313.75,313.75,313.75,313.75,267
2026-07-14 06:27:00,313.85,313.85,313.85,313.85,44
2026-07-14 06:29:00,313.9,313.93,313.9,313.93,294
2026-07-14 06:30:00,313.95,313.95,313.95,313.95,100
2026-07-14 06:31:00,313.98,313.98,313.75,313.75,1552
2026-07-14 06:32:00,313.62,313.75,313.54,313.75,488
2026-07-14 06:33:00,313.72,313.72,313.72,313.72,124
2026-07-14 06:35:00,313.7,313.7,313.7,313.7,140
2026-07-14 06:36:00,313.59,313.92,313.59,313.91,508
2026-07-14 06:37:00,313.78,313.78,313.78,313.78,87
2026-07-14 06:38:00,313.77,313.77,313.77,313.77,100
2026-07-14 06:39:00,313.75,313.75,313.75,313.75,99
2026-07-14 06:41:00,313.8,313.8,313.8,313.8,100
2026-07-14 06:42:00,313.8,313.8,313.8,313.8,56
2026-07-14 06:45:00,313.66,313.66,313.58,313.66,258
2026-07-14 06:46:00,313.77,313.78,313.77,313.78,400
2026-07-14 06:48:00,313.74,313.8,313.74,313.8,912
2026-07-14 06:52:00,313.7,313.7,313.7,313.7,40
2026-07-14 06:53:00,313.74,313.74,313.73,313.74,219
2026-07-14 06:54:00,313.7,313.7,313.7,313.7,45
2026-07-14 06:58:00,313.7,313.7,313.7,313.7,329
2026-07-14 06:59:00,313.8238,313.8238,313.8238,313.8238,50
2026-07-14 07:00:00,313.82,314.2,313.71,314.01,5869
2026-07-14 07:01:00,314.2,314.3,314.2,314.28,2850
2026-07-14 07:02:00,314.28,314.3,314.22,314.3,3868
2026-07-14 07:03:00,314.3,314.3,314.2576,314.3,427
2026-07-14 07:04:00,314.24,314.3,314,314.3,1670
2026-07-14 07:05:00,314.3,314.72,314.28,314.555,1181
2026-07-14 07:06:00,314.5438,315.36,314.5438,315.36,1938
2026-07-14 07:07:00,315.42,315.44,315.1258,315.1258,1840
2026-07-14 07:08:00,315.29,315.3,315,315,1277
2026-07-14 07:09:00,315.02,315.217,314.89,315.05,4654
2026-07-14 07:10:00,314.71,315.29,314.71,315,2303
2026-07-14 07:11:00,314.94,315.2,314.49,314.8449,15195
2026-07-14 07:12:00,314.95,315.14,314.5,315.14,1389
2026-07-14 07:13:00,315.29,315.34,314.76,314.9759,1487
2026-07-14 07:14:00,315.04,315.35,314.69,315.05,3011
2026-07-14 07:15:00,315.32,315.35,315.0189,315.0189,1502
2026-07-14 07:16:00,315.03,315.1,315,315,1385
2026-07-14 07:17:00,315,315.02,315,315,1242
2026-07-14 07:18:00,314.76,314.9263,314.6,314.9263,1755
2026-07-14 07:19:00,314.76,314.99,314.55,314.99,2772
2026-07-14 07:20:00,314.97,314.99,314.75,314.99,494
2026-07-14 07:21:00,314.65,314.97,314.65,314.9154,3342
2026-07-14 07:22:00,314.62,314.62,314.41,314.5484,6269
2026-07-14 07:23:00,314.5283,314.7,314.5283,314.6005,2370
2026-07-14 07:24:00,314.55,314.99,314.55,314.79,2471
2026-07-14 07:25:00,314.98,315,314.98,314.98,555
2026-07-14 07:26:00,314.95,314.95,314.79,314.79,143
2026-07-14 07:27:00,314.7575,315.09,314.7575,314.94,859
2026-07-14 07:28:00,315.15,315.15,314.9298,315,449
2026-07-14 07:29:00,315.01,315.01,314.7,314.75,448
2026-07-14 07:30:00,315,315,314.75,314.75,340
2026-07-14 07:31:00,314.7969,314.85,314.75,314.85,248
2026-07-14 07:32:00,314.83,314.93,314.75,314.782,545
2026-07-14 07:33:00,314.79,314.81,314.75,314.75,1830
2026-07-14 07:34:00,314.9824,314.9824,314.7554,314.7554,950
2026-07-14 07:35:00,314.75,314.9,314.75,314.9,1180
2026-07-14 07:36:00,314.85,314.85,314.85,314.85,150
2026-07-14 07:37:00,314.85,314.8922,314.775,314.775,404
2026-07-14 07:38:00,314.97,314.97,314.97,314.97,100
2026-07-14 07:39:00,314.75,314.8,314.75,314.7947,1015
2026-07-14 07:40:00,314.8,314.82,314.79,314.8,568
2026-07-14 07:41:00,314.77,314.77,314.41,314.439,4371
2026-07-14 07:42:00,314.54,314.59,314.54,314.55,1299
2026-07-14 07:43:00,314.62,314.7,314.49,314.7,805
2026-07-14 07:44:00,314.6,314.7,314.5865,314.5865,305
2026-07-14 07:45:00,314.6057,314.68,314.6057,314.66,1190
2026-07-14 07:46:00,314.7,314.9,314.7,314.9,864
2026-07-14 07:47:00,314.85,314.99,314.732,314.99,697
2026-07-14 07:48:00,315,315.2,314.9334,315.2,1076
2026-07-14 07:49:00,315.1,315.2,315.1,315.1,244
2026-07-14 07:50:00,315.12,315.19,314.86,314.86,1907
2026-07-14 07:51:00,314.9,314.9,314.66,314.66,833
2026-07-14 07:52:00,314.68,314.68,314.39,314.39,2689
2026-07-14 07:53:00,314.3901,314.5999,314.3901,314.5,384
2026-07-14 07:54:00,314.513,314.513,314.5,314.5,430
2026-07-14 07:55:00,314.5001,314.513,314.5,314.5067,550
2026-07-14 07:56:00,314.54,314.54,314.513,314.513,299
2026-07-14 07:57:00,314.55,314.575,314.51,314.57,991
2026-07-14 07:58:00,314.5501,314.58,314.55,314.55,3067
2026-07-14 07:59:00,314.54,314.55,314.52,314.55,516
2026-07-14 08:00:00,314.59,314.59,314.5724,314.5724,94
2026-07-14 08:01:00,314.52,316.517,314.5,314.52,1290
2026-07-14 08:02:00,314.5,314.59,314.2942,314.55,650
2026-07-14 08:03:00,314.426,314.52,314.39,314.39,1777
2026-07-14 08:04:00,314.32,314.48,314.271,314.3616,755
2026-07-14 08:05:00,314.41,314.4533,314.3,314.3,383
2026-07-14 08:06:00,314.42,314.47,314.25,314.25,1322
2026-07-14 08:07:00,314.26,314.31,314.26,314.31,1940
2026-07-14 08:08:00,314.3005,314.49,314.3005,314.31,1435
2026-07-14 08:09:00,314.3848,314.43,314.3848,314.41,420
2026-07-14 08:10:00,314.49,314.59,314.49,314.59,776
2026-07-14 08:11:00,314.59,314.9,314.59,314.9,7048
2026-07-14 08:12:00,314.9964,315,314.85,314.85,4951
2026-07-14 08:13:00,314.78,314.78,314.78,314.78,200
2026-07-14 08:14:00,314.88,314.88,314.76,314.76,882
2026-07-14 08:15:00,314.7766,314.7766,314.66,314.66,182
2026-07-14 08:16:00,314.77,314.8,314.6608,314.7001,6307
2026-07-14 08:17:00,314.76,314.76,314.5003,314.5003,5198
2026-07-14 08:18:00,314.5914,314.6,314.5,314.5,287
2026-07-14 08:19:00,314.5427,314.8,314.5427,314.8,233
2026-07-14 08:20:00,314.8,314.99,314.8,314.99,459
2026-07-14 08:22:00,315,315,314.92,314.92,762
2026-07-14 08:23:00,314.93,315.18,314.93,315.07,1057
2026-07-14 08:24:00,315.12,315.19,314.88,314.88,7990
2026-07-14 08:25:00,315,315,314.9,314.95,2529
2026-07-14 08:26:00,314.8196,314.9,314.8196,314.83,911
2026-07-14 08:27:00,314.88,315,314.88,315,398
2026-07-14 08:28:00,314.97,315,314.94,314.94,544
2026-07-14 08:29:00,314.89,315.4,314.8,315.4,2510
2026-07-14 08:30:00,315.4,316.76,315.4,316.2598,10437
2026-07-14 08:31:00,316.63,317,316.21,316.74,10256
2026-07-14 08:32:00,316.51,316.64,316.2,316.4,5589
2026-07-14 08:33:00,316.48,316.48,315.81,315.81,9398
2026-07-14 08:34:00,315.8,316.06,315.67,315.91,3434
2026-07-14 08:35:00,315.96,315.96,315.68,315.7,669
2026-07-14 08:36:00,315.87,315.99,315.4953,315.4953,6033
2026-07-14 08:37:00,315.68,315.69,315.3,315.6,6289
2026-07-14 08:38:00,315.69,315.9,315.44,315.44,1784
2026-07-14 08:39:00,315.53,315.83,315.53,315.54,1188
2026-07-14 08:40:00,315.83,315.9,315.6,315.6,2284
2026-07-14 08:41:00,315.46,315.56,315,315.25,2729
2026-07-14 08:42:00,315,315.2,314.76,315,10578
2026-07-14 08:43:00,314.7912,315,314.7912,315,3325
2026-07-14 08:44:00,315.0014,315.16,314.83,314.88,4786
2026-07-14 08:45:00,314.8749,315.09,314.8749,315,1016
2026-07-14 08:46:00,314.9,314.95,314.81,314.82,518
2026-07-14 08:47:00,314.81,314.9,314.36,314.3717,13549
2026-07-14 08:48:00,314.37,314.5,314.239,314.5,8767
2026-07-14 08:49:00,314.24,314.29,314.2,314.24,3991
2026-07-14 08:50:00,314.2801,314.461,314.21,314.21,446
2026-07-14 08:51:00,314.22,314.5,314.22,314.3,2389
2026-07-14 08:52:00,314.38,314.38,314.16,314.31,5355
2026-07-14 08:53:00,314.2407,314.5,314.11,314.28,5237
2026-07-14 08:54:00,314.31,314.39,314.25,314.2978,1241
2026-07-14 08:55:00,314.3,314.3746,314.26,314.32,4361
2026-07-14 08:56:00,314.28,314.39,314.14,314.25,2066
2026-07-14 08:57:00,314.1401,314.24,314.14,314.14,1577
2026-07-14 08:58:00,314.25,314.25,313.85,313.85,12043
2026-07-14 08:59:00,313.84,314,313.84,314,1435
2026-07-14 09:00:00,313.9304,314.11,313.9304,314.11,839
2026-07-14 09:01:00,314.11,314.11,313.7825,313.8775,2204
2026-07-14 09:02:00,313.99,314,313.865,313.9,444
2026-07-14 09:03:00,313.82,313.99,313.71,313.75,3734
2026-07-14 09:04:00,313.89,313.89,313.71,313.7894,665
2026-07-14 09:05:00,313.76,314.1,313.73,314.1,3038
2026-07-14 09:06:00,314.2,314.2,313.89,313.89,2391
2026-07-14 09:07:00,314.03,314.03,313.8,313.9,844
2026-07-14 09:08:00,313.9,313.91,313.82,313.91,189
2026-07-14 09:09:00,313.9,314,313.8,313.8,1761
2026-07-14 09:10:00,313.95,314,313.95,314,1752
2026-07-14 09:11:00,314.045,314.0538,314.045,314.0538,367
2026-07-14 09:12:00,314.1,314.1,313.64,313.64,8272
2026-07-14 09:13:00,313.7301,313.75,313.51,313.535,1410
2026-07-14 09:14:00,313.5,313.55,313.5,313.55,600
2026-07-14 09:15:00,313.5,313.53,313.45,313.45,3588
2026-07-14 09:16:00,313.45,313.63,313.45,313.6,3413
2026-07-14 09:17:00,313.58,313.58,313.45,313.5,1782
2026-07-14 09:18:00,313.6,313.7305,313.5405,313.7299,8268
2026-07-14 09:19:00,313.64,313.73,313.45,313.46,2415
2026-07-14 09:20:00,313.42,313.42,312.9019,313.13,11048
2026-07-14 09:21:00,313.13,313.37,312.84,313.1,6461
2026-07-14 09:22:00,313.0999,313.33,312.91,313,4935
2026-07-14 09:23:00,313.1,313.21,312.95,312.95,4563
2026-07-14 09:24:00,313.0249,313.2,312.96,312.96,5775
2026-07-14 09:25:00,313,313.65,313,313.23,7344
2026-07-14 09:26:00,313.4,313.8,313.37,313.52,11481
2026-07-14 09:27:00,313.75,314.52,312.95,313.96,14387
2026-07-14 09:28:00,313.65,314.23,313.32,313.73,7106
2026-07-14 09:29:00,313.44,314,313.44,313.51,4432
2026-07-14 09:30:00,313.61,314.13,311.91,313.54,833542
2026-07-14 09:31:00,313.54,313.67,312.365,312.83,174790
2026-07-14 09:32:00,312.82,313.3823,312.57,313.27,102540
2026-07-14 09:33:00,313.24,313.665,312.78,312.98,127394
2026-07-14 09:34:00,312.9901,313.38,312.7,313.31,147496
2026-07-14 09:35:00,313.3899,313.5,312.7,313.14,174324
2026-07-14 09:36:00,313.14,313.65,312.9606,313.6,99901
2026-07-14 09:37:00,313.62,314.75,313.49,314.7,125431
2026-07-14 09:38:00,314.695,315.685,314.695,315.66,142326
2026-07-14 09:39:00,315.65,315.65,314.75,314.81,86829
2026-07-14 09:40:00,314.8142,314.8142,314.2017,314.34,86198
2026-07-14 09:41:00,314.35,314.66,314.21,314.24,97140
2026-07-14 09:42:00,314.24,314.41,313.89,314,99827
2026-07-14 09:43:00,314.02,314.749,314.005,314.705,80237
2026-07-14 09:44:00,314.705,314.87,314.64,314.8,43245
2026-07-14 09:45:00,314.79,315.6,314.78,315.116,117237
2026-07-14 09:46:00,315.14,315.16,314.41,314.82,74119
2026-07-14 09:47:00,314.8,314.83,313.96,313.96,78232
2026-07-14 09:48:00,313.96,314.175,313.75,314.01,85228
2026-07-14 09:49:00,314.04,314.125,313.355,313.58,85317
2026-07-14 09:50:00,313.59,313.6,313.03,313.08,89228
2026-07-14 09:51:00,313.07,314.29,313.05,314.25,129225
2026-07-14 09:52:00,314.255,314.28,313.8901,313.97,78238
2026-07-14 09:53:00,313.99,314.42,313.97,314.35,38089
2026-07-14 09:54:00,314.35,314.45,314.14,314.28,42858
2026-07-14 09:55:00,314.2554,314.505,314.22,314.37,49647
2026-07-14 09:56:00,314.365,314.61,314.285,314.605,43846
2026-07-14 09:57:00,314.605,314.89,314.48,314.865,52049
2026-07-14 09:58:00,314.83,314.87,314.58,314.58,31444
2026-07-14 09:59:00,314.58,314.715,314.45,314.5,52410
2026-07-14 10:00:00,314.4925,314.52,313.95,314.03,78010
2026-07-14 10:01:00,314.05,314.05,313.2,313.255,85475
2026-07-14 10:02:00,313.255,313.67,313.06,313.67,58522
2026-07-14 10:03:00,313.675,313.88,313.5,313.84,58616
2026-07-14 10:04:00,313.8101,314,313.7,313.92,46641
2026-07-14 10:05:00,313.94,313.96,313.61,313.68,62467
2026-07-14 10:06:00,313.68,313.93,313.6101,313.9,59521
2026-07-14 10:07:00,313.8965,314.025,313.51,313.62,63929
2026-07-14 10:08:00,313.67,314.2274,313.62,314.12,80320
2026-07-14 10:09:00,314.11,314.3,313.975,314.14,57847
2026-07-14 10:10:00,314.11,314.11,313.93,313.94,42823
2026-07-14 10:11:00,313.94,314.12,313.8201,314.03,36216
2026-07-14 10:12:00,314.025,314.19,313.935,314.1197,34954
2026-07-14 10:13:00,314.12,314.3,314.04,314.19,40686
2026-07-14 10:14:00,314.18,314.3,314.12,314.26,28929
2026-07-14 10:15:00,314.26,314.29,313.822,313.91,63543
2026-07-14 10:16:00,313.9,313.92,313.39,313.41,76393
2026-07-14 10:17:00,313.39,313.75,313.365,313.7,50862
2026-07-14 10:18:00,313.7,313.85,313.475,313.83,26268
2026-07-14 10:19:00,313.8372,314.03,313.71,313.99,41658
2026-07-14 10:20:00,313.97,314.25,313.91,314.03,34150
2026-07-14 10:21:00,314.02,314.09,313.91,314.04,41582
2026-07-14 10:22:00,314.05,314.37,314,314.29,61303
2026-07-14 10:23:00,314.3,314.42,314.115,314.4191,64776
2026-07-14 10:24:00,314.42,314.6,314.17,314.18,41522
2026-07-14 10:25:00,314.23,314.63,314.165,314.555,49243
2026-07-14 10:26:00,314.555,314.75,314.45,314.65,64155
2026-07-14 10:27:00,314.68,314.76,314.56,314.62,23551
2026-07-14 10:28:00,314.63,314.955,314.525,314.95,29717
2026-07-14 10:29:00,314.95,315.15,314.7801,314.942,45977
2026-07-14 10:30:00,314.96,315.06,314.71,314.82,51344
2026-07-14 10:31:00,314.81,314.96,314.77,314.9,27774
2026-07-14 10:32:00,314.8902,315,314.84,314.945,27267
2026-07-14 10:33:00,314.95,315.32,314.95,315.23,48684
2026-07-14 10:34:00,315.1801,316.19,315.02,315.28,132230
2026-07-14 10:35:00,315.26,315.52,315.2,315.47,69900
2026-07-14 10:36:00,315.44,315.88,315.44,315.805,55467
2026-07-14 10:37:00,315.79,316.05,315.79,315.96,50002
2026-07-14 10:38:00,315.96,316.06,315.75,315.89,46377
2026-07-14 10:39:00,315.9,315.97,315.73,315.865,34462
2026-07-14 10:40:00,315.865,316.13,315.865,316.02,39994
2026-07-14 10:41:00,316.03,316.12,315.945,316.1,30690
2026-07-14 10:42:00,316.08,316.15,315.83,315.925,62965
2026-07-14 10:43:00,315.915,315.915,315.42,315.54,55625
2026-07-14 10:44:00,315.56,315.6,315.35,315.48,39948
2026-07-14 10:45:00,315.47,315.52,315.22,315.315,62718
2026-07-14 10:46:00,315.33,315.33,314.87,314.93,49421
2026-07-14 10:47:00,314.93,315.04,314.69,314.89,47447
2026-07-14 10:48:00,314.92,314.925,314.55,314.61,55854
2026-07-14 10:49:00,314.6,314.6,314.3473,314.49,35800
2026-07-14 10:50:00,314.475,314.475,314.03,314.35,48800
2026-07-14 10:51:00,314.39,314.42,314.19,314.41,25911
2026-07-14 10:52:00,314.395,314.55,314.35,314.5,38001
2026-07-14 10:53:00,314.505,314.51,314.11,314.2,47785
2026-07-14 10:54:00,314.21,314.56,314.18,314.54,40001
2026-07-14 10:55:00,314.525,314.525,314.0205,314.21,98093
2026-07-14 10:56:00,314.22,314.4399,314.205,314.405,31328
2026-07-14 10:57:00,314.37,314.96,314.37,314.955,49044
2026-07-14 10:58:00,314.96,315.2,314.89,314.99,67404
2026-07-14 10:59:00,314.98,315.08,314.95,314.9501,36638
2026-07-14 11:00:00,315,315.06,314.815,314.865,43515
2026-07-14 11:01:00,314.87,315.08,314.845,314.92,40031
2026-07-14 11:02:00,314.945,315.23,314.79,315.16,76653
2026-07-14 11:03:00,315.16,315.21,314.9576,315.06,21823
2026-07-14 11:04:00,315.08,315.9,314.97,315.54,82203
2026-07-14 11:05:00,315.53,315.58,315.42,315.58,20612
2026-07-14 11:06:00,315.58,315.68,315.41,315.575,33698
2026-07-14 11:07:00,315.58,315.645,315.51,315.565,25756
2026-07-14 11:08:00,315.58,316.05,315.58,315.96,35249
2026-07-14 11:09:00,315.97,316.01,315.7401,315.86,55273
2026-07-14 11:10:00,315.87,315.985,315.765,315.765,43453
2026-07-14 11:11:00,315.765,315.845,315.68,315.82,28929
2026-07-14 11:12:00,315.79,315.84,315.56,315.64,31311
2026-07-14 11:13:00,315.63,315.65,315.486,315.585,22951
2026-07-14 11:14:00,315.585,315.85,315.58,315.66,36235
2026-07-14 11:15:00,315.66,315.7179,315.57,315.7,25418
2026-07-14 11:16:00,315.67,315.68,315.445,315.51,21296
2026-07-14 11:17:00,315.51,315.5518,315.32,315.36,33392
2026-07-14 11:18:00,315.36,315.52,315.34,315.43,39896
2026-07-14 11:19:00,315.405,315.715,315.27,315.68,38645
2026-07-14 11:20:00,315.645,315.8499,315.5701,315.78,29913
2026-07-14 11:21:00,315.775,315.7751,315.5101,315.55,21976
2026-07-14 11:22:00,315.55,315.57,315.2,315.24,53225
2026-07-14 11:23:00,315.24,315.32,315.08,315.25,55950
2026-07-14 11:24:00,315.25,315.32,315.15,315.271,34968
2026-07-14 11:25:00,315.29,315.3991,314.9001,315,43277
2026-07-14 11:26:00,315.01,315.15,314.99,315.01,24488
2026-07-14 11:27:00,315.02,315.035,314.75,314.78,31706
2026-07-14 11:28:00,314.8,314.855,314.56,314.6,59864
2026-07-14 11:29:00,314.6013,314.72,314.26,314.3,42905
2026-07-14 11:30:00,314.31,314.58,314.31,314.395,61782
2026-07-14 11:31:00,314.39,314.53,314.35,314.5,30686
2026-07-14 11:32:00,314.5,314.52,314.3,314.31,27610
2026-07-14 11:33:00,314.3,314.38,314.21,314.23,69330
2026-07-14 11:34:00,314.23,314.28,314.13,314.23,51393
2026-07-14 11:35:00,314.23,314.41,314.08,314.29,63217
2026-07-14 11:36:00,314.31,314.52,314.21,314.23,48624
2026-07-14 11:37:00,314.2101,314.7,314.2101,314.65,60093
2026-07-14 11:38:00,314.665,314.72,314.51,314.715,42179
2026-07-14 11:39:00,314.71,314.77,314.46,314.77,41777
2026-07-14 11:40:00,314.7707,314.87,314.325,314.49,47454
2026-07-14 11:41:00,314.5,314.5499,314.3475,314.36,36859
2026-07-14 11:42:00,314.37,314.399,314.12,314.29,43372
2026-07-14 11:43:00,314.3,314.3,313.8,313.96,76946
2026-07-14 11:44:00,313.94,314.5,313.94,314.445,32811
2026-07-14 11:45:00,314.44,314.51,314.055,314.135,32223
2026-07-14 11:46:00,314.13,314.16,314.01,314.08,38496
2026-07-14 11:47:00,314.09,314.2,314,314.17,39232
2026-07-14 11:48:00,314.1593,314.22,313.89,313.995,42479
2026-07-14 11:49:00,314.01,314.05,313.8003,313.87,37612
2026-07-14 11:50:00,313.93,313.95,313.75,313.82,34456
2026-07-14 11:51:00,313.85,314.0645,313.81,313.9401,46620
2026-07-14 11:52:00,313.95,314.07,313.815,313.95,48657
2026-07-14 11:53:00,313.97,314.065,313.72,313.73,75902
2026-07-14 11:54:00,313.72,313.8,313.61,313.658,52559
2026-07-14 11:55:00,313.64,313.67,313.21,313.225,60457
2026-07-14 11:56:00,313.2,313.5768,313.2,313.52,60423
2026-07-14 11:57:00,313.5,313.625,313.45,313.59,32402
2026-07-14 11:58:00,313.585,313.585,313.29,313.355,34717
2026-07-14 11:59:00,313.34,313.36,313.191,313.26,57071
2026-07-14 12:00:00,313.29,313.29,312.96,313.04,69453
2026-07-14 12:01:00,313.035,313.36,313,313.23,61312
2026-07-14 12:02:00,313.23,313.23,313.01,313.11,43089
2026-07-14 12:03:00,313.1,313.13,312.87,313.015,67906
2026-07-14 12:04:00,313.015,313.23,313.01,313.225,54959
2026-07-14 12:05:00,313.22,313.47,313.14,313.31,38588
2026-07-14 12:06:00,313.32,313.79,313.245,313.765,35677
2026-07-14 12:07:00,313.77,313.7798,313.5879,313.69,35411
2026-07-14 12:08:00,313.705,314.08,313.68,314.07,41898
2026-07-14 12:09:00,314.04,314.24,313.98,314.12,25877
2026-07-14 12:10:00,314.16,314.2,313.94,314,39035
2026-07-14 12:11:00,313.995,314.035,313.8705,314.02,19928
2026-07-14 12:12:00,314.025,314.13,313.97,314.07,29985
2026-07-14 12:13:00,314.07,314.11,313.97,314.08,32285
2026-07-14 12:14:00,314.08,314.15,313.995,314.065,34888
2026-07-14 12:15:00,314.065,314.11,313.83,313.92,25150
2026-07-14 12:16:00,313.92,313.96,313.72,313.78,40415
2026-07-14 12:17:00,313.76,313.76,313.47,313.58,30838
2026-07-14 12:18:00,313.53,313.65,313.495,313.52,18258
2026-07-14 12:19:00,313.51,313.53,313.35,313.38,31328
2026-07-14 12:20:00,313.36,313.4,313,313.05,61847
2026-07-14 12:21:00,313.05,313.19,313,313.14,27007
2026-07-14 12:22:00,313.145,313.18,313,313.04,35463
2026-07-14 12:23:00,313.04,313.23,313.03,313.15,36520
2026-07-14 12:24:00,313.15,313.2026,313.12,313.14,29515
2026-07-14 12:25:00,313.16,313.16,312.87,312.955,43366
2026-07-14 12:26:00,312.955,313.02,312.89,312.98,25224
2026-07-14 12:27:00,312.99,313.355,312.961,313.27,32292
2026-07-14 12:28:00,313.275,313.38,313.19,313.375,25081
2026-07-14 12:29:00,313.38,313.48,313.26,313.27,32279
2026-07-14 12:30:00,313.26,313.4133,313.212,313.36,25848
2026-07-14 12:31:00,313.37,313.5,313.33,313.49,23728
2026-07-14 12:32:00,313.5,313.57,313.315,313.39,35587
2026-07-14 12:33:00,313.38,313.42,313.165,313.22,63764
2026-07-14 12:34:00,313.22,313.28,313.11,313.27,25963
2026-07-14 12:35:00,313.27,313.45,313.255,313.43,35888
2026-07-14 12:36:00,313.41,313.53,313.38,313.39,25435
2026-07-14 12:37:00,313.39,313.4097,313.27,313.35,35571
2026-07-14 12:38:00,313.35,313.61,313.27,313.57,39763
2026-07-14 12:39:00,313.59,313.59,313.42,313.45,16897
2026-07-14 12:40:00,313.46,313.55,313.415,313.51,20313
2026-07-14 12:41:00,313.52,313.75,313.515,313.73,40740
2026-07-14 12:42:00,313.735,313.8451,313.67,313.78,34721
2026-07-14 12:43:00,313.78,313.88,313.67,313.67,61188
2026-07-14 12:44:00,313.65,313.67,313.3603,313.47,21991
2026-07-14 12:45:00,313.465,313.62,313.44,313.56,17552
2026-07-14 12:46:00,313.56,313.57,313.4,313.455,33805
2026-07-14 12:47:00,313.48,313.56,313.45,313.53,17524
2026-07-14 12:48:00,313.54,313.69,313.409,313.545,31148
2026-07-14 12:49:00,313.545,313.685,313.435,313.64,69992
2026-07-14 12:50:00,313.62,313.74,313.62,313.71,49348
2026-07-14 12:51:00,313.71,313.7261,313.63,313.7261,37391
2026-07-14 12:52:00,313.715,313.865,313.67,313.75,55772
2026-07-14 12:53:00,313.75,313.885,313.74,313.81,54434
2026-07-14 12:54:00,313.805,313.8881,313.77,313.862,33818
2026-07-14 12:55:00,313.86,313.97,313.86,313.93,30201
2026-07-14 12:56:00,313.92,313.96,313.8201,313.835,24019
2026-07-14 12:57:00,313.8201,313.8379,313.525,313.57,35699
2026-07-14 12:58:00,313.6,313.8699,313.58,313.85,20145
2026-07-14 12:59:00,313.86,314.22,313.82,314.12,49598
2026-07-14 13:00:00,314.12,314.19,313.995,314.085,18073
2026-07-14 13:01:00,314.125,314.18,314.01,314.1,48522
2026-07-14 13:02:00,314.08,314.09,313.89,314.01,21690
2026-07-14 13:03:00,314.0101,314.23,313.95,314.015,60852
2026-07-14 13:04:00,314.016,314.1,313.93,313.985,48282
2026-07-14 13:05:00,313.97,314.09,313.95,314.02,22383
2026-07-14 13:06:00,314.06,314.165,313.96,314.135,35734
2026-07-14 13:07:00,314.145,314.28,314.115,314.155,57279
2026-07-14 13:08:00,314.14,314.43,314.11,314.41,42817
2026-07-14 13:09:00,314.4399,314.7,314.41,314.6944,106370
2026-07-14 13:10:00,314.71,314.97,314.6701,314.775,67828
2026-07-14 13:11:00,314.775,314.81,314.6,314.615,44254
2026-07-14 13:12:00,314.63,314.835,314.6,314.75,29216
2026-07-14 13:13:00,314.75,314.8,314.53,314.585,35665
2026-07-14 13:14:00,314.58,314.64,314.42,314.43,18486
2026-07-14 13:15:00,314.44,314.54,314.24,314.465,46682
2026-07-14 13:16:00,314.48,314.73,314.42,314.71,30683
2026-07-14 13:17:00,314.71,314.8,314.68,314.79,25567
2026-07-14 13:18:00,314.8,314.9,314.7901,314.805,37665
2026-07-14 13:19:00,314.805,314.94,314.79,314.91,30641
2026-07-14 13:20:00,314.91,314.95,314.85,314.87,26107
2026-07-14 13:21:00,314.86,314.89,314.615,314.74,35229
2026-07-14 13:22:00,314.75,314.75,314.46,314.6601,22576
2026-07-14 13:23:00,314.66,314.73,314.615,314.73,17779
2026-07-14 13:24:00,314.745,314.76,314.495,314.69,21522
2026-07-14 13:25:00,314.73,314.875,314.71,314.83,36198
2026-07-14 13:26:00,314.82,314.87,314.77,314.86,16570
2026-07-14 13:27:00,314.8401,314.88,314.77,314.88,17312
2026-07-14 13:28:00,314.89,314.93,314.82,314.87,23892
2026-07-14 13:29:00,314.865,314.925,314.825,314.87,30496
2026-07-14 13:30:00,314.89,314.96,314.7704,314.79,32566
2026-07-14 13:31:00,314.8,314.82,314.59,314.78,30478
2026-07-14 13:32:00,314.79,314.86,314.75,314.77,16756
2026-07-14 13:33:00,314.78,314.98,314.7601,314.94,25638
2026-07-14 13:34:00,314.96,314.98,314.76,314.78,28471
2026-07-14 13:35:00,314.77,314.88,314.715,314.75,17709
2026-07-14 13:36:00,314.75,314.89,314.72,314.855,18737
2026-07-14 13:37:00,314.84,314.86,314.8,314.845,15695
2026-07-14 13:38:00,314.846,314.855,314.73,314.76,24476
2026-07-14 13:39:00,314.75,314.95,314.75,314.93,39387
2026-07-14 13:40:00,314.935,315.02,314.92,314.99,49119
2026-07-14 13:41:00,315,315,314.8,314.82,32917
2026-07-14 13:42:00,314.8,314.84,314.7101,314.755,25043
2026-07-14 13:43:00,314.75,314.805,314.69,314.755,12650
2026-07-14 13:44:00,314.76,314.825,314.66,314.775,23242
2026-07-14 13:45:00,314.775,314.87,314.72,314.72,19783
2026-07-14 13:46:00,314.73,314.745,314.66,314.685,29439
2026-07-14 13:47:00,314.685,314.735,314.62,314.7201,21721
2026-07-14 13:48:00,314.725,314.81,314.665,314.81,23801
2026-07-14 13:49:00,314.82,314.89,314.75,314.89,22568
2026-07-14 13:50:00,314.8899,314.98,314.77,314.86,41345
2026-07-14 13:51:00,314.87,314.89,314.753,314.86,24236
2026-07-14 13:52:00,314.8649,314.98,314.825,314.89,24997
2026-07-14 13:53:00,314.9,314.98,314.89,314.89,19742
2026-07-14 13:54:00,314.92,315,314.92,314.94,15637
2026-07-14 13:55:00,314.95,314.99,314.9101,314.99,19130
2026-07-14 13:56:00,315,315.065,314.92,315.065,24267
2026-07-14 13:57:00,315.07,315.235,315.07,315.21,37674
2026-07-14 13:58:00,315.21,315.21,315.11,315.19,29125
2026-07-14 13:59:00,315.165,315.23,315.14,315.18,21761
2026-07-14 14:00:00,315.2,315.24,315.04,315.13,24861
2026-07-14 14:01:00,315.1284,315.23,315.08,315.21,25632
2026-07-14 14:02:00,315.22,315.2799,315.13,315.265,35523
2026-07-14 14:03:00,315.265,315.2799,315.11,315.1755,15474
2026-07-14 14:04:00,315.19,315.26,315.14,315.26,24887
2026-07-14 14:05:00,315.27,315.39,315.17,315.255,24623
2026-07-14 14:06:00,315.25,315.27,315.17,315.22,19096
2026-07-14 14:07:00,315.23,315.24,315.05,315.16,22725
2026-07-14 14:08:00,315.16,315.33,315.14,315.3,30053
2026-07-14 14:09:00,315.295,315.3472,315.23,315.2751,17470
2026-07-14 14:10:00,315.275,315.31,315.219,315.23,20166
2026-07-14 14:11:00,315.23,315.24,315.13,315.17,18478
2026-07-14 14:12:00,315.18,315.2651,315.13,315.26,16440
2026-07-14 14:13:00,315.26,315.26,315.21,315.21,17865
2026-07-14 14:14:00,315.205,315.29,315.19,315.255,24351
2026-07-14 14:15:00,315.255,315.27,315.0502,315.075,34962
2026-07-14 14:16:00,315.0732,315.155,315.02,315.1001,24579
2026-07-14 14:17:00,315.14,315.18,315.09,315.15,17823
2026-07-14 14:18:00,315.14,315.145,315.042,315.075,17286
2026-07-14 14:19:00,315.08,315.08,314.92,314.97,29361
2026-07-14 14:20:00,314.97,315.03,314.92,314.99,18969
2026-07-14 14:21:00,314.98,315.035,314.9208,314.955,15716
2026-07-14 14:22:00,314.955,315.19,314.9301,315.125,27639
2026-07-14 14:23:00,315.1299,315.18,315.08,315.13,18131
2026-07-14 14:24:00,315.14,315.15,314.855,315.03,44118
2026-07-14 14:25:00,315.04,315.09,314.93,314.9387,33920
2026-07-14 14:26:00,314.93,315.1,314.88,315.01,36715
2026-07-14 14:27:00,315.01,315.02,314.93,314.9701,22296
2026-07-14 14:28:00,314.975,315.19,314.94,315.09,37524
2026-07-14 14:29:00,315.09,315.26,315.03,315.21,30649
2026-07-14 14:30:00,315.22,315.235,315.11,315.15,21800
2026-07-14 14:31:00,315.15,315.205,315.09,315.2,21810
2026-07-14 14:32:00,315.2,315.315,315.16,315.29,24347
2026-07-14 14:33:00,315.29,315.35,315.23,315.27,26196
2026-07-14 14:34:00,315.28,315.44,315.255,315.335,30596
2026-07-14 14:35:00,315.35,315.37,315.28,315.31,21189
2026-07-14 14:36:00,315.3,315.385,315.27,315.33,16081
2026-07-14 14:37:00,315.33,315.39,315.08,315.315,32071
2026-07-14 14:38:00,315.31,315.32,315.2,315.29,22015
2026-07-14 14:39:00,315.27,315.43,315.19,315.41,28683
2026-07-14 14:40:00,315.405,315.44,315.27,315.305,21637
2026-07-14 14:41:00,315.29,315.29,314.8,315.105,62723
2026-07-14 14:42:00,315.13,315.24,315.05,315.14,31380
2026-07-14 14:43:00,315.13,315.17,315.045,315.11,17975
2026-07-14 14:44:00,315.11,315.23,315.1001,315.185,19481
2026-07-14 14:45:00,315.185,315.23,315.1401,315.145,25979
2026-07-14 14:46:00,315.145,315.15,315.04,315.13,24398
2026-07-14 14:47:00,315.13,315.19,315.1,315.185,26063
2026-07-14 14:48:00,315.185,315.19,315.09,315.145,32511
2026-07-14 14:49:00,315.1467,315.23,315.106,315.22,20403
2026-07-14 14:50:00,315.21,315.225,315.04,315.15,18359
2026-07-14 14:51:00,315.16,315.17,315.0475,315.13,23264
2026-07-14 14:52:00,315.12,315.19,315.04,315.19,25627
2026-07-14 14:53:00,315.19,315.38,315.15,315.32,28552
2026-07-14 14:54:00,315.35,315.35,315.2,315.285,32525
2026-07-14 14:55:00,315.29,315.3454,315.21,315.305,24208
2026-07-14 14:56:00,315.3112,315.6,315.31,315.435,44793
2026-07-14 14:57:00,315.45,315.5,315.38,315.425,19914
2026-07-14 14:58:00,315.425,315.55,315.38,315.515,37100
2026-07-14 14:59:00,315.5,315.52,315.435,315.48,22265
2026-07-14 15:00:00,315.49,315.55,315.365,315.455,30816
2026-07-14 15:01:00,315.47,315.56,315.445,315.45,33692
2026-07-14 15:02:00,315.45,315.45,315.12,315.145,27718
2026-07-14 15:03:00,315.145,315.415,315.135,315.41,30931
2026-07-14 15:04:00,315.4025,315.53,315.38,315.5,23704
2026-07-14 15:05:00,315.4984,315.64,315.44,315.605,24614
2026-07-14 15:06:00,315.6,315.71,315.59,315.66,32161
2026-07-14 15:07:00,315.66,315.71,315.59,315.71,30750
2026-07-14 15:08:00,315.71,315.8099,315.71,315.75,31780
2026-07-14 15:09:00,315.75,315.87,315.73,315.75,60994
2026-07-14 15:10:00,315.76,315.765,315.6,315.6,28035
2026-07-14 15:11:00,315.6,315.67,315.3,315.375,49266
2026-07-14 15:12:00,315.38,315.555,315.38,315.435,60815
2026-07-14 15:13:00,315.435,315.45,315.3,315.31,27182
2026-07-14 15:14:00,315.3,315.49,315.3,315.4101,23305
2026-07-14 15:15:00,315.4199,315.47,315.383,315.45,18612
2026-07-14 15:16:00,315.4699,315.4699,315.32,315.415,18566
2026-07-14 15:17:00,315.415,315.515,315.41,315.51,21646
2026-07-14 15:18:00,315.51,315.54,315.31,315.535,31858
2026-07-14 15:19:00,315.53,315.53,315.42,315.4202,21513
2026-07-14 15:20:00,315.43,315.445,315.38,315.41,28286
2026-07-14 15:21:00,315.41,315.48,315.35,315.43,23072
2026-07-14 15:22:00,315.43,315.61,315.43,315.6,25711
2026-07-14 15:23:00,315.61,315.69,315.59,315.67,30438
2026-07-14 15:24:00,315.67,315.71,315.6109,315.71,22161
2026-07-14 15:25:00,315.71,315.75,315.65,315.7,41207
2026-07-14 15:26:00,315.7,315.765,315.68,315.765,31775
2026-07-14 15:27:00,315.76,315.81,315.7101,315.805,32748
2026-07-14 15:28:00,315.8,315.85,315.7726,315.8,28324
2026-07-14 15:29:00,315.8,315.86,315.68,315.71,34862
2026-07-14 15:30:00,315.705,315.76,315.45,315.655,70579
2026-07-14 15:31:00,315.665,315.71,315.565,315.6,41749
2026-07-14 15:32:00,315.6,315.61,315.305,315.34,64740
2026-07-14 15:33:00,315.34,315.41,315.23,315.36,64891
2026-07-14 15:34:00,315.36,315.38,315.225,315.35,36409
2026-07-14 15:35:00,315.36,315.44,315.32,315.375,56642
2026-07-14 15:36:00,315.36,315.475,315.34,315.45,32067
2026-07-14 15:37:00,315.44,315.5399,315.34,315.355,76257
2026-07-14 15:38:00,315.355,315.43,315.3201,315.34,25599
2026-07-14 15:39:00,315.35,315.595,315.35,315.435,31912
2026-07-14 15:40:00,315.42,315.49,315.28,315.3,39067
2026-07-14 15:41:00,315.31,315.38,315.1701,315.32,47725
2026-07-14 15:42:00,315.33,315.335,315.18,315.24,36772
2026-07-14 15:43:00,315.245,315.34,315.15,315.335,28970
2026-07-14 15:44:00,315.35,315.43,315.3,315.3498,51906
2026-07-14 15:45:00,315.34,315.385,315.172,315.325,43662
2026-07-14 15:46:00,315.33,315.455,315.265,315.34,65449
2026-07-14 15:47:00,315.35,315.36,315.23,315.335,32598
2026-07-14 15:48:00,315.34,315.35,315.2245,315.33,36939
2026-07-14 15:49:00,315.34,315.3452,315.17,315.33,67422
2026-07-14 15:50:00,315.34,315.7,315.08,315.1799,108374
2026-07-14 15:51:00,315.17,315.26,314.99,315.25,69637
2026-07-14 15:52:00,315.25,315.35,315.15,315.245,87669
2026-07-14 15:53:00,315.245,315.345,315.08,315.29,72547
2026-07-14 15:54:00,315.28,315.28,314.61,314.68,135737
2026-07-14 15:55:00,314.67,315.11,314.59,314.8,162973
2026-07-14 15:56:00,314.8,315.07,314.79,314.8404,102759
2026-07-14 15:57:00,314.85,315.15,314.7801,315.13,170545
2026-07-14 15:58:00,315.14,315.18,315,315.115,182598
2026-07-14 15:59:00,315.11,315.19,314.82,314.92,423005
2026-07-14 16:00:00,314.93,315.04,314.72,315.04,7402878
2026-07-14 16:01:00,315.04,315.04,315.0016,315.0059,1018
2026-07-14 16:02:00,315,315.04,314.85,314.85,1360
2026-07-14 16:04:00,314.7511,314.7511,314.7511,314.7511,50
2026-07-14 16:05:00,314.7635,315.04,314.75,315.04,2004
2026-07-14 16:06:00,314.92,314.92,314.5,314.74,3276
2026-07-14 16:07:00,314.6,314.71,314.6,314.65,783
2026-07-14 16:08:00,314.76,314.9006,314.76,314.9006,400
2026-07-14 16:09:00,314.7177,314.7177,314.7177,314.7177,100
2026-07-14 16:10:00,314.7214,314.76,314.7214,314.76,158
2026-07-14 16:11:00,314.76,314.86,314.76,314.86,140
2026-07-14 16:12:00,314.7179,314.7179,314.7179,314.7179,100
2026-07-14 16:14:00,314.86,314.86,314.86,314.86,49
2026-07-14 16:15:00,314.85,314.85,314.85,314.85,76
2026-07-14 16:16:00,314.7028,314.7028,314.7028,314.7028,64
2026-07-14 16:17:00,314.69,314.8288,314.69,314.691,199
2026-07-14 16:18:00,314.69,314.69,314.69,314.69,377
2026-07-14 16:19:00,314.79,314.79,314.75,314.75,198
2026-07-14 16:20:00,314.69,314.69,314.68,314.68,594
2026-07-14 16:21:00,314.75,314.75,314.75,314.75,70
2026-07-14 16:22:00,314.7455,314.75,314.7455,314.7475,264
2026-07-14 16:23:00,314.7493,314.86,314.7493,314.86,5785
2026-07-14 16:24:00,314.76,314.76,314.76,314.76,93
2026-07-14 16:27:00,314.73,314.73,314.73,314.73,490
2026-07-14 16:30:00,314.7715,314.81,314.77,314.81,744
2026-07-14 16:31:00,314.86,314.86,314.86,314.86,17311
2026-07-14 16:32:00,314.75,314.75,314.75,314.75,700
2026-07-14 16:33:00,314.61,314.61,314.61,314.61,50
2026-07-14 16:34:00,314.84,314.84,314.7303,314.7303,397
2026-07-14 16:36:00,314.83,314.83,314.83,314.83,163
2026-07-14 16:37:00,314.84,314.84,314.61,314.61,250
2026-07-14 16:39:00,314.84,315.23,313.52,315.23,13718
2026-07-14 16:40:00,314.49,314.49,314.24,314.25,1019
2026-07-14 16:41:00,314.4,314.4,314.25,314.25,380
2026-07-14 16:42:00,314.29,314.68,314.29,314.68,435
2026-07-14 16:43:00,314.47,314.47,314.47,314.47,84
2026-07-14 16:44:00,314.47,314.47,314.47,314.47,1000
2026-07-14 16:45:00,314.5,314.55,314.34,314.36,450
2026-07-14 16:46:00,314.4,314.561,314.2085,314.2085,1467
2026-07-14 16:48:00,314.53,314.53,314.53,314.53,1753
2026-07-14 16:49:00,314.3182,314.44,314.3182,314.44,210
2026-07-14 16:50:00,314.44,314.44,314.38,314.38,332
2026-07-14 16:51:00,314.39,314.42,314.39,314.4,442
2026-07-14 16:52:00,314.34,314.4,314.34,314.4,478
2026-07-14 16:53:00,314.43,314.6,314.4,314.6,3121
2026-07-14 16:54:00,314.53,314.67,314.53,314.66,1247
2026-07-14 16:55:00,314.71,314.71,314.71,314.71,240
2026-07-14 16:56:00,314.77,314.86,314.7301,314.86,1551
2026-07-14 16:57:00,314.9,314.9,314.4911,314.78,533
2026-07-14 16:59:00,314.6439,314.6439,314.6439,314.6439,80
2026-07-14 17:00:00,314.574,314.72,314.574,314.72,172
2026-07-14 17:01:00,314.5765,314.5765,314.5765,314.5765,100
2026-07-14 17:05:00,314.66,314.8,314.66,314.8,200
2026-07-14 17:07:00,314.75,314.75,314.75,314.75,40
2026-07-14 17:10:00,314.7222,314.7222,314.7222,314.7222,279
2026-07-14 17:11:00,314.8181,314.8181,314.8181,314.8181,60
2026-07-14 17:15:00,314.7,314.83,314.7,314.83,253
2026-07-14 17:16:00,314.84,314.85,314.84,314.85,100
2026-07-14 17:19:00,314.8856,314.8856,314.86,314.86,150
2026-07-14 17:22:00,314.85,314.85,314.85,314.85,53
2026-07-14 17:24:00,314.66,314.66,314.66,314.66,300
2026-07-14 17:25:00,314.66,314.89,314.66,314.7176,231
2026-07-14 17:28:00,314.93,314.93,314.7363,314.7363,3100
2026-07-14 17:30:00,314.8,314.93,314.8,314.93,233
2026-07-14 17:32:00,314.77,314.77,314.77,314.77,65
2026-07-14 17:41:00,314.7553,314.7553,314.7553,314.7553,59
2026-07-14 17:44:00,314.85,314.9,314.85,314.9,225
2026-07-14 17:45:00,314.93,314.93,314.93,314.93,40
2026-07-14 17:47:00,314.8648,314.8648,314.8648,314.8648,75
2026-07-14 17:48:00,315,315,315,315,50
2026-07-14 17:49:00,314.92,314.92,314.92,314.92,77
2026-07-14 17:51:00,314.99,315,314.99,314.99,574
2026-07-14 17:52:00,315.18,315.18,315.18,315.18,67
2026-07-14 17:55:00,314.94,315,314.92,315,590
2026-07-14 17:56:00,314.7876,314.7876,314.7876,314.7876,50
2026-07-14 18:00:00,314.9,315.04,314.9,315.04,802
2026-07-14 18:01:00,314.81,314.81,314.81,314.81,118
2026-07-14 18:02:00,314.81,314.81,314.81,314.81,120
2026-07-14 18:05:00,314.7,314.7,314.7,314.7,132
2026-07-14 18:06:00,314.82,315.09,314.8,315.09,280
2026-07-14 18:08:00,314.78,314.78,314.76,314.76,151
2026-07-14 18:09:00,314.73,314.73,314.71,314.71,134
2026-07-14 18:10:00,314.7,314.7,314.42,314.42,661
2026-07-14 18:11:00,314.46,314.46,314.41,314.41,429
2026-07-14 18:13:00,314.4,314.4,314.4,314.4,800
2026-07-14 18:16:00,314.7567,314.7567,314.7567,314.7567,100
2026-07-14 18:17:00,314.5,314.5,314.5,314.5,50
2026-07-14 18:19:00,314.54,314.54,314.4,314.4,1628
2026-07-14 18:21:00,314.4,314.51,314.4,314.51,136
2026-07-14 18:23:00,314.51,314.51,314.51,314.51,41
2026-07-14 18:24:00,314.4917,314.4917,314.4917,314.4917,41
2026-07-14 18:27:00,314.85,314.85,314.7021,314.7021,199
2026-07-14 18:31:00,314.7,314.7,314.7,314.7,99
2026-07-14 18:35:00,314.61,314.61,314.61,314.61,50
2026-07-14 18:37:00,314.6001,314.6221,314.6001,314.6221,680
2026-07-14 18:39:00,314.77,314.77,314.69,314.69,546
2026-07-14 18:41:00,314.76,315,314.76,314.85,19443
2026-07-14 18:42:00,314.73,314.73,314.73,314.73,208
2026-07-14 18:43:00,314.71,314.71,314.62,314.62,264
2026-07-14 18:51:00,314.69,314.69,314.68,314.68,178
2026-07-14 18:52:00,314.69,314.69,314.6,314.6,684
2026-07-14 18:53:00,314.5379,314.5379,314.5379,314.5379,40
2026-07-14 18:54:00,314.5398,314.5398,314.5398,314.5398,52
2026-07-14 18:56:00,314.8,314.8,314.8,314.8,75
2026-07-14 19:02:00,314.56,314.61,314.56,314.61,217
2026-07-14 19:04:00,314.69,314.69,314.68,314.68,134
2026-07-14 19:07:00,314.6777,314.8,314.6777,314.8,328
2026-07-14 19:08:00,314.74,314.74,314.74,314.74,60
2026-07-14 19:12:00,314.83,314.83,314.83,314.83,300
2026-07-14 19:17:00,314.7195,314.74,314.56,314.56,980
2026-07-14 19:18:00,314.4,314.5,314.4,314.49,8306
2026-07-14 19:25:00,314.79,315.72,314.79,315.71,3869
2026-07-14 19:26:00,315.39,315.39,315.39,315.39,79
2026-07-14 19:27:00,315.2786,315.2786,315.27,315.27,189
2026-07-14 19:28:00,315.38,315.59,315.36,315.59,299
2026-07-14 19:29:00,315.1346,315.2,315.1346,315.2,931
2026-07-14 19:30:00,315.2,315.64,315.08,315.2,1141
2026-07-14 19:31:00,315.0083,315.69,315.0083,315.69,452
2026-07-14 19:32:00,315.69,315.69,315.35,315.35,244
2026-07-14 19:35:00,315.63,315.63,315.63,315.63,336
2026-07-14 19:37:00,315.59,315.61,315.34,315.34,568
2026-07-14 19:38:00,315.0958,315.0958,315.0958,315.0958,500
2026-07-14 19:39:00,315.35,315.35,315.35,315.35,226
2026-07-14 19:40:00,315.35,315.35,315.3377,315.3377,308
2026-07-14 19:41:00,315.2401,315.5665,315.2401,315.5665,1666
2026-07-14 19:42:00,315.391,315.58,315.391,315.58,1094
2026-07-14 19:46:00,314.91,314.91,314.91,314.91,200
2026-07-14 19:47:00,315.2,315.56,315.2,315.55,190
2026-07-14 19:48:00,315.58,315.58,315.27,315.57,238
2026-07-14 19:49:00,315.59,315.59,315.59,315.59,130
2026-07-14 19:50:00,315.59,315.59,315.59,315.59,231
2026-07-14 19:51:00,315.42,315.6,315.3758,315.5,466
2026-07-14 19:52:00,315.59,315.6,315.384,315.384,202
2026-07-14 19:53:00,315.3603,315.3603,315.3603,315.3603,100
2026-07-14 19:54:00,315.6,315.8,315.6,315.8,1160
2026-07-14 19:55:00,315.79,315.79,315.7725,315.7725,250
2026-07-14 19:56:00,315.5,315.5,315.5,315.5,6000
2026-07-14 19:57:00,315.78,315.78,315.66,315.66,708
2026-07-14 19:58:00,315.5,315.53,315.46,315.53,648
2026-07-15 04:00:00,315.06,315.7865,314.4775,315.62,40665
2026-07-15 04:01:00,315.55,315.79,314.57,314.97,23134
2026-07-15 04:02:00,314.91,314.91,314.7564,314.88,406
2026-07-15 04:03:00,314.84,315,314.84,315,373
2026-07-15 04:04:00,314.93,315.07,314.91,315.07,2626
2026-07-15 04:05:00,314.8035,314.8035,314.8035,314.8035,100
2026-07-15 04:06:00,315.09,315.79,315,315.24,1450
2026-07-15 04:07:00,315.13,315.13,314.98,314.98,800
2026-07-15 04:08:00,315.07,315.19,314.99,315.03,1048
2026-07-15 04:09:00,314.83,314.83,314.83,314.83,50
2026-07-15 04:10:00,314.83,314.83,314.67,314.68,3685
2026-07-15 04:11:00,314.95,314.95,314.95,314.95,123
2026-07-15 04:12:00,314.95,316.5529,314.94,316.5529,34447
2026-07-15 04:13:00,316.53,317,315.75,317,3844
2026-07-15 04:14:00,316.99,317.2,316.94,317.02,3318
2026-07-15 04:15:00,317.02,317.2,316.9092,317.1373,2797
2026-07-15 04:16:00,317.07,317.1,317,317.02,644
2026-07-15 04:17:00,316.8114,317.2,316.8114,317.2,544
2026-07-15 04:18:00,317.14,317.15,316.98,317,2729
2026-07-15 04:19:00,316.96,316.96,316.62,316.755,692
2026-07-15 04:20:00,316.8,316.81,316.78,316.81,440
2026-07-15 04:21:00,316.6164,316.805,316.44,316.65,2993
2026-07-15 04:22:00,316.65,316.65,316.46,316.65,660
2026-07-15 04:23:00,316.53,316.71,316.53,316.71,938
2026-07-15 04:25:00,316.65,316.86,316.65,316.86,482
2026-07-15 04:26:00,316.82,316.86,316.76,316.78,458
2026-07-15 04:27:00,317,317.1,316.8,317,472
2026-07-15 04:28:00,317,317,316.65,316.65,448
2026-07-15 04:29:00,316.75,316.875,316.5018,316.5018,888
2026-07-15 04:32:00,316.2952,316.87,316.2952,316.87,350
2026-07-15 04:33:00,316.57,316.58,316.57,316.58,104
2026-07-15 04:35:00,316.9466,316.9466,316.9466,316.9466,41
2026-07-15 04:36:00,316.3778,316.3778,316.3778,316.3778,50
2026-07-15 04:37:00,316.89,316.89,316.85,316.89,505
2026-07-15 04:38:00,316.93,316.93,316.89,316.93,677
2026-07-15 04:39:00,316.93,317,316.93,317,1761
2026-07-15 04:40:00,317.02,317.03,316.95,316.95,450
2026-07-15 04:45:00,316.7232,319.68,316.7232,318.37,18491
2026-07-15 04:46:00,318.37,319.28,318.37,319.016,3455
2026-07-15 04:47:00,319.01,319.03,318.72,318.734,2787
2026-07-15 04:48:00,318.734,319.08,318.62,319.08,2158
2026-07-15 04:49:00,318.79,319.08,318.79,319.08,3352
2026-07-15 04:50:00,319.04,319.2,319,319.2,973
2026-07-15 04:51:00,319.078,319.24,319.078,319.24,3163
2026-07-15 04:52:00,318.59,318.6,318.2846,318.31,2210
2026-07-15 04:53:00,318.27,318.28,318.12,318.28,729
2026-07-15 04:54:00,318.4373,318.5622,318.3,318.3,209
2026-07-15 04:55:00,318.2,318.2,318.2,318.2,150
2026-07-15 04:56:00,318.46,318.785,318.13,318.3984,5891
2026-07-15 04:57:00,318.3958,319.0217,318.3948,319.0217,1743
2026-07-15 04:58:00,318.78,318.79,318.78,318.79,219
2026-07-15 04:59:00,318.57,318.68,318.1582,318.395,2131
2026-07-15 05:00:00,318.32,318.565,318.1488,318.345,2452
2026-07-15 05:01:00,318.31,318.31,318,318,813
2026-07-15 05:02:00,318.345,318.345,318.345,318.345,60
2026-07-15 05:03:00,318.5,318.5,318.1,318.1,149
2026-07-15 05:04:00,318.2,318.2,318.2,318.2,173
2026-07-15 05:05:00,318.22,318.345,318.22,318.345,338
2026-07-15 05:06:00,318.002,318.002,318,318,231
2026-07-15 05:07:00,318.02,318.345,317.8,317.8,844
2026-07-15 05:08:00,317.82,317.82,317.55,317.765,456
2026-07-15 05:09:00,317.39,317.54,317.12,317.36,575
2026-07-15 05:10:00,317.7,317.7,317.7,317.7,53
2026-07-15 05:11:00,317.6,317.6,317.3001,317.3001,913
2026-07-15 05:12:00,317.49,317.8,317.47,317.68,1959
2026-07-15 05:13:00,317.63,317.7976,317.63,317.7976,167
2026-07-15 05:16:00,317.78,317.9743,317.78,317.9743,297
2026-07-15 05:17:00,317.55,317.65,317.4586,317.65,226
2026-07-15 05:20:00,317.9,317.9,317.9,317.9,40
2026-07-15 05:22:00,317.9,317.9,317.7,317.9,310
2026-07-15 05:24:00,317.75,317.75,317.75,317.75,240
2026-07-15 05:25:00,317.67,317.67,317.67,317.67,300
2026-07-15 05:26:00,317.75,317.75,317.675,317.675,95
2026-07-15 05:27:00,317.72,317.72,317.625,317.625,95
2026-07-15 05:28:00,317.61,317.625,317.45,317.45,276
2026-07-15 05:31:00,317.5,317.5,317.5,317.5,1490
2026-07-15 05:32:00,317.57,317.57,317.57,317.57,99
2026-07-15 05:33:00,317.352,317.352,317.352,317.352,500
2026-07-15 05:34:00,317.41,317.41,317.41,317.41,71
2026-07-15 05:38:00,317.68,317.68,317.68,317.68,80
2026-07-15 05:39:00,317.56,317.58,317.46,317.58,450
2026-07-15 05:41:00,317.724,317.724,317.6,317.6,304
2026-07-15 05:43:00,317.6,317.6,317.6,317.6,50
2026-07-15 05:45:00,317.6,317.6,317.53,317.59,485
2026-07-15 05:46:00,317.64,317.78,317.64,317.78,129
2026-07-15 05:47:00,317.91,317.91,317.91,317.91,40
2026-07-15 05:49:00,317.4898,317.94,317.4838,317.94,689
2026-07-15 05:52:00,317.9938,317.9938,317.9938,317.9938,50
2026-07-15 05:53:00,317.994,317.994,317.9792,317.9792,142
2026-07-15 05:55:00,317.999,317.999,317.999,317.999,50
2026-07-15 05:56:00,317.83,317.83,317.65,317.65,200
2026-07-15 05:57:00,317.7,317.7,317.7,317.7,53
2026-07-15 05:58:00,317.71,317.71,317.71,317.71,100
2026-07-15 05:59:00,317.65,317.98,317.12,317.36,3059
2026-07-15 06:00:00,317.31,317.54,317.31,317.54,159
2026-07-15 06:01:00,317.34,317.65,317.34,317.37,310
2026-07-15 06:02:00,317.35,317.4,317.35,317.4,142
2026-07-15 06:03:00,317.6532,317.6532,317.515,317.6532,806
2026-07-15 06:04:00,317.32,317.6696,317.31,317.6696,378
2026-07-15 06:08:00,317.31,317.37,317.31,317.37,440
2026-07-15 06:09:00,317.5292,317.5292,317.47,317.5,297
2026-07-15 06:12:00,317.55,317.55,317.485,317.485,172
2026-07-15 06:13:00,317.55,317.55,317.55,317.55,50
2026-07-15 06:14:00,317.55,317.55,317.55,317.55,90
2026-07-15 06:15:00,317.55,317.55,317.55,317.55,238
2026-07-15 06:17:00,317.54,317.54,317.54,317.54,50
2026-07-15 06:19:00,317.55,317.55,317.5,317.52,1827
2026-07-15 06:21:00,317.35,317.35,317.3,317.3,626
2026-07-15 06:24:00,317.22,317.22,317.0093,317.0093,898
2026-07-15 06:25:00,317.45,317.45,317.45,317.45,991
2026-07-15 06:26:00,317.28,317.28,317.27,317.27,184
2026-07-15 06:27:00,317.31,317.59,317.31,317.59,759
2026-07-15 06:29:00,317.62,317.63,317.18,317.63,541
2026-07-15 06:30:00,317.64,317.68,317.64,317.68,181
2026-07-15 06:33:00,317.2082,317.2082,317.2082,317.2082,44
2026-07-15 06:39:00,317.45,317.45,317.45,317.45,50
2026-07-15 06:40:00,317.52,317.6,317.51,317.52,607
2026-07-15 06:41:00,317.5,317.59,317.5,317.59,179
2026-07-15 06:42:00,317.66,317.68,317.66,317.68,400
2026-07-15 06:43:00,317.74,317.75,317.74,317.75,359
2026-07-15 06:44:00,317.61,317.61,317.437,317.437,100
2026-07-15 06:49:00,317.58,317.855,317.58,317.71,1674
2026-07-15 06:50:00,317.7,317.72,317.2,317.2,1430
2026-07-15 06:57:00,317.2,317.25,317.17,317.25,1263
2026-07-15 06:59:00,317.19,318.09,317.01,317.31,7255
2026-07-15 07:00:00,317.17,317.19,316.5,316.6371,6641
2026-07-15 07:01:00,316.63,316.9,316.51,316.9,1628
2026-07-15 07:03:00,316.79,317.3191,316.79,317.15,784
2026-07-15 07:04:00,317.04,317.34,317.04,317.34,1487
2026-07-15 07:05:00,317.3,317.34,317.3,317.33,1731
2026-07-15 07:06:00,317.4,317.4,317.03,317.03,387
2026-07-15 07:07:00,317.06,317.2431,316.97,317.2431,20098
2026-07-15 07:08:00,316.84,317,316.8,316.8,532
2026-07-15 07:09:00,316.97,316.99,316.5,316.5,1450
2026-07-15 07:10:00,316.75,316.75,316.75,316.75,1000
2026-07-15 07:11:00,316.77,316.78,316.6604,316.78,702
2026-07-15 07:12:00,316.73,316.8,316.73,316.8,259
2026-07-15 07:13:00,316.8,316.8,316.64,316.64,291
2026-07-15 07:14:00,316.8,316.99,316.6418,316.65,1156
2026-07-15 07:15:00,316.98,316.98,316.69,316.69,339
2026-07-15 07:16:00,316.845,316.845,316.845,316.845,300
2026-07-15 07:17:00,316.97,316.99,316.7,316.71,5491
2026-07-15 07:18:00,316.69,316.84,316.65,316.84,215
2026-07-15 07:19:00,316.7704,316.7704,316.6143,316.6143,224
2026-07-15 07:20:00,316.64,316.64,316.15,316.15,2446
2026-07-15 07:21:00,316.11,316.26,316.11,316.19,1214
2026-07-15 07:22:00,316.53,316.53,316.4,316.4,200
2026-07-15 07:23:00,316.5,316.69,316.5,316.5275,2232
2026-07-15 07:24:00,316.78,316.8,316.55,316.62,5500
2026-07-15 07:25:00,316.76,317,316.62,317,1874
2026-07-15 07:26:00,316.62,316.69,316.62,316.67,294
2026-07-15 07:27:00,316.61,316.69,316.55,316.69,378
2026-07-15 07:28:00,316.67,316.76,316.6,316.76,493
2026-07-15 07:29:00,316.74,316.8,316.74,316.8,115
2026-07-15 07:33:00,316.97,316.97,316.97,316.97,45
2026-07-15 07:34:00,316.95,317,316.9,316.99,2338
2026-07-15 07:35:00,317.13,317.4,317.13,317.2,288
2026-07-15 07:36:00,317.4,317.4,317.2259,317.2259,430
2026-07-15 07:37:00,317,317,316.7606,316.7606,400
2026-07-15 07:38:00,316.85,316.85,316.85,316.85,55
2026-07-15 07:39:00,316.8775,317,316.8775,317,1087
2026-07-15 07:40:00,316.87,316.87,316.87,316.87,350
2026-07-15 07:41:00,317.2,317.2,316.86,317.1,381
2026-07-15 07:42:00,317.2533,317.2533,317.2533,317.2533,200
2026-07-15 07:43:00,317.194,317.194,317.194,317.194,69
2026-07-15 07:44:00,316.94,317.02,316.8,316.8,645
2026-07-15 07:45:00,316.99,316.99,316.7,316.88,1093
2026-07-15 07:46:00,316.87,316.87,316.85,316.85,127
2026-07-15 07:47:00,316.85,316.88,316.595,316.695,685
2026-07-15 07:48:00,316.99,316.99,316.65,316.8,375
2026-07-15 07:49:00,316.8,316.8,316.69,316.8,1732
2026-07-15 07:50:00,316.8,316.8,316.8,316.8,1798
2026-07-15 07:51:00,316.8,316.8,316.65,316.7484,1258
2026-07-15 07:52:00,316.8,316.8,316.8,316.8,1470
2026-07-15 07:53:00,316.7,316.79,316.7,316.79,400
2026-07-15 07:54:00,316.631,316.64,316.5,316.5,2813
2026-07-15 07:56:00,316.71,316.71,316.71,316.71,58
2026-07-15 07:57:00,316.5999,316.5999,316.5999,316.5999,75
2026-07-15 07:58:00,316.5613,316.5613,316.5,316.5,185
2026-07-15 07:59:00,316.55,316.55,316.55,316.55,50
2026-07-15 08:00:00,316.43,316.44,316.37,316.37,294
2026-07-15 08:01:00,316.44,316.44,316.385,316.44,336
2026-07-15 08:02:00,316.44,316.44,316.2746,316.28,2461
2026-07-15 08:04:00,316.44,316.44,316.34,316.34,106
2026-07-15 08:05:00,316.18,316.18,316.18,316.18,60
2026-07-15 08:06:00,316.41,316.41,316.19,316.29,713
2026-07-15 08:07:00,316.3,316.55,316.3,316.55,434
2026-07-15 08:09:00,316.52,316.52,316.5,316.5,250
2026-07-15 08:10:00,316.41,316.5,316.41,316.5,145
2026-07-15 08:11:00,316.54,316.54,316.42,316.45,1230
2026-07-15 08:13:00,316.36,316.36,316.36,316.36,100
2026-07-15 08:14:00,316.4,316.71,316.4,316.67,6291
2026-07-15 08:16:00,316.7099,316.7099,316.7099,316.7099,100
2026-07-15 08:17:00,316.6754,316.6754,316.55,316.55,210
2026-07-15 08:18:00,316.56,316.56,316.52,316.52,220
2026-07-15 08:19:00,316.52,316.52,316.5,316.5,162
2026-07-15 08:21:00,316.4182,316.4182,316.2,316.2,287
2026-07-15 08:22:00,316.18,316.18,316.18,316.18,735
2026-07-15 08:23:00,316.5,316.5,316.5,316.5,50
2026-07-15 08:24:00,316.3932,316.3932,316.3932,316.3932,50
2026-07-15 08:25:00,316.2887,316.5,316.25,316.5,350
2026-07-15 08:26:00,316.3393,316.35,316.25,316.35,690
2026-07-15 08:28:00,316.33,316.33,316.27,316.27,400
2026-07-15 08:29:00,316.35,316.35,316.18,316.26,676
2026-07-15 08:30:00,316.35,317,316.35,316.73,3139
2026-07-15 08:31:00,316.7383,316.7383,316.7383,316.7383,40
2026-07-15 08:33:00,316.77,316.77,316.33,316.33,90
2026-07-15 08:34:00,316.6515,316.89,316.5385,316.73,1774
2026-07-15 08:35:00,316.73,316.97,316.73,316.97,536
2026-07-15 08:36:00,316.64,316.9,316.63,316.78,622
2026-07-15 08:37:00,316.78,316.8,316.78,316.8,800
2026-07-15 08:38:00,316.76,316.76,316.76,316.76,49
2026-07-15 08:39:00,316.8,316.8,316.8,316.8,185
2026-07-15 08:40:00,316.89,316.89,316.89,316.89,174
2026-07-15 08:41:00,316.9,317.29,316.89,317.29,4117
2026-07-15 08:42:00,317.3,317.78,317.3,317.58,6049
2026-07-15 08:43:00,317.73,317.79,317.56,317.6017,3425
2026-07-15 08:44:00,317.6,317.7496,317.4,317.62,3124
2026-07-15 08:45:00,317.482,317.6,317.4,317.45,1302
2026-07-15 08:46:00,317.4,317.57,317.01,317.57,1903
2026-07-15 08:47:00,317.32,317.4,317.26,317.3,800
2026-07-15 08:48:00,317.4,317.4,317.28,317.2955,756
2026-07-15 08:49:00,317.3,317.35,317.3,317.35,263
2026-07-15 08:50:00,317.21,317.21,317.05,317.1,2651
2026-07-15 08:51:00,317.08,317.08,317.0707,317.08,506
2026-07-15 08:52:00,317.04,317.08,317.04,317.08,981
2026-07-15 08:53:00,317.34,317.4,317.09,317.3454,1542
2026-07-15 08:54:00,317.3439,317.3439,317.26,317.33,390
2026-07-15 08:55:00,317.28,317.34,317.2,317.29,591
2026-07-15 08:57:00,317.25,317.25,317.1,317.1,230
2026-07-15 08:58:00,317.2,317.2,317.05,317.05,307
2026-07-15 08:59:00,317.01,317.06,316.91,316.91,386
2026-07-15 09:00:00,316.91,317,316.8745,316.8745,1426
2026-07-15 09:02:00,316.8307,317,316.8307,317,241
2026-07-15 09:03:00,317,317,316.83,317,203
2026-07-15 09:04:00,316.85,317.0699,316.85,317.06,2583
2026-07-15 09:05:00,317.07,317.1178,317.0324,317.1178,676
2026-07-15 09:06:00,317.08,317.16,317.06,317.16,272
2026-07-15 09:07:00,317.18,317.26,317.17,317.26,421
2026-07-15 09:08:00,317.16,317.16,317.16,317.16,51
2026-07-15 09:09:00,317.16,317.16,317.16,317.16,52
2026-07-15 09:10:00,317.05,317.25,317.01,317.25,700
2026-07-15 09:11:00,317.01,317.08,317.01,317.08,187
2026-07-15 09:13:00,317.08,317.08,316.86,316.97,585
2026-07-15 09:14:00,317.02,317.25,316.8433,317.25,550
2026-07-15 09:15:00,317.14,317.14,317.0205,317.14,416
2026-07-15 09:16:00,317.13,317.15,317.12,317.12,216
2026-07-15 09:17:00,317.12,317.2599,317.12,317.13,1125
2026-07-15 09:18:00,317.07,317.16,317.07,317.1,779
2026-07-15 09:19:00,317.07,317.26,317.07,317.23,2653
2026-07-15 09:20:00,317.24,317.26,317.11,317.19,1724
2026-07-15 09:21:00,317.15,317.36,317.1,317.17,4631
2026-07-15 09:22:00,317.2746,317.2746,316.95,316.95,167
2026-07-15 09:23:00,316.9,317,316.9,316.9,1693
2026-07-15 09:24:00,316.98,316.98,316.89,316.94,1070
2026-07-15 09:25:00,316.86,316.86,316.46,316.7,6591
2026-07-15 09:26:00,316.8564,317.24,316.8,317.24,3312
2026-07-15 09:27:00,317.2451,317.4,317.04,317.35,2962
2026-07-15 09:28:00,317.4,317.54,317.24,317.46,2481
2026-07-15 09:29:00,317.38,317.55,317.14,317.55,3450
2026-07-15 09:30:00,317.52,318.8,317.46,318.74,731746
2026-07-15 09:31:00,318.74,319.05,318.4,318.82,155991
2026-07-15 09:32:00,318.81,319.08,317.4301,317.91,130034
2026-07-15 09:33:00,317.96,318.48,317.32,318.3967,89595
2026-07-15 09:34:00,318.35,319.1296,318.25,318.87,102114
2026-07-15 09:35:00,318.89,319.48,318.59,319.27,155616
2026-07-15 09:36:00,319.31,319.79,319.23,319.425,179126
2026-07-15 09:37:00,319.45,319.45,318.54,318.56,100501
2026-07-15 09:38:00,318.58,319.1,318.575,319.02,77022
2026-07-15 09:39:00,319.025,319.3799,318.7701,318.895,64074
2026-07-15 09:40:00,318.9196,319.23,318.88,319.065,63894
2026-07-15 09:41:00,319.065,319.49,319,319.4501,98478
2026-07-15 09:42:00,319.45,319.7,319.17,319.6244,131838
2026-07-15 09:43:00,319.635,320.37,319.59,320.345,322260
2026-07-15 09:44:00,320.345,321.21,320.3101,321.17,250927
2026-07-15 09:45:00,321.17,321.818,320.96,321.675,311127
2026-07-15 09:46:00,321.675,321.74,321.15,321.385,242237
2026-07-15 09:47:00,321.38,321.4,320.3,320.475,311973
2026-07-15 09:48:00,320.475,320.6,319.9801,320.2,307515
2026-07-15 09:49:00,320.21,320.85,319.91,320.795,145300
2026-07-15 09:50:00,320.77,321.06,320.54,320.595,266819
2026-07-15 09:51:00,320.625,321.05,320.17,320.225,301925
2026-07-15 09:52:00,320.23,320.82,320.08,320.725,138072
2026-07-15 09:53:00,320.7101,320.89,320.21,320.4743,145246
2026-07-15 09:54:00,320.515,321.2668,320.5,321.245,149053
2026-07-15 09:55:00,321.2325,321.769,321.22,321.52,187760
2026-07-15 09:56:00,321.55,321.6,321.085,321.12,111148
2026-07-15 09:57:00,321.11,321.11,320.701,320.98,83492
2026-07-15 09:58:00,320.97,320.99,320.3611,320.48,107472
2026-07-15 09:59:00,320.431,320.77,320.32,320.765,84992
2026-07-15 10:00:00,320.78,321.5499,320.75,321.5099,206578
2026-07-15 10:01:00,321.49,321.8199,321.48,321.68,100030
2026-07-15 10:02:00,321.68,322.11,321.57,322.025,256907
2026-07-15 10:03:00,322.06,322.94,321.77,322.915,227129
2026-07-15 10:04:00,322.94,323.41,322.83,323.26,283082
2026-07-15 10:05:00,323.25,323.59,323.2428,323.55,415386
2026-07-15 10:06:00,323.54,323.71,322.76,322.95,273260
2026-07-15 10:07:00,322.96,323.525,322.775,323.48,123220
2026-07-15 10:08:00,323.485,323.62,323.2676,323.52,139794
2026-07-15 10:09:00,323.4498,323.65,323.18,323.65,121078
2026-07-15 10:10:00,323.65,324.53,323.65,324.41,327491
2026-07-15 10:11:00,324.4,324.84,324.39,324.62,250091
2026-07-15 10:12:00,324.625,324.98,324.55,324.65,256906
2026-07-15 10:13:00,324.64,324.71,324.42,324.66,133112
2026-07-15 10:14:00,324.655,324.9,324.52,324.7863,125824
2026-07-15 10:15:00,324.78,325.41,324.62,325.365,654826
2026-07-15 10:16:00,325.365,325.54,325.15,325.4983,309796
2026-07-15 10:17:00,325.5,325.67,325.35,325.6,175881
2026-07-15 10:18:00,325.59,325.68,325.15,325.23,189744
2026-07-15 10:19:00,325.22,325.67,325.17,325.41,131523
2026-07-15 10:20:00,325.42,325.43,325.02,325.31,152154
2026-07-15 10:21:00,325.33,325.61,325.22,325.32,158967
2026-07-15 10:22:00,325.35,325.48,325.16,325.24,147735
2026-07-15 10:23:00,325.24,325.29,324.43,324.535,221653
2026-07-15 10:24:00,324.5045,324.82,324.25,324.63,202281
2026-07-15 10:25:00,324.69,324.81,324.48,324.73,130555
2026-07-15 10:26:00,324.785,324.84,324.45,324.71,68886
2026-07-15 10:27:00,324.75,325.06,324.705,325.04,123460
2026-07-15 10:28:00,325.02,325.42,325.01,325.09,125052
2026-07-15 10:29:00,325.07,325.15,324.6856,324.71,98135
2026-07-15 10:30:00,324.71,324.99,324.6,324.715,144907
2026-07-15 10:31:00,324.71,325.085,324.51,324.75,141800
2026-07-15 10:32:00,324.79,325,324.36,324.64,134591
2026-07-15 10:33:00,324.67,324.9,324.33,324.68,94254
2026-07-15 10:34:00,324.6612,324.9,324.38,324.48,122722
2026-07-15 10:35:00,324.475,324.7799,324.46,324.57,61291
2026-07-15 10:36:00,324.57,324.79,324.22,324.221,66269
2026-07-15 10:37:00,324.2299,324.25,323.61,323.765,144281
2026-07-15 10:38:00,323.765,323.95,323.54,323.82,93275
2026-07-15 10:39:00,323.805,324.14,323.64,324.01,83584
2026-07-15 10:40:00,324.02,324.55,324,324.41,103992
2026-07-15 10:41:00,324.38,324.41,323.97,324,86554
2026-07-15 10:42:00,324,324.3699,323.89,324.05,97030
2026-07-15 10:43:00,324.02,324.42,324.02,324.17,66049
2026-07-15 10:44:00,324.1666,324.4225,324.0101,324.175,70421
2026-07-15 10:45:00,324.175,324.5,323.96,324.35,76580
2026-07-15 10:46:00,324.35,324.65,324.3,324.444,110400
2026-07-15 10:47:00,324.42,324.71,324.335,324.635,163938
2026-07-15 10:48:00,324.635,325.03,324.5,325.03,171437
2026-07-15 10:49:00,325,325.09,324.86,325.06,83725
2026-07-15 10:50:00,325.06,325.4,325,325.015,143936
2026-07-15 10:51:00,325.01,325.02,324.39,324.8,96998
2026-07-15 10:52:00,324.775,324.84,324.06,324.15,53376
2026-07-15 10:53:00,324.11,324.5151,324.1,324.2,83842
2026-07-15 10:54:00,324.18,324.19,323.79,324.0604,81460
2026-07-15 10:55:00,324.06,324.27,324.02,324.2457,72479
2026-07-15 10:56:00,324.21,324.57,324.21,324.265,50480
2026-07-15 10:57:00,324.26,324.35,323.98,324.045,72334
2026-07-15 10:58:00,324.04,324.13,323.76,323.775,63410
2026-07-15 10:59:00,323.775,323.9899,323.68,323.91,45141
2026-07-15 11:00:00,323.915,324.18,323.88,324.01,120737
2026-07-15 11:01:00,324.01,324.205,323.9,324.02,33960
2026-07-15 11:02:00,324.02,324.07,323.54,323.54,66062
2026-07-15 11:03:00,323.5593,323.845,323.54,323.79,39759
2026-07-15 11:04:00,323.795,323.93,323.7,323.8,34466
2026-07-15 11:05:00,323.835,323.89,323.55,323.78,66777
2026-07-15 11:06:00,323.795,324.18,323.6829,324.145,60260
2026-07-15 11:07:00,324.145,324.33,324.1,324.19,46234
2026-07-15 11:08:00,324.21,324.21,323.8,324.04,47919
2026-07-15 11:09:00,324.03,324.16,323.9613,324.08,36695
2026-07-15 11:10:00,324.07,324.18,323.98,323.98,31554
2026-07-15 11:11:00,323.98,324.18,323.73,324.04,108957
2026-07-15 11:12:00,324.035,324.3,323.88,324.0613,75425
2026-07-15 11:13:00,324.05,324.37,324.05,324.14,94396
2026-07-15 11:14:00,324.15,324.27,324,324.23,51715
2026-07-15 11:15:00,324.245,324.42,324.02,324.415,45463
2026-07-15 11:16:00,324.4,324.43,324.24,324.26,59159
2026-07-15 11:17:00,324.23,324.45,324.13,324.255,50839
2026-07-15 11:18:00,324.25,324.46,324.25,324.42,33511
2026-07-15 11:19:00,324.415,324.55,324.31,324.495,39785
2026-07-15 11:20:00,324.47,324.59,324.39,324.49,38630
2026-07-15 11:21:00,324.495,324.513,324.28,324.29,35473
2026-07-15 11:22:00,324.31,324.58,324.15,324.44,59310
2026-07-15 11:23:00,324.455,324.78,324.43,324.69,75617
2026-07-15 11:24:00,324.65,325.1,324.62,325.06,130959
2026-07-15 11:25:00,325.04,325.38,324.8788,325.32,129643
2026-07-15 11:26:00,325.3399,325.58,325.13,325.215,146249
2026-07-15 11:27:00,325.24,325.38,325.13,325.175,83982
2026-07-15 11:28:00,325.18,325.36,325.09,325.35,84630
2026-07-15 11:29:00,325.34,325.68,325.33,325.62,123308
2026-07-15 11:30:00,325.61,325.665,325.21,325.55,95777
2026-07-15 11:31:00,325.545,325.57,325.16,325.35,77555
2026-07-15 11:32:00,325.365,325.53,325.22,325.5,53819
2026-07-15 11:33:00,325.505,325.94,325.4901,325.91,111098
2026-07-15 11:34:00,325.915,326.37,325.915,326.04,207723
2026-07-15 11:35:00,326.05,326.13,325.84,326,112707
2026-07-15 11:36:00,326.01,326.32,325.97,326.3195,71636
2026-07-15 11:37:00,326.31,326.355,326.03,326.355,97021
2026-07-15 11:38:00,326.35,327.11,326.3401,326.915,290230
2026-07-15 11:39:00,326.898,327,326.6633,326.84,123950
2026-07-15 11:40:00,326.83,327.08,326.81,326.875,125396
2026-07-15 11:41:00,326.875,327.0795,326.875,326.94,96111
2026-07-15 11:42:00,326.94,326.955,326.535,326.6201,120733
2026-07-15 11:43:00,326.63,326.74,326.47,326.595,99000
2026-07-15 11:44:00,326.595,326.7,326.45,326.57,64436
2026-07-15 11:45:00,326.575,326.7999,326.51,326.685,76490
2026-07-15 11:46:00,326.685,326.83,326.615,326.735,61662
2026-07-15 11:47:00,326.73,327.02,326.67,326.8,115469
2026-07-15 11:48:00,326.79,326.85,326.65,326.78,96231
2026-07-15 11:49:00,326.7708,326.78,326.52,326.64,73291
2026-07-15 11:50:00,326.66,326.66,326.43,326.445,78015
2026-07-15 11:51:00,326.445,326.47,326.25,326.275,78437
2026-07-15 11:52:00,326.275,326.32,326.16,326.2,73397
2026-07-15 11:53:00,326.19,326.23,325.945,326.1,80443
2026-07-15 11:54:00,326.09,326.16,325.215,325.3601,136251
2026-07-15 11:55:00,325.385,325.89,325.3663,325.8087,69777
2026-07-15 11:56:00,325.79,326.06,325.65,326.01,67061
2026-07-15 11:57:00,326,326.025,325.78,325.795,41807
2026-07-15 11:58:00,325.795,326.15,325.715,326.115,56390
2026-07-15 11:59:00,326.105,326.46,326.04,326.28,66999
2026-07-15 12:00:00,326.29,326.47,326.2549,326.39,52362
2026-07-15 12:01:00,326.39,326.56,326.3401,326.52,65591
2026-07-15 12:02:00,326.53,326.82,326.49,326.8,111219
2026-07-15 12:03:00,326.8085,326.83,326.7,326.75,66544
2026-07-15 12:04:00,326.755,326.88,326.68,326.77,77375
2026-07-15 12:05:00,326.78,326.88,326.75,326.78,54094
2026-07-15 12:06:00,326.78,326.83,326.62,326.64,74122
2026-07-15 12:07:00,326.62,326.8499,326.505,326.7001,96128
2026-07-15 12:08:00,326.7,326.86,326.59,326.785,56802
2026-07-15 12:09:00,326.7925,326.9799,326.77,326.97,66619
2026-07-15 12:10:00,326.98,327.01,326.84,326.94,156264
2026-07-15 12:11:00,326.935,327.06,326.7,326.9,111437
2026-07-15 12:12:00,326.885,326.93,326.73,326.86,54759
2026-07-15 12:13:00,326.86,326.95,326.83,326.945,66511
2026-07-15 12:14:00,326.94,327.36,326.91,327.17,151228
2026-07-15 12:15:00,327.175,327.35,327.14,327.235,78913
2026-07-15 12:16:00,327.22,327.39,327.1901,327.275,65533
2026-07-15 12:17:00,327.29,327.7,327.172,327.58,137028
2026-07-15 12:18:00,327.61,327.64,327.33,327.463,112371
2026-07-15 12:19:00,327.4599,327.48,327.0869,327.22,81841
2026-07-15 12:20:00,327.21,327.32,327.11,327.23,86186
2026-07-15 12:21:00,327.235,327.57,327.2327,327.565,90742
2026-07-15 12:22:00,327.6,327.77,327.56,327.67,127801
2026-07-15 12:23:00,327.67,327.78,327.5101,327.6801,116247
2026-07-15 12:24:00,327.7,327.99,327.66,327.98,149023
2026-07-15 12:25:00,327.99,328.5,327.97,328.43,250092
2026-07-15 12:26:00,328.41,328.53,328.345,328.395,164371
2026-07-15 12:27:00,328.395,328.4017,328.08,328.13,144948
2026-07-15 12:28:00,328.14,328.37,327.95,328.04,132575
2026-07-15 12:29:00,328.09,328.2,327.95,328.17,147244
2026-07-15 12:30:00,328.16,328.44,328.14,328.28,143990
2026-07-15 12:31:00,328.28,328.4493,328.15,328.345,153725
2026-07-15 12:32:00,328.345,328.43,328.15,328.38,127864
2026-07-15 12:33:00,328.375,328.43,328.23,328.32,113794
2026-07-15 12:34:00,328.32,328.5,328.21,328.22,110329
2026-07-15 12:35:00,328.22,328.27,327.81,328,136435
2026-07-15 12:36:00,328,328.07,327.69,327.78,136743
2026-07-15 12:37:00,327.78,328.07,327.65,328.07,115434
2026-07-15 12:38:00,328.06,328.09,327.85,327.91,102499
2026-07-15 12:39:00,327.91,328.04,327.8501,327.885,98546
2026-07-15 12:40:00,327.9,328.02,327.81,327.9101,95155
2026-07-15 12:41:00,327.9,328.26,327.83,328.141,123549
2026-07-15 12:42:00,328.155,328.18,327.55,327.71,104893
2026-07-15 12:43:00,327.705,327.73,327.3,327.65,156138
2026-07-15 12:44:00,327.65,328.32,327.63,328.2,82984
2026-07-15 12:45:00,328.18,328.23,327.86,327.87,88899
2026-07-15 12:46:00,327.91,328.38,327.6,328.055,131306
2026-07-15 12:47:00,328.055,328.15,327.9208,327.96,52269
2026-07-15 12:48:00,327.9446,328.25,327.91,327.9275,81423
2026-07-15 12:49:00,327.93,328.1,327.85,327.93,71136
2026-07-15 12:50:00,327.92,328.04,327.81,327.89,60227
2026-07-15 12:51:00,327.89,327.93,327.36,327.37,130028
2026-07-15 12:52:00,327.3601,327.85,327.3601,327.57,78285
2026-07-15 12:53:00,327.58,328,327.58,327.985,89195
2026-07-15 12:54:00,327.9917,328.03,327.92,327.977,43061
2026-07-15 12:55:00,327.98,328.15,327.975,328.0323,61117
2026-07-15 12:56:00,328.03,328.18,327.96,328.115,68786
2026-07-15 12:57:00,328.12,328.1499,327.93,328.145,59327
2026-07-15 12:58:00,328.1427,328.27,328.02,328.02,73359
2026-07-15 12:59:00,328.0251,328.04,327.8,327.96,86094
2026-07-15 13:00:00,327.97,328.06,327.85,327.905,43494
2026-07-15 13:01:00,327.905,327.9598,327.45,327.48,76935
2026-07-15 13:02:00,327.5,327.63,327.3,327.6,154287
2026-07-15 13:03:00,327.59,327.82,327.51,327.82,74964
2026-07-15 13:04:00,327.81,328.025,327.77,327.99,70030
2026-07-15 13:05:00,328,328.05,327.71,327.8,53950
2026-07-15 13:06:00,327.81,327.9,327.68,327.78,42459
2026-07-15 13:07:00,327.785,327.8241,327.49,327.515,53669
2026-07-15 13:08:00,327.5026,327.62,327.225,327.27,106660
2026-07-15 13:09:00,327.27,327.27,326.76,326.76,108466
2026-07-15 13:10:00,326.78,327.05,326.7228,326.91,66101
2026-07-15 13:11:00,326.92,327,326.62,326.74,89649
2026-07-15 13:12:00,326.7301,326.77,326.46,326.64,69194
2026-07-15 13:13:00,326.64,326.83,326.52,326.745,52358
2026-07-15 13:14:00,326.74,326.7474,326.53,326.64,43026
2026-07-15 13:15:00,326.61,326.98,326.598,326.8845,55494
2026-07-15 13:16:00,326.885,326.885,326.4,326.635,65838
2026-07-15 13:17:00,326.65,326.67,326.1501,326.23,57815
2026-07-15 13:18:00,326.22,326.36,326.05,326.27,75027
2026-07-15 13:19:00,326.2651,326.37,325.97,326.35,164112
2026-07-15 13:20:00,326.37,326.7499,326.33,326.63,89514
2026-07-15 13:21:00,326.625,326.71,326.42,326.71,55681
2026-07-15 13:22:00,326.71,326.75,326.62,326.75,40584
2026-07-15 13:23:00,326.745,326.825,326.72,326.79,45954
2026-07-15 13:24:00,326.79,326.91,326.66,326.7525,56162
2026-07-15 13:25:00,326.755,326.885,326.63,326.8351,49535
2026-07-15 13:26:00,326.835,326.85,326.7108,326.76,35872
2026-07-15 13:27:00,326.76,327.01,326.75,326.96,123776
2026-07-15 13:28:00,326.98,327.08,326.86,326.86,51818
2026-07-15 13:29:00,326.855,327.21,326.77,326.99,86492
2026-07-15 13:30:00,327,327.18,326.97,327.01,80894
2026-07-15 13:31:00,327.015,327.07,326.78,326.89,82523
2026-07-15 13:32:00,326.87,326.97,326.65,326.97,59071
2026-07-15 13:33:00,326.98,327.1,326.86,327.08,48187
2026-07-15 13:34:00,327.0701,327.25,326.99,327.105,75228
2026-07-15 13:35:00,327.1,327.45,327.07,327.4,57536
2026-07-15 13:36:00,327.4,327.64,327.355,327.42,72270
2026-07-15 13:37:00,327.425,327.7,327.41,327.63,84322
2026-07-15 13:38:00,327.635,327.73,327.635,327.685,72191
2026-07-15 13:39:00,327.69,327.89,327.67,327.84,60052
2026-07-15 13:40:00,327.84,328,327.65,327.65,70962
2026-07-15 13:41:00,327.6428,327.68,327.3,327.36,50599
2026-07-15 13:42:00,327.37,327.52,327.31,327.32,63328
2026-07-15 13:43:00,327.301,327.55,327.3,327.325,34416
2026-07-15 13:44:00,327.33,327.46,327.2,327.2275,80313
2026-07-15 13:45:00,327.225,327.34,327.21,327.315,61065
2026-07-15 13:46:00,327.32,327.36,327.22,327.29,45028
2026-07-15 13:47:00,327.28,327.565,327.28,327.495,69576
2026-07-15 13:48:00,327.48,327.5,327.325,327.475,36492
2026-07-15 13:49:00,327.48,327.6,327.42,327.565,45525
2026-07-15 13:50:00,327.565,327.6699,327.425,327.425,71202
2026-07-15 13:51:00,327.425,327.48,327.37,327.43,36162
2026-07-15 13:52:00,327.44,327.47,327.19,327.31,47874
2026-07-15 13:53:00,327.295,327.46,327.19,327.41,50545
2026-07-15 13:54:00,327.42,327.61,327.4,327.61,34801
2026-07-15 13:55:00,327.605,327.62,327.38,327.45,53141
2026-07-15 13:56:00,327.44,327.7,327.41,327.645,109389
2026-07-15 13:57:00,327.645,327.71,327.41,327.67,69830
2026-07-15 13:58:00,327.67,327.67,327.48,327.515,57246
2026-07-15 13:59:00,327.515,327.7,327.46,327.5851,85939
2026-07-15 14:00:00,327.59,327.64,327.49,327.595,52175
2026-07-15 14:01:00,327.595,327.605,327.34,327.36,49759
2026-07-15 14:02:00,327.35,327.47,327.33,327.3611,46778
2026-07-15 14:03:00,327.3602,327.47,327.305,327.35,33992
2026-07-15 14:04:00,327.335,327.57,327.3297,327.475,38370
2026-07-15 14:05:00,327.46,327.67,327.46,327.61,41438
2026-07-15 14:06:00,327.61,327.625,327.33,327.455,57125
2026-07-15 14:07:00,327.46,327.49,327.355,327.355,32553
2026-07-15 14:08:00,327.36,327.36,327.16,327.3429,63216
2026-07-15 14:09:00,327.355,327.42,327.24,327.32,34669
2026-07-15 14:10:00,327.31,327.49,327.29,327.48,58058
2026-07-15 14:11:00,327.47,327.565,327.4,327.5601,57294
2026-07-15 14:12:00,327.565,327.595,327.46,327.515,36295
2026-07-15 14:13:00,327.5118,327.6,327.48,327.5205,33228
2026-07-15 14:14:00,327.54,327.67,327.5105,327.61,62034
2026-07-15 14:15:00,327.6,327.735,327.59,327.64,53052
2026-07-15 14:16:00,327.63,327.66,327.41,327.43,40555
2026-07-15 14:17:00,327.425,327.6,327.36,327.5,62610
2026-07-15 14:18:00,327.5,327.54,327.21,327.22,65895
2026-07-15 14:19:00,327.22,327.41,327.21,327.37,48410
2026-07-15 14:20:00,327.36,327.42,327.3101,327.33,38506
2026-07-15 14:21:00,327.335,327.465,327.31,327.43,34346
2026-07-15 14:22:00,327.43,327.51,327.36,327.51,30703
2026-07-15 14:23:00,327.52,327.56,327.28,327.325,36531
2026-07-15 14:24:00,327.325,327.44,327.3001,327.4301,36553
2026-07-15 14:25:00,327.44,327.475,327.33,327.405,43628
2026-07-15 14:26:00,327.42,327.48,327.35,327.355,33788
2026-07-15 14:27:00,327.35,327.445,327.34,327.43,26906
2026-07-15 14:28:00,327.42,327.62,327.37,327.605,73793
2026-07-15 14:29:00,327.6,327.86,327.59,327.79,84134
2026-07-15 14:30:00,327.78,327.83,327.6901,327.6901,52061
2026-07-15 14:31:00,327.7,327.7199,327.515,327.595,54039
2026-07-15 14:32:00,327.595,327.79,327.53,327.725,42034
2026-07-15 14:33:00,327.72,327.735,327.49,327.615,50431
2026-07-15 14:34:00,327.61,327.705,327.565,327.65,30011
2026-07-15 14:35:00,327.64,327.7899,327.64,327.66,32754
2026-07-15 14:36:00,327.66,327.78,327.65,327.755,32233
2026-07-15 14:37:00,327.7405,327.78,327.65,327.65,48421
2026-07-15 14:38:00,327.64,327.72,327.6,327.67,32818
2026-07-15 14:39:00,327.67,327.73,327.63,327.665,27455
2026-07-15 14:40:00,327.675,327.76,327.65,327.66,32587
2026-07-15 14:41:00,327.65,327.71,327.6,327.691,21709
2026-07-15 14:42:00,327.7,327.71,327.47,327.6,42078
2026-07-15 14:43:00,327.58,327.63,327.53,327.605,32051
2026-07-15 14:44:00,327.61,327.85,327.595,327.655,42815
2026-07-15 14:45:00,327.64,327.7,327.54,327.58,85199
2026-07-15 14:46:00,327.57,327.675,327.15,327.38,57279
2026-07-15 14:47:00,327.37,327.46,327.29,327.395,58254
2026-07-15 14:48:00,327.41,327.45,327.28,327.285,25629
2026-07-15 14:49:00,327.28,327.32,327.08,327.145,56550
2026-07-15 14:50:00,327.145,327.18,327.09,327.1,44480
2026-07-15 14:51:00,327.1,327.24,327.1,327.19,35708
2026-07-15 14:52:00,327.19,327.285,327.16,327.26,37851
2026-07-15 14:53:00,327.25,327.3,327.16,327.21,32047
2026-07-15 14:54:00,327.22,327.38,327.19,327.205,48856
2026-07-15 14:55:00,327.2,327.3,327.15,327.27,77187
2026-07-15 14:56:00,327.29,327.48,327.28,327.44,52921
2026-07-15 14:57:00,327.445,327.495,327.4,327.41,51392
2026-07-15 14:58:00,327.4,327.59,327.375,327.51,69717
2026-07-15 14:59:00,327.5,327.615,327.45,327.525,81400
2026-07-15 15:00:00,327.54,327.75,327.46,327.5401,90738
2026-07-15 15:01:00,327.57,327.69,327.49,327.505,48565
2026-07-15 15:02:00,327.5001,327.78,327.5001,327.7601,37178
2026-07-15 15:03:00,327.77,328.14,327.75,328.085,183927
2026-07-15 15:04:00,328.085,328.73,328.08,328.59,232726
2026-07-15 15:05:00,328.57,328.655,328.4701,328.655,126183
2026-07-15 15:06:00,328.64,328.6999,328.315,328.315,104047
2026-07-15 15:07:00,328.33,328.51,328.29,328.405,55227
2026-07-15 15:08:00,328.41,328.6,328.32,328.37,101180
2026-07-15 15:09:00,328.38,328.42,328.18,328.18,51953
2026-07-15 15:10:00,328.18,328.19,327.695,327.71,64335
2026-07-15 15:11:00,327.7,328.0101,327.7,328.01,62503
2026-07-15 15:12:00,328.03,328.3,327.895,327.91,97466
2026-07-15 15:13:00,327.93,327.98,327.8,327.83,39314
2026-07-15 15:14:00,327.83,327.84,327.72,327.84,34808
2026-07-15 15:15:00,327.81,327.91,327.65,327.71,51338
2026-07-15 15:16:00,327.7201,327.75,327.42,327.495,47957
2026-07-15 15:17:00,327.49,327.75,327.49,327.63,56866
2026-07-15 15:18:00,327.635,327.795,327.54,327.76,32261
2026-07-15 15:19:00,327.75,327.77,327.64,327.765,46678
2026-07-15 15:20:00,327.77,327.93,327.73,327.825,75737
2026-07-15 15:21:00,327.82,327.93,327.71,327.925,71923
2026-07-15 15:22:00,327.93,327.9899,327.65,327.71,58280
2026-07-15 15:23:00,327.7,327.805,327.6428,327.68,37607
2026-07-15 15:24:00,327.67,327.67,327.44,327.51,35059
2026-07-15 15:25:00,327.51,327.54,327.35,327.36,63984
2026-07-15 15:26:00,327.35,327.35,327.09,327.27,107125
2026-07-15 15:27:00,327.285,327.47,327.26,327.385,45855
2026-07-15 15:28:00,327.385,327.385,327.1,327.105,46619
2026-07-15 15:29:00,327.09,327.13,326.86,327.06,95737
2026-07-15 15:30:00,327.04,327.07,326.76,326.85,65061
2026-07-15 15:31:00,326.85,326.86,326.55,326.635,66900
2026-07-15 15:32:00,326.635,326.69,326.4,326.59,129547
2026-07-15 15:33:00,326.6,326.785,326.5805,326.63,54449
2026-07-15 15:34:00,326.63,326.69,326.42,326.43,45840
2026-07-15 15:35:00,326.42,326.4217,326.1,326.28,119267
2026-07-15 15:36:00,326.285,326.39,326.22,326.345,49848
2026-07-15 15:37:00,326.3401,326.4806,326.33,326.39,66464
2026-07-15 15:38:00,326.405,326.49,326.36,326.44,66733
2026-07-15 15:39:00,326.45,326.55,326.35,326.37,73746
2026-07-15 15:40:00,326.366,326.54,326.36,326.5,50571
2026-07-15 15:41:00,326.5,326.525,326.16,326.28,61805
2026-07-15 15:42:00,326.27,326.44,326.25,326.255,109530
2026-07-15 15:43:00,326.26,326.28,325.92,325.9556,99118
2026-07-15 15:44:00,325.97,326.14,325.86,325.87,76822
2026-07-15 15:45:00,325.89,325.99,325.72,325.875,158242
2026-07-15 15:46:00,325.87,326.12,325.82,326.02,97190
2026-07-15 15:47:00,326.01,326.21,325.87,326.195,63424
2026-07-15 15:48:00,326.18,326.385,326.12,326.275,139004
2026-07-15 15:49:00,326.285,326.43,326.19,326.22,99465
2026-07-15 15:50:00,326.24,327.42,326.23,327.015,214866
2026-07-15 15:51:00,327.02,327.18,326.97,326.98,137371
2026-07-15 15:52:00,326.98,327.03,326.86,326.96,155682
2026-07-15 15:53:00,326.96,327.43,326.96,327.34,217182
2026-07-15 15:54:00,327.34,327.6,327.1,327.445,240713
2026-07-15 15:55:00,327.445,328.36,327.42,327.855,450849
2026-07-15 15:56:00,327.855,327.92,327.56,327.795,322529
2026-07-15 15:57:00,327.795,327.9,327.61,327.615,404489
2026-07-15 15:58:00,327.615,327.69,327.27,327.3,446326
2026-07-15 15:59:00,327.3,327.62,327.24,327.515,747920
2026-07-15 16:00:00,327.5,327.66,327.28,327.5,9550251
2026-07-15 16:01:00,327.4233,327.66,327.4233,327.66,7331
2026-07-15 16:02:00,327.7,327.83,327.64,327.67,2593
2026-07-15 16:03:00,327.65,327.75,327.64,327.65,2393
2026-07-15 16:04:00,327.65,327.65,327.52,327.56,2199
2026-07-15 16:05:00,327.56,327.63,327.5,327.63,3240
2026-07-15 16:06:00,327.59,327.59,327.5,327.5,5223
2026-07-15 16:07:00,327.65,327.65,327.5084,327.5084,649
2026-07-15 16:08:00,327.51,327.55,327.5,327.55,1247
2026-07-15 16:09:00,327.53,327.54,327.31,327.405,5037
2026-07-15 16:10:00,327.46,327.46,327.46,327.46,50
2026-07-15 16:11:00,327.5,327.5,327.25,327.34,412064
2026-07-15 16:12:00,327.34,327.3408,327.34,327.3408,240
2026-07-15 16:13:00,327.42,327.42,327.3502,327.3502,200
2026-07-15 16:14:00,327.3746,327.4892,327.3746,327.4483,371
2026-07-15 16:15:00,327.41,327.47,327.41,327.45,3846
2026-07-15 16:16:00,327.43,327.45,327.42,327.45,1883
2026-07-15 16:17:00,327.4,327.45,327.4,327.45,591
2026-07-15 16:18:00,327.45,327.45,327.4,327.4,1032
2026-07-15 16:19:00,327.45,327.46,327.45,327.46,939
2026-07-15 16:20:00,327.45,327.57,327.43,327.43,1138
2026-07-15 16:21:00,327.43,327.5661,327.43,327.56,1495
2026-07-15 16:22:00,327.5702,327.65,327.5702,327.64,2457
2026-07-15 16:23:00,327.5835,327.63,327.54,327.61,1620
2026-07-15 16:24:00,327.61,327.61,327.61,327.61,227
2026-07-15 16:25:00,327.6,327.6197,327.6,327.6197,705
2026-07-15 16:26:00,327.62,327.62,327.5486,327.5486,320
2026-07-15 16:27:00,327.61,327.61,327.5408,327.57,230
2026-07-15 16:28:00,327.565,327.6,327.5,327.5,2042
2026-07-15 16:29:00,327.5,327.5,327.43,327.465,2517
2026-07-15 16:30:00,327.4577,327.46,327.45,327.45,223
2026-07-15 16:31:00,327.4408,327.4408,327.4408,327.4408,500
2026-07-15 16:32:00,327.48,327.55,327.47,327.55,1900
2026-07-15 16:33:00,327.43,327.6,327.43,327.5,78624
2026-07-15 16:34:00,327.5001,327.51,327.5001,327.51,140
2026-07-15 16:35:00,327.44,327.44,327.43,327.43,426
2026-07-15 16:37:00,327.4,327.4,327.4,327.4,100
2026-07-15 16:38:00,327.4,327.49,327.36,327.49,1945
2026-07-15 16:41:00,327.4501,327.4562,327.4501,327.4562,290
2026-07-15 16:42:00,327.4874,327.4874,327.4501,327.4501,250
2026-07-15 16:43:00,327.5,327.5,327.5,327.5,250
2026-07-15 16:45:00,327.5,327.5699,327.42,327.5699,2041
2026-07-15 16:46:00,327.46,327.48,327.4213,327.4213,329
2026-07-15 16:47:00,327.42,327.42,327.41,327.41,576
2026-07-15 16:48:00,327.44,327.44,327.41,327.41,190
2026-07-15 16:49:00,327.41,327.41,327.24,327.26,5004
2026-07-15 16:50:00,327.3,327.4,327.26,327.26,1208
2026-07-15 16:51:00,327.33,327.33,327.33,327.33,106
2026-07-15 16:52:00,327.43,327.48,327.43,327.48,1180
2026-07-15 16:54:00,327.4807,327.4807,327.43,327.43,250
2026-07-15 16:55:00,327.48,327.49,327.4393,327.49,864
2026-07-15 16:56:00,327.49,327.5,327.4802,327.4802,1620
2026-07-15 16:57:00,327.48,327.48,327.48,327.48,100
2026-07-15 16:58:00,327.48,327.4804,327.48,327.4804,549
2026-07-15 16:59:00,327.5,327.5,327.4821,327.4821,678
2026-07-15 17:00:00,327.4831,327.5,327.48,327.5,240
2026-07-15 17:01:00,327.49,327.49,327.48,327.48,790
2026-07-15 17:03:00,327.485,327.49,327.485,327.49,280
2026-07-15 17:04:00,327.49,327.49,327.4828,327.485,2654
2026-07-15 17:05:00,327.48,327.5,327.48,327.5,2087
2026-07-15 17:07:00,327.5064,327.5064,327.5058,327.5058,217
2026-07-15 17:08:00,327.43,327.54,327.43,327.54,302
2026-07-15 17:09:00,327.4664,327.4664,327.4664,327.4664,1075
2026-07-15 17:10:00,327.53,327.58,327.51,327.51,474
2026-07-15 17:11:00,327.57,327.5811,327.45,327.5811,357
2026-07-15 17:12:00,327.55,327.55,327.5,327.5,320
2026-07-15 17:13:00,327.55,327.55,327.51,327.51,360
2026-07-15 17:14:00,327.549,327.55,327.48,327.48,2202
2026-07-15 17:15:00,327.5,327.55,327.5,327.55,160
2026-07-15 17:16:00,327.55,327.55,327.5,327.5,257
2026-07-15 17:17:00,327.53,327.63,327.5,327.56,3902
2026-07-15 17:18:00,327.65,327.65,327.5,327.57,892
2026-07-15 17:19:00,327.56,327.7,327.5,327.64,18868
2026-07-15 17:20:00,327.57,327.57,327.55,327.55,448
2026-07-15 17:21:00,327.5498,327.55,327.54,327.55,204
2026-07-15 17:22:00,327.53,327.53,327.5,327.5,2631
2026-07-15 17:23:00,327.51,327.52,327.5,327.5,9207
2026-07-15 17:24:00,327.46,327.46,327.46,327.46,68
2026-07-15 17:25:00,327.4752,327.48,327.4752,327.48,311
2026-07-15 17:26:00,327.5,327.52,327.38,327.52,3570
2026-07-15 17:27:00,327.46,327.46,327.46,327.46,200
2026-07-15 17:28:00,327.4685,327.47,327.46,327.47,201
2026-07-15 17:30:00,327.4619,327.4619,327.4619,327.4619,153
2026-07-15 17:31:00,327.46,327.46,327.46,327.46,265
2026-07-15 17:32:00,327.4186,327.5,327.4186,327.5,200
2026-07-15 17:34:00,327.4001,327.4155,327.4001,327.4155,300
2026-07-15 17:36:00,327.4142,327.4142,327.41,327.41,301
2026-07-15 17:37:00,327.41,327.5,327.4012,327.4012,653
2026-07-15 17:38:00,327.5,327.5,327.4,327.4,474
2026-07-15 17:39:00,327.4021,327.4021,327.4021,327.4021,100
2026-07-15 17:40:00,327.4039,327.4039,327.4039,327.4039,100
2026-07-15 17:41:00,327.4496,327.4496,327.4496,327.4496,97
2026-07-15 17:42:00,327.4008,327.41,327.4008,327.41,152
2026-07-15 17:43:00,327.4139,327.4139,327.4126,327.4126,550
2026-07-15 17:46:00,327.45,327.45,327.45,327.45,40
2026-07-15 17:47:00,327.45,327.45,327.45,327.45,85
2026-07-15 17:49:00,327.45,327.4714,327.4058,327.45,463
2026-07-15 17:50:00,327.4719,327.4719,327.4719,327.4719,75
2026-07-15 17:51:00,327.48,327.48,327.465,327.47,255
2026-07-15 17:52:00,327.47,327.48,327.47,327.475,748
2026-07-15 17:53:00,327.47,327.47,327.44,327.4682,213
2026-07-15 17:54:00,327.4124,327.43,327.4001,327.4001,302
2026-07-15 17:55:00,327.4013,327.43,327.4013,327.43,113
2026-07-15 17:57:00,327.48,327.48,327.48,327.48,85
2026-07-15 17:59:00,327.4699,327.4699,327.42,327.42,196
2026-07-15 18:00:00,327.46,327.5,327.42,327.48,5053
2026-07-15 18:01:00,327.48,327.48,327.48,327.48,1352
2026-07-15 18:02:00,327.48,327.48,327.43,327.48,2329
2026-07-15 18:03:00,327.48,327.69,327.48,327.5068,2264
2026-07-15 18:04:00,327.55,327.6,327.48,327.6,3090
2026-07-15 18:05:00,327.54,327.64,327.54,327.63,419
2026-07-15 18:06:00,327.7,327.7,327.7,327.7,40
2026-07-15 18:07:00,327.6,327.65,327.6,327.65,499
2026-07-15 18:08:00,327.6,327.6,327.59,327.6,320
2026-07-15 18:09:00,327.55,327.55,327.55,327.55,703
2026-07-15 18:10:00,327.55,327.55,327.51,327.52,231
2026-07-15 18:11:00,327.5,327.595,327.5,327.595,220
2026-07-15 18:12:00,327.5,327.5,327.5,327.5,40
2026-07-15 18:13:00,327.54,327.69,327.54,327.69,1551
2026-07-15 18:16:00,327.67,327.67,327.56,327.56,108
2026-07-15 18:17:00,327.67,327.67,327.67,327.67,153
2026-07-15 18:18:00,327.55,327.6,327.55,327.6,407
2026-07-15 18:19:00,327.6,327.65,327.6,327.65,377
2026-07-15 18:20:00,327.67,327.69,327.63,327.69,743
2026-07-15 18:21:00,327.69,327.69,327.5981,327.5981,1622
2026-07-15 18:22:00,327.55,327.55,327.5155,327.5398,498
2026-07-15 18:24:00,327.64,327.64,327.64,327.64,186
2026-07-15 18:25:00,327.55,327.68,327.53,327.67,1431
2026-07-15 18:26:00,327.6,327.6,327.5551,327.5551,170
2026-07-15 18:27:00,327.5923,327.62,327.5923,327.62,240
2026-07-15 18:29:00,327.62,327.62,327.62,327.62,80
2026-07-15 18:30:00,327.68,327.77,327.67,327.7,638
2026-07-15 18:32:00,327.7,327.7,327.7,327.7,220
2026-07-15 18:33:00,327.66,327.669,327.6565,327.669,313
2026-07-15 18:34:00,327.65,327.65,327.6,327.6,354
2026-07-15 18:35:00,327.55,327.5776,327.55,327.5776,100
2026-07-15 18:36:00,327.6,327.68,327.6,327.68,150
2026-07-15 18:38:00,327.5818,327.69,327.5818,327.6706,160
2026-07-15 18:39:00,327.68,327.68,327.68,327.68,100
2026-07-15 18:40:00,327.67,327.67,327.67,327.67,40
2026-07-15 18:41:00,327.69,327.7,327.6845,327.6845,424
2026-07-15 18:42:00,327.683,327.683,327.683,327.683,50
2026-07-15 18:43:00,327.68,327.68,327.68,327.68,65
2026-07-15 18:44:00,327.68,327.68,327.68,327.68,61
2026-07-15 18:45:00,327.6676,327.7,327.6676,327.7,390
2026-07-15 18:46:00,327.7,327.7,327.608,327.68,1404
2026-07-15 18:47:00,327.67,327.67,327.66,327.66,120
2026-07-15 18:48:00,327.67,327.7,327.624,327.7,443
2026-07-15 18:49:00,327.6845,327.6845,327.6845,327.6845,100
2026-07-15 18:50:00,327.7,327.7,327.7,327.7,300
2026-07-15 18:51:00,327.65,327.65,327.6059,327.6059,150
2026-07-15 18:52:00,327.6155,327.7,327.6155,327.65,200
2026-07-15 18:53:00,327.65,327.65,327.6484,327.65,951
2026-07-15 18:54:00,327.7,328,327.7,327.86,3026
2026-07-15 18:56:00,327.81,327.94,327.81,327.94,402
2026-07-15 18:57:00,327.98,328,327.7211,328,214
2026-07-15 18:58:00,327.8,327.99,327.8,327.92,299
2026-07-15 18:59:00,327.91,327.91,327.91,327.91,717
2026-07-15 19:00:00,327.89,328,327.89,327.9169,1177
2026-07-15 19:02:00,327.98,328,327.94,327.97,1722
2026-07-15 19:03:00,327.92,327.92,327.92,327.92,160
2026-07-15 19:04:00,327.8076,327.88,327.8076,327.88,364
2026-07-15 19:05:00,327.84,327.86,327.84,327.86,158
2026-07-15 19:06:00,327.9429,327.9429,327.9429,327.9429,40
2026-07-15 19:07:00,327.81,327.81,327.8,327.81,400
2026-07-15 19:08:00,327.8,327.8,327.8,327.8,311
2026-07-15 19:09:00,327.8001,327.8001,327.8001,327.8001,65
2026-07-15 19:10:00,327.9,327.9,327.9,327.9,50
2026-07-15 19:11:00,327.81,327.9,327.8,327.8,1065
2026-07-15 19:12:00,327.9221,327.9221,327.91,327.91,96
2026-07-15 19:13:00,327.9499,327.9499,327.9499,327.9499,100
2026-07-15 19:14:00,327.9,327.95,327.77,327.77,380
2026-07-15 19:15:00,327.88,328,327.88,328,185
2026-07-15 19:16:00,327.85,327.85,327.85,327.85,70
2026-07-15 19:17:00,327.98,328,327.77,327.77,2184
2026-07-15 19:18:00,327.83,327.83,327.79,327.79,211
2026-07-15 19:19:00,327.7701,327.7701,327.7701,327.7701,100
2026-07-15 19:21:00,327.8186,327.8186,327.8139,327.8139,100
2026-07-15 19:22:00,327.86,327.88,327.86,327.88,160
2026-07-15 19:23:00,327.8017,327.85,327.8017,327.8108,625
2026-07-15 19:24:00,327.87,327.87,327.87,327.87,107
2026-07-15 19:25:00,327.8617,327.87,327.8617,327.87,110
2026-07-15 19:26:00,327.8658,327.8658,327.82,327.82,371
2026-07-15 19:27:00,327.9,327.9,327.9,327.9,350
2026-07-15 19:29:00,327.87,327.87,327.87,327.87,94
2026-07-15 19:30:00,327.9,327.9,327.88,327.8839,779
2026-07-15 19:31:00,327.9,327.95,327.8234,327.95,930
2026-07-15 19:32:00,327.92,327.92,327.92,327.92,173
2026-07-15 19:33:00,327.97,328,327.97,328,174
2026-07-15 19:34:00,327.92,327.92,327.92,327.92,3041
2026-07-15 19:35:00,327.9799,327.9799,327.86,327.9,1417
2026-07-15 19:36:00,327.9284,327.9284,327.82,327.82,230
2026-07-15 19:37:00,327.86,327.88,327.78,327.78,5702
2026-07-15 19:38:00,327.7894,327.7894,327.7894,327.7894,300
2026-07-15 19:39:00,327.8,327.9,327.8,327.9,1231
2026-07-15 19:40:00,327.7845,327.7894,327.7845,327.7894,450
2026-07-15 19:41:00,327.7186,327.79,327.7032,327.79,2850
2026-07-15 19:42:00,327.78,327.78,327.7475,327.7475,449
2026-07-15 19:43:00,327.75,327.75,327.744,327.75,988
2026-07-15 19:44:00,327.8,327.8,327.8,327.8,100
2026-07-15 19:45:00,327.85,327.9,327.85,327.9,149
2026-07-15 19:46:00,327.8716,327.8716,327.73,327.73,2140
2026-07-15 19:48:00,327.7554,327.7944,327.7554,327.775,140
2026-07-15 19:49:00,327.7923,327.7923,327.7923,327.7923,100
2026-07-15 19:51:00,327.7944,327.7998,327.7944,327.7998,1089
2026-07-15 19:52:00,327.8,327.8,327.7801,327.7801,2055
2026-07-15 19:53:00,327.8,327.8,327.7901,327.7901,2335
2026-07-15 19:55:00,327.85,327.85,327.79,327.8091,692
2026-07-15 19:56:00,327.81,327.81,327.8099,327.8099,1244
2026-07-15 19:58:00,327.85,327.85,327.77,327.8499,2110
2026-07-15 19:59:00,327.7998,327.8,327.7577,327.8,421
2026-07-16 04:00:00,328.18,328.45,327.26,328.28,24348
2026-07-16 04:01:00,328.28,328.41,327.31,327.99,20147
2026-07-16 04:02:00,327.61,327.98,327.42,327.75,1213
2026-07-16 04:03:00,327.65,327.65,327.5,327.5,533
2026-07-16 04:04:00,327.7,327.7,327.565,327.6,157
2026-07-16 04:05:00,327.59,328,327.55,327.99,1076
2026-07-16 04:06:00,327.72,328.2,327.72,328.13,3906
2026-07-16 04:07:00,328,328.15,328,328.12,345
2026-07-16 04:08:00,328.17,328.17,328.12,328.12,230
2026-07-16 04:09:00,328.28,328.3,328.28,328.3,156
2026-07-16 04:10:00,328.4822,328.6,328.48,328.6,396
2026-07-16 04:11:00,328.57,329.1,328.57,329.07,3449
2026-07-16 04:12:00,329.06,329.19,329.06,329.08,2518
2026-07-16 04:13:00,329.14,329.33,329.105,329.33,1913
2026-07-16 04:14:00,329,329.14,328.97,328.97,322
2026-07-16 04:15:00,328.51,329,328.51,328.51,290
2026-07-16 04:16:00,328.86,328.86,328.51,328.85,2709
2026-07-16 04:17:00,328.69,328.85,328.57,328.67,1170
2026-07-16 04:18:00,328.57,328.85,328.57,328.85,2083
2026-07-16 04:19:00,328.85,328.85,328.6515,328.8,3618
2026-07-16 04:20:00,328.77,328.82,328.75,328.75,4347
2026-07-16 04:21:00,328.78,328.99,328.78,328.99,1215
2026-07-16 04:22:00,328.987,328.987,328.73,328.83,4927
2026-07-16 04:23:00,328.77,328.77,328.21,328.21,1728
2026-07-16 04:24:00,328.39,328.54,328.39,328.54,1756
2026-07-16 04:25:00,328.54,328.54,328.45,328.45,219
2026-07-16 04:26:00,328.54,328.6,328.54,328.6,404
2026-07-16 04:27:00,328.6,328.6,328.6,328.6,55
2026-07-16 04:28:00,328.5,328.7,328.5,328.7,1735
2026-07-16 04:29:00,328.53,328.898,328.53,328.898,275
2026-07-16 04:30:00,328.63,328.68,328.63,328.67,257
2026-07-16 04:32:00,328.85,328.99,328.85,328.86,1424
2026-07-16 04:33:00,328.99,328.99,328.87,328.87,321
2026-07-16 04:34:00,328.9,328.9,328.6483,328.6483,220
2026-07-16 04:38:00,328.97,329.19,328.97,329.19,1528
2026-07-16 04:39:00,329.17,329.17,329.17,329.17,82
2026-07-16 04:40:00,329.2,329.2,329.0055,329.0055,847
2026-07-16 04:41:00,329.22,329.22,329.16,329.16,230
2026-07-16 04:42:00,329.11,329.16,329.1,329.16,552
2026-07-16 04:43:00,329.08,329.1,329.08,329.1,161
2026-07-16 04:44:00,329.01,329.25,329,329.25,1437
2026-07-16 04:45:00,329.25,329.44,329.25,329.27,740
2026-07-16 04:46:00,329.44,329.4984,329.44,329.4984,226
2026-07-16 04:47:00,329.47,329.47,329.4,329.4,298
2026-07-16 04:48:00,329.38,329.48,329.38,329.4,1108
2026-07-16 04:49:00,329.3,329.48,329.3,329.48,250
2026-07-16 04:51:00,329.39,329.4,329.38,329.4,509
2026-07-16 04:52:00,329.37,329.5,329.14,329.3837,2730
2026-07-16 04:53:00,329.45,329.51,329.45,329.5,3579
2026-07-16 04:54:00,329.59,329.64,329.49,329.59,624
2026-07-16 04:55:00,329.59,329.59,329.59,329.59,44
2026-07-16 04:56:00,329.57,329.6,329,329.32,2019
2026-07-16 04:57:00,329.43,329.48,329.4,329.4,178
2026-07-16 04:58:00,329.2052,329.2052,329.2052,329.2052,50
2026-07-16 05:00:00,329.32,329.35,329,329,1992
2026-07-16 05:01:00,329.03,329.03,328.725,328.725,1295
2026-07-16 05:02:00,328.76,328.85,328.76,328.85,1085
2026-07-16 05:03:00,328.938,329,328.725,328.87,3809
2026-07-16 05:04:00,329,329,328.93,328.95,374
2026-07-16 05:05:00,328.97,328.98,328.85,328.85,305
2026-07-16 05:06:00,328.97,328.97,328.97,328.97,60
2026-07-16 05:07:00,328.8,328.83,328.8,328.83,130
2026-07-16 05:08:00,328.98,328.9906,328.9,328.9906,284
2026-07-16 05:09:00,328.99,328.99,328.93,328.93,940
2026-07-16 05:10:00,328.96,328.98,328.96,328.98,3659
2026-07-16 05:11:00,329,329.15,329,329,718
2026-07-16 05:12:00,329,329,328.98,328.98,166
2026-07-16 05:13:00,329,329,329,329,437
2026-07-16 05:14:00,329,329,329,329,172
2026-07-16 05:15:00,329,329,328.98,328.98,380
2026-07-16 05:16:00,328.99,329,328.9,328.9,1111
2026-07-16 05:17:00,328.83,328.83,328.76,328.76,820
2026-07-16 05:18:00,328.51,328.64,328.47,328.56,3696
2026-07-16 05:19:00,328.58,328.58,328.58,328.58,59
2026-07-16 05:20:00,328.5,328.52,328.5,328.52,190
2026-07-16 05:21:00,328.48,328.5,328.48,328.48,3723
2026-07-16 05:22:00,328.49,328.5259,328.49,328.5259,453
2026-07-16 05:23:00,328.57,328.57,328.57,328.57,167
2026-07-16 05:24:00,328.62,328.65,328.62,328.65,200
2026-07-16 05:25:00,328.45,328.45,328.45,328.45,79
2026-07-16 05:26:00,328.36,328.36,328.36,328.36,100
2026-07-16 05:27:00,328.43,328.43,328.43,328.43,100
2026-07-16 05:28:00,328.4,328.5,328.4,328.5,740
2026-07-16 05:29:00,328.64,328.64,328.64,328.64,105
2026-07-16 05:30:00,328.52,328.63,328.52,328.63,478
2026-07-16 05:32:00,328.62,328.62,328.42,328.42,201
2026-07-16 05:33:00,328.59,328.59,328.38,328.425,385
2026-07-16 05:34:00,328.4,328.435,328.38,328.435,1423
2026-07-16 05:35:00,328.42,328.6705,328.41,328.6705,1460
2026-07-16 05:36:00,328.44,328.6705,328.42,328.6705,1200
2026-07-16 05:37:00,328.545,328.55,328.38,328.4,2876
2026-07-16 05:38:00,328.38,328.5,328.38,328.5,395
2026-07-16 05:39:00,328.38,328.38,328.145,328.28,5364
2026-07-16 05:40:00,328.2,328.21,328.19,328.2,243
2026-07-16 05:41:00,328.45,328.45,328.29,328.29,3779
2026-07-16 05:43:00,328.34,328.34,328.34,328.34,246
2026-07-16 05:44:00,328.37,328.495,328.37,328.495,120
2026-07-16 05:47:00,328.49,328.52,328.49,328.52,186
2026-07-16 05:48:00,328.5,328.52,328.5,328.52,107
2026-07-16 05:49:00,328.43,328.43,328.42,328.42,158
2026-07-16 05:51:00,328.5,328.5,328.5,328.5,80
2026-07-16 05:53:00,328.63,328.64,328.63,328.64,212
2026-07-16 05:54:00,328.62,328.64,328.55,328.64,367
2026-07-16 05:55:00,328.52,328.53,328.52,328.53,121
2026-07-16 05:57:00,328.68,328.8999,328.68,328.8999,1395
2026-07-16 05:58:00,328.7,328.7,328.5,328.5,1158
2026-07-16 05:59:00,328.67,328.84,328.5,328.5,194
2026-07-16 06:00:00,328.5,328.5,326.38,326.5,13092
2026-07-16 06:01:00,326.65,327.2338,326.53,327.22,2608
2026-07-16 06:02:00,327.3,327.3,327.13,327.3,456
2026-07-16 06:03:00,327.45,327.45,327.44,327.44,102
2026-07-16 06:04:00,327.3015,327.69,327.3015,327.69,1221
2026-07-16 06:05:00,327.48,327.48,327.48,327.48,240
2026-07-16 06:06:00,327.6,327.6,327.48,327.53,223
2026-07-16 06:07:00,327.53,327.53,327.53,327.53,100
2026-07-16 06:08:00,327.811,327.811,327.811,327.811,96
2026-07-16 06:09:00,327.54,327.54,327.54,327.54,50
2026-07-16 06:10:00,327.55,327.55,327.54,327.54,160
2026-07-16 06:11:00,327.6,327.74,327.6,327.74,374
2026-07-16 06:12:00,327.8275,327.8275,327.72,327.72,172
2026-07-16 06:13:00,327.73,327.8,327.73,327.8,252
2026-07-16 06:14:00,327.74,327.74,327.74,327.74,40
2026-07-16 06:15:00,327.8,327.8,327.7001,327.7001,163
2026-07-16 06:16:00,327.84,327.84,327.84,327.84,100
2026-07-16 06:17:00,327.9,327.9,327.9,327.9,100
2026-07-16 06:18:00,327.9,327.94,327.9,327.94,202
2026-07-16 06:20:00,328.01,328.01,328.01,328.01,50
2026-07-16 06:21:00,327.86,327.86,327.86,327.86,60
2026-07-16 06:22:00,328,328,328,328,50
2026-07-16 06:23:00,327.85,327.85,327.84,327.84,117
2026-07-16 06:24:00,327.65,327.6594,327.65,327.6594,88
2026-07-16 06:26:00,327.73,327.73,327.73,327.73,100
2026-07-16 06:27:00,327.71,327.71,327.6571,327.6571,90
2026-07-16 06:28:00,327.76,327.78,327.76,327.78,342
2026-07-16 06:30:00,327.76,327.76,327.76,327.76,50
2026-07-16 06:31:00,327.72,327.72,327.72,327.72,41
2026-07-16 06:33:00,327.72,327.72,327.72,327.72,121
2026-07-16 06:34:00,327.6,327.6,327.6,327.6,304
2026-07-16 06:35:00,327.62,327.62,327.62,327.62,450
2026-07-16 06:36:00,327.65,327.65,327.65,327.65,40
2026-07-16 06:39:00,327.6,327.7138,327.6,327.7138,381
2026-07-16 06:40:00,327.66,327.66,327.66,327.66,500
2026-07-16 06:41:00,327.66,327.72,327.66,327.72,302
2026-07-16 06:43:00,327.6,327.6015,327.6,327.6015,360
2026-07-16 06:44:00,327.72,327.72,327.72,327.72,72
2026-07-16 06:45:00,327.8,327.8,327.8,327.8,481
2026-07-16 06:47:00,327.7922,327.7922,327.78,327.78,130
2026-07-16 06:49:00,327.77,327.77,327.6231,327.76,163
2026-07-16 06:50:00,327.74,327.74,327.7,327.7,211
2026-07-16 06:51:00,327.71,327.77,327.71,327.77,177
2026-07-16 06:52:00,327.83,327.84,327.83,327.84,483
2026-07-16 06:53:00,327.9982,327.9982,327.9982,327.9982,100
2026-07-16 06:54:00,327.91,327.95,327.91,327.95,160
2026-07-16 06:56:00,327.87,327.87,327.87,327.87,50
2026-07-16 06:57:00,327.875,327.875,327.87,327.87,96
2026-07-16 06:59:00,327.89,327.89,327.89,327.89,90
2026-07-16 07:00:00,327.94,327.9999,327.75,327.97,2776
2026-07-16 07:01:00,327.85,329.07,327.74,328.69,101205
2026-07-16 07:02:00,328.31,328.84,328.31,328.7765,3826
2026-07-16 07:03:00,328.75,328.9,328.75,328.8476,2661
2026-07-16 07:04:00,328.78,328.78,328.5962,328.78,2443
2026-07-16 07:05:00,328.7,328.72,328.5,328.72,315
2026-07-16 07:06:00,328.63,328.72,328.63,328.7,291
2026-07-16 07:07:00,328.6135,328.7,328.51,328.6191,672
2026-07-16 07:08:00,328.5282,328.5282,328.45,328.45,93
2026-07-16 07:09:00,328.61,328.61,328.5,328.56,989
2026-07-16 07:10:00,328.56,328.6234,328.51,328.51,1031
2026-07-16 07:11:00,328.62,328.71,328.62,328.7028,2681
2026-07-16 07:12:00,328.7,328.7,328.61,328.6769,358
2026-07-16 07:13:00,328.692,328.74,328.56,328.63,949
2026-07-16 07:14:00,328.7,328.78,328.66,328.78,2817
2026-07-16 07:15:00,328.78,328.78,328.61,328.72,1417
2026-07-16 07:16:00,328.63,328.77,328.6051,328.72,985
2026-07-16 07:17:00,328.7741,328.78,328.62,328.7798,542
2026-07-16 07:18:00,328.72,328.76,328.62,328.62,687
2026-07-16 07:19:00,328.7782,328.78,328.75,328.75,2470
2026-07-16 07:20:00,328.78,329.1108,328.6,328.6,3207
2026-07-16 07:21:00,328.78,329.08,328.78,328.92,710
2026-07-16 07:22:00,328.9017,328.9017,328.9017,328.9017,80
2026-07-16 07:23:00,329.02,329.13,328.9,329.07,1766
2026-07-16 07:24:00,329.07,329.07,328.8684,328.9421,1699
2026-07-16 07:25:00,328.95,328.99,328.77,328.9644,350
2026-07-16 07:26:00,328.8492,329,328.78,328.8,1914
2026-07-16 07:27:00,328.875,329,328.875,329,392
2026-07-16 07:28:00,328.75,328.88,328.58,328.58,2337
2026-07-16 07:29:00,328.7,328.77,328.4456,328.4456,6664
2026-07-16 07:30:00,328.77,328.77,328.4003,328.47,1980
2026-07-16 07:31:00,328.49,328.5299,328.35,328.35,1163
2026-07-16 07:32:00,328.31,328.4,328.23,328.23,880
2026-07-16 07:33:00,328.3043,328.39,328.3043,328.39,813
2026-07-16 07:34:00,328.2906,328.48,328.2906,328.3399,730
2026-07-16 07:35:00,328.4597,328.4597,328.23,328.23,2828
2026-07-16 07:36:00,328.2404,328.2404,328.2404,328.2404,100
2026-07-16 07:37:00,328.3,328.3,328.23,328.2301,2888
2026-07-16 07:38:00,328.27,328.27,328.23,328.23,277
2026-07-16 07:39:00,328.3,328.3,328.3,328.3,67
2026-07-16 07:40:00,328.46,328.48,328.28,328.3801,1290
2026-07-16 07:41:00,328.48,328.49,328.4,328.48,441
2026-07-16 07:42:00,328.48,328.48,328.37,328.37,644
2026-07-16 07:43:00,328.45,328.45,328.28,328.44,819
2026-07-16 07:44:00,328.39,328.39,328.3217,328.3217,140
2026-07-16 07:45:00,328.3699,328.49,328.3699,328.49,515
2026-07-16 07:46:00,328.49,328.5,328.36,328.48,10818
2026-07-16 07:47:00,328.36,328.425,328.36,328.425,620
2026-07-16 07:48:00,328.4892,328.4892,328.3854,328.3854,400
2026-07-16 07:49:00,328.37,328.37,328,328,1485
2026-07-16 07:50:00,327.98,328.18,327.82,327.8507,1359
2026-07-16 07:51:00,328.29,328.29,328.2664,328.2664,81
2026-07-16 07:52:00,328.2,328.27,328.0422,328.11,634
2026-07-16 07:53:00,328.2397,328.2792,328.19,328.2,503
2026-07-16 07:54:00,328.15,328.25,328.1,328.25,944
2026-07-16 07:55:00,328.28,328.37,328.2,328.2301,2734
2026-07-16 07:56:00,328.2304,328.3,328.04,328.04,994
2026-07-16 07:57:00,328.1564,328.1564,328.02,328.02,112
2026-07-16 07:58:00,328.32,328.6449,328.31,328.5,2160
2026-07-16 07:59:00,328.5,328.87,328.5,328.87,24323
2026-07-16 08:00:00,328.77,328.77,328.7094,328.7094,450
2026-07-16 08:01:00,328.7535,328.8,328.5465,328.6075,963
2026-07-16 08:02:00,328.67,328.75,328.62,328.75,440
2026-07-16 08:03:00,328.71,328.8,328.65,328.75,1786
2026-07-16 08:04:00,328.75,329.05,328.63,328.9,32994
2026-07-16 08:05:00,328.96,328.96,328.7,328.7,760
2026-07-16 08:06:00,328.76,328.97,328.7351,328.81,2075
2026-07-16 08:07:00,328.76,328.946,328.76,328.83,1107
2026-07-16 08:08:00,328.7994,328.853,328.7994,328.853,157
2026-07-16 08:09:00,328.87,328.87,328.78,328.78,226
2026-07-16 08:10:00,328.7,328.7,328.55,328.56,620
2026-07-16 08:11:00,328.55,328.67,328.5,328.67,3362
2026-07-16 08:12:00,328.62,328.62,328.6,328.61,662
2026-07-16 08:13:00,328.65,328.65,328.569,328.65,1570
2026-07-16 08:14:00,328.58,328.6,328.4,328.6,280
2026-07-16 08:15:00,328.68,328.68,328.41,328.5,1759
2026-07-16 08:16:00,328.5,328.5,328.49,328.49,662
2026-07-16 08:17:00,328.49,328.49,328.09,328.21,4629
2026-07-16 08:18:00,328.39,328.39,328.3258,328.3258,1120
2026-07-16 08:19:00,328.35,328.5,328.21,328.49,1730
2026-07-16 08:20:00,328.48,328.5,328.38,328.5,752
2026-07-16 08:21:00,328.47,328.47,328.37,328.37,255
2026-07-16 08:22:00,328.35,328.3711,328.35,328.3711,284
2026-07-16 08:23:00,328.39,328.5,328.39,328.5,1615
2026-07-16 08:24:00,328.4799,328.4799,328.38,328.4,567
2026-07-16 08:25:00,328.37,328.39,328.25,328.2717,1350
2026-07-16 08:26:00,328.38,328.38,328.2125,328.28,1360
2026-07-16 08:27:00,328.27,328.29,328.27,328.29,374
2026-07-16 08:28:00,328.2277,328.31,328.2,328.27,379
2026-07-16 08:29:00,328.32,328.35,328.2156,328.2156,2762
2026-07-16 08:30:00,328.3,328.4721,328.3,328.41,2716
2026-07-16 08:31:00,328.39,328.47,328.21,328.21,1189
2026-07-16 08:32:00,328.2695,328.38,328.2695,328.38,2233
2026-07-16 08:33:00,328.44,328.51,328.37,328.5,6326
2026-07-16 08:34:00,328.49,328.5,328.3974,328.49,3393
2026-07-16 08:35:00,328.5,328.5,328.46,328.46,1023
2026-07-16 08:36:00,328.5,328.6,328.4603,328.4603,7235
2026-07-16 08:37:00,328.5,328.5,328.27,328.27,3561
2026-07-16 08:38:00,328.27,328.49,328.27,328.49,1454
2026-07-16 08:39:00,328.48,328.5,328.3689,328.41,1096
2026-07-16 08:40:00,328.38,328.49,328.3,328.39,8333
2026-07-16 08:41:00,328.5,328.6,328.46,328.55,24308
2026-07-16 08:42:00,328.52,328.77,328.5,328.75,1521
2026-07-16 08:43:00,328.64,328.84,328.64,328.7,1111
2026-07-16 08:44:00,328.68,328.68,328.68,328.68,78
2026-07-16 08:45:00,328.79,328.84,328.79,328.84,150
2026-07-16 08:46:00,328.7555,328.84,328.74,328.83,1239
2026-07-16 08:47:00,328.84,328.905,328.81,328.83,8019
2026-07-16 08:48:00,328.84,328.99,328.8399,328.97,2643
2026-07-16 08:49:00,328.86,328.89,328.66,328.88,3223
2026-07-16 08:50:00,328.9,328.9,328.7075,328.82,1153
2026-07-16 08:51:00,328.83,328.89,328.57,328.5962,2295
2026-07-16 08:52:00,328.59,328.86,328.55,328.7475,1465
2026-07-16 08:53:00,328.68,328.79,328.6301,328.7,734
2026-07-16 08:54:00,328.7,328.77,328.55,328.58,600
2026-07-16 08:55:00,328.5,328.5934,328.5,328.5,1302
2026-07-16 08:56:00,328.5,328.6,328.395,328.395,4539
2026-07-16 08:57:00,328.45,328.53,328.3,328.41,2956
2026-07-16 08:58:00,328.4,328.51,328.36,328.43,1401
2026-07-16 08:59:00,328.39,328.4,328.31,328.31,420
2026-07-16 09:00:00,328.31,328.79,328.31,328.72,1718
2026-07-16 09:01:00,328.4985,328.82,328.4985,328.52,1809
2026-07-16 09:02:00,328.53,328.6,328.47,328.57,1974
2026-07-16 09:03:00,328.535,328.55,328.53,328.53,446
2026-07-16 09:04:00,328.59,328.7,328.59,328.7,2271
2026-07-16 09:05:00,328.5875,328.83,328.5875,328.7,1060
2026-07-16 09:06:00,328.7,328.7,328.51,328.5732,1290
2026-07-16 09:07:00,328.63,328.8001,328.57,328.73,1755
2026-07-16 09:08:00,328.64,328.66,328.57,328.6099,873
2026-07-16 09:09:00,328.56,328.64,328.55,328.64,1241
2026-07-16 09:10:00,328.635,328.66,328.59,328.64,413
2026-07-16 09:11:00,328.63,328.64,328.56,328.59,1651
2026-07-16 09:12:00,328.56,328.66,328.5,328.59,1973
2026-07-16 09:13:00,328.5523,328.62,328.45,328.5,2414
2026-07-16 09:14:00,328.47,328.47,328.3,328.35,6851
2026-07-16 09:15:00,328.3947,328.3947,328.295,328.3,1745
2026-07-16 09:16:00,328.33,328.5,328.33,328.46,1948
2026-07-16 09:17:00,328.46,328.59,328.41,328.46,5066
2026-07-16 09:18:00,328.48,328.55,328.4644,328.4644,711
2026-07-16 09:19:00,328.48,328.69,328.48,328.69,825
2026-07-16 09:20:00,328.645,328.69,328.53,328.53,2022
2026-07-16 09:21:00,328.51,328.59,328.42,328.56,2028
2026-07-16 09:22:00,328.5,328.5,328.33,328.35,3080
2026-07-16 09:23:00,328.32,328.41,328.32,328.32,1081
2026-07-16 09:24:00,328.3201,328.41,328.25,328.25,2640
2026-07-16 09:25:00,328.09,328.34,327.65,328,14484
2026-07-16 09:26:00,327.75,328,327.62,327.9411,13642
2026-07-16 09:27:00,328.26,328.3,327.45,328.3,8658
2026-07-16 09:28:00,328.51,328.74,328.2,328.47,5303
2026-07-16 09:29:00,328.48,328.5889,328,328,13700
2026-07-16 09:30:00,328.25,328.99,327.2,327.57,1122113
2026-07-16 09:31:00,327.585,328.03,327.17,327.83,194320
2026-07-16 09:32:00,327.83,328.68,327.31,328.38,280965
2026-07-16 09:33:00,328.33,328.44,327.345,327.39,138782
2026-07-16 09:34:00,327.345,327.82,326.79,327.12,149215
2026-07-16 09:35:00,327.14,327.68,327.01,327.52,201982
2026-07-16 09:36:00,327.525,328.025,327.39,327.54,184114
2026-07-16 09:37:00,327.54,328.1,327.32,327.365,158871
2026-07-16 09:38:00,327.39,327.9,327.21,327.435,155574
2026-07-16 09:39:00,327.42,327.78,327.2401,327.6899,80527
2026-07-16 09:40:00,327.645,328.17,327.29,328.05,150232
2026-07-16 09:41:00,328.05,328.36,327.75,327.86,136100
2026-07-16 09:42:00,327.85,328.04,327.23,327.49,181978
2026-07-16 09:43:00,327.49,328.05,327.49,327.72,158105
2026-07-16 09:44:00,327.72,328.23,327.6525,327.855,141033
2026-07-16 09:45:00,327.885,328.52,327.8,328.5,188571
2026-07-16 09:46:00,328.53,329.48,328.52,329.48,219308
2026-07-16 09:47:00,329.48,329.69,327.79,329.18,267452
2026-07-16 09:48:00,329.15,329.16,328.6401,328.88,165723
2026-07-16 09:49:00,328.9,329.46,328.82,328.975,134018
2026-07-16 09:50:00,328.975,329.3399,328.75,329.28,159234
2026-07-16 09:51:00,329.3,329.6,329.1,329.255,173371
2026-07-16 09:52:00,329.22,330.03,328.98,329.72,592704
2026-07-16 09:53:00,329.75,330.19,329.66,330.025,349285
2026-07-16 09:54:00,330.025,330.31,329.5701,329.8554,280446
2026-07-16 09:55:00,329.86,330.35,329.75,330.16,206814
2026-07-16 09:56:00,330.175,330.2448,329.8114,329.98,143295
2026-07-16 09:57:00,330.03,330.2,329.85,330.07,144929
2026-07-16 09:58:00,330.06,330.47,329.9403,330.395,140758
2026-07-16 09:59:00,330.395,331.15,330.39,331.15,285222
2026-07-16 10:00:00,331.075,331.41,330.79,331.03,276932
2026-07-16 10:01:00,331.035,331.0407,329.76,330.025,309633
2026-07-16 10:02:00,330.025,330.3,329.6716,330.05,129291
2026-07-16 10:03:00,330.02,330.035,329.72,329.805,99238
2026-07-16 10:04:00,329.79,330.18,329.74,330.041,106114
2026-07-16 10:05:00,330.05,330.4,330,330.0801,85502
2026-07-16 10:06:00,330.07,330.0906,328.82,328.83,189169
2026-07-16 10:07:00,328.83,328.88,328.14,328.75,217672
2026-07-16 10:08:00,328.73,329.18,328.7013,328.73,164846
2026-07-16 10:09:00,328.73,328.95,327.89,328.27,255987
2026-07-16 10:10:00,328.27,328.4299,327.9,328.06,133019
2026-07-16 10:11:00,328.09,328.655,328.0519,328.27,102948
2026-07-16 10:12:00,328.25,328.4899,328.17,328.23,79305
2026-07-16 10:13:00,328.23,328.69,328.14,328.535,171801
2026-07-16 10:14:00,328.5,328.77,328.45,328.71,47477
2026-07-16 10:15:00,328.6701,328.74,328.34,328.6,70100
2026-07-16 10:16:00,328.615,328.9599,328.5472,328.9418,58053
2026-07-16 10:17:00,328.95,329.41,328.95,329.125,106346
2026-07-16 10:18:00,329.1,329.37,329.05,329.255,77708
2026-07-16 10:19:00,329.24,329.2842,329.08,329.14,77445
2026-07-16 10:20:00,329.17,329.455,329.09,329.455,87272
2026-07-16 10:21:00,329.455,329.68,329.34,329.57,84362
2026-07-16 10:22:00,329.58,329.59,329.37,329.49,115558
2026-07-16 10:23:00,329.48,329.69,329.27,329.44,56525
2026-07-16 10:24:00,329.435,330.28,329.36,330.24,151353
2026-07-16 10:25:00,330.23,330.3125,330,330.215,77332
2026-07-16 10:26:00,330.215,330.61,330.1644,330.56,112312
2026-07-16 10:27:00,330.58,330.6099,330.16,330.1897,104965
2026-07-16 10:28:00,330.19,330.32,329.98,330.14,67264
2026-07-16 10:29:00,330.14,330.39,330.06,330.39,67853
2026-07-16 10:30:00,330.34,330.43,330.28,330.35,52318
2026-07-16 10:31:00,330.36,330.73,330.32,330.59,86966
2026-07-16 10:32:00,330.58,330.88,330.58,330.85,74991
2026-07-16 10:33:00,330.85,331.01,330.81,330.927,125200
2026-07-16 10:34:00,330.93,331.03,330.43,330.64,163267
2026-07-16 10:35:00,330.625,330.88,330.56,330.585,65061
2026-07-16 10:36:00,330.59,330.95,330.4801,330.915,80329
2026-07-16 10:37:00,330.88,331,330.65,330.745,69000
2026-07-16 10:38:00,330.745,330.91,330.745,330.855,59737
2026-07-16 10:39:00,330.86,330.99,330.734,330.75,68796
2026-07-16 10:40:00,330.74,331.15,330.63,330.89,160747
2026-07-16 10:41:00,330.86,330.88,330.19,330.33,122873
2026-07-16 10:42:00,330.33,330.5,330.301,330.405,88540
2026-07-16 10:43:00,330.395,330.645,330.26,330.545,75701
2026-07-16 10:44:00,330.55,330.705,330.43,330.7,55197
2026-07-16 10:45:00,330.69,330.89,330.41,330.41,83313
2026-07-16 10:46:00,330.41,330.63,330.38,330.57,46124
2026-07-16 10:47:00,330.55,330.55,330.22,330.39,58884
2026-07-16 10:48:00,330.39,330.65,330.37,330.58,36141
2026-07-16 10:49:00,330.58,330.62,330.22,330.38,55366
2026-07-16 10:50:00,330.36,330.365,330.02,330.115,97945
2026-07-16 10:51:00,330.14,330.2,329.775,330.14,110677
2026-07-16 10:52:00,330.15,330.4099,330.05,330.25,39700
2026-07-16 10:53:00,330.26,330.52,330.18,330.5,83478
2026-07-16 10:54:00,330.485,330.5,330.11,330.25,76262
2026-07-16 10:55:00,330.24,330.47,330.17,330.34,28577
2026-07-16 10:56:00,330.34,330.34,330.15,330.175,46559
2026-07-16 10:57:00,330.16,330.16,330.02,330.09,61602
2026-07-16 10:58:00,330.09,330.18,330.04,330.1301,33643
2026-07-16 10:59:00,330.15,330.32,330,330.2,74096
2026-07-16 11:00:00,330.18,330.26,330.02,330.16,45776
2026-07-16 11:01:00,330.145,330.585,330.07,330.57,49948
2026-07-16 11:02:00,330.54,330.56,330.25,330.37,28391
2026-07-16 11:03:00,330.37,330.54,330.15,330.22,51360
2026-07-16 11:04:00,330.215,330.2761,330.08,330.13,33117
2026-07-16 11:05:00,330.125,330.31,330.11,330.17,61138
2026-07-16 11:06:00,330.15,330.21,329.88,329.98,147681
2026-07-16 11:07:00,329.99,330.0001,329.35,329.57,136228
2026-07-16 11:08:00,329.565,329.92,329.4,329.8099,51997
2026-07-16 11:09:00,329.805,330.03,329.74,329.945,43021
2026-07-16 11:10:00,329.945,330.165,329.91,330.15,60135
2026-07-16 11:11:00,330.145,330.6,330.115,330.47,74636
2026-07-16 11:12:00,330.465,330.49,330.27,330.37,52580
2026-07-16 11:13:00,330.37,330.59,330.33,330.59,58080
2026-07-16 11:14:00,330.59,330.62,330.43,330.47,51583
2026-07-16 11:15:00,330.465,330.49,330.2209,330.23,63229
2026-07-16 11:16:00,330.24,330.43,330.1381,330.42,51434
2026-07-16 11:17:00,330.42,330.57,330.33,330.4701,51795
2026-07-16 11:18:00,330.48,330.58,330.16,330.26,125548
2026-07-16 11:19:00,330.255,330.48,330.23,330.43,53153
2026-07-16 11:20:00,330.44,330.47,330.175,330.175,68926
2026-07-16 11:21:00,330.16,330.24,329.855,329.89,102195
2026-07-16 11:22:00,329.9,330.2,329.8205,330.2,54936
2026-07-16 11:23:00,330.225,330.6,330.19,330.54,76222
2026-07-16 11:24:00,330.53,330.64,330.37,330.48,64516
2026-07-16 11:25:00,330.485,330.855,330.48,330.85,62353
2026-07-16 11:26:00,330.835,330.86,330.6901,330.83,44190
2026-07-16 11:27:00,330.85,330.925,330.715,330.735,59772
2026-07-16 11:28:00,330.72,330.86,330.71,330.7999,62547
2026-07-16 11:29:00,330.8,330.9,330.4301,330.63,84872
2026-07-16 11:30:00,330.6501,330.715,330.5401,330.69,73470
2026-07-16 11:31:00,330.68,330.69,330.56,330.67,34696
2026-07-16 11:32:00,330.665,330.7792,330.54,330.66,49154
2026-07-16 11:33:00,330.655,330.77,330.55,330.63,47561
2026-07-16 11:34:00,330.627,330.84,330.48,330.8,42734
2026-07-16 11:35:00,330.805,331.05,330.6747,330.94,108525
2026-07-16 11:36:00,330.945,331.18,330.59,330.67,63023
2026-07-16 11:37:00,330.6467,330.82,330.55,330.8199,30507
2026-07-16 11:38:00,330.805,331.07,330.72,331.0694,44790
2026-07-16 11:39:00,331.07,331.38,331.05,331.37,82935
2026-07-16 11:40:00,331.37,331.54,331.33,331.4601,86132
2026-07-16 11:41:00,331.46,331.65,331.18,331.18,97489
2026-07-16 11:42:00,331.2,331.2,331.05,331.145,56812
2026-07-16 11:43:00,331.145,331.28,331.1,331.14,48828
2026-07-16 11:44:00,331.15,331.315,331.12,331.2892,50867
2026-07-16 11:45:00,331.305,331.485,331.27,331.33,52096
2026-07-16 11:46:00,331.32,331.425,331.23,331.4144,32619
2026-07-16 11:47:00,331.42,331.55,331.3,331.5301,73581
2026-07-16 11:48:00,331.54,331.83,331.54,331.61,103961
2026-07-16 11:49:00,331.605,331.64,331.46,331.5,71076
2026-07-16 11:50:00,331.49,331.86,331.48,331.75,79788
2026-07-16 11:51:00,331.77,332.04,331.76,332,142426
2026-07-16 11:52:00,332.01,332.01,331.7,331.83,73952
2026-07-16 11:53:00,331.83,331.93,331.59,331.92,62333
2026-07-16 11:54:00,331.93,332.28,331.88,332.2399,98242
2026-07-16 11:55:00,332.22,332.2399,331.745,331.745,81881
2026-07-16 11:56:00,331.76,331.94,331.6001,331.83,53623
2026-07-16 11:57:00,331.85,332,331.77,331.965,36102
2026-07-16 11:58:00,331.9501,331.9699,331.76,331.86,56122
2026-07-16 11:59:00,331.85,331.86,331.69,331.85,56334
2026-07-16 12:00:00,331.855,331.95,331.452,331.6,99003
2026-07-16 12:01:00,331.585,331.67,331.2601,331.27,66596
2026-07-16 12:02:00,331.27,331.5499,331.23,331.515,62568
2026-07-16 12:03:00,331.51,331.6799,331.47,331.59,46747
2026-07-16 12:04:00,331.57,331.67,331.37,331.63,143325
2026-07-16 12:05:00,331.64,331.95,331.51,331.51,153965
2026-07-16 12:06:00,331.53,331.74,331.35,331.645,56199
2026-07-16 12:07:00,331.64,331.69,331.41,331.4799,80071
2026-07-16 12:08:00,331.48,331.61,331.3701,331.435,81047
2026-07-16 12:09:00,331.44,331.48,331.2479,331.33,51353
2026-07-16 12:10:00,331.35,331.44,331.19,331.28,36913
2026-07-16 12:11:00,331.28,331.39,331.03,331.1,72909
2026-07-16 12:12:00,331.115,331.2987,331.01,331.26,68232
2026-07-16 12:13:00,331.25,331.29,331.03,331.13,59206
2026-07-16 12:14:00,331.11,331.15,330.6,330.67,85063
2026-07-16 12:15:00,330.65,330.8644,330.46,330.8,67113
2026-07-16 12:16:00,330.8,330.9399,330.72,330.89,47473
2026-07-16 12:17:00,330.9,331.165,330.87,331.13,49418
2026-07-16 12:18:00,331.15,331.46,331.07,331.17,114613
2026-07-16 12:19:00,331.19,331.22,330.97,331.1,40493
2026-07-16 12:20:00,331.1,331.16,330.85,331.15,48892
2026-07-16 12:21:00,331.14,331.38,331.1,331.2109,42845
2026-07-16 12:22:00,331.22,331.22,330.96,331.03,59245
2026-07-16 12:23:00,331.03,331.3,331.0031,331.22,38623
2026-07-16 12:24:00,331.235,331.24,331.1301,331.16,30428
2026-07-16 12:25:00,331.17,331.38,331.13,331.295,45007
2026-07-16 12:26:00,331.31,331.35,331.06,331.085,37143
2026-07-16 12:27:00,331.09,331.4,331.07,331.355,44274
2026-07-16 12:28:00,331.355,331.37,331.14,331.17,47028
2026-07-16 12:29:00,331.165,331.23,331.06,331.14,31604
2026-07-16 12:30:00,331.165,331.34,331.125,331.3,65665
2026-07-16 12:31:00,331.3,331.4,331.22,331.25,37481
2026-07-16 12:32:00,331.27,331.37,331.1401,331.16,37762
2026-07-16 12:33:00,331.17,331.37,331.13,331.195,45047
2026-07-16 12:34:00,331.18,331.24,331.07,331.18,37284
2026-07-16 12:35:00,331.16,331.18,330.93,330.964,34388
2026-07-16 12:36:00,330.96,331.06,330.685,330.815,74019
2026-07-16 12:37:00,330.8127,330.825,330.56,330.6,47431
2026-07-16 12:38:00,330.6,330.7,330.13,330.36,98846
2026-07-16 12:39:00,330.36,330.37,330.13,330.26,59306
2026-07-16 12:40:00,330.26,330.41,330.16,330.345,52525
2026-07-16 12:41:00,330.325,330.37,330.22,330.295,40133
2026-07-16 12:42:00,330.29,330.3,329.88,329.97,80851
2026-07-16 12:43:00,329.98,330.08,329.86,330.0333,91007
2026-07-16 12:44:00,330.04,330.44,330.03,330.438,42274
2026-07-16 12:45:00,330.42,330.72,330.34,330.395,81720
2026-07-16 12:46:00,330.395,330.505,330.33,330.41,61428
2026-07-16 12:47:00,330.45,330.7,330.39,330.5,120057
2026-07-16 12:48:00,330.5335,331.12,330.449,331.045,66786
2026-07-16 12:49:00,331.06,331.345,331,331.345,73098
2026-07-16 12:50:00,331.35,331.7,331.33,331.675,70765
2026-07-16 12:51:00,331.6884,331.99,331.62,331.7835,96791
2026-07-16 12:52:00,331.8,331.85,331.67,331.71,54402
2026-07-16 12:53:00,331.719,331.8,331.68,331.775,69266
2026-07-16 12:54:00,331.78,331.915,331.67,331.88,76233
2026-07-16 12:55:00,331.88,331.89,331.6508,331.775,30627
2026-07-16 12:56:00,331.79,331.95,331.72,331.95,35277
2026-07-16 12:57:00,331.9694,332.04,331.75,331.82,147611
2026-07-16 12:58:00,331.83,331.88,331.66,331.8,43085
2026-07-16 12:59:00,331.82,332.08,331.75,332.08,124117
2026-07-16 13:00:00,332.055,332.24,331.83,331.925,146458
2026-07-16 13:01:00,331.935,332,331.85,331.93,116772
2026-07-16 13:02:00,331.93,332.0628,331.93,331.96,83934
2026-07-16 13:03:00,331.97,332.2599,331.97,332.1499,80536
2026-07-16 13:04:00,332.1351,332.37,332.05,332.32,41321
2026-07-16 13:05:00,332.3299,332.37,332.05,332.17,45146
2026-07-16 13:06:00,332.1601,332.2,332.02,332.06,32492
2026-07-16 13:07:00,332.07,332.23,332.0101,332.03,37262
2026-07-16 13:08:00,332.02,332.23,332.0001,332.165,41827
2026-07-16 13:09:00,332.16,332.18,332.03,332.07,40380
2026-07-16 13:10:00,332.06,332.09,331.8747,331.88,50963
2026-07-16 13:11:00,331.88,331.96,331.83,331.85,36204
2026-07-16 13:12:00,331.84,332,331.83,331.975,34200
2026-07-16 13:13:00,331.98,332.055,331.92,331.99,26104
2026-07-16 13:14:00,332,332.065,331.72,331.775,42198
2026-07-16 13:15:00,331.78,331.95,331.72,331.87,34153
2026-07-16 13:16:00,331.865,332.08,331.74,332.01,55318
2026-07-16 13:17:00,332.025,332.25,331.98,332.24,34193
2026-07-16 13:18:00,332.235,332.3,332.1,332.25,38958
2026-07-16 13:19:00,332.27,332.41,332.22,332.4,79640
2026-07-16 13:20:00,332.3668,332.41,332.2,332.225,45011
2026-07-16 13:21:00,332.2,332.47,332.16,332.35,89227
2026-07-16 13:22:00,332.35,332.7,332.35,332.59,207296
2026-07-16 13:23:00,332.59,332.6099,332.27,332.545,75544
2026-07-16 13:24:00,332.55,332.57,332.435,332.435,53252
2026-07-16 13:25:00,332.43,332.78,332.35,332.64,120524
2026-07-16 13:26:00,332.64,332.815,332.585,332.755,73674
2026-07-16 13:27:00,332.75,332.86,332.7,332.82,65178
2026-07-16 13:28:00,332.84,332.97,332.7301,332.82,89236
2026-07-16 13:29:00,332.815,332.9,332.7608,332.9,58204
2026-07-16 13:30:00,332.8982,332.92,332.56,332.71,75346
2026-07-16 13:31:00,332.71,332.8799,332.69,332.815,38438
2026-07-16 13:32:00,332.82,333.09,332.79,333.04,139349
2026-07-16 13:33:00,333.05,333.15,332.87,332.96,106469
2026-07-16 13:34:00,332.98,333.3,332.85,333.22,92601
2026-07-16 13:35:00,333.23,333.4099,333.17,333.4,134265
2026-07-16 13:36:00,333.3801,333.55,333.3801,333.45,145466
2026-07-16 13:37:00,333.4456,333.485,333.11,333.17,106495
2026-07-16 13:38:00,333.17,333.3,332.955,333.2657,54052
2026-07-16 13:39:00,333.28,333.285,332.98,332.98,70090
2026-07-16 13:40:00,332.975,333.04,332.6516,332.745,94818
2026-07-16 13:41:00,332.755,332.81,332.54,332.6399,87529
2026-07-16 13:42:00,332.62,332.74,332.51,332.685,81057
2026-07-16 13:43:00,332.685,332.69,332.38,332.45,87538
2026-07-16 13:44:00,332.45,332.54,332.29,332.35,46466
2026-07-16 13:45:00,332.37,332.51,332.23,332.27,77658
2026-07-16 13:46:00,332.26,332.26,331.91,332.06,93710
2026-07-16 13:47:00,332.05,332.2199,331.94,332.05,68879
2026-07-16 13:48:00,332.06,332.185,332.02,332.12,34810
2026-07-16 13:49:00,332.13,332.18,332.05,332.08,50842
2026-07-16 13:50:00,332.07,332.26,332.04,332.095,99313
2026-07-16 13:51:00,332.105,332.14,331.92,332.06,63854
2026-07-16 13:52:00,332.09,332.11,331.91,331.92,74843
2026-07-16 13:53:00,331.9313,332.03,331.87,331.99,89387
2026-07-16 13:54:00,332,332.1,331.77,331.8,87938
2026-07-16 13:55:00,331.81,331.8438,331.39,331.4184,70815
2026-07-16 13:56:00,331.405,331.42,330.785,331.21,214454
2026-07-16 13:57:00,331.225,331.73,331.15,331.725,121625
2026-07-16 13:58:00,331.71,331.79,331.59,331.77,68722
2026-07-16 13:59:00,331.765,331.85,331.545,331.635,62903
2026-07-16 14:00:00,331.66,331.74,331.11,331.19,101825
2026-07-16 14:01:00,331.19,331.47,331.18,331.36,60961
2026-07-16 14:02:00,331.34,331.39,331.2,331.29,61177
2026-07-16 14:03:00,331.28,331.4499,331.24,331.43,48889
2026-07-16 14:04:00,331.43,331.45,331.31,331.36,35544
2026-07-16 14:05:00,331.36,331.41,331.31,331.325,34569
2026-07-16 14:06:00,331.33,331.48,331.325,331.405,49719
2026-07-16 14:07:00,331.42,331.64,331.3,331.6108,86213
2026-07-16 14:08:00,331.6193,331.83,331.17,331.225,89578
2026-07-16 14:09:00,331.25,331.65,331.21,331.3675,55627
2026-07-16 14:10:00,331.4,331.53,331.2,331.3,78000
2026-07-16 14:11:00,331.28,331.69,331.22,331.48,68739
2026-07-16 14:12:00,331.49,331.61,331.12,331.15,58391
2026-07-16 14:13:00,331.15,331.15,330.7001,330.85,135259
2026-07-16 14:14:00,330.83,331.04,329.56,329.64,250089
2026-07-16 14:15:00,329.64,330.59,329.34,330.55,345421
2026-07-16 14:16:00,330.58,330.99,330.5,330.98,113884
2026-07-16 14:17:00,330.99,331.14,330.38,330.41,121062
2026-07-16 14:18:00,330.435,330.485,329.95,330.15,116178
2026-07-16 14:19:00,330.165,330.5,330.04,330.3351,90381
2026-07-16 14:20:00,330.33,330.63,330.325,330.58,66452
2026-07-16 14:21:00,330.59,330.86,330.33,330.85,85499
2026-07-16 14:22:00,330.84,330.89,330.72,330.87,42657
2026-07-16 14:23:00,330.89,331.135,330.89,330.9959,104937
2026-07-16 14:24:00,330.99,331.2,330.765,330.8406,107747
2026-07-16 14:25:00,330.8852,331.02,330.72,331,65535
2026-07-16 14:26:00,331.02,332,330.92,331.475,259729
2026-07-16 14:27:00,331.46,331.55,331.27,331.4501,72173
2026-07-16 14:28:00,331.45,331.57,331.36,331.385,42626
2026-07-16 14:29:00,331.38,331.38,331.19,331.26,38156
2026-07-16 14:30:00,331.24,331.24,331.03,331.21,77570
2026-07-16 14:31:00,331.205,331.29,330.93,330.995,85790
2026-07-16 14:32:00,330.978,331.155,330.91,330.92,49568
2026-07-16 14:33:00,330.94,331.13,330.91,331.125,38831
2026-07-16 14:34:00,331.13,331.34,331.09,331.29,44342
2026-07-16 14:35:00,331.2914,331.37,331.17,331.3,57405
2026-07-16 14:36:00,331.3,331.68,331.2801,331.64,53486
2026-07-16 14:37:00,331.64,331.85,331.5701,331.8,62191
2026-07-16 14:38:00,331.8,331.9,331.68,331.89,60666
2026-07-16 14:39:00,331.89,331.91,331.75,331.81,73634
2026-07-16 14:40:00,331.82,331.855,331.62,331.625,57580
2026-07-16 14:41:00,331.6001,331.7,331.55,331.58,65804
2026-07-16 14:42:00,331.59,331.97,331.565,331.95,53754
2026-07-16 14:43:00,331.9193,332.1,331.9193,332.045,72388
2026-07-16 14:44:00,332.055,332.055,331.915,331.96,39349
2026-07-16 14:45:00,331.955,332.1399,331.84,332.09,69502
2026-07-16 14:46:00,332.085,332.5,331.87,332.13,82491
2026-07-16 14:47:00,332.135,332.38,332.11,332.35,49862
2026-07-16 14:48:00,332.355,332.3699,332.1401,332.31,56486
2026-07-16 14:49:00,332.32,332.48,332.2,332.42,57069
2026-07-16 14:50:00,332.4228,332.85,332.4228,332.82,102381
2026-07-16 14:51:00,332.8201,333.215,332.8201,333.2,165809
2026-07-16 14:52:00,333.19,333.36,333.0425,333.28,165340
2026-07-16 14:53:00,333.28,333.285,333.03,333.09,97740
2026-07-16 14:54:00,333.09,333.1,332.7427,332.81,153989
2026-07-16 14:55:00,332.825,333.13,332.8159,332.985,114566
2026-07-16 14:56:00,332.99,333.275,332.96,333.2501,125902
2026-07-16 14:57:00,333.27,333.51,333.27,333.41,158630
2026-07-16 14:58:00,333.41,333.51,333.36,333.495,89225
2026-07-16 14:59:00,333.495,333.51,333.12,333.18,131354
2026-07-16 15:00:00,333.18,333.35,333.01,333.2,85776
2026-07-16 15:01:00,333.19,333.2399,333.03,333.17,54426
2026-07-16 15:02:00,333.17,333.38,333.03,333.32,65943
2026-07-16 15:03:00,333.315,333.36,333.08,333.13,161001
2026-07-16 15:04:00,333.15,333.51,333.11,333.495,115045
2026-07-16 15:05:00,333.49,334.17,333.47,334.1179,228086
2026-07-16 15:06:00,334.115,334.68,334.05,334.45,208228
2026-07-16 15:07:00,334.47,334.62,334.27,334.31,222172
2026-07-16 15:08:00,334.295,334.4,334.19,334.3201,157596
2026-07-16 15:09:00,334.33,334.37,333.87,334.03,193453
2026-07-16 15:10:00,334.03,334.13,333.86,334.05,125911
2026-07-16 15:11:00,334.05,334.18,333.98,334.12,109436
2026-07-16 15:12:00,334.12,334.25,334.08,334.165,112322
2026-07-16 15:13:00,334.17,334.35,334.09,334.135,127656
2026-07-16 15:14:00,334.13,334.25,334.02,334.195,133875
2026-07-16 15:15:00,334.19,334.23,334.08,334.17,140865
2026-07-16 15:16:00,334.16,334.2,333.86,334,167384
2026-07-16 15:17:00,333.99,334.225,333.93,334.08,130270
2026-07-16 15:18:00,334.08,334.345,334.06,334.255,122846
2026-07-16 15:19:00,334.2599,334.34,334.18,334.29,90525
2026-07-16 15:20:00,334.2887,334.36,333.86,333.98,239435
2026-07-16 15:21:00,333.96,334.18,333.76,334.15,149970
2026-07-16 15:22:00,334.125,334.285,334.08,334.14,107517
2026-07-16 15:23:00,334.14,334.18,333.96,334.04,139080
2026-07-16 15:24:00,334.02,334.165,334,334.14,83302
2026-07-16 15:25:00,334.135,334.2,333.73,333.78,212449
2026-07-16 15:26:00,333.78,333.8,333.41,333.5,174298
2026-07-16 15:27:00,333.51,333.5494,333.3,333.43,126031
2026-07-16 15:28:00,333.42,333.54,333.26,333.45,128277
2026-07-16 15:29:00,333.41,333.46,332.97,332.985,170770
2026-07-16 15:30:00,333,333.12,332.71,333.07,303076
2026-07-16 15:31:00,333.05,333.12,332.93,332.9825,103250
2026-07-16 15:32:00,332.98,333.03,332.83,332.915,131314
2026-07-16 15:33:00,332.91,332.93,332.62,332.72,199370
2026-07-16 15:34:00,332.73,332.89,332.58,332.5982,152315
2026-07-16 15:35:00,332.6,332.96,332.52,332.84,155044
2026-07-16 15:36:00,332.84,332.85,332.48,332.5951,126522
2026-07-16 15:37:00,332.61,332.8999,332.54,332.86,108521
2026-07-16 15:38:00,332.86,332.9,332.71,332.745,96312
2026-07-16 15:39:00,332.74,332.84,332.61,332.67,103030
2026-07-16 15:40:00,332.67,332.79,332.5,332.565,131473
2026-07-16 15:41:00,332.5625,332.73,332.41,332.465,97746
2026-07-16 15:42:00,332.47,332.62,332.41,332.5699,83618
2026-07-16 15:43:00,332.565,332.575,332.26,332.285,141129
2026-07-16 15:44:00,332.28,332.365,332.1,332.28,130044
2026-07-16 15:45:00,332.28,332.3,332.01,332.21,130871
2026-07-16 15:46:00,332.2,332.2525,331.82,332.01,201369
2026-07-16 15:47:00,332.03,332.2,331.87,332.15,131174
2026-07-16 15:48:00,332.14,332.1528,331.43,331.43,168631
2026-07-16 15:49:00,331.43,331.45,331,331.1919,367079
2026-07-16 15:50:00,331.23,332.25,331,331.25,366126
2026-07-16 15:51:00,331.28,331.56,330.86,331.07,276747
2026-07-16 15:52:00,331.07,331.2298,330.76,330.985,239327
2026-07-16 15:53:00,331,331.545,330.97,331.39,204414
2026-07-16 15:54:00,331.35,332.96,330.35,332.64,314417
2026-07-16 15:55:00,332.61,333.72,332.58,333.53,617736
2026-07-16 15:56:00,333.54,333.67,333.07,333.19,339273
2026-07-16 15:57:00,333.2,333.39,332.95,333.1,623755
2026-07-16 15:58:00,333.11,333.375,333.08,333.14,404590
2026-07-16 15:59:00,333.13,333.51,333.06,333.27,857474
2026-07-16 16:00:00,333.25,333.28,332.69,333.1,8293787
2026-07-16 16:01:00,333.01,333.025,332.81,332.81,5210
2026-07-16 16:02:00,333.26,333.26,332.71,332.75,367573
2026-07-16 16:03:00,333.26,333.26,332.8,332.89,5151
2026-07-16 16:04:00,332.89,332.99,332.7162,332.93,3755
2026-07-16 16:05:00,332.99,333.08,332.77,332.8888,1125
2026-07-16 16:06:00,332.8,332.8,332.71,332.7145,2808
2026-07-16 16:07:00,332.788,332.788,332.6,332.6,3484
2026-07-16 16:08:00,332.65,332.89,332.65,332.89,901
2026-07-16 16:09:00,332.89,332.89,332.89,332.89,80
2026-07-16 16:10:00,332.8133,332.9,332.79,332.86,859
2026-07-16 16:11:00,332.89,332.94,332.8,332.86,1599
2026-07-16 16:12:00,332.8652,332.9,332.56,332.56,2799
2026-07-16 16:14:00,332.76,332.76,332.76,332.76,75
2026-07-16 16:15:00,332.8,332.8,332.6752,332.79,735
2026-07-16 16:16:00,332.8,332.8,332.69,332.69,659
2026-07-16 16:17:00,332.87,332.8792,332.8,332.8,244
2026-07-16 16:18:00,332.88,332.95,332.86,332.95,1550
2026-07-16 16:19:00,332.9436,332.9436,332.83,332.83,2075
2026-07-16 16:20:00,332.99,332.99,332.98,332.99,521
2026-07-16 16:21:00,332.99,333,332.88,332.88,220
2026-07-16 16:22:00,332.95,332.98,332.88,332.98,873
2026-07-16 16:23:00,332.7408,332.97,332.7408,332.97,560
2026-07-16 16:24:00,332.84,332.98,332.66,332.98,378
2026-07-16 16:25:00,332.75,332.75,332.75,332.75,43
2026-07-16 16:26:00,332.6996,332.94,332.6996,332.94,459
2026-07-16 16:27:00,332.953,332.953,332.953,332.953,40
2026-07-16 16:28:00,332.67,332.67,332.67,332.67,45
2026-07-16 16:29:00,332.7272,332.7272,332.68,332.71,406
2026-07-16 16:31:00,333.26,333.26,332.6585,332.6585,24081
2026-07-16 16:32:00,332.7046,332.75,332.7046,332.75,260
2026-07-16 16:33:00,332.7845,332.7845,332.7499,332.7499,780
2026-07-16 16:34:00,332.77,332.78,332.7414,332.7414,320
2026-07-16 16:35:00,332.79,332.92,332.79,332.92,459
2026-07-16 16:36:00,332.8464,332.8464,332.8464,332.8464,60
2026-07-16 16:37:00,332.94,332.96,332.94,332.96,95
2026-07-16 16:38:00,332.97,332.97,332.87,332.88,655
2026-07-16 16:39:00,332.73,332.9344,332.73,332.84,478
2026-07-16 16:40:00,332.87,332.87,332.87,332.87,221
2026-07-16 16:41:00,332.78,332.78,332.78,332.78,43
2026-07-16 16:43:00,332.89,332.9,332.85,332.85,810
2026-07-16 16:44:00,332.905,332.905,332.875,332.9,250
2026-07-16 16:45:00,332.9,332.9,332.9,332.9,47
2026-07-16 16:46:00,332.88,332.924,332.88,332.9,946
2026-07-16 16:47:00,332.9323,332.9323,332.9323,332.9323,100
2026-07-16 16:49:00,332.8305,332.87,332.8305,332.85,1003
2026-07-16 16:50:00,332.97,332.98,332.925,332.98,1532
2026-07-16 16:51:00,332.95,333.26,332.95,333.26,3105
2026-07-16 16:52:00,332.97,332.97,332.71,332.71,5600
2026-07-16 16:53:00,332.9,332.9,332.6,332.74,3453
2026-07-16 16:55:00,332.65,332.68,332.65,332.68,443
2026-07-16 16:57:00,332.7392,332.7392,332.7392,332.7392,243
2026-07-16 16:58:00,332.7,332.7706,332.61,332.7706,841
2026-07-16 16:59:00,332.6596,332.6596,332.6596,332.6596,80
2026-07-16 17:01:00,332.6507,332.6507,332.6507,332.6507,50
2026-07-16 17:02:00,332.79,332.79,332.79,332.79,52
2026-07-16 17:03:00,332.6405,332.6405,332.61,332.61,475
2026-07-16 17:04:00,332.6379,332.6379,332.6379,332.6379,500
2026-07-16 17:05:00,332.77,332.7839,332.61,332.61,310
2026-07-16 17:06:00,332.79,332.79,332.73,332.73,110
2026-07-16 17:07:00,332.76,332.79,332.76,332.79,137
2026-07-16 17:08:00,332.78,332.78,332.7307,332.7307,98
2026-07-16 17:09:00,332.78,332.78,332.75,332.75,114
2026-07-16 17:10:00,332.79,332.79,332.79,332.79,43
2026-07-16 17:12:00,332.79,332.79,332.71,332.71,545
2026-07-16 17:13:00,332.71,332.78,332.71,332.78,223
2026-07-16 17:14:00,332.75,332.78,332.75,332.78,138
2026-07-16 17:15:00,332.79,332.79,332.79,332.79,62
2026-07-16 17:16:00,332.77,332.78,332.72,332.72,700
2026-07-16 17:17:00,332.7293,332.7293,332.7293,332.7293,50
2026-07-16 17:18:00,332.75,332.75,332.6,332.6292,4090
2026-07-16 17:19:00,332.7147,332.72,332.7147,332.72,422
2026-07-16 17:20:00,332.6864,332.79,332.6864,332.79,275
2026-07-16 17:21:00,332.75,332.7668,332.7101,332.7308,1446
2026-07-16 17:22:00,332.7792,332.7792,332.7283,332.7682,345
2026-07-16 17:23:00,332.76,332.76,332.76,332.76,200
2026-07-16 17:24:00,332.76,332.76,332.76,332.76,250
2026-07-16 17:25:00,332.61,332.61,332.61,332.61,178
2026-07-16 17:27:00,332.695,332.7,332.695,332.6999,778
2026-07-16 17:29:00,332.7854,332.7854,332.7854,332.7854,100
2026-07-16 17:30:00,332.77,332.79,332.77,332.79,1571
2026-07-16 17:32:00,332.79,332.79,332.785,332.785,259
2026-07-16 17:33:00,332.78,332.7869,332.78,332.78,224
2026-07-16 17:34:00,332.78,332.78,332.78,332.78,102
2026-07-16 17:35:00,332.79,332.8,332.77,332.8,950
2026-07-16 17:36:00,332.8042,332.8042,332.8042,332.8042,200
2026-07-16 17:38:00,332.825,332.825,332.825,332.825,50
2026-07-16 17:39:00,332.85,332.85,332.85,332.85,200
2026-07-16 17:40:00,332.94,332.94,332.94,332.94,517
2026-07-16 17:41:00,332.9024,332.9024,332.9024,332.9024,130
2026-07-16 17:43:00,332.94,332.94,332.92,332.92,220
2026-07-16 17:44:00,332.94,333.06,332.94,333.06,4073
2026-07-16 17:45:00,333.08,333.08,333.01,333.01,149
2026-07-16 17:46:00,333.0761,333.09,333.0279,333.0626,718
2026-07-16 17:47:00,333.09,333.1723,333.089,333.1723,289
2026-07-16 17:48:00,333.12,333.1494,333.09,333.1494,654
2026-07-16 17:50:00,333.1137,333.12,333.1137,333.12,600
2026-07-16 17:51:00,333.1783,333.1783,333.1783,333.1783,150
2026-07-16 17:52:00,333.08,333.08,333.08,333.08,266
2026-07-16 17:53:00,333.03,333.03,333.03,333.03,70
2026-07-16 17:54:00,333.04,333.05,333.04,333.05,352
2026-07-16 17:55:00,333.04,333.04,333,333,1496
2026-07-16 17:56:00,333.01,333.01,333,333,115
2026-07-16 17:58:00,333.02,333.05,333,333.05,178
2026-07-16 17:59:00,333.07,333.07,333.01,333.02,334
2026-07-16 18:00:00,333.08,333.26,333.08,333.25,3646
2026-07-16 18:01:00,333.3,333.31,333.25,333.25,2774
2026-07-16 18:02:00,333.28,333.285,333.25,333.27,1935
2026-07-16 18:03:00,333.28,333.4,333.28,333.4,2925
2026-07-16 18:04:00,333.5,333.5,333.3,333.4899,544
2026-07-16 18:05:00,333.3514,333.3514,333.3514,333.3514,750
2026-07-16 18:06:00,333.47,333.4998,333.47,333.4998,916
2026-07-16 18:07:00,333.4,333.49,333.3,333.3,1966
2026-07-16 18:08:00,333.49,333.49,333.25,333.25,222
2026-07-16 18:09:00,333.28,333.28,333.26,333.26,92
2026-07-16 18:10:00,333.2534,333.26,333.25,333.255,517
2026-07-16 18:11:00,333.26,333.26,333.25,333.25,670
2026-07-16 18:12:00,333.25,333.26,333.25,333.2575,429
2026-07-16 18:13:00,333.26,333.26,333.25,333.25,5474
2026-07-16 18:14:00,333.26,333.26,333.25,333.25,1309
2026-07-16 18:15:00,333.25,333.25,333.25,333.25,1285
2026-07-16 18:16:00,333.25,333.9,333.25,333.9,20723
2026-07-16 18:17:00,333.76,333.76,333.5,333.5,2608
2026-07-16 18:18:00,333.59,333.6,333.56,333.57,691
2026-07-16 18:19:00,333.89,333.92,333.7,333.7,791
2026-07-16 18:20:00,333.77,333.89,333.77,333.79,650
2026-07-16 18:21:00,333.86,333.86,333.5671,333.5671,280
2026-07-16 18:22:00,333.8,333.8,333.71,333.8,1322
2026-07-16 18:23:00,333.74,333.75,333.7,333.7,2804
2026-07-16 18:24:00,333.7093,333.81,333.66,333.66,2996
2026-07-16 18:25:00,333.66,333.6917,333.5408,333.5408,1659
2026-07-16 18:26:00,333.63,333.63,333.63,333.63,1000
2026-07-16 18:27:00,333.63,333.7978,333.63,333.7978,1118
2026-07-16 18:28:00,333.78,333.81,333.715,333.81,894
2026-07-16 18:29:00,333.84,333.84,333.83,333.84,943
2026-07-16 18:30:00,333.85,333.85,333.71,333.71,2848
2026-07-16 18:32:00,333.7,333.7,333.7,333.7,50
2026-07-16 18:33:00,333.85,333.85,333.79,333.84,1560
2026-07-16 18:34:00,333.85,333.85,333.7,333.7,926
2026-07-16 18:35:00,333.68,333.69,333.68,333.69,200
2026-07-16 18:36:00,333.6518,333.76,333.6518,333.6804,747
2026-07-16 18:37:00,333.7059,333.81,333.68,333.7252,581
2026-07-16 18:38:00,333.71,333.71,333.61,333.68,3033
2026-07-16 18:41:00,333.59,333.79,333.35,333.73,3537
2026-07-16 18:42:00,333.71,333.85,333.71,333.84,2837
2026-07-16 18:43:00,333.85,333.85,333.5877,333.85,857
2026-07-16 18:44:00,333.58,333.78,333.58,333.78,747
2026-07-16 18:45:00,333.78,333.78,333.62,333.78,1770
2026-07-16 18:46:00,333.84,333.85,333.84,333.85,557
2026-07-16 18:47:00,333.87,333.93,333.87,333.93,2278
2026-07-16 18:48:00,333.9438,334.35,333.9438,334.32,5700
2026-07-16 18:49:00,334.25,334.3,334.25,334.3,1760
2026-07-16 18:50:00,334.19,334.27,334.19,334.27,149
2026-07-16 18:51:00,334.3427,334.3427,334.15,334.23,1552
2026-07-16 18:52:00,334.38,334.55,334.1534,334.457,2586
2026-07-16 18:53:00,334.457,334.55,334.44,334.4473,6624
2026-07-16 18:54:00,334.44,334.54,334.1,334.47,1583
2026-07-16 18:55:00,334.47,334.57,334.47,334.56,1577
2026-07-16 18:56:00,334.6,334.6,334.55,334.56,780
2026-07-16 18:57:00,334.36,334.53,334.0866,334.3494,6005
2026-07-16 18:58:00,334.34,334.49,334.2091,334.4352,3068
2026-07-16 18:59:00,334.3254,334.33,334.3,334.33,300
2026-07-16 19:00:00,334.2613,334.2613,334.2613,334.2613,100
2026-07-16 19:01:00,334.1345,334.2592,334.1345,334.2385,934
2026-07-16 19:02:00,334.31,334.46,334.28,334.28,530
2026-07-16 19:03:00,334.4913,334.4913,334.3693,334.3693,150
2026-07-16 19:04:00,334.3146,334.32,334.31,334.32,602
2026-07-16 19:05:00,334.26,334.26,334.2385,334.2385,525
2026-07-16 19:06:00,334.243,334.2593,334.243,334.2593,1137
2026-07-16 19:07:00,334.26,334.3,334.26,334.3,295
2026-07-16 19:08:00,334.36,334.37,334.36,334.37,149
2026-07-16 19:09:00,334.37,334.43,334.37,334.43,209
2026-07-16 19:10:00,334.48,334.48,334.4,334.43,218
2026-07-16 19:11:00,334.44,334.47,334.43,334.44,346
2026-07-16 19:12:00,334.38,334.5,334.38,334.5,1126
2026-07-16 19:13:00,334.55,334.69,334.55,334.68,4769
2026-07-16 19:14:00,334.68,334.69,334.55,334.55,1583
2026-07-16 19:15:00,334.68,334.695,334.68,334.69,1244
2026-07-16 19:16:00,334.68,334.7,334.6102,334.68,1240
2026-07-16 19:17:00,334.7,334.7,334.54,334.54,257
2026-07-16 19:18:00,334.62,334.65,334.57,334.57,219
2026-07-16 19:19:00,334.5,334.52,334.49,334.49,399
2026-07-16 19:20:00,334.4,334.5,334.4,334.5,529
2026-07-16 19:21:00,334.4,334.48,334.2714,334.2714,709
2026-07-16 19:22:00,334.38,334.54,334.34,334.54,1248
2026-07-16 19:23:00,334.54,334.7,334.54,334.7,1124
2026-07-16 19:24:00,334.65,334.7,334.5,334.7,1101
2026-07-16 19:25:00,334.7,334.7,334.5,334.65,267
2026-07-16 19:26:00,334.52,334.52,334.52,334.52,150
2026-07-16 19:27:00,334.6,334.75,334.6,334.7282,709
2026-07-16 19:28:00,334.6608,334.75,334.6608,334.73,193
2026-07-16 19:29:00,334.75,334.75,334.65,334.7348,858
2026-07-16 19:30:00,334.68,334.68,334.6614,334.6614,145
2026-07-16 19:31:00,334.75,334.77,334.727,334.727,841
2026-07-16 19:32:00,334.73,334.78,334.73,334.78,300
2026-07-16 19:33:00,334.7791,334.78,334.7782,334.78,1042
2026-07-16 19:34:00,334.79,334.99,334.79,334.81,4104
2026-07-16 19:35:00,334.9616,335,334.8662,334.9472,899
2026-07-16 19:36:00,334.9162,334.95,334.83,334.95,2089
2026-07-16 19:37:00,334.95,335,334.84,334.975,1572
2026-07-16 19:38:00,334.975,335,334.975,335,24386
2026-07-16 19:39:00,334.99,335,334.99,335,1452
2026-07-16 19:40:00,335,335.15,334.99,335.15,10050
2026-07-16 19:41:00,335.06,335.2,334.89,334.89,2216
2026-07-16 19:42:00,334.86,335.09,334.86,334.87,1118
2026-07-16 19:43:00,334.87,335,334.8605,335,717
2026-07-16 19:44:00,335,335,334.8986,334.8986,926
2026-07-16 19:45:00,334.94,334.94,334.8324,334.8324,250
2026-07-16 19:46:00,334.8001,334.802,334.8001,334.802,320
2026-07-16 19:47:00,334.905,335,334.81,335,1110
2026-07-16 19:48:00,334.8301,335,334.8301,335,300
2026-07-16 19:49:00,334.915,334.915,334.8999,334.9,649
2026-07-16 19:50:00,334.9,334.9,334.8155,334.9,1327
2026-07-16 19:51:00,334.8001,334.813,334.8001,334.813,125
2026-07-16 19:52:00,334.93,334.98,334.82,334.98,730
2026-07-16 19:53:00,334.9,334.9,334.85,334.85,366
2026-07-16 19:54:00,334.84,334.98,334.8399,334.98,813
2026-07-16 19:55:00,334.84,334.98,334.84,334.96,995
2026-07-16 19:56:00,334.8739,334.95,334.8,334.8,3001
2026-07-16 19:57:00,334.8001,334.85,334.65,334.85,1410
2026-07-16 19:58:00,334.85,334.85,334.65,334.85,1862
2026-07-16 19:59:00,334.7,334.85,334.66,334.85,1073
2026-07-17 04:00:00,335.7,337.2993,334.2,335.84,59568
2026-07-17 04:01:00,336.09,337.3,334.09,334.3,17894
2026-07-17 04:02:00,334.33,336.6091,334.09,335.63,9445
2026-07-17 04:03:00,335.63,336.75,334.76,336.02,43303
2026-07-17 04:04:00,335.57,337.36,335.16,336.3,22251
2026-07-17 04:05:00,336.3,336.3,336.0277,336.04,547
2026-07-17 04:06:00,336.07,336.07,335.69,335.86,1696
2026-07-17 04:07:00,335.71,337.3,334.22,336.92,5076
2026-07-17 04:08:00,335.62,335.62,335.24,335.51,1401
2026-07-17 04:09:00,335.45,335.69,335.45,335.69,1283
2026-07-17 04:10:00,335.41,335.74,335.25,335.57,1140
2026-07-17 04:11:00,335.54,335.74,335.5,335.72,952
2026-07-17 04:12:00,335.53,336.25,335.51,336.06,1314
2026-07-17 04:13:00,336.07,336.07,335.9,336.02,443
2026-07-17 04:14:00,336.05,336.15,336.0205,336.13,405
2026-07-17 04:15:00,336.23,336.46,336.21,336.41,4008
2026-07-17 04:16:00,336.36,336.6,335.56,335.56,6849
2026-07-17 04:17:00,335.68,335.68,335.39,335.44,2001
2026-07-17 04:19:00,335.73,335.76,335.3,335.68,1385
2026-07-17 04:20:00,335.6,335.82,335.6,335.75,3574
2026-07-17 04:21:00,335.9,335.9,335.9,335.9,72
2026-07-17 04:22:00,335.74,335.74,335.53,335.53,555
2026-07-17 04:23:00,335.85,335.85,335.49,335.52,729
2026-07-17 04:24:00,335.52,335.52,335.26,335.49,4563
2026-07-17 04:25:00,335.315,335.46,335.315,335.38,474
2026-07-17 04:26:00,335.4,335.9339,335.26,335.48,1632
2026-07-17 04:27:00,335.4,335.42,335.32,335.4,1099
2026-07-17 04:28:00,335.51,335.6,335.27,335.28,1005
2026-07-17 04:29:00,335.28,335.28,335.26,335.26,688
2026-07-17 04:30:00,335.32,335.41,335.26,335.26,1427
2026-07-17 04:31:00,335.33,335.35,335.21,335.21,428
2026-07-17 04:32:00,335.37,335.37,335.18,335.21,613
2026-07-17 04:34:00,335.63,335.63,335.36,335.36,816
2026-07-17 04:35:00,335.32,335.46,335.32,335.46,96
2026-07-17 04:36:00,335.48,335.48,335.47,335.47,125
2026-07-17 04:37:00,335.48,335.48,335.3,335.45,2152
2026-07-17 04:38:00,335.3206,335.41,335.32,335.34,517
2026-07-17 04:39:00,335.34,335.36,335.31,335.36,1193
2026-07-17 04:40:00,335.42,335.42,335.22,335.33,2204
2026-07-17 04:41:00,335.35,335.53,335.35,335.53,325
2026-07-17 04:42:00,335.45,335.57,335.3,335.57,539
2026-07-17 04:43:00,335.2,335.4,335.2,335.4,842
2026-07-17 04:44:00,335.5,335.5,335.2,335.2,305
2026-07-17 04:45:00,335.48,335.48,335.2,335.2,630
2026-07-17 04:46:00,335.47,335.47,335.3011,335.35,154
2026-07-17 04:47:00,335.55,335.55,335.55,335.55,61
2026-07-17 04:48:00,335.52,335.52,335.38,335.38,160
2026-07-17 04:49:00,335.42,335.42,335.29,335.38,565
2026-07-17 04:50:00,335.24,335.31,335,335.01,1714
2026-07-17 04:51:00,335,335.13,335,335.13,905
2026-07-17 04:52:00,335.25,335.25,335,335,439
2026-07-17 04:53:00,335.237,335.25,335.237,335.25,467
2026-07-17 04:54:00,335.05,335.05,335.0109,335.0109,730
2026-07-17 04:55:00,335.0205,335.24,335.0205,335.24,180
2026-07-17 04:56:00,335.14,335.3,334.81,334.82,3978
2026-07-17 04:57:00,334.89,334.89,334.88,334.89,918
2026-07-17 04:58:00,335,335,335,335,176
2026-07-17 04:59:00,334.9,334.9,334.85,334.854,330
2026-07-17 05:00:00,334.9,334.9,334.7,334.85,1485
2026-07-17 05:01:00,334.84,334.89,334.6,334.64,1904
2026-07-17 05:02:00,334.6021,334.84,334.6021,334.84,141
2026-07-17 05:03:00,334.6,334.6,334.6,334.6,50
2026-07-17 05:04:00,334.89,334.9,334.8,334.8,381
2026-07-17 05:05:00,335,335.01,334.79,335.01,1087
2026-07-17 05:06:00,334.95,335.08,334.85,334.85,505
2026-07-17 05:07:00,334.98,334.98,334.79,334.83,623
2026-07-17 05:08:00,334.88,334.88,334.61,334.61,355
2026-07-17 05:09:00,334.79,334.79,334.7,334.7,519
2026-07-17 05:10:00,334.61,334.61,334.23,334.4,875
2026-07-17 05:11:00,334.4,334.4,334.09,334.125,1732
2026-07-17 05:12:00,334.1436,334.25,334.13,334.13,511
2026-07-17 05:13:00,334.13,334.233,334.12,334.2,1268
2026-07-17 05:14:00,334.22,334.5,334.19,334.43,2350
2026-07-17 05:15:00,334.44,334.44,334.36,334.4,807
2026-07-17 05:16:00,334.55,334.65,334.5,334.6,556
2026-07-17 05:17:00,334.55,334.57,334.35,334.36,1284
2026-07-17 05:18:00,334.5,334.53,334.5,334.53,239
2026-07-17 05:19:00,334.45,334.6912,334,334.37,4520
2026-07-17 05:21:00,334.31,334.5,334.31,334.5,560
2026-07-17 05:22:00,334.67,334.67,334.67,334.67,60
2026-07-17 05:23:00,334.42,334.45,333.81,333.95,7324
2026-07-17 05:24:00,333.98,334,333.91,334,2219
2026-07-17 05:25:00,333.8476,333.99,333.69,333.99,1960
2026-07-17 05:26:00,333.88,333.88,333.31,333.37,6436
2026-07-17 05:27:00,333.49,333.5,333.28,333.4,5677
2026-07-17 05:28:00,333.4,333.47,333.26,333.34,4153
2026-07-17 05:29:00,333.3,333.39,333.28,333.39,1327
2026-07-17 05:30:00,333.33,333.42,333.29,333.3,2129
2026-07-17 05:31:00,333.43,333.43,333.35,333.35,392
2026-07-17 05:32:00,333.29,333.43,333.28,333.43,637
2026-07-17 05:33:00,333.41,333.41,333.31,333.31,100
2026-07-17 05:35:00,333.48,333.5,333.2201,333.5,2819
2026-07-17 05:36:00,333.41,333.5,333.18,333.24,1576
2026-07-17 05:37:00,333.1775,333.28,333.1775,333.19,854
2026-07-17 05:38:00,333.2,333.27,333.16,333.27,1682
2026-07-17 05:39:00,333.25,333.26,333.08,333.1,2066
2026-07-17 05:40:00,333.13,333.13,333.09,333.0989,633
2026-07-17 05:41:00,333.26,333.26,333.26,333.26,156
2026-07-17 05:42:00,333.26,333.26,333.17,333.24,390
2026-07-17 05:43:00,333.2021,333.3,333.16,333.3,922
2026-07-17 05:44:00,333.27,333.3,333.18,333.3,448
2026-07-17 05:45:00,333.21,333.25,333.21,333.25,636
2026-07-17 05:46:00,333.26,333.26,333.22,333.25,572
2026-07-17 05:48:00,333.23,333.23,333.15,333.15,3449
2026-07-17 05:49:00,333.09,333.2,333.0678,333.1,840
2026-07-17 05:50:00,333.05,333.16,332.9,332.9,6594
2026-07-17 05:51:00,332.9,333,332.84,332.95,608
2026-07-17 05:52:00,332.95,333,332.95,333,1653
2026-07-17 05:53:00,332.98,332.98,332.82,332.82,1034
2026-07-17 05:54:00,332.85,332.95,332.76,332.76,1195
2026-07-17 05:55:00,332.76,332.9,332.7,332.71,948
2026-07-17 05:56:00,332.71,332.88,332.71,332.88,553
2026-07-17 05:57:00,332.95,333.1,332.95,333.08,1046
2026-07-17 05:58:00,333.2,333.34,333.18,333.26,1764
2026-07-17 05:59:00,333.26,333.27,333.02,333.09,3597
2026-07-17 06:00:00,333.05,333.26,333.01,333.13,1662
2026-07-17 06:01:00,333.1,333.1,332.91,332.9148,1375
2026-07-17 06:02:00,332.93,333,332.93,332.95,482
2026-07-17 06:03:00,332.93,333.08,332.93,333.02,448
2026-07-17 06:04:00,333.12,333.3,333.09,333.15,4795
2026-07-17 06:05:00,333.22,333.26,333.1,333.11,782
2026-07-17 06:06:00,333.1,333.12,332.8,332.82,3927
2026-07-17 06:07:00,332.85,332.85,332.7,332.7,339
2026-07-17 06:08:00,332.77,332.88,332.66,332.66,3956
2026-07-17 06:09:00,332.88,333.04,332.65,332.88,2801
2026-07-17 06:10:00,333.04,333.26,332.88,333.26,846
2026-07-17 06:11:00,333.18,333.18,332.5,332.5,2417
2026-07-17 06:12:00,332.5,332.83,332.46,332.54,1702
2026-07-17 06:13:00,332.51,332.83,332.29,332.83,6913
2026-07-17 06:14:00,332.8272,332.8272,332.43,332.45,462
2026-07-17 06:15:00,332.72,332.72,332.26,332.6,6480
2026-07-17 06:16:00,332.59,332.6,332.4,332.6,4225
2026-07-17 06:17:00,332.4464,332.6,332.41,332.55,2278
2026-07-17 06:18:00,332.55,332.83,332.42,332.77,1333
2026-07-17 06:19:00,332.8099,333,332.64,332.8,1244
2026-07-17 06:20:00,332.63,333.29,332.63,333.21,4108
2026-07-17 06:21:00,333.29,333.5,333.2096,333.5,5568
2026-07-17 06:22:00,333.5,333.5,333.45,333.5,1505
2026-07-17 06:23:00,333.5,333.5,333.35,333.42,3484
2026-07-17 06:24:00,333.46,333.49,333.44,333.45,1879
2026-07-17 06:25:00,333.43,333.43,333.37,333.37,472
2026-07-17 06:26:00,333.38,333.45,333.37,333.45,1023
2026-07-17 06:27:00,333.49,333.49,333.48,333.49,415
2026-07-17 06:28:00,333.43,333.5,333.43,333.45,2507
2026-07-17 06:29:00,333.45,333.49,333.37,333.37,1181
2026-07-17 06:30:00,333.1374,333.27,333.11,333.11,563
2026-07-17 06:31:00,333.3,333.4,333.068,333.4,672
2026-07-17 06:32:00,333.33,333.5,333.33,333.5,1432
2026-07-17 06:33:00,333.49,333.49,333.49,333.49,100
2026-07-17 06:34:00,333.43,333.43,333.198,333.198,672
2026-07-17 06:35:00,333.32,333.4,333.3009,333.4,370
2026-07-17 06:36:00,333.24,333.24,332.85,332.85,2253
2026-07-17 06:37:00,332.87,333,332.51,332.72,735
2026-07-17 06:38:00,333,333,332.8,332.969,1293
2026-07-17 06:39:00,332.8099,332.895,332.68,332.68,337
2026-07-17 06:40:00,332.79,332.79,332.25,332.28,2271
2026-07-17 06:41:00,332.31,332.33,332.31,332.31,1731
2026-07-17 06:42:00,332.31,332.54,332.31,332.54,631
2026-07-17 06:43:00,332.52,332.54,332.24,332.54,2893
2026-07-17 06:44:00,332.45,332.47,332.45,332.47,481
2026-07-17 06:45:00,332.41,332.41,332.31,332.31,400
2026-07-17 06:46:00,332.25,332.4,332.13,332.28,7993
2026-07-17 06:47:00,332.19,332.4,332.19,332.4,2127
2026-07-17 06:48:00,332.49,332.49,332.19,332.3,564
2026-07-17 06:49:00,332.69,332.9,332.65,332.65,621
2026-07-17 06:50:00,332.65,333.26,332.65,333.06,4477
2026-07-17 06:51:00,333.16,333.32,332.736,332.736,2310
2026-07-17 06:53:00,333,333.21,333,333.04,1241
2026-07-17 06:54:00,332.98,333.08,332.94,333.08,556
2026-07-17 06:55:00,333.08,333.2,333.08,333.2,290
2026-07-17 06:57:00,333.18,333.33,333.18,333.22,682
2026-07-17 06:58:00,333.26,333.5,333.26,333.44,3238
2026-07-17 06:59:00,333.44,333.49,333,333.04,2563
2026-07-17 07:00:00,333.39,333.49,333.08,333.23,5794
2026-07-17 07:01:00,333.2,333.2,333,333.2,5472
2026-07-17 07:02:00,333.01,333.2,333,333.01,15072
2026-07-17 07:03:00,333,333.1,332.9001,332.91,3150
2026-07-17 07:04:00,332.91,332.9155,332.9,332.9,628
2026-07-17 07:05:00,332.9268,332.95,332.81,332.82,3469
2026-07-17 07:06:00,332.82,332.9645,332.82,332.9645,1180
2026-07-17 07:07:00,332.86,333,332.82,332.91,931
2026-07-17 07:08:00,332.91,333.21,332.91,332.91,2423
2026-07-17 07:09:00,332.96,333.1,332.83,332.92,1246
2026-07-17 07:10:00,332.83,332.83,332.5,332.51,1025
2026-07-17 07:11:00,332.44,332.53,332.19,332.5138,2572
2026-07-17 07:12:00,332.4,332.5,332.37,332.37,2248
2026-07-17 07:13:00,332.4799,332.5,332.37,332.46,3398
2026-07-17 07:14:00,332.52,332.52,332.37,332.49,1678
2026-07-17 07:15:00,332.44,332.48,332.37,332.4,775
2026-07-17 07:16:00,332.39,332.5501,332.39,332.42,745
2026-07-17 07:17:00,332.39,332.56,332.25,332.25,2079
2026-07-17 07:18:00,332.25,332.6,332.25,332.6,1190
2026-07-17 07:19:00,332.82,332.99,332.6754,332.99,579
2026-07-17 07:20:00,332.95,332.99,332.66,332.99,756
2026-07-17 07:21:00,332.99,333,332.82,332.82,800
2026-07-17 07:22:00,332.82,333,332.7092,332.83,1817
2026-07-17 07:23:00,332.67,332.68,332.6,332.6,850
2026-07-17 07:24:00,332.5,332.55,332.49,332.491,430
2026-07-17 07:25:00,332.5644,332.5644,332.5,332.5,699
2026-07-17 07:26:00,332.769,332.769,332.736,332.736,240
2026-07-17 07:27:00,332.71,332.75,332.71,332.742,231
2026-07-17 07:28:00,332.65,332.77,332.65,332.77,473
2026-07-17 07:29:00,332.62,332.75,332.62,332.75,1099
2026-07-17 07:30:00,332.52,332.6145,332.52,332.6145,440
2026-07-17 07:31:00,332.7,332.7,332.7,332.7,100
2026-07-17 07:32:00,332.5134,332.6543,332.47,332.6543,2331
2026-07-17 07:33:00,332.67,332.67,332.67,332.67,80
2026-07-17 07:34:00,332.75,332.75,332.5,332.5,844
2026-07-17 07:35:00,332.68,332.68,332.52,332.52,415
2026-07-17 07:36:00,332.63,332.63,332.55,332.63,508
2026-07-17 07:37:00,332.58,332.8,332.58,332.8,3035
2026-07-17 07:38:00,332.8,332.8,332.67,332.73,194
2026-07-17 07:39:00,332.67,332.69,332.6,332.69,502
2026-07-17 07:41:00,332.5201,332.5201,332.5201,332.5201,114
2026-07-17 07:42:00,332.79,332.8,332.79,332.8,560
2026-07-17 07:43:00,332.88,332.99,332.65,332.99,756
2026-07-17 07:44:00,332.71,333,332.65,332.74,2065
2026-07-17 07:45:00,332.91,333.3,332.91,333,4104
2026-07-17 07:46:00,333.13,333.2,333.04,333.12,1342
2026-07-17 07:47:00,333.12,333.25,333.12,333.25,290
2026-07-17 07:48:00,333.1513,333.23,333.07,333.07,13254
2026-07-17 07:49:00,333.15,333.4,333.15,333.36,3495
2026-07-17 07:50:00,333.33,333.47,333.33,333.3405,3166
2026-07-17 07:51:00,333.3577,333.36,333.33,333.36,330
2026-07-17 07:52:00,333.38,333.4,333.33,333.33,828
2026-07-17 07:53:00,333.35,333.37,333.04,333.1,4330
2026-07-17 07:54:00,333.09,333.15,333.0001,333.0001,1555
2026-07-17 07:55:00,333.09,333.1057,333,333.07,1673
2026-07-17 07:56:00,332.9885,332.9885,332.9,332.9,80
2026-07-17 07:57:00,332.8846,332.97,332.8846,332.97,200
2026-07-17 07:58:00,333.0826,333.15,333.08,333.15,1632
2026-07-17 07:59:00,333.13,333.15,333,333.15,1849
2026-07-17 08:00:00,333.0506,333.09,333.0506,333.06,819
2026-07-17 08:01:00,333.1082,333.13,333.01,333.13,337
2026-07-17 08:02:00,333.1,333.1,332.9939,333.03,608
2026-07-17 08:03:00,333,333.08,332.95,333.08,518
2026-07-17 08:04:00,333.09,333.14,333.09,333.14,811
2026-07-17 08:05:00,333.15,333.15,333,333.15,246
2026-07-17 08:06:00,333.15,333.26,333.0592,333.1009,7067
2026-07-17 08:07:00,333.25,333.25,333.1001,333.2,2243
2026-07-17 08:08:00,333.1794,333.25,333.1194,333.1194,4409
2026-07-17 08:09:00,333.2,333.3,332.78,332.78,2507
2026-07-17 08:10:00,332.83,332.835,332.83,332.835,119
2026-07-17 08:11:00,332.84,332.84,332.65,332.65,2714
2026-07-17 08:12:00,332.66,332.66,332.66,332.66,125
2026-07-17 08:13:00,332.7,332.7,332.61,332.61,147
2026-07-17 08:14:00,332.7,333,332.7,332.91,913
2026-07-17 08:15:00,332.77,332.77,332.77,332.77,40
2026-07-17 08:16:00,332.93,332.94,332.9,332.9,132
2026-07-17 08:17:00,332.99,333,332.88,332.95,2578
2026-07-17 08:18:00,332.94,333,332.85,332.85,4511
2026-07-17 08:19:00,333,333,332.8,332.88,1166
2026-07-17 08:20:00,332.86,332.9,332.86,332.9,1684
2026-07-17 08:21:00,332.99,333,332.99,333,532
2026-07-17 08:22:00,333,333,332.98,332.98,95
2026-07-17 08:23:00,333,333,332.9709,332.9709,300
2026-07-17 08:24:00,332.8069,333,332.8069,332.9313,1140
2026-07-17 08:25:00,333,333,332.79,332.9,385
2026-07-17 08:26:00,332.83,333,332.83,333,626
2026-07-17 08:27:00,332.8732,333.3,332.8732,333.3,1845
2026-07-17 08:28:00,333.15,333.3,332.85,333.3,3153
2026-07-17 08:29:00,333.25,333.3,333.2197,333.2197,1338
2026-07-17 08:30:00,333.26,333.3,333,333.1,7662
2026-07-17 08:31:00,333.2,333.29,333.01,333.28,1607
2026-07-17 08:32:00,333.244,333.3,333.1,333.29,4083
2026-07-17 08:33:00,333.3,333.3,333.0618,333.3,1349
2026-07-17 08:34:00,333.3,333.3,333.27,333.3,2842
2026-07-17 08:35:00,333.3,333.3,333.08,333.2,3958
2026-07-17 08:36:00,333.3,333.3,333.2,333.2,1140
2026-07-17 08:37:00,333.2507,333.29,333.17,333.17,297
2026-07-17 08:38:00,333.26,333.3,333.26,333.3,2470
2026-07-17 08:39:00,333.2999,333.3,333.2602,333.28,2384
2026-07-17 08:40:00,333.28,333.3,333.28,333.3,907
2026-07-17 08:41:00,333.3,333.5,333.3,333.5,4328
2026-07-17 08:42:00,333.4,333.51,333.4,333.5,2224
2026-07-17 08:43:00,333.5,333.5,333.47,333.5,2138
2026-07-17 08:44:00,333.4999,333.51,333.4683,333.4683,3280
2026-07-17 08:45:00,333.4139,333.47,333.39,333.45,1301
2026-07-17 08:46:00,333.44,333.49,333.33,333.4,2395
2026-07-17 08:47:00,333.4,333.44,333.33,333.33,1377
2026-07-17 08:48:00,333.34,333.34,333.23,333.23,4736
2026-07-17 08:49:00,333.24,333.25,333.2,333.25,1925
2026-07-17 08:50:00,333.23,333.3,333.2,333.2217,3903
2026-07-17 08:51:00,333.34,333.39,333.3,333.39,2754
2026-07-17 08:52:00,333.39,333.5,333.2387,333.35,1355
2026-07-17 08:53:00,333.35,333.5,333.35,333.5,420
2026-07-17 08:54:00,333.39,333.4,333.21,333.4,1470
2026-07-17 08:55:00,333.3,333.35,333.3,333.32,1315
2026-07-17 08:56:00,333.35,333.35,333.24,333.24,479
2026-07-17 08:57:00,333.24,333.49,333.24,333.33,345
2026-07-17 08:58:00,333.35,333.35,333.0507,333.0507,1648
2026-07-17 08:59:00,333.2,333.2,333,333.02,966
2026-07-17 09:00:00,333.02,333.02,332.8,332.86,5605
2026-07-17 09:01:00,332.88,333.19,332.88,333.18,1630
2026-07-17 09:02:00,333.1,333.19,333.02,333.1,895
2026-07-17 09:03:00,333.24,333.49,333.133,333.48,2197
2026-07-17 09:04:00,333.47,333.5,333.35,333.5,5538
2026-07-17 09:05:00,333.5,333.5,333.415,333.45,4307
2026-07-17 09:06:00,333.49,333.5,333.4306,333.4306,3181
2026-07-17 09:07:00,333.44,333.5,333.41,333.49,2272
2026-07-17 09:08:00,333.5,333.75,333.47,333.674,6100
2026-07-17 09:09:00,333.75,333.75,333.6408,333.7494,9493
2026-07-17 09:10:00,333.74,333.74,333.5,333.6,5192
2026-07-17 09:11:00,333.51,333.6,333.51,333.59,462
2026-07-17 09:12:00,333.55,333.55,333.36,333.3657,2295
2026-07-17 09:13:00,333.29,333.52,333.26,333.46,2369
2026-07-17 09:14:00,333.45,333.46,333.29,333.29,2254
2026-07-17 09:15:00,333.33,333.46,333.33,333.35,1283
2026-07-17 09:16:00,333.4,333.47,333.36,333.4,1508
2026-07-17 09:17:00,333.38,333.38,333.27,333.3332,4976
2026-07-17 09:18:00,333.3141,333.59,333.3141,333.55,1728
2026-07-17 09:19:00,333.3699,333.44,333.3699,333.43,2476
2026-07-17 09:20:00,333.36,333.3992,333.17,333.17,4584
2026-07-17 09:21:00,333.17,333.17,332.8,332.8,2637
2026-07-17 09:22:00,332.89,332.91,332.48,332.48,9503
2026-07-17 09:23:00,332.4101,332.4101,332.13,332.13,7418
2026-07-17 09:24:00,332.131,332.2099,332,332.06,6932
2026-07-17 09:25:00,332.3,333.24,332.06,333.15,7657
2026-07-17 09:26:00,333.17,333.36,333,333.14,13390
2026-07-17 09:27:00,333,333.02,330.32,331.51,30686
2026-07-17 09:28:00,331.535,332,330,331.51,67721
2026-07-17 09:29:00,331.15,332.17,331,332.16,56903
2026-07-17 09:30:00,332.17,333.11,331.68,332.48,4468582
2026-07-17 09:31:00,332.53,332.6099,331.2501,331.505,366219
2026-07-17 09:32:00,331.505,333.2,331.3,332.8525,182341
2026-07-17 09:33:00,332.8263,333.19,331.81,332.9925,264817
2026-07-17 09:34:00,333.04,333.51,332.77,333.44,267965
2026-07-17 09:35:00,333.47,334.08,333,333.235,243956
2026-07-17 09:36:00,333.2425,333.865,332.97,333.78,168486
2026-07-17 09:37:00,333.71,334.24,333.57,333.9,283385
2026-07-17 09:38:00,333.98,334.5,333.36,334.38,311807
2026-07-17 09:39:00,334.35,334.99,333.8,334.925,296418
2026-07-17 09:40:00,334.88,334.9487,333.42,333.5,229179
2026-07-17 09:41:00,333.5,334.61,333.43,334.36,242603
2026-07-17 09:42:00,334.35,334.5595,333.46,334.026,197318
2026-07-17 09:43:00,334.06,334.28,333.5927,333.805,105970
2026-07-17 09:44:00,333.805,334.15,333.74,333.91,98070
2026-07-17 09:45:00,333.8901,334.4,333.67,333.82,150375
2026-07-17 09:46:00,333.85,333.94,332.77,332.925,247767
2026-07-17 09:47:00,332.935,333.63,332.77,333.505,181324
2026-07-17 09:48:00,333.51,334.07,333.48,333.495,168134
2026-07-17 09:49:00,333.49,333.64,332.92,333.07,143202
2026-07-17 09:50:00,333.06,333.14,331.6507,331.74,239355
2026-07-17 09:51:00,331.745,331.96,331.16,331.16,137144
2026-07-17 09:52:00,331.16,331.94,331.15,331.905,229673
2026-07-17 09:53:00,331.89,332.0599,331.62,331.85,99717
2026-07-17 09:54:00,331.86,332.94,331.732,332.2149,121805
2026-07-17 09:55:00,332.245,332.47,331.85,331.99,106322
2026-07-17 09:56:00,332.01,332.18,331.735,331.84,107630
2026-07-17 09:57:00,331.83,332.53,331.33,331.49,253077
2026-07-17 09:58:00,331.44,331.56,331.07,331.37,115869
2026-07-17 09:59:00,331.38,331.51,330.89,330.92,148348
2026-07-17 10:00:00,330.94,330.99,330.2175,330.48,164025
2026-07-17 10:01:00,330.48,330.5,329.785,330.23,213271
2026-07-17 10:02:00,330.25,330.3,329.44,329.51,153034
2026-07-17 10:03:00,329.5499,330,329.34,329.82,147117
2026-07-17 10:04:00,329.79,330.54,329.715,330.26,122087
2026-07-17 10:05:00,330.32,330.585,330.01,330.165,96467
2026-07-17 10:06:00,330.2,330.2,329.71,329.985,117914
2026-07-17 10:07:00,330.02,330.33,329.63,330.17,147501
2026-07-17 10:08:00,330.19,330.26,329.73,330.045,124343
2026-07-17 10:09:00,330,330,329.525,329.685,106968
2026-07-17 10:10:00,329.71,329.745,329.0006,329.095,180104
2026-07-17 10:11:00,329.09,329.76,329.02,329.46,185370
2026-07-17 10:12:00,329.455,330.33,329.445,330.0807,107021
2026-07-17 10:13:00,330.12,330.59,330.08,330.19,116294
2026-07-17 10:14:00,330.165,330.52,330.09,330.5087,116344
2026-07-17 10:15:00,330.48,330.55,330.06,330.235,77646
2026-07-17 10:16:00,330.24,330.33,329.84,330.015,69117
2026-07-17 10:17:00,330.015,330.45,329.9,330.01,158279
2026-07-17 10:18:00,330.02,330.768,330.02,330.55,100790
2026-07-17 10:19:00,330.52,330.5899,330.17,330.54,92975
2026-07-17 10:20:00,330.5681,330.59,330.14,330.378,72248
2026-07-17 10:21:00,330.39,330.9278,330.39,330.605,138579
2026-07-17 10:22:00,330.62,330.65,330.045,330.245,91036
2026-07-17 10:23:00,330.245,330.6,330.22,330.5101,64141
2026-07-17 10:24:00,330.56,331.01,330.4201,330.814,97335
2026-07-17 10:25:00,330.8,330.86,330.48,330.86,61951
2026-07-17 10:26:00,330.855,331.3,330.83,331.27,83726
2026-07-17 10:27:00,331.29,331.51,331.24,331.3599,69910
2026-07-17 10:28:00,331.345,331.645,331.1,331.2051,76272
2026-07-17 10:29:00,331.2171,331.85,331.195,331.84,90269
2026-07-17 10:30:00,331.88,332.9,331.85,332.72,198356
2026-07-17 10:31:00,332.725,333.08,332.61,332.8571,131299
2026-07-17 10:32:00,332.8401,333.3,332.8201,333.2699,187517
2026-07-17 10:33:00,333.27,333.66,333.2,333.57,184327
2026-07-17 10:34:00,333.57,333.97,333.4505,333.935,168071
2026-07-17 10:35:00,333.935,333.96,333.05,333.1756,175186
2026-07-17 10:36:00,333.22,333.2599,332.76,333.0315,208558
2026-07-17 10:37:00,333.06,333.23,332.37,332.4,95318
2026-07-17 10:38:00,332.41,332.47,332.14,332.3601,81185
2026-07-17 10:39:00,332.395,332.41,332.125,332.4,95001
2026-07-17 10:40:00,332.4,332.68,332.35,332.538,92448
2026-07-17 10:41:00,332.54,333.23,332.35,332.72,118598
2026-07-17 10:42:00,332.69,333,332.46,332.85,91810
2026-07-17 10:43:00,332.84,332.8657,332.61,332.68,74045
2026-07-17 10:44:00,332.7,333.09,332.57,333.07,82735
2026-07-17 10:45:00,333.0601,333.37,332.99,333.3302,81368
2026-07-17 10:46:00,333.345,333.47,333.26,333.43,102005
2026-07-17 10:47:00,333.43,333.59,333.12,333.12,131408
2026-07-17 10:48:00,333.14,333.21,332.7,332.83,78481
2026-07-17 10:49:00,332.84,332.955,332.37,332.61,67967
2026-07-17 10:50:00,332.61,332.61,332.06,332.15,91373
2026-07-17 10:51:00,332.155,332.45,332.09,332.435,96376
2026-07-17 10:52:00,332.435,332.56,332.24,332.33,86527
2026-07-17 10:53:00,332.32,332.43,332.08,332.095,57480
2026-07-17 10:54:00,332.098,332.86,331.91,332.85,89671
2026-07-17 10:55:00,332.79,333.2397,332.75,333.1694,81646
2026-07-17 10:56:00,333.15,333.32,332.76,332.89,51218
2026-07-17 10:57:00,332.9,333.01,332.65,332.69,64138
2026-07-17 10:58:00,332.72,333.03,332.72,333.01,52941
2026-07-17 10:59:00,333.02,333.18,332.88,333.17,53532
2026-07-17 11:00:00,333.18,333.24,332.805,332.82,62406
2026-07-17 11:01:00,332.81,332.92,332.645,332.76,47490
2026-07-17 11:02:00,332.73,332.7499,332.58,332.7058,44401
2026-07-17 11:03:00,332.69,332.8999,332.51,332.815,51401
2026-07-17 11:04:00,332.84,332.96,332.745,332.92,38563
2026-07-17 11:05:00,332.92,333.34,332.8,333.33,82235
2026-07-17 11:06:00,333.32,333.39,333.12,333.22,88182
2026-07-17 11:07:00,333.23,333.4,333.17,333.2,64871
2026-07-17 11:08:00,333.2,333.425,333.18,333.425,38335
2026-07-17 11:09:00,333.425,333.44,333.25,333.3,90843
2026-07-17 11:10:00,333.315,333.38,333.18,333.375,75068
2026-07-17 11:11:00,333.38,333.545,333.15,333.46,140762
2026-07-17 11:12:00,333.47,333.98,333.44,333.76,171302
2026-07-17 11:13:00,333.741,333.9366,333.65,333.82,50292
2026-07-17 11:14:00,333.82,333.99,333.57,333.805,76232
2026-07-17 11:15:00,333.77,333.86,333.62,333.76,42479
2026-07-17 11:16:00,333.78,333.95,333.69,333.82,51859
2026-07-17 11:17:00,333.8,333.8,333.58,333.74,77493
2026-07-17 11:18:00,333.73,333.7751,333.52,333.64,61960
2026-07-17 11:19:00,333.62,333.88,333.58,333.73,50465
2026-07-17 11:20:00,333.74,333.9792,333.59,333.92,73087
2026-07-17 11:21:00,333.91,334.18,333.905,334.05,153876
2026-07-17 11:22:00,334.07,334.17,333.94,334.06,65461
2026-07-17 11:23:00,334.07,334.0801,333.4322,333.6,146374
2026-07-17 11:24:00,333.5899,333.62,333.37,333.545,50491
2026-07-17 11:25:00,333.55,334.26,333.53,334.22,92312
2026-07-17 11:26:00,334.25,334.42,334.12,334.35,88908
2026-07-17 11:27:00,334.355,334.39,334.22,334.335,84610
2026-07-17 11:28:00,334.31,334.73,334.24,334.56,112976
2026-07-17 11:29:00,334.5661,334.7667,334.44,334.655,76300
2026-07-17 11:30:00,334.6699,334.8699,334.63,334.835,92078
2026-07-17 11:31:00,334.8477,334.8561,334.6101,334.695,66031
2026-07-17 11:32:00,334.695,334.78,334.21,334.47,151222
2026-07-17 11:33:00,334.47,334.5799,334.22,334.265,64745
2026-07-17 11:34:00,334.24,334.4,333.9001,334.01,93645
2026-07-17 11:35:00,334.0001,334.0754,333.51,333.72,75904
2026-07-17 11:36:00,333.71,333.75,333.38,333.71,58753
2026-07-17 11:37:00,333.7,333.97,333.69,333.825,99088
2026-07-17 11:38:00,333.825,333.93,333.725,333.85,73409
2026-07-17 11:39:00,333.855,333.9,333.46,333.745,95626
2026-07-17 11:40:00,333.74,333.76,333.21,333.295,92312
2026-07-17 11:41:00,333.2907,333.76,333.27,333.625,83833
2026-07-17 11:42:00,333.63,334,333.61,333.77,51375
2026-07-17 11:43:00,333.765,333.94,333.72,333.825,46706
2026-07-17 11:44:00,333.81,333.875,333.585,333.735,37373
2026-07-17 11:45:00,333.74,333.74,333.21,333.2239,58054
2026-07-17 11:46:00,333.24,333.445,332.85,333.225,218920
2026-07-17 11:47:00,333.23,333.5625,333.23,333.5,67495
2026-07-17 11:48:00,333.51,333.53,333.28,333.5,56418
2026-07-17 11:49:00,333.52,333.635,333.34,333.57,41509
2026-07-17 11:50:00,333.58,333.58,333.07,333.19,67485
2026-07-17 11:51:00,333.18,333.305,333.12,333.28,53412
2026-07-17 11:52:00,333.28,333.33,333.08,333.15,43171
2026-07-17 11:53:00,333.17,333.215,332.92,332.965,115479
2026-07-17 11:54:00,332.975,333.11,332.8001,333.11,65839
2026-07-17 11:55:00,333.09,333.125,332.69,332.905,50447
2026-07-17 11:56:00,332.905,332.91,332.555,332.5606,54999
2026-07-17 11:57:00,332.56,332.77,332.37,332.44,132983
2026-07-17 11:58:00,332.43,332.51,332.05,332.225,123338
2026-07-17 11:59:00,332.22,332.435,332.02,332.35,174936
2026-07-17 12:00:00,332.36,332.41,331.95,332,167926
2026-07-17 12:01:00,331.98,332.0375,331.17,331.37,193395
2026-07-17 12:02:00,331.375,331.5299,331.2204,331.385,82602
2026-07-17 12:03:00,331.38,331.51,331.07,331.16,176181
2026-07-17 12:04:00,331.15,331.225,330.64,330.83,266597
2026-07-17 12:05:00,330.8183,330.97,330.55,330.85,254532
2026-07-17 12:06:00,330.83,330.855,330.06,330.26,107824
2026-07-17 12:07:00,330.26,330.485,330.05,330.15,105500
2026-07-17 12:08:00,330.1201,330.4001,330.03,330.17,87299
2026-07-17 12:09:00,330.175,330.6,330,330.57,94923
2026-07-17 12:10:00,330.55,330.73,330.42,330.52,93454
2026-07-17 12:11:00,330.5275,330.59,330.06,330.075,71043
2026-07-17 12:12:00,330.075,330.6,330.04,330.385,96458
2026-07-17 12:13:00,330.3851,330.4099,330.16,330.2299,54253
2026-07-17 12:14:00,330.201,330.34,330.045,330.305,66405
2026-07-17 12:15:00,330.32,330.58,330.31,330.44,88250
2026-07-17 12:16:00,330.44,330.99,330.4201,330.89,69354
2026-07-17 12:17:00,330.92,330.92,330.625,330.7901,76591
2026-07-17 12:18:00,330.79,331.13,330.79,330.885,85084
2026-07-17 12:19:00,330.8851,330.8851,330.72,330.78,40860
2026-07-17 12:20:00,330.775,331.07,330.775,330.965,72804
2026-07-17 12:21:00,330.965,331.04,330.76,330.81,63907
2026-07-17 12:22:00,330.81,330.8725,330.6,330.7,46846
2026-07-17 12:23:00,330.7,330.84,330.4301,330.61,59873
2026-07-17 12:24:00,330.58,330.6498,330.39,330.56,51112
2026-07-17 12:25:00,330.545,331.2,330.4401,331.13,69128
2026-07-17 12:26:00,331.135,331.28,330.91,331.235,67068
2026-07-17 12:27:00,331.22,331.8,331.21,331.659,85253
2026-07-17 12:28:00,331.65,331.805,331.46,331.55,69753
2026-07-17 12:29:00,331.5201,331.93,331.5201,331.7425,45780
2026-07-17 12:30:00,331.72,331.82,331.46,331.655,62311
2026-07-17 12:31:00,331.65,331.92,331.65,331.87,44426
2026-07-17 12:32:00,331.88,332.28,331.86,332.105,73629
2026-07-17 12:33:00,332.105,332.2,331.87,332.13,38905
2026-07-17 12:34:00,332.14,332.19,331.885,331.97,90774
2026-07-17 12:35:00,331.98,332.03,331.82,331.835,85587
2026-07-17 12:36:00,331.835,331.87,331.6,331.64,100363
2026-07-17 12:37:00,331.645,331.93,331.645,331.7801,93373
2026-07-17 12:38:00,331.785,331.85,331.67,331.85,29270
2026-07-17 12:39:00,331.86,332.13,331.86,332.13,30732
2026-07-17 12:40:00,332.12,332.12,331.87,331.9832,24279
2026-07-17 12:41:00,331.985,332.08,331.8901,332.075,24150
2026-07-17 12:42:00,332.085,332.17,331.93,332.17,21614
2026-07-17 12:43:00,332.1614,332.38,332.15,332.25,52100
2026-07-17 12:44:00,332.225,332.255,332.1,332.255,29238
2026-07-17 12:45:00,332.27,332.275,331.95,331.95,66615
2026-07-17 12:46:00,331.94,331.9796,331.79,331.825,23632
2026-07-17 12:47:00,331.83,331.93,331.79,331.91,72135
2026-07-17 12:48:00,331.925,332.19,331.8701,332.115,85759
2026-07-17 12:49:00,332.12,332.21,331.79,331.7925,44810
2026-07-17 12:50:00,331.8,331.91,331.6201,331.685,39613
2026-07-17 12:51:00,331.68,333.1,331.65,332.65,430058
2026-07-17 12:52:00,332.64,333.5,331.92,332.65,270581
2026-07-17 12:53:00,332.645,333.0398,332.48,332.745,195549
2026-07-17 12:54:00,332.73,332.7699,332.07,332.07,76970
2026-07-17 12:55:00,332.05,332.27,331.66,331.66,75446
2026-07-17 12:56:00,331.7,331.78,331.42,331.62,49294
2026-07-17 12:57:00,331.65,331.73,331.2,331.27,79599
2026-07-17 12:58:00,331.27,331.27,330.55,330.59,49350
2026-07-17 12:59:00,330.61,330.75,330.44,330.5101,68003
2026-07-17 13:00:00,330.51,330.74,330.29,330.5901,103175
2026-07-17 13:01:00,330.625,330.8,330.4,330.4,60107
2026-07-17 13:02:00,330.42,330.47,330.2347,330.295,67556
2026-07-17 13:03:00,330.295,330.41,330.14,330.17,88393
2026-07-17 13:04:00,330.1887,330.21,329.89,330.02,223754
2026-07-17 13:05:00,330.02,330.165,329.7,330.09,96049
2026-07-17 13:06:00,330.12,330.3,329.8115,330.145,65773
2026-07-17 13:07:00,330.13,330.345,330,330.3,45683
2026-07-17 13:08:00,330.32,330.32,330.115,330.16,62505
2026-07-17 13:09:00,330.13,330.39,330.04,330.29,96947
2026-07-17 13:10:00,330.27,330.32,330.1,330.2168,67462
2026-07-17 13:11:00,330.21,330.33,329.93,329.955,82520
2026-07-17 13:12:00,329.955,330.21,329.64,329.66,135400
2026-07-17 13:13:00,329.65,329.77,329.42,329.56,86039
2026-07-17 13:14:00,329.56,329.67,329.47,329.485,78408
2026-07-17 13:15:00,329.485,329.695,329.28,329.695,68814
2026-07-17 13:16:00,329.685,330.1599,329.6801,330.12,64455
2026-07-17 13:17:00,330.15,330.21,329.835,329.872,49177
2026-07-17 13:18:00,329.841,329.99,329.63,329.6554,40519
2026-07-17 13:19:00,329.68,329.8,329.605,329.605,42270
2026-07-17 13:20:00,329.6,329.66,329.35,329.35,49162
2026-07-17 13:21:00,329.38,329.41,329.16,329.33,69628
2026-07-17 13:22:00,329.33,329.44,329.23,329.32,41995
2026-07-17 13:23:00,329.32,329.49,329.26,329.262,42658
2026-07-17 13:24:00,329.27,329.525,329.27,329.36,116233
2026-07-17 13:25:00,329.36,330.38,329.36,330.38,137894
2026-07-17 13:26:00,330.37,330.86,330.29,330.8,242091
2026-07-17 13:27:00,330.8032,330.84,330.445,330.475,56458
2026-07-17 13:28:00,330.4899,330.515,330.32,330.5,35924
2026-07-17 13:29:00,330.5,330.58,330.41,330.54,44869
2026-07-17 13:30:00,330.5108,330.72,330.45,330.72,45076
2026-07-17 13:31:00,330.7,330.74,330.48,330.53,34062
2026-07-17 13:32:00,330.5301,330.5699,330.22,330.2201,39721
2026-07-17 13:33:00,330.22,330.47,330.22,330.245,28302
2026-07-17 13:34:00,330.245,330.45,330.14,330.325,30257
2026-07-17 13:35:00,330.33,330.35,330.08,330.16,34704
2026-07-17 13:36:00,330.15,330.4485,330.145,330.31,64884
2026-07-17 13:37:00,330.32,330.7252,330.3,330.61,41549
2026-07-17 13:38:00,330.615,330.68,330.25,330.31,59582
2026-07-17 13:39:00,330.31,330.47,330.13,330.465,34993
2026-07-17 13:40:00,330.45,330.5299,330.29,330.48,35744
2026-07-17 13:41:00,330.48,330.7,330.34,330.65,43880
2026-07-17 13:42:00,330.63,330.82,330.56,330.7,97414
2026-07-17 13:43:00,330.69,330.87,330.6,330.81,42135
2026-07-17 13:44:00,330.81,330.93,330.7695,330.8801,35868
2026-07-17 13:45:00,330.89,330.969,330.7735,330.93,30837
2026-07-17 13:46:00,330.93,330.985,330.74,330.81,49226
2026-07-17 13:47:00,330.82,330.88,330.65,330.695,45638
2026-07-17 13:48:00,330.695,330.82,330.61,330.715,29463
2026-07-17 13:49:00,330.72,330.8,330.6401,330.795,33393
2026-07-17 13:50:00,330.795,330.82,330.64,330.7,54219
2026-07-17 13:51:00,330.69,330.719,330.51,330.55,25652
2026-07-17 13:52:00,330.56,330.77,330.56,330.6099,33741
2026-07-17 13:53:00,330.6,330.82,330.46,330.74,31416
2026-07-17 13:54:00,330.73,330.85,330.72,330.82,35513
2026-07-17 13:55:00,330.82,331.22,330.8,331.21,74114
2026-07-17 13:56:00,331.19,331.58,331.17,331.46,265143
2026-07-17 13:57:00,331.4645,331.609,331.44,331.5,61887
2026-07-17 13:58:00,331.51,331.86,331.49,331.66,76416
2026-07-17 13:59:00,331.68,331.92,331.67,331.78,33579
2026-07-17 14:00:00,331.775,331.9,331.74,331.855,45419
2026-07-17 14:01:00,331.84,331.99,331.55,331.96,88900
2026-07-17 14:02:00,331.96,332.15,331.91,332.11,92847
2026-07-17 14:03:00,332.1,332.19,332.02,332.09,74980
2026-07-17 14:04:00,332.08,332.13,331.885,332.035,55019
2026-07-17 14:05:00,332.04,332.23,331.9,332.175,74098
2026-07-17 14:06:00,332.19,332.21,332.01,332.15,62258
2026-07-17 14:07:00,332.1601,332.18,331.89,332.025,68720
2026-07-17 14:08:00,332.05,332.06,331.92,331.99,59128
2026-07-17 14:09:00,332,332.1055,331.84,331.915,43976
2026-07-17 14:10:00,331.91,332.56,331.85,332.505,190858
2026-07-17 14:11:00,332.505,332.78,332.46,332.78,94001
2026-07-17 14:12:00,332.7701,333.23,332.59,332.925,352658
2026-07-17 14:13:00,332.93,332.96,332.5,332.67,77346
2026-07-17 14:14:00,332.67,332.77,332.55,332.605,47076
2026-07-17 14:15:00,332.605,332.605,332.25,332.25,109622
2026-07-17 14:16:00,332.25,332.2875,332.06,332.24,61117
2026-07-17 14:17:00,332.26,332.46,332.17,332.38,66513
2026-07-17 14:18:00,332.38,332.49,332.345,332.41,38846
2026-07-17 14:19:00,332.395,332.5,332.34,332.35,32770
2026-07-17 14:20:00,332.35,332.55,332.32,332.49,52233
2026-07-17 14:21:00,332.48,332.63,332.42,332.46,37778
2026-07-17 14:22:00,332.47,332.54,332.41,332.54,25617
2026-07-17 14:23:00,332.5352,332.61,332.485,332.485,27812
2026-07-17 14:24:00,332.49,332.575,332.44,332.52,29443
2026-07-17 14:25:00,332.54,332.719,332.45,332.53,53025
2026-07-17 14:26:00,332.54,332.6,332.3,332.32,31226
2026-07-17 14:27:00,332.315,332.43,332.228,332.43,39447
2026-07-17 14:28:00,332.435,332.51,332.32,332.42,31212
2026-07-17 14:29:00,332.425,332.455,332.345,332.375,18220
2026-07-17 14:30:00,332.375,332.38,332.235,332.32,34368
2026-07-17 14:31:00,332.27,332.38,332.1701,332.3,32605
2026-07-17 14:32:00,332.32,332.32,332.1,332.23,43398
2026-07-17 14:33:00,332.23,332.33,332.21,332.29,24762
2026-07-17 14:34:00,332.28,332.37,332.22,332.22,24006
2026-07-17 14:35:00,332.225,332.3,332.16,332.29,21324
2026-07-17 14:36:00,332.285,332.45,332.285,332.34,26894
2026-07-17 14:37:00,332.35,332.59,332.35,332.5557,36502
2026-07-17 14:38:00,332.55,332.55,332.32,332.46,26748
2026-07-17 14:39:00,332.46,332.51,332.4,332.4701,22726
2026-07-17 14:40:00,332.475,332.55,332.43,332.44,32709
2026-07-17 14:41:00,332.44,333.015,332.38,333,203612
2026-07-17 14:42:00,333.005,333.42,332.89,333.03,129679
2026-07-17 14:43:00,333.0297,333.5,332.915,333.3,191544
2026-07-17 14:44:00,333.31,333.71,333.0401,333.59,102416
2026-07-17 14:45:00,333.6,334.22,333.5,334.07,244117
2026-07-17 14:46:00,334.06,334.14,333.84,334.055,94802
2026-07-17 14:47:00,334.04,334.29,333.98,334.285,93581
2026-07-17 14:48:00,334.285,334.61,334.24,334.57,95565
2026-07-17 14:49:00,334.55,334.67,334.4,334.5,77406
2026-07-17 14:50:00,334.4911,334.51,333.92,333.955,101511
2026-07-17 14:51:00,333.9493,334.23,333.94,334.125,89898
2026-07-17 14:52:00,334.13,334.41,334.111,334.335,80209
2026-07-17 14:53:00,334.31,334.4,334.15,334.2701,65658
2026-07-17 14:54:00,334.2601,334.3,334.14,334.26,50454
2026-07-17 14:55:00,334.27,334.27,333.95,334.085,69003
2026-07-17 14:56:00,334.08,334.21,334.02,334.15,55403
2026-07-17 14:57:00,334.13,334.18,334.05,334.165,43621
2026-07-17 14:58:00,334.17,334.3,334.09,334.125,52176
2026-07-17 14:59:00,334.125,334.21,333.87,333.925,75755
2026-07-17 15:00:00,333.92,334.13,333.845,333.985,46507
2026-07-17 15:01:00,333.98,334.16,333.78,334.105,74756
2026-07-17 15:02:00,334.09,334.235,334.05,334.1,70563
2026-07-17 15:03:00,334.09,334.2,334.01,334.075,46974
2026-07-17 15:04:00,334.06,334.07,333.8,333.975,56356
2026-07-17 15:05:00,333.975,334.56,333.91,334.54,115659
2026-07-17 15:06:00,334.5599,334.64,334.03,334.095,102748
2026-07-17 15:07:00,334.095,334.12,333.825,334.0501,60445
2026-07-17 15:08:00,334.065,334.49,334.065,334.46,105248
2026-07-17 15:09:00,334.4572,334.495,333.99,334.045,84836
2026-07-17 15:10:00,334.07,334.35,333.97,334.01,168869
2026-07-17 15:11:00,334.01,334.38,333.985,334.225,52964
2026-07-17 15:12:00,334.24,334.27,333.94,333.94,60847
2026-07-17 15:13:00,333.94,334.14,333.7301,334.125,72162
2026-07-17 15:14:00,334.125,334.125,333.61,333.64,127926
2026-07-17 15:15:00,333.63,333.79,333.49,333.645,127786
2026-07-17 15:16:00,333.66,333.955,333.64,333.69,70661
2026-07-17 15:17:00,333.6899,333.69,333.4,333.4,101424
2026-07-17 15:18:00,333.4,333.45,333.2601,333.35,80157
2026-07-17 15:19:00,333.35,333.46,333.28,333.35,61021
2026-07-17 15:20:00,333.345,333.555,333.25,333.31,75355
2026-07-17 15:21:00,333.3,333.3,332.97,332.97,92164
2026-07-17 15:22:00,332.975,333.2,332.9324,332.99,87290
2026-07-17 15:23:00,332.98,333.11,332.94,333.04,65008
2026-07-17 15:24:00,333.045,333.07,332.76,332.77,86571
2026-07-17 15:25:00,332.77,332.885,332.6,332.65,67029
2026-07-17 15:26:00,332.66,332.91,332.61,332.87,70841
2026-07-17 15:27:00,332.865,332.915,332.71,332.815,76963
2026-07-17 15:28:00,332.815,332.885,332.6,332.64,69111
2026-07-17 15:29:00,332.66,332.83,332.36,332.83,208048
2026-07-17 15:30:00,332.78,332.93,332.595,332.68,128705
2026-07-17 15:31:00,332.68,332.73,332.395,332.725,155507
2026-07-17 15:32:00,332.725,332.725,332.35,332.565,102862
2026-07-17 15:33:00,332.5707,332.6,332.29,332.33,82600
2026-07-17 15:34:00,332.34,332.8,332.26,332.71,127932
2026-07-17 15:35:00,332.72,332.8,332.41,332.475,90990
2026-07-17 15:36:00,332.48,332.9,332.3201,332.72,91616
2026-07-17 15:37:00,332.72,333.2,332.64,333.09,86900
2026-07-17 15:38:00,333.12,333.32,333.04,333.09,74004
2026-07-17 15:39:00,333.08,333.44,333.04,333.43,65305
2026-07-17 15:40:00,333.43,333.47,332.95,333.1299,149188
2026-07-17 15:41:00,333.13,333.16,332.93,332.93,69414
2026-07-17 15:42:00,332.945,333.3899,332.945,333.3899,105385
2026-07-17 15:43:00,333.375,333.77,333.31,333.62,171056
2026-07-17 15:44:00,333.62,334.09,333.54,333.92,290858
2026-07-17 15:45:00,333.9,334.14,333.84,333.92,159588
2026-07-17 15:46:00,333.92,334.09,333.765,334.075,123154
2026-07-17 15:47:00,334.09,334.18,333.68,333.935,167782
2026-07-17 15:48:00,333.95,334.1,333.86,333.955,82924
2026-07-17 15:49:00,333.955,334.01,333.69,333.92,102514
2026-07-17 15:50:00,333.905,334.2,333.67,333.84,182546
2026-07-17 15:51:00,333.865,334.015,333.8401,333.9501,107681
2026-07-17 15:52:00,333.95,334.13,333.75,333.92,192114
2026-07-17 15:53:00,333.92,334.37,333.86,334.355,116437
2026-07-17 15:54:00,334.33,334.38,333.76,334.16,177649
2026-07-17 15:55:00,334.15,334.175,333.65,333.8999,336365
2026-07-17 15:56:00,333.89,334.24,333.62,333.75,312239
2026-07-17 15:57:00,333.75,334.08,333.66,333.94,341720
2026-07-17 15:58:00,333.92,334.19,333.7,334.14,474291
2026-07-17 15:59:00,334.13,334.23,333.41,333.74,826926
2026-07-17 16:00:00,333.74,333.78,333.4,333.528,6881814
2026-07-17 16:01:00,333.5997,333.75,333.59,333.6799,2312
2026-07-17 16:02:00,333.63,333.74,333.52,333.52,4424
2026-07-17 16:03:00,333.58,333.63,333.5,333.5,696
2026-07-17 16:04:00,333.46,333.57,333.46,333.57,2470
2026-07-17 16:05:00,333.5017,333.63,333.46,333.55,4945
2026-07-17 16:06:00,333.5565,333.6,333.5565,333.6,842
2026-07-17 16:07:00,333.6,333.73,333.5963,333.712,2644
2026-07-17 16:08:00,333.7,333.7,333.63,333.6336,345
2026-07-17 16:09:00,333.6379,333.64,333.6,333.64,1775
2026-07-17 16:10:00,333.6318,333.85,333.52,333.85,8066
2026-07-17 16:11:00,333.68,333.68,333.68,333.68,54
2026-07-17 16:12:00,333.7837,333.7837,333.68,333.7,225
2026-07-17 16:13:00,333.5626,333.7,333.5626,333.69,850
2026-07-17 16:14:00,333.6104,333.6104,333.6104,333.6104,75
2026-07-17 16:15:00,333.64,333.6493,333.64,333.6493,350
2026-07-17 16:16:00,333.6993,333.6993,333.696,333.696,120
2026-07-17 16:17:00,333.64,333.672,333.628,333.628,304
2026-07-17 16:18:00,333.64,333.67,333.58,333.67,996
2026-07-17 16:19:00,333.6496,333.8,333.58,333.58,1035
2026-07-17 16:20:00,333.8,333.85,333.8,333.85,851
2026-07-17 16:21:00,333.86,333.88,333.7,333.795,1148
2026-07-17 16:23:00,333.8139,333.8139,333.8,333.8,181
2026-07-17 16:24:00,333.7,333.7,333.7,333.7,60
2026-07-17 16:25:00,333.75,333.75,333.75,333.75,1402
2026-07-17 16:26:00,333.83,333.83,333.7423,333.79,779
2026-07-17 16:27:00,333.75,333.75,333.75,333.75,50
2026-07-17 16:29:00,333.775,333.775,333.77,333.77,128
2026-07-17 16:31:00,333.74,333.74,333.74,333.74,8512
2026-07-17 16:32:00,333.85,333.85,333.85,333.85,98
2026-07-17 16:33:00,333.79,333.79,333.79,333.79,40
2026-07-17 16:34:00,333.8,333.88,333.8,333.88,310
2026-07-17 16:35:00,333.7,333.84,333.7,333.84,575
2026-07-17 16:36:00,333.85,333.87,333.85,333.86,3900
2026-07-17 16:37:00,333.88,333.9361,333.88,333.9361,190
2026-07-17 16:38:00,333.95,334,333.8739,333.975,722
2026-07-17 16:39:00,333.9486,333.9486,333.86,333.86,280
2026-07-17 16:40:00,333.9251,333.97,333.87,333.9,988
2026-07-17 16:41:00,333.93,333.93,333.87,333.87,200
2026-07-17 16:43:00,333.8793,333.895,333.8793,333.895,280
2026-07-17 16:44:00,333.895,333.9709,333.86,333.9709,1215
2026-07-17 16:45:00,333.96,333.98,333.95,333.95,502
2026-07-17 16:46:00,333.94,333.94,333.9014,333.9014,199
2026-07-17 16:47:00,333.9,334,333.86,333.94,2249
2026-07-17 16:48:00,333.875,333.875,333.87,333.87,140
2026-07-17 16:49:00,333.875,333.99,333.86,333.99,1002
2026-07-17 16:50:00,333.92,333.9711,333.92,333.9711,260
2026-07-17 16:51:00,333.95,333.95,333.8776,333.8776,142
2026-07-17 16:54:00,333.9614,334.1,333.96,333.96,1928
2026-07-17 16:55:00,334.04,334.12,334.03,334.1,999
2026-07-17 16:56:00,334.11,334.2,334.11,334.2,1020
2026-07-17 16:57:00,334.0668,334.34,334.0668,334.34,1546
2026-07-17 16:58:00,334.09,334.11,334.0551,334.0551,345
2026-07-17 16:59:00,334.1,334.2899,334.09,334.2899,1104
2026-07-17 17:00:00,334.05,334.09,334.03,334.03,1029
2026-07-17 17:01:00,334.05,334.05,334.05,334.05,300
2026-07-17 17:02:00,333.98,333.98,333.98,333.98,100
2026-07-17 17:03:00,334,334,333.9155,334,2390
2026-07-17 17:04:00,333.975,334.05,333.94,334.05,240
2026-07-17 17:05:00,334.025,334.05,334.025,334.0484,280
2026-07-17 17:06:00,334,334,333.99,333.99,130
2026-07-17 17:07:00,333.9,333.95,333.86,333.86,2684
2026-07-17 17:08:00,333.74,333.8,333.74,333.7415,1589
2026-07-17 17:09:00,333.7493,333.7493,333.7493,333.7493,50
2026-07-17 17:10:00,333.8,333.8,333.75,333.75,150
2026-07-17 17:11:00,333.8,333.8,333.8,333.8,178
2026-07-17 17:12:00,333.76,333.76,333.76,333.76,53
2026-07-17 17:13:00,333.79,333.79,333.75,333.75,148
2026-07-17 17:14:00,333.75,333.75,333.74,333.74,2194
2026-07-17 17:15:00,333.75,333.75,333.7,333.72,362
2026-07-17 17:16:00,333.7008,333.7008,333.7008,333.7008,78
2026-07-17 17:17:00,333.7,333.72,333.7,333.72,1399
2026-07-17 17:18:00,333.74,333.74,333.72,333.72,163
2026-07-17 17:19:00,333.74,333.796,333.74,333.79,689
2026-07-17 17:20:00,333.84,333.86,333.84,333.86,280
2026-07-17 17:21:00,333.84,333.85,333.8,333.8,730
2026-07-17 17:22:00,333.8197,333.8197,333.818,333.818,80
2026-07-17 17:23:00,333.78,333.78,333.7248,333.7248,102
2026-07-17 17:24:00,333.75,333.75,333.75,333.75,40
2026-07-17 17:25:00,333.7989,333.8,333.7989,333.8,308
2026-07-17 17:26:00,333.85,333.86,333.85,333.86,271
2026-07-17 17:27:00,333.8421,333.8421,333.8421,333.8421,60
2026-07-17 17:29:00,333.86,333.86,333.86,333.86,120
2026-07-17 17:30:00,333.8497,333.8497,333.8497,333.8497,75
2026-07-17 17:32:00,333.74,333.74,333.74,333.74,500
2026-07-17 17:34:00,333.83,333.85,333.83,333.85,195
2026-07-17 17:35:00,333.86,333.86,333.86,333.86,920
2026-07-17 17:36:00,333.86,333.86,333.8068,333.8068,446
2026-07-17 17:37:00,333.8574,333.86,333.8574,333.86,330
2026-07-17 17:39:00,333.7225,333.7225,333.7225,333.7225,48
2026-07-17 17:40:00,333.76,333.86,333.71,333.86,1302
2026-07-17 17:41:00,333.86,333.86,333.86,333.86,164
2026-07-17 17:42:00,333.8492,333.8548,333.8492,333.8548,200
2026-07-17 17:43:00,333.8008,333.86,333.79,333.86,450
2026-07-17 17:44:00,333.86,333.86,333.86,333.86,80
2026-07-17 17:45:00,333.86,333.86,333.86,333.86,580
2026-07-17 17:46:00,333.8591,333.86,333.8431,333.86,1483
2026-07-17 17:47:00,333.8407,333.8407,333.8407,333.8407,100
2026-07-17 17:48:00,333.86,333.86,333.86,333.86,3731
2026-07-17 17:49:00,333.86,333.86,333.86,333.86,1397
2026-07-17 17:52:00,333.91,333.91,333.91,333.91,329
2026-07-17 17:53:00,333.98,333.98,333.98,333.98,73
2026-07-17 17:54:00,333.9308,333.9308,333.9308,333.9308,119
2026-07-17 17:55:00,333.9306,333.97,333.9277,333.9277,509
2026-07-17 17:56:00,333.97,333.99,333.97,333.97,716
2026-07-17 17:57:00,334.01,334.01,333.94,333.94,270
2026-07-17 17:58:00,333.95,333.95,333.95,333.95,53
2026-07-17 17:59:00,333.92,333.92,333.92,333.92,140
2026-07-17 18:03:00,333.99,333.99,333.9637,333.9637,450
2026-07-17 18:04:00,333.99,333.99,333.96,333.96,295
2026-07-17 18:05:00,333.99,333.99,333.99,333.99,54
2026-07-17 18:06:00,333.8556,334.01,333.8556,333.96,944
2026-07-17 18:07:00,333.94,334.0487,333.94,334.0487,450
2026-07-17 18:08:00,334.01,334.01,334.01,334.01,41
2026-07-17 18:09:00,333.8979,334.05,333.8979,334.04,439
2026-07-17 18:10:00,333.9667,333.9667,333.9667,333.9667,50
2026-07-17 18:12:00,333.98,333.98,333.98,333.98,40
2026-07-17 18:14:00,333.91,333.97,333.83,333.83,1693
2026-07-17 18:16:00,333.8484,333.8484,333.8484,333.8484,40
2026-07-17 18:17:00,333.8466,333.8466,333.8466,333.8466,80
2026-07-17 18:18:00,333.87,333.89,333.87,333.89,124
2026-07-17 18:20:00,333.84,333.85,333.7406,333.84,874
2026-07-17 18:23:00,333.8001,333.8001,333.8,333.8,125
2026-07-17 18:25:00,333.85,333.86,333.85,333.86,125
2026-07-17 18:26:00,333.9,333.9,333.9,333.9,50
2026-07-17 18:27:00,333.8601,333.8601,333.8601,333.8601,100
2026-07-17 18:28:00,333.97,333.98,333.965,333.97,269
2026-07-17 18:29:00,333.98,333.98,333.98,333.98,150
2026-07-17 18:31:00,334,334,333.8867,333.8867,231
2026-07-17 18:32:00,333.9809,333.9809,333.88,333.91,387
2026-07-17 18:33:00,333.98,333.99,333.98,333.99,150
2026-07-17 18:34:00,333.98,333.98,333.98,333.98,50
2026-07-17 18:35:00,333.93,333.93,333.93,333.93,79
2026-07-17 18:36:00,333.9001,333.9001,333.9001,333.9001,200
2026-07-17 18:37:00,333.9997,333.9997,333.9029,333.9029,202
2026-07-17 18:39:00,333.96,333.96,333.87,333.9002,1396
2026-07-17 18:40:00,333.98,333.98,333.87,333.87,1097
2026-07-17 18:41:00,333.97,333.98,333.97,333.98,455
2026-07-17 18:44:00,333.9207,333.9207,333.9207,333.9207,100
2026-07-17 18:45:00,333.8871,333.9,333.88,333.88,202
2026-07-17 18:46:00,333.875,333.88,333.875,333.88,99
2026-07-17 18:47:00,333.8773,333.8773,333.8773,333.8773,221
2026-07-17 18:49:00,333.9,333.98,333.89,333.89,275
2026-07-17 18:50:00,333.89,333.93,333.89,333.93,355
2026-07-17 18:51:00,333.8731,333.89,333.87,333.89,1293
2026-07-17 18:52:00,333.95,333.98,333.95,333.98,99
2026-07-17 18:53:00,333.98,333.98,333.98,333.98,81
2026-07-17 18:54:00,333.95,333.97,333.8824,333.8824,460
2026-07-17 18:55:00,333.94,333.95,333.94,333.95,140
2026-07-17 18:56:00,333.87,333.87,333.87,333.87,100
2026-07-17 18:58:00,333.9124,333.9124,333.9124,333.9124,200
2026-07-17 18:59:00,333.91,333.91,333.91,333.91,41
2026-07-17 19:00:00,333.91,333.91,333.9,333.9,109
2026-07-17 19:02:00,333.9411,333.9411,333.9411,333.9411,85
2026-07-17 19:05:00,333.87,333.9228,333.86,333.86,419
2026-07-17 19:06:00,333.81,333.81,333.8,333.8,497
2026-07-17 19:07:00,333.8,333.8699,333.8,333.8699,222
2026-07-17 19:12:00,333.8423,333.8423,333.8423,333.8423,50
2026-07-17 19:14:00,333.8423,333.85,333.8423,333.85,476
2026-07-17 19:16:00,333.8,333.8155,333.8,333.8155,147
2026-07-17 19:19:00,333.8,333.8,333.8,333.8,938
2026-07-17 19:21:00,333.74,333.75,333.68,333.75,1307
2026-07-17 19:23:00,333.8,333.8,333.76,333.76,228
2026-07-17 19:24:00,333.8,333.8,333.7923,333.7923,413
2026-07-17 19:25:00,333.75,333.75,333.75,333.75,43
2026-07-17 19:26:00,333.75,333.765,333.72,333.72,1789
2026-07-17 19:27:00,333.715,333.715,333.71,333.71,87
2026-07-17 19:28:00,333.65,333.65,333.65,333.65,100
2026-07-17 19:32:00,333.66,333.66,333.66,333.66,46
2026-07-17 19:35:00,333.6781,333.6906,333.6781,333.6906,499
2026-07-17 19:36:00,333.7162,333.7162,333.7087,333.7087,128
2026-07-17 19:37:00,333.69,333.69,333.54,333.54,198
2026-07-17 19:38:00,333.78,333.78,333.78,333.78,59
2026-07-17 19:40:00,333.8,333.8,333.8,333.8,60
2026-07-17 19:44:00,333.66,333.67,333.66,333.67,223
2026-07-17 19:45:00,333.66,333.66,333.66,333.66,150
2026-07-17 19:46:00,333.6973,333.7,333.6973,333.7,407
2026-07-17 19:47:00,333.74,333.74,333.7,333.73,850
2026-07-17 19:49:00,333.7041,333.7041,333.7041,333.7041,101
2026-07-17 19:50:00,333.7266,333.74,333.5838,333.74,630
2026-07-17 19:51:00,333.73,333.74,333.7121,333.74,492
2026-07-17 19:52:00,333.71,333.75,333.71,333.75,443
2026-07-17 19:54:00,333.76,333.84,333.76,333.7601,3180
2026-07-17 19:55:00,333.84,333.84,333.8,333.8,3140
2026-07-17 19:56:00,333.78,333.78,333.78,333.78,122
2026-07-17 19:57:00,333.8,333.8,333.6187,333.62,385
2026-07-17 19:58:00,333.61,333.6992,333.61,333.6992,240
2026-07-17 19:59:00,333.69,333.69,333.6889,333.6889,381
2026-07-20 04:00:00,333.26,334.33,332.9112,333.2,26417
2026-07-20 04:01:00,333.3,334.26,332.98,333.18,6200
2026-07-20 04:02:00,333.19,333.69,332.98,333.69,3492
2026-07-20 04:03:00,333.59,333.59,333.59,333.59,419
2026-07-20 04:04:00,333.5,333.5,333.07,333.07,301
2026-07-20 04:05:00,333.48,333.48,333.06,333.06,172
2026-07-20 04:06:00,333.07,334.02,332.98,332.98,600
2026-07-20 04:07:00,333.68,333.68,333.68,333.68,43
2026-07-20 04:09:00,333.53,333.7,333.53,333.7,180
2026-07-20 04:11:00,333.66,333.74,333.66,333.69,343
2026-07-20 04:12:00,333.82,333.82,333.8,333.8,798
2026-07-20 04:13:00,333.88,334.0,333.88,333.95,471
2026-07-20 04:14:00,333.89,333.89,333.89,333.89,249
2026-07-20 04:15:00,334.0,334.13,334.0,334.04,443
2026-07-20 04:16:00,333.98,334.2376,333.81,333.81,757
2026-07-20 04:17:00,333.8,333.88,333.5,333.51,1000
2026-07-20 04:19:00,333.52,333.53,333.52,333.53,99
2026-07-20 04:20:00,333.51,333.51,333.51,333.51,113
2026-07-20 04:24:00,333.64,333.64,333.31,333.5,298
2026-07-20 04:25:00,333.38,333.38,333.34,333.34,338
2026-07-20 04:26:00,333.64,333.64,333.64,333.64,201
2026-07-20 04:30:00,333.36,333.36,333.16,333.16,145
2026-07-20 04:32:00,333.24,333.24,333.2,333.2,193
2026-07-20 04:33:00,333.34,333.34,333.34,333.34,56
2026-07-20 04:36:00,333.4,333.43,333.4,333.43,157
2026-07-20 04:37:00,333.32,333.32,333.32,333.32,98
2026-07-20 04:38:00,333.43,333.43,333.43,333.43,51
2026-07-20 04:39:00,333.5,333.56,333.31,333.31,211
2026-07-20 04:40:00,333.33,333.33,333.33,333.33,60
2026-07-20 04:41:00,333.36,333.36,333.33,333.33,102
2026-07-20 04:42:00,333.36,333.36,333.31,333.31,181
2026-07-20 04:43:00,333.33,333.33,333.3,333.3,159
2026-07-20 04:44:00,333.33,333.33,333.33,333.33,60
2026-07-20 04:45:00,333.3,333.3,333.29,333.29,119
2026-07-20 04:46:00,333.47,333.47,333.47,333.47,40
2026-07-20 04:47:00,333.32,333.32,333.1481,333.1481,177
2026-07-20 04:49:00,333.16,333.16,333.16,333.16,40
2026-07-20 04:55:00,333.3,333.3,333.3,333.3,41
2026-07-20 04:56:00,333.41,333.41,333.41,333.41,47
2026-07-20 04:57:00,333.49,333.5,333.49,333.5,209
2026-07-20 04:58:00,333.51,333.51,333.51,333.51,90
2026-07-20 05:00:00,333.55,333.55,333.55,333.55,60
2026-07-20 05:03:00,333.49,333.58,333.49,333.58,597
2026-07-20 05:04:00,333.51,333.51,333.51,333.51,49
2026-07-20 05:05:00,333.51,333.51,333.3,333.3,616
2026-07-20 05:06:00,333.41,333.41,333.41,333.41,962
2026-07-20 05:09:00,333.3,333.3,333.3,333.3,100
2026-07-20 05:10:00,333.37,333.4,333.37,333.4,288
2026-07-20 05:11:00,333.33,333.33,333.33,333.33,50
2026-07-20 05:15:00,333.28,333.28,333.28,333.28,488
2026-07-20 05:16:00,333.24,333.26,333.2,333.26,576
2026-07-20 05:20:00,333.27,333.27,333.27,333.27,62
2026-07-20 05:21:00,333.3,333.3,333.3,333.3,58
2026-07-20 05:22:00,333.35,333.35,333.35,333.35,40
2026-07-20 05:25:00,333.28,333.28,333.28,333.28,100
2026-07-20 05:26:00,333.47,333.6,333.47,333.47,1170
2026-07-20 05:27:00,333.4,333.44,333.4,333.44,300
2026-07-20 05:28:00,333.46,333.46,333.46,333.46,40
2026-07-20 05:29:00,333.43,333.5644,333.38,333.5644,722
2026-07-20 05:30:00,333.44,333.45,333.44,333.45,230
2026-07-20 05:32:00,333.36,333.36,333.35,333.35,489
2026-07-20 05:37:00,333.5,333.57,333.5,333.57,80
2026-07-20 05:39:00,333.351,333.61,333.3504,333.61,527
2026-07-20 05:41:00,333.43,333.43,333.43,333.43,82
2026-07-20 05:42:00,333.41,333.41,333.35,333.4,684
2026-07-20 05:43:00,333.4,333.48,333.4,333.46,548
2026-07-20 05:45:00,333.5,333.5,333.27,333.33,949
2026-07-20 05:48:00,333.4,333.42,333.4,333.42,100
2026-07-20 05:49:00,333.2003,333.2003,333.2003,333.2003,390
2026-07-20 05:50:00,333.61,333.61,333.34,333.34,92
2026-07-20 05:51:00,333.4229,333.4229,333.4229,333.4229,54
2026-07-20 05:53:00,333.48,333.5,333.48,333.5,227
2026-07-20 05:55:00,333.35,333.35,333.3,333.3,552
2026-07-20 05:58:00,333.1648,333.29,333.1648,333.29,1083
2026-07-20 06:00:00,333.21,333.21,333.2004,333.2004,153
2026-07-20 06:01:00,333.19,333.73,333.19,333.4,1880
2026-07-20 06:02:00,333.46,333.48,333.46,333.48,250
2026-07-20 06:03:00,333.386,333.386,333.386,333.386,100
2026-07-20 06:04:00,333.35,333.35,333.35,333.35,87
2026-07-20 06:06:00,333.34,333.34,333.3,333.3,1410
2026-07-20 06:08:00,333.2,333.2,333.2,333.2,1484
2026-07-20 06:10:00,333.11,333.11,333.09,333.09,435
2026-07-20 06:11:00,333.0,333.0,332.85,332.85,366
2026-07-20 06:12:00,332.6,332.6,332.6,332.6,100
2026-07-20 06:13:00,332.9,332.9,332.9,332.9,41
2026-07-20 06:14:00,332.86,332.86,332.72,332.72,244
2026-07-20 06:15:00,332.75,332.75,332.61,332.61,470
2026-07-20 06:16:00,332.77,332.78,332.77,332.7793,131
2026-07-20 06:19:00,332.76,332.76,332.6,332.75,632
2026-07-20 06:23:00,332.64,332.68,332.61,332.61,356
2026-07-20 06:24:00,332.66,332.66,332.66,332.66,40
2026-07-20 06:25:00,332.62,332.62,332.61,332.62,358
2026-07-20 06:27:00,332.67,332.79,332.67,332.75,136
2026-07-20 06:28:00,332.75,332.75,332.75,332.75,41
2026-07-20 06:29:00,332.76,332.78,332.67,332.67,130
2026-07-20 06:30:00,332.89,335.0,332.78,334.16,36487
2026-07-20 06:31:00,333.99,333.9997,333.84,333.84,172
2026-07-20 06:32:00,333.58,333.58,333.53,333.53,299
2026-07-20 06:33:00,333.45,333.45,332.87,333.01,1842
2026-07-20 06:34:00,333.2,333.28,333.2,333.28,180
2026-07-20 06:35:00,333.23,333.29,333.23,333.29,560
2026-07-20 06:36:00,333.15,333.26,333.15,333.23,344
2026-07-20 06:38:00,333.27,333.6,333.27,333.6,83
2026-07-20 06:42:00,333.14,333.14,333.14,333.14,50
2026-07-20 06:43:00,333.0,333.0,332.82,332.83,565
2026-07-20 06:45:00,332.81,332.81,332.7,332.7,273
2026-07-20 06:46:00,332.69,332.69,332.69,332.69,100
2026-07-20 06:48:00,332.7,332.7,332.7,332.7,56
2026-07-20 06:50:00,332.72,332.72,332.7,332.7,565
2026-07-20 06:51:00,332.65,332.65,332.62,332.62,318
2026-07-20 06:52:00,332.62,332.69,332.62,332.69,439
2026-07-20 06:53:00,332.78,332.79,332.78,332.79,450
2026-07-20 06:59:00,333.1455,333.1455,333.1455,333.1455,102
2026-07-20 07:00:00,332.99,333.0,332.61,332.8,12370
2026-07-20 07:01:00,332.79,332.79,332.61,332.61,807
2026-07-20 07:02:00,332.59,332.71,332.59,332.69,1676
2026-07-20 07:03:00,333.0,333.0,332.662,332.8,365
2026-07-20 07:04:00,332.76,333.0,332.75,332.75,340
2026-07-20 07:05:00,332.67,332.78,332.67,332.7229,849
2026-07-20 07:06:00,332.75,332.75,332.75,332.75,125
2026-07-20 07:07:00,332.6808,332.75,332.62,332.62,1364
2026-07-20 07:08:00,332.57,332.92,332.51,332.51,1153
2026-07-20 07:09:00,332.9,332.9,332.73,332.87,437
2026-07-20 07:10:00,332.8,332.8,332.6152,332.6152,582
2026-07-20 07:11:00,332.62,332.62,332.3,332.3,2135
2026-07-20 07:12:00,332.3,332.3,331.94,332.12,8962
2026-07-20 07:13:00,332.22,332.24,332.15,332.2,554
2026-07-20 07:14:00,332.18,332.34,332.18,332.3003,352
2026-07-20 07:15:00,332.35,332.35,332.35,332.35,40
2026-07-20 07:16:00,332.3577,332.4,332.29,332.29,362
2026-07-20 07:17:00,332.29,332.29,331.94,331.94,5756
2026-07-20 07:18:00,331.95,331.99,331.95,331.97,1530
2026-07-20 07:19:00,331.98,331.98,331.9701,331.98,1081
2026-07-20 07:20:00,332.0,332.0,332.0,332.0,58
2026-07-20 07:21:00,332.0,332.0992,332.0,332.0992,200
2026-07-20 07:22:00,332.03,332.03,331.94,331.9977,1362
2026-07-20 07:23:00,331.94,331.98,331.9,331.915,1906
2026-07-20 07:24:00,331.83,331.88,331.5,331.67,6815
2026-07-20 07:25:00,331.27,331.7009,331.27,331.7009,3211
2026-07-20 07:26:00,331.53,331.69,331.49,331.6,777
2026-07-20 07:27:00,331.67,331.69,331.6001,331.6001,240
2026-07-20 07:28:00,331.8,331.85,331.8,331.84,308
2026-07-20 07:29:00,331.78,331.85,331.78,331.85,2169
2026-07-20 07:30:00,331.85,332.02,331.84,332.02,4672
2026-07-20 07:31:00,332.02,332.5,332.02,332.5,1911
2026-07-20 07:32:00,332.47,332.7,332.17,332.63,2816
2026-07-20 07:33:00,332.31,332.7,332.31,332.7,840
2026-07-20 07:34:00,332.5014,332.74,332.5014,332.6,1342
2026-07-20 07:35:00,332.74,332.75,332.516,332.56,1986
2026-07-20 07:36:00,332.5,332.74,332.4182,332.74,1179
2026-07-20 07:37:00,332.59,332.8,332.57,332.7743,4521
2026-07-20 07:38:00,332.77,332.79,332.74,332.74,1791
2026-07-20 07:39:00,332.69,332.69,332.65,332.65,280
2026-07-20 07:40:00,332.52,332.52,332.41,332.4951,474
2026-07-20 07:41:00,332.54,332.55,332.47,332.5412,512
2026-07-20 07:42:00,332.53,332.65,332.5,332.65,2879
2026-07-20 07:43:00,332.5,332.5,332.37,332.39,1718
2026-07-20 07:44:00,332.34,332.34,332.0,332.02,4774
2026-07-20 07:45:00,332.09,332.2284,331.9,332.01,2331
2026-07-20 07:46:00,332.0,332.15,331.85,331.99,501
2026-07-20 07:47:00,331.933,331.933,331.5,331.5,2921
2026-07-20 07:48:00,331.5,331.75,331.5,331.75,949
2026-07-20 07:49:00,331.8,331.83,331.7,331.83,891
2026-07-20 07:50:00,331.62,331.62,331.6,331.6,2047
2026-07-20 07:51:00,331.64,331.81,331.5001,331.81,1496
2026-07-20 07:52:00,331.98,331.98,331.73,331.73,90
2026-07-20 07:53:00,331.78,331.969,331.615,331.6175,3827
2026-07-20 07:54:00,331.65,331.73,331.65,331.7,750
2026-07-20 07:55:00,331.73,331.73,331.6859,331.7,752
2026-07-20 07:56:00,331.66,331.66,331.53,331.56,1880
2026-07-20 07:57:00,331.59,331.6,331.5341,331.5341,230
2026-07-20 07:58:00,331.59,331.6,331.52,331.57,615
2026-07-20 07:59:00,331.58,331.6,331.57,331.57,275
2026-07-20 08:00:00,331.6,331.6,331.52,331.52,951
2026-07-20 08:01:00,331.54,331.6212,331.5,331.5,1465
2026-07-20 08:02:00,331.5,331.5,331.36,331.36,1776
2026-07-20 08:03:00,331.39,331.3938,331.27,331.27,3910
2026-07-20 08:04:00,331.27,331.39,331.27,331.27,970
2026-07-20 08:05:00,331.27,331.42,331.27,331.34,657
2026-07-20 08:06:00,331.396,331.396,331.3,331.3901,12591
2026-07-20 08:07:00,331.3,331.41,331.3,331.35,12169
2026-07-20 08:08:00,331.48,331.57,331.48,331.57,360
2026-07-20 08:09:00,331.42,331.6078,331.4,331.4,456
2026-07-20 08:10:00,331.5,331.65,331.5,331.55,194
2026-07-20 08:11:00,331.45,331.62,331.45,331.56,416
2026-07-20 08:12:00,331.66,331.66,331.56,331.5801,1331
2026-07-20 08:13:00,331.58,331.58,331.58,331.58,71
2026-07-20 08:14:00,331.6,331.6,331.33,331.34,2067
2026-07-20 08:15:00,331.42,331.48,331.41,331.44,669
2026-07-20 08:16:00,331.42,331.5,331.42,331.5,618
2026-07-20 08:17:00,331.6,331.6,331.4001,331.4001,212
2026-07-20 08:18:00,331.5,331.5,331.5,331.5,50
2026-07-20 08:19:00,331.59,331.6,331.51,331.6,1393
2026-07-20 08:20:00,331.6522,331.6522,331.65,331.65,147
2026-07-20 08:21:00,331.6564,331.7,331.6,331.68,426
2026-07-20 08:22:00,331.6661,331.6661,331.6661,331.6661,60
2026-07-20 08:23:00,331.72,331.75,331.6497,331.73,1855
2026-07-20 08:24:00,331.85,332.11,331.84,332.11,3717
2026-07-20 08:25:00,332.15,332.15,332.14,332.1498,532
2026-07-20 08:26:00,332.14,332.2,332.14,332.2,352
2026-07-20 08:27:00,332.15,332.39,332.15,332.29,4687
2026-07-20 08:28:00,332.29,332.4,332.22,332.22,992
2026-07-20 08:29:00,332.0901,332.47,332.0901,332.47,1243
2026-07-20 08:30:00,332.3,332.35,332.3,332.35,6833
2026-07-20 08:31:00,332.39,332.39,332.39,332.39,100
2026-07-20 08:32:00,332.23,332.23,332.18,332.2265,1252
2026-07-20 08:33:00,332.19,332.19,332.19,332.19,500
2026-07-20 08:34:00,332.11,332.16,332.0,332.16,830
2026-07-20 08:35:00,332.2,332.2,332.0,332.0,922
2026-07-20 08:36:00,332.0511,332.33,332.0,332.01,911
2026-07-20 08:37:00,332.01,332.0822,332.0,332.0,1011
2026-07-20 08:38:00,332.12,332.12,332.0,332.0,188
2026-07-20 08:39:00,332.07,332.0763,332.0,332.04,738
2026-07-20 08:40:00,332.04,332.04,332.04,332.04,363
2026-07-20 08:41:00,332.12,332.13,332.04,332.11,1536
2026-07-20 08:42:00,332.1,332.11,332.0,332.0,430
2026-07-20 08:43:00,332.29,332.29,332.1468,332.1468,2999
2026-07-20 08:44:00,332.0856,332.28,332.04,332.05,619
2026-07-20 08:45:00,332.11,332.11,332.11,332.11,100
2026-07-20 08:46:00,332.0394,332.33,332.0394,332.33,2117
2026-07-20 08:47:00,332.32,332.4,332.32,332.4,3694
2026-07-20 08:48:00,332.47,332.6,332.47,332.55,2651
2026-07-20 08:49:00,332.39,332.39,332.39,332.39,100
2026-07-20 08:50:00,332.48,332.51,332.48,332.51,288
2026-07-20 08:51:00,332.5,332.56,332.5,332.56,517
2026-07-20 08:52:00,332.48,332.56,332.47,332.56,851
2026-07-20 08:53:00,332.41,332.4364,332.39,332.39,1366
2026-07-20 08:54:00,332.35,332.42,332.35,332.42,2276
2026-07-20 08:55:00,332.3856,332.425,332.35,332.425,451
2026-07-20 08:56:00,332.5,332.5,332.35,332.35,985
2026-07-20 08:57:00,332.3797,332.49,332.3797,332.49,342
2026-07-20 08:58:00,332.49,332.65,332.49,332.59,1086
2026-07-20 08:59:00,332.54,332.55,332.5,332.55,380
2026-07-20 09:00:00,332.54,332.57,332.26,332.4,2849
2026-07-20 09:02:00,332.31,332.31,332.2,332.2,987
2026-07-20 09:03:00,332.27,332.2761,332.2001,332.2761,335
2026-07-20 09:04:00,332.21,332.39,332.21,332.39,217
2026-07-20 09:05:00,332.25,332.45,332.21,332.21,2025
2026-07-20 09:06:00,332.2,332.2,332.0,332.0,1328
2026-07-20 09:07:00,332.1,332.17,332.1,332.17,195
2026-07-20 09:08:00,332.18,332.19,332.18,332.19,1250
2026-07-20 09:10:00,332.1,332.11,332.01,332.09,957
2026-07-20 09:11:00,332.13,332.2,332.12,332.12,1088
2026-07-20 09:12:00,332.26,332.45,332.26,332.45,751
2026-07-20 09:13:00,332.42,332.59,332.31,332.42,1445
2026-07-20 09:14:00,332.4479,332.475,332.42,332.475,1315
2026-07-20 09:15:00,332.35,332.39,332.35,332.35,990
2026-07-20 09:16:00,332.35,332.5,332.35,332.35,650
2026-07-20 09:17:00,332.45,332.45,332.4454,332.4499,634
2026-07-20 09:18:00,332.46,332.46,332.35,332.35,448
2026-07-20 09:19:00,332.4,332.4,332.35,332.35,799
2026-07-20 09:20:00,332.39,332.5,332.31,332.32,1739
2026-07-20 09:21:00,332.3,332.3,332.11,332.11,775
2026-07-20 09:22:00,332.16,332.24,332.15,332.17,1096
2026-07-20 09:23:00,332.18,332.24,332.11,332.24,1247
2026-07-20 09:24:00,332.2,332.21,332.06,332.21,705
2026-07-20 09:25:00,332.21,332.45,332.21,332.45,233
2026-07-20 09:26:00,332.355,333.44,332.355,333.3401,7847
2026-07-20 09:27:00,333.36,333.6655,332.98,333.39,10297
2026-07-20 09:28:00,333.0,333.36,332.04,332.2446,10796
2026-07-20 09:29:00,332.24,333.64,332.05,333.02,12150
2026-07-20 09:30:00,333.505,333.71,331.13,332.81,941500
2026-07-20 09:31:00,332.73,332.86,331.5,331.55,199699
2026-07-20 09:32:00,331.57,332.28,331.48,331.74,148274
2026-07-20 09:33:00,331.74,332.9499,331.735,332.03,112221
2026-07-20 09:34:00,332.15,332.26,331.3,331.91,145194
2026-07-20 09:35:00,331.92,331.934,330.77,330.93,270498
2026-07-20 09:36:00,330.95,331.83,330.93,331.42,135285
2026-07-20 09:37:00,331.445,331.86,331.32,331.65,109673
2026-07-20 09:38:00,331.635,331.73,331.1858,331.39,110952
2026-07-20 09:39:00,331.41,331.46,330.82,331.055,87525
2026-07-20 09:40:00,331.08,331.08,330.35,330.39,100994
2026-07-20 09:41:00,330.41,330.88,330.02,330.37,163284
2026-07-20 09:42:00,330.35,330.55,330.06,330.28,147993
2026-07-20 09:43:00,330.3,330.77,330.14,330.575,73043
2026-07-20 09:44:00,330.58,330.8,330.4,330.58,95452
2026-07-20 09:45:00,330.6399,330.735,330.06,330.29,126964
2026-07-20 09:46:00,330.29,330.87,330.22,330.57,101982
2026-07-20 09:47:00,330.53,330.756,330.11,330.74,82679
2026-07-20 09:48:00,330.72,330.72,330.15,330.37,98814
2026-07-20 09:49:00,330.35,330.64,330.29,330.305,74475
2026-07-20 09:50:00,330.3,330.3001,329.69,329.76,155249
2026-07-20 09:51:00,329.805,330.07,329.64,329.85,99662
2026-07-20 09:52:00,329.835,330.08,329.41,329.6,168684
2026-07-20 09:53:00,329.6,329.9272,329.08,329.08,114018
2026-07-20 09:54:00,329.1,329.15,328.65,328.7003,125840
2026-07-20 09:55:00,328.69,328.82,328.4,328.75,141918
2026-07-20 09:56:00,328.73,328.9,328.53,328.86,101472
2026-07-20 09:57:00,328.89,329.06,328.8,328.84,112533
2026-07-20 09:58:00,328.82,329.045,328.71,328.74,79368
2026-07-20 09:59:00,328.745,329.09,328.68,328.9,113047
2026-07-20 10:00:00,328.88,328.96,328.7,328.8462,94074
2026-07-20 10:01:00,328.845,329.01,328.5,328.6,130257
2026-07-20 10:02:00,328.605,328.61,328.3,328.45,80963
2026-07-20 10:03:00,328.45,328.475,328.18,328.285,73602
2026-07-20 10:04:00,328.24,328.5795,328.24,328.41,75163
2026-07-20 10:05:00,328.425,328.76,328.3,328.585,75284
2026-07-20 10:06:00,328.585,328.585,328.1801,328.25,88233
2026-07-20 10:07:00,328.26,328.7499,328.17,328.725,110946
2026-07-20 10:08:00,328.725,328.76,328.36,328.41,60743
2026-07-20 10:09:00,328.3901,328.58,328.2,328.265,88424
2026-07-20 10:10:00,328.28,328.4,328.08,328.1129,148400
2026-07-20 10:11:00,328.15,328.175,327.3,327.325,224201
2026-07-20 10:12:00,327.31,327.87,327.231,327.72,112621
2026-07-20 10:13:00,327.71,327.715,327.435,327.61,101232
2026-07-20 10:14:00,327.62,327.65,327.12,327.17,109735
2026-07-20 10:15:00,327.16,327.25,326.91,327.01,185364
2026-07-20 10:16:00,326.99,327.01,326.64,326.705,97185
2026-07-20 10:17:00,326.705,326.88,326.67,326.765,122066
2026-07-20 10:18:00,326.77,326.949,326.43,326.6101,228449
2026-07-20 10:19:00,326.65,327.3399,326.46,327.115,191970
2026-07-20 10:20:00,327.135,327.42,326.96,327.11,238472
2026-07-20 10:21:00,327.1,327.115,326.89,327.0364,141938
2026-07-20 10:22:00,327.045,327.08,326.89,326.98,68728
2026-07-20 10:23:00,327.01,327.1748,326.91,326.92,91734
2026-07-20 10:24:00,326.916,326.975,326.51,326.525,151039
2026-07-20 10:25:00,326.525,326.775,326.31,326.3499,107089
2026-07-20 10:26:00,326.3499,326.45,326.13,326.375,120937
2026-07-20 10:27:00,326.3627,326.47,326.16,326.25,68660
2026-07-20 10:28:00,326.27,326.9701,326.11,326.9701,161922
2026-07-20 10:29:00,326.96,327.15,326.83,327.02,159459
2026-07-20 10:30:00,327.0,327.0,326.59,326.725,86316
2026-07-20 10:31:00,326.715,327.0,326.66,326.92,49201
2026-07-20 10:32:00,326.92,326.93,326.69,326.81,74241
2026-07-20 10:33:00,326.805,327.0,326.76,326.82,44290
2026-07-20 10:34:00,326.82,327.25,326.76,327.12,120850
2026-07-20 10:35:00,327.14,327.37,327.06,327.22,71885
2026-07-20 10:36:00,327.205,327.55,327.1335,327.355,119441
2026-07-20 10:37:00,327.345,327.4899,327.25,327.38,55139
2026-07-20 10:38:00,327.39,327.39,327.13,327.1401,72791
2026-07-20 10:39:00,327.1849,327.1849,326.7305,326.94,99681
2026-07-20 10:40:00,326.95,327.2,326.875,327.18,148776
2026-07-20 10:41:00,327.15,327.365,327.06,327.365,74609
2026-07-20 10:42:00,327.37,327.6,327.265,327.545,52747
2026-07-20 10:43:00,327.555,327.95,327.55,327.84,120742
2026-07-20 10:44:00,327.84,328.02,327.66,327.965,104193
2026-07-20 10:45:00,327.96,327.96,327.42,327.87,91895
2026-07-20 10:46:00,327.89,327.89,327.39,327.45,68224
2026-07-20 10:47:00,327.44,327.455,327.09,327.11,94294
2026-07-20 10:48:00,327.12,327.41,327.06,327.135,74870
2026-07-20 10:49:00,327.11,327.43,327.095,327.32,72531
2026-07-20 10:50:00,327.31,327.31,326.75,326.77,61254
2026-07-20 10:51:00,326.78,326.8525,326.59,326.77,52124
2026-07-20 10:52:00,326.7701,326.87,326.53,326.68,52547
2026-07-20 10:53:00,326.6879,326.6879,326.25,326.36,106604
2026-07-20 10:54:00,326.36,326.565,326.31,326.445,52997
2026-07-20 10:55:00,326.455,326.5299,326.33,326.445,31724
2026-07-20 10:56:00,326.44,326.55,326.31,326.37,71415
2026-07-20 10:57:00,326.35,326.425,326.265,326.32,60660
2026-07-20 10:58:00,326.33,326.5,326.02,326.395,87141
2026-07-20 10:59:00,326.39,326.63,326.25,326.43,178132
2026-07-20 11:00:00,326.45,326.745,326.34,326.745,142961
2026-07-20 11:01:00,326.745,326.75,326.33,326.7049,66066
2026-07-20 11:02:00,326.72,326.78,326.57,326.73,51774
2026-07-20 11:03:00,326.75,326.88,326.65,326.785,91129
2026-07-20 11:04:00,326.79,327.015,326.77,326.82,55034
2026-07-20 11:05:00,326.82,326.86,326.64,326.77,69621
2026-07-20 11:06:00,326.78,326.87,326.56,326.705,60701
2026-07-20 11:07:00,326.71,326.83,326.63,326.6501,53794
2026-07-20 11:08:00,326.685,326.77,326.56,326.73,53625
2026-07-20 11:09:00,326.75,326.8852,326.68,326.73,64531
2026-07-20 11:10:00,326.7499,326.7499,325.79,325.96,218060
2026-07-20 11:11:00,325.95,326.14,325.22,325.38,164476
2026-07-20 11:12:00,325.38,325.39,325.07,325.145,118712
2026-07-20 11:13:00,325.145,325.64,325.03,325.2825,182741
2026-07-20 11:14:00,325.29,325.3047,324.821,324.96,330309
2026-07-20 11:15:00,324.96,325.115,324.66,325.11,182854
2026-07-20 11:16:00,325.1,325.33,325.03,325.31,59801
2026-07-20 11:17:00,325.3,325.34,325.025,325.18,80762
2026-07-20 11:18:00,325.175,325.35,325.065,325.18,71616
2026-07-20 11:19:00,325.18,325.225,324.6901,324.74,90180
2026-07-20 11:20:00,324.74,324.929,324.42,324.73,115370
2026-07-20 11:21:00,324.71,324.7799,324.445,324.635,57956
2026-07-20 11:22:00,324.62,324.65,324.42,324.572,55045
2026-07-20 11:23:00,324.5895,324.7,324.46,324.5851,60189
2026-07-20 11:24:00,324.6,325.079,324.58,324.92,66071
2026-07-20 11:25:00,324.92,325.205,324.81,324.98,86865
2026-07-20 11:26:00,324.965,325.12,324.83,324.97,40000
2026-07-20 11:27:00,324.99,325.08,324.73,325.04,65318
2026-07-20 11:28:00,325.02,325.085,324.75,325.08,58897
2026-07-20 11:29:00,325.07,325.1,324.855,324.9,42843
2026-07-20 11:30:00,324.94,325.23,324.905,325.11,40341
2026-07-20 11:31:00,325.13,325.26,325.04,325.24,59001
2026-07-20 11:32:00,325.245,325.5,325.2,325.42,62377
2026-07-20 11:33:00,325.435,325.7199,325.38,325.7199,56901
2026-07-20 11:34:00,325.7,325.99,325.69,325.83,102326
2026-07-20 11:35:00,325.825,326.075,325.79,325.89,52087
2026-07-20 11:36:00,325.87,325.959,325.69,325.855,35565
2026-07-20 11:37:00,325.855,325.93,325.715,325.75,49440
2026-07-20 11:38:00,325.7639,325.96,325.74,325.955,43631
2026-07-20 11:39:00,325.95,326.04,325.87,326.02,28673
2026-07-20 11:40:00,326.01,326.29,325.93,326.2,42924
2026-07-20 11:41:00,326.21,326.52,326.185,326.26,45912
2026-07-20 11:42:00,326.29,326.3375,325.642,325.785,198516
2026-07-20 11:43:00,325.78,326.2253,325.74,326.2,41606
2026-07-20 11:44:00,326.2,326.28,325.85,326.015,136751
2026-07-20 11:45:00,326.015,326.0273,325.64,325.68,57469
2026-07-20 11:46:00,325.67,325.685,325.45,325.48,111577
2026-07-20 11:47:00,325.485,325.55,325.3,325.3,125691
2026-07-20 11:48:00,325.3,325.575,325.22,325.325,76466
2026-07-20 11:49:00,325.335,325.49,325.27,325.31,29617
2026-07-20 11:50:00,325.34,325.49,325.13,325.38,55109
2026-07-20 11:51:00,325.4,325.82,325.35,325.8,63053
2026-07-20 11:52:00,325.78,326.36,325.68,326.275,66957
2026-07-20 11:53:00,326.28,326.28,325.97,326.25,69099
2026-07-20 11:54:00,326.22,326.32,326.09,326.2805,63401
2026-07-20 11:55:00,326.29,326.375,326.18,326.27,48008
2026-07-20 11:56:00,326.28,326.49,326.2,326.4795,46099
2026-07-20 11:57:00,326.47,326.545,326.14,326.23,69940
2026-07-20 11:58:00,326.2114,326.275,325.955,325.955,43790
2026-07-20 11:59:00,325.9505,326.02,325.83,325.975,40359
2026-07-20 12:00:00,325.98,326.04,325.7201,325.7201,41755
2026-07-20 12:01:00,325.73,325.88,325.66,325.68,43949
2026-07-20 12:02:00,325.675,325.8,325.52,325.54,64036
2026-07-20 12:03:00,325.54,325.64,325.27,325.49,72904
2026-07-20 12:04:00,325.49,325.7402,325.425,325.72,41342
2026-07-20 12:05:00,325.72,325.8,325.335,325.49,64304
2026-07-20 12:06:00,325.48,325.5,325.28,325.32,51758
2026-07-20 12:07:00,325.31,325.405,325.17,325.2348,74059
2026-07-20 12:08:00,325.28,325.35,325.24,325.295,52086
2026-07-20 12:09:00,325.32,325.45,325.24,325.36,43693
2026-07-20 12:10:00,325.38,325.52,325.26,325.28,64848
2026-07-20 12:11:00,325.3,325.32,325.04,325.065,90344
2026-07-20 12:12:00,325.065,325.302,325.03,325.15,73467
2026-07-20 12:13:00,325.13,325.21,324.94,325.05,123296
2026-07-20 12:14:00,325.05,325.28,325.01,325.2201,56082
2026-07-20 12:15:00,325.22,325.26,325.01,325.16,58232
2026-07-20 12:16:00,325.15,325.39,325.1,325.205,91821
2026-07-20 12:17:00,325.2,325.25,324.87,325.14,131025
2026-07-20 12:18:00,325.13,325.6,325.13,325.5874,71808
2026-07-20 12:19:00,325.58,325.58,325.21,325.41,63685
2026-07-20 12:20:00,325.4,325.45,325.07,325.175,43243
2026-07-20 12:21:00,325.165,325.2767,324.99,325.21,63165
2026-07-20 12:22:00,325.23,325.35,325.15,325.22,40057
2026-07-20 12:23:00,325.21,325.35,325.1939,325.26,32978
2026-07-20 12:24:00,325.26,325.37,325.1,325.37,55692
2026-07-20 12:25:00,325.36,325.67,325.26,325.275,64153
2026-07-20 12:26:00,325.26,325.2877,325.04,325.165,62618
2026-07-20 12:27:00,325.18,325.22,325.045,325.06,55179
2026-07-20 12:28:00,325.0599,325.16,324.9801,325.07,47109
2026-07-20 12:29:00,325.07,325.13,324.97,325.0,43340
2026-07-20 12:30:00,325.0,325.09,324.8,324.82,79795
2026-07-20 12:31:00,324.82,324.8599,324.48,324.5429,112813
2026-07-20 12:32:00,324.52,324.675,324.44,324.44,77139
2026-07-20 12:33:00,324.47,324.47,324.25,324.27,97979
2026-07-20 12:34:00,324.285,324.35,324.02,324.05,95295
2026-07-20 12:35:00,324.04,324.26,324.0,324.145,110950
2026-07-20 12:36:00,324.15,324.255,324.03,324.19,68313
2026-07-20 12:37:00,324.18,324.185,323.92,324.01,160440
2026-07-20 12:38:00,324.01,324.38,323.99,324.29,76887
2026-07-20 12:39:00,324.29,324.65,324.245,324.57,55684
2026-07-20 12:40:00,324.58,324.65,324.3339,324.57,78988
2026-07-20 12:41:00,324.58,324.604,323.68,324.13,198890
2026-07-20 12:42:00,324.13,324.27,324.05,324.16,48307
2026-07-20 12:43:00,324.175,324.33,324.03,324.3,30170
2026-07-20 12:44:00,324.3,324.5499,324.27,324.415,35762
2026-07-20 12:45:00,324.4,324.43,324.29,324.405,35871
2026-07-20 12:46:00,324.395,324.73,324.315,324.585,52751
2026-07-20 12:47:00,324.585,324.72,324.57,324.7,48183
2026-07-20 12:48:00,324.71,324.85,324.68,324.795,60085
2026-07-20 12:49:00,324.8,324.835,324.72,324.81,35836
2026-07-20 12:50:00,324.81,324.85,324.42,324.54,50475
2026-07-20 12:51:00,324.5144,324.62,324.5,324.52,40659
2026-07-20 12:52:00,324.52,324.55,324.28,324.38,52435
2026-07-20 12:53:00,324.38,324.5,324.33,324.345,43701
2026-07-20 12:54:00,324.36,324.37,324.0,324.28,75555
2026-07-20 12:55:00,324.28,324.7073,324.2529,324.4,48483
2026-07-20 12:56:00,324.39,324.43,324.14,324.1601,31748
2026-07-20 12:57:00,324.18,324.2799,324.1,324.15,30273
2026-07-20 12:58:00,324.155,324.31,324.095,324.17,34750
2026-07-20 12:59:00,324.17,324.3,324.15,324.245,28518
2026-07-20 13:00:00,324.26,324.5114,324.22,324.495,50890
2026-07-20 13:01:00,324.49,324.555,324.34,324.43,38162
2026-07-20 13:02:00,324.43,324.47,324.2901,324.31,45050
2026-07-20 13:03:00,324.3,324.36,324.2,324.305,47616
2026-07-20 13:04:00,324.305,324.3999,324.12,324.23,67192
2026-07-20 13:05:00,324.2301,324.36,323.94,323.94,97659
2026-07-20 13:06:00,323.94,324.7,323.91,324.7,74775
2026-07-20 13:07:00,324.71,324.762,324.53,324.555,57552
2026-07-20 13:08:00,324.56,324.7593,324.56,324.68,33450
2026-07-20 13:09:00,324.685,325.09,324.56,325.08,75313
2026-07-20 13:10:00,325.08,325.16,324.68,324.855,49384
2026-07-20 13:11:00,324.84,324.99,324.8,324.835,19850
2026-07-20 13:12:00,324.83,325.06,324.8,324.96,34176
2026-07-20 13:13:00,324.97,324.98,324.845,324.89,29759
2026-07-20 13:14:00,324.88,324.9399,324.73,324.8,36461
2026-07-20 13:15:00,324.79,324.81,324.595,324.595,33950
2026-07-20 13:16:00,324.61,324.77,324.56,324.7,20309
2026-07-20 13:17:00,324.745,324.9616,324.61,324.86,40387
2026-07-20 13:18:00,324.88,324.94,324.84,324.87,26423
2026-07-20 13:19:00,324.885,324.97,324.82,324.88,48787
2026-07-20 13:20:00,324.885,324.9,324.68,324.79,39596
2026-07-20 13:21:00,324.79,324.88,324.6,324.61,31389
2026-07-20 13:22:00,324.61,324.75,324.502,324.502,61965
2026-07-20 13:23:00,324.51,324.6,324.495,324.555,30324
2026-07-20 13:24:00,324.55,324.645,324.5,324.58,29860
2026-07-20 13:25:00,324.57,324.58,324.515,324.52,21458
2026-07-20 13:26:00,324.525,324.955,324.4,324.935,48431
2026-07-20 13:27:00,324.93,324.95,324.73,324.76,27280
2026-07-20 13:28:00,324.77,324.805,324.68,324.76,26360
2026-07-20 13:29:00,324.7738,324.7738,324.58,324.72,36936
2026-07-20 13:30:00,324.73,324.775,324.59,324.65,36092
2026-07-20 13:31:00,324.65,324.77,324.6,324.61,22241
2026-07-20 13:32:00,324.61,324.675,324.47,324.59,70121
2026-07-20 13:33:00,324.61,324.61,324.47,324.54,40758
2026-07-20 13:34:00,324.54,324.72,324.51,324.72,20532
2026-07-20 13:35:00,324.735,324.94,324.59,324.94,67741
2026-07-20 13:36:00,324.95,324.96,324.83,324.94,49841
2026-07-20 13:37:00,324.93,325.07,324.78,324.78,85962
2026-07-20 13:38:00,324.78,325.02,324.68,324.91,31206
2026-07-20 13:39:00,324.91,325.0,324.79,324.83,27645
2026-07-20 13:40:00,324.84,324.935,324.69,324.77,38180
2026-07-20 13:41:00,324.77,324.8899,324.67,324.78,27304
2026-07-20 13:42:00,324.79,324.7902,324.63,324.6592,30023
2026-07-20 13:43:00,324.65,324.66,324.2,324.37,63411
2026-07-20 13:44:00,324.36,324.51,324.22,324.35,126548
2026-07-20 13:45:00,324.36,324.835,324.3,324.76,91768
2026-07-20 13:46:00,324.76,325.0999,324.71,324.925,47245
2026-07-20 13:47:00,324.94,324.94,324.47,324.535,55777
2026-07-20 13:48:00,324.535,324.61,324.415,324.58,33432
2026-07-20 13:49:00,324.58,324.865,324.56,324.855,33165
2026-07-20 13:50:00,324.8536,324.95,324.65,324.705,30312
2026-07-20 13:51:00,324.71,325.3832,324.56,324.7,45299
2026-07-20 13:52:00,324.71,324.82,324.71,324.76,39174
2026-07-20 13:53:00,324.76,324.79,324.62,324.715,38146
2026-07-20 13:54:00,324.72,324.825,324.67,324.73,52055
2026-07-20 13:55:00,324.73,324.74,324.54,324.56,28000
2026-07-20 13:56:00,324.55,324.62,324.4,324.505,40326
2026-07-20 13:57:00,324.49,324.65,324.4811,324.58,25633
2026-07-20 13:58:00,324.595,324.72,324.43,324.72,24522
2026-07-20 13:59:00,324.72,324.95,324.65,324.78,67169
2026-07-20 14:00:00,324.77,324.96,324.73,324.95,46128
2026-07-20 14:01:00,324.955,325.235,324.655,325.09,102251
2026-07-20 14:02:00,325.1,325.1,324.87,325.0399,61987
2026-07-20 14:03:00,325.015,325.155,324.9301,325.09,31250
2026-07-20 14:04:00,325.085,325.17,324.91,325.0548,38709
2026-07-20 14:05:00,325.05,325.055,324.96,325.02,49638
2026-07-20 14:06:00,325.03,325.3299,325.015,325.25,106155
2026-07-20 14:07:00,325.26,325.31,325.11,325.22,57166
2026-07-20 14:08:00,325.24,325.3799,325.16,325.285,52240
2026-07-20 14:09:00,325.28,325.43,325.182,325.425,49135
2026-07-20 14:10:00,325.425,325.46,325.33,325.44,34156
2026-07-20 14:11:00,325.4415,325.665,325.4,325.6,82653
2026-07-20 14:12:00,325.6,325.8,325.573,325.7,84660
2026-07-20 14:13:00,325.71,325.762,325.5,325.58,71114
2026-07-20 14:14:00,325.61,325.6442,325.37,325.47,40937
2026-07-20 14:15:00,325.46,325.665,325.4,325.56,60468
2026-07-20 14:16:00,325.56,325.6,325.43,325.49,34572
2026-07-20 14:17:00,325.49,325.5799,325.49,325.55,32420
2026-07-20 14:18:00,325.56,325.94,325.56,325.94,52040
2026-07-20 14:19:00,325.935,326.31,325.91,326.31,65925
2026-07-20 14:20:00,326.305,326.4599,326.12,326.16,143430
2026-07-20 14:21:00,326.17,326.35,326.09,326.13,101214
2026-07-20 14:22:00,326.14,326.25,326.01,326.21,51707
2026-07-20 14:23:00,326.2151,326.2699,326.1,326.125,39699
2026-07-20 14:24:00,326.13,326.145,325.91,325.9501,63177
2026-07-20 14:25:00,325.96,326.14,325.89,326.14,48778
2026-07-20 14:26:00,326.125,326.49,326.115,326.335,121500
2026-07-20 14:27:00,326.34,326.4,326.22,326.295,59781
2026-07-20 14:28:00,326.295,326.36,326.11,326.195,81669
2026-07-20 14:29:00,326.19,326.2399,325.865,325.98,212926
2026-07-20 14:30:00,325.98,326.06,325.77,325.7805,58131
2026-07-20 14:31:00,325.795,325.92,325.69,325.91,61297
2026-07-20 14:32:00,325.91,326.52,325.87,326.49,154363
2026-07-20 14:33:00,326.49,326.575,326.37,326.4256,51543
2026-07-20 14:34:00,326.43,326.57,326.4,326.475,46310
2026-07-20 14:35:00,326.48,326.58,326.45,326.49,54923
2026-07-20 14:36:00,326.49,326.7278,326.47,326.625,83689
2026-07-20 14:37:00,326.625,326.83,326.61,326.72,65989
2026-07-20 14:38:00,326.72,326.91,326.495,326.585,341146
2026-07-20 14:39:00,326.59,326.645,326.18,326.25,106408
2026-07-20 14:40:00,326.265,326.29,325.94,325.96,54139
2026-07-20 14:41:00,325.97,326.1494,325.7701,326.08,78416
2026-07-20 14:42:00,326.09,326.095,325.575,325.67,71375
2026-07-20 14:43:00,325.665,325.78,325.585,325.675,59481
2026-07-20 14:44:00,325.675,325.68,325.31,325.47,83523
2026-07-20 14:45:00,325.47,326.435,325.45,326.435,114105
2026-07-20 14:46:00,326.43,326.55,326.32,326.505,78036
2026-07-20 14:47:00,326.515,326.6399,326.4801,326.61,50223
2026-07-20 14:48:00,326.61,326.7,326.45,326.66,72763
2026-07-20 14:49:00,326.64,326.725,326.5501,326.59,63380
2026-07-20 14:50:00,326.61,326.64,326.52,326.59,25712
2026-07-20 14:51:00,326.58,327.11,326.49,327.06,206089
2026-07-20 14:52:00,327.065,327.28,327.065,327.25,69019
2026-07-20 14:53:00,327.27,327.27,327.06,327.17,59624
2026-07-20 14:54:00,327.17,327.37,327.07,327.19,60658
2026-07-20 14:55:00,327.185,327.23,327.04,327.17,45880
2026-07-20 14:56:00,327.14,327.215,327.08,327.13,42767
2026-07-20 14:57:00,327.14,327.15,327.04,327.055,45326
2026-07-20 14:58:00,327.055,327.17,326.9,327.0401,60386
2026-07-20 14:59:00,327.0699,327.18,326.75,326.75,49497
2026-07-20 15:00:00,326.77,327.375,326.75,327.365,133433
2026-07-20 15:01:00,327.36,327.49,327.35,327.445,88638
2026-07-20 15:02:00,327.46,327.52,327.25,327.37,72361
2026-07-20 15:03:00,327.37,327.37,327.19,327.205,37698
2026-07-20 15:04:00,327.19,327.5,327.125,327.48,65770
2026-07-20 15:05:00,327.49,327.61,327.38,327.46,80755
2026-07-20 15:06:00,327.46,327.51,327.1801,327.335,64523
2026-07-20 15:07:00,327.335,327.6474,327.295,327.59,69496
2026-07-20 15:08:00,327.6,328.0599,327.56,328.05,163146
2026-07-20 15:09:00,328.045,328.29,327.89,328.1201,126919
2026-07-20 15:10:00,328.13,328.555,328.13,328.375,123143
2026-07-20 15:11:00,328.35,328.35,328.09,328.31,70249
2026-07-20 15:12:00,328.3,328.365,328.064,328.19,65674
2026-07-20 15:13:00,328.2,328.26,328.12,328.22,50903
2026-07-20 15:14:00,328.21,328.32,328.17,328.19,58822
2026-07-20 15:15:00,328.18,328.29,327.7709,327.7709,90068
2026-07-20 15:16:00,327.77,328.2,327.77,328.085,77701
2026-07-20 15:17:00,328.085,328.505,328.085,328.42,247646
2026-07-20 15:18:00,328.43,328.54,328.235,328.315,116270
2026-07-20 15:19:00,328.3,328.35,328.22,328.235,53699
2026-07-20 15:20:00,328.22,328.26,328.03,328.115,56035
2026-07-20 15:21:00,328.12,328.28,328.085,328.26,50768
2026-07-20 15:22:00,328.255,328.42,328.255,328.39,50165
2026-07-20 15:23:00,328.385,328.52,328.34,328.51,60632
2026-07-20 15:24:00,328.525,328.5499,328.27,328.5499,98973
2026-07-20 15:25:00,328.54,328.73,328.48,328.655,86232
2026-07-20 15:26:00,328.66,328.69,328.51,328.609,53483
2026-07-20 15:27:00,328.61,328.71,328.5501,328.5901,49661
2026-07-20 15:28:00,328.61,328.6799,328.5,328.635,58310
2026-07-20 15:29:00,328.6351,329.09,328.53,329.02,114698
2026-07-20 15:30:00,329.01,329.23,328.895,329.215,140870
2026-07-20 15:31:00,329.215,329.63,329.07,329.63,148506
2026-07-20 15:32:00,329.63,329.76,329.55,329.67,114324
2026-07-20 15:33:00,329.67,329.67,329.39,329.41,75625
2026-07-20 15:34:00,329.4001,329.43,329.2508,329.2908,87363
2026-07-20 15:35:00,329.29,329.35,329.01,329.15,140568
2026-07-20 15:36:00,329.148,329.2535,328.66,328.8,124063
2026-07-20 15:37:00,328.795,329.05,328.55,328.64,428766
2026-07-20 15:38:00,328.66,328.94,328.44,328.8701,101671
2026-07-20 15:39:00,328.87,328.9499,328.74,328.84,96409
2026-07-20 15:40:00,328.83,328.84,328.4401,328.7,83287
2026-07-20 15:41:00,328.7147,328.93,328.64,328.675,75213
2026-07-20 15:42:00,328.675,328.695,328.08,328.22,69560
2026-07-20 15:43:00,328.21,328.28,328.08,328.28,69367
2026-07-20 15:44:00,328.265,328.27,327.97,328.04,68408
2026-07-20 15:45:00,328.05,328.3299,327.972,328.03,84524
2026-07-20 15:46:00,328.03,328.0312,327.83,327.99,55094
2026-07-20 15:47:00,327.9801,328.03,327.8601,327.9,59566
2026-07-20 15:48:00,327.89,328.1,327.8,328.0796,73490
2026-07-20 15:49:00,328.08,328.2984,328.07,328.2984,45690
2026-07-20 15:50:00,328.28,328.28,326.96,327.475,175986
2026-07-20 15:51:00,327.49,327.62,327.3,327.34,98625
2026-07-20 15:52:00,327.35,327.495,327.09,327.305,90372
2026-07-20 15:53:00,327.305,327.35,327.1,327.13,70444
2026-07-20 15:54:00,327.14,327.32,326.82,327.06,180096
2026-07-20 15:55:00,327.04,327.04,326.0,326.74,274408
2026-07-20 15:56:00,326.76,327.02,326.56,327.002,221715
2026-07-20 15:57:00,327.005,327.025,326.62,326.66,300835
2026-07-20 15:58:00,326.66,326.78,326.45,326.695,423718
2026-07-20 15:59:00,326.695,326.81,326.5,326.7,825556
2026-07-20 16:00:00,326.59,326.9,326.59,326.9,8313057
2026-07-20 16:01:00,326.99,326.99,326.59,326.89,2407
2026-07-20 16:02:00,326.859,326.859,326.59,326.6902,1113
2026-07-20 16:03:00,326.6908,326.786,326.6908,326.7503,365
2026-07-20 16:04:00,326.7514,326.7946,326.74,326.7946,2078
2026-07-20 16:05:00,326.75,326.81,326.75,326.81,485
2026-07-20 16:06:00,326.8407,326.85,326.81,326.85,476
2026-07-20 16:07:00,326.75,326.88,326.63,326.64,4366
2026-07-20 16:08:00,326.64,326.64,326.59,326.59,463
2026-07-20 16:09:00,326.6,326.683,326.6,326.6444,312
2026-07-20 16:10:00,326.66,326.7098,326.65,326.7098,294
2026-07-20 16:11:00,326.7131,326.7238,326.6104,326.6104,840
2026-07-20 16:12:00,326.75,326.75,326.6,326.6232,290
2026-07-20 16:13:00,326.6232,326.6232,326.59,326.59,44184
2026-07-20 16:14:00,326.67,326.7063,326.6232,326.7063,526
2026-07-20 16:15:00,326.7,326.75,326.6,326.67,1030
2026-07-20 16:16:00,326.6804,326.6804,326.5937,326.61,1476
2026-07-20 16:17:00,326.6,326.7,326.54,326.54,850
2026-07-20 16:18:00,326.54,326.6606,326.5,326.5,668
2026-07-20 16:19:00,326.45,326.625,326.41,326.625,1190
2026-07-20 16:20:00,326.625,326.69,326.625,326.69,2704
2026-07-20 16:21:00,326.69,326.75,326.65,326.68,1716
2026-07-20 16:22:00,326.7197,326.7197,326.65,326.65,752
2026-07-20 16:23:00,326.6859,326.6859,326.65,326.65,161
2026-07-20 16:24:00,326.69,326.69,326.69,326.69,90
2026-07-20 16:25:00,326.6687,326.8196,326.6687,326.8196,972
2026-07-20 16:26:00,326.8,326.8,326.8,326.8,832
2026-07-20 16:27:00,326.87,326.9,326.87,326.9,812
2026-07-20 16:28:00,326.95,327.1,326.95,327.1,1953
2026-07-20 16:29:00,327.17,327.17,327.1,327.1,2920
2026-07-20 16:30:00,326.878,326.878,326.878,326.878,100
2026-07-20 16:31:00,327.1658,327.1658,326.59,326.59,39223
2026-07-20 16:32:00,326.83,326.83,326.8,326.8,193
2026-07-20 16:33:00,326.7296,326.7296,326.7296,326.7296,596
2026-07-20 16:34:00,326.98,326.99,326.98,326.99,187
2026-07-20 16:35:00,326.8,326.8,326.8,326.8,1006
2026-07-20 16:36:00,326.87,326.96,326.87,326.96,650
2026-07-20 16:37:00,326.85,326.85,326.85,326.85,1000
2026-07-20 16:38:00,326.98,326.98,326.98,326.98,104
2026-07-20 16:39:00,326.85,326.85,326.85,326.85,46
2026-07-20 16:40:00,326.85,326.85,326.85,326.85,178
2026-07-20 16:41:00,326.83,326.83,326.83,326.83,94
2026-07-20 16:42:00,326.9,326.9,326.9,326.9,1465
2026-07-20 16:46:00,326.89,326.89,326.71,326.71,290
2026-07-20 16:48:00,326.8,326.92,326.8,326.92,132
2026-07-20 16:49:00,326.98,327.0,326.91,327.0,1859
2026-07-20 16:50:00,327.0315,327.09,326.957,327.0,2276
2026-07-20 16:51:00,327.0,327.0,327.0,327.0,453
2026-07-20 16:52:00,326.97,326.97,326.95,326.95,166
2026-07-20 16:54:00,326.96,326.9763,326.95,326.95,2112
2026-07-20 16:55:00,326.9503,326.9503,326.94,326.95,1733
2026-07-20 16:56:00,326.95,326.95,326.85,326.85,786
2026-07-20 16:57:00,326.85,326.85,326.85,326.85,230
2026-07-20 16:58:00,326.8655,326.9261,326.8655,326.9261,253
2026-07-20 16:59:00,326.85,326.95,326.85,326.95,300
2026-07-20 17:01:00,326.8501,326.8504,326.8501,326.8504,844
2026-07-20 17:02:00,327.0,327.0,327.0,327.0,300
2026-07-20 17:03:00,327.0,327.12,326.91,326.91,486
2026-07-20 17:04:00,327.0356,327.0356,327.0,327.0,235
2026-07-20 17:06:00,327.09,327.09,327.09,327.09,95
2026-07-20 17:08:00,326.85,326.91,326.85,326.91,154
2026-07-20 17:09:00,327.2,327.2,327.2,327.2,100
2026-07-20 17:12:00,326.9,326.9,326.9,326.9,50
2026-07-20 17:13:00,326.9771,326.9771,326.8925,326.8925,186
2026-07-20 17:17:00,326.8989,326.9,326.8989,326.9,289
2026-07-20 17:18:00,326.9,326.9,326.87,326.87,388
2026-07-20 17:19:00,326.87,326.87,326.87,326.87,60
2026-07-20 17:20:00,326.876,326.97,326.85,326.85,585
2026-07-20 17:21:00,326.9444,326.9444,326.85,326.85,350
2026-07-20 17:22:00,326.8516,326.8516,326.85,326.85,89
2026-07-20 17:23:00,326.8516,326.8516,326.85,326.85,175
2026-07-20 17:24:00,326.85,326.8525,326.85,326.85,256
2026-07-20 17:25:00,326.85,326.85,326.85,326.85,98
2026-07-20 17:26:00,326.86,326.8732,326.8501,326.8732,650
2026-07-20 17:27:00,326.85,326.85,326.85,326.85,469
2026-07-20 17:28:00,326.85,326.85,326.85,326.85,59
2026-07-20 17:30:00,326.6,326.6531,326.6,326.6531,90
2026-07-20 17:31:00,326.6505,326.6505,326.6505,326.6505,51
2026-07-20 17:32:00,326.86,326.86,326.72,326.72,255
2026-07-20 17:34:00,326.61,326.61,326.61,326.61,46
2026-07-20 17:36:00,326.71,326.71,326.65,326.65,100
2026-07-20 17:37:00,326.61,326.64,326.61,326.61,322
2026-07-20 17:39:00,326.6005,326.6016,326.6005,326.6016,102
2026-07-20 17:40:00,326.7,326.7,326.7,326.7,66
2026-07-20 17:41:00,326.63,326.63,326.63,326.63,45
2026-07-20 17:42:00,326.63,326.65,326.63,326.65,126
2026-07-20 17:46:00,326.8275,326.8275,326.8275,326.8275,66
2026-07-20 17:47:00,326.67,326.67,326.67,326.67,90
2026-07-20 17:48:00,326.65,326.65,326.65,326.65,200
2026-07-20 17:49:00,326.8,326.8,326.8,326.8,40
2026-07-20 17:51:00,326.6759,326.8,326.6759,326.8,134
2026-07-20 17:52:00,326.783,326.783,326.783,326.783,500
2026-07-20 17:53:00,326.76,326.7608,326.76,326.7608,193
2026-07-20 17:54:00,326.79,326.79,326.79,326.79,115
2026-07-20 17:57:00,326.65,326.7972,326.65,326.7972,700
2026-07-20 18:00:00,326.65,326.66,326.4,326.4,3753
2026-07-20 18:01:00,326.4186,326.42,326.4186,326.42,292
2026-07-20 18:02:00,326.5,326.6403,326.16,326.16,2757
2026-07-20 18:03:00,326.5318,326.5318,326.5318,326.5318,50
2026-07-20 18:04:00,326.44,326.66,326.11,326.21,1531
2026-07-20 18:05:00,326.24,326.63,326.11,326.63,1444
2026-07-20 18:06:00,326.63,326.63,326.01,326.01,1399
2026-07-20 18:08:00,326.01,326.19,326.0,326.19,745
2026-07-20 18:09:00,326.0,326.38,326.0,326.1088,635
2026-07-20 18:10:00,326.1,326.2,326.02,326.04,445
2026-07-20 18:11:00,326.03,326.04,325.93,325.95,1475
2026-07-20 18:12:00,326.0114,326.02,326.0114,326.02,140
2026-07-20 18:13:00,326.01,326.05,325.95,326.03,1128
2026-07-20 18:14:00,325.93,326.0583,325.82,326.0583,309
2026-07-20 18:15:00,326.0,326.0845,326.0,326.0,458
2026-07-20 18:16:00,326.05,326.09,326.05,326.05,325
2026-07-20 18:17:00,326.08,326.08,326.0024,326.03,213
2026-07-20 18:18:00,326.1,326.1,326.05,326.05,247
2026-07-20 18:19:00,326.1,326.1,326.1,326.1,90
2026-07-20 18:20:00,326.19,326.44,326.19,326.44,924
2026-07-20 18:22:00,326.24,326.25,326.24,326.25,209
2026-07-20 18:23:00,326.22,326.22,326.14,326.14,190
2026-07-20 18:24:00,326.03,326.0611,326.03,326.0561,251
2026-07-20 18:25:00,326.04,326.04,326.04,326.04,95
2026-07-20 18:26:00,326.08,326.08,326.0322,326.0322,200
2026-07-20 18:27:00,326.05,326.05,325.82,325.82,1778
2026-07-20 18:29:00,325.95,325.95,325.95,325.95,127
2026-07-20 18:30:00,325.8115,325.95,325.8115,325.95,100
2026-07-20 18:31:00,325.85,325.85,325.85,325.85,50
2026-07-20 18:32:00,325.8671,325.8671,325.85,325.85,241
2026-07-20 18:33:00,325.85,325.85,325.65,325.6635,3193
2026-07-20 18:34:00,325.61,325.61,325.46,325.51,969
2026-07-20 18:35:00,325.48,325.6,325.48,325.6,153
2026-07-20 18:38:00,325.5986,325.5986,325.5986,325.5986,983
2026-07-20 18:39:00,325.6,325.6,325.6,325.6,340
2026-07-20 18:40:00,325.58,325.58,325.53,325.53,110
2026-07-20 18:41:00,325.52,325.55,325.52,325.55,100
2026-07-20 18:42:00,325.6007,325.65,325.6007,325.65,685
2026-07-20 18:43:00,325.56,325.64,325.52,325.64,378
2026-07-20 18:44:00,325.6299,325.6299,325.6,325.6,494
2026-07-20 18:45:00,325.65,325.65,325.52,325.52,570
2026-07-20 18:47:00,325.65,325.65,325.65,325.65,365
2026-07-20 18:48:00,325.591,325.591,325.52,325.52,619
2026-07-20 18:49:00,325.56,325.56,325.56,325.56,146
2026-07-20 18:50:00,325.52,325.56,325.45,325.49,2829
2026-07-20 18:51:00,325.4,325.4,325.4,325.4,40
2026-07-20 18:52:00,325.37,325.37,325.37,325.37,100
2026-07-20 18:53:00,325.36,325.4,325.27,325.29,573
2026-07-20 18:54:00,325.3761,325.38,325.3723,325.38,320
2026-07-20 18:55:00,325.4322,325.4592,325.4322,325.4592,200
2026-07-20 18:56:00,325.4585,325.5,325.351,325.351,1242
2026-07-20 18:57:00,325.35,325.35,325.3,325.3,369
2026-07-20 18:58:00,325.31,325.31,325.3,325.3,105
2026-07-20 18:59:00,325.3,325.3155,325.3,325.3155,130
2026-07-20 19:01:00,325.32,325.32,325.32,325.32,600
2026-07-20 19:02:00,325.33,325.4,325.33,325.4,147
2026-07-20 19:03:00,325.3201,325.5,325.3,325.49,2309
2026-07-20 19:06:00,325.41,325.47,325.41,325.47,148
2026-07-20 19:07:00,325.5,325.51,325.5,325.5,8790
2026-07-20 19:08:00,325.78,325.78,325.78,325.78,264
2026-07-20 19:09:00,325.78,325.78,325.77,325.77,523
2026-07-20 19:11:00,325.5089,325.77,325.5089,325.77,599
2026-07-20 19:13:00,325.53,325.53,325.53,325.53,40
2026-07-20 19:15:00,325.73,325.73,325.73,325.73,76
2026-07-20 19:18:00,325.75,325.98,325.7465,325.7465,597
2026-07-20 19:19:00,325.97,326.07,325.7284,325.77,603
2026-07-20 19:20:00,326.02,326.02,326.02,326.02,99
2026-07-20 19:21:00,326.18,326.28,326.18,326.2,937
2026-07-20 19:22:00,326.29,326.3,326.29,326.3,262
2026-07-20 19:23:00,326.42,326.42,326.37,326.37,312
2026-07-20 19:25:00,326.24,326.24,326.0,326.0,800
2026-07-20 19:26:00,326.13,326.2,326.13,326.2,150
2026-07-20 19:27:00,326.3,326.3,326.1545,326.1545,305
2026-07-20 19:28:00,326.21,326.21,326.21,326.21,100
2026-07-20 19:29:00,326.28,326.44,326.28,326.3,604
2026-07-20 19:30:00,326.5218,326.5218,326.16,326.16,100
2026-07-20 19:31:00,326.13,326.13,326.13,326.13,180
2026-07-20 19:32:00,326.2579,326.44,326.2579,326.44,154
2026-07-20 19:33:00,326.59,326.59,326.59,326.59,100
2026-07-20 19:34:00,326.31,326.31,326.31,326.31,100
2026-07-20 19:35:00,326.3,326.3,326.3,326.3,1057
2026-07-20 19:36:00,326.25,326.43,326.25,326.43,314
2026-07-20 19:38:00,326.5,326.5,326.43,326.44,718
2026-07-20 19:39:00,326.3928,326.3928,326.3928,326.3928,222
2026-07-20 19:41:00,326.4,326.47,326.4,326.47,87
2026-07-20 19:42:00,326.45,326.45,326.4,326.4,223
2026-07-20 19:43:00,326.45,326.59,326.45,326.59,790
2026-07-20 19:44:00,326.48,326.48,326.48,326.48,43
2026-07-20 19:45:00,326.5,326.51,326.5,326.51,165
2026-07-20 19:46:00,326.5,326.5,326.42,326.42,140
2026-07-20 19:47:00,326.58,326.58,326.5497,326.5497,90
2026-07-20 19:48:00,326.55,326.55,326.3687,326.4,421
2026-07-20 19:49:00,326.34,326.46,326.34,326.46,180
2026-07-20 19:50:00,326.45,326.45,326.33,326.3344,3270
2026-07-20 19:51:00,326.3,326.3,326.16,326.16,5226
2026-07-20 19:52:00,326.17,326.27,326.0,326.01,4902
2026-07-20 19:53:00,326.01,326.01,326.0,326.0,512
2026-07-20 19:54:00,325.98,326.15,325.97,326.1,1619
2026-07-20 19:55:00,326.0,326.19,325.8131,326.19,637
2026-07-20 19:56:00,326.29,326.43,325.7819,326.3577,1424
2026-07-20 19:57:00,326.29,326.29,326.29,326.29,184
2026-07-20 19:58:00,326.1102,326.16,326.1102,326.16,259
2026-07-20 19:59:00,326.0,326.0,326.0,326.0,250
