timestamp,open,high,low,close,volume
2026-07-09 04:00:00,358.8,359.68,358.5156,358.93,11870
2026-07-09 04:01:00,358.97,359.15,358.75,358.93,676
2026-07-09 04:02:00,358.83,359.04,358.69,358.97,492
2026-07-09 04:03:00,358.97,359.25,358.72,359,3958
2026-07-09 04:04:00,359.16,359.73,358.65,359,4101
2026-07-09 04:05:00,358.77,358.78,358.77,358.78,125
2026-07-09 04:06:00,358.98,358.98,358.98,358.98,239
2026-07-09 04:07:00,358.98,358.98,358.69,358.69,1285
2026-07-09 04:08:00,358.65,358.8,358.65,358.764,398
2026-07-09 04:09:00,358.73,358.73,358.72,358.72,195
2026-07-09 04:11:00,358.21,358.21,358.2,358.2,425
2026-07-09 04:12:00,358.2,358.2,358.08,358.08,301
2026-07-09 04:14:00,358.2,358.2,358.2,358.2,756
2026-07-09 04:15:00,358.33,358.35,358.33,358.35,442
2026-07-09 04:17:00,358.44,358.44,358.39,358.39,118
2026-07-09 04:18:00,358.19,358.19,358,358,157
2026-07-09 04:19:00,357.82,358,357.82,358,128
2026-07-09 04:20:00,358,358,358,358,45
2026-07-09 04:21:00,357.8,357.8,357.8,357.8,68
2026-07-09 04:22:00,357.76,357.76,357.76,357.76,40
2026-07-09 04:24:00,357.93,357.93,357.87,357.87,133
2026-07-09 04:25:00,357.92,357.92,357.85,357.86,628
2026-07-09 04:27:00,357.82,358,357.82,358,120
2026-07-09 04:29:00,357.79,357.79,357.79,357.79,109
2026-07-09 04:30:00,357.88,357.88,357.87,357.87,86
2026-07-09 04:33:00,357.76,357.76,357.75,357.75,1082
2026-07-09 04:34:00,357.75,357.75,356.56,357.05,2669
2026-07-09 04:36:00,357.54,357.54,357.54,357.54,78
2026-07-09 04:39:00,357.01,357.01,356.99,356.99,145
2026-07-09 04:40:00,357.38,357.38,357.38,357.38,460
2026-07-09 04:42:00,357.3,357.3,357.3,357.3,75
2026-07-09 04:46:00,357.38,357.38,357.38,357.38,40
2026-07-09 04:47:00,357.6435,357.6435,357.02,357.1,444
2026-07-09 04:48:00,357.31,357.35,357.31,357.35,181
2026-07-09 04:49:00,357.1,357.1,357.1,357.1,72
2026-07-09 04:51:00,357.23,357.23,357.23,357.23,151
2026-07-09 04:52:00,357.03,357.06,357.03,357.06,180
2026-07-09 04:53:00,357.18,357.37,357.18,357.37,116
2026-07-09 04:55:00,357.3,357.3,357.3,357.3,50
2026-07-09 04:56:00,357.18,357.18,357.18,357.18,116
2026-07-09 05:00:00,357.15,357.15,357.11,357.11,103
2026-07-09 05:01:00,357.02,357.02,357.02,357.02,177
2026-07-09 05:07:00,357.13,357.15,357.13,357.15,80
2026-07-09 05:09:00,357.07,357.07,357.07,357.07,73
2026-07-09 05:10:00,357.1333,357.1333,357.1333,357.1333,200
2026-07-09 05:12:00,357.35,357.37,357.35,357.37,130
2026-07-09 05:13:00,357.12,357.12,357.12,357.12,79
2026-07-09 05:15:00,357.17,357.17,357.17,357.17,77
2026-07-09 05:23:00,357.03,357.03,357.03,357.03,71
2026-07-09 05:24:00,357.15,357.15,357.15,357.15,40
2026-07-09 05:26:00,357.12,357.12,357.12,357.12,100
2026-07-09 05:32:00,357.11,357.11,357.11,357.11,56
2026-07-09 05:33:00,357.1,357.1,357.1,357.1,51
2026-07-09 05:34:00,357,357,357,357,1019
2026-07-09 05:35:00,357,357,357,357,278
2026-07-09 05:36:00,357,357,357,357,182
2026-07-09 05:37:00,356.91,356.91,356.9,356.91,429
2026-07-09 05:38:00,356.9294,356.9529,356.9294,356.9529,287
2026-07-09 05:41:00,356.81,356.81,356.46,356.46,1361
2026-07-09 05:42:00,356.47,356.5025,356.47,356.47,340
2026-07-09 05:46:00,356.58,356.6,356.58,356.6,150
2026-07-09 05:48:00,356.7728,357,356.7728,357,200
2026-07-09 05:52:00,356.8465,356.8465,356.84,356.84,155
2026-07-09 05:53:00,356.84,356.84,356.84,356.84,40
2026-07-09 05:54:00,356.8,356.8,356.8,356.8,100
2026-07-09 05:59:00,356.98,356.98,356.98,356.98,100
2026-07-09 06:02:00,356.92,356.92,356.92,356.92,289
2026-07-09 06:03:00,356.903,356.903,356.903,356.903,80
2026-07-09 06:05:00,356.9097,356.9097,356.9097,356.9097,300
2026-07-09 06:06:00,356.92,356.92,356.92,356.92,360
2026-07-09 06:07:00,356.8,356.9,356.8,356.9,869
2026-07-09 06:08:00,356.9,356.9,356.74,356.74,1175
2026-07-09 06:11:00,356.6652,356.6652,356.6652,356.6652,100
2026-07-09 06:13:00,356.8567,356.8567,356.8567,356.8567,100
2026-07-09 06:14:00,356.81,356.81,356.81,356.81,438
2026-07-09 06:15:00,356.82,356.92,356.82,356.92,1577
2026-07-09 06:16:00,356.98,357.01,356.98,357.01,292
2026-07-09 06:30:00,356.57,356.57,356.5,356.5,139
2026-07-09 06:38:00,356.58,356.58,356.58,356.58,78
2026-07-09 06:39:00,356.54,356.54,356.54,356.54,62
2026-07-09 06:40:00,356.3,356.3,356.3,356.3,301
2026-07-09 06:41:00,356.16,356.16,356.16,356.16,50
2026-07-09 06:43:00,356.25,356.25,356.25,356.25,100
2026-07-09 06:44:00,356.21,356.21,356.21,356.21,40
2026-07-09 06:45:00,356.13,356.13,356.13,356.13,62
2026-07-09 06:46:00,356.13,356.13,356.13,356.13,63
2026-07-09 06:48:00,356.21,356.22,356.21,356.22,500
2026-07-09 06:49:00,356.168,356.168,356.168,356.168,210
2026-07-09 06:52:00,356.15,356.25,356.15,356.25,140
2026-07-09 06:53:00,356.01,356.01,356,356,166
2026-07-09 06:55:00,356.15,356.15,356.15,356.15,49
2026-07-09 06:57:00,356.23,356.23,356.23,356.23,50
2026-07-09 07:00:00,356.4669,356.4669,356.37,356.37,250
2026-07-09 07:01:00,356.2867,356.2867,356.2867,356.2867,40
2026-07-09 07:02:00,356.5,356.5,356.26,356.5,605
2026-07-09 07:03:00,356.8511,356.8511,356.8511,356.8511,50
2026-07-09 07:04:00,356.69,356.94,356.69,356.94,290
2026-07-09 07:05:00,356.9091,356.9091,356.75,356.75,245
2026-07-09 07:06:00,356.75,356.8892,356.75,356.75,581
2026-07-09 07:07:00,356.82,356.82,356.75,356.75,256
2026-07-09 07:08:00,356.79,356.79,356.79,356.79,200
2026-07-09 07:09:00,356.76,356.78,356.71,356.78,521
2026-07-09 07:10:00,356.7821,356.83,356.7821,356.83,243
2026-07-09 07:11:00,357.02,357.02,357.02,357.02,40
2026-07-09 07:12:00,357.12,357.12,357.12,357.12,120
2026-07-09 07:13:00,357.19,357.27,357.19,357.27,580
2026-07-09 07:14:00,357.3,357.3,357.3,357.3,209
2026-07-09 07:15:00,357.3,357.3,357.3,357.3,400
2026-07-09 07:18:00,357.15,357.15,357.15,357.15,50
2026-07-09 07:20:00,357.39,357.4,357.39,357.4,200
2026-07-09 07:21:00,357.5,357.51,357.22,357.22,4258
2026-07-09 07:22:00,357.11,357.11,356.71,356.71,772
2026-07-09 07:23:00,356.73,356.73,356.73,356.73,247
2026-07-09 07:25:00,356.7,356.7,356.7,356.7,150
2026-07-09 07:26:00,356.57,356.57,356.42,356.49,3119
2026-07-09 07:27:00,356.3357,356.3357,355.52,355.52,4549
2026-07-09 07:28:00,355.49,355.52,354.41,354.42,3826
2026-07-09 07:30:00,355.8201,355.8201,355.8201,355.8201,50
2026-07-09 07:31:00,355.4,355.48,355.4,355.48,200
2026-07-09 07:32:00,355.65,355.85,355.06,355.85,226
2026-07-09 07:33:00,355.48,355.48,355.48,355.48,200
2026-07-09 07:34:00,355.41,355.5,355.33,355.45,975
2026-07-09 07:35:00,355.76,355.76,355.7,355.75,480
2026-07-09 07:36:00,355.82,355.88,355.82,355.88,423
2026-07-09 07:37:00,355.56,355.7,354.85,355,908
2026-07-09 07:39:00,355.3,355.5258,355.2377,355.5258,199
2026-07-09 07:40:00,355.18,355.18,354.3,354.61,3832
2026-07-09 07:41:00,354.53,354.642,354.33,354.642,380
2026-07-09 07:42:00,354.89,354.9,354.65,354.71,299
2026-07-09 07:43:00,355,355,355,355,45
2026-07-09 07:44:00,355.43,355.43,355,355,1590
2026-07-09 07:45:00,355.25,355.25,355,355,150
2026-07-09 07:46:00,355.08,355.08,355.08,355.08,130
2026-07-09 07:48:00,355.4,355.4,355.4,355.4,150
2026-07-09 07:49:00,355.28,355.31,355,355.31,1090
2026-07-09 07:50:00,355.1,355.42,355.1,355.42,155
2026-07-09 07:51:00,355.4258,355.4258,355.38,355.41,598
2026-07-09 07:52:00,355.2612,355.41,355.2612,355.41,1101
2026-07-09 07:53:00,355.46,355.46,355.46,355.46,200
2026-07-09 07:54:00,355.43,355.43,355.16,355.16,488
2026-07-09 07:55:00,355.22,355.22,355.22,355.22,210
2026-07-09 07:56:00,355.15,355.22,355.15,355.22,444
2026-07-09 07:58:00,355.3391,355.3391,355.18,355.18,130
2026-07-09 07:59:00,355.19,355.3137,355.1364,355.3137,302
2026-07-09 08:02:00,355.406,355.5,355.39,355.5,1911
2026-07-09 08:03:00,355.35,355.35,355.1,355.2775,580
2026-07-09 08:04:00,355.07,355.07,354.9,354.9,638
2026-07-09 08:05:00,354.91,354.91,354.75,354.76,728
2026-07-09 08:06:00,354.86,354.95,354.86,354.95,400
2026-07-09 08:07:00,354.8598,354.8598,354.8598,354.8598,50
2026-07-09 08:08:00,354.85,355.15,354.85,355.15,880
2026-07-09 08:09:00,355.2,355.33,355.15,355.15,741
2026-07-09 08:10:00,355.02,355.02,355.02,355.02,100
2026-07-09 08:11:00,355.09,355.09,354.95,354.95,923
2026-07-09 08:12:00,354.78,354.79,354.23,354.23,2831
2026-07-09 08:13:00,354.24,354.3,354.0606,354.07,3186
2026-07-09 08:14:00,354.1,354.35,353.75,353.77,1564
2026-07-09 08:15:00,353.88,353.91,353.8,353.8038,386
2026-07-09 08:16:00,353.93,353.93,353.5,353.5,1942
2026-07-09 08:17:00,353.38,353.62,353,353,3412
2026-07-09 08:18:00,353,353,352.76,353,2692
2026-07-09 08:19:00,353.32,353.37,352.97,353.28,2191
2026-07-09 08:20:00,353.3,353.41,353.07,353.26,4214
2026-07-09 08:21:00,353.25,353.4805,353.25,353.45,1496
2026-07-09 08:22:00,353.47,353.87,353.35,353.87,7388
2026-07-09 08:23:00,353.6607,353.99,353.6607,353.73,5390
2026-07-09 08:24:00,353.9088,353.94,353.9,353.9329,888
2026-07-09 08:25:00,353.9,354.36,353.9,354.3,1275
2026-07-09 08:26:00,354,354.16,354,354.16,496
2026-07-09 08:27:00,354.09,354.1,354.0768,354.0768,687
2026-07-09 08:28:00,354.04,354.04,354.04,354.04,80
2026-07-09 08:29:00,354.22,354.23,354.22,354.23,442
2026-07-09 08:30:00,354.3717,354.3717,354.3717,354.3717,100
2026-07-09 08:31:00,354.11,354.19,354.05,354.19,500
2026-07-09 08:32:00,354.1351,354.15,354.1351,354.15,200
2026-07-09 08:33:00,354.1,354.2,353.95,353.95,1794
2026-07-09 08:34:00,353.8,354.05,353.78,353.78,912
2026-07-09 08:35:00,354.2,354.4275,354.12,354.4275,559
2026-07-09 08:36:00,354.77,354.77,354.68,354.71,255
2026-07-09 08:37:00,354.68,354.69,354.6653,354.69,350
2026-07-09 08:38:00,354.79,354.79,354.79,354.79,50
2026-07-09 08:39:00,354.7,354.7,354.52,354.6,490
2026-07-09 08:40:00,354.5,354.5,354.4,354.4,449
2026-07-09 08:41:00,354.17,354.18,354.08,354.08,369
2026-07-09 08:42:00,354.3239,354.3239,354.3239,354.3239,250
2026-07-09 08:43:00,354.03,354.3438,354.03,354.12,284
2026-07-09 08:44:00,354.02,354.04,354.01,354.04,401
2026-07-09 08:45:00,354.232,354.232,354.07,354.07,291
2026-07-09 08:46:00,354.13,354.13,354.0312,354.0312,465
2026-07-09 08:47:00,354.03,354.1673,354.03,354.1,698
2026-07-09 08:48:00,354.1,354.1,354.1,354.1,415
2026-07-09 08:49:00,354.2,354.2,354.2,354.2,59
2026-07-09 08:50:00,354.25,354.25,354.25,354.25,60
2026-07-09 08:51:00,354.38,354.49,354.38,354.49,281
2026-07-09 08:52:00,354.4714,354.4714,354.4714,354.4714,100
2026-07-09 08:53:00,354.4,354.4,354.33,354.33,200
2026-07-09 08:54:00,354.3303,354.3303,354.3303,354.3303,100
2026-07-09 08:55:00,354.39,354.53,354.39,354.53,400
2026-07-09 08:56:00,354.59,354.59,354,354.1,6764
2026-07-09 08:57:00,354.2024,354.2024,353.7264,353.7264,624
2026-07-09 08:58:00,353.75,353.75,353.5,353.6,414
2026-07-09 08:59:00,353.5,353.62,353.5,353.52,949
2026-07-09 09:00:00,353.52,353.56,353.5,353.56,924
2026-07-09 09:01:00,353.6,353.6,353.4764,353.4764,959
2026-07-09 09:02:00,353.73,353.8,353.73,353.8,277
2026-07-09 09:03:00,353.8,353.8,353.55,353.694,706
2026-07-09 09:04:00,353.52,353.64,353.35,353.64,599
2026-07-09 09:05:00,353.67,353.7,353.2,353.2,3813
2026-07-09 09:06:00,353.13,353.13,353.04,353.0668,666
2026-07-09 09:07:00,353.05,353.18,352.9,352.95,1321
2026-07-09 09:08:00,352.96,352.96,352.78,352.78,850
2026-07-09 09:09:00,352.85,352.85,352.53,352.6,1476
2026-07-09 09:10:00,352.88,352.88,352.88,352.88,150
2026-07-09 09:11:00,352.69,352.88,352.64,352.88,2097
2026-07-09 09:12:00,352.99,352.99,352.99,352.99,40
2026-07-09 09:13:00,353.038,353.038,353.038,353.038,50
2026-07-09 09:14:00,353,353.22,353,353.22,318
2026-07-09 09:15:00,353.16,353.37,353.13,353.32,5273
2026-07-09 09:16:00,353.22,353.38,353.21,353.38,526
2026-07-09 09:17:00,353.37,353.38,353.37,353.38,263
2026-07-09 09:18:00,353.49,353.61,353.38,353.61,7267
2026-07-09 09:19:00,353.7,353.7397,353.7,353.7397,226
2026-07-09 09:20:00,353.7,353.99,353.7,353.99,5072
2026-07-09 09:21:00,353.9518,353.99,353.92,353.99,2610
2026-07-09 09:22:00,353.99,354,353.79,353.79,758
2026-07-09 09:23:00,353.79,353.79,353.56,353.56,245
2026-07-09 09:24:00,353.83,354.12,353.83,353.92,1677
2026-07-09 09:25:00,353.9,353.9,352.3,352.31,7188
2026-07-09 09:26:00,352.4,352.4,351.02,351.2699,79635
2026-07-09 09:27:00,351.93,352.13,351.58,351.77,5595
2026-07-09 09:28:00,351.52,351.56,350.1,351.14,22269
2026-07-09 09:29:00,350.99,351.24,350.71,350.99,26430
2026-07-09 09:30:00,351.085,354.54,351.085,353.355,397184
2026-07-09 09:31:00,353.355,354.47,353.01,353.81,50502
2026-07-09 09:32:00,353.655,354.67,352.58,354.47,64004
2026-07-09 09:33:00,354.445,355,353.8,354.19,49634
2026-07-09 09:34:00,354.18,354.21,353.36,353.63,45200
2026-07-09 09:35:00,353.68,354.59,353.38,354.42,55100
2026-07-09 09:36:00,354.4,355.64,354.341,355.49,39121
2026-07-09 09:37:00,355.515,356.35,355.14,355.305,44511
2026-07-09 09:38:00,355.305,355.6,354.67,354.93,32750
2026-07-09 09:39:00,354.92,355.5,354.61,355.4188,45146
2026-07-09 09:40:00,355.4666,355.57,354.84,354.98,51042
2026-07-09 09:41:00,354.9316,355.39,354.75,354.95,43455
2026-07-09 09:42:00,355.09,355.2,354.82,354.93,35192
2026-07-09 09:43:00,354.87,355.44,354.77,355,30731
2026-07-09 09:44:00,354.99,355.06,354.64,354.96,19767
2026-07-09 09:45:00,354.92,354.97,354.23,354.585,47723
2026-07-09 09:46:00,354.64,354.75,354.35,354.525,32192
2026-07-09 09:47:00,354.5,354.57,353.75,354.2699,80961
2026-07-09 09:48:00,354.21,354.23,353.5,353.53,59649
2026-07-09 09:49:00,353.545,353.8,353.17,353.54,49581
2026-07-09 09:50:00,353.55,353.82,353.42,353.58,38015
2026-07-09 09:51:00,353.55,353.88,353.38,353.81,33101
2026-07-09 09:52:00,353.7795,353.87,353.55,353.7599,19492
2026-07-09 09:53:00,353.69,353.92,353.47,353.92,32504
2026-07-09 09:54:00,353.87,353.87,353.39,353.72,35875
2026-07-09 09:55:00,353.67,353.99,353.54,353.96,33563
2026-07-09 09:56:00,353.99,354.26,353.83,354.17,33413
2026-07-09 09:57:00,354.13,354.13,353.51,353.87,51729
2026-07-09 09:58:00,353.82,354.02,353.67,353.94,34327
2026-07-09 09:59:00,353.98,354.02,353.33,353.74,60217
2026-07-09 10:00:00,353.78,354.4488,353.62,354.25,38278
2026-07-09 10:01:00,354.26,354.39,353.21,354.065,63041
2026-07-09 10:02:00,354.01,354.21,353,353.24,60327
2026-07-09 10:03:00,353.305,353.31,352.29,353.3,85047
2026-07-09 10:04:00,353.24,353.37,352.36,352.38,40139
2026-07-09 10:05:00,352.42,352.5003,351.7,351.855,44231
2026-07-09 10:06:00,351.81,352.19,351.63,351.8125,29130
2026-07-09 10:07:00,351.81,352.07,351.575,351.905,25884
2026-07-09 10:08:00,351.9598,352.2,351.69,351.9,49866
2026-07-09 10:09:00,351.9,352.33,351.695,351.73,36251
2026-07-09 10:10:00,351.71,351.82,349.82,349.94,126413
2026-07-09 10:11:00,349.96,350.79,349.44,350.55,69160
2026-07-09 10:12:00,350.58,351.19,350.51,350.72,54132
2026-07-09 10:13:00,350.7499,350.86,350.3,350.72,38571
2026-07-09 10:14:00,350.69,351.019,350.295,350.815,56250
2026-07-09 10:15:00,350.815,350.815,349.81,349.86,78680
2026-07-09 10:16:00,349.82,350.1,349.385,350.0951,32588
2026-07-09 10:17:00,350.1,350.27,349.6,349.62,42107
2026-07-09 10:18:00,349.63,349.92,349.4,349.71,36864
2026-07-09 10:19:00,349.76,349.97,349.205,349.37,43271
2026-07-09 10:20:00,349.36,349.83,349.16,349.16,95782
2026-07-09 10:21:00,349.16,349.26,348.66,348.96,74367
2026-07-09 10:22:00,348.96,349.09,348.8,348.95,43770
2026-07-09 10:23:00,348.975,349.2,348.89,348.99,22547
2026-07-09 10:24:00,348.96,349.25,348.875,349.1697,19941
2026-07-09 10:25:00,349.1643,349.44,348.93,349.38,30895
2026-07-09 10:26:00,349.44,349.8,349.25,349.605,56860
2026-07-09 10:27:00,349.642,350.2,349.58,350.085,47583
2026-07-09 10:28:00,350.085,350.8,349.92,350.71,38699
2026-07-09 10:29:00,350.82,351,350.64,351,33983
2026-07-09 10:30:00,350.93,351.59,350.93,351.41,34866
2026-07-09 10:31:00,351.5099,351.95,351.22,351.22,34057
2026-07-09 10:32:00,351.245,351.5,351.1001,351.4875,20842
2026-07-09 10:33:00,351.54,351.65,351.31,351.58,20439
2026-07-09 10:34:00,351.58,351.67,351.42,351.59,22375
2026-07-09 10:35:00,351.61,352.178,351.595,351.91,23803
2026-07-09 10:36:00,351.915,352.02,351.83,351.9,12352
2026-07-09 10:37:00,351.897,351.9399,351.56,351.63,20036
2026-07-09 10:38:00,351.67,351.812,351.29,351.55,11484
2026-07-09 10:39:00,351.515,351.5976,351.32,351.45,20351
2026-07-09 10:40:00,351.465,351.49,350.65,350.85,36452
2026-07-09 10:41:00,350.855,351.0499,350.76,350.89,16684
2026-07-09 10:42:00,350.92,350.95,350.63,350.65,16253
2026-07-09 10:43:00,350.66,350.6699,350.25,350.25,21412
2026-07-09 10:44:00,350.27,350.44,349.99,350.14,28243
2026-07-09 10:45:00,350.14,350.23,349.82,349.9,19574
2026-07-09 10:46:00,349.85,350.23,349.85,350.11,14861
2026-07-09 10:47:00,350.11,350.235,350.0505,350.195,25332
2026-07-09 10:48:00,350.24,350.3699,349.75,349.94,35408
2026-07-09 10:49:00,350.05,350.46,349.86,350.26,30423
2026-07-09 10:50:00,350.245,350.64,350.1,350.64,16451
2026-07-09 10:51:00,350.65,350.71,350.18,350.395,22420
2026-07-09 10:52:00,350.35,350.48,350.04,350.08,12526
2026-07-09 10:53:00,350.055,350.46,350.055,350.44,11859
2026-07-09 10:54:00,350.45,350.545,350.25,350.545,17155
2026-07-09 10:55:00,350.54,350.78,350.54,350.63,11477
2026-07-09 10:56:00,350.6599,350.73,350.18,350.3,11346
2026-07-09 10:57:00,350.35,350.655,350.35,350.655,15205
2026-07-09 10:58:00,350.62,350.73,350.43,350.615,14400
2026-07-09 10:59:00,350.64,350.8699,350.46,350.705,25880
2026-07-09 11:00:00,350.6931,350.91,350.6,350.65,28169
2026-07-09 11:01:00,350.7,350.7,350.375,350.48,10935
2026-07-09 11:02:00,350.495,350.66,350.35,350.43,19135
2026-07-09 11:03:00,350.41,350.4194,350.01,350.1,28535
2026-07-09 11:04:00,350.1,350.18,349.99,350.045,29363
2026-07-09 11:05:00,350.02,350.4999,350.02,350.46,20258
2026-07-09 11:06:00,350.45,350.685,350.39,350.675,17548
2026-07-09 11:07:00,350.68,350.7897,350.42,350.64,17368
2026-07-09 11:08:00,350.62,350.73,350.48,350.66,7667
2026-07-09 11:09:00,350.6799,351.41,350.6,351.2295,33449
2026-07-09 11:10:00,351.2595,351.33,351.03,351.08,13844
2026-07-09 11:11:00,351.09,351.2495,350.93,351.11,14798
2026-07-09 11:12:00,351.06,351.07,350.8,350.8,10358
2026-07-09 11:13:00,350.815,350.815,350.58,350.74,13850
2026-07-09 11:14:00,350.72,350.77,350.21,350.21,32718
2026-07-09 11:15:00,350.23,350.44,350.12,350.15,19407
2026-07-09 11:16:00,350.145,350.695,350.08,350.4,42156
2026-07-09 11:17:00,350.4,350.44,350.18,350.25,40241
2026-07-09 11:18:00,350.25,350.42,350.03,350.06,54126
2026-07-09 11:19:00,350.06,350.68,350.03,350.47,40044
2026-07-09 11:20:00,350.48,350.92,350.38,350.75,27563
2026-07-09 11:21:00,350.72,351.18,350.72,351.035,17676
2026-07-09 11:22:00,351.02,351.25,350.94,351.185,12285
2026-07-09 11:23:00,351.16,351.17,350.81,350.985,14841
2026-07-09 11:24:00,350.95,351.17,350.94,351.005,10907
2026-07-09 11:25:00,351.05,351.065,350.8,350.99,17674
2026-07-09 11:26:00,350.9264,351.04,350.86,351.03,14609
2026-07-09 11:27:00,351.01,351.13,350.96,351.125,16664
2026-07-09 11:28:00,351.15,351.48,351.04,351.12,45859
2026-07-09 11:29:00,351.15,351.2,351,351.15,8929
2026-07-09 11:30:00,351.1476,351.3,351.12,351.28,10400
2026-07-09 11:31:00,351.2957,351.46,351,351,15062
2026-07-09 11:32:00,350.98,351.13,350.8,350.84,11832
2026-07-09 11:33:00,350.81,351.07,350.7701,350.79,13180
2026-07-09 11:34:00,350.81,351.02,350.77,350.95,11632
2026-07-09 11:35:00,350.91,351.08,350.75,350.9379,15843
2026-07-09 11:36:00,350.84,351.03,350.74,350.915,6996
2026-07-09 11:37:00,350.9,351.115,350.74,350.74,27438
2026-07-09 11:38:00,350.765,350.84,350.63,350.685,17385
2026-07-09 11:39:00,350.67,350.87,350.5,350.735,16771
2026-07-09 11:40:00,350.74,350.8099,350.5,350.67,6953
2026-07-09 11:41:00,350.67,350.74,350.54,350.59,14828
2026-07-09 11:42:00,350.56,350.645,350.49,350.55,7046
2026-07-09 11:43:00,350.545,350.73,350.52,350.61,10780
2026-07-09 11:44:00,350.58,350.7,350.55,350.69,9805
2026-07-09 11:45:00,350.685,350.72,350.49,350.51,13727
2026-07-09 11:46:00,350.58,350.58,350.24,350.32,26029
2026-07-09 11:47:00,350.32,350.46,350.18,350.1997,12147
2026-07-09 11:48:00,350.22,350.32,350.04,350.0891,15217
2026-07-09 11:49:00,350.06,350.18,349.91,350.065,40286
2026-07-09 11:50:00,350.04,350.1,349.9501,349.9999,16899
2026-07-09 11:51:00,349.95,350.06,349.83,349.8301,15508
2026-07-09 11:52:00,349.8999,350.0251,349.76,349.96,14795
2026-07-09 11:53:00,349.98,349.9863,349.79,349.88,15252
2026-07-09 11:54:00,349.88,350.03,349.765,349.915,20889
2026-07-09 11:55:00,349.95,350,349.85,349.9798,10284
2026-07-09 11:56:00,349.9787,350.15,349.92,350.13,14912
2026-07-09 11:57:00,350.116,350.18,349.8993,350.17,18726
2026-07-09 11:58:00,350.16,350.24,350.09,350.19,11623
2026-07-09 11:59:00,350.19,350.45,350.19,350.31,15019
2026-07-09 12:00:00,350.33,350.5,350.19,350.32,20464
2026-07-09 12:01:00,350.32,350.39,350.1,350.22,13929
2026-07-09 12:02:00,350.2201,350.47,350.2,350.4,15869
2026-07-09 12:03:00,350.43,350.45,350.32,350.3599,5291
2026-07-09 12:04:00,350.33,350.55,350.25,350.4825,11115
2026-07-09 12:05:00,350.47,350.64,350.33,350.34,25620
2026-07-09 12:06:00,350.34,350.694,350.23,350.64,14152
2026-07-09 12:07:00,350.57,351.29,350.49,351.275,27160
2026-07-09 12:08:00,351.29,351.3791,350.87,351.045,20201
2026-07-09 12:09:00,351.0545,351.21,350.91,351.1,18439
2026-07-09 12:10:00,351.095,351.6,351.095,351.37,26773
2026-07-09 12:11:00,351.33,351.525,351.28,351.39,16468
2026-07-09 12:12:00,351.3501,351.45,351.14,351.18,9891
2026-07-09 12:13:00,351.17,351.31,351.02,351.25,11363
2026-07-09 12:14:00,351.205,351.259,350.76,350.82,47869
2026-07-09 12:15:00,350.78,350.87,350.61,350.8401,9220
2026-07-09 12:16:00,350.8601,350.8601,350.32,350.43,19331
2026-07-09 12:17:00,350.465,350.5994,350.405,350.5,12789
2026-07-09 12:18:00,350.47,350.655,350.43,350.495,8992
2026-07-09 12:19:00,350.485,350.85,350.45,350.825,11685
2026-07-09 12:20:00,350.82,350.949,350.62,350.82,12599
2026-07-09 12:21:00,350.78,351.01,350.75,350.895,14361
2026-07-09 12:22:00,350.93,351.265,350.88,351.15,18202
2026-07-09 12:23:00,351.15,351.8,351.15,351.62,32759
2026-07-09 12:24:00,351.67,351.97,351.62,351.73,16987
2026-07-09 12:25:00,351.72,351.8,351.55,351.7751,8700
2026-07-09 12:26:00,351.8,352,351.74,352,21764
2026-07-09 12:27:00,352.01,352.08,351.9,351.925,21481
2026-07-09 12:28:00,351.925,351.925,351.66,351.7051,15996
2026-07-09 12:29:00,351.7,351.88,351.62,351.82,11168
2026-07-09 12:30:00,351.81,352.08,351.72,351.99,13107
2026-07-09 12:31:00,351.9827,351.9985,351.81,351.865,13106
2026-07-09 12:32:00,351.86,352.06,351.78,352.06,11158
2026-07-09 12:33:00,352.04,352.278,351.93,352.19,9976
2026-07-09 12:34:00,352.17,352.21,351.625,351.8,13550
2026-07-09 12:35:00,351.71,351.79,351.62,351.62,6784
2026-07-09 12:36:00,351.63,352,351.5201,352,6705
2026-07-09 12:37:00,351.955,352.19,351.91,352.155,11384
2026-07-09 12:38:00,352.14,352.28,352.07,352.25,8618
2026-07-09 12:39:00,352.22,352.48,352.21,352.33,21158
2026-07-09 12:40:00,352.36,352.5,352.31,352.31,27938
2026-07-09 12:41:00,352.3,352.46,352.2301,352.32,13796
2026-07-09 12:42:00,352.35,352.6033,352.32,352.568,9669
2026-07-09 12:43:00,352.575,352.6199,352.39,352.3901,12924
2026-07-09 12:44:00,352.39,352.6,352.33,352.51,9619
2026-07-09 12:45:00,352.5351,352.6,352.44,352.4999,6839
2026-07-09 12:46:00,352.48,352.53,352.28,352.45,16564
2026-07-09 12:47:00,352.39,352.4,352,352.08,20402
2026-07-09 12:48:00,352.06,352.19,352.05,352.12,13233
2026-07-09 12:49:00,352.1067,352.21,352.04,352.21,8116
2026-07-09 12:50:00,352.18,352.25,352.02,352.09,10409
2026-07-09 12:51:00,352.1,352.31,352.1,352.24,7988
2026-07-09 12:52:00,352.25,352.27,352.09,352.09,11922
2026-07-09 12:53:00,352.1,352.13,352,352,10941
2026-07-09 12:54:00,352,352.2698,351.9707,352.2698,21263
2026-07-09 12:55:00,352.23,352.46,352.2,352.34,11974
2026-07-09 12:56:00,352.31,352.31,352.12,352.12,4252
2026-07-09 12:57:00,352.1265,352.145,351.9001,352.1,7526
2026-07-09 12:58:00,352.09,352.21,351.92,352.21,5666
2026-07-09 12:59:00,352.23,352.38,352.21,352.365,7942
2026-07-09 13:00:00,352.38,352.64,352.38,352.64,13157
2026-07-09 13:01:00,352.6585,352.73,352.6,352.61,15494
2026-07-09 13:02:00,352.6299,352.65,352.42,352.42,7705
2026-07-09 13:03:00,352.41,352.5,352.355,352.39,10482
2026-07-09 13:04:00,352.36,352.55,352.36,352.495,5488
2026-07-09 13:05:00,352.49,352.56,352.39,352.515,12777
2026-07-09 13:06:00,352.5001,352.52,352.41,352.4392,7100
2026-07-09 13:07:00,352.415,352.43,352.22,352.35,19544
2026-07-09 13:08:00,352.331,352.41,352.26,352.2751,6222
2026-07-09 13:09:00,352.265,352.29,352.07,352.115,12837
2026-07-09 13:10:00,352.115,352.2295,352.08,352.12,8542
2026-07-09 13:11:00,352.1,352.17,351.94,352,12580
2026-07-09 13:12:00,352.01,352.19,351.92,352.16,8547
2026-07-09 13:13:00,352.17,352.18,352.05,352.08,7425
2026-07-09 13:14:00,352.07,352.14,351.9907,352.025,7080
2026-07-09 13:15:00,352.06,352.43,352.025,352.38,7061
2026-07-09 13:16:00,352.4,352.43,352.22,352.31,8854
2026-07-09 13:17:00,352.33,352.37,352.2201,352.27,8246
2026-07-09 13:18:00,352.27,352.32,352.21,352.27,4576
2026-07-09 13:19:00,352.24,352.35,352.195,352.33,3911
2026-07-09 13:20:00,352.33,352.47,352.28,352.44,5173
2026-07-09 13:21:00,352.46,352.46,352.34,352.36,3331
2026-07-09 13:22:00,352.34,352.34,352.1649,352.185,11333
2026-07-09 13:23:00,352.19,352.3,352.13,352.14,7289
2026-07-09 13:24:00,352.17,352.36,352.16,352.3322,11883
2026-07-09 13:25:00,352.325,352.75,352.325,352.6218,29706
2026-07-09 13:26:00,352.61,352.615,352.3932,352.41,4397
2026-07-09 13:27:00,352.41,352.44,352.33,352.34,8304
2026-07-09 13:28:00,352.31,352.43,352.26,352.39,14570
2026-07-09 13:29:00,352.37,352.65,352.35,352.54,13962
2026-07-09 13:30:00,352.58,352.67,352.47,352.56,10838
2026-07-09 13:31:00,352.57,352.68,352.42,352.42,18757
2026-07-09 13:32:00,352.46,352.6,352.28,352.5501,9892
2026-07-09 13:33:00,352.55,352.76,352.4647,352.7599,7677
2026-07-09 13:34:00,352.725,352.725,352.52,352.61,7723
2026-07-09 13:35:00,352.6128,352.73,352.54,352.64,6568
2026-07-09 13:36:00,352.64,352.83,352.61,352.63,7737
2026-07-09 13:37:00,352.6059,352.75,352.531,352.68,17065
2026-07-09 13:38:00,352.685,352.93,352.58,352.725,15665
2026-07-09 13:39:00,352.71,352.77,352.41,352.41,12042
2026-07-09 13:40:00,352.425,352.45,352.3,352.44,8560
2026-07-09 13:41:00,352.45,352.5,352.29,352.305,13549
2026-07-09 13:42:00,352.33,352.44,352.31,352.39,4629
2026-07-09 13:43:00,352.4,352.49,352.325,352.42,7135
2026-07-09 13:44:00,352.425,352.53,352.41,352.51,12224
2026-07-09 13:45:00,352.51,352.735,352.48,352.5063,11082
2026-07-09 13:46:00,352.51,352.56,352.365,352.46,9992
2026-07-09 13:47:00,352.435,352.6799,352.435,352.62,8682
2026-07-09 13:48:00,352.64,352.71,352.52,352.71,7645
2026-07-09 13:49:00,352.71,352.94,352.66,352.8316,49029
2026-07-09 13:50:00,352.87,353.09,352.87,352.88,17223
2026-07-09 13:51:00,352.87,352.95,352.71,352.745,16967
2026-07-09 13:52:00,352.745,353.04,352.74,352.985,8064
2026-07-09 13:53:00,352.99,353.05,352.8605,352.925,16461
2026-07-09 13:54:00,352.925,353.01,352.91,352.93,14376
2026-07-09 13:55:00,352.97,353,352.86,352.91,9178
2026-07-09 13:56:00,352.92,353.02,352.69,352.98,13357
2026-07-09 13:57:00,352.97,352.98,352.79,352.845,6249
2026-07-09 13:58:00,352.845,353,352.75,352.93,20668
2026-07-09 13:59:00,352.96,352.96,352.81,352.93,5837
2026-07-09 14:00:00,352.93,353.1,352.93,353.0599,15746
2026-07-09 14:01:00,353.04,353.4,352.99,353.39,18653
2026-07-09 14:02:00,353.43,353.61,353.39,353.45,14897
2026-07-09 14:03:00,353.41,353.44,353.33,353.395,6069
2026-07-09 14:04:00,353.375,353.69,353.27,353.6016,39346
2026-07-09 14:05:00,353.625,353.76,353.54,353.7208,10557
2026-07-09 14:06:00,353.72,353.74,353.51,353.53,10427
2026-07-09 14:07:00,353.525,353.61,353.45,353.49,5061
2026-07-09 14:08:00,353.4528,353.61,353.345,353.49,13043
2026-07-09 14:09:00,353.55,353.78,353.55,353.78,8327
2026-07-09 14:10:00,353.795,354.08,353.76,353.975,30358
2026-07-09 14:11:00,354,354.14,353.865,354.0875,12730
2026-07-09 14:12:00,354.09,354.2,353.96,353.96,9171
2026-07-09 14:13:00,353.9,354,353.735,353.79,12111
2026-07-09 14:14:00,353.76,353.98,353.58,353.825,13642
2026-07-09 14:15:00,353.845,353.93,353.63,353.65,13175
2026-07-09 14:16:00,353.64,353.93,353.59,353.755,12113
2026-07-09 14:17:00,353.785,353.84,353.7,353.77,14213
2026-07-09 14:18:00,353.8,354.15,353.78,354.12,11448
2026-07-09 14:19:00,354.12,354.2559,354.03,354.065,14147
2026-07-09 14:20:00,354.1,354.1734,353.9601,353.975,18016
2026-07-09 14:21:00,354,354.02,353.85,354.0099,11911
2026-07-09 14:22:00,353.98,354.015,353.82,353.845,11064
2026-07-09 14:23:00,353.86,353.95,353.79,353.79,6858
2026-07-09 14:24:00,353.795,353.83,353.69,353.77,14621
2026-07-09 14:25:00,353.79,353.88,353.73,353.79,13773
2026-07-09 14:26:00,353.785,353.85,353.62,353.665,9225
2026-07-09 14:27:00,353.67,353.8,353.56,353.76,11546
2026-07-09 14:28:00,353.86,353.9,353.69,353.82,9291
2026-07-09 14:29:00,353.8,353.88,353.64,353.81,28143
2026-07-09 14:30:00,353.86,353.93,353.57,353.58,15349
2026-07-09 14:31:00,353.59,353.91,353.51,353.9,8749
2026-07-09 14:32:00,353.89,353.98,353.7,353.965,8884
2026-07-09 14:33:00,353.95,354.039,353.8,353.8,10951
2026-07-09 14:34:00,353.81,353.855,353.69,353.76,8896
2026-07-09 14:35:00,353.72,353.8,353.68,353.74,8064
2026-07-09 14:36:00,353.765,353.83,353.7,353.795,13999
2026-07-09 14:37:00,353.76,353.86,353.67,353.73,14178
2026-07-09 14:38:00,353.71,353.78,353.5601,353.72,10553
2026-07-09 14:39:00,353.72,353.85,353.63,353.755,40591
2026-07-09 14:40:00,353.77,353.86,353.69,353.715,15244
2026-07-09 14:41:00,353.75,353.78,353.69,353.73,7087
2026-07-09 14:42:00,353.72,353.72,353.58,353.65,8387
2026-07-09 14:43:00,353.6356,353.8,353.6,353.775,6876
2026-07-09 14:44:00,353.755,353.985,353.74,353.96,18712
2026-07-09 14:45:00,353.91,354.03,353.6,353.63,16637
2026-07-09 14:46:00,353.6,353.61,353.4,353.59,23255
2026-07-09 14:47:00,353.61,353.61,353.28,353.3326,21192
2026-07-09 14:48:00,353.375,353.47,353.33,353.3405,5416
2026-07-09 14:49:00,353.34,353.43,353.3,353.4,5599
2026-07-09 14:50:00,353.36,353.54,353.31,353.54,11297
2026-07-09 14:51:00,353.555,353.6,353.4,353.42,5911
2026-07-09 14:52:00,353.42,353.57,353.3801,353.53,5016
2026-07-09 14:53:00,353.5471,353.61,353.43,353.435,7943
2026-07-09 14:54:00,353.41,353.69,353.41,353.67,10131
2026-07-09 14:55:00,353.68,353.75,353.635,353.65,11699
2026-07-09 14:56:00,353.645,353.82,353.645,353.79,22814
2026-07-09 14:57:00,353.79,353.895,353.68,353.8851,8337
2026-07-09 14:58:00,353.88,354.165,353.83,354.01,11860
2026-07-09 14:59:00,354.02,354.14,353.87,353.92,11675
2026-07-09 15:00:00,353.9636,353.9636,353.77,353.8901,9255
2026-07-09 15:01:00,353.9,353.98,353.86,353.945,13123
2026-07-09 15:02:00,353.955,353.955,353.83,353.84,10261
2026-07-09 15:03:00,353.855,354.05,353.7801,354.05,15722
2026-07-09 15:04:00,354.02,354.34,354.02,354.325,26010
2026-07-09 15:05:00,354.3,354.435,354.245,354.32,24639
2026-07-09 15:06:00,354.27,354.3,354.085,354.11,9628
2026-07-09 15:07:00,354.115,354.21,353.94,353.99,10701
2026-07-09 15:08:00,353.97,354.24,353.91,354.24,13398
2026-07-09 15:09:00,354.28,354.4,354.26,354.2899,16678
2026-07-09 15:10:00,354.26,354.59,354.23,354.3,38536
2026-07-09 15:11:00,354.305,354.405,354.23,354.29,5191
2026-07-09 15:12:00,354.3,354.5,354.2595,354.49,9235
2026-07-09 15:13:00,354.55,354.6999,354.49,354.69,10113
2026-07-09 15:14:00,354.675,354.79,354.6559,354.745,36864
2026-07-09 15:15:00,354.73,355.26,354.72,354.7896,35990
2026-07-09 15:16:00,354.79,354.79,354.5101,354.69,18388
2026-07-09 15:17:00,354.72,354.77,354.63,354.7,11413
2026-07-09 15:18:00,354.69,354.8,354.64,354.675,15923
2026-07-09 15:19:00,354.665,354.71,354.4,354.44,16348
2026-07-09 15:20:00,354.4,354.49,354.32,354.45,17298
2026-07-09 15:21:00,354.41,354.5,354.26,354.34,9859
2026-07-09 15:22:00,354.355,354.39,354.255,354.255,8022
2026-07-09 15:23:00,354.2575,354.28,354.16,354.22,8795
2026-07-09 15:24:00,354.215,354.28,354.131,354.16,11953
2026-07-09 15:25:00,354.19,354.34,354.16,354.25,12417
2026-07-09 15:26:00,354.23,354.72,354.22,354.68,19439
2026-07-09 15:27:00,354.72,355.06,354.69,354.98,12166
2026-07-09 15:28:00,354.98,355.1,354.98,355.1,19762
2026-07-09 15:29:00,355.08,355.095,354.9,354.995,16765
2026-07-09 15:30:00,355.02,355.3,355.02,355.1899,26388
2026-07-09 15:31:00,355.18,355.42,355.17,355.3655,21238
2026-07-09 15:32:00,355.35,355.47,355.3001,355.43,18195
2026-07-09 15:33:00,355.43,355.52,355.35,355.44,18944
2026-07-09 15:34:00,355.44,355.5,355.4,355.47,12106
2026-07-09 15:35:00,355.47,355.68,355.35,355.39,20383
2026-07-09 15:36:00,355.38,355.47,355.3,355.44,18840
2026-07-09 15:37:00,355.43,355.51,355.28,355.335,17681
2026-07-09 15:38:00,355.33,355.36,355.17,355.19,12532
2026-07-09 15:39:00,355.185,355.37,355.1413,355.37,17642
2026-07-09 15:40:00,355.34,355.57,355.25,355.44,15464
2026-07-09 15:41:00,355.44,355.5199,355.31,355.331,12510
2026-07-09 15:42:00,355.34,355.37,355.24,355.34,13698
2026-07-09 15:43:00,355.37,355.37,355.245,355.245,8674
2026-07-09 15:44:00,355.235,355.365,355.235,355.265,9107
2026-07-09 15:45:00,355.265,355.32,355.18,355.2,18047
2026-07-09 15:46:00,355.23,355.44,355.2,355.41,16278
2026-07-09 15:47:00,355.4,355.54,355.35,355.49,16604
2026-07-09 15:48:00,355.495,355.77,355.495,355.75,17333
2026-07-09 15:49:00,355.73,355.9299,355.7005,355.755,30563
2026-07-09 15:50:00,355.74,356.27,355.61,356.15,61560
2026-07-09 15:51:00,356.14,356.23,356.06,356.08,35884
2026-07-09 15:52:00,356.08,356.23,356.02,356.13,54137
2026-07-09 15:53:00,356.13,356.455,355.9,356.29,58030
2026-07-09 15:54:00,356.3,356.57,356.13,356.375,63128
2026-07-09 15:55:00,356.35,356.73,356.31,356.44,88390
2026-07-09 15:56:00,356.445,356.5,356.29,356.36,70833
2026-07-09 15:57:00,356.345,356.47,356.26,356.36,90718
2026-07-09 15:58:00,356.355,356.42,356.03,356.045,163489
2026-07-09 15:59:00,356.06,356.29,355.93,356.23,297437
2026-07-09 16:00:00,356.17,356.24,355.839,355.839,3369359
2026-07-09 16:01:00,356.09,356.1,356.09,356.09,171
2026-07-09 16:02:00,355.96,355.99,355.74,355.86,1333
2026-07-09 16:03:00,355.84,355.85,355.6089,355.79,1658
2026-07-09 16:04:00,355.84,356.24,355.84,356.24,130781
2026-07-09 16:05:00,355.85,355.86,355.75,355.86,1442
2026-07-09 16:06:00,355.8,355.86,355.7515,355.84,1549
2026-07-09 16:07:00,355.76,355.77,355.71,355.75,742
2026-07-09 16:08:00,355.8,355.91,355.8,355.8101,556
2026-07-09 16:09:00,355.84,355.87,355.61,355.8041,546
2026-07-09 16:10:00,355.7,355.98,355.7,355.98,1250
2026-07-09 16:11:00,355.96,355.96,355.93,355.93,330
2026-07-09 16:12:00,355.93,355.93,355.93,355.93,100
2026-07-09 16:13:00,355.94,355.94,355.94,355.94,40
2026-07-09 16:14:00,355.77,355.85,355.77,355.85,1327
2026-07-09 16:15:00,355.85,356,355.85,355.99,720
2026-07-09 16:16:00,356,356,356,356,230
2026-07-09 16:17:00,355.93,355.94,355.93,355.94,98
2026-07-09 16:18:00,355.969,355.969,355.8891,355.8891,227
2026-07-09 16:19:00,355.87,355.87,355.87,355.87,87
2026-07-09 16:20:00,355.8,355.8,355.66,355.66,475
2026-07-09 16:21:00,356.24,356.24,356.24,356.24,10000
2026-07-09 16:22:00,355.92,355.92,355.8,355.8,395
2026-07-09 16:24:00,355.7,355.7,355.5611,355.5611,900
2026-07-09 16:25:00,355.7885,355.7885,355.7793,355.7793,100
2026-07-09 16:26:00,355.74,355.77,355.65,355.6614,386
2026-07-09 16:27:00,355.7,355.7,355.674,355.674,293
2026-07-09 16:28:00,355.7544,355.7544,355.7544,355.7544,200
2026-07-09 16:30:00,355.7485,355.7485,355.7485,355.7485,111
2026-07-09 16:31:00,355.74,355.75,355.74,355.75,80
2026-07-09 16:32:00,355.67,355.77,355.67,355.77,149
2026-07-09 16:33:00,355.676,355.676,355.65,355.65,600
2026-07-09 16:34:00,356.24,356.24,355.6501,355.6501,8907
2026-07-09 16:35:00,355.88,355.92,355.88,355.92,140
2026-07-09 16:36:00,355.9,355.9,355.9,355.9,77
2026-07-09 16:37:00,355.91,355.9199,355.91,355.9199,116
2026-07-09 16:40:00,355.65,355.65,355.65,355.65,115
2026-07-09 16:41:00,355.6501,355.6501,355.6501,355.6501,100
2026-07-09 16:42:00,355.874,355.92,355.85,355.91,235
2026-07-09 16:44:00,355.85,355.85,355.85,355.85,50
2026-07-09 16:45:00,355.9,355.9,355.9,355.9,100
2026-07-09 16:46:00,355.74,355.74,355.66,355.66,180
2026-07-09 16:47:00,355.876,355.876,355.876,355.876,100
2026-07-09 16:48:00,355.6,355.6,355.6,355.6,165
2026-07-09 16:49:00,355.59,355.59,355.59,355.59,157
2026-07-09 16:50:00,355.61,355.61,355.6,355.6,140
2026-07-09 16:52:00,355.6123,355.6123,355.6123,355.6123,65
2026-07-09 16:59:00,355.5,355.52,355.5,355.5116,340
2026-07-09 17:01:00,355.5,355.5,355.5,355.5,217
2026-07-09 17:02:00,355.51,355.59,355.5,355.5,876
2026-07-09 17:03:00,355.521,355.521,355.521,355.521,50
2026-07-09 17:04:00,355.5201,355.5201,355.5201,355.5201,58
2026-07-09 17:06:00,355.5228,355.5228,355.5228,355.5228,56
2026-07-09 17:07:00,355.52,355.52,355.5,355.5,454
2026-07-09 17:08:00,355.45,355.45,355.36,355.36,364
2026-07-09 17:09:00,355.45,355.45,355.45,355.45,100
2026-07-09 17:11:00,355.58,355.58,355.58,355.58,50
2026-07-09 17:13:00,355.4291,355.4291,355.4291,355.4291,288
2026-07-09 17:15:00,355.3808,355.3808,355.3808,355.3808,100
2026-07-09 17:16:00,355.36,355.36,355.36,355.36,100
2026-07-09 17:17:00,355.5,355.5,355.5,355.5,300
2026-07-09 17:26:00,355.56,355.56,355.56,355.56,40
2026-07-09 17:28:00,355.64,355.64,355.64,355.64,40
2026-07-09 17:32:00,355.526,355.526,355.526,355.526,100
2026-07-09 17:33:00,355.62,355.62,355.62,355.62,40
2026-07-09 17:34:00,355.53,355.53,355.53,355.53,530
2026-07-09 17:35:00,355.5,355.5,355.5,355.5,400
2026-07-09 17:42:00,355.64,355.64,355.64,355.64,40
2026-07-09 17:43:00,355.6392,355.6392,355.6392,355.6392,50
2026-07-09 17:45:00,355.5156,355.5156,355.5156,355.5156,100
2026-07-09 17:48:00,355.62,355.72,355.62,355.72,200
2026-07-09 17:49:00,355.63,355.63,355.63,355.63,278
2026-07-09 17:50:00,355.79,355.79,355.68,355.68,140
2026-07-09 17:52:00,355.81,355.92,355.81,355.92,5722
2026-07-09 17:55:00,355.54,355.54,355.54,355.54,158
2026-07-09 17:56:00,355.54,355.92,355.54,355.92,263
2026-07-09 17:57:00,355.6043,355.6043,355.6043,355.6043,200
2026-07-09 18:00:00,355.6,355.6,355.6,355.6,40
2026-07-09 18:01:00,355.55,355.55,355.5,355.5,117
2026-07-09 18:02:00,355.52,355.6,355.5,355.6,2259
2026-07-09 18:03:00,355.236,355.236,355.236,355.236,135
2026-07-09 18:04:00,355.281,355.46,355.281,355.42,255
2026-07-09 18:06:00,355.48,355.48,355.48,355.48,40
2026-07-09 18:07:00,355.84,355.89,355.84,355.89,84
2026-07-09 18:08:00,355.8883,355.8883,355.8883,355.8883,141
2026-07-09 18:09:00,355.75,355.75,355.47,355.47,233
2026-07-09 18:10:00,355.47,355.47,355.47,355.47,108
2026-07-09 18:11:00,355.47,355.47,355.41,355.41,227
2026-07-09 18:14:00,355.3004,355.31,355.3,355.3,771
2026-07-09 18:16:00,355.26,355.26,355.26,355.26,100
2026-07-09 18:17:00,355.3091,355.3091,355.3091,355.3091,100
2026-07-09 18:19:00,355.25,355.318,355.14,355.3006,3578
2026-07-09 18:20:00,355.25,355.25,355.25,355.25,79
2026-07-09 18:21:00,355.25,355.25,355.18,355.18,1957
2026-07-09 18:23:00,355.14,355.14,355.14,355.14,73
2026-07-09 18:24:00,355,355,355,355,254
2026-07-09 18:25:00,355,355,354.9,354.9,1561
2026-07-09 18:26:00,355,355,355,355,200
2026-07-09 18:29:00,355.09,355.09,355.09,355.09,46
2026-07-09 18:31:00,355,355,355,355,200
2026-07-09 18:32:00,355.05,355.1,355.05,355.1,190
2026-07-09 18:33:00,354.89,354.89,354.89,354.89,40
2026-07-09 18:34:00,354.88,354.88,354.88,354.88,203
2026-07-09 18:35:00,354.86,354.86,354.86,354.86,106
2026-07-09 18:36:00,354.8739,354.8739,354.8739,354.8739,56
2026-07-09 18:40:00,354.86,354.86,354.86,354.86,50
2026-07-09 18:41:00,354.99,354.99,354.99,354.99,50
2026-07-09 18:42:00,354.98,355,354.98,355,280
2026-07-09 18:43:00,354.886,354.886,354.886,354.886,50
2026-07-09 18:44:00,354.99,354.99,354.99,354.99,100
2026-07-09 18:46:00,354.86,354.86,354.85,354.85,1000
2026-07-09 18:47:00,354.8931,354.8931,354.8931,354.8931,58
2026-07-09 18:49:00,354.82,354.82,354.7,354.7,1736
2026-07-09 18:50:00,354.72,354.74,354.72,354.74,258
2026-07-09 18:51:00,354.9286,354.9286,354.9286,354.9286,50
2026-07-09 18:56:00,354.8,354.8,354.8,354.8,90
2026-07-09 18:57:00,354.56,354.56,354.56,354.56,120
2026-07-09 19:01:00,354.9,354.9,354.8,354.8,381
2026-07-09 19:03:00,354.64,354.64,354.64,354.64,44
2026-07-09 19:05:00,354.66,354.66,354.66,354.66,40
2026-07-09 19:10:00,354.97,354.97,354.97,354.97,74
2026-07-09 19:11:00,355.04,355.05,355.04,355.05,274
2026-07-09 19:13:00,355.05,355.05,355.05,355.05,400
2026-07-09 19:14:00,355.04,355.04,355.04,355.04,40
2026-07-09 19:22:00,354.8906,354.8906,354.8906,354.8906,58
2026-07-09 19:24:00,355.05,355.05,355.05,355.05,544
2026-07-09 19:25:00,355.04,355.04,355.04,355.04,50
2026-07-09 19:27:00,355.05,355.05,355.05,355.05,100
2026-07-09 19:30:00,355.09,355.09,355.09,355.09,40
2026-07-09 19:31:00,355.11,355.11,355.11,355.11,67
2026-07-09 19:32:00,355.27,355.27,355.27,355.27,50
2026-07-09 19:33:00,355.432,355.432,355.432,355.432,50
2026-07-09 19:34:00,355.27,355.35,355.1001,355.1001,398
2026-07-09 19:36:00,355.4545,355.4545,355.4545,355.4545,150
2026-07-09 19:39:00,355.3,355.3,355.3,355.3,200
2026-07-09 19:41:00,355.32,355.32,355.32,355.32,50
2026-07-09 19:43:00,354.8,355.25,354.8,355.23,1012
2026-07-09 19:44:00,355.2626,355.2626,354.9,354.9,82
2026-07-09 19:45:00,354.9,355.07,354.9,355.07,298
2026-07-09 19:46:00,355.053,355.053,354.8,354.8,380
2026-07-09 19:47:00,355.1611,355.1611,354.7,354.7,323
2026-07-09 19:51:00,354.95,355.05,354.95,355.05,160
2026-07-09 19:53:00,354.9705,354.9705,354.9705,354.9705,190
2026-07-09 19:54:00,355,355,354.75,354.75,210
2026-07-09 19:55:00,354.84,354.84,354.79,354.79,80
2026-07-09 19:56:00,354.7335,354.7335,354.7335,354.7335,68
2026-07-09 19:57:00,354.77,354.77,354.77,354.77,191
2026-07-09 19:58:00,355,355,355,355,500
2026-07-09 19:59:00,354.8,354.8,354.8,354.8,160
2026-07-10 04:00:00,354.4,355.4,353.65,355.4,6274
2026-07-10 04:01:00,354.29,355.4,353.7,354.1,8558
2026-07-10 04:02:00,353.85,354.3,353.85,354.3,377
2026-07-10 04:03:00,354.48,354.59,354.48,354.59,327
2026-07-10 04:05:00,353.98,354.73,353.98,354.73,426
2026-07-10 04:06:00,354.62,354.7275,354.62,354.7275,145
2026-07-10 04:07:00,354.64,354.64,354.63,354.63,150
2026-07-10 04:08:00,354.6483,354.83,354.6483,354.83,211
2026-07-10 04:11:00,354.82,354.91,354.82,354.91,801
2026-07-10 04:13:00,354.89,354.93,354.89,354.93,300
2026-07-10 04:17:00,354.71,354.71,354.71,354.71,40
2026-07-10 04:21:00,354.6153,354.6153,354.6153,354.6153,130
2026-07-10 04:22:00,354.6,354.62,354.6,354.62,115
2026-07-10 04:23:00,354.6,354.6,354.6,354.6,50
2026-07-10 04:24:00,354.7775,354.7775,354.7775,354.7775,200
2026-07-10 04:25:00,354.7451,354.7451,354.7451,354.7451,40
2026-07-10 04:31:00,354.3,354.3,354.3,354.3,135
2026-07-10 04:33:00,354.44,354.44,354.43,354.43,200
2026-07-10 04:36:00,354.29,354.29,354.29,354.29,100
2026-07-10 04:42:00,354.26,354.32,354.23,354.26,454
2026-07-10 04:43:00,354.24,354.27,354.24,354.24,599
2026-07-10 04:44:00,354.52,354.72,354.52,354.72,2137
2026-07-10 04:45:00,354.69,354.85,354.69,354.85,809
2026-07-10 04:46:00,354.8,354.94,354.8,354.94,150
2026-07-10 04:47:00,354.96,355,354.96,355,215
2026-07-10 04:48:00,355.09,355.09,355.09,355.09,100
2026-07-10 04:49:00,355.14,355.22,355,355.22,1725
2026-07-10 04:50:00,355.22,355.22,355.22,355.22,100
2026-07-10 04:51:00,355.22,355.22,355.22,355.22,50
2026-07-10 04:52:00,355.16,355.2,355.16,355.18,202
2026-07-10 04:53:00,355.44,355.44,355.44,355.44,45
2026-07-10 04:54:00,355.48,355.55,355.48,355.55,108
2026-07-10 04:56:00,355.3,355.3,355.3,355.3,55
2026-07-10 04:57:00,355.46,355.48,355.46,355.48,230
2026-07-10 04:58:00,355.53,355.53,355.53,355.53,80
2026-07-10 04:59:00,355.38,355.38,355.38,355.38,50
2026-07-10 05:01:00,355.11,355.24,355,355,446
2026-07-10 05:03:00,355.153,355.39,355.153,355.39,103
2026-07-10 05:06:00,355.71,355.71,355.71,355.71,75
2026-07-10 05:08:00,355.71,355.71,355.71,355.71,914
2026-07-10 05:10:00,355.55,355.75,355.55,355.75,579
2026-07-10 05:12:00,355.75,355.75,355.75,355.75,327
2026-07-10 05:13:00,355.65,355.65,355.65,355.65,50
2026-07-10 05:14:00,355.84,355.86,355.84,355.86,120
2026-07-10 05:17:00,355.83,355.83,355.83,355.83,100
2026-07-10 05:18:00,355.9,356,355.9,356,457
2026-07-10 05:19:00,356,356.1859,356,356.1859,90
2026-07-10 05:20:00,356.35,356.38,356.35,356.38,940
2026-07-10 05:22:00,356.3477,356.3477,356.3477,356.3477,43
2026-07-10 05:23:00,356.33,356.33,356.15,356.195,249
2026-07-10 05:24:00,356.187,356.187,356.187,356.187,44
2026-07-10 05:27:00,356.01,356.01,356.01,356.01,50
2026-07-10 05:28:00,356,356,355.87,356,195
2026-07-10 05:30:00,355.86,355.86,355.86,355.86,76
2026-07-10 05:32:00,355.83,355.83,355.83,355.83,40
2026-07-10 05:33:00,356,356.21,355.7747,355.82,339
2026-07-10 05:34:00,355.7191,355.7191,355.7191,355.7191,300
2026-07-10 05:35:00,355.75,355.75,355.69,355.69,143
2026-07-10 05:36:00,355.74,356.05,355.74,356.05,100
2026-07-10 05:39:00,355.78,355.78,355.78,355.78,71
2026-07-10 05:40:00,355.75,355.75,355.69,355.69,400
2026-07-10 05:42:00,355.63,355.75,355.63,355.63,194
2026-07-10 05:43:00,355.62,355.69,355.61,355.61,201
2026-07-10 05:44:00,355.73,355.73,355.68,355.68,130
2026-07-10 05:45:00,355.73,355.75,355.68,355.68,191
2026-07-10 05:46:00,355.44,355.78,355.44,355.78,185
2026-07-10 05:47:00,355.6,355.6,355.6,355.6,100
2026-07-10 05:48:00,355.47,355.47,355.47,355.47,77
2026-07-10 05:50:00,355.7858,355.7858,355.73,355.73,354
2026-07-10 05:51:00,355.3924,355.8,355.3924,355.8,271
2026-07-10 05:52:00,355.81,355.81,355.81,355.81,80
2026-07-10 05:53:00,355.8,355.8,355.8,355.8,50
2026-07-10 05:57:00,355.6,355.69,355.5,355.5,1000
2026-07-10 06:00:00,355.6,355.66,355.6,355.64,850
2026-07-10 06:02:00,355.82,355.82,355.82,355.82,80
2026-07-10 06:03:00,355.65,355.65,355.65,355.65,100
2026-07-10 06:05:00,355.93,355.93,355.93,355.93,124
2026-07-10 06:10:00,356.08,356.08,356.06,356.06,397
2026-07-10 06:11:00,355.94,356.07,355.94,356.07,178
2026-07-10 06:12:00,356.1,356.1,356.1,356.1,100
2026-07-10 06:13:00,356.1,356.1,356.1,356.1,100
2026-07-10 06:16:00,355.93,355.93,355.93,355.93,43
2026-07-10 06:19:00,355.9767,355.9767,355.9767,355.9767,40
2026-07-10 06:21:00,356.31,356.31,356.31,356.31,100
2026-07-10 06:22:00,355.99,355.99,355.88,355.88,209
2026-07-10 06:24:00,356.3,356.54,356.3,356.54,586
2026-07-10 06:25:00,356.67,356.67,356.67,356.67,77
2026-07-10 06:26:00,356.52,356.52,356.46,356.46,123
2026-07-10 06:27:00,356.73,357.72,356.73,357.61,536
2026-07-10 06:28:00,357.67,357.77,357.11,357.77,440
2026-07-10 06:29:00,357.94,358,357.66,357.77,1187
2026-07-10 06:30:00,357.77,357.77,357.64,357.64,676
2026-07-10 06:31:00,357.75,357.75,357.75,357.75,319
2026-07-10 06:34:00,357.29,357.29,357.29,357.29,44
2026-07-10 06:36:00,357.31,357.34,357.31,357.34,99
2026-07-10 06:38:00,357.5,357.65,357.4,357.4,741
2026-07-10 06:43:00,357.09,357.09,357.09,357.09,105
2026-07-10 06:44:00,357.07,357.08,357,357.07,484
2026-07-10 06:45:00,357.1,357.1,357,357,275
2026-07-10 06:52:00,356.97,356.97,356.79,356.8,142
2026-07-10 06:53:00,356.68,356.68,356.68,356.68,100
2026-07-10 06:55:00,356.73,356.73,356.73,356.73,40
2026-07-10 06:58:00,356.81,356.81,356.81,356.81,50
2026-07-10 07:00:00,356.61,356.68,356.3,356.5,743
2026-07-10 07:02:00,356.481,356.481,356.3,356.35,392
2026-07-10 07:03:00,356.45,356.45,356.01,356.01,279
2026-07-10 07:04:00,356.12,356.13,356.05,356.1,437
2026-07-10 07:05:00,356.01,356.01,356.01,356.01,50
2026-07-10 07:06:00,356.04,356.04,355.91,355.91,183
2026-07-10 07:07:00,355.82,355.98,355.82,355.98,371
2026-07-10 07:08:00,356,356,355.92,355.92,382
2026-07-10 07:09:00,356,356,355.96,355.96,97
2026-07-10 07:10:00,356.02,356.02,356.02,356.02,100
2026-07-10 07:11:00,356.02,356.02,355.95,355.95,942
2026-07-10 07:12:00,355.87,355.94,355.47,355.52,11215
2026-07-10 07:13:00,355.6,355.6,355.59,355.59,100
2026-07-10 07:15:00,355.63,355.65,355.63,355.65,326
2026-07-10 07:16:00,355.53,355.85,355.53,355.85,1014
2026-07-10 07:17:00,355.75,355.75,355.75,355.75,80
2026-07-10 07:18:00,355.74,355.85,355.74,355.78,2239
2026-07-10 07:22:00,355.7,355.81,355.7,355.77,314
2026-07-10 07:23:00,355.67,355.8,355.59,355.59,785
2026-07-10 07:24:00,355.74,355.75,355.74,355.75,151
2026-07-10 07:25:00,355.59,355.59,355.59,355.59,46
2026-07-10 07:26:00,355.42,355.42,355.3,355.37,227
2026-07-10 07:27:00,355.3192,355.59,355.3192,355.59,449
2026-07-10 07:28:00,355.6,355.6,355.6,355.6,100
2026-07-10 07:29:00,355.5876,355.5876,355.5876,355.5876,336
2026-07-10 07:30:00,355,355.36,355,355.36,1271
2026-07-10 07:31:00,355.31,355.43,355.31,355.43,1881
2026-07-10 07:32:00,355.6,355.6,355.57,355.57,2931
2026-07-10 07:33:00,355.7446,355.81,355.7446,355.81,200
2026-07-10 07:34:00,355.33,355.33,355.31,355.31,768
2026-07-10 07:35:00,355.31,355.4,355.31,355.4,1094
2026-07-10 07:36:00,355.31,355.32,355.13,355.13,1381
2026-07-10 07:37:00,355.15,355.17,355.15,355.17,740
2026-07-10 07:38:00,355.12,355.12,355,355,353
2026-07-10 07:39:00,354.79,355.15,354.79,355.15,247
2026-07-10 07:40:00,355,355,355,355,100
2026-07-10 07:41:00,355,355.08,354.7497,354.84,5282
2026-07-10 07:43:00,354.8,354.8,354.8,354.8,3045
2026-07-10 07:45:00,354.85,354.85,354.85,354.85,41
2026-07-10 07:46:00,355.15,355.15,354.94,354.94,673
2026-07-10 07:47:00,355.11,355.15,355.11,355.1271,232
2026-07-10 07:49:00,355.15,355.17,354.9825,355.11,523
2026-07-10 07:51:00,355.11,355.12,355.11,355.12,132
2026-07-10 07:52:00,355.1,355.11,355.1,355.11,183
2026-07-10 07:54:00,355.04,355.04,355,355.01,1215
2026-07-10 07:55:00,354.88,354.92,354.55,354.66,9976
2026-07-10 07:56:00,354.48,354.59,354.35,354.59,692
2026-07-10 07:57:00,354.44,354.44,354.44,354.44,50
2026-07-10 07:58:00,354.14,354.31,354.13,354.13,465
2026-07-10 07:59:00,354.2986,354.2986,354.2986,354.2986,100
2026-07-10 08:01:00,354.48,354.48,354.44,354.44,101
2026-07-10 08:02:00,354.42,354.42,354.42,354.42,200
2026-07-10 08:03:00,354.4,355.18,354.4,355.16,2350
2026-07-10 08:04:00,355.01,355.01,355.01,355.01,100
2026-07-10 08:05:00,354.76,354.76,354.76,354.76,100
2026-07-10 08:08:00,354.56,354.56,354.56,354.56,100
2026-07-10 08:09:00,354.8,354.8,354.8,354.8,56
2026-07-10 08:10:00,354.818,354.818,354.58,354.58,122
2026-07-10 08:12:00,354.67,354.67,354.67,354.67,400
2026-07-10 08:13:00,354.71,355.17,354.71,355.17,3721
2026-07-10 08:14:00,355.25,355.25,355.25,355.25,100
2026-07-10 08:15:00,355.2,355.2,355.2,355.2,40
2026-07-10 08:16:00,354.84,354.84,354.84,354.84,50
2026-07-10 08:17:00,355.09,355.14,355.08,355.14,427
2026-07-10 08:18:00,354.93,354.98,354.67,354.73,370
2026-07-10 08:19:00,354.89,354.89,354.89,354.89,500
2026-07-10 08:22:00,354.93,354.99,354.93,354.99,183
2026-07-10 08:23:00,355.02,355.02,354.86,354.86,150
2026-07-10 08:24:00,355.02,355.03,354.86,354.86,287
2026-07-10 08:25:00,355.04,355.04,353.97,354.06,10109
2026-07-10 08:26:00,354.01,354.07,353.78,354,1662
2026-07-10 08:27:00,354.02,354.27,353.72,353.8,3509
2026-07-10 08:28:00,353.8,353.8,353.62,353.7624,1578
2026-07-10 08:29:00,353.7994,354,353.7994,354,403
2026-07-10 08:30:00,353.98,354,353.98,354,200
2026-07-10 08:31:00,353.8301,354,353.75,353.92,1406
2026-07-10 08:32:00,353.4,353.4,353.19,353.19,194
2026-07-10 08:33:00,353.1001,353.13,352.71,352.94,4792
2026-07-10 08:34:00,353.21,353.68,353.21,353.68,470
2026-07-10 08:35:00,353.5,353.6979,353.38,353.53,244
2026-07-10 08:36:00,353.65,353.66,353.65,353.66,1100
2026-07-10 08:37:00,353.65,353.65,353.45,353.45,1900
2026-07-10 08:38:00,353.49,353.51,353.49,353.51,152
2026-07-10 08:39:00,353.7768,353.7768,353.7768,353.7768,200
2026-07-10 08:40:00,353.6,354.04,353.6,354.04,489
2026-07-10 08:41:00,353.97,353.97,353.97,353.97,100
2026-07-10 08:42:00,353.9317,353.9317,353.8,353.8,200
2026-07-10 08:43:00,353.8,353.8,353.8,353.8,125
2026-07-10 08:44:00,353.9,353.9,353.75,353.82,721
2026-07-10 08:45:00,353.66,353.66,353.66,353.66,50
2026-07-10 08:46:00,353.97,353.97,353.97,353.97,300
2026-07-10 08:47:00,353.7663,354,353.7663,354,377
2026-07-10 08:48:00,354.2,354.32,354.17,354.32,1092
2026-07-10 08:49:00,354.2685,354.2685,354.2685,354.2685,50
2026-07-10 08:52:00,354.51,354.84,354.51,354.52,1656
2026-07-10 08:53:00,354.57,354.57,354.57,354.57,69
2026-07-10 08:54:00,354.81,354.81,354.62,354.62,201
2026-07-10 08:55:00,354.58,354.61,354.47,354.51,407
2026-07-10 08:56:00,354.67,354.67,354.67,354.67,41
2026-07-10 08:57:00,354.67,354.67,354.3985,354.448,308
2026-07-10 08:58:00,354.58,354.58,354.5,354.5,488
2026-07-10 09:00:00,354.52,354.52,354.52,354.52,149
2026-07-10 09:02:00,354.48,354.48,354.48,354.48,70
2026-07-10 09:03:00,354.48,354.48,354.48,354.48,330
2026-07-10 09:04:00,354.5083,354.5083,354.5083,354.5083,50
2026-07-10 09:05:00,354.45,354.45,354.45,354.45,40
2026-07-10 09:06:00,354.65,354.82,354.65,354.82,787
2026-07-10 09:08:00,354.82,354.86,354.82,354.86,1054
2026-07-10 09:09:00,354.75,354.75,354.73,354.73,268
2026-07-10 09:10:00,354.9,355,354.9,354.92,1425
2026-07-10 09:11:00,354.84,354.9401,354.83,354.93,591
2026-07-10 09:12:00,354.6346,354.6346,354.6346,354.6346,50
2026-07-10 09:13:00,354.99,354.99,354.7,354.97,228
2026-07-10 09:14:00,355,355,355,355,154
2026-07-10 09:16:00,355.0581,355.0581,355,355,225
2026-07-10 09:17:00,355.01,355.01,354.7108,354.8,468
2026-07-10 09:18:00,354.8,354.8,354.8,354.8,100
2026-07-10 09:19:00,354.73,354.73,354.73,354.73,114
2026-07-10 09:20:00,354.78,355.21,354.76,354.8106,1472
2026-07-10 09:23:00,355.13,355.31,354.91,354.91,2257
2026-07-10 09:24:00,354.95,355.02,354.95,355.02,130
2026-07-10 09:25:00,355,355,354.5125,354.66,15666
2026-07-10 09:26:00,354.62,354.62,354.32,354.47,45960
2026-07-10 09:27:00,354.61,354.61,354.01,354.04,3613
2026-07-10 09:28:00,353.93,354.11,353.93,354.11,254
2026-07-10 09:29:00,354.29,354.94,354.29,354.9,4641
2026-07-10 09:30:00,354.92,355.2694,352,353.81,320646
2026-07-10 09:31:00,353.69,353.96,352.63,352.68,65501
2026-07-10 09:32:00,352.72,353.5,351.99,353.34,56567
2026-07-10 09:33:00,353.335,354.25,353.1856,354.25,65411
2026-07-10 09:34:00,354.17,354.46,353.935,354.43,33624
2026-07-10 09:35:00,354.43,354.61,353.67,354.36,32226
2026-07-10 09:36:00,354.45,354.9894,354.23,354.23,36636
2026-07-10 09:37:00,354.365,354.79,354.1903,354.52,28261
2026-07-10 09:38:00,354.63,354.8,354.11,354.66,28805
2026-07-10 09:39:00,354.57,355,354.28,354.68,24299
2026-07-10 09:40:00,354.71,355.2797,354.58,355.07,32852
2026-07-10 09:41:00,355.13,355.305,354.45,354.55,30080
2026-07-10 09:42:00,354.53,354.61,353.4,353.545,20246
2026-07-10 09:43:00,353.57,354.17,353.56,353.925,21667
2026-07-10 09:44:00,353.97,354.28,353.54,353.8375,23864
2026-07-10 09:45:00,353.92,353.95,353.34,353.365,37268
2026-07-10 09:46:00,353.41,353.89,353.34,353.555,26204
2026-07-10 09:47:00,353.555,354.03,353.51,354.02,21213
2026-07-10 09:48:00,354.025,354.0511,353.71,353.97,18994
2026-07-10 09:49:00,354.06,354.12,353.7,354,19505
2026-07-10 09:50:00,353.94,354.19,353.81,353.89,24172
2026-07-10 09:51:00,353.87,353.98,353.595,353.725,24382
2026-07-10 09:52:00,353.79,354.1,353.65,353.985,13506
2026-07-10 09:53:00,353.96,353.98,353.25,353.92,21962
2026-07-10 09:54:00,353.92,354.345,353.635,354.23,20834
2026-07-10 09:55:00,354.27,354.515,353.93,354.0835,38212
2026-07-10 09:56:00,354.06,354.43,354.06,354.4,11308
2026-07-10 09:57:00,354.43,354.6999,354.26,354.5636,14137
2026-07-10 09:58:00,354.525,354.94,354.4,354.94,37950
2026-07-10 09:59:00,354.885,354.885,354.13,354.45,31235
2026-07-10 10:00:00,354.52,355.08,354,354,36746
2026-07-10 10:01:00,353.95,354,353.6412,353.92,22831
2026-07-10 10:02:00,353.975,354.195,353.56,354.01,23131
2026-07-10 10:03:00,353.965,354.405,353.965,354.07,35555
2026-07-10 10:04:00,354.03,354.09,353.78,353.94,24696
2026-07-10 10:05:00,353.99,354.08,353.54,353.58,27402
2026-07-10 10:06:00,353.59,353.634,352.56,352.61,33641
2026-07-10 10:07:00,352.56,352.83,352.3,352.795,51075
2026-07-10 10:08:00,352.83,353.3796,352.68,353.19,20053
2026-07-10 10:09:00,353.22,353.4517,352.95,353.4,18012
2026-07-10 10:10:00,353.36,354,353.13,354,34211
2026-07-10 10:11:00,353.985,354.5801,353.91,354.4,24819
2026-07-10 10:12:00,354.37,354.705,353.92,353.92,25759
2026-07-10 10:13:00,353.93,354.02,353.13,353.13,30648
2026-07-10 10:14:00,353.2001,353.38,352.929,352.929,25633
2026-07-10 10:15:00,353.01,353.09,352.8,352.97,15826
2026-07-10 10:16:00,352.96,353.135,352.55,352.55,21364
2026-07-10 10:17:00,352.65,352.91,352.58,352.71,23034
2026-07-10 10:18:00,352.65,353.17,352.64,353.0099,21997
2026-07-10 10:19:00,352.955,353.26,352.92,353.16,15746
2026-07-10 10:20:00,353.23,353.34,353.19,353.28,6339
2026-07-10 10:21:00,353.27,353.4399,353.15,353.195,11143
2026-07-10 10:22:00,353.15,353.17,352.85,353.12,27530
2026-07-10 10:23:00,353.08,353.18,352.96,353.14,11086
2026-07-10 10:24:00,353.17,353.25,353.03,353.25,16030
2026-07-10 10:25:00,353.225,353.54,353.1,353.17,18651
2026-07-10 10:26:00,353.155,353.4699,353.1398,353.34,9067
2026-07-10 10:27:00,353.33,353.7141,353.29,353.59,17201
2026-07-10 10:28:00,353.65,353.83,353.47,353.7101,11463
2026-07-10 10:29:00,353.71,353.71,353.36,353.405,10552
2026-07-10 10:30:00,353.405,353.54,353.11,353.19,19656
2026-07-10 10:31:00,353.22,353.305,352.95,353.09,18929
2026-07-10 10:32:00,353.09,353.14,352,352,79507
2026-07-10 10:33:00,352,352.72,351.39,352.355,61628
2026-07-10 10:34:00,352.43,352.86,352.16,352.3,62734
2026-07-10 10:35:00,352.4833,352.69,352.18,352.19,22707
2026-07-10 10:36:00,352.18,352.65,352.17,352.305,16486
2026-07-10 10:37:00,352.305,352.81,352.22,352.42,13994
2026-07-10 10:38:00,352.47,352.57,352.21,352.57,8405
2026-07-10 10:39:00,352.5501,352.75,352.375,352.71,51745
2026-07-10 10:40:00,352.74,352.8025,352.52,352.64,17347
2026-07-10 10:41:00,352.66,352.74,352.25,352.355,22010
2026-07-10 10:42:00,352.4,352.6483,352.375,352.4,10830
2026-07-10 10:43:00,352.39,352.48,352.185,352.255,15254
2026-07-10 10:44:00,352.25,352.31,352.02,352.29,7483
2026-07-10 10:45:00,352.29,352.33,351.91,352,26540
2026-07-10 10:46:00,351.975,351.99,351.71,351.745,22118
2026-07-10 10:47:00,351.78,351.7999,351.53,351.53,13390
2026-07-10 10:48:00,351.54,351.8,351.4,351.75,25874
2026-07-10 10:49:00,351.8,351.99,351.7,351.935,16911
2026-07-10 10:50:00,351.96,352.15,351.74,351.84,12822
2026-07-10 10:51:00,351.81,351.85,351.6,351.695,20904
2026-07-10 10:52:00,351.695,351.91,351.65,351.8425,15529
2026-07-10 10:53:00,351.845,351.87,351.73,351.83,8243
2026-07-10 10:54:00,351.83,351.835,351.38,351.49,22830
2026-07-10 10:55:00,351.48,351.58,351.4,351.47,8265
2026-07-10 10:56:00,351.47,351.47,351,351.11,23021
2026-07-10 10:57:00,351.11,351.335,350.96,351.3122,17882
2026-07-10 10:58:00,351.33,351.37,351.02,351.09,11202
2026-07-10 10:59:00,351.09,351.15,350.96,351.07,13200
2026-07-10 11:00:00,351.07,351.2399,350.92,351.175,18426
2026-07-10 11:01:00,351.18,351.33,351.14,351.21,9910
2026-07-10 11:02:00,351.17,351.3099,350.92,351.05,11213
2026-07-10 11:03:00,351.045,351.195,350.92,351.065,17406
2026-07-10 11:04:00,350.99,351.12,350.7,350.87,27355
2026-07-10 11:05:00,350.89,351.13,350.7301,350.99,8399
2026-07-10 11:06:00,350.99,350.99,350.73,350.9,12059
2026-07-10 11:07:00,350.9499,351.17,350.9,350.97,20109
2026-07-10 11:08:00,351.02,351.22,350.9941,351.15,16244
2026-07-10 11:09:00,351.22,351.5,351.08,351.425,28819
2026-07-10 11:10:00,351.425,351.8219,351.425,351.7554,18951
2026-07-10 11:11:00,351.7,351.87,351.52,351.865,11705
2026-07-10 11:12:00,351.81,351.845,351.62,351.745,7585
2026-07-10 11:13:00,351.74,351.86,351.61,351.67,7020
2026-07-10 11:14:00,351.675,351.68,351.47,351.545,11499
2026-07-10 11:15:00,351.6359,351.8,351.59,351.715,8993
2026-07-10 11:16:00,351.76,352.23,351.76,352.1825,13792
2026-07-10 11:17:00,352.1401,352.1401,351.8,351.8674,10613
2026-07-10 11:18:00,351.875,352.0199,351.8101,351.95,7365
2026-07-10 11:19:00,351.9869,352.12,351.8,352.0601,19473
2026-07-10 11:20:00,352.09,352.09,351.74,351.83,19189
2026-07-10 11:21:00,351.85,351.995,351.745,351.8,5018
2026-07-10 11:22:00,351.805,351.865,351.6101,351.77,5979
2026-07-10 11:23:00,351.77,351.9,351.6594,351.815,7233
2026-07-10 11:24:00,351.77,352.02,351.66,352.02,10192
2026-07-10 11:25:00,352.0099,352.06,351.9,352.01,23574
2026-07-10 11:26:00,352.01,352.1214,351.92,351.925,10155
2026-07-10 11:27:00,351.95,352.22,351.9,351.965,21553
2026-07-10 11:28:00,351.96,351.96,351.84,351.93,5163
2026-07-10 11:29:00,351.93,352.25,351.91,352.23,11007
2026-07-10 11:30:00,352.26,352.55,352.2219,352.365,17269
2026-07-10 11:31:00,352.36,352.425,352.19,352.425,19904
2026-07-10 11:32:00,352.415,352.45,352.25,352.265,8014
2026-07-10 11:33:00,352.3,352.3,352.1,352.25,7815
2026-07-10 11:34:00,352.22,352.235,352,352.07,14283
2026-07-10 11:35:00,352.075,352.19,352.01,352.03,7274
2026-07-10 11:36:00,352.045,352.23,352.04,352.2,9716
2026-07-10 11:37:00,352.23,352.3,352.09,352.1599,29714
2026-07-10 11:38:00,352.125,352.165,351.96,352.11,14527
2026-07-10 11:39:00,352.11,352.11,351.8,352.03,9776
2026-07-10 11:40:00,351.98,352.3595,351.965,352.15,7440
2026-07-10 11:41:00,352.2,352.21,351.83,351.92,8785
2026-07-10 11:42:00,351.905,351.93,351.75,351.92,21540
2026-07-10 11:43:00,351.92,352.38,351.92,352.24,8821
2026-07-10 11:44:00,352.2599,352.26,352.02,352.065,6727
2026-07-10 11:45:00,352.065,352.065,351.655,351.725,25757
2026-07-10 11:46:00,351.77,351.86,351.55,351.7,26808
2026-07-10 11:47:00,351.67,352.27,351.645,352.25,30318
2026-07-10 11:48:00,352.23,352.49,352.18,352.49,26192
2026-07-10 11:49:00,352.48,352.69,352.26,352.28,45742
2026-07-10 11:50:00,352.29,352.75,352.25,352.3471,9648
2026-07-10 11:51:00,352.42,352.695,352.4125,352.61,11507
2026-07-10 11:52:00,352.5201,352.81,352.5,352.765,19836
2026-07-10 11:53:00,352.7853,353.2,352.76,353.04,29554
2026-07-10 11:54:00,353.07,353.2,353,353.06,34597
2026-07-10 11:55:00,353.03,353.05,352.83,352.83,8890
2026-07-10 11:56:00,352.83,352.91,352.8,352.89,4028
2026-07-10 11:57:00,352.92,352.93,352.535,352.645,9952
2026-07-10 11:58:00,352.6,352.64,352.48,352.58,19654
2026-07-10 11:59:00,352.62,352.72,352.53,352.695,5691
2026-07-10 12:00:00,352.67,352.78,352.62,352.67,6824
2026-07-10 12:01:00,352.655,352.75,352.415,352.6196,9762
2026-07-10 12:02:00,352.6,352.72,352.5001,352.67,6678
2026-07-10 12:03:00,352.6,352.645,352.38,352.4356,5096
2026-07-10 12:04:00,352.415,352.56,352.38,352.495,24027
2026-07-10 12:05:00,352.44,352.5899,352.33,352.52,6683
2026-07-10 12:06:00,352.525,352.63,352.5136,352.53,6853
2026-07-10 12:07:00,352.505,352.63,352.35,352.38,8374
2026-07-10 12:08:00,352.42,352.53,352.33,352.53,5589
2026-07-10 12:09:00,352.48,352.69,352.4361,352.63,6160
2026-07-10 12:10:00,352.68,352.87,352.622,352.765,7542
2026-07-10 12:11:00,352.73,352.8,352.69,352.8,7761
2026-07-10 12:12:00,352.84,352.9899,352.84,352.93,5962
2026-07-10 12:13:00,352.95,353.165,352.93,353.005,13219
2026-07-10 12:14:00,353.03,353.15,352.94,353.01,8359
2026-07-10 12:15:00,353.01,353.1202,352.98,353.01,6267
2026-07-10 12:16:00,352.995,353.19,352.995,353.05,7789
2026-07-10 12:17:00,353.04,353.1,352.9345,353.0249,9153
2026-07-10 12:18:00,353.035,353.0599,352.9642,353.015,3874
2026-07-10 12:19:00,352.99,353.1884,352.93,353.06,8570
2026-07-10 12:20:00,353.01,353.1,352.93,352.956,4762
2026-07-10 12:21:00,352.94,352.94,352.85,352.9,5543
2026-07-10 12:22:00,352.9,353.03,352.83,352.985,7730
2026-07-10 12:23:00,352.96,353.12,352.9501,353.02,7081
2026-07-10 12:24:00,353.02,353.13,352.98,352.985,8042
2026-07-10 12:25:00,352.975,353.05,352.925,352.985,4457
2026-07-10 12:26:00,352.975,353.04,352.91,352.93,5203
2026-07-10 12:27:00,352.95,353,352.86,352.9449,7386
2026-07-10 12:28:00,352.95,353.01,352.9,352.92,8261
2026-07-10 12:29:00,352.96,353,352.85,352.975,9108
2026-07-10 12:30:00,352.97,353.32,352.97,353.24,12896
2026-07-10 12:31:00,353.28,353.57,353.25,353.5699,24980
2026-07-10 12:32:00,353.545,353.85,353.54,353.795,10727
2026-07-10 12:33:00,353.795,353.87,353.55,353.5501,19801
2026-07-10 12:34:00,353.58,353.7099,353.39,353.45,20853
2026-07-10 12:35:00,353.44,353.4499,353.1841,353.23,10024
2026-07-10 12:36:00,353.21,353.25,353.04,353.21,8354
2026-07-10 12:37:00,353.21,353.23,353.04,353.16,15067
2026-07-10 12:38:00,353.16,353.35,353.11,353.3,13144
2026-07-10 12:39:00,353.2201,353.385,353.2201,353.37,5329
2026-07-10 12:40:00,353.365,353.62,353.365,353.56,12826
2026-07-10 12:41:00,353.56,353.72,353.56,353.64,9099
2026-07-10 12:42:00,353.67,353.835,353.61,353.775,18096
2026-07-10 12:43:00,353.81,353.8899,353.66,353.81,8931
2026-07-10 12:44:00,353.7783,353.815,353.7,353.74,4456
2026-07-10 12:45:00,353.76,353.85,353.73,353.7675,71787
2026-07-10 12:46:00,353.78,353.78,353.2,353.21,43846
2026-07-10 12:47:00,353.2,353.4,353.2,353.34,10586
2026-07-10 12:48:00,353.37,353.37,353.3,353.34,5946
2026-07-10 12:49:00,353.34,353.48,353.3295,353.4293,7012
2026-07-10 12:50:00,353.42,353.55,353.42,353.46,7395
2026-07-10 12:51:00,353.43,353.44,353.1801,353.22,7078
2026-07-10 12:52:00,353.18,353.29,353.13,353.24,4890
2026-07-10 12:53:00,353.26,353.26,353.1611,353.205,19623
2026-07-10 12:54:00,353.22,353.45,353.21,353.38,4706
2026-07-10 12:55:00,353.375,353.45,353.2,353.25,6651
2026-07-10 12:56:00,353.25,353.26,353.15,353.155,3484
2026-07-10 12:57:00,353.16,353.25,353.0331,353.07,4183
2026-07-10 12:58:00,353.07,353.17,353,353.13,12829
2026-07-10 12:59:00,353.14,353.21,353.06,353.15,16788
2026-07-10 13:00:00,353.16,353.1687,352.805,352.855,9436
2026-07-10 13:01:00,352.86,352.9195,352.72,352.76,9390
2026-07-10 13:02:00,352.72,352.85,352.72,352.82,9218
2026-07-10 13:03:00,352.805,352.83,352.73,352.7501,6225
2026-07-10 13:04:00,352.76,352.775,352.645,352.65,7637
2026-07-10 13:05:00,352.65,352.77,352.646,352.74,9294
2026-07-10 13:06:00,352.72,352.79,352.67,352.73,6293
2026-07-10 13:07:00,352.7,352.73,352.61,352.67,21244
2026-07-10 13:08:00,352.67,352.73,352.63,352.68,4974
2026-07-10 13:09:00,352.68,352.72,352.65,352.6668,8957
2026-07-10 13:10:00,352.67,352.74,352.5955,352.5955,8072
2026-07-10 13:11:00,352.605,352.66,352.55,352.645,7796
2026-07-10 13:12:00,352.64,352.64,352.46,352.6299,7970
2026-07-10 13:13:00,352.59,352.59,352.495,352.5537,6940
2026-07-10 13:14:00,352.5341,352.61,352.46,352.605,20829
2026-07-10 13:15:00,352.595,352.65,352.54,352.57,4864
2026-07-10 13:16:00,352.5563,352.62,352.51,352.6,20087
2026-07-10 13:17:00,352.61,352.81,352.54,352.59,19007
2026-07-10 13:18:00,352.59,352.75,352.59,352.74,7740
2026-07-10 13:19:00,352.71,352.7799,352.6,352.63,8650
2026-07-10 13:20:00,352.55,352.71,352.51,352.55,11152
2026-07-10 13:21:00,352.5428,352.65,352.53,352.55,14616
2026-07-10 13:22:00,352.6,352.69,352.48,352.49,8641
2026-07-10 13:23:00,352.4768,352.51,352.36,352.4424,19282
2026-07-10 13:24:00,352.45,352.61,352.445,352.565,7620
2026-07-10 13:25:00,352.565,352.57,352.3395,352.355,6264
2026-07-10 13:26:00,352.36,352.41,352.2301,352.24,6059
2026-07-10 13:27:00,352.23,352.26,352.185,352.2255,6763
2026-07-10 13:28:00,352.23,352.31,352.22,352.265,4102
2026-07-10 13:29:00,352.24,352.2899,352.19,352.2,3025
2026-07-10 13:30:00,352.21,352.24,352.06,352.085,3432
2026-07-10 13:31:00,352.1,352.1,351.92,352.055,19038
2026-07-10 13:32:00,352.07,352.19,352.05,352.08,7376
2026-07-10 13:33:00,352.115,352.25,352.1,352.17,8104
2026-07-10 13:34:00,352.15,352.16,351.92,352.05,5591
2026-07-10 13:35:00,352.08,352.19,352.05,352.14,5692
2026-07-10 13:36:00,352.13,352.1924,352.03,352.05,4924
2026-07-10 13:37:00,352.0751,352.3,352.05,352.16,7325
2026-07-10 13:38:00,352.145,352.1573,352.0303,352.12,9297
2026-07-10 13:39:00,352.1699,352.1699,351.9776,351.9776,7786
2026-07-10 13:40:00,352,352.07,351.98,351.98,4398
2026-07-10 13:41:00,351.97,352.02,351.86,351.865,4925
2026-07-10 13:42:00,351.85,351.865,351.63,351.63,16772
2026-07-10 13:43:00,351.64,351.76,351.61,351.6474,8343
2026-07-10 13:44:00,351.645,351.71,351.57,351.585,19833
2026-07-10 13:45:00,351.6,351.82,351.6,351.72,10809
2026-07-10 13:46:00,351.7296,351.82,351.6503,351.805,7327
2026-07-10 13:47:00,351.805,351.96,351.75,351.94,9363
2026-07-10 13:48:00,351.93,351.9479,351.825,351.825,7251
2026-07-10 13:49:00,351.81,351.92,351.81,351.92,13805
2026-07-10 13:50:00,351.906,352.04,351.906,351.985,21632
2026-07-10 13:51:00,352.01,352.06,351.975,352.03,5782
2026-07-10 13:52:00,352.035,352.07,352.01,352.05,4389
2026-07-10 13:53:00,352.05,352.15,352.03,352.085,5769
2026-07-10 13:54:00,352.081,352.27,352.08,352.2305,6455
2026-07-10 13:55:00,352.26,352.39,352.2305,352.325,11241
2026-07-10 13:56:00,352.33,352.45,352.27,352.38,3458
2026-07-10 13:57:00,352.35,352.6,352.35,352.52,5768
2026-07-10 13:58:00,352.525,352.79,352.4,352.64,10455
2026-07-10 13:59:00,352.61,352.68,352.39,352.645,8130
2026-07-10 14:00:00,352.645,352.735,352.475,352.58,7757
2026-07-10 14:01:00,352.58,352.657,352.44,352.49,7368
2026-07-10 14:02:00,352.495,352.6,352.49,352.6,5231
2026-07-10 14:03:00,352.57,352.76,352.56,352.74,4826
2026-07-10 14:04:00,352.77,352.91,352.77,352.83,9481
2026-07-10 14:05:00,352.86,353.05,352.84,352.955,29248
2026-07-10 14:06:00,352.965,353.05,352.94,353.05,7366
2026-07-10 14:07:00,353.04,353.15,352.97,353.095,16839
2026-07-10 14:08:00,353.1,353.16,353.04,353.145,8781
2026-07-10 14:09:00,353.16,353.24,353.08,353.11,9225
2026-07-10 14:10:00,353.105,353.28,353.0507,353.1478,8030
2026-07-10 14:11:00,353.14,353.16,353.02,353.03,5482
2026-07-10 14:12:00,353.01,353.08,352.98,353.06,11612
2026-07-10 14:13:00,353.07,353.19,353.035,353.175,6233
2026-07-10 14:14:00,353.175,353.28,353.15,353.21,8206
2026-07-10 14:15:00,353.21,353.3,353.18,353.2,5651
2026-07-10 14:16:00,353.2,353.2981,353.2,353.24,4991
2026-07-10 14:17:00,353.2282,353.26,353.075,353.125,5433
2026-07-10 14:18:00,353.16,353.27,353.12,353.19,7090
2026-07-10 14:19:00,353.2,353.22,353.1101,353.21,21711
2026-07-10 14:20:00,353.2,353.24,353.04,353.06,3166
2026-07-10 14:21:00,353.06,353.1,353,353.08,3654
2026-07-10 14:22:00,353.0689,353.25,353.0689,353.215,6678
2026-07-10 14:23:00,353.215,353.2499,353.165,353.195,9885
2026-07-10 14:24:00,353.2,353.25,353.19,353.24,4718
2026-07-10 14:25:00,353.24,353.61,353.24,353.32,15636
2026-07-10 14:26:00,353.31,353.42,353.305,353.33,6662
2026-07-10 14:27:00,353.34,353.54,353.32,353.445,7834
2026-07-10 14:28:00,353.445,353.5,353.43,353.5,7059
2026-07-10 14:29:00,353.485,353.525,353.4,353.525,7887
2026-07-10 14:30:00,353.525,353.568,353.4,353.47,12881
2026-07-10 14:31:00,353.44,353.44,353.3155,353.39,5138
2026-07-10 14:32:00,353.385,353.51,353.33,353.33,11329
2026-07-10 14:33:00,353.37,353.4,353.2901,353.355,7293
2026-07-10 14:34:00,353.36,353.39,353.2,353.23,6655
2026-07-10 14:35:00,353.23,353.32,353.2146,353.25,4900
2026-07-10 14:36:00,353.24,353.37,353.23,353.36,5317
2026-07-10 14:37:00,353.37,353.3899,353.25,353.3,3517
2026-07-10 14:38:00,353.3,353.42,353.28,353.4,5204
2026-07-10 14:39:00,353.43,353.46,353.34,353.395,16731
2026-07-10 14:40:00,353.3799,353.5,353.37,353.46,7585
2026-07-10 14:41:00,353.475,353.5,353.3688,353.38,4191
2026-07-10 14:42:00,353.37,353.5,353.35,353.48,4816
2026-07-10 14:43:00,353.485,353.72,353.485,353.72,5413
2026-07-10 14:44:00,353.72,353.7367,353.6555,353.695,6525
2026-07-10 14:45:00,353.69,353.76,353.637,353.655,11535
2026-07-10 14:46:00,353.68,353.71,353.58,353.59,4909
2026-07-10 14:47:00,353.58,353.635,353.575,353.62,6599
2026-07-10 14:48:00,353.6164,353.725,353.43,353.55,7189
2026-07-10 14:49:00,353.56,353.56,353.37,353.37,5978
2026-07-10 14:50:00,353.38,353.38,353.275,353.31,7445
2026-07-10 14:51:00,353.3,353.32,353.1,353.25,7284
2026-07-10 14:52:00,353.3,353.56,353.29,353.515,7785
2026-07-10 14:53:00,353.515,353.52,353.39,353.39,5753
2026-07-10 14:54:00,353.38,353.47,353.3449,353.43,4304
2026-07-10 14:55:00,353.43,353.43,353.245,353.245,6736
2026-07-10 14:56:00,353.22,353.38,353.22,353.365,14915
2026-07-10 14:57:00,353.36,353.5,353.3275,353.39,7158
2026-07-10 14:58:00,353.4,353.4,353.265,353.3,6808
2026-07-10 14:59:00,353.3,353.41,353.27,353.4,14864
2026-07-10 15:00:00,353.39,353.56,353.39,353.53,10022
2026-07-10 15:01:00,353.57,353.6307,353.46,353.525,8236
2026-07-10 15:02:00,353.5,353.57,353.47,353.505,6537
2026-07-10 15:03:00,353.51,353.66,353.43,353.66,7092
2026-07-10 15:04:00,353.655,353.72,353.53,353.54,9720
2026-07-10 15:05:00,353.516,353.64,353.5,353.52,8948
2026-07-10 15:06:00,353.54,353.62,353.45,353.5,4653
2026-07-10 15:07:00,353.56,353.61,353.5401,353.59,6391
2026-07-10 15:08:00,353.6,353.67,353.571,353.61,3492
2026-07-10 15:09:00,353.565,353.62,353.5,353.56,5485
2026-07-10 15:10:00,353.55,353.7,353.55,353.65,15204
2026-07-10 15:11:00,353.63,353.725,353.59,353.7,7341
2026-07-10 15:12:00,353.7,353.92,353.6931,353.91,19653
2026-07-10 15:13:00,353.92,353.92,353.82,353.915,7687
2026-07-10 15:14:00,353.9001,353.92,353.73,353.78,7865
2026-07-10 15:15:00,353.8,353.97,353.795,353.91,7295
2026-07-10 15:16:00,353.91,353.98,353.82,353.92,11573
2026-07-10 15:17:00,353.94,354.24,353.94,354.22,19073
2026-07-10 15:18:00,354.2,354.4,354.17,354.36,14247
2026-07-10 15:19:00,354.33,354.38,354.185,354.185,9325
2026-07-10 15:20:00,354.19,354.33,354.18,354.33,13543
2026-07-10 15:21:00,354.3,354.31,354.16,354.185,8517
2026-07-10 15:22:00,354.1751,354.2,354.12,354.18,7600
2026-07-10 15:23:00,354.155,354.28,354.15,354.2,8941
2026-07-10 15:24:00,354.185,354.225,354.09,354.175,8404
2026-07-10 15:25:00,354.17,354.4,354.17,354.34,9058
2026-07-10 15:26:00,354.35,354.4,354.24,354.29,13910
2026-07-10 15:27:00,354.31,354.31,354.12,354.17,8911
2026-07-10 15:28:00,354.15,354.4,354.12,354.37,9692
2026-07-10 15:29:00,354.4,354.4,354.24,354.25,12692
2026-07-10 15:30:00,354.28,354.28,354.05,354.135,13931
2026-07-10 15:31:00,354.13,354.22,354.11,354.15,10936
2026-07-10 15:32:00,354.15,354.31,354.15,354.185,35747
2026-07-10 15:33:00,354.185,354.488,354.16,354.485,37869
2026-07-10 15:34:00,354.4501,354.58,354.36,354.44,21683
2026-07-10 15:35:00,354.42,354.43,354.25,354.29,6351
2026-07-10 15:36:00,354.305,354.4,354.21,354.28,7411
2026-07-10 15:37:00,354.27,354.3,354.23,354.25,5646
2026-07-10 15:38:00,354.25,354.25,354.17,354.19,6140
2026-07-10 15:39:00,354.22,354.29,354.1301,354.14,8555
2026-07-10 15:40:00,354.14,354.19,354.085,354.15,7322
2026-07-10 15:41:00,354.17,354.31,354.12,354.275,12032
2026-07-10 15:42:00,354.26,354.3799,354.2,354.26,8785
2026-07-10 15:43:00,354.255,354.29,354.17,354.215,9151
2026-07-10 15:44:00,354.215,354.35,354.21,354.345,11686
2026-07-10 15:45:00,354.34,354.75,354.34,354.75,28783
2026-07-10 15:46:00,354.75,354.89,354.68,354.8,13431
2026-07-10 15:47:00,354.815,354.92,354.745,354.92,20138
2026-07-10 15:48:00,354.92,355.02,354.76,354.795,24070
2026-07-10 15:49:00,354.795,354.8,354.675,354.79,17788
2026-07-10 15:50:00,354.82,354.925,354.59,354.62,28792
2026-07-10 15:51:00,354.61,354.82,354.57,354.65,23823
2026-07-10 15:52:00,354.66,354.91,354.63,354.78,19006
2026-07-10 15:53:00,354.77,354.87,354.63,354.745,32940
2026-07-10 15:54:00,354.76,354.81,354.37,354.41,45884
2026-07-10 15:55:00,354.42,355.68,354.37,355.335,149081
2026-07-10 15:56:00,355.34,355.45,355.32,355.34,81336
2026-07-10 15:57:00,355.345,355.4,355.22,355.37,82388
2026-07-10 15:58:00,355.37,355.4,355.21,355.21,137697
2026-07-10 15:59:00,355.21,355.21,354.89,354.93,249568
2026-07-10 16:00:00,354.92,355.31,354.75,355.13,2057953
2026-07-10 16:01:00,355.06,355.28,355.06,355.09,2104
2026-07-10 16:02:00,355.2584,355.2584,355.18,355.23,431
2026-07-10 16:03:00,355.26,355.3,355.11,355.2913,757
2026-07-10 16:04:00,355.12,355.12,355.12,355.12,50
2026-07-10 16:05:00,355.1345,355.17,355.08,355.0954,1515
2026-07-10 16:06:00,355.1,355.1104,355.1,355.1104,294
2026-07-10 16:08:00,355.28,355.3796,355.16,355.2375,718
2026-07-10 16:09:00,355.26,355.34,355.26,355.34,198
2026-07-10 16:11:00,355.25,355.38,355.25,355.38,200
2026-07-10 16:12:00,355.28,355.32,355.28,355.32,157
2026-07-10 16:13:00,355.01,355.01,355,355,200
2026-07-10 16:14:00,355.1957,355.31,355.1957,355.31,1795
2026-07-10 16:15:00,355.25,355.25,355.05,355.2,3184
2026-07-10 16:16:00,355.12,355.12,355.12,355.12,475
2026-07-10 16:17:00,355.18,355.18,355.05,355.05,179
2026-07-10 16:18:00,355.1,355.1,354.91,354.91,142
2026-07-10 16:20:00,354.9052,354.9052,354.9052,354.9052,100
2026-07-10 16:22:00,354.9,354.9,354.9,354.9,183
2026-07-10 16:23:00,355,355.1,354.96,355.1,484
2026-07-10 16:24:00,355,355,355,355,43
2026-07-10 16:25:00,354.95,354.96,354.95,354.95,1332
2026-07-10 16:26:00,354.97,355,354.97,355,95
2026-07-10 16:28:00,355.15,355.15,355.15,355.15,40
2026-07-10 16:30:00,355.08,355.15,355.08,355.15,352
2026-07-10 16:31:00,354.97,354.97,354.95,354.9639,1188
2026-07-10 16:32:00,354.96,354.96,354.96,354.96,159
2026-07-10 16:33:00,355,355,355,355,108
2026-07-10 16:34:00,355.0005,355.03,355.0005,355.03,182
2026-07-10 16:35:00,355.01,355.0201,355.01,355.0201,142
2026-07-10 16:36:00,355.13,355.13,355.13,355.13,70
2026-07-10 16:37:00,355,355,355,355,50
2026-07-10 16:38:00,355,355.06,355,355.06,264
2026-07-10 16:39:00,355,355,355,355,300
2026-07-10 16:40:00,355,355,355,355,100
2026-07-10 16:41:00,355,355.1,354.96,354.96,1022
2026-07-10 16:43:00,355.02,355.1,355.02,355.1,136
2026-07-10 16:44:00,355.0207,355.1,355.0207,355.1,428
2026-07-10 16:45:00,355.06,355.15,355.06,355.1,496
2026-07-10 16:46:00,355.1,355.1,355.1,355.1,48
2026-07-10 16:47:00,355.1,355.1,355.03,355.03,175
2026-07-10 16:48:00,355.05,355.05,355.05,355.05,86
2026-07-10 16:49:00,355.07,355.1,355.07,355.1,232
2026-07-10 16:54:00,355.09,355.09,355.09,355.09,40
2026-07-10 16:55:00,355,355.0724,355,355.0724,1921
2026-07-10 16:57:00,355.0987,355.0987,355.08,355.08,218
2026-07-10 16:59:00,355.08,355.08,355.08,355.08,58
2026-07-10 17:01:00,355.09,355.09,355.09,355.09,51
2026-07-10 17:02:00,355,355,354.99,355,3172
2026-07-10 17:04:00,354.9,354.9,354.9,354.9,48
2026-07-10 17:05:00,354.9185,354.9185,354.9185,354.9185,50
2026-07-10 17:07:00,354.921,354.96,354.921,354.96,140
2026-07-10 17:08:00,354.88,354.97,354.88,354.9,2212
2026-07-10 17:10:00,354.9,354.9,354.9,354.9,465
2026-07-10 17:11:00,354.98,355,354.98,355,675
2026-07-10 17:12:00,355.1664,355.1664,355.1664,355.1664,110
2026-07-10 17:14:00,355,355,355,355,1000
2026-07-10 17:15:00,355.04,355.05,355.04,355.05,241
2026-07-10 17:16:00,354.9011,354.9011,354.9011,354.9011,2000
2026-07-10 17:17:00,355.14,355.14,354.9598,354.9598,184
2026-07-10 17:19:00,354.9462,354.9462,354.9462,354.9462,80
2026-07-10 17:22:00,355.0754,355.0754,355.0754,355.0754,50
2026-07-10 17:25:00,354.89,354.8904,354.89,354.8904,134
2026-07-10 17:26:00,354.945,355,354.94,354.99,417
2026-07-10 17:31:00,355,355,354.8107,354.8107,1621
2026-07-10 17:33:00,355,355.2,355,355.2,262
2026-07-10 17:38:00,355.03,355.16,355.03,355.16,93
2026-07-10 17:39:00,354.8021,354.8021,354.8021,354.8021,100
2026-07-10 17:41:00,354.8201,355.09,354.8,355.09,1301
2026-07-10 17:44:00,355,355.05,355,355.05,2600
2026-07-10 17:45:00,354.8134,355.1,354.8134,354.852,673
2026-07-10 17:46:00,355.19,355.2,354.92,354.92,213
2026-07-10 17:47:00,354.87,354.88,354.87,354.88,148
2026-07-10 17:57:00,355.17,355.17,355.17,355.17,80
2026-07-10 18:00:00,354.7838,354.7838,354.7838,354.7838,162
2026-07-10 18:03:00,354.94,354.94,354.94,354.94,100
2026-07-10 18:06:00,355,355,355,355,42
2026-07-10 18:07:00,354.9,354.9,354.9,354.9,250
2026-07-10 18:13:00,354.99,355.16,354.86,354.86,177
2026-07-10 18:19:00,355.01,355.01,355.01,355.01,82
2026-07-10 18:26:00,354.91,354.91,354.9,354.9,300
2026-07-10 18:27:00,354.9,354.9,354.9,354.9,154
2026-07-10 18:28:00,354.7505,354.7505,354.7505,354.7505,1500
2026-07-10 18:29:00,354.99,354.99,354.99,354.99,80
2026-07-10 18:32:00,354.99,354.99,354.99,354.99,48
2026-07-10 18:34:00,355.08,355.1,354.94,355.1,520
2026-07-10 18:37:00,355,355,355,355,50
2026-07-10 18:38:00,354.93,354.9355,354.93,354.9355,176
2026-07-10 18:39:00,354.86,354.94,354.86,354.94,179
2026-07-10 18:42:00,354.94,355,354.94,355,95
2026-07-10 18:43:00,354.652,354.652,354.652,354.652,100
2026-07-10 18:45:00,354.5667,354.5667,354.5667,354.5667,200
2026-07-10 18:48:00,354.99,355,354.99,355,98
2026-07-10 18:51:00,354.51,355,354.51,355,226
2026-07-10 18:53:00,355.08,355.08,355.08,355.08,200
2026-07-10 18:56:00,354.83,354.83,354.81,354.83,458
2026-07-10 18:59:00,354.51,354.51,354.51,354.51,50
2026-07-10 19:01:00,355,355,355,355,64
2026-07-10 19:05:00,355.03,355.03,355.03,355.03,60
2026-07-10 19:06:00,355.07,355.07,355.07,355.07,344
2026-07-10 19:11:00,355,355,355,355,244
2026-07-10 19:13:00,354.995,354.995,354.995,354.995,40
2026-07-10 19:14:00,355.09,355.14,355.09,355.14,90
2026-07-10 19:15:00,355,355,355,355,52
2026-07-10 19:17:00,355.2,355.2,355.2,355.2,60
2026-07-10 19:20:00,354.8037,354.8037,354.8037,354.8037,100
2026-07-10 19:26:00,355.01,355.01,355.01,355.01,79
2026-07-10 19:31:00,354.8133,354.8133,354.8133,354.8133,100
2026-07-10 19:37:00,355,355,355,355,74
2026-07-10 19:47:00,354.95,354.95,354.95,354.95,50
2026-07-10 19:48:00,354.8,354.8,354.8,354.8,118
2026-07-10 19:50:00,354.91,355,354.91,355,163
2026-07-10 19:51:00,354.9981,354.9981,354.9981,354.9981,92
2026-07-10 19:52:00,354.98,354.98,354.98,354.98,43
2026-07-10 19:54:00,355.09,355.09,355.09,355.09,78
2026-07-10 19:57:00,355.02,355.02,355.02,355.02,49
2026-07-10 19:58:00,355.1469,355.1469,355.1469,355.1469,100
2026-07-10 19:59:00,355.05,355.05,355.05,355.05,322
2026-07-13 04:00:00,354.96,354.96,352.2555,354.12,9238
2026-07-13 04:01:00,354.01,354.15,352.5,352.76,6875
2026-07-13 04:02:00,352.36,354.18,352.36,354.18,13170
2026-07-13 04:03:00,353.96,354.1,353.95,354.1,450
2026-07-13 04:05:00,354.16,354.43,354.16,354.43,191
2026-07-13 04:06:00,354.27,354.6,354.19,354.6,907
2026-07-13 04:08:00,355.01,355.01,355.01,355.01,80
2026-07-13 04:09:00,355.18,355.18,355.18,355.18,54
2026-07-13 04:10:00,355.08,355.08,355.04,355.04,96
2026-07-13 04:11:00,355,355.31,355,355.3,641
2026-07-13 04:13:00,355.65,355.69,355.56,355.69,200
2026-07-13 04:14:00,355.65,355.8,355.65,355.8,350
2026-07-13 04:15:00,355.83,355.99,355.83,355.99,452
2026-07-13 04:16:00,355.92,355.93,355.54,355.54,485
2026-07-13 04:17:00,355.65,355.65,355.65,355.65,50
2026-07-13 04:18:00,355.8,355.8,355.8,355.8,102
2026-07-13 04:19:00,355.56,355.56,355.32,355.35,133
2026-07-13 04:20:00,355.01,355.01,355.01,355.01,52
2026-07-13 04:22:00,355.09,355.09,355.09,355.09,75
2026-07-13 04:23:00,355.75,355.75,355.7392,355.7392,335
2026-07-13 04:24:00,355.43,355.43,355.43,355.43,80
2026-07-13 04:25:00,355.4387,355.4387,355.4387,355.4387,95
2026-07-13 04:26:00,355.78,355.78,355.73,355.73,312
2026-07-13 04:28:00,355.07,355.07,355.07,355.07,140
2026-07-13 04:33:00,355.2,355.2,355.2,355.2,50
2026-07-13 04:34:00,355.17,355.17,355.17,355.17,40
2026-07-13 04:35:00,355.11,355.11,355.07,355.07,318
2026-07-13 04:36:00,355.39,355.39,355.39,355.39,180
2026-07-13 04:37:00,355.13,355.13,355.13,355.13,200
2026-07-13 04:44:00,355.2,355.2,355.2,355.2,100
2026-07-13 04:51:00,354.75,354.75,354.75,354.75,272
2026-07-13 04:52:00,354.77,354.77,354.77,354.77,50
2026-07-13 04:54:00,354.77,355.01,354.77,354.93,732
2026-07-13 04:58:00,355,355,355,355,176
2026-07-13 05:01:00,354.95,354.95,354.93,354.93,400
2026-07-13 05:02:00,354.93,355.13,354.93,355.13,464
2026-07-13 05:06:00,355.03,355.03,355.03,355.03,40
2026-07-13 05:09:00,355.12,355.12,355.12,355.12,100
2026-07-13 05:10:00,355.04,355.04,355.04,355.04,40
2026-07-13 05:13:00,354.99,354.99,354.99,354.99,55
2026-07-13 05:14:00,354.96,354.965,354.96,354.965,120
2026-07-13 05:15:00,354.92,354.92,354.8,354.8,1120
2026-07-13 05:16:00,354.88,354.88,354.88,354.88,44
2026-07-13 05:17:00,354.89,354.89,354.89,354.89,86
2026-07-13 05:19:00,354.82,354.88,354.82,354.88,143
2026-07-13 05:20:00,354.8805,354.8805,354.8805,354.8805,50
2026-07-13 05:24:00,355.08,355.08,355.08,355.08,40
2026-07-13 05:27:00,355.1,355.14,355.1,355.14,117
2026-07-13 05:28:00,355.16,355.24,355.16,355.24,342
2026-07-13 05:29:00,355.38,355.38,355.38,355.38,44
2026-07-13 05:30:00,355.24,355.24,355.24,355.24,100
2026-07-13 05:33:00,355.4,355.4,355.4,355.4,500
2026-07-13 05:34:00,355.63,355.7,355.63,355.7,220
2026-07-13 05:35:00,355.68,355.68,355.68,355.68,59
2026-07-13 05:36:00,355.5,355.5,355.5,355.5,52
2026-07-13 05:37:00,355.3,355.3,355.3,355.3,49
2026-07-13 05:38:00,355.3,355.3,355.11,355.11,137
2026-07-13 05:40:00,355.25,355.31,355.25,355.31,200
2026-07-13 05:42:00,355.28,355.28,355.28,355.28,50
2026-07-13 05:45:00,355.212,355.212,355.212,355.212,41
2026-07-13 05:51:00,355.13,355.13,355.12,355.13,217
2026-07-13 05:54:00,355.26,355.26,355.26,355.26,42
2026-07-13 05:55:00,355.31,355.33,355.31,355.33,300
2026-07-13 05:59:00,355.54,355.54,355.49,355.49,104
2026-07-13 06:01:00,355.55,355.55,355.49,355.49,227
2026-07-13 06:02:00,355.49,355.49,355.48,355.48,200
2026-07-13 06:05:00,355.5,355.5,355.39,355.39,1467
2026-07-13 06:06:00,355.5,355.5,355.5,355.5,2000
2026-07-13 06:07:00,355.5,355.53,355.5,355.53,600
2026-07-13 06:10:00,355.5,355.5,355.5,355.5,3000
2026-07-13 06:11:00,355.5,355.5,355.5,355.5,258
2026-07-13 06:12:00,355.5,355.5,355.5,355.5,347
2026-07-13 06:13:00,355.5,355.5,355.5,355.5,197
2026-07-13 06:14:00,355.5,355.5,355.47,355.47,1014
2026-07-13 06:15:00,355.5,355.5,355.5,355.5,262
2026-07-13 06:16:00,355.5,355.5,355.5,355.5,248
2026-07-13 06:18:00,355.53,355.53,355.53,355.53,637
2026-07-13 06:23:00,355.4,355.4,355.4,355.4,300
2026-07-13 06:25:00,355.15,355.15,355.08,355.08,109
2026-07-13 06:28:00,355.2,355.2,355.2,355.2,500
2026-07-13 06:29:00,355.29,355.29,355.29,355.29,40
2026-07-13 06:30:00,355.28,355.28,355.27,355.27,90
2026-07-13 06:37:00,355.12,355.12,355.12,355.12,473
2026-07-13 06:41:00,355.15,355.15,355.14,355.14,150
2026-07-13 06:46:00,355.3,355.3,355.3,355.3,223
2026-07-13 06:49:00,355.26,355.26,355.26,355.26,100
2026-07-13 06:53:00,355.14,355.14,355.07,355.07,140
2026-07-13 06:54:00,355.0377,355.0377,355.0377,355.0377,500
2026-07-13 06:55:00,355,355,355,355,75
2026-07-13 07:00:00,354.99,354.99,354.77,354.77,874
2026-07-13 07:01:00,354.7,354.7,354.7,354.7,150
2026-07-13 07:02:00,354.85,354.85,354.85,354.85,50
2026-07-13 07:03:00,354.48,354.5,353.93,353.93,747
2026-07-13 07:04:00,354.354,354.354,353.93,353.93,328
2026-07-13 07:05:00,353.95,354.22,353.93,354.22,240
2026-07-13 07:06:00,354.04,354.16,353.9,353.94,548
2026-07-13 07:07:00,353.91,354.03,353.91,354.03,201
2026-07-13 07:08:00,354,354,353.81,353.81,350
2026-07-13 07:09:00,353.91,353.91,353.9,353.9,672
2026-07-13 07:10:00,353.81,353.81,353.81,353.81,123
2026-07-13 07:11:00,353.82,353.82,353.66,353.82,832
2026-07-13 07:12:00,354.1,354.1,353.74,353.74,1188
2026-07-13 07:13:00,353.91,354.07,353.91,354.07,1053
2026-07-13 07:14:00,354.0589,354.0589,354.0589,354.0589,1000
2026-07-13 07:15:00,353.86,353.86,353.86,353.86,40
2026-07-13 07:16:00,354.05,354.13,354.05,354.13,1050
2026-07-13 07:17:00,354.12,354.12,354.12,354.12,57
2026-07-13 07:18:00,354.18,354.18,353.84,353.84,324
2026-07-13 07:19:00,354,354,353.8,353.8,396
2026-07-13 07:20:00,353.65,353.67,353.6,353.67,316
2026-07-13 07:21:00,353.73,353.73,353.73,353.73,43
2026-07-13 07:22:00,353.86,353.86,353.56,353.56,180
2026-07-13 07:23:00,353.63,353.85,353.63,353.85,100
2026-07-13 07:24:00,353.81,353.81,353.81,353.81,40
2026-07-13 07:25:00,353.81,354,353.81,354,121
2026-07-13 07:26:00,353.69,353.89,353.64,353.89,226
2026-07-13 07:27:00,353.65,353.85,353.65,353.85,180
2026-07-13 07:28:00,353.69,353.85,353.69,353.85,141
2026-07-13 07:29:00,353.85,353.85,353.85,353.85,93
2026-07-13 07:31:00,353.9579,353.9579,353.64,353.7,318
2026-07-13 07:32:00,353.66,353.66,353.66,353.66,100
2026-07-13 07:33:00,353.69,353.94,353.61,353.61,438
2026-07-13 07:34:00,353.7,353.93,353.7,353.93,94
2026-07-13 07:35:00,353.91,353.93,353.91,353.93,154
2026-07-13 07:37:00,353.69,354.31,353.69,354.0363,3105
2026-07-13 07:38:00,354.03,354.18,353.94,354,557
2026-07-13 07:39:00,353.82,353.82,353.82,353.82,117
2026-07-13 07:40:00,354,354,353.81,353.81,312
2026-07-13 07:42:00,353.89,353.89,353.83,353.83,240
2026-07-13 07:43:00,353.9865,353.9865,353.79,353.79,555
2026-07-13 07:44:00,353.91,353.98,353.9,353.9,303
2026-07-13 07:46:00,353.94,353.94,353.72,353.72,272
2026-07-13 07:48:00,353.81,353.81,353.78,353.78,90
2026-07-13 07:50:00,353.8,353.8,353.8,353.8,50
2026-07-13 07:51:00,353.8,353.8,353.8,353.8,92
2026-07-13 07:52:00,353.74,353.74,353.74,353.74,70
2026-07-13 07:53:00,353.72,353.72,353.5,353.5,165
2026-07-13 07:54:00,353.56,353.69,353.56,353.69,160
2026-07-13 07:55:00,353.48,353.6,353.48,353.6,314
2026-07-13 07:56:00,353.6,353.6,353.47,353.47,162
2026-07-13 07:57:00,353.44,353.44,353.44,353.44,100
2026-07-13 07:58:00,353.41,353.41,353.41,353.41,220
2026-07-13 07:59:00,353.42,353.42,353.42,353.42,50
2026-07-13 08:00:00,353.44,353.44,353.42,353.42,108
2026-07-13 08:01:00,353.48,353.48,353.48,353.48,66
2026-07-13 08:03:00,353.58,353.58,353.58,353.58,100
2026-07-13 08:04:00,353.79,353.79,353.53,353.53,300
2026-07-13 08:05:00,353.67,353.73,353.57,353.57,445
2026-07-13 08:06:00,353.62,353.62,353.62,353.62,96
2026-07-13 08:07:00,353.47,353.47,353.4,353.4,217
2026-07-13 08:08:00,353.78,353.78,353.78,353.78,300
2026-07-13 08:09:00,353.52,353.52,353.52,353.52,70
2026-07-13 08:10:00,353.6,353.88,353.6,353.88,466
2026-07-13 08:11:00,353.63,353.99,353.4,353.4,1760
2026-07-13 08:12:00,353.42,353.48,353.24,353.48,1033
2026-07-13 08:14:00,353.5,353.54,353.36,353.36,243
2026-07-13 08:15:00,353.5631,353.5631,353.33,353.33,148
2026-07-13 08:16:00,353.29,353.29,353.23,353.23,124
2026-07-13 08:17:00,353.3703,353.3703,353.18,353.19,301
2026-07-13 08:18:00,353.11,353.18,353.11,353.17,450
2026-07-13 08:19:00,353.1,353.12,353.1,353.12,140
2026-07-13 08:20:00,353.04,353.31,353.03,353.18,4490
2026-07-13 08:21:00,353.38,353.38,353.26,353.26,140
2026-07-13 08:22:00,353.57,353.66,353.53,353.64,6226
2026-07-13 08:23:00,353.68,353.69,353.63,353.66,232
2026-07-13 08:24:00,353.714,353.714,353.59,353.6,2628
2026-07-13 08:25:00,353.6,353.66,353.6,353.655,270
2026-07-13 08:27:00,353.68,353.68,353.655,353.655,81
2026-07-13 08:28:00,353.6163,353.67,353.6163,353.67,80
2026-07-13 08:29:00,353.675,353.675,353.6417,353.6417,90
2026-07-13 08:30:00,353.6504,353.6504,353.59,353.59,4148
2026-07-13 08:31:00,353.4,353.4,353.39,353.39,130
2026-07-13 08:32:00,353.26,353.27,353.26,353.27,129
2026-07-13 08:33:00,353.45,353.45,353.26,353.39,259
2026-07-13 08:34:00,353.5,353.5,353.5,353.5,50
2026-07-13 08:35:00,353.4,353.561,353.4,353.42,220
2026-07-13 08:36:00,353.231,353.25,353.12,353.12,396
2026-07-13 08:38:00,353.11,353.11,353.11,353.11,46
2026-07-13 08:39:00,353.28,353.28,353.13,353.13,605
2026-07-13 08:40:00,353.13,353.45,353.13,353.45,1563
2026-07-13 08:41:00,353.4931,353.4931,353.36,353.36,227
2026-07-13 08:42:00,353.36,353.36,353.36,353.36,3603
2026-07-13 08:44:00,353.2,353.34,353.2,353.34,269
2026-07-13 08:46:00,353.45,353.45,353.38,353.38,302
2026-07-13 08:47:00,353.4365,353.51,353.4365,353.51,304
2026-07-13 08:48:00,353.61,353.65,353.61,353.65,260
2026-07-13 08:49:00,353.65,353.72,353.6,353.6,1188
2026-07-13 08:50:00,353.52,353.52,353.52,353.52,50
2026-07-13 08:51:00,353.55,353.63,353.53,353.62,456
2026-07-13 08:53:00,353.6,353.6,353.6,353.6,50
2026-07-13 08:54:00,353.7,353.72,353.6684,353.72,3724
2026-07-13 08:56:00,353.78,353.78,353.73,353.73,168
2026-07-13 08:57:00,353.72,353.73,353.71,353.73,225
2026-07-13 08:58:00,353.76,353.78,353.76,353.78,754
2026-07-13 08:59:00,354,354,354,354,879
2026-07-13 09:00:00,354.24,354.24,353.92,353.92,1699
2026-07-13 09:01:00,354.0409,354.0409,354.04,354.0401,130
2026-07-13 09:02:00,354.16,354.18,354.16,354.18,400
2026-07-13 09:03:00,354.04,354.04,353.99,353.99,93
2026-07-13 09:04:00,353.93,353.93,353.93,353.93,46
2026-07-13 09:06:00,353.8341,353.8341,353.8341,353.8341,550
2026-07-13 09:07:00,353.86,353.864,353.8,353.8,600
2026-07-13 09:08:00,353.9,354.79,353.87,354.1318,1856
2026-07-13 09:09:00,353.93,353.93,353.91,353.91,99
2026-07-13 09:10:00,353.9,353.9,353.8,353.8,283
2026-07-13 09:11:00,353.87,353.87,353.87,353.87,50
2026-07-13 09:13:00,354.0088,354.0088,354.0088,354.0088,68
2026-07-13 09:14:00,353.92,353.92,353.92,353.92,40
2026-07-13 09:16:00,353.87,353.87,353.82,353.82,295
2026-07-13 09:17:00,353.76,353.76,353.67,353.67,130
2026-07-13 09:21:00,353.86,354,353.86,353.99,605
2026-07-13 09:22:00,354.11,354.11,354.03,354.03,130
2026-07-13 09:24:00,353.76,353.76,353.72,353.72,361
2026-07-13 09:25:00,353.73,354.15,353.73,353.8,694
2026-07-13 09:26:00,353.86,353.97,353.73,353.97,310
2026-07-13 09:27:00,354,354,353.03,353.15,2517
2026-07-13 09:28:00,353.24,353.93,353.24,353.83,660
2026-07-13 09:29:00,353.93,354.1,353.5,354.1,2125
2026-07-13 09:30:00,354.1,354.7294,352.12,353.465,214693
2026-07-13 09:31:00,353.67,353.97,352.7,353.115,34483
2026-07-13 09:32:00,353.135,353.9899,353.06,353.71,45037
2026-07-13 09:33:00,353.705,353.705,352.32,352.56,40607
2026-07-13 09:34:00,352.49,352.99,352.14,352.88,68544
2026-07-13 09:35:00,352.81,352.95,352.3,352.6365,36217
2026-07-13 09:36:00,352.66,354.27,352.6,353.58,44853
2026-07-13 09:37:00,353.62,353.965,353.44,353.77,29488
2026-07-13 09:38:00,353.775,354.22,353.5414,353.975,29523
2026-07-13 09:39:00,353.97,354.39,353.68,354.31,27622
2026-07-13 09:40:00,354.27,354.54,354.06,354.365,31357
2026-07-13 09:41:00,354.42,354.6,353.9805,354.485,23270
2026-07-13 09:42:00,354.495,354.95,354.395,354.755,46234
2026-07-13 09:43:00,354.835,354.99,354.64,354.64,21278
2026-07-13 09:44:00,354.67,355.1,354.44,355.0163,43333
2026-07-13 09:45:00,355.05,355.75,354.67,354.73,40484
2026-07-13 09:46:00,354.76,355.405,354.73,355.01,41969
2026-07-13 09:47:00,355.0206,355.12,354.09,354.09,39620
2026-07-13 09:48:00,354.19,354.32,353.06,353.1425,30738
2026-07-13 09:49:00,353.24,353.76,352.75,353.57,52567
2026-07-13 09:50:00,353.675,353.77,352.69,352.87,43066
2026-07-13 09:51:00,352.81,352.87,352.06,352.13,40532
2026-07-13 09:52:00,352.13,353,352.04,352.98,56838
2026-07-13 09:53:00,353.0298,353.59,353,353.49,19381
2026-07-13 09:54:00,353.49,353.96,353.25,353.875,17259
2026-07-13 09:55:00,353.8,354.2,353.64,353.98,33341
2026-07-13 09:56:00,354.03,354.23,353.545,353.545,13308
2026-07-13 09:57:00,353.7,353.78,353.41,353.65,25810
2026-07-13 09:58:00,353.65,354,353.5,353.5,14541
2026-07-13 09:59:00,353.55,354.64,353.19,354.45,44133
2026-07-13 10:00:00,354.545,354.61,354.01,354.15,25643
2026-07-13 10:01:00,354.15,354.228,353.79,353.85,15842
2026-07-13 10:02:00,353.91,353.95,353.45,353.73,20743
2026-07-13 10:03:00,353.68,354,353.4,353.4,9394
2026-07-13 10:04:00,353.46,353.52,353.0119,353.28,13428
2026-07-13 10:05:00,353.325,353.5576,353.24,353.37,15003
2026-07-13 10:06:00,353.37,353.68,352.79,352.79,12095
2026-07-13 10:07:00,352.835,352.96,352.54,352.6,15737
2026-07-13 10:08:00,352.65,352.835,352.56,352.71,14543
2026-07-13 10:09:00,352.72,353.178,352.62,353.03,13929
2026-07-13 10:10:00,353.05,353.38,353.05,353.34,16554
2026-07-13 10:11:00,353.39,353.62,353.16,353.43,14782
2026-07-13 10:12:00,353.46,353.865,353.37,353.84,9737
2026-07-13 10:13:00,353.79,353.9,353.5,353.6,17910
2026-07-13 10:14:00,353.555,353.555,353.2617,353.325,6827
2026-07-13 10:15:00,353.27,353.5,352.89,352.89,15827
2026-07-13 10:16:00,352.92,353.13,351.75,352.44,59074
2026-07-13 10:17:00,352.31,352.69,351.71,352.425,20573
2026-07-13 10:18:00,352.535,352.62,352.26,352.43,14785
2026-07-13 10:19:00,352.3801,352.76,352.27,352.445,16973
2026-07-13 10:20:00,352.4,352.69,352.4,352.5,11162
2026-07-13 10:21:00,352.5,352.55,352.1,352.48,34560
2026-07-13 10:22:00,352.43,352.6109,352.25,352.515,16152
2026-07-13 10:23:00,352.495,352.52,352.21,352.21,14031
2026-07-13 10:24:00,352.275,352.545,352.21,352.5201,20037
2026-07-13 10:25:00,352.47,352.72,352.38,352.6,9798
2026-07-13 10:26:00,352.69,352.93,352.65,352.79,8818
2026-07-13 10:27:00,352.825,353,352.63,353,3615
2026-07-13 10:28:00,353.015,353.14,352.89,352.94,5041
2026-07-13 10:29:00,352.99,353.18,352.93,353.04,14663
2026-07-13 10:30:00,353.09,353.14,352.6,352.6,15297
2026-07-13 10:31:00,352.59,352.78,352.54,352.65,12411
2026-07-13 10:32:00,352.735,352.77,352.5,352.66,7549
2026-07-13 10:33:00,352.625,352.705,352.49,352.595,7023
2026-07-13 10:34:00,352.59,352.89,352.33,352.395,16092
2026-07-13 10:35:00,352.34,352.76,352.33,352.43,22601
2026-07-13 10:36:00,352.475,352.65,352.43,352.52,4818
2026-07-13 10:37:00,352.535,352.59,352.39,352.51,18831
2026-07-13 10:38:00,352.43,352.445,352.3,352.35,9215
2026-07-13 10:39:00,352.3983,352.44,352.21,352.23,11796
2026-07-13 10:40:00,352.255,352.255,351.88,351.92,31711
2026-07-13 10:41:00,351.92,352.3,351.83,352.28,24236
2026-07-13 10:42:00,352.2801,352.45,352.05,352.105,9494
2026-07-13 10:43:00,352.06,352.27,351.93,352.18,11444
2026-07-13 10:44:00,352.18,352.26,351.95,352.215,31386
2026-07-13 10:45:00,352.215,352.2589,351.98,352.04,10613
2026-07-13 10:46:00,352.1,352.397,351.97,352.385,11511
2026-07-13 10:47:00,352.4,352.45,352.24,352.4,6930
2026-07-13 10:48:00,352.435,352.69,352.36,352.6,10547
2026-07-13 10:49:00,352.58,352.7,352.45,352.58,8404
2026-07-13 10:50:00,352.56,352.8,352.51,352.735,12042
2026-07-13 10:51:00,352.7914,352.8,352.46,352.51,22549
2026-07-13 10:52:00,352.55,352.83,352.45,352.64,34484
2026-07-13 10:53:00,352.68,352.75,352.4,352.5143,17892
2026-07-13 10:54:00,352.55,352.86,352.535,352.78,45350
2026-07-13 10:55:00,352.795,353.045,352.73,353.01,24327
2026-07-13 10:56:00,353.03,353.14,352.912,352.95,18512
2026-07-13 10:57:00,352.98,352.99,352.79,352.83,6723
2026-07-13 10:58:00,352.83,352.9,352.73,352.82,7741
2026-07-13 10:59:00,352.85,352.95,352.75,352.875,13662
2026-07-13 11:00:00,352.9,353.1,352.67,353.09,17749
2026-07-13 11:01:00,353.09,353.2,352.95,353.025,23185
2026-07-13 11:02:00,353.03,353.12,352.99,353.09,10042
2026-07-13 11:03:00,353.05,353.14,352.96,353.14,7293
2026-07-13 11:04:00,353.125,353.2799,353.06,353.085,8720
2026-07-13 11:05:00,353.06,353.3901,353.06,353.35,16502
2026-07-13 11:06:00,353.36,353.6,353.31,353.47,25231
2026-07-13 11:07:00,353.49,353.655,353.36,353.56,12464
2026-07-13 11:08:00,353.57,353.73,353.53,353.575,10634
2026-07-13 11:09:00,353.61,353.77,353.34,353.34,12224
2026-07-13 11:10:00,353.365,353.46,353.07,353.195,16715
2026-07-13 11:11:00,353.23,353.23,353,353.105,9732
2026-07-13 11:12:00,353.075,353.12,352.8801,353.01,10132
2026-07-13 11:13:00,352.99,353.0499,352.73,352.77,4237
2026-07-13 11:14:00,352.755,352.755,352.55,352.73,15708
2026-07-13 11:15:00,352.62,352.7799,352.6,352.75,10124
2026-07-13 11:16:00,352.745,352.78,352.43,352.5799,16641
2026-07-13 11:17:00,352.58,352.7325,352.57,352.73,4092
2026-07-13 11:18:00,352.73,352.9,352.6479,352.83,12081
2026-07-13 11:19:00,352.83,352.88,352.565,352.62,10872
2026-07-13 11:20:00,352.57,352.71,352.5511,352.67,6922
2026-07-13 11:21:00,352.675,352.74,352.5601,352.5601,2963
2026-07-13 11:22:00,352.55,352.76,352.53,352.68,10770
2026-07-13 11:23:00,352.74,352.74,352.5,352.61,7025
2026-07-13 11:24:00,352.65,352.7,352.33,352.345,13551
2026-07-13 11:25:00,352.37,352.47,352.27,352.28,7437
2026-07-13 11:26:00,352.27,352.46,352.13,352.345,25006
2026-07-13 11:27:00,352.345,352.58,352.2701,352.54,23356
2026-07-13 11:28:00,352.46,352.73,352.455,352.52,9542
2026-07-13 11:29:00,352.48,352.73,352.48,352.625,7330
2026-07-13 11:30:00,352.625,352.635,352.22,352.28,6623
2026-07-13 11:31:00,352.2904,352.44,352.25,352.415,6403
2026-07-13 11:32:00,352.41,352.41,352.1,352.28,20334
2026-07-13 11:33:00,352.28,352.3,352.12,352.23,8390
2026-07-13 11:34:00,352.24,352.49,352.24,352.25,24185
2026-07-13 11:35:00,352.255,352.44,352.2301,352.29,6144
2026-07-13 11:36:00,352.245,352.32,352.07,352.07,15767
2026-07-13 11:37:00,352.08,352.28,352.06,352.2799,13364
2026-07-13 11:38:00,352.24,352.25,352.12,352.25,2601
2026-07-13 11:39:00,352.26,352.56,352.215,352.445,8879
2026-07-13 11:40:00,352.44,352.84,352.44,352.75,5159
2026-07-13 11:41:00,352.74,352.86,352.61,352.77,10596
2026-07-13 11:42:00,352.82,352.82,352.52,352.555,7843
2026-07-13 11:43:00,352.51,352.59,352.43,352.4509,8928
2026-07-13 11:44:00,352.42,352.42,352.2,352.2,6415
2026-07-13 11:45:00,352.19,352.38,352.19,352.24,9646
2026-07-13 11:46:00,352.27,352.3,352.24,352.27,2801
2026-07-13 11:47:00,352.26,352.36,352.23,352.28,7927
2026-07-13 11:48:00,352.3,352.36,352.25,352.36,4515
2026-07-13 11:49:00,352.345,352.4,352.27,352.395,8962
2026-07-13 11:50:00,352.395,352.46,352.2,352.39,6972
2026-07-13 11:51:00,352.355,352.355,352.23,352.275,10346
2026-07-13 11:52:00,352.24,352.36,352.2,352.2548,12133
2026-07-13 11:53:00,352.26,352.48,352.23,352.43,12514
2026-07-13 11:54:00,352.445,352.6,352.37,352.53,6682
2026-07-13 11:55:00,352.53,352.85,352.485,352.825,5834
2026-07-13 11:56:00,352.85,352.9,352.66,352.88,13040
2026-07-13 11:57:00,352.885,352.9,352.715,352.725,13054
2026-07-13 11:58:00,352.725,352.75,352.55,352.665,14816
2026-07-13 11:59:00,352.65,352.83,352.64,352.83,17195
2026-07-13 12:00:00,352.86,352.91,352.73,352.87,13153
2026-07-13 12:01:00,352.885,353.05,352.81,353.01,15422
2026-07-13 12:02:00,353.04,353.06,352.77,352.96,10645
2026-07-13 12:03:00,352.99,353.11,352.955,353.04,6516
2026-07-13 12:04:00,353.06,353.11,352.6704,352.705,9521
2026-07-13 12:05:00,352.67,352.89,352.63,352.805,5976
2026-07-13 12:06:00,352.81,353.06,352.81,352.995,7607
2026-07-13 12:07:00,353,353.02,352.76,352.885,11803
2026-07-13 12:08:00,352.8951,352.97,352.84,352.8792,7244
2026-07-13 12:09:00,352.855,353.105,352.7401,353.04,7793
2026-07-13 12:10:00,353.11,353.19,353.01,353.045,7789
2026-07-13 12:11:00,353.04,353.11,353,353.055,9355
2026-07-13 12:12:00,353.03,353.03,352.91,352.93,7054
2026-07-13 12:13:00,352.955,353.12,352.955,353.08,9292
2026-07-13 12:14:00,353.11,353.14,353.04,353.13,8465
2026-07-13 12:15:00,353.15,353.39,353.1001,353.39,15173
2026-07-13 12:16:00,353.3901,353.42,353.18,353.19,11129
2026-07-13 12:17:00,353.15,353.32,353.11,353.27,10237
2026-07-13 12:18:00,353.32,353.32,353.16,353.175,9674
2026-07-13 12:19:00,353.21,353.44,353.1701,353.44,11477
2026-07-13 12:20:00,353.37,353.47,353.07,353.18,13773
2026-07-13 12:21:00,353.17,353.19,353.01,353.115,11062
2026-07-13 12:22:00,353.11,353.28,353.06,353.115,6311
2026-07-13 12:23:00,353.115,353.17,353.0268,353.145,9648
2026-07-13 12:24:00,353.13,353.15,352.99,353.15,5366
2026-07-13 12:25:00,353.13,353.27,353.12,353.15,6911
2026-07-13 12:26:00,353.14,353.32,353.05,353.26,5909
2026-07-13 12:27:00,353.285,353.285,352.97,353.07,8488
2026-07-13 12:28:00,353.0302,353.46,353.0302,353.46,12541
2026-07-13 12:29:00,353.405,353.5,353.27,353.5,7593
2026-07-13 12:30:00,353.42,353.45,353.16,353.2001,6722
2026-07-13 12:31:00,353.23,353.4167,353.15,353.32,13753
2026-07-13 12:32:00,353.234,353.32,353.2,353.29,4424
2026-07-13 12:33:00,353.2328,353.42,353.15,353.42,5649
2026-07-13 12:34:00,353.37,353.37,353.07,353.185,7586
2026-07-13 12:35:00,353.14,353.21,352.9875,353.045,9289
2026-07-13 12:36:00,353.08,353.21,352.9817,353.115,10951
2026-07-13 12:37:00,353.1725,353.25,352.94,353.12,6858
2026-07-13 12:38:00,353.17,353.5,353.025,353.49,8030
2026-07-13 12:39:00,353.5,353.66,353.39,353.47,13169
2026-07-13 12:40:00,353.46,353.61,353.44,353.45,4958
2026-07-13 12:41:00,353.42,353.51,353.33,353.49,3838
2026-07-13 12:42:00,353.48,353.619,353.4556,353.58,7736
2026-07-13 12:43:00,353.565,353.8999,353.5401,353.81,10079
2026-07-13 12:44:00,353.84,353.89,353.72,353.86,5330
2026-07-13 12:45:00,353.885,354.18,353.8301,354.105,12299
2026-07-13 12:46:00,354.1,354.1,353.85,353.93,9017
2026-07-13 12:47:00,353.94,353.94,353.72,353.735,12562
2026-07-13 12:48:00,353.7255,353.75,353.4,353.41,14402
2026-07-13 12:49:00,353.42,353.47,353.3197,353.4,6693
2026-07-13 12:50:00,353.36,353.4,353,353.01,13489
2026-07-13 12:51:00,353.09,353.14,352.61,352.665,21129
2026-07-13 12:52:00,352.665,352.665,352.4,352.5351,7478
2026-07-13 12:53:00,352.46,352.64,352.45,352.56,9299
2026-07-13 12:54:00,352.525,352.58,352.49,352.505,7042
2026-07-13 12:55:00,352.5,352.66,352.415,352.61,8589
2026-07-13 12:56:00,352.65,352.84,352.605,352.84,6561
2026-07-13 12:57:00,352.82,352.84,352.67,352.83,7171
2026-07-13 12:58:00,352.83,352.83,352.57,352.78,10757
2026-07-13 12:59:00,352.72,353.05,352.68,352.8824,7877
2026-07-13 13:00:00,352.94,353.04,352.79,353.04,8940
2026-07-13 13:01:00,353.04,353.04,352.9,352.98,7262
2026-07-13 13:02:00,352.935,353.01,352.79,352.9,6866
2026-07-13 13:03:00,352.9,353.18,352.86,353.06,5077
2026-07-13 13:04:00,353.08,353.08,352.7501,352.7501,8134
2026-07-13 13:05:00,352.77,352.97,352.77,352.88,6807
2026-07-13 13:06:00,352.91,352.98,352.835,352.9425,2789
2026-07-13 13:07:00,352.98,353.06,352.9501,353,2356
2026-07-13 13:08:00,353.04,353.08,352.9778,353.04,2848
2026-07-13 13:09:00,352.96,353.05,352.92,353.04,2905
2026-07-13 13:10:00,353.05,353.33,353.05,353.31,7588
2026-07-13 13:11:00,353.28,353.34,353.205,353.25,4894
2026-07-13 13:12:00,353.25,353.32,353.18,353.23,13616
2026-07-13 13:13:00,353.24,353.4,353.24,353.4,5761
2026-07-13 13:14:00,353.395,353.55,353.32,353.35,9265
2026-07-13 13:15:00,353.34,353.38,353.11,353.38,5812
2026-07-13 13:16:00,353.355,353.655,353.355,353.655,10599
2026-07-13 13:17:00,353.665,353.84,353.565,353.77,5910
2026-07-13 13:18:00,353.77,353.918,353.74,353.88,12203
2026-07-13 13:19:00,353.875,353.8965,353.78,353.8488,3865
2026-07-13 13:20:00,353.865,353.9,353.7,353.9,9278
2026-07-13 13:21:00,353.9,353.945,353.7472,353.88,5816
2026-07-13 13:22:00,353.9,354.02,353.69,353.71,9968
2026-07-13 13:23:00,353.71,353.79,353.61,353.67,11362
2026-07-13 13:24:00,353.665,353.7,353.46,353.53,7124
2026-07-13 13:25:00,353.59,353.7,353.515,353.7,8483
2026-07-13 13:26:00,353.75,353.895,353.68,353.77,4710
2026-07-13 13:27:00,353.77,353.8,353.53,353.56,9816
2026-07-13 13:28:00,353.555,353.65,353.48,353.65,9595
2026-07-13 13:29:00,353.65,353.69,353.37,353.4,4486
2026-07-13 13:30:00,353.43,353.51,352.9718,353.01,21045
2026-07-13 13:31:00,353.02,353.06,352.83,352.95,11911
2026-07-13 13:32:00,352.95,353.17,352.935,353.06,22176
2026-07-13 13:33:00,353.02,353.1,352.9401,352.9401,7835
2026-07-13 13:34:00,352.94,352.96,352.8,352.885,5297
2026-07-13 13:35:00,352.87,352.87,352.53,352.665,11613
2026-07-13 13:36:00,352.7,353.09,352.66,353.01,10213
2026-07-13 13:37:00,353.01,353.12,352.84,352.88,5553
2026-07-13 13:38:00,352.78,352.89,352.58,352.8,6249
2026-07-13 13:39:00,352.805,352.99,352.74,352.99,5236
2026-07-13 13:40:00,352.9,353.04,352.86,352.96,7266
2026-07-13 13:41:00,352.99,353.27,352.9884,353.205,10557
2026-07-13 13:42:00,353.21,353.26,353.025,353.21,7772
2026-07-13 13:43:00,353.22,353.25,353.0696,353.185,2909
2026-07-13 13:44:00,353.2,353.25,353.06,353.25,5520
2026-07-13 13:45:00,353.21,353.4,353.21,353.36,11426
2026-07-13 13:46:00,353.36,353.3699,352.98,353.0901,9281
2026-07-13 13:47:00,353.05,353.19,352.94,353.15,8053
2026-07-13 13:48:00,353.18,353.21,353.08,353.08,2705
2026-07-13 13:49:00,353.09,353.27,353.05,353.26,4977
2026-07-13 13:50:00,353.26,353.4,353.12,353.4,7479
2026-07-13 13:51:00,353.345,353.38,353.26,353.29,5549
2026-07-13 13:52:00,353.28,353.35,353.12,353.21,14379
2026-07-13 13:53:00,353.175,353.25,353.05,353.12,7777
2026-07-13 13:54:00,353.11,353.15,353.05,353.05,8735
2026-07-13 13:55:00,353.12,353.21,353.01,353.18,8370
2026-07-13 13:56:00,353.19,353.19,353.01,353.065,3538
2026-07-13 13:57:00,353.055,353.055,352.81,352.9,10143
2026-07-13 13:58:00,352.88,352.97,352.83,352.925,4484
2026-07-13 13:59:00,352.925,352.925,352.77,352.83,6702
2026-07-13 14:00:00,352.83,352.96,352.75,352.8,6888
2026-07-13 14:01:00,352.74,352.84,352.71,352.775,8349
2026-07-13 14:02:00,352.75,352.91,352.66,352.825,6601
2026-07-13 14:03:00,352.825,352.85,352.68,352.78,5302
2026-07-13 14:04:00,352.81,352.85,352.61,352.64,4750
2026-07-13 14:05:00,352.66,352.77,352.56,352.755,7462
2026-07-13 14:06:00,352.79,352.85,352.735,352.835,3311
2026-07-13 14:07:00,352.83,353,352.81,352.935,5864
2026-07-13 14:08:00,352.96,352.99,352.9,352.955,3792
2026-07-13 14:09:00,352.955,353,352.86,352.86,6035
2026-07-13 14:10:00,352.8679,352.99,352.8,352.9,8968
2026-07-13 14:11:00,352.88,352.97,352.86,352.86,8886
2026-07-13 14:12:00,352.86,352.95,352.83,352.95,5896
2026-07-13 14:13:00,352.93,353.275,352.93,353.26,13138
2026-07-13 14:14:00,353.24,353.71,353.2299,353.53,12983
2026-07-13 14:15:00,353.5,353.57,353.455,353.49,4947
2026-07-13 14:16:00,353.4601,353.56,353.38,353.4,12927
2026-07-13 14:17:00,353.44,353.51,353.38,353.41,10204
2026-07-13 14:18:00,353.4,353.46,353.1,353.1,7987
2026-07-13 14:19:00,353.16,353.1899,352.97,353.18,7886
2026-07-13 14:20:00,353.19,353.28,353.07,353.235,5603
2026-07-13 14:21:00,353.21,353.25,352.97,353.02,12710
2026-07-13 14:22:00,353.03,353.07,352.97,353.02,5689
2026-07-13 14:23:00,353.0531,353.21,353,353.15,6578
2026-07-13 14:24:00,353.15,353.305,353.14,353.26,3975
2026-07-13 14:25:00,353.26,353.435,353.21,353.405,17710
2026-07-13 14:26:00,353.37,353.4695,353.2,353.2,11925
2026-07-13 14:27:00,353.22,353.26,353.155,353.26,9781
2026-07-13 14:28:00,353.235,353.35,353.04,353.04,13483
2026-07-13 14:29:00,353.04,353.16,353,353.115,13301
2026-07-13 14:30:00,353.115,353.13,352.94,353.06,21020
2026-07-13 14:31:00,353.065,353.11,353,353.06,11415
2026-07-13 14:32:00,353.07,353.1,352.88,352.925,24876
2026-07-13 14:33:00,352.92,353.05,352.85,352.87,12977
2026-07-13 14:34:00,352.88,352.885,352.7,352.76,12132
2026-07-13 14:35:00,352.77,352.78,352.56,352.59,13590
2026-07-13 14:36:00,352.61,352.718,352.52,352.66,13118
2026-07-13 14:37:00,352.68,352.87,352.63,352.69,14742
2026-07-13 14:38:00,352.72,352.88,352.71,352.78,6674
2026-07-13 14:39:00,352.74,353.08,352.69,353.035,12299
2026-07-13 14:40:00,353.04,353.05,352.88,352.97,11990
2026-07-13 14:41:00,352.95,353.01,352.6715,352.7994,8890
2026-07-13 14:42:00,352.77,352.875,352.765,352.825,6990
2026-07-13 14:43:00,352.86,352.91,352.77,352.87,11250
2026-07-13 14:44:00,352.89,352.9,352.73,352.8,9813
2026-07-13 14:45:00,352.82,352.87,352.64,352.785,18033
2026-07-13 14:46:00,352.82,352.85,352.54,352.54,6272
2026-07-13 14:47:00,352.535,352.65,352.42,352.45,9967
2026-07-13 14:48:00,352.461,352.4699,352.28,352.349,7880
2026-07-13 14:49:00,352.39,352.53,352.39,352.5012,5906
2026-07-13 14:50:00,352.525,352.68,352.45,352.51,5242
2026-07-13 14:51:00,352.5,352.69,352.48,352.65,5871
2026-07-13 14:52:00,352.635,352.81,352.635,352.765,5988
2026-07-13 14:53:00,352.75,352.76,352.64,352.69,4129
2026-07-13 14:54:00,352.6946,352.7694,352.65,352.65,3974
2026-07-13 14:55:00,352.665,352.71,352.62,352.6399,3380
2026-07-13 14:56:00,352.64,352.67,352.55,352.555,5449
2026-07-13 14:57:00,352.555,352.57,352.5,352.5,7159
2026-07-13 14:58:00,352.49,352.5,352.24,352.2692,6745
2026-07-13 14:59:00,352.3,352.3499,352.26,352.3,6587
2026-07-13 15:00:00,352.29,352.29,352.02,352.29,23818
2026-07-13 15:01:00,352.2851,352.35,352.18,352.315,6097
2026-07-13 15:02:00,352.34,352.46,352.3067,352.385,5539
2026-07-13 15:03:00,352.36,352.46,352.35,352.375,6737
2026-07-13 15:04:00,352.4,352.55,352.39,352.55,6726
2026-07-13 15:05:00,352.535,352.54,352.38,352.386,4836
2026-07-13 15:06:00,352.395,352.57,352.395,352.53,8791
2026-07-13 15:07:00,352.46,352.68,352.455,352.66,9326
2026-07-13 15:08:00,352.69,352.8,352.61,352.685,7970
2026-07-13 15:09:00,352.69,352.82,352.62,352.8,7173
2026-07-13 15:10:00,352.82,352.91,352.73,352.755,6791
2026-07-13 15:11:00,352.74,352.8,352.64,352.73,8079
2026-07-13 15:12:00,352.74,352.75,352.37,352.4199,11182
2026-07-13 15:13:00,352.42,352.47,352.07,352.26,16143
2026-07-13 15:14:00,352.23,352.27,352.13,352.246,9578
2026-07-13 15:15:00,352.24,352.31,352.18,352.255,9699
2026-07-13 15:16:00,352.255,352.3,352.12,352.15,7640
2026-07-13 15:17:00,352.125,352.32,352.1,352.2845,9986
2026-07-13 15:18:00,352.25,352.3,352.11,352.17,5751
2026-07-13 15:19:00,352.17,352.23,352.07,352.095,11027
2026-07-13 15:20:00,352.12,352.24,351.9,352.02,26334
2026-07-13 15:21:00,351.98,352.06,351.96,352.03,10861
2026-07-13 15:22:00,352,352.06,351.93,352,9070
2026-07-13 15:23:00,352.02,352.03,351.72,351.83,19519
2026-07-13 15:24:00,351.79,351.96,351.77,351.925,5120
2026-07-13 15:25:00,351.925,351.9348,351.6,351.71,8001
2026-07-13 15:26:00,351.71,351.76,351.546,351.57,8705
2026-07-13 15:27:00,351.54,351.67,351.39,351.67,23793
2026-07-13 15:28:00,351.65,351.735,351.58,351.59,32985
2026-07-13 15:29:00,351.59,351.63,351.35,351.63,27621
2026-07-13 15:30:00,351.62,351.65,351.28,351.31,13204
2026-07-13 15:31:00,351.31,351.515,351.23,351.4,18320
2026-07-13 15:32:00,351.39,351.5,351.39,351.41,11498
2026-07-13 15:33:00,351.46,351.49,351.22,351.31,12923
2026-07-13 15:34:00,351.28,351.285,350.885,351.01,15947
2026-07-13 15:35:00,351.005,351.11,350.9,350.92,15196
2026-07-13 15:36:00,350.91,350.91,350.39,350.415,22062
2026-07-13 15:37:00,350.42,350.56,350.38,350.51,12378
2026-07-13 15:38:00,350.51,350.56,350.41,350.49,10811
2026-07-13 15:39:00,350.46,350.55,350.42,350.51,9257
2026-07-13 15:40:00,350.5083,350.645,350.475,350.61,15096
2026-07-13 15:41:00,350.61,350.71,350.4028,350.475,26329
2026-07-13 15:42:00,350.475,350.5,350.25,350.355,15579
2026-07-13 15:43:00,350.37,350.5,350.35,350.49,14014
2026-07-13 15:44:00,350.48,350.57,350.419,350.57,16973
2026-07-13 15:45:00,350.57,350.77,350.505,350.74,25298
2026-07-13 15:46:00,350.7523,350.835,350.61,350.68,21914
2026-07-13 15:47:00,350.695,350.85,350.62,350.65,14098
2026-07-13 15:48:00,350.65,350.8,350.58,350.78,32622
2026-07-13 15:49:00,350.7701,350.82,350.5,350.56,20249
2026-07-13 15:50:00,350.54,350.63,349.97,350.05,57096
2026-07-13 15:51:00,350.05,350.375,350.05,350.2637,38687
2026-07-13 15:52:00,350.27,350.4,349.99,350.35,44453
2026-07-13 15:53:00,350.345,350.38,350.07,350.12,34544
2026-07-13 15:54:00,350.1,350.24,349.82,350,62892
2026-07-13 15:55:00,349.98,350.67,349.97,350.6,57117
2026-07-13 15:56:00,350.6,350.76,350.51,350.705,42961
2026-07-13 15:57:00,350.68,350.74,350.53,350.64,62282
2026-07-13 15:58:00,350.63,350.95,350.54,350.92,96443
2026-07-13 15:59:00,350.92,350.93,350.55,350.6705,193835
2026-07-13 16:00:00,350.67,350.67,350.2836,350.5201,2204474
2026-07-13 16:01:00,350.52,350.53,350.3825,350.5,1344
2026-07-13 16:02:00,350.55,350.6,350.55,350.6,594
2026-07-13 16:03:00,350.6,350.61,350.5,350.55,714
2026-07-13 16:04:00,350.55,350.65,350.55,350.65,209
2026-07-13 16:05:00,350.6,350.67,350.5,350.5,802
2026-07-13 16:06:00,350.52,350.52,350.52,350.52,1200
2026-07-13 16:07:00,350.46,350.7,350.46,350.66,1538
2026-07-13 16:09:00,350.7,350.71,350.63,350.63,1367
2026-07-13 16:10:00,350.5,350.56,350.48,350.5409,606
2026-07-13 16:11:00,350.69,350.78,350.69,350.78,131
2026-07-13 16:12:00,350.67,350.68,350.59,350.68,17058
2026-07-13 16:13:00,350.66,350.66,350.63,350.65,270
2026-07-13 16:14:00,350.53,350.53,350.21,350.21,570
2026-07-13 16:15:00,350.3,350.4,350.24,350.4,673
2026-07-13 16:16:00,350.15,350.22,350.15,350.16,1426
2026-07-13 16:17:00,350.09,350.22,350.09,350.09,2590
2026-07-13 16:18:00,350.09,350.29,350.09,350.29,118
2026-07-13 16:19:00,350,350.28,350,350.28,3436
2026-07-13 16:20:00,350.28,350.29,350.2,350.2,488
2026-07-13 16:21:00,350.11,350.23,350.11,350.23,200
2026-07-13 16:22:00,350.23,350.23,350.23,350.23,50
2026-07-13 16:23:00,350.2,350.3356,350.09,350.09,1556
2026-07-13 16:25:00,350.13,350.16,350.13,350.16,186
2026-07-13 16:26:00,350.18,350.18,350.18,350.18,40
2026-07-13 16:27:00,350.1,350.1,350.1,350.1,166
2026-07-13 16:32:00,350.24,350.24,350.24,350.24,100
2026-07-13 16:33:00,350.15,350.19,350.15,350.19,113
2026-07-13 16:35:00,350.15,350.15,350.15,350.15,99
2026-07-13 16:36:00,350.31,350.4,350.31,350.4,200
2026-07-13 16:37:00,350.43,350.43,350.34,350.3569,283
2026-07-13 16:38:00,350.34,350.34,350.31,350.31,275
2026-07-13 16:39:00,350.29,350.74,350.29,350.47,594
2026-07-13 16:42:00,350.45,350.45,350.37,350.37,356
2026-07-13 16:43:00,350.4,350.4,350.4,350.4,99
2026-07-13 16:44:00,350.4852,350.4852,350.4852,350.4852,88
2026-07-13 16:47:00,350.44,350.45,350.44,350.45,183
2026-07-13 16:48:00,350.38,350.72,350.38,350.72,263
2026-07-13 16:49:00,350.36,350.7,350.34,350.7,230
2026-07-13 16:50:00,350.5,350.5,350.5,350.5,269
2026-07-13 16:52:00,350.7,350.7,350.7,350.7,1000
2026-07-13 16:55:00,350.35,350.35,350.35,350.35,47
2026-07-13 16:56:00,350.31,350.31,350.31,350.31,100
2026-07-13 16:57:00,350.5,350.5,350.41,350.41,100
2026-07-13 17:00:00,350.3706,350.3706,350.3706,350.3706,500
2026-07-13 17:08:00,350.3,350.3,350.3,350.3,1300
2026-07-13 17:09:00,350.32,350.32,350.32,350.32,85
2026-07-13 17:12:00,350.25,350.25,350.25,350.25,50
2026-07-13 17:13:00,350.11,350.11,350.11,350.11,1000
2026-07-13 17:16:00,350.13,350.13,350.13,350.13,122
2026-07-13 17:19:00,350.1261,350.1261,350.1261,350.1261,87
2026-07-13 17:20:00,350.49,350.49,350.49,350.49,50
2026-07-13 17:21:00,350.25,350.25,350.25,350.25,1200
2026-07-13 17:26:00,350.26,350.38,350.1122,350.38,303
2026-07-13 17:31:00,350.38,350.38,350.38,350.38,86
2026-07-13 17:33:00,350.1359,350.1359,350.1359,350.1359,100
2026-07-13 17:35:00,350.26,350.38,350.25,350.38,667
2026-07-13 17:39:00,350.36,350.36,350.36,350.36,50
2026-07-13 17:40:00,350.34,350.34,350.34,350.34,48
2026-07-13 17:45:00,350.35,350.35,350.1765,350.1765,114
2026-07-13 17:53:00,350.14,350.14,350.14,350.14,100
2026-07-13 17:54:00,350.44,350.44,350.44,350.44,48
2026-07-13 17:57:00,350.44,350.44,350.44,350.44,56
2026-07-13 17:59:00,350.44,350.44,350.2569,350.2569,165
2026-07-13 18:00:00,350.5,350.5,350.5,350.5,92
2026-07-13 18:12:00,350.44,350.44,350.44,350.44,59
2026-07-13 18:17:00,350.8,350.8,350.8,350.8,50
2026-07-13 18:18:00,350.3768,350.3768,350.3768,350.3768,50
2026-07-13 18:20:00,350.5,350.5,350.5,350.5,100
2026-07-13 18:38:00,350.6766,350.6766,350.6766,350.6766,100
2026-07-13 18:39:00,350.6,350.6,350.6,350.6,150
2026-07-13 18:44:00,350.7,350.7,350.7,350.7,43
2026-07-13 18:48:00,350.7993,350.7993,350.7993,350.7993,1000
2026-07-13 18:49:00,350.79,350.8,350.79,350.8,1500
2026-07-13 18:50:00,350.72,350.72,350.72,350.72,250
2026-07-13 18:52:00,350.65,350.65,350.55,350.55,512
2026-07-13 18:54:00,350.52,350.53,350.52,350.53,180
2026-07-13 18:55:00,350.41,350.499,350.41,350.499,117
2026-07-13 18:56:00,350.45,350.45,350.45,350.45,95
2026-07-13 18:58:00,350.4838,350.4838,350.4838,350.4838,100
2026-07-13 19:00:00,350.84,350.84,350.84,350.84,100
2026-07-13 19:01:00,350.6699,350.6699,350.6349,350.6349,100
2026-07-13 19:02:00,350.6699,350.6699,350.6349,350.6699,150
2026-07-13 19:03:00,350.6349,350.656,350.49,350.49,240
2026-07-13 19:04:00,350.6871,350.6871,350.4,350.4,320
2026-07-13 19:05:00,350.4,350.4,350.25,350.25,1140
2026-07-13 19:06:00,350.7285,350.7285,350.7285,350.7285,50
2026-07-13 19:07:00,350.28,350.28,350.28,350.28,105
2026-07-13 19:08:00,350.7231,350.7231,350.26,350.6937,540
2026-07-13 19:09:00,350.6933,350.6933,350.2508,350.2508,300
2026-07-13 19:10:00,350.3,350.3,350.3,350.3,100
2026-07-13 19:12:00,350.3,350.3,350.3,350.3,83
2026-07-13 19:13:00,350.2734,350.2734,350.2734,350.2734,200
2026-07-13 19:14:00,350.69,350.69,350.69,350.69,400
2026-07-13 19:17:00,350.3,350.48,350.3,350.48,135
2026-07-13 19:19:00,350.3,350.3,350.3,350.3,150
2026-07-13 19:20:00,350.35,350.35,350.35,350.35,40
2026-07-13 19:21:00,350.35,350.5,350.35,350.5,113
2026-07-13 19:24:00,350.25,350.25,350.25,350.25,50
2026-07-13 19:29:00,350.25,350.25,350.25,350.25,65
2026-07-13 19:30:00,350.2,350.2,350.2,350.2,194
2026-07-13 19:31:00,350.21,350.21,350.21,350.21,42
2026-07-13 19:37:00,350.1,350.1,350.1,350.1,500
2026-07-13 19:38:00,350.13,350.13,350.12,350.12,260
2026-07-13 19:41:00,350.24,350.24,350.24,350.24,65
2026-07-13 19:42:00,350.24,350.25,350.18,350.18,1258
2026-07-13 19:43:00,350.5,350.5,350.19,350.19,150
2026-07-13 19:44:00,350.18,350.29,350.18,350.29,300
2026-07-13 19:45:00,350.3,350.39,350.3,350.39,98
2026-07-13 19:47:00,350.5,350.5,350.3,350.3,225
2026-07-13 19:48:00,350.25,350.48,350.25,350.48,538
2026-07-13 19:52:00,350.5,350.5,350.5,350.5,48
2026-07-13 19:54:00,350.79,350.79,350.79,350.79,234
2026-07-13 19:55:00,350.79,350.84,350.79,350.84,283
2026-07-13 19:56:00,350.84,351.06,350.84,351.06,350
2026-07-13 19:57:00,351,351,351,351,100
2026-07-13 19:58:00,351.07,351.25,351,351.13,1347
2026-07-13 19:59:00,351.13,351.13,351,351,487
2026-07-14 04:00:00,349.78,351.2,349.61,349.61,14463
2026-07-14 04:01:00,349.38,351.23,349.38,350.77,5580
2026-07-14 04:02:00,350.85,351.39,349.23,349.48,5942
2026-07-14 04:03:00,349.19,349.19,348.81,348.85,828
2026-07-14 04:04:00,349,349,348.95,348.95,200
2026-07-14 04:05:00,348.85,348.91,348.43,348.56,1084
2026-07-14 04:10:00,348.77,348.77,348.75,348.75,164
2026-07-14 04:12:00,348.87,348.88,348.74,348.74,528
2026-07-14 04:15:00,348.91,348.91,348.91,348.91,342
2026-07-14 04:20:00,349.07,349.07,349.07,349.07,600
2026-07-14 04:21:00,348.98,348.98,348.98,348.98,46
2026-07-14 04:22:00,348.97,349,348.97,349,607
2026-07-14 04:24:00,349.09,349.09,349.09,349.09,94
2026-07-14 04:26:00,349.07,349.07,349.07,349.07,47
2026-07-14 04:32:00,349.15,349.15,349.07,349.07,912
2026-07-14 04:33:00,349,349,348.9,348.9,211
2026-07-14 04:34:00,348.87,348.87,348.8,348.8,142
2026-07-14 04:35:00,348.8,348.8,348.55,348.55,324
2026-07-14 04:36:00,348.58,348.58,348.5575,348.5575,165
2026-07-14 04:37:00,348.52,348.52,348.52,348.52,41
2026-07-14 04:38:00,348.6,348.6,348.55,348.55,251
2026-07-14 04:39:00,348.64,348.64,348.64,348.64,75
2026-07-14 04:42:00,348.57,348.64,348.48,348.64,432
2026-07-14 04:43:00,348.61,348.61,348.61,348.61,79
2026-07-14 04:44:00,348.59,348.59,348.59,348.59,80
2026-07-14 04:46:00,348.5,348.6597,348.5,348.61,203
2026-07-14 04:47:00,348.52,348.52,348.52,348.52,73
2026-07-14 04:49:00,348.5,348.5,348.5,348.5,64
2026-07-14 04:50:00,348.6,348.6,348.6,348.6,159
2026-07-14 04:51:00,348.67,348.67,348.67,348.67,50
2026-07-14 04:54:00,348.69,348.69,348.69,348.69,57
2026-07-14 04:55:00,348.78,348.78,348.75,348.75,190
2026-07-14 04:57:00,348.78,348.78,348.57,348.57,477
2026-07-14 04:59:00,348.76,348.76,348.67,348.67,117
2026-07-14 05:00:00,348.63,348.63,348.46,348.5,348
2026-07-14 05:04:00,348.74,348.74,348.74,348.74,50
2026-07-14 05:06:00,348.86,348.86,348.86,348.86,83
2026-07-14 05:08:00,348.79,348.79,348.79,348.79,80
2026-07-14 05:09:00,348.96,348.98,348.94,348.98,192
2026-07-14 05:10:00,348.98,348.98,348.98,348.98,100
2026-07-14 05:11:00,348.96,348.98,348.95,348.95,160
2026-07-14 05:12:00,349,349,348.91,348.91,385
2026-07-14 05:13:00,348.88,348.88,348.88,348.88,90
2026-07-14 05:14:00,349.05,349.05,349.05,349.05,51
2026-07-14 05:17:00,349.15,349.15,349.05,349.05,200
2026-07-14 05:19:00,349.05,349.05,348.85,348.85,168
2026-07-14 05:23:00,348.98,348.98,348.95,348.95,360
2026-07-14 05:24:00,348.91,348.95,348.9,348.9,227
2026-07-14 05:28:00,348.9,348.9,348.9,348.9,71
2026-07-14 05:29:00,348.85,348.85,348.79,348.79,204
2026-07-14 05:31:00,348.88,348.88,348.77,348.77,640
2026-07-14 05:33:00,348.9,348.9,348.9,348.9,180
2026-07-14 05:38:00,348.84,348.84,348.84,348.84,100
2026-07-14 05:41:00,349,349,349,349,100
2026-07-14 05:48:00,348.9,348.9,348.9,348.9,98
2026-07-14 05:49:00,349.1,349.14,348.98,349.08,407
2026-07-14 05:50:00,349.09,349.09,349.09,349.09,143
2026-07-14 05:51:00,349.02,349.02,349.02,349.02,70
2026-07-14 05:57:00,348.93,348.93,348.93,348.93,592
2026-07-14 06:06:00,348.958,348.958,348.958,348.958,43
2026-07-14 06:08:00,348.89,348.89,348.89,348.89,60
2026-07-14 06:09:00,348.91,348.91,348.91,348.91,95
2026-07-14 06:10:00,348.93,348.93,348.93,348.93,100
2026-07-14 06:12:00,348.93,348.93,348.93,348.93,80
2026-07-14 06:14:00,348.93,348.93,348.93,348.93,63
2026-07-14 06:16:00,348.84,348.84,348.78,348.78,244
2026-07-14 06:19:00,348.65,348.65,348.65,348.65,50
2026-07-14 06:23:00,348.6151,348.6151,348.6151,348.6151,452
2026-07-14 06:24:00,348.58,348.58,348.5,348.5,864
2026-07-14 06:25:00,348.47,348.47,348.47,348.47,44
2026-07-14 06:26:00,348.46,348.46,348.46,348.46,150
2026-07-14 06:31:00,348.58,348.6,348.58,348.58,508
2026-07-14 06:32:00,348.43,348.47,348.43,348.45,235
2026-07-14 06:33:00,348.45,348.45,348.45,348.45,67
2026-07-14 06:35:00,348.46,348.46,348.46,348.46,262
2026-07-14 06:36:00,348.59,348.78,348.59,348.78,810
2026-07-14 06:39:00,348.92,348.96,348.92,348.96,170
2026-07-14 06:42:00,348.4812,348.4812,348.4812,348.4812,300
2026-07-14 06:50:00,348.75,348.75,348.75,348.75,40
2026-07-14 06:53:00,348.76,348.76,348.76,348.76,166
2026-07-14 06:54:00,348.7,348.7,348.7,348.7,75
2026-07-14 06:59:00,348.805,348.805,348.805,348.805,40
2026-07-14 07:00:00,348.78,348.92,348.58,348.68,1208
2026-07-14 07:01:00,348.69,348.69,348.55,348.57,238
2026-07-14 07:02:00,348.47,348.5395,348.2859,348.46,612
2026-07-14 07:03:00,348.25,348.25,348.25,348.25,71
2026-07-14 07:04:00,348.3,348.474,348.3,348.474,624
2026-07-14 07:05:00,348.5303,348.5303,348.5303,348.5303,200
2026-07-14 07:07:00,348.72,348.74,348.72,348.74,177
2026-07-14 07:08:00,348.89,348.89,348.51,348.51,477
2026-07-14 07:09:00,348.53,348.72,348.49,348.49,1621
2026-07-14 07:10:00,348.73,348.76,348.6,348.6,752
2026-07-14 07:11:00,348.74,348.98,348.37,348.75,11926
2026-07-14 07:12:00,348.75,348.76,348.75,348.76,226
2026-07-14 07:13:00,348.89,349,348.89,349,346
2026-07-14 07:14:00,349.0563,349.0563,349.0563,349.0563,50
2026-07-14 07:15:00,349.01,349.37,349.01,349.29,729
2026-07-14 07:16:00,349.02,349.02,348.65,348.65,1161
2026-07-14 07:17:00,348.73,348.73,348.51,348.6,450
2026-07-14 07:18:00,348.53,348.7331,348.53,348.7331,508
2026-07-14 07:19:00,348.73,348.75,348.51,348.61,11525
2026-07-14 07:20:00,348.84,348.87,348.51,348.87,394
2026-07-14 07:21:00,348.5,348.5,348.5,348.5,268
2026-07-14 07:22:00,348.49,348.49,348.49,348.49,44
2026-07-14 07:23:00,348.7,348.74,348.7,348.73,244
2026-07-14 07:24:00,348.79,348.79,348.79,348.79,57
2026-07-14 07:25:00,348.96,349,348.96,349,600
2026-07-14 07:26:00,348.8621,348.8621,348.8621,348.8621,50
2026-07-14 07:27:00,349.1,349.1,349.1,349.1,980
2026-07-14 07:28:00,349.18,349.18,349.18,349.18,250
2026-07-14 07:29:00,348.84,348.92,348.61,348.61,1592
2026-07-14 07:30:00,348.89,348.89,348.74,348.74,405
2026-07-14 07:31:00,348.81,348.81,348.71,348.79,1420
2026-07-14 07:33:00,348.78,348.78,348.26,348.3,4095
2026-07-14 07:34:00,348.28,348.3,348.28,348.3,99
2026-07-14 07:35:00,348.29,348.41,348.29,348.41,351
2026-07-14 07:36:00,348.38,348.39,348.38,348.39,2613
2026-07-14 07:37:00,348.317,348.317,348.18,348.25,517
2026-07-14 07:38:00,348.1115,348.21,348.1115,348.21,144
2026-07-14 07:39:00,348.3,348.3,348.3,348.3,1445
2026-07-14 07:40:00,348.27,348.37,348.27,348.37,200
2026-07-14 07:44:00,348.44,348.44,348.44,348.44,77
2026-07-14 07:45:00,348.45,348.64,348.4003,348.62,1725
2026-07-14 07:46:00,348.57,348.59,348.23,348.4,3275
2026-07-14 07:47:00,348.39,348.4,348.35,348.35,1503
2026-07-14 07:48:00,348.39,348.52,348.36,348.51,10249
2026-07-14 07:50:00,348.34,348.43,348.2386,348.43,706
2026-07-14 07:51:00,348.4071,348.4071,348.24,348.32,458
2026-07-14 07:52:00,348.4,348.48,348.4,348.48,211
2026-07-14 07:53:00,348.26,348.31,348.26,348.3,470
2026-07-14 07:54:00,348.39,348.39,348.25,348.25,777
2026-07-14 07:55:00,348.26,348.34,348.26,348.34,1948
2026-07-14 07:56:00,348.34,348.41,348.2,348.27,930
2026-07-14 07:57:00,348.25,348.31,348.25,348.3,301
2026-07-14 07:58:00,348.2203,348.33,348.2203,348.33,225
2026-07-14 08:01:00,348.46,348.46,348.46,348.46,50
2026-07-14 08:02:00,348.2,348.2,348.2,348.2,50
2026-07-14 08:03:00,348.22,348.22,348.2,348.2,200
2026-07-14 08:04:00,348.11,348.11,348.1,348.1,100
2026-07-14 08:05:00,348.11,348.2299,348.07,348.2253,843
2026-07-14 08:06:00,348.0641,348.1,348.05,348.07,695
2026-07-14 08:07:00,348.0409,348.1029,347.85,347.85,2694
2026-07-14 08:08:00,347.81,347.81,347.78,347.8,545
2026-07-14 08:09:00,347.9,347.9331,347.9,347.9331,240
2026-07-14 08:11:00,347.8,347.93,347.75,347.75,1169
2026-07-14 08:12:00,347.82,347.83,347.82,347.83,201
2026-07-14 08:13:00,347.9,347.98,347.9,347.98,110
2026-07-14 08:14:00,347.98,347.98,347.98,347.98,75
2026-07-14 08:15:00,347.9506,347.9506,347.72,347.72,1706
2026-07-14 08:16:00,347.83,347.89,347.71,347.71,473
2026-07-14 08:17:00,347.7342,347.7342,347.7342,347.7342,1300
2026-07-14 08:18:00,347.7233,347.85,347.7233,347.85,112
2026-07-14 08:19:00,347.86,347.89,347.85,347.89,239
2026-07-14 08:22:00,347.76,347.94,347.76,347.94,235
2026-07-14 08:23:00,347.9841,348.33,347.9841,348.33,2834
2026-07-14 08:24:00,348.29,348.58,348.26,348.58,877
2026-07-14 08:25:00,348.53,348.77,348.53,348.77,1179
2026-07-14 08:27:00,348.6,348.64,348.6,348.6188,564
2026-07-14 08:28:00,348.51,348.51,348.5,348.5,130
2026-07-14 08:29:00,348.49,348.63,348,348,3303
2026-07-14 08:30:00,348.85,350.88,348.78,350.88,1956
2026-07-14 08:31:00,350.82,351.27,350.24,350.75,2551
2026-07-14 08:32:00,350.92,350.98,350.45,350.69,4012
2026-07-14 08:33:00,350.74,351.27,350.74,351.1,1670
2026-07-14 08:34:00,350.89,351.04,350.8,350.88,2404
2026-07-14 08:35:00,350.86,350.86,350.55,350.65,1729
2026-07-14 08:36:00,350.53,350.53,350.25,350.49,1981
2026-07-14 08:37:00,350.28,350.36,350,350.01,1895
2026-07-14 08:38:00,350.01,350.27,349.884,350.27,1000
2026-07-14 08:39:00,350.15,350.27,349.91,349.91,1615
2026-07-14 08:40:00,350.26,350.2761,350.04,350.2761,2520
2026-07-14 08:41:00,350.21,350.21,349.8091,349.8091,1427
2026-07-14 08:42:00,349.87,350.16,349.85,350.07,1466
2026-07-14 08:43:00,350.25,350.25,349.8,349.8,1301
2026-07-14 08:44:00,350,350,349.49,349.69,3617
2026-07-14 08:45:00,349.7,349.7,349.53,349.6,678
2026-07-14 08:46:00,349.6,349.7,349.5,349.7,2083
2026-07-14 08:47:00,349.4,349.4,349.4,349.4,50
2026-07-14 08:48:00,349.47,349.56,349.36,349.36,600
2026-07-14 08:49:00,349.3,349.37,349.2,349.37,2070
2026-07-14 08:50:00,349.3,349.3,349.2529,349.2529,150
2026-07-14 08:51:00,349.2,349.25,349.05,349.09,1759
2026-07-14 08:52:00,349.09,349.09,349,349,471
2026-07-14 08:53:00,348.8671,349.18,348.85,349.18,2073
2026-07-14 08:54:00,348.92,348.92,348.87,348.87,540
2026-07-14 08:55:00,348.95,348.95,348.86,348.86,423
2026-07-14 08:56:00,348.76,348.78,348.52,348.76,683
2026-07-14 08:57:00,348.74,348.78,348.594,348.67,876
2026-07-14 08:58:00,348.6,348.6,348.58,348.58,94
2026-07-14 08:59:00,348.85,348.86,348.8,348.86,660
2026-07-14 09:00:00,348.71,348.98,348.71,348.88,161
2026-07-14 09:01:00,348.98,348.98,348.83,348.85,650
2026-07-14 09:02:00,348.87,349,348.85,348.9675,666
2026-07-14 09:03:00,348.74,348.75,348.72,348.72,200
2026-07-14 09:04:00,348.68,348.68,348.68,348.68,50
2026-07-14 09:05:00,348.65,348.84,348.65,348.84,265
2026-07-14 09:06:00,348.9,348.92,348.85,348.92,820
2026-07-14 09:07:00,348.92,348.99,348.92,348.95,180
2026-07-14 09:08:00,348.97,348.97,348.8,348.8,188
2026-07-14 09:09:00,348.76,348.95,348.75,348.95,1038
2026-07-14 09:10:00,348.84,348.85,348.75,348.85,412
2026-07-14 09:11:00,348.8606,348.8606,348.4,348.44,983
2026-07-14 09:12:00,348.33,348.3543,348.3,348.3,580
2026-07-14 09:13:00,348.25,348.4,348.25,348.4,375
2026-07-14 09:14:00,348.35,348.35,348.2513,348.2513,1068
2026-07-14 09:15:00,348.25,348.25,348.2,348.2492,1605
2026-07-14 09:16:00,348.23,348.31,348.06,348.07,1535
2026-07-14 09:17:00,348.01,348.03,347.6696,347.6696,5779
2026-07-14 09:18:00,347.69,347.78,347.61,347.61,1957
2026-07-14 09:19:00,347.62,347.72,347.42,347.42,4584
2026-07-14 09:20:00,347.54,347.7,347.27,347.7,1498
2026-07-14 09:21:00,347.73,348.08,347.72,348,14127
2026-07-14 09:22:00,348,348.18,348,348.18,250
2026-07-14 09:23:00,348.1334,348.29,348.1334,348.2,540
2026-07-14 09:24:00,348.1919,348.24,348.19,348.24,1358
2026-07-14 09:25:00,348.39,348.83,348.38,348.73,4067
2026-07-14 09:26:00,348.43,348.9,348.26,348.5,4206
2026-07-14 09:27:00,348.33,349.37,348.24,349.35,5987
2026-07-14 09:28:00,349.51,349.51,348.84,348.84,2943
2026-07-14 09:29:00,349,349.17,348.62,348.94,5521
2026-07-14 09:30:00,348.84,351.44,348.84,351.255,226208
2026-07-14 09:31:00,351.19,352.08,350.85,351.13,51483
2026-07-14 09:32:00,351.18,351.97,351.18,351.475,24059
2026-07-14 09:33:00,351.32,351.68,350.81,351.39,29841
2026-07-14 09:34:00,351.385,351.44,351.025,351.09,22391
2026-07-14 09:35:00,351.07,351.13,350.02,350.665,15053
2026-07-14 09:36:00,350.67,350.9,350.28,350.37,31830
2026-07-14 09:37:00,350.3599,350.87,350.33,350.78,17000
2026-07-14 09:38:00,350.8401,351,350.34,350.95,19634
2026-07-14 09:39:00,350.78,351,350.52,350.76,19951
2026-07-14 09:40:00,350.7283,350.925,350.2601,350.2601,17842
2026-07-14 09:41:00,350.34,351.37,350.295,351.3,27589
2026-07-14 09:42:00,351.35,351.92,351.17,351.31,32438
2026-07-14 09:43:00,351.29,351.9,351.12,351.74,29165
2026-07-14 09:44:00,351.74,351.8,351.46,351.53,25843
2026-07-14 09:45:00,351.63,352.71,351.6196,352.385,54580
2026-07-14 09:46:00,352.43,352.43,351.78,351.945,13453
2026-07-14 09:47:00,351.955,352.04,351.0114,351.155,39125
2026-07-14 09:48:00,351.1268,351.42,350.7801,350.835,76677
2026-07-14 09:49:00,350.87,350.93,350.19,350.64,47960
2026-07-14 09:50:00,350.68,351.35,350.68,351.29,10619
2026-07-14 09:51:00,351.325,351.61,351.05,351.33,10229
2026-07-14 09:52:00,351.31,351.5,351,351.09,6414
2026-07-14 09:53:00,351,351.28,350.68,351.08,9171
2026-07-14 09:54:00,351.08,351.34,350.97,351.2,19706
2026-07-14 09:55:00,351.245,351.28,350.8,350.95,8272
2026-07-14 09:56:00,350.91,351.63,350.91,351.63,9107
2026-07-14 09:57:00,351.59,351.73,351.41,351.51,11202
2026-07-14 09:58:00,351.515,351.705,351.29,351.45,6601
2026-07-14 09:59:00,351.3318,351.8,351.2214,351.591,10023
2026-07-14 10:00:00,351.6725,351.8995,351.55,351.795,12624
2026-07-14 10:01:00,351.795,351.84,351.32,351.39,13128
2026-07-14 10:02:00,351.385,351.82,351.22,351.58,11359
2026-07-14 10:03:00,351.53,351.665,350.95,351.455,22438
2026-07-14 10:04:00,351.48,351.61,351.16,351.27,13762
2026-07-14 10:05:00,351.3,351.549,351.22,351.4221,13095
2026-07-14 10:06:00,351.4,351.77,351.22,351.75,17540
2026-07-14 10:07:00,351.725,352.1,351.67,351.84,28298
2026-07-14 10:08:00,351.77,352.2459,351.74,351.99,22595
2026-07-14 10:09:00,352,352.3,351.78,351.92,21839
2026-07-14 10:10:00,351.88,351.885,351.395,351.53,11691
2026-07-14 10:11:00,351.5,351.67,351.42,351.58,8231
2026-07-14 10:12:00,351.54,352.03,351.53,351.97,12972
2026-07-14 10:13:00,352.03,352.09,351.81,351.97,12344
2026-07-14 10:14:00,351.94,352.38,351.88,352.35,14614
2026-07-14 10:15:00,352.41,352.64,352.0005,352.1,27843
2026-07-14 10:16:00,352.01,352.01,351.49,351.63,18745
2026-07-14 10:17:00,351.61,351.94,351.56,351.85,16805
2026-07-14 10:18:00,351.7871,352.06,351.7,351.95,10387
2026-07-14 10:19:00,351.93,352.29,351.895,352.0225,25789
2026-07-14 10:20:00,351.97,352.57,351.97,352.52,18490
2026-07-14 10:21:00,352.48,352.8,352.4,352.56,17043
2026-07-14 10:22:00,352.63,352.895,352.285,352.855,19662
2026-07-14 10:23:00,352.855,353.09,352.81,352.99,22430
2026-07-14 10:24:00,352.98,353.35,352.92,353.085,29802
2026-07-14 10:25:00,353.08,353.51,353.0675,353.49,25300
2026-07-14 10:26:00,353.49,354.05,353.43,353.7468,26088
2026-07-14 10:27:00,353.83,354.1,353.75,353.94,12725
2026-07-14 10:28:00,353.91,353.9497,353.5201,353.66,19311
2026-07-14 10:29:00,353.71,353.89,353.63,353.77,17098
2026-07-14 10:30:00,353.75,354.0322,353.5606,353.88,24096
2026-07-14 10:31:00,353.88,354.155,353.66,353.83,21465
2026-07-14 10:32:00,353.8318,354.41,353.8318,354.39,16971
2026-07-14 10:33:00,354.39,354.53,354.16,354.22,19562
2026-07-14 10:34:00,354.24,355.21,354.11,354.465,71645
2026-07-14 10:35:00,354.42,354.73,354.23,354.3487,23879
2026-07-14 10:36:00,354.37,354.93,354.345,354.75,11923
2026-07-14 10:37:00,354.72,354.8,354.52,354.74,18926
2026-07-14 10:38:00,354.72,354.72,354.25,354.4841,18501
2026-07-14 10:39:00,354.56,354.78,354.52,354.63,10755
2026-07-14 10:40:00,354.6,355.24,354.59,355.2,17639
2026-07-14 10:41:00,355.19,355.27,354.96,355.08,13116
2026-07-14 10:42:00,355.02,355.12,354.65,354.86,26450
2026-07-14 10:43:00,354.85,354.89,354.52,354.77,20004
2026-07-14 10:44:00,354.6977,354.8316,354.55,354.63,13151
2026-07-14 10:45:00,354.63,355,354.6,354.915,17671
2026-07-14 10:46:00,354.915,355.02,354.51,354.545,21903
2026-07-14 10:47:00,354.53,354.71,354.48,354.5801,19879
2026-07-14 10:48:00,354.58,354.8004,354.54,354.585,12958
2026-07-14 10:49:00,354.55,354.68,354.371,354.53,24958
2026-07-14 10:50:00,354.53,354.57,354.08,354.115,16684
2026-07-14 10:51:00,354.09,354.33,354.09,354.275,18341
2026-07-14 10:52:00,354.32,354.8,354.29,354.63,18521
2026-07-14 10:53:00,354.58,354.79,354.3,354.525,23287
2026-07-14 10:54:00,354.535,354.69,354.29,354.41,11073
2026-07-14 10:55:00,354.34,354.51,354.125,354.485,8819
2026-07-14 10:56:00,354.49,354.495,354.18,354.265,8400
2026-07-14 10:57:00,354.27,354.89,354.27,354.815,8293
2026-07-14 10:58:00,354.78,354.9,354.6201,354.69,11482
2026-07-14 10:59:00,354.76,354.87,354.64,354.83,14063
2026-07-14 11:00:00,354.87,355.3195,354.82,355.23,24871
2026-07-14 11:01:00,355.17,355.52,355.16,355.19,15924
2026-07-14 11:02:00,355.195,355.3299,354.9655,355.05,8955
2026-07-14 11:03:00,355.05,355.1999,354.9401,355.06,9697
2026-07-14 11:04:00,355.03,355.8,354.93,355.4,32497
2026-07-14 11:05:00,355.36,355.435,355.13,355.28,11057
2026-07-14 11:06:00,355.24,355.44,355.15,355.375,10608
2026-07-14 11:07:00,355.37,355.53,355.235,355.43,11502
2026-07-14 11:08:00,355.4899,355.91,355.435,355.87,23643
2026-07-14 11:09:00,355.865,355.87,355.6335,355.68,13760
2026-07-14 11:10:00,355.68,355.88,355.53,355.5914,12926
2026-07-14 11:11:00,355.58,355.89,355.53,355.835,11775
2026-07-14 11:12:00,355.78,355.923,355.69,355.775,19673
2026-07-14 11:13:00,355.775,355.93,355.69,355.855,13127
2026-07-14 11:14:00,355.86,355.982,355.79,355.8,6630
2026-07-14 11:15:00,355.8,355.98,355.73,355.92,10526
2026-07-14 11:16:00,355.96,355.97,355.69,355.96,9909
2026-07-14 11:17:00,355.93,355.96,355.77,355.89,10627
2026-07-14 11:18:00,355.865,355.865,355.51,355.51,15937
2026-07-14 11:19:00,355.48,355.5,355.3,355.32,12422
2026-07-14 11:20:00,355.32,355.68,355.15,355.525,16855
2026-07-14 11:21:00,355.505,355.625,355.465,355.525,5679
2026-07-14 11:22:00,355.49,355.56,355.08,355.11,25173
2026-07-14 11:23:00,355.145,355.37,355.085,355.37,8949
2026-07-14 11:24:00,355.35,355.53,355.2051,355.4,11513
2026-07-14 11:25:00,355.42,355.66,355.35,355.405,11418
2026-07-14 11:26:00,355.37,355.44,355.33,355.4,5155
2026-07-14 11:27:00,355.4,355.55,355.38,355.5,7367
2026-07-14 11:28:00,355.455,355.84,355.455,355.61,43199
2026-07-14 11:29:00,355.63,355.74,355.57,355.71,4749
2026-07-14 11:30:00,355.68,355.8995,355.66,355.83,16386
2026-07-14 11:31:00,355.87,356.12,355.81,356.06,25582
2026-07-14 11:32:00,356.095,356.095,355.75,355.75,13117
2026-07-14 11:33:00,355.77,355.915,355.38,355.38,11824
2026-07-14 11:34:00,355.38,355.68,355.3,355.57,19002
2026-07-14 11:35:00,355.53,355.56,355.03,355.21,9001
2026-07-14 11:36:00,355.13,355.285,355.04,355.08,10880
2026-07-14 11:37:00,355.0501,355.435,355.0501,355.26,7866
2026-07-14 11:38:00,355.25,355.3299,354.87,354.965,16404
2026-07-14 11:39:00,354.96,355.01,354.52,354.65,14143
2026-07-14 11:40:00,354.61,354.71,354.21,354.3,12975
2026-07-14 11:41:00,354.3,354.305,353.9,353.97,13721
2026-07-14 11:42:00,353.94,353.96,353.6001,353.66,9284
2026-07-14 11:43:00,353.7,353.84,353.45,353.7756,12284
2026-07-14 11:44:00,353.8,354.19,353.66,354.115,11293
2026-07-14 11:45:00,354.14,354.22,353.96,354,8332
2026-07-14 11:46:00,353.99,354.18,353.99,354.11,5385
2026-07-14 11:47:00,354.09,354.19,354.03,354.18,10987
2026-07-14 11:48:00,354.15,354.24,353.91,354.11,16157
2026-07-14 11:49:00,354.1,354.1,353.73,353.82,8803
2026-07-14 11:50:00,353.82,354.05,353.73,354.0301,7988
2026-07-14 11:51:00,354.01,354.11,353.9,353.94,6778
2026-07-14 11:52:00,353.94,354,353.79,353.92,4636
2026-07-14 11:53:00,354.01,354.28,354,354.1204,5981
2026-07-14 11:54:00,354.155,354.19,353.89,353.8901,5606
2026-07-14 11:55:00,353.89,353.95,353.74,353.905,9848
2026-07-14 11:56:00,353.91,354.215,353.9,354.215,7308
2026-07-14 11:57:00,354.18,354.38,353.78,353.845,11018
2026-07-14 11:58:00,353.78,353.94,353.74,353.81,9387
2026-07-14 11:59:00,353.81,353.925,353.67,353.83,7526
2026-07-14 12:00:00,353.85,353.89,353.69,353.75,7153
2026-07-14 12:01:00,353.675,353.75,353.27,353.27,14156
2026-07-14 12:02:00,353.25,353.34,353.155,353.17,9711
2026-07-14 12:03:00,353.175,353.21,352.94,353.055,15082
2026-07-14 12:04:00,353.02,353.2399,352.97,353.11,23987
2026-07-14 12:05:00,353.155,353.36,353.12,353.28,5602
2026-07-14 12:06:00,353.275,353.5,353.2,353.5,8658
2026-07-14 12:07:00,353.52,353.55,353.22,353.41,8129
2026-07-14 12:08:00,353.375,353.59,353.37,353.59,6064
2026-07-14 12:09:00,353.61,353.7522,353.53,353.575,12117
2026-07-14 12:10:00,353.6,353.7,353.54,353.555,4778
2026-07-14 12:11:00,353.555,353.555,353.43,353.535,3952
2026-07-14 12:12:00,353.5,353.76,353.48,353.74,5272
2026-07-14 12:13:00,353.75,353.81,353.69,353.71,5300
2026-07-14 12:14:00,353.75,353.9,353.68,353.75,5087
2026-07-14 12:15:00,353.75,353.75,353.5396,353.56,11625
2026-07-14 12:16:00,353.56,353.65,353.43,353.525,6157
2026-07-14 12:17:00,353.535,353.58,353.39,353.5751,5061
2026-07-14 12:18:00,353.586,353.66,353.51,353.51,5764
2026-07-14 12:19:00,353.51,353.55,353.39,353.45,5394
2026-07-14 12:20:00,353.452,353.46,353.27,353.27,11128
2026-07-14 12:21:00,353.31,353.32,353,353.09,8622
2026-07-14 12:22:00,353.08,353.26,353.04,353.06,5542
2026-07-14 12:23:00,353.03,353.16,352.93,353.01,10250
2026-07-14 12:24:00,353.03,353.12,353,353.04,7008
2026-07-14 12:25:00,353.04,353.09,352.94,353.08,9328
2026-07-14 12:26:00,353.105,353.19,353.07,353.17,6381
2026-07-14 12:27:00,353.15,353.5,353.12,353.4,7335
2026-07-14 12:28:00,353.39,353.3999,353.23,353.38,5906
2026-07-14 12:29:00,353.3532,353.45,353.27,353.3,16837
2026-07-14 12:30:00,353.285,353.39,352.97,353,12058
2026-07-14 12:31:00,353.03,353.08,352.71,352.78,12881
2026-07-14 12:32:00,352.78,352.87,352.4,352.4,13174
2026-07-14 12:33:00,352.38,352.54,352.27,352.465,13461
2026-07-14 12:34:00,352.46,352.65,352.42,352.605,34158
2026-07-14 12:35:00,352.59,352.86,352.5601,352.785,7488
2026-07-14 12:36:00,352.8,353.09,352.78,353.09,17387
2026-07-14 12:37:00,353.09,353.13,352.92,352.96,32064
2026-07-14 12:38:00,352.92,353.16,352.82,353.16,14115
2026-07-14 12:39:00,353.17,353.5995,353.16,353.5995,10265
2026-07-14 12:40:00,353.575,353.7899,353.575,353.7899,28396
2026-07-14 12:41:00,353.745,353.8367,353.71,353.74,18358
2026-07-14 12:42:00,353.72,353.7988,353.56,353.7988,6252
2026-07-14 12:43:00,353.76,353.86,353.75,353.75,6427
2026-07-14 12:44:00,353.74,353.79,353.7,353.75,4089
2026-07-14 12:45:00,353.77,354.08,353.72,353.755,8760
2026-07-14 12:46:00,353.72,353.75,353.47,353.58,12825
2026-07-14 12:47:00,353.575,353.79,353.575,353.77,6368
2026-07-14 12:48:00,353.77,353.77,353.56,353.56,5893
2026-07-14 12:49:00,353.555,353.74,353.48,353.73,17477
2026-07-14 12:50:00,353.71,353.76,353.68,353.72,5799
2026-07-14 12:51:00,353.73,353.789,353.66,353.66,15855
2026-07-14 12:52:00,353.67,353.775,353.57,353.775,7339
2026-07-14 12:53:00,353.775,353.93,353.775,353.81,5622
2026-07-14 12:54:00,353.75,353.775,353.58,353.77,6703
2026-07-14 12:55:00,353.82,353.975,353.82,353.945,5566
2026-07-14 12:56:00,353.945,354.085,353.89,354.07,7047
2026-07-14 12:57:00,354.085,354.1799,353.895,354.015,7667
2026-07-14 12:58:00,354.05,354.06,353.96,353.99,4028
2026-07-14 12:59:00,354.02,354.02,353.95,353.95,7538
2026-07-14 13:00:00,353.96,354.06,353.87,354.04,8570
2026-07-14 13:01:00,354.09,354.17,354,354.15,7145
2026-07-14 13:02:00,354.13,354.405,354.13,354.37,11208
2026-07-14 13:03:00,354.4,354.5,354.215,354.215,15617
2026-07-14 13:04:00,354.215,354.465,354.215,354.4625,7124
2026-07-14 13:05:00,354.43,354.49,354.3,354.31,8442
2026-07-14 13:06:00,354.29,354.36,354.18,354.34,10434
2026-07-14 13:07:00,354.34,354.43,354.22,354.29,12832
2026-07-14 13:08:00,354.3399,354.405,354.22,354.34,13874
2026-07-14 13:09:00,354.35,354.58,354.35,354.56,7557
2026-07-14 13:10:00,354.55,354.55,354.38,354.51,10412
2026-07-14 13:11:00,354.55,354.55,354.37,354.49,5647
2026-07-14 13:12:00,354.465,354.56,354.33,354.53,17674
2026-07-14 13:13:00,354.56,354.86,354.47,354.83,26141
2026-07-14 13:14:00,354.8,354.825,354.69,354.705,9513
2026-07-14 13:15:00,354.71,354.86,354.4,354.6,20246
2026-07-14 13:16:00,354.62,354.99,354.62,354.85,12067
2026-07-14 13:17:00,354.87,354.93,354.8001,354.82,6623
2026-07-14 13:18:00,354.85,354.96,354.83,354.9216,10866
2026-07-14 13:19:00,354.98,355.15,354.97,355.01,11375
2026-07-14 13:20:00,355.015,355.17,354.9766,355.165,6731
2026-07-14 13:21:00,355.14,355.22,355.01,355.12,9874
2026-07-14 13:22:00,355.12,355.28,355.07,355.238,5878
2026-07-14 13:23:00,355.28,355.55,355.28,355.55,11197
2026-07-14 13:24:00,355.54,356,355.54,355.99,7822
2026-07-14 13:25:00,356,356.1,355.8,355.835,20860
2026-07-14 13:26:00,355.78,356,355.78,355.95,6512
2026-07-14 13:27:00,355.99,356.04,355.9271,355.99,10016
2026-07-14 13:28:00,355.97,356.1899,355.92,356.15,16598
2026-07-14 13:29:00,356.145,356.2,356.04,356.12,12710
2026-07-14 13:30:00,356.135,356.72,356.1092,356.4,36726
2026-07-14 13:31:00,356.42,356.6,356.37,356.45,11620
2026-07-14 13:32:00,356.4201,356.57,356.3501,356.5,12548
2026-07-14 13:33:00,356.54,356.54,356.27,356.43,16862
2026-07-14 13:34:00,356.41,356.71,356.38,356.48,17495
2026-07-14 13:35:00,356.44,356.56,356.14,356.145,11869
2026-07-14 13:36:00,356.145,356.175,355.87,356,37618
2026-07-14 13:37:00,356.01,356.18,355.94,356.14,9530
2026-07-14 13:38:00,356.135,356.23,356.1,356.13,10375
2026-07-14 13:39:00,356.115,356.27,355.96,356,22218
2026-07-14 13:40:00,355.96,356.09,355.8965,355.93,6862
2026-07-14 13:41:00,355.91,355.93,355.84,355.9,7444
2026-07-14 13:42:00,355.9,355.9,355.6705,355.835,6084
2026-07-14 13:43:00,355.81,355.94,355.71,355.91,5285
2026-07-14 13:44:00,355.91,355.92,355.78,355.92,10561
2026-07-14 13:45:00,355.905,356.065,355.8,355.97,30943
2026-07-14 13:46:00,355.95,355.965,355.61,355.7322,19821
2026-07-14 13:47:00,355.71,355.88,355.6978,355.79,25303
2026-07-14 13:48:00,355.845,356.1,355.845,356,17069
2026-07-14 13:49:00,356.035,356.0612,355.7805,355.81,15319
2026-07-14 13:50:00,355.815,355.86,355.52,355.61,19307
2026-07-14 13:51:00,355.595,355.66,355.42,355.42,18746
2026-07-14 13:52:00,355.415,355.42,355.29,355.29,5811
2026-07-14 13:53:00,355.35,355.63,355.32,355.43,9565
2026-07-14 13:54:00,355.425,355.54,355.38,355.475,18063
2026-07-14 13:55:00,355.45,355.5,355.29,355.295,16676
2026-07-14 13:56:00,355.2601,355.55,355.26,355.54,26961
2026-07-14 13:57:00,355.56,355.58,355.35,355.48,23725
2026-07-14 13:58:00,355.48,355.67,355.4101,355.565,13832
2026-07-14 13:59:00,355.55,355.65,355.37,355.41,7515
2026-07-14 14:00:00,355.38,355.48,355.11,355.115,7711
2026-07-14 14:01:00,355.09,355.12,354.84,354.9504,8473
2026-07-14 14:02:00,354.94,355.11,354.76,355.055,7410
2026-07-14 14:03:00,355.04,355.29,354.98,355.28,17679
2026-07-14 14:04:00,355.27,355.32,355.14,355.25,9708
2026-07-14 14:05:00,355.2,355.3113,354.92,355.03,4854
2026-07-14 14:06:00,355.02,355.17,354.96,354.99,6302
2026-07-14 14:07:00,355.045,355.11,354.99,355.09,13932
2026-07-14 14:08:00,355.09,355.2,355.08,355.17,11668
2026-07-14 14:09:00,355.15,355.185,355.02,355.12,6994
2026-07-14 14:10:00,355.12,355.315,355.12,355.25,8865
2026-07-14 14:11:00,355.25,355.25,355,355,5977
2026-07-14 14:12:00,355.0499,355.0499,354.77,354.88,12885
2026-07-14 14:13:00,354.85,354.91,354.733,354.8,12042
2026-07-14 14:14:00,354.74,354.89,354.7101,354.89,7747
2026-07-14 14:15:00,354.91,355.09,354.86,355.09,6491
2026-07-14 14:16:00,355.085,355.23,355.085,355.17,7465
2026-07-14 14:17:00,355.15,355.16,355,355.055,7103
2026-07-14 14:18:00,355.03,355.03,354.86,354.955,5608
2026-07-14 14:19:00,354.955,355.12,354.91,355.04,12441
2026-07-14 14:20:00,355.04,355.23,355.01,355.23,5238
2026-07-14 14:21:00,355.21,355.245,355.12,355.19,6091
2026-07-14 14:22:00,355.18,355.19,355.005,355.08,5568
2026-07-14 14:23:00,355.06,355.17,354.97,355.09,10077
2026-07-14 14:24:00,355.01,355.41,354.99,355.37,6868
2026-07-14 14:25:00,355.39,355.4499,355.29,355.33,12952
2026-07-14 14:26:00,355.2907,355.65,355.2907,355.65,11974
2026-07-14 14:27:00,355.65,355.69,355.58,355.67,6269
2026-07-14 14:28:00,355.66,355.7445,355.6413,355.72,9565
2026-07-14 14:29:00,355.71,355.71,355.17,355.18,16727
2026-07-14 14:30:00,355.17,355.19,354.935,354.935,26486
2026-07-14 14:31:00,354.925,355,354.83,354.945,7917
2026-07-14 14:32:00,354.945,355.05,354.825,354.95,17301
2026-07-14 14:33:00,354.945,354.945,354.81,354.895,9642
2026-07-14 14:34:00,354.89,355.005,354.86,354.89,8701
2026-07-14 14:35:00,354.9,354.98,354.7,354.77,15364
2026-07-14 14:36:00,354.755,354.895,354.685,354.82,30946
2026-07-14 14:37:00,354.795,355.29,354.59,355.29,35053
2026-07-14 14:38:00,355.305,355.43,355.3,355.42,8474
2026-07-14 14:39:00,355.39,355.5,355.34,355.436,11965
2026-07-14 14:40:00,355.39,355.42,355.3,355.39,9228
2026-07-14 14:41:00,355.39,355.4,354.8,355.235,24330
2026-07-14 14:42:00,355.27,355.36,355.16,355.23,6399
2026-07-14 14:43:00,355.31,355.32,355.14,355.245,4415
2026-07-14 14:44:00,355.225,355.27,355.115,355.13,6903
2026-07-14 14:45:00,355.16,355.24,355.1174,355.18,8530
2026-07-14 14:46:00,355.17,355.24,355.1401,355.23,6703
2026-07-14 14:47:00,355.23,355.39,355.19,355.37,10902
2026-07-14 14:48:00,355.39,355.49,355.3581,355.47,13868
2026-07-14 14:49:00,355.47,355.56,355.34,355.43,9670
2026-07-14 14:50:00,355.35,355.68,355.35,355.6,13520
2026-07-14 14:51:00,355.585,355.73,355.57,355.7,9635
2026-07-14 14:52:00,355.66,355.81,355.64,355.805,7958
2026-07-14 14:53:00,355.83,355.9,355.7925,355.805,9416
2026-07-14 14:54:00,355.81,355.93,355.74,355.91,8894
2026-07-14 14:55:00,355.91,355.94,355.6629,355.8045,17551
2026-07-14 14:56:00,355.8421,355.89,355.76,355.89,9531
2026-07-14 14:57:00,355.84,356.09,355.84,355.92,15012
2026-07-14 14:58:00,355.89,355.92,355.7407,355.83,9893
2026-07-14 14:59:00,355.82,355.97,355.76,355.955,12939
2026-07-14 15:00:00,355.94,356.18,355.93,356.12,13431
2026-07-14 15:01:00,356.11,356.55,356.07,356.44,17547
2026-07-14 15:02:00,356.4601,356.67,356.391,356.63,14211
2026-07-14 15:03:00,356.63,356.8,356.61,356.68,17211
2026-07-14 15:04:00,356.6702,356.98,356.65,356.79,15296
2026-07-14 15:05:00,356.73,356.91,356.7,356.835,15466
2026-07-14 15:06:00,356.8,357.04,356.79,356.97,12976
2026-07-14 15:07:00,356.9501,357.04,356.7036,356.7601,9751
2026-07-14 15:08:00,356.82,357.015,356.8,356.94,12707
2026-07-14 15:09:00,356.94,357.16,356.92,356.97,11193
2026-07-14 15:10:00,356.97,357.12,356.9301,357.05,8830
2026-07-14 15:11:00,357.02,357.02,356.66,356.72,17158
2026-07-14 15:12:00,356.71,356.78,356.67,356.7275,14698
2026-07-14 15:13:00,356.75,357,356.6821,356.89,12791
2026-07-14 15:14:00,356.89,357.08,356.81,356.92,11310
2026-07-14 15:15:00,356.89,356.95,356.62,356.76,12420
2026-07-14 15:16:00,356.72,356.88,356.69,356.855,8819
2026-07-14 15:17:00,356.82,356.98,356.77,356.9,7480
2026-07-14 15:18:00,356.91,356.98,356.5,356.86,19410
2026-07-14 15:19:00,356.81,356.84,356.685,356.71,11501
2026-07-14 15:20:00,356.745,356.93,356.745,356.75,12873
2026-07-14 15:21:00,356.7799,356.83,356.625,356.66,17045
2026-07-14 15:22:00,356.64,356.92,356.64,356.89,11772
2026-07-14 15:23:00,356.875,357.11,356.85,357.03,21805
2026-07-14 15:24:00,357.03,357.12,357.03,357.12,7571
2026-07-14 15:25:00,357.09,357.15,357.0201,357.0201,16017
2026-07-14 15:26:00,357.0476,357.09,356.9,357.07,13109
2026-07-14 15:27:00,357.08,357.2,357.03,357.14,14225
2026-07-14 15:28:00,357.17,357.3,357.13,357.245,11360
2026-07-14 15:29:00,357.26,357.38,357.14,357.305,17290
2026-07-14 15:30:00,357.28,357.3,356.8094,357,33327
2026-07-14 15:31:00,356.9451,357.16,356.805,357.04,20544
2026-07-14 15:32:00,356.99,357.4299,356.94,357.34,18591
2026-07-14 15:33:00,357.315,357.33,357.14,357.14,14764
2026-07-14 15:34:00,357.125,357.23,357.07,357.21,10968
2026-07-14 15:35:00,357.18,357.21,357.0601,357.135,13934
2026-07-14 15:36:00,357.14,357.525,357.105,357.46,31917
2026-07-14 15:37:00,357.46,357.56,357.33,357.34,24875
2026-07-14 15:38:00,357.32,357.425,357.31,357.315,17490
2026-07-14 15:39:00,357.31,357.53,357.23,357.33,19042
2026-07-14 15:40:00,357.34,357.57,357.34,357.57,18320
2026-07-14 15:41:00,357.57,357.59,357.45,357.46,26296
2026-07-14 15:42:00,357.49,357.51,357.25,357.3435,40291
2026-07-14 15:43:00,357.38,357.44,357.16,357.26,32818
2026-07-14 15:44:00,357.28,357.32,357.08,357.31,34026
2026-07-14 15:45:00,357.33,357.6,357.27,357.45,38252
2026-07-14 15:46:00,357.45,357.62,357.4074,357.53,22750
2026-07-14 15:47:00,357.5145,357.62,357.33,357.4,22651
2026-07-14 15:48:00,357.4,357.56,357.33,357.455,25059
2026-07-14 15:49:00,357.46,357.6,357.4101,357.528,17012
2026-07-14 15:50:00,357.55,357.88,357.34,357.67,46715
2026-07-14 15:51:00,357.63,357.715,357.39,357.58,38576
2026-07-14 15:52:00,357.555,357.58,357.17,357.35,35367
2026-07-14 15:53:00,357.38,357.43,356.9811,357.255,38830
2026-07-14 15:54:00,357.24,357.24,356.96,357.035,57953
2026-07-14 15:55:00,357.035,357.39,357.01,357.34,52122
2026-07-14 15:56:00,357.33,357.49,357.27,357.475,56833
2026-07-14 15:57:00,357.49,357.68,357.44,357.62,59502
2026-07-14 15:58:00,357.645,357.68,357.44,357.45,80671
2026-07-14 15:59:00,357.45,357.52,357.17,357.345,161715
2026-07-14 16:00:00,357.33,357.79,357.33,357.53,2162850
2026-07-14 16:01:00,357.48,357.78,357.43,357.58,1582
2026-07-14 16:02:00,357.33,357.33,357.11,357.11,646
2026-07-14 16:03:00,356.91,356.91,356.91,356.91,50
2026-07-14 16:04:00,357.01,357.01,357.01,357.01,100
2026-07-14 16:05:00,356.91,357.25,356.91,357.25,812
2026-07-14 16:06:00,357.0058,357.0581,357,357.0581,320
2026-07-14 16:07:00,357,357.15,357,357.15,400
2026-07-14 16:09:00,356.98,357.1,356.98,357.1,338
2026-07-14 16:10:00,356.84,356.84,356.76,356.76,252
2026-07-14 16:11:00,356.9,356.9,356.9,356.9,100
2026-07-14 16:12:00,356.61,356.71,356.3566,356.71,1005
2026-07-14 16:13:00,356.7,356.72,356.68,356.68,216
2026-07-14 16:14:00,356.5,356.65,356.5,356.59,1108
2026-07-14 16:15:00,356.6,356.6,356.6,356.6,100
2026-07-14 16:17:00,356.73,356.73,356.56,356.56,153
2026-07-14 16:18:00,356.56,356.76,356.56,356.76,325
2026-07-14 16:19:00,356.76,356.76,356.67,356.67,311
2026-07-14 16:20:00,356.6645,356.71,356.6645,356.71,173
2026-07-14 16:21:00,356.52,356.52,356.52,356.52,40
2026-07-14 16:22:00,356.55,356.55,356.4275,356.5,294
2026-07-14 16:24:00,356.5,356.52,356.5,356.52,225
2026-07-14 16:27:00,356.65,356.65,356.65,356.65,120
2026-07-14 16:30:00,356.62,356.67,356.53,356.53,570
2026-07-14 16:31:00,356.53,356.53,356.53,356.53,200
2026-07-14 16:32:00,356.5,356.5,356.5,356.5,100
2026-07-14 16:33:00,356.6002,356.6002,356.6002,356.6002,150
2026-07-14 16:34:00,356.5058,356.66,356.5058,356.66,170
2026-07-14 16:35:00,356.66,356.66,356.66,356.66,50
2026-07-14 16:36:00,356.88,356.88,356.88,356.88,100
2026-07-14 16:37:00,356.92,356.92,356.91,356.91,663
2026-07-14 16:39:00,356.78,357,356.76,357,772
2026-07-14 16:40:00,356.78,356.78,356.68,356.68,260
2026-07-14 16:41:00,356.9,356.9,356.9,356.9,50
2026-07-14 16:42:00,356.82,356.9,356.82,356.87,686
2026-07-14 16:45:00,356.94,356.94,356.94,356.94,80
2026-07-14 16:46:00,356.95,356.96,356.95,356.96,140
2026-07-14 16:49:00,356.98,356.98,356.72,356.72,193
2026-07-14 16:59:00,356.8,356.8,356.8,356.8,124
2026-07-14 17:01:00,356.85,356.85,356.78,356.78,139
2026-07-14 17:06:00,356.7306,356.7306,356.7306,356.7306,2500
2026-07-14 17:07:00,356.95,356.95,356.95,356.95,397
2026-07-14 17:11:00,357,357,357,357,150
2026-07-14 17:13:00,357,357,357,357,100
2026-07-14 17:15:00,356.9204,356.9204,356.9204,356.9204,50
2026-07-14 17:16:00,357.19,357.19,357.19,357.19,40
2026-07-14 17:17:00,356.7,356.7,356.7,356.7,43
2026-07-14 17:21:00,357.07,357.07,357.07,357.07,40
2026-07-14 17:31:00,357.2,357.2,357.01,357.11,1109
2026-07-14 17:32:00,357.2,357.2,357.2,357.2,250
2026-07-14 17:34:00,357.19,357.19,357.19,357.19,40
2026-07-14 17:36:00,357.03,357.03,357.03,357.03,98
2026-07-14 17:39:00,356.9139,357.01,356.9139,357,285
2026-07-14 17:40:00,357,357,357,357,40
2026-07-14 17:42:00,356.99,356.99,356.99,356.99,208
2026-07-14 17:45:00,357,357,356.9065,356.9065,263
2026-07-14 17:47:00,356.8,357,356.8,357,130
2026-07-14 17:55:00,357.05,357.05,357.05,357.05,160
2026-07-14 17:56:00,357.05,357.05,357.05,357.05,245
2026-07-14 18:00:00,357.06,357.06,357.05,357.05,112
2026-07-14 18:01:00,356.8,356.8,356.8,356.8,40
2026-07-14 18:03:00,357.07,357.07,357.07,357.07,162
2026-07-14 18:06:00,357,357,357,357,40
2026-07-14 18:07:00,357,357,356.9999,356.9999,134
2026-07-14 18:08:00,357,357,357,357,330
2026-07-14 18:10:00,356.81,356.81,356.7286,356.7286,286
2026-07-14 18:11:00,356.75,356.75,356.42,356.42,906
2026-07-14 18:14:00,356.71,356.71,356.71,356.71,50
2026-07-14 18:16:00,356.42,356.42,356.42,356.42,100
2026-07-14 18:17:00,356.41,356.41,356.4,356.4,400
2026-07-14 18:18:00,356.36,356.3672,356.36,356.3672,100
2026-07-14 18:19:00,356.6,356.6,356.6,356.6,150
2026-07-14 18:20:00,356.66,356.66,356.6425,356.6425,96
2026-07-14 18:21:00,356.36,356.36,356.36,356.36,600
2026-07-14 18:22:00,356.37,356.37,356.37,356.37,67
2026-07-14 18:27:00,356.42,356.42,356.42,356.42,50
2026-07-14 18:29:00,356.43,356.43,356.43,356.43,45
2026-07-14 18:34:00,356.69,356.69,356.57,356.57,354
2026-07-14 18:41:00,356.66,356.7,356.66,356.7,248
2026-07-14 18:42:00,356.66,356.66,356.57,356.57,120
2026-07-14 18:43:00,356.55,356.7176,356.55,356.7176,255
2026-07-14 18:44:00,356.5348,356.5348,356.5348,356.5348,500
2026-07-14 18:45:00,356.5348,356.71,356.5348,356.71,640
2026-07-14 18:46:00,356.53,356.53,356.53,356.53,100
2026-07-14 18:48:00,356.6,356.6,356.6,356.6,40
2026-07-14 18:50:00,356.64,356.64,356.64,356.64,80
2026-07-14 18:51:00,356.55,356.55,356.53,356.53,93
2026-07-14 18:52:00,356.45,356.45,356.42,356.42,403
2026-07-14 18:55:00,356.37,356.37,356.36,356.36,294
2026-07-14 18:56:00,356.35,356.35,356.35,356.35,145
2026-07-14 19:02:00,356.36,356.37,356.13,356.13,1537
2026-07-14 19:03:00,356.2,356.21,356.2,356.21,80
2026-07-14 19:04:00,356.29,356.29,356.29,356.29,40
2026-07-14 19:06:00,356.37,356.37,356.37,356.37,84
2026-07-14 19:08:00,356.17,356.17,356.17,356.17,100
2026-07-14 19:09:00,356.26,356.26,356.26,356.26,40
2026-07-14 19:11:00,356.57,356.57,356.44,356.44,200
2026-07-14 19:22:00,356.26,356.26,356.26,356.26,50
2026-07-14 19:24:00,356.11,356.11,356.11,356.11,99
2026-07-14 19:25:00,356.54,357.28,356.54,357.28,2138
2026-07-14 19:26:00,357,357,356.32,356.32,300
2026-07-14 19:28:00,357.14,357.14,357.14,357.14,154
2026-07-14 19:29:00,357.27,357.31,357.27,357.31,194
2026-07-14 19:30:00,357.29,357.29,357.29,357.29,98
2026-07-14 19:31:00,357.33,357.33,357.29,357.3,346
2026-07-14 19:32:00,357.29,357.3,357.1,357.1,212
2026-07-14 19:33:00,357.0501,357.0501,356.11,356.11,280
2026-07-14 19:34:00,356.19,356.19,356.19,356.19,47
2026-07-14 19:35:00,356.92,356.95,356.92,356.95,200
2026-07-14 19:36:00,356.4863,356.4863,356.4863,356.4863,200
2026-07-14 19:37:00,356.93,357,356.93,357,145
2026-07-14 19:40:00,356.92,356.93,356.92,356.93,182
2026-07-14 19:42:00,356.86,356.86,356.86,356.86,61
2026-07-14 19:45:00,356.72,356.72,356.71,356.71,136
2026-07-14 19:46:00,356.71,356.71,356.5,356.5,1963
2026-07-14 19:47:00,356.8741,356.8741,356.8741,356.8741,100
2026-07-14 19:48:00,356.94,356.94,356.94,356.94,40
2026-07-14 19:49:00,356.513,356.513,356.5,356.5,358
2026-07-14 19:54:00,356.88,357.29,356.88,357.29,300
2026-07-14 19:57:00,357.1,357.2,357.1,357.2,640
2026-07-14 19:58:00,356.81,356.81,356.8,356.8,140
2026-07-14 19:59:00,357.3,357.3,357.3,357.3,57
2026-07-15 04:00:00,356.65,358.2262,356.65,357.85,14038
2026-07-15 04:01:00,357.73,358.03,356.41,356.41,6424
2026-07-15 04:02:00,357.06,357.86,357.06,357.62,2227
2026-07-15 04:03:00,357.12,357.12,357.11,357.11,108
2026-07-15 04:04:00,357.17,357.17,357.17,357.17,74
2026-07-15 04:05:00,357.13,357.93,357.13,357.93,80
2026-07-15 04:06:00,357.2,357.2,357.07,357.07,140
2026-07-15 04:07:00,357.02,357.02,357.01,357.01,129
2026-07-15 04:08:00,356.94,356.95,356.87,356.95,250
2026-07-15 04:10:00,356.87,356.87,356.8,356.8,240
2026-07-15 04:11:00,356.57,356.57,356.56,356.56,204
2026-07-15 04:12:00,356.61,356.61,356.54,356.61,367
2026-07-15 04:13:00,356.53,356.7,356.47,356.47,658
2026-07-15 04:15:00,356.33,356.33,356.33,356.33,50
2026-07-15 04:17:00,356.63,356.66,356.34,356.63,300
2026-07-15 04:19:00,356.53,356.62,356.38,356.57,372
2026-07-15 04:20:00,356.52,356.52,356.3,356.3,127
2026-07-15 04:21:00,356.29,356.29,356.12,356.12,440
2026-07-15 04:22:00,356.19,356.19,356.19,356.19,69
2026-07-15 04:23:00,356.1,356.1,355.73,355.73,1268
2026-07-15 04:24:00,355.94,355.94,355.94,355.94,46
2026-07-15 04:25:00,355.94,356.31,355.94,356.31,156
2026-07-15 04:27:00,356.13,356.13,356.13,356.13,73
2026-07-15 04:30:00,356.34,356.34,356.27,356.27,180
2026-07-15 04:31:00,356.05,356.05,356.05,356.05,50
2026-07-15 04:32:00,356.02,356.02,356.02,356.02,73
2026-07-15 04:33:00,356.15,356.35,356.15,356.35,358
2026-07-15 04:34:00,356.13,356.13,356.13,356.13,100
2026-07-15 04:35:00,356.22,356.35,356.22,356.35,502
2026-07-15 04:36:00,356.34,356.45,356.3,356.45,514
2026-07-15 04:37:00,356.31,356.31,356.31,356.31,68
2026-07-15 04:38:00,356.27,356.27,356.27,356.27,148
2026-07-15 04:39:00,356.33,356.33,356.33,356.33,80
2026-07-15 04:41:00,356.28,356.29,356.26,356.26,867
2026-07-15 04:42:00,356.31,356.31,356.21,356.21,224
2026-07-15 04:43:00,356.12,356.12,356.08,356.08,180
2026-07-15 04:45:00,356.18,356.18,356.18,356.18,84
2026-07-15 04:46:00,356.28,356.28,356.28,356.28,56
2026-07-15 04:49:00,356.28,356.28,356.28,356.28,100
2026-07-15 04:52:00,356.18,356.2842,356.18,356.2842,520
2026-07-15 04:56:00,356.02,356.02,356.02,356.02,80
2026-07-15 04:57:00,356.05,356.05,356.05,356.05,80
2026-07-15 05:02:00,356.3295,356.3295,356.3295,356.3295,1000
2026-07-15 05:05:00,356.23,356.28,356.1,356.1,1091
2026-07-15 05:08:00,356,356.02,356,356.02,200
2026-07-15 05:09:00,355.98,355.98,355.93,355.93,661
2026-07-15 05:14:00,356.07,356.07,356.07,356.07,155
2026-07-15 05:15:00,356.07,356.1,356.07,356.1,152
2026-07-15 05:21:00,356.28,356.28,356.28,356.28,80
2026-07-15 05:23:00,356.3,356.3,356.24,356.26,324
2026-07-15 05:24:00,356.28,356.28,356.28,356.28,55
2026-07-15 05:25:00,356.3,356.32,356.3,356.32,200
2026-07-15 05:26:00,356.29,356.29,356.27,356.27,311
2026-07-15 05:28:00,356.06,356.06,356.06,356.06,50
2026-07-15 05:30:00,356,356,356,356,77
2026-07-15 05:31:00,356,356,356,356,44
2026-07-15 05:32:00,356,356,356,356,250
2026-07-15 05:34:00,355.98,355.98,355.92,355.92,140
2026-07-15 05:37:00,355.91,355.91,355.91,355.91,60
2026-07-15 05:38:00,355.92,355.92,355.92,355.92,108
2026-07-15 05:39:00,355.92,355.92,355.92,355.92,74
2026-07-15 05:40:00,355.92,355.92,355.92,355.92,148
2026-07-15 05:41:00,355.92,355.92,355.92,355.92,64
2026-07-15 05:42:00,355.92,355.92,355.92,355.92,150
2026-07-15 05:43:00,355.92,355.92,355.92,355.92,74
2026-07-15 05:44:00,355.92,355.92,355.91,355.91,228
2026-07-15 05:45:00,355.9,355.9,355.9,355.9,79
2026-07-15 05:46:00,355.9,355.9,355.89,355.89,272
2026-07-15 05:47:00,355.82,355.83,355.72,355.72,588
2026-07-15 05:49:00,355.61,355.75,355.61,355.75,226
2026-07-15 05:51:00,355.66,355.66,355.66,355.66,80
2026-07-15 05:52:00,355.68,355.88,355.68,355.88,180
2026-07-15 05:53:00,355.67,355.67,355.65,355.65,120
2026-07-15 05:54:00,355.84,355.84,355.66,355.66,580
2026-07-15 05:55:00,355.6,355.6,355.22,355.26,1521
2026-07-15 05:58:00,355.5,355.5,355.5,355.5,50
2026-07-15 06:00:00,355.56,355.56,355.56,355.56,55
2026-07-15 06:02:00,355.89,355.89,355.74,355.74,94
2026-07-15 06:03:00,355.74,355.74,355.74,355.74,74
2026-07-15 06:04:00,355.74,355.74,355.74,355.74,74
2026-07-15 06:07:00,355.62,355.9,355.62,355.88,305
2026-07-15 06:09:00,355.87,355.87,355.87,355.87,50
2026-07-15 06:13:00,355.68,355.68,355.68,355.68,173
2026-07-15 06:16:00,355.7448,355.7448,355.7448,355.7448,200
2026-07-15 06:17:00,355.74,355.74,355.74,355.74,80
2026-07-15 06:22:00,355.78,355.78,355.78,355.78,42
2026-07-15 06:25:00,355.39,355.39,355.39,355.39,100
2026-07-15 06:26:00,355.5,355.51,355.5,355.51,127
2026-07-15 06:27:00,355.5,355.55,355.47,355.52,334
2026-07-15 06:28:00,355.34,355.34,355.34,355.34,80
2026-07-15 06:29:00,355.54,355.67,355.54,355.67,217
2026-07-15 06:30:00,355.69,355.69,355.67,355.67,127
2026-07-15 06:32:00,355.48,355.48,355.48,355.48,50
2026-07-15 06:34:00,355.6381,355.6381,355.6381,355.6381,50
2026-07-15 06:36:00,355.57,355.57,355.56,355.56,100
2026-07-15 06:37:00,355.69,355.69,355.69,355.69,195
2026-07-15 06:38:00,355.58,355.58,355.58,355.58,41
2026-07-15 06:42:00,355.5584,355.5584,355.5584,355.5584,40
2026-07-15 06:43:00,355.43,355.43,355.42,355.42,180
2026-07-15 06:44:00,355.45,355.45,355.45,355.45,100
2026-07-15 06:45:00,355.45,355.49,355.45,355.49,194
2026-07-15 06:47:00,355.55,355.55,355.55,355.55,1000
2026-07-15 06:48:00,355.6145,355.6145,355.6145,355.6145,100
2026-07-15 06:49:00,355.6,355.93,355.6,355.6988,1145
2026-07-15 06:50:00,355.59,355.59,355.53,355.53,250
2026-07-15 06:54:00,355.6003,355.6003,355.6003,355.6003,50
2026-07-15 06:55:00,355.49,355.49,355.49,355.49,90
2026-07-15 06:56:00,355.49,355.49,355.47,355.48,250
2026-07-15 06:57:00,355.46,355.46,355.46,355.46,50
2026-07-15 06:59:00,355.5,355.5,355.5,355.5,1185
2026-07-15 07:00:00,355.5,355.5,355.48,355.48,250
2026-07-15 07:01:00,355.71,355.71,355.7077,355.71,5691
2026-07-15 07:02:00,355.51,355.59,355.44,355.58,530
2026-07-15 07:03:00,355.58,355.58,355.58,355.58,80
2026-07-15 07:04:00,355.6635,355.6635,355.6635,355.6635,50
2026-07-15 07:05:00,355.46,355.5736,355.46,355.5736,149
2026-07-15 07:06:00,355.42,355.42,355.42,355.42,157
2026-07-15 07:07:00,355.35,355.4,355.35,355.4,1587
2026-07-15 07:08:00,355.27,355.27,355.27,355.27,100
2026-07-15 07:09:00,355.31,355.31,355.3,355.3,461
2026-07-15 07:10:00,355.15,355.15,355.15,355.15,50
2026-07-15 07:11:00,355.15,355.2,354.97,354.97,1228
2026-07-15 07:12:00,354.9,355.1055,354.9,355.09,4564
2026-07-15 07:13:00,355.11,355.11,355.04,355.07,660
2026-07-15 07:14:00,355.2,355.31,355.05,355.31,1240
2026-07-15 07:15:00,355.31,355.32,355,355.25,5708
2026-07-15 07:16:00,355.31,355.4299,355.2,355.2,4060
2026-07-15 07:17:00,355.32,355.483,355.2,355.483,3400
2026-07-15 07:18:00,355.25,355.5199,355.25,355.48,737
2026-07-15 07:19:00,355.22,355.44,355.22,355.44,284
2026-07-15 07:20:00,355.21,355.43,355.21,355.39,649
2026-07-15 07:21:00,355.39,355.48,355.3,355.35,1059
2026-07-15 07:22:00,355.47,355.66,355.455,355.5437,1201
2026-07-15 07:23:00,355.57,355.57,355.43,355.43,495
2026-07-15 07:24:00,355.5664,355.58,355.4,355.58,590
2026-07-15 07:26:00,355.33,355.55,355.29,355.31,419
2026-07-15 07:27:00,355.3,355.43,355.25,355.4,749
2026-07-15 07:28:00,355.4,355.44,355.39,355.44,261
2026-07-15 07:30:00,355.52,355.52,355.37,355.37,780
2026-07-15 07:31:00,355.25,355.25,355.15,355.15,1111
2026-07-15 07:32:00,355.16,355.17,355.16,355.17,227
2026-07-15 07:33:00,355.2232,355.2232,355.2232,355.2232,50
2026-07-15 07:34:00,355.29,355.29,355.29,355.29,110
2026-07-15 07:35:00,355.4124,355.4124,355.3,355.3,860
2026-07-15 07:36:00,355.44,355.44,355.15,355.15,1019
2026-07-15 07:37:00,355.05,355.05,354.99,355.0166,12628
2026-07-15 07:38:00,355,355.16,355,355.16,278
2026-07-15 07:39:00,355.15,355.15,355.15,355.15,451
2026-07-15 07:40:00,355.3,355.3104,355.25,355.25,300
2026-07-15 07:42:00,355.31,355.5,355.3,355.5,1750
2026-07-15 07:43:00,355.31,355.31,355.28,355.28,100
2026-07-15 07:44:00,355.28,355.28,355.11,355.11,397
2026-07-15 07:45:00,355.0728,355.18,355,355,564
2026-07-15 07:46:00,355.29,355.29,355.1,355.1,2543
2026-07-15 07:47:00,355,355.21,355,355,2990
2026-07-15 07:48:00,355,355,355,355,1100
2026-07-15 07:49:00,354.7242,355,354.7242,355,698
2026-07-15 07:50:00,354.86,355.09,354.86,355.09,360
2026-07-15 07:51:00,354.95,355.05,354.82,355.05,478
2026-07-15 07:52:00,354.98,354.98,354.98,354.98,218
2026-07-15 07:53:00,354.9544,354.9544,354.9544,354.9544,200
2026-07-15 07:54:00,354.99,355,354.9101,354.9101,2159
2026-07-15 07:55:00,354.82,354.82,354.82,354.82,100
2026-07-15 07:56:00,355.03,355.07,354.82,354.82,332
2026-07-15 07:57:00,355.07,355.1,355,355,1142
2026-07-15 07:58:00,355.29,355.29,355,355.2501,890
2026-07-15 07:59:00,355.0001,355.06,354.76,354.76,2075
2026-07-15 08:00:00,355.01,355.01,354.84,354.8819,449
2026-07-15 08:01:00,354.8901,355.0865,354.76,354.76,2084
2026-07-15 08:02:00,355.04,355.1,354.8686,354.8686,194
2026-07-15 08:03:00,355.0566,355.0566,354.83,355,735
2026-07-15 08:04:00,355,355,355,355,41
2026-07-15 08:05:00,354.82,354.98,354.79,354.8387,707
2026-07-15 08:06:00,354.8236,354.8236,354.75,354.79,1650
2026-07-15 08:07:00,354.8,354.8162,354.8,354.8162,300
2026-07-15 08:09:00,354.99,355.01,354.99,355.01,149
2026-07-15 08:10:00,355.1,355.1,355.0327,355.0327,110
2026-07-15 08:11:00,354.83,354.94,354.83,354.91,440
2026-07-15 08:12:00,355,355,354.98,355,360
2026-07-15 08:13:00,355.02,355.09,355,355,3360
2026-07-15 08:14:00,355.02,355.02,355.02,355.02,167
2026-07-15 08:15:00,355.05,355.05,354.9,354.97,647
2026-07-15 08:16:00,355,355.02,355,355.02,555
2026-07-15 08:18:00,354.97,355.06,354.97,355.03,425
2026-07-15 08:19:00,354.91,354.91,354.91,354.91,100
2026-07-15 08:20:00,354.99,354.99,354.83,354.83,160
2026-07-15 08:21:00,354.82,354.83,354.82,354.83,200
2026-07-15 08:22:00,354.75,354.8143,354.75,354.8143,161
2026-07-15 08:23:00,354.77,354.77,354.75,354.75,199
2026-07-15 08:24:00,354.7776,354.93,354.76,354.78,760
2026-07-15 08:25:00,354.76,354.76,354.65,354.69,943
2026-07-15 08:26:00,354.97,354.97,354.97,354.97,150
2026-07-15 08:29:00,354.6742,354.6742,354.6742,354.6742,200
2026-07-15 08:30:00,354.69,355.4,354.69,355.4,537
2026-07-15 08:31:00,355.48,355.48,355.3864,355.4,190
2026-07-15 08:32:00,355.39,355.49,355.39,355.49,628
2026-07-15 08:33:00,355.1971,355.1971,355.1939,355.1939,300
2026-07-15 08:34:00,355.15,355.43,355.15,355.43,485
2026-07-15 08:35:00,355.49,355.68,355.4899,355.67,1034
2026-07-15 08:36:00,355.5,355.51,355.35,355.51,635
2026-07-15 08:37:00,355.67,355.85,355.52,355.77,1025
2026-07-15 08:38:00,355.63,355.63,355.51,355.61,250
2026-07-15 08:39:00,355.8136,355.8136,355.75,355.75,150
2026-07-15 08:40:00,355.53,355.69,355.53,355.65,736
2026-07-15 08:41:00,355.67,355.87,355.61,355.87,857
2026-07-15 08:42:00,355.9,356.02,355.8673,356,640
2026-07-15 08:43:00,356,356,355.9533,355.9533,150
2026-07-15 08:44:00,355.69,355.95,355.5871,355.5871,610
2026-07-15 08:46:00,355.5611,355.5611,355.5,355.5,105
2026-07-15 08:47:00,355.72,355.72,355.5,355.5,276
2026-07-15 08:48:00,355.84,355.84,355.5539,355.5539,80
2026-07-15 08:49:00,355.89,355.9,355.58,355.9,249
2026-07-15 08:50:00,355.56,355.56,355.56,355.56,100
2026-07-15 08:52:00,355.98,355.98,355.97,355.97,271
2026-07-15 08:53:00,355.88,356,355.77,356,740
2026-07-15 08:54:00,356.2811,356.2811,356.15,356.15,166
2026-07-15 08:55:00,356.07,356.25,356.01,356.07,785
2026-07-15 08:56:00,356.25,356.25,356.01,356.01,250
2026-07-15 08:57:00,356.05,356.05,356,356,200
2026-07-15 08:58:00,356,356,356,356,75
2026-07-15 08:59:00,355.8,355.8,355.8,355.8,62
2026-07-15 09:01:00,355.8,355.9642,355.68,355.68,824
2026-07-15 09:04:00,355.95,356,355.95,355.95,1034
2026-07-15 09:05:00,356,356,356,356,200
2026-07-15 09:06:00,356.07,356.07,356,356,666
2026-07-15 09:07:00,356.19,356.19,356.1,356.1,500
2026-07-15 09:08:00,356.19,356.19,356.19,356.19,44
2026-07-15 09:09:00,356.15,356.3,356.15,356.3,648
2026-07-15 09:12:00,356.3,356.35,356.3,356.33,450
2026-07-15 09:13:00,356.3,356.3,356.3,356.3,800
2026-07-15 09:14:00,356.11,356.2,356.11,356.2,270
2026-07-15 09:15:00,356.34,356.34,356.25,356.25,932
2026-07-15 09:16:00,356.3001,356.32,356.2,356.2,830
2026-07-15 09:18:00,356.49,356.748,356.49,356.5465,2040
2026-07-15 09:19:00,356.4,356.61,356.38,356.54,422
2026-07-15 09:20:00,356.47,356.48,356.47,356.48,988
2026-07-15 09:21:00,356.2,356.4168,356.2,356.4168,433
2026-07-15 09:22:00,356.48,356.48,356.1,356.1657,520
2026-07-15 09:23:00,356.1,356.1,356.1,356.1,93
2026-07-15 09:24:00,356.4,356.4,356.34,356.34,400
2026-07-15 09:25:00,355.88,356.32,355.81,355.81,262
2026-07-15 09:27:00,355.96,356.72,355.51,355.55,4617
2026-07-15 09:28:00,355.49,355.71,355.18,355.63,7362
2026-07-15 09:29:00,355.53,356.3,355.53,356.1,1489
2026-07-15 09:30:00,355.88,358.98,355.67,358.8851,226363
2026-07-15 09:31:00,358.96,360.5,358.86,359.39,74825
2026-07-15 09:32:00,359.5499,361.68,359.5499,360.82,46764
2026-07-15 09:33:00,360.82,361.5,360.15,360.955,36164
2026-07-15 09:34:00,360.81,360.99,360.45,360.57,34203
2026-07-15 09:35:00,360.46,360.7,359.78,360.4,48127
2026-07-15 09:36:00,360.5,361.14,360.34,361.065,38317
2026-07-15 09:37:00,360.96,361.76,360.91,361.315,40683
2026-07-15 09:38:00,361.34,362.06,360.96,361.895,41450
2026-07-15 09:39:00,361.915,361.915,360.97,361.335,22723
2026-07-15 09:40:00,361.315,361.5315,361.1,361.35,28279
2026-07-15 09:41:00,361.38,362.08,361.18,361.58,23593
2026-07-15 09:42:00,361.64,361.87,360.9,361,22779
2026-07-15 09:43:00,361.13,361.8,360.58,361.71,17196
2026-07-15 09:44:00,361.72,362.2698,361.71,361.8,28350
2026-07-15 09:45:00,361.86,362.23,361.66,362.095,25624
2026-07-15 09:46:00,362.12,362.21,361.6621,361.82,37280
2026-07-15 09:47:00,361.97,362.28,361.905,362.05,41065
2026-07-15 09:48:00,362.035,362.28,361.24,361.24,48641
2026-07-15 09:49:00,361.34,361.58,360.75,361.18,48373
2026-07-15 09:50:00,361.08,361.29,360.52,360.82,20436
2026-07-15 09:51:00,360.71,361.08,360.505,360.995,44832
2026-07-15 09:52:00,361.1,361.42,360.845,361.42,28584
2026-07-15 09:53:00,361.3501,361.5,361.0501,361.18,20963
2026-07-15 09:54:00,361.2,361.68,361.195,361.68,37520
2026-07-15 09:55:00,361.68,362.02,361.58,361.96,26263
2026-07-15 09:56:00,362.02,362.41,361.72,362.17,81101
2026-07-15 09:57:00,362.17,362.18,361.61,361.7706,55724
2026-07-15 09:58:00,361.71,361.88,361.27,361.665,42631
2026-07-15 09:59:00,361.67,361.9,361.56,361.825,25285
2026-07-15 10:00:00,361.895,362.75,361.76,362.4195,31722
2026-07-15 10:01:00,362.4,363.14,362.315,363.1042,44012
2026-07-15 10:02:00,363.02,363.27,362.5,362.92,36559
2026-07-15 10:03:00,362.955,363.4,362.955,363.06,56603
2026-07-15 10:04:00,363.06,363.24,362.7802,363.185,35380
2026-07-15 10:05:00,363.24,363.475,362.72,363.05,47245
2026-07-15 10:06:00,363.05,363.16,362.8,363.05,18120
2026-07-15 10:07:00,362.97,363.24,362.72,362.955,34800
2026-07-15 10:08:00,362.98,363.01,362.64,362.925,26476
2026-07-15 10:09:00,362.935,363.01,362.6,362.73,49500
2026-07-15 10:10:00,362.77,363.33,362.77,362.84,34712
2026-07-15 10:11:00,362.9,363.38,362.56,362.985,36159
2026-07-15 10:12:00,362.985,364.2,362.94,364.165,67575
2026-07-15 10:13:00,364.2399,364.3,363.82,364.02,59171
2026-07-15 10:14:00,364.0399,364.0399,363.35,363.37,35290
2026-07-15 10:15:00,363.37,364.45,363.37,364.21,33761
2026-07-15 10:16:00,364.17,364.7,363.74,364.62,40393
2026-07-15 10:17:00,364.67,364.96,363.93,364.205,44578
2026-07-15 10:18:00,364.205,364.5,363.5301,363.68,36940
2026-07-15 10:19:00,363.79,364.8,363.74,364.77,27843
2026-07-15 10:20:00,364.85,364.87,364.07,364.102,28071
2026-07-15 10:21:00,364.165,364.33,364.01,364.3,24284
2026-07-15 10:22:00,364.26,364.63,364,364.36,22893
2026-07-15 10:23:00,364.27,364.34,363.17,363.26,27401
2026-07-15 10:24:00,363.26,363.26,362.6,362.9,32719
2026-07-15 10:25:00,362.94,363.1,362.47,362.69,29111
2026-07-15 10:26:00,362.75,362.99,362.62,362.99,24311
2026-07-15 10:27:00,363,363.56,362.83,363.46,47899
2026-07-15 10:28:00,363.46,364.5,363.39,364.385,42090
2026-07-15 10:29:00,364.385,364.66,364.1604,364.21,46738
2026-07-15 10:30:00,364.235,364.825,364.13,364.46,33774
2026-07-15 10:31:00,364.5,365.16,364.3,365.16,45199
2026-07-15 10:32:00,365.08,365.26,364.94,365.09,57899
2026-07-15 10:33:00,365.06,365.4,364.792,365.35,29104
2026-07-15 10:34:00,365.41,365.55,365.0902,365.46,61143
2026-07-15 10:35:00,365.5,366.24,365.46,366.1322,52158
2026-07-15 10:36:00,366.12,366.92,366.02,366.52,85548
2026-07-15 10:37:00,366.525,366.95,366.41,366.53,35798
2026-07-15 10:38:00,366.53,366.91,366.43,366.49,44020
2026-07-15 10:39:00,366.43,367.13,366.3,367.06,59792
2026-07-15 10:40:00,367.05,367.24,366.79,367.05,60119
2026-07-15 10:41:00,367.08,367.08,366.38,366.485,41216
2026-07-15 10:42:00,366.45,366.47,365.66,365.72,37987
2026-07-15 10:43:00,365.75,365.83,365.36,365.67,37564
2026-07-15 10:44:00,365.64,365.9,365.22,365.23,47608
2026-07-15 10:45:00,365.22,365.43,365,365.33,21491
2026-07-15 10:46:00,365.31,366.07,365.25,366.07,53298
2026-07-15 10:47:00,366.035,366.18,365.42,365.57,53526
2026-07-15 10:48:00,365.595,365.96,365.52,365.84,38151
2026-07-15 10:49:00,365.825,366.015,365.51,365.6926,44134
2026-07-15 10:50:00,365.745,365.87,365.25,365.355,47804
2026-07-15 10:51:00,365.35,365.67,365.28,365.28,38788
2026-07-15 10:52:00,365.37,365.44,365.13,365.32,32373
2026-07-15 10:53:00,365.315,365.6125,365.27,365.595,27274
2026-07-15 10:54:00,365.52,365.6062,365.16,365.335,19920
2026-07-15 10:55:00,365.335,365.64,365.1,365.38,30564
2026-07-15 10:56:00,365.45,365.63,365.34,365.6,22695
2026-07-15 10:57:00,365.6,365.625,365.14,365.395,36142
2026-07-15 10:58:00,365.385,365.63,365.31,365.43,22210
2026-07-15 10:59:00,365.43,365.61,365.26,365.315,17301
2026-07-15 11:00:00,365.37,365.64,365.2,365.3,26260
2026-07-15 11:01:00,365.25,365.71,365.18,365.6675,34611
2026-07-15 11:02:00,365.69,366.45,365.58,366.45,66443
2026-07-15 11:03:00,366.47,366.98,366.3,366.94,49206
2026-07-15 11:04:00,366.94,367.46,366.85,367.24,43357
2026-07-15 11:05:00,367.25,367.26,366.7001,367.22,46118
2026-07-15 11:06:00,367.22,367.3,366.84,367.3,38765
2026-07-15 11:07:00,367.3,367.82,367.2432,367.44,32473
2026-07-15 11:08:00,367.44,367.57,367.08,367.445,29354
2026-07-15 11:09:00,367.45,367.81,367.36,367.71,30046
2026-07-15 11:10:00,367.76,368.26,367.46,367.535,54206
2026-07-15 11:11:00,367.52,367.8,367.43,367.56,40042
2026-07-15 11:12:00,367.56,367.8373,367.56,367.64,27548
2026-07-15 11:13:00,367.67,368,367.62,367.935,17903
2026-07-15 11:14:00,367.985,368.12,367.84,368.02,37478
2026-07-15 11:15:00,368.02,368.13,367.79,367.92,44170
2026-07-15 11:16:00,367.92,368.12,367.8,368.01,24105
2026-07-15 11:17:00,367.91,368.02,367.6,367.69,41548
2026-07-15 11:18:00,367.705,367.81,367.48,367.73,34180
2026-07-15 11:19:00,367.73,367.98,367.62,367.83,18830
2026-07-15 11:20:00,367.83,367.9488,367.78,367.89,19048
2026-07-15 11:21:00,367.915,368.06,367.84,367.965,32397
2026-07-15 11:22:00,367.98,367.98,367.37,367.56,49619
2026-07-15 11:23:00,367.58,367.96,367.51,367.92,26465
2026-07-15 11:24:00,367.98,368.5,367.98,368.47,56923
2026-07-15 11:25:00,368.45,369.34,368.42,369.33,65812
2026-07-15 11:26:00,369.32,369.44,369.01,369.0983,34207
2026-07-15 11:27:00,369.08,369.27,368.81,369.1653,23702
2026-07-15 11:28:00,369.185,369.54,368.89,369.44,24273
2026-07-15 11:29:00,369.385,369.57,369.15,369.39,37841
2026-07-15 11:30:00,369.47,369.7,369.19,369.23,50128
2026-07-15 11:31:00,369.1857,369.505,369.17,369.465,31963
2026-07-15 11:32:00,369.47,370.1,369.41,370.02,80405
2026-07-15 11:33:00,370.05,370.53,369.99,370.4695,42047
2026-07-15 11:34:00,370.43,370.47,370.11,370.24,38317
2026-07-15 11:35:00,370.24,370.4234,370.01,370.4234,43031
2026-07-15 11:36:00,370.39,370.65,370.07,370.29,31910
2026-07-15 11:37:00,370.32,370.6,370.12,370.56,18396
2026-07-15 11:38:00,370.56,370.6,370.29,370.33,29330
2026-07-15 11:39:00,370.345,370.4,369.87,370.13,43987
2026-07-15 11:40:00,370.08,370.1099,369.72,369.75,22404
2026-07-15 11:41:00,369.73,370,369.56,369.935,28583
2026-07-15 11:42:00,369.96,370.39,369.96,370.14,28932
2026-07-15 11:43:00,370.14,370.21,370.04,370.0599,20100
2026-07-15 11:44:00,370.0404,370.0404,369.77,369.85,21943
2026-07-15 11:45:00,369.78,370.2,369.78,370.17,21708
2026-07-15 11:46:00,370.139,370.6,370.1,370.55,45598
2026-07-15 11:47:00,370.54,370.8692,370.46,370.54,49054
2026-07-15 11:48:00,370.47,370.5899,370.24,370.41,33141
2026-07-15 11:49:00,370.37,370.37,369.8236,370.035,56894
2026-07-15 11:50:00,370.035,370.1,369.68,369.73,28366
2026-07-15 11:51:00,369.72,369.75,369.39,369.47,16361
2026-07-15 11:52:00,369.51,369.51,368.76,368.8065,31528
2026-07-15 11:53:00,368.761,369.41,368.761,369.27,34252
2026-07-15 11:54:00,369.29,369.5,369.2,369.32,14229
2026-07-15 11:55:00,369.315,369.51,369.26,369.5,19603
2026-07-15 11:56:00,369.455,369.68,369.32,369.6,14407
2026-07-15 11:57:00,369.635,369.719,369.45,369.719,13741
2026-07-15 11:58:00,369.71,370.23,369.7,370.23,15272
2026-07-15 11:59:00,370.25,370.54,370.12,370.12,44027
2026-07-15 12:00:00,370.11,370.1404,369.85,369.905,14346
2026-07-15 12:01:00,369.85,370.07,369.81,369.9,14205
2026-07-15 12:02:00,369.895,369.96,369.6796,369.865,13961
2026-07-15 12:03:00,369.89,369.92,369.66,369.805,20673
2026-07-15 12:04:00,369.81,370.2,369.71,370.16,17908
2026-07-15 12:05:00,370.175,370.81,370.145,370.71,31246
2026-07-15 12:06:00,370.8,370.94,370.52,370.525,21267
2026-07-15 12:07:00,370.5184,370.71,370.286,370.42,22332
2026-07-15 12:08:00,370.42,370.42,370.1101,370.2383,18664
2026-07-15 12:09:00,370.26,370.73,370.22,370.66,16206
2026-07-15 12:10:00,370.75,371.37,370.6,371.2699,54297
2026-07-15 12:11:00,371.21,371.6,371.11,371.47,38162
2026-07-15 12:12:00,371.39,371.5,371.01,371.43,43772
2026-07-15 12:13:00,371.415,371.48,371.27,371.3538,23234
2026-07-15 12:14:00,371.33,371.43,370.95,370.95,27662
2026-07-15 12:15:00,370.99,371.2,370.89,370.975,27595
2026-07-15 12:16:00,370.92,371.34,370.92,370.9834,29547
2026-07-15 12:17:00,370.9424,371.33,370.91,371.25,20438
2026-07-15 12:18:00,371.25,371.4,371.03,371.375,13201
2026-07-15 12:19:00,371.3305,371.55,371.17,371.18,33026
2026-07-15 12:20:00,371.205,371.4506,371.0401,371.23,19698
2026-07-15 12:21:00,371.23,371.33,370.9,370.9375,22760
2026-07-15 12:22:00,370.955,371.33,370.75,371.33,21646
2026-07-15 12:23:00,371.315,371.315,371.1,371.18,19846
2026-07-15 12:24:00,371.21,371.5,371.19,371.43,25507
2026-07-15 12:25:00,371.42,371.89,371.42,371.72,37017
2026-07-15 12:26:00,371.76,372.1343,371.5,372.015,41198
2026-07-15 12:27:00,371.98,372.04,371.57,371.57,22018
2026-07-15 12:28:00,371.585,371.68,371.38,371.5,28904
2026-07-15 12:29:00,371.505,371.6,371.2,371.235,24584
2026-07-15 12:30:00,371.26,371.51,371.2,371.27,31981
2026-07-15 12:31:00,371.25,371.31,370.73,370.83,31726
2026-07-15 12:32:00,370.79,370.89,370.64,370.8,20814
2026-07-15 12:33:00,370.79,371.135,370.71,370.88,26061
2026-07-15 12:34:00,370.89,371.25,370.75,371.25,20102
2026-07-15 12:35:00,371.25,371.35,370.71,370.9,19354
2026-07-15 12:36:00,370.95,371.06,370.78,370.805,16378
2026-07-15 12:37:00,370.79,371.21,370.66,371.02,53375
2026-07-15 12:38:00,371.02,371.45,371.02,371.405,33550
2026-07-15 12:39:00,371.36,371.62,371.33,371.42,40183
2026-07-15 12:40:00,371.38,371.42,371.05,371.165,16045
2026-07-15 12:41:00,371.155,371.53,371.04,371.4671,22751
2026-07-15 12:42:00,371.539,371.6,371.18,371.18,19480
2026-07-15 12:43:00,371.121,371.15,370.86,370.97,16134
2026-07-15 12:44:00,371.01,371.15,370.87,370.895,20416
2026-07-15 12:45:00,370.91,370.96,370.6601,370.7474,16009
2026-07-15 12:46:00,370.73,371.5,370.37,370.6605,46322
2026-07-15 12:47:00,370.735,370.8,370.18,370.31,24348
2026-07-15 12:48:00,370.34,370.64,370.28,370.54,16953
2026-07-15 12:49:00,370.5,370.825,370.44,370.825,17617
2026-07-15 12:50:00,370.8348,371,370.61,370.62,20244
2026-07-15 12:51:00,370.65,370.68,370.1101,370.16,11729
2026-07-15 12:52:00,370.135,370.21,369.73,370.035,39541
2026-07-15 12:53:00,370,370.31,369.97,370.19,18856
2026-07-15 12:54:00,370.14,370.43,370.14,370.36,16505
2026-07-15 12:55:00,370.3825,370.45,369.94,370.03,14975
2026-07-15 12:56:00,370.08,370.43,370.08,370.3,10940
2026-07-15 12:57:00,370.25,370.41,370.21,370.3525,8761
2026-07-15 12:58:00,370.35,370.5,370.3,370.4,9764
2026-07-15 12:59:00,370.41,370.96,370.41,370.925,13791
2026-07-15 13:00:00,370.925,371.28,370.925,371.2499,15140
2026-07-15 13:01:00,371.15,371.235,370.84,370.84,17952
2026-07-15 13:02:00,370.88,370.94,370.61,370.81,15267
2026-07-15 13:03:00,370.78,370.89,370.48,370.48,11969
2026-07-15 13:04:00,370.48,370.55,370.31,370.49,13479
2026-07-15 13:05:00,370.455,370.66,370.28,370.64,22319
2026-07-15 13:06:00,370.64,370.82,370.56,370.775,12646
2026-07-15 13:07:00,370.82,370.85,370.65,370.81,13025
2026-07-15 13:08:00,370.8,371.09,370.72,370.8725,21206
2026-07-15 13:09:00,370.94,370.94,370.7,370.76,7251
2026-07-15 13:10:00,370.75,370.84,370.45,370.58,13990
2026-07-15 13:11:00,370.55,370.67,370.4,370.411,7705
2026-07-15 13:12:00,370.51,370.56,370.31,370.31,13274
2026-07-15 13:13:00,370.315,370.41,370.17,370.36,51676
2026-07-15 13:14:00,370.36,370.38,369.98,370,25933
2026-07-15 13:15:00,370.02,370.165,369.88,369.905,14758
2026-07-15 13:16:00,369.91,369.96,369.44,369.565,17747
2026-07-15 13:17:00,369.56,369.56,369.25,369.3,25350
2026-07-15 13:18:00,369.28,369.4,369.2,369.34,23555
2026-07-15 13:19:00,369.33,369.73,369.33,369.68,12777
2026-07-15 13:20:00,369.7099,369.83,369.2,369.26,28783
2026-07-15 13:21:00,369.26,369.59,369.11,369.295,13095
2026-07-15 13:22:00,369.27,369.38,368.85,369.3175,19835
2026-07-15 13:23:00,369.37,369.51,369.2525,369.48,15242
2026-07-15 13:24:00,369.44,369.56,369.34,369.36,18471
2026-07-15 13:25:00,369.38,369.44,369.28,369.32,20639
2026-07-15 13:26:00,369.3,369.335,369.13,369.15,31023
2026-07-15 13:27:00,369.1951,369.27,369.09,369.27,6938
2026-07-15 13:28:00,369.31,369.44,369.1916,369.35,12200
2026-07-15 13:29:00,369.37,369.68,369.32,369.56,16220
2026-07-15 13:30:00,369.55,369.58,369.31,369.48,14868
2026-07-15 13:31:00,369.49,369.585,369.3301,369.46,18729
2026-07-15 13:32:00,369.46,369.47,369.31,369.36,9277
2026-07-15 13:33:00,369.35,369.35,368.77,368.77,17359
2026-07-15 13:34:00,368.77,368.9,368.64,368.815,17549
2026-07-15 13:35:00,368.81,369.09,368.76,368.81,20407
2026-07-15 13:36:00,368.8699,368.87,368.475,368.67,24087
2026-07-15 13:37:00,368.69,369.26,368.59,369.12,18954
2026-07-15 13:38:00,369.12,369.37,369.12,369.32,15533
2026-07-15 13:39:00,369.32,369.38,369.03,369.12,28289
2026-07-15 13:40:00,369.1492,369.4,369.1052,369.36,30130
2026-07-15 13:41:00,369.39,369.44,369.14,369.23,15214
2026-07-15 13:42:00,369.25,369.45,369.22,369.295,16471
2026-07-15 13:43:00,369.24,369.4,369.13,369.37,15083
2026-07-15 13:44:00,369.43,369.49,369.27,369.37,12568
2026-07-15 13:45:00,369.3801,369.58,369.3,369.44,18846
2026-07-15 13:46:00,369.41,369.42,369.04,369.32,11143
2026-07-15 13:47:00,369.33,369.6,369.33,369.53,10480
2026-07-15 13:48:00,369.53,370.12,369.39,369.99,27327
2026-07-15 13:49:00,370,370.27,369.78,370.025,44270
2026-07-15 13:50:00,369.98,370.39,369.94,370.305,45662
2026-07-15 13:51:00,370.26,370.525,370.26,370.43,27141
2026-07-15 13:52:00,370.46,370.62,370.1601,370.49,23302
2026-07-15 13:53:00,370.456,370.79,370.41,370.715,23737
2026-07-15 13:54:00,370.75,370.97,370.65,370.725,17130
2026-07-15 13:55:00,370.77,370.81,370.6,370.6,14067
2026-07-15 13:56:00,370.6,370.79,370.6,370.6594,12305
2026-07-15 13:57:00,370.62,370.83,370.57,370.69,19878
2026-07-15 13:58:00,370.7,370.92,370.605,370.9,8820
2026-07-15 13:59:00,370.94,370.99,370.81,370.925,16351
2026-07-15 14:00:00,370.97,371.03,370.74,370.775,20717
2026-07-15 14:01:00,370.775,370.97,370.74,370.89,9515
2026-07-15 14:02:00,370.87,371.12,370.87,371.0175,23611
2026-07-15 14:03:00,370.99,371.1,370.91,370.91,7715
2026-07-15 14:04:00,370.9,370.91,370.45,370.49,13409
2026-07-15 14:05:00,370.49,370.82,370.34,370.82,18206
2026-07-15 14:06:00,370.83,370.92,370.62,370.69,14658
2026-07-15 14:07:00,370.72,370.75,370.43,370.6,15194
2026-07-15 14:08:00,370.575,370.84,370.575,370.675,14044
2026-07-15 14:09:00,370.65,370.7486,370.55,370.71,14624
2026-07-15 14:10:00,370.765,370.8,370.3781,370.53,19002
2026-07-15 14:11:00,370.52,370.81,370.52,370.78,15823
2026-07-15 14:12:00,370.81,370.94,370.75,370.89,7342
2026-07-15 14:13:00,370.91,371.06,370.84,370.875,17251
2026-07-15 14:14:00,370.9,371.1,370.88,371.0501,11558
2026-07-15 14:15:00,371.085,371.33,370.99,371.33,20042
2026-07-15 14:16:00,371.295,371.51,371.21,371.495,22517
2026-07-15 14:17:00,371.515,371.6,371.47,371.49,15298
2026-07-15 14:18:00,371.4801,371.63,371.35,371.575,15084
2026-07-15 14:19:00,371.57,371.71,371.51,371.595,29402
2026-07-15 14:20:00,371.56,371.83,371.54,371.78,19463
2026-07-15 14:21:00,371.76,371.99,371.67,371.89,20764
2026-07-15 14:22:00,371.88,372.11,371.85,372.11,31702
2026-07-15 14:23:00,372.12,372.14,371.855,371.895,18767
2026-07-15 14:24:00,371.91,371.91,371.43,371.5191,23561
2026-07-15 14:25:00,371.47,371.47,371.21,371.275,22337
2026-07-15 14:26:00,371.25,371.38,371.16,371.16,11552
2026-07-15 14:27:00,371.18,371.35,371.175,371.285,14344
2026-07-15 14:28:00,371.27,371.31,371.12,371.18,13524
2026-07-15 14:29:00,371.18,371.33,371.01,371.025,19209
2026-07-15 14:30:00,371.025,371.2,370.9505,371.1,16831
2026-07-15 14:31:00,371.13,371.13,370.92,371.1,12792
2026-07-15 14:32:00,371.0999,371.12,371,371.05,9517
2026-07-15 14:33:00,371.08,371.18,371.02,371.13,11186
2026-07-15 14:34:00,371.12,371.25,371.1,371.12,12486
2026-07-15 14:35:00,371.12,371.28,371.09,371.215,13870
2026-07-15 14:36:00,371.18,371.31,371.13,371.21,14841
2026-07-15 14:37:00,371.22,371.32,371.08,371.08,16403
2026-07-15 14:38:00,371.08,371.26,371.06,371.19,14930
2026-07-15 14:39:00,371.19,371.38,371.19,371.38,8163
2026-07-15 14:40:00,371.36,371.41,371.24,371.31,13133
2026-07-15 14:41:00,371.3,371.41,371.25,371.375,9077
2026-07-15 14:42:00,371.375,371.375,371.11,371.11,18926
2026-07-15 14:43:00,371.14,371.31,371.13,371.25,11414
2026-07-15 14:44:00,371.245,371.28,370.81,370.88,28779
2026-07-15 14:45:00,370.88,370.89,370.555,370.62,19677
2026-07-15 14:46:00,370.62,370.65,369.88,370.24,30772
2026-07-15 14:47:00,370.24,370.38,370.05,370.12,18871
2026-07-15 14:48:00,370.15,370.3,370.08,370.09,18349
2026-07-15 14:49:00,370.08,370.08,369.82,370,26178
2026-07-15 14:50:00,369.965,370.1299,369.93,370.103,12956
2026-07-15 14:51:00,370.1,370.27,370.03,370.1,19682
2026-07-15 14:52:00,370.14,370.32,370.075,370.215,15359
2026-07-15 14:53:00,370.2,370.205,369.43,369.45,40736
2026-07-15 14:54:00,369.45,369.48,369.24,369.335,14796
2026-07-15 14:55:00,369.335,369.53,369.3,369.435,12456
2026-07-15 14:56:00,369.46,369.46,369.28,369.36,14043
2026-07-15 14:57:00,369.35,369.5,369.205,369.205,20437
2026-07-15 14:58:00,369.22,369.47,369.22,369.34,12142
2026-07-15 14:59:00,369.315,369.47,369.23,369.23,25536
2026-07-15 15:00:00,369.23,369.5,369.13,369.47,15365
2026-07-15 15:01:00,369.47,369.81,369.32,369.735,20466
2026-07-15 15:02:00,369.735,369.79,369.65,369.71,11704
2026-07-15 15:03:00,369.739,369.74,369.511,369.511,16569
2026-07-15 15:04:00,369.545,369.62,369.28,369.375,18159
2026-07-15 15:05:00,369.32,369.41,369.04,369.28,28410
2026-07-15 15:06:00,369.275,369.37,369.02,369.365,17598
2026-07-15 15:07:00,369.4,369.405,368.89,369.03,19410
2026-07-15 15:08:00,369.06,369.35,368.91,369.33,17136
2026-07-15 15:09:00,369.29,369.41,369.22,369.2203,15067
2026-07-15 15:10:00,369.25,369.47,369.2401,369.39,19010
2026-07-15 15:11:00,369.43,369.43,369.19,369.275,21263
2026-07-15 15:12:00,369.31,369.66,369.22,369.26,24495
2026-07-15 15:13:00,369.29,369.36,369.1,369.21,11936
2026-07-15 15:14:00,369.21,369.27,369.04,369.205,20688
2026-07-15 15:15:00,369.235,369.38,369.15,369.335,15931
2026-07-15 15:16:00,369.29,369.59,369.29,369.565,22088
2026-07-15 15:17:00,369.555,369.62,369.47,369.49,22134
2026-07-15 15:18:00,369.495,369.83,369.485,369.81,24784
2026-07-15 15:19:00,369.815,369.84,369.36,369.44,27582
2026-07-15 15:20:00,369.45,369.56,369.33,369.5035,24339
2026-07-15 15:21:00,369.5,369.51,369.35,369.42,25597
2026-07-15 15:22:00,369.4,369.66,369.4,369.5,22053
2026-07-15 15:23:00,369.52,369.57,369.42,369.42,20177
2026-07-15 15:24:00,369.445,369.445,369.22,369.26,16916
2026-07-15 15:25:00,369.25,369.35,369.05,369.09,17563
2026-07-15 15:26:00,369.08,369.14,368.87,368.98,18590
2026-07-15 15:27:00,368.96,369.24,368.88,369.13,20502
2026-07-15 15:28:00,369.12,369.125,368.98,369.01,22088
2026-07-15 15:29:00,369,369.33,369,369.295,27573
2026-07-15 15:30:00,369.24,369.34,368.97,368.99,23952
2026-07-15 15:31:00,369.02,369.03,368.75,368.78,28690
2026-07-15 15:32:00,368.75,368.81,368.47,368.5,34476
2026-07-15 15:33:00,368.53,369,368.52,368.9999,16308
2026-07-15 15:34:00,368.98,369.12,368.94,369.1,20184
2026-07-15 15:35:00,369.11,369.5,369.02,369.4,24793
2026-07-15 15:36:00,369.4,369.76,369.39,369.69,33475
2026-07-15 15:37:00,369.66,369.94,369.49,369.5,35885
2026-07-15 15:38:00,369.5,369.64,369.36,369.52,19639
2026-07-15 15:39:00,369.45,369.6,369.45,369.58,20273
2026-07-15 15:40:00,369.565,369.72,369.52,369.66,25581
2026-07-15 15:41:00,369.68,369.78,369.47,369.74,21905
2026-07-15 15:42:00,369.74,370.07,369.7,369.72,41621
2026-07-15 15:43:00,369.71,369.74,369.53,369.57,25320
2026-07-15 15:44:00,369.6,369.77,369.56,369.77,18033
2026-07-15 15:45:00,369.77,369.95,369.36,369.67,75022
2026-07-15 15:46:00,369.61,369.62,369.32,369.37,20259
2026-07-15 15:47:00,369.4,369.4,368.9,368.9,45393
2026-07-15 15:48:00,368.9,368.91,368.52,368.58,30920
2026-07-15 15:49:00,368.55,368.62,368.1901,368.57,35056
2026-07-15 15:50:00,368.6,368.99,368.46,368.94,83051
2026-07-15 15:51:00,368.94,369.32,368.92,369.15,64895
2026-07-15 15:52:00,369.15,369.5,369.15,369.35,55620
2026-07-15 15:53:00,369.35,369.9,369.345,369.8,78788
2026-07-15 15:54:00,369.84,370.11,369.23,370.04,130259
2026-07-15 15:55:00,370.05,370.43,369.9,370.31,121260
2026-07-15 15:56:00,370.31,370.56,370.2,370.28,139201
2026-07-15 15:57:00,370.27,370.48,370.12,370.28,177460
2026-07-15 15:58:00,370.28,370.39,370.04,370.08,195053
2026-07-15 15:59:00,370.09,370.26,370.04,370.22,304553
2026-07-15 16:00:00,370.23,370.51,370.04,370.08,2701868
2026-07-15 16:01:00,369.95,370.21,369.89,370.19,39008
2026-07-15 16:02:00,370.11,370.21,370.01,370.21,3870
2026-07-15 16:03:00,370.21,370.53,370.08,370.43,1982
2026-07-15 16:04:00,370.68,370.68,370.36,370.36,395
2026-07-15 16:05:00,370.35,370.65,370.35,370.64,892
2026-07-15 16:06:00,370.36,370.51,370.13,370.13,6379
2026-07-15 16:07:00,370.22,370.22,370,370,883
2026-07-15 16:08:00,369.73,369.73,369.73,369.73,900
2026-07-15 16:09:00,369.79,369.79,369.7534,369.7534,700
2026-07-15 16:10:00,369.46,370,369.36,369.41,1474
2026-07-15 16:11:00,370.21,370.21,369.34,369.34,131872
2026-07-15 16:12:00,369.53,369.57,369.53,369.57,300
2026-07-15 16:13:00,369.6,369.73,369.58,369.73,366
2026-07-15 16:14:00,369.65,369.65,369.65,369.65,142
2026-07-15 16:15:00,369.65,369.65,369.52,369.65,368
2026-07-15 16:17:00,369.65,369.65,369.5101,369.5101,840
2026-07-15 16:18:00,369.5,369.5,369.5,369.5,44
2026-07-15 16:19:00,369.5,369.5,369.45,369.45,459
2026-07-15 16:20:00,369.43,369.5,369.3,369.5,838
2026-07-15 16:21:00,369.5,369.5,369.39,369.39,2739
2026-07-15 16:22:00,369.42,369.42,369.3406,369.3406,985
2026-07-15 16:24:00,369.3433,369.3433,369.3433,369.3433,60
2026-07-15 16:25:00,369.32,369.32,369.32,369.32,50
2026-07-15 16:26:00,369.5,369.5,369.5,369.5,700
2026-07-15 16:27:00,369.41,369.5,369.41,369.5,130
2026-07-15 16:28:00,369.5,369.5,369.49,369.5,3463
2026-07-15 16:29:00,369.42,369.42,369.42,369.42,100
2026-07-15 16:30:00,369.32,369.32,369.32,369.32,49
2026-07-15 16:31:00,369.2838,369.2838,369.2838,369.2838,40
2026-07-15 16:33:00,369.21,369.21,369.21,369.21,40
2026-07-15 16:34:00,369.4,369.5,369.4,369.5,493
2026-07-15 16:38:00,369.48,369.49,369.44,369.49,546
2026-07-15 16:39:00,369.4291,369.4291,369.4291,369.4291,137
2026-07-15 16:40:00,369.28,369.28,369.28,369.28,200
2026-07-15 16:41:00,369.38,369.38,369.37,369.37,270
2026-07-15 16:42:00,369.3899,369.3899,369.24,369.24,1300
2026-07-15 16:43:00,369.34,369.34,369.32,369.32,275
2026-07-15 16:44:00,369.44,369.44,369.3281,369.3281,125
2026-07-15 16:45:00,369.39,369.4,369.39,369.4,195
2026-07-15 16:47:00,369.5,369.5,369.5,369.5,44
2026-07-15 16:48:00,369.4842,369.4842,369.4842,369.4842,65
2026-07-15 16:49:00,369.4,369.4,369.4,369.4,149
2026-07-15 16:50:00,369.31,369.31,369.23,369.23,303
2026-07-15 16:51:00,369.26,369.27,369.26,369.26,319
2026-07-15 16:53:00,369.12,369.12,369.12,369.12,100
2026-07-15 16:55:00,369.35,369.35,369.35,369.35,100
2026-07-15 16:58:00,369.31,369.31,369.31,369.31,71
2026-07-15 17:01:00,369.4,369.4,369.4,369.4,95
2026-07-15 17:02:00,369.42,369.42,369.42,369.42,99
2026-07-15 17:05:00,369.32,369.32,369.32,369.32,102
2026-07-15 17:06:00,369.33,369.33,369.33,369.33,68
2026-07-15 17:07:00,369.22,369.22,369.22,369.22,116
2026-07-15 17:08:00,369.2386,369.24,369.22,369.23,405
2026-07-15 17:09:00,369.34,369.34,369.34,369.34,71
2026-07-15 17:10:00,369.31,369.34,369.31,369.34,116
2026-07-15 17:11:00,369.34,369.34,369.34,369.34,227
2026-07-15 17:12:00,369.4,369.43,369.39,369.43,176
2026-07-15 17:14:00,369.33,369.5,369.2672,369.3225,1522
2026-07-15 17:15:00,369.34,369.44,369.34,369.44,500
2026-07-15 17:16:00,369.5,369.5,369.5,369.5,53
2026-07-15 17:17:00,369.5,369.5,369.5,369.5,260
2026-07-15 17:18:00,369.49,369.49,369.49,369.49,40
2026-07-15 17:19:00,369.11,369.11,369.11,369.11,120
2026-07-15 17:26:00,369.47,369.47,369.47,369.47,93
2026-07-15 17:27:00,369.12,369.12,369.12,369.12,100
2026-07-15 17:30:00,369.5,369.5,369.35,369.35,140
2026-07-15 17:34:00,369.5,369.5,369.5,369.5,50
2026-07-15 17:45:00,369.5,369.5,369.5,369.5,100
2026-07-15 17:46:00,369.3,369.3,369.3,369.3,300
2026-07-15 17:48:00,369.2872,369.2872,369.26,369.26,208
2026-07-15 17:51:00,369.3757,369.5,369.3757,369.5,120
2026-07-15 17:52:00,369.69,369.7991,369.52,369.52,634
2026-07-15 17:53:00,369.78,369.78,369.78,369.78,40
2026-07-15 17:54:00,369.73,369.73,369.73,369.73,163
2026-07-15 17:55:00,369.7842,369.7842,369.7842,369.7842,186
2026-07-15 17:57:00,369.8,369.8,369.8,369.8,1000
2026-07-15 17:58:00,369.8,369.8,369.52,369.52,700
2026-07-15 17:59:00,369.52,369.52,369.52,369.52,143
2026-07-15 18:00:00,369.78,369.79,369.78,369.79,175
2026-07-15 18:01:00,370,370.21,370,370.21,931
2026-07-15 18:02:00,370.21,370.43,370.21,370.43,473
2026-07-15 18:03:00,370.29,370.29,370.29,370.29,120
2026-07-15 18:04:00,370.39,370.43,370.13,370.13,898
2026-07-15 18:05:00,370.2,370.2,370.2,370.2,200
2026-07-15 18:07:00,370.25,370.27,370.25,370.27,125
2026-07-15 18:08:00,370.41,370.42,370.21,370.21,350
2026-07-15 18:09:00,370.32,370.32,370.32,370.32,270
2026-07-15 18:10:00,370.3,370.3,370.3,370.3,240
2026-07-15 18:11:00,370.3,370.4,370.3,370.4,230
2026-07-15 18:12:00,370.35,370.39,370.35,370.39,128
2026-07-15 18:13:00,370.3032,370.3032,370.3032,370.3032,50
2026-07-15 18:16:00,370.3405,370.3405,370.3001,370.3001,402
2026-07-15 18:17:00,370.36,370.4232,370.36,370.4232,101
2026-07-15 18:18:00,370.35,370.35,370.3,370.3,152
2026-07-15 18:19:00,370.28,370.42,370.28,370.42,367
2026-07-15 18:20:00,370.43,370.72,370.43,370.72,407
2026-07-15 18:21:00,370.9,370.9,370.9,370.9,50
2026-07-15 18:22:00,370.86,370.86,370.86,370.86,100
2026-07-15 18:24:00,370.48,370.48,370.48,370.48,78
2026-07-15 18:25:00,370.72,370.72,370.48,370.62,263
2026-07-15 18:28:00,370.45,370.45,370.3,370.3,100
2026-07-15 18:29:00,370.56,370.58,370.56,370.58,133
2026-07-15 18:30:00,370.56,370.7,370.56,370.7,260
2026-07-15 18:31:00,370.6984,370.6984,370.6984,370.6984,190
2026-07-15 18:32:00,370.7192,370.7192,370.5,370.5,1019
2026-07-15 18:34:00,370.72,370.72,370.72,370.72,320
2026-07-15 18:36:00,370.58,370.58,370.58,370.58,74
2026-07-15 18:37:00,370.5,370.5,370.5,370.5,40
2026-07-15 18:38:00,370.39,370.6747,370.33,370.5,1298
2026-07-15 18:40:00,370.3,370.6549,370.3,370.6549,250
2026-07-15 18:41:00,370.6,370.63,370.58,370.61,234
2026-07-15 18:42:00,370.51,370.51,370.51,370.51,172
2026-07-15 18:46:00,370.6,370.6,370.6,370.6,89
2026-07-15 18:48:00,370.69,370.72,370.63,370.63,195
2026-07-15 18:50:00,370.5,370.5,370.48,370.48,160
2026-07-15 18:51:00,370.51,370.51,370.51,370.51,56
2026-07-15 18:52:00,370.6,370.6,370.5999,370.5999,580
2026-07-15 18:53:00,370.64,370.74,370.64,370.74,121
2026-07-15 18:54:00,370.89,370.99,370.82,370.82,602
2026-07-15 18:55:00,370.82,370.82,370.82,370.82,50
2026-07-15 18:56:00,370.98,371,370.98,371,186
2026-07-15 18:57:00,371,371.26,371,371.26,948
2026-07-15 18:58:00,371.0494,371.0494,371,371.01,355
2026-07-15 18:59:00,371.1875,371.2,371.1875,371.2,600
2026-07-15 19:00:00,371.01,371.13,371,371.13,278
2026-07-15 19:02:00,371.26,371.26,371.23,371.23,108
2026-07-15 19:05:00,371.26,371.26,371.0175,371.0175,350
2026-07-15 19:06:00,371,371.25,371,371.25,309
2026-07-15 19:07:00,371.0119,371.0119,371.0119,371.0119,58
2026-07-15 19:08:00,371.19,371.19,371.19,371.19,50
2026-07-15 19:09:00,371.1615,371.2,371.0145,371.0145,472
2026-07-15 19:10:00,371.19,371.19,371.19,371.19,100
2026-07-15 19:11:00,371.199,371.199,371.199,371.199,100
2026-07-15 19:13:00,371.05,371.05,371,371,474
2026-07-15 19:14:00,371.09,371.09,371.09,371.09,100
2026-07-15 19:17:00,370.83,370.83,370.82,370.82,99
2026-07-15 19:20:00,370.8,370.8,370.646,370.646,100
2026-07-15 19:21:00,370.8,370.8,370.8,370.8,697
2026-07-15 19:23:00,371,371,370.99,371,877
2026-07-15 19:24:00,370.85,370.85,370.85,370.85,50
2026-07-15 19:25:00,370.9605,370.9605,370.96,370.96,258
2026-07-15 19:28:00,370.83,371.0486,370.708,371.0486,215
2026-07-15 19:30:00,370.7175,370.7175,370.7175,370.7175,100
2026-07-15 19:31:00,371,371,371,371,100
2026-07-15 19:33:00,370.8999,370.9882,370.8999,370.9882,299
2026-07-15 19:35:00,370.98,370.98,370.98,370.98,50
2026-07-15 19:37:00,371.1,371.1,371.1,371.1,59
2026-07-15 19:39:00,371,371,371,371,283
2026-07-15 19:41:00,371.23,371.23,371,371.1949,370
2026-07-15 19:42:00,371.23,371.23,371.23,371.23,100
2026-07-15 19:43:00,370.94,371,370.89,370.89,206
2026-07-15 19:45:00,371.13,371.15,370.86,370.86,265
2026-07-15 19:46:00,370.9,370.9,370.9,370.9,50
2026-07-15 19:47:00,371.09,371.09,371.09,371.09,55
2026-07-15 19:48:00,370.85,370.85,370.85,370.85,2000
2026-07-15 19:49:00,370.86,370.86,370.86,370.86,127
2026-07-15 19:50:00,370.81,370.88,370.75,370.75,541
2026-07-15 19:51:00,370.84,370.84,370.84,370.84,200
2026-07-15 19:53:00,370.805,370.805,370.805,370.805,250
2026-07-15 19:54:00,370.8839,370.8839,370.8839,370.8839,49
2026-07-15 19:55:00,370.84,370.89,370.84,370.89,323
2026-07-15 19:56:00,370.9,370.9,370.9,370.9,51
2026-07-15 19:59:00,370.9311,371,370.93,371,719
2026-07-16 04:00:00,372,372.92,371.2128,372.47,17639
2026-07-16 04:01:00,372.55,373,371.21,371.41,17286
2026-07-16 04:02:00,371.43,371.59,371.38,371.59,190
2026-07-16 04:03:00,371.48,371.48,371.48,371.48,100
2026-07-16 04:04:00,371.53,371.53,371.53,371.53,97
2026-07-16 04:05:00,371.47,372.02,371.47,372,1034
2026-07-16 04:06:00,372.02,372.42,372,372.42,1477
2026-07-16 04:07:00,372.5,373,372.42,372.75,2344
2026-07-16 04:08:00,372.75,373.32,372.74,373.32,1516
2026-07-16 04:09:00,373.5,373.5,373.4,373.47,560
2026-07-16 04:10:00,373.45,373.68,373.1777,373.68,698
2026-07-16 04:11:00,373.7,373.94,373.7,373.79,341
2026-07-16 04:12:00,373.9187,373.9187,373.7,373.8457,1539
2026-07-16 04:13:00,373.85,374.29,373.85,374.25,1638
2026-07-16 04:14:00,374.44,374.49,374.22,374.29,1245
2026-07-16 04:15:00,374.15,374.9,374.15,374.9,2664
2026-07-16 04:16:00,374.84,374.84,374.66,374.78,2689
2026-07-16 04:17:00,374.69,374.69,374.28,374.28,304
2026-07-16 04:18:00,374.65,374.74,374.64,374.65,701
2026-07-16 04:19:00,374.62,375,374.27,374.8938,3034
2026-07-16 04:20:00,375.0069,375.5,375,375.5,873
2026-07-16 04:21:00,375.71,376.39,375.71,376.2559,3543
2026-07-16 04:22:00,376.29,376.29,375.73,375.99,1796
2026-07-16 04:23:00,376.03,376.36,376,376.36,3014
2026-07-16 04:24:00,376.18,376.37,376.05,376.19,1103
2026-07-16 04:25:00,376.41,376.54,376.33,376.43,721
2026-07-16 04:26:00,376.55,377,376.55,376.81,1781
2026-07-16 04:27:00,376.92,376.92,376.4,376.4,733
2026-07-16 04:28:00,376.21,376.46,376.16,376.19,1432
2026-07-16 04:29:00,376.08,376.3,376.08,376.3,1050
2026-07-16 04:30:00,376.03,376.03,376,376,1545
2026-07-16 04:31:00,376,376.07,375.77,376,2857
2026-07-16 04:32:00,375.81,375.81,375.81,375.81,54
2026-07-16 04:33:00,375.86,375.98,375.74,375.82,1193
2026-07-16 04:34:00,375.79,375.98,375.79,375.98,1761
2026-07-16 04:35:00,375.94,376.19,375.94,376.05,2771
2026-07-16 04:36:00,376.13,376.13,376.05,376.05,550
2026-07-16 04:37:00,376.05,376.05,375.43,375.43,718
2026-07-16 04:38:00,375.66,375.66,375.66,375.66,85
2026-07-16 04:39:00,375.52,375.53,375.52,375.53,300
2026-07-16 04:40:00,375.86,375.86,375.86,375.86,40
2026-07-16 04:41:00,375.92,376.19,375.92,376.19,200
2026-07-16 04:42:00,376.3,376.48,376.3,376.48,307
2026-07-16 04:43:00,376.4,376.72,376.35,376.72,2217
2026-07-16 04:44:00,376.8,376.8,376.69,376.72,589
2026-07-16 04:45:00,377,377.3,376.8831,377.3,2822
2026-07-16 04:46:00,377.2808,377.6,377.2808,377.5,1761
2026-07-16 04:47:00,377.67,377.82,377.54,377.82,3120
2026-07-16 04:48:00,377.68,377.68,377.39,377.39,981
2026-07-16 04:49:00,377.6,377.6,377.25,377.25,1900
2026-07-16 04:51:00,377,377,377,377,147
2026-07-16 04:52:00,376.75,377.18,376.75,377.18,3378
2026-07-16 04:53:00,377.2194,377.2194,377.2194,377.2194,50
2026-07-16 04:54:00,377.22,377.22,377.14,377.14,250
2026-07-16 04:55:00,377.15,377.15,377.15,377.15,50
2026-07-16 04:56:00,377.34,377.35,377.3,377.3,629
2026-07-16 04:57:00,377.51,377.59,377.51,377.59,102
2026-07-16 04:58:00,377.62,377.62,377.4579,377.52,1100
2026-07-16 04:59:00,377,377,376.89,376.9,1106
2026-07-16 05:00:00,376.81,376.81,376.28,376.28,541
2026-07-16 05:01:00,376.33,376.33,376.33,376.33,165
2026-07-16 05:02:00,376.22,376.33,376.22,376.22,929
2026-07-16 05:03:00,376.33,376.33,376.33,376.33,40
2026-07-16 05:06:00,376.6,376.6,376.59,376.6,314
2026-07-16 05:08:00,376.01,376.04,376.01,376.04,99
2026-07-16 05:09:00,376.08,376.08,376.08,376.08,311
2026-07-16 05:10:00,376.09,376.38,376.09,376.38,150
2026-07-16 05:11:00,376.38,376.49,376.38,376.49,270
2026-07-16 05:13:00,376.49,376.5,376.49,376.5,438
2026-07-16 05:17:00,376.13,376.13,376.08,376.08,140
2026-07-16 05:18:00,376,376,376,376,42
2026-07-16 05:19:00,376.06,376.11,376.06,376.11,245
2026-07-16 05:20:00,376.11,376.3528,376.08,376.08,557
2026-07-16 05:21:00,376.09,377.24,376.09,377.0448,4379
2026-07-16 05:22:00,377.06,377.12,376.92,376.96,795
2026-07-16 05:23:00,376.92,377.18,376.92,377.15,788
2026-07-16 05:24:00,377.22,377.63,377.1872,377.53,1186
2026-07-16 05:25:00,377.5,378,377.5,377.89,2146
2026-07-16 05:26:00,377.91,378.53,377.86,378.53,1941
2026-07-16 05:27:00,378.55,378.8,378.21,378.24,7799
2026-07-16 05:28:00,378.24,378.24,378.24,378.24,66
2026-07-16 05:29:00,378.23,378.23,377.7,377.7,1765
2026-07-16 05:30:00,377.95,377.95,377.95,377.95,130
2026-07-16 05:31:00,377.75,377.91,377.74,377.91,379
2026-07-16 05:32:00,377.85,378,377.83,378,458
2026-07-16 05:33:00,378.1,378.1,377.87,377.87,805
2026-07-16 05:34:00,377.75,377.75,377.75,377.75,200
2026-07-16 05:37:00,377.61,377.61,377.61,377.61,50
2026-07-16 05:38:00,377.5,377.51,377.46,377.51,11637
2026-07-16 05:39:00,377.35,377.73,377.35,377.61,459
2026-07-16 05:40:00,377.48,377.48,377.35,377.35,253
2026-07-16 05:41:00,377.39,377.39,377.28,377.31,450
2026-07-16 05:42:00,377.37,377.71,377.37,377.5982,2653
2026-07-16 05:43:00,377.72,377.72,377.6234,377.68,920
2026-07-16 05:44:00,377.76,377.92,377.7,377.72,2199
2026-07-16 05:45:00,377.7,377.78,377.64,377.64,856
2026-07-16 05:46:00,377.51,377.62,377.41,377.54,983
2026-07-16 05:47:00,377.2488,377.2488,377.19,377.19,983
2026-07-16 05:48:00,377.38,377.38,377.1,377.2,607
2026-07-16 05:49:00,377.24,377.27,377.24,377.27,206
2026-07-16 05:50:00,377.11,377.25,377.11,377.17,167
2026-07-16 05:51:00,377.18,377.22,377.18,377.22,145
2026-07-16 05:52:00,377.15,377.28,377.15,377.27,230
2026-07-16 05:53:00,377.36,377.36,377.36,377.36,49
2026-07-16 05:54:00,377.36,377.36,377.36,377.36,200
2026-07-16 05:55:00,377.34,377.34,376.7,376.7,529
2026-07-16 05:56:00,376.7,376.95,376.7,376.95,368
2026-07-16 05:57:00,376.95,376.95,376.95,376.95,258
2026-07-16 05:58:00,376.85,376.85,376.6,376.6,340
2026-07-16 05:59:00,376.6,376.6,376.6,376.6,179
2026-07-16 06:01:00,376.37,376.37,376.36,376.36,279
2026-07-16 06:02:00,376.48,376.48,376.3,376.3,324
2026-07-16 06:03:00,376.3,376.4,376.2573,376.28,407
2026-07-16 06:04:00,376.43,376.43,376.43,376.43,67
2026-07-16 06:05:00,376.48,376.58,376.3685,376.58,1274
2026-07-16 06:06:00,376.61,377,376.61,377,823
2026-07-16 06:07:00,376.63,376.8,376.63,376.8,96
2026-07-16 06:08:00,376.81,376.81,376.81,376.81,40
2026-07-16 06:09:00,376.79,376.79,376.79,376.79,40
2026-07-16 06:10:00,376.312,376.312,376.312,376.312,93
2026-07-16 06:11:00,376.4449,376.4449,376.3,376.3,305
2026-07-16 06:12:00,376.35,376.35,376.3,376.3,182
2026-07-16 06:14:00,376.52,376.52,376.52,376.52,100
2026-07-16 06:17:00,376.39,376.39,376.39,376.39,43
2026-07-16 06:18:00,376.39,376.39,376.3841,376.3841,224
2026-07-16 06:19:00,376.35,376.54,376.35,376.54,453
2026-07-16 06:20:00,376.5839,376.9167,376.5839,376.9167,2522
2026-07-16 06:21:00,376.768,377.09,376.74,377.09,2666
2026-07-16 06:22:00,377.3,377.3,377.08,377.08,1322
2026-07-16 06:23:00,377.06,377.11,377.06,377.11,430
2026-07-16 06:24:00,377.1,377.1,377.1,377.1,100
2026-07-16 06:26:00,376.8,376.8,376.67,376.67,239
2026-07-16 06:27:00,376.7,376.7,376.7,376.7,40
2026-07-16 06:28:00,376.67,376.67,376.67,376.67,40
2026-07-16 06:29:00,376.62,376.67,376.5,376.6,6867
2026-07-16 06:30:00,376.87,376.87,376.87,376.87,100
2026-07-16 06:32:00,376.74,376.74,376.74,376.74,100
2026-07-16 06:33:00,376.74,376.87,376.74,376.87,2355
2026-07-16 06:34:00,376.87,376.87,376.87,376.87,159
2026-07-16 06:35:00,376.7,376.77,376.7,376.77,190
2026-07-16 06:36:00,376.68,376.68,376.68,376.68,80
2026-07-16 06:37:00,376.64,376.64,376.62,376.62,170
2026-07-16 06:38:00,376.65,376.74,376.63,376.74,469
2026-07-16 06:39:00,376.79,376.85,376.79,376.84,266
2026-07-16 06:40:00,376.79,376.79,376.67,376.67,300
2026-07-16 06:42:00,376.71,376.71,376.69,376.69,106
2026-07-16 06:43:00,376.71,376.71,376.5,376.57,1893
2026-07-16 06:50:00,376.53,376.53,376.53,376.53,72
2026-07-16 06:51:00,376.75,376.99,376.7115,376.99,216
2026-07-16 06:52:00,376.81,376.81,376.81,376.81,400
2026-07-16 06:53:00,376.85,376.85,376.77,376.77,600
2026-07-16 06:54:00,376.78,376.84,376.77,376.77,346
2026-07-16 06:55:00,376.7,376.74,376.58,376.74,1434
2026-07-16 06:56:00,376.55,376.7124,376.33,376.33,1580
2026-07-16 06:57:00,376.32,376.32,376.27,376.28,358
2026-07-16 06:58:00,376.2534,376.27,376.2338,376.2338,357
2026-07-16 06:59:00,376.1342,376.1342,376.06,376.06,309
2026-07-16 07:00:00,376.04,376.68,376,376.54,4672
2026-07-16 07:01:00,376.82,376.93,376.75,376.81,1917
2026-07-16 07:02:00,376.9184,377,376.9,377,754
2026-07-16 07:03:00,377,377.09,377,377.09,844
2026-07-16 07:04:00,377.1456,377.16,376.9,377,845
2026-07-16 07:05:00,376.9,376.9,376.78,376.85,668
2026-07-16 07:06:00,376.52,376.634,376.5,376.634,197
2026-07-16 07:07:00,376.73,376.75,376.5285,376.61,1531
2026-07-16 07:09:00,376.55,376.6,376.55,376.55,1953
2026-07-16 07:10:00,376.78,376.78,376.44,376.44,477
2026-07-16 07:11:00,376.43,376.43,376.31,376.31,245
2026-07-16 07:12:00,376.1,376.2334,376.1,376.16,352
2026-07-16 07:13:00,376.21,376.21,376.02,376.0691,705
2026-07-16 07:14:00,376.2715,376.2715,376.05,376.2,2465
2026-07-16 07:15:00,376.0839,376.2,376.0839,376.1,764
2026-07-16 07:16:00,376,376.05,375.89,376,1258
2026-07-16 07:17:00,375.9741,376,375.8601,376,1493
2026-07-16 07:18:00,375.8,375.8,375.26,375.3,1271
2026-07-16 07:19:00,375.5,375.5,375,375.05,2939
2026-07-16 07:20:00,375,375.15,374.81,375.15,514
2026-07-16 07:21:00,375.1,375.18,374.9763,375.18,752
2026-07-16 07:22:00,375.08,375.12,374.64,374.7,663
2026-07-16 07:23:00,374.93,375.04,374.84,375.04,1493
2026-07-16 07:24:00,374.9,374.9,374.9,374.9,169
2026-07-16 07:25:00,374.983,374.983,374.83,374.83,1096
2026-07-16 07:26:00,374.7322,374.8,374.7322,374.8,461
2026-07-16 07:27:00,374.94,374.94,374.94,374.94,40
2026-07-16 07:28:00,374.8,374.8,374.5,374.5,881
2026-07-16 07:29:00,374.36,374.51,374.29,374.361,3555
2026-07-16 07:30:00,374.3371,374.5,374.3371,374.5,455
2026-07-16 07:31:00,374.4537,374.4537,373.87,373.87,1847
2026-07-16 07:32:00,373.9782,374.03,373.9782,373.98,505
2026-07-16 07:33:00,374.06,374.32,374.06,374.32,458
2026-07-16 07:34:00,374.2,374.2,374,374.03,380
2026-07-16 07:35:00,374.45,374.45,374.11,374.11,386
2026-07-16 07:36:00,374.11,374.11,374.0294,374.0294,108
2026-07-16 07:37:00,374.2,374.43,374.11,374.2513,802
2026-07-16 07:38:00,374.25,374.34,374,374,595
2026-07-16 07:39:00,373.8,373.8849,373.6,373.88,2330
2026-07-16 07:40:00,373.8,373.8,373.8,373.8,40
2026-07-16 07:42:00,373.8,373.8,373.7276,373.8,401
2026-07-16 07:43:00,373.92,374,373.92,374,150
2026-07-16 07:44:00,373.9,374.01,373.9,374.01,1728
2026-07-16 07:45:00,374.01,374.1859,374,374.03,1010
2026-07-16 07:46:00,373.93,373.94,373.7561,373.85,1445
2026-07-16 07:47:00,373.8351,373.93,373.82,373.93,740
2026-07-16 07:48:00,373.93,374.03,373.86,373.86,771
2026-07-16 07:49:00,374.11,374.15,373.44,373.44,1419
2026-07-16 07:50:00,373.74,373.77,373.3548,373.56,418
2026-07-16 07:51:00,373.96,373.96,373.42,373.45,425
2026-07-16 07:52:00,373.88,373.88,373.8045,373.8045,200
2026-07-16 07:53:00,373.92,373.92,373.45,373.6951,1425
2026-07-16 07:54:00,373.42,373.5051,373.26,373.5051,478
2026-07-16 07:55:00,373.37,373.4484,373.37,373.4484,300
2026-07-16 07:56:00,373.5,373.5,373.46,373.46,300
2026-07-16 07:57:00,373.46,373.46,373.46,373.46,116
2026-07-16 07:58:00,373.4206,373.45,373.39,373.45,940
2026-07-16 07:59:00,373.5,373.5,373.35,373.5,1870
2026-07-16 08:00:00,373.36,374,373.36,373.9,1655
2026-07-16 08:01:00,373.9478,373.99,373.8045,373.9889,980
2026-07-16 08:02:00,373.9779,373.99,373.8,373.8304,2178
2026-07-16 08:03:00,374,374,374,374,80
2026-07-16 08:04:00,374,374,373.9,373.9238,198
2026-07-16 08:05:00,373.84,374,373.7931,373.7931,300
2026-07-16 08:06:00,373.6443,373.6443,373.6443,373.6443,200
2026-07-16 08:07:00,373.62,373.62,373.45,373.45,2194
2026-07-16 08:08:00,373.4,373.4195,373.4,373.4195,760
2026-07-16 08:09:00,373.46,373.46,373.36,373.36,450
2026-07-16 08:10:00,373.3718,373.53,373.3718,373.53,144
2026-07-16 08:11:00,373.4303,373.6,373.4303,373.6,711
2026-07-16 08:12:00,373.7775,373.7775,373.5,373.5,640
2026-07-16 08:13:00,373.35,373.35,372.97,373,2056
2026-07-16 08:14:00,372.94,372.94,372.8,372.8,460
2026-07-16 08:15:00,372.9152,372.9152,372.8,372.82,499
2026-07-16 08:16:00,372.8,372.8,372.7177,372.78,1417
2026-07-16 08:17:00,372.87,372.94,372.81,372.87,464
2026-07-16 08:18:00,372.962,373,372.89,372.9,882
2026-07-16 08:19:00,372.94,373.01,372.91,373,656
2026-07-16 08:20:00,372.99,373,372.95,373,614
2026-07-16 08:21:00,372.95,372.96,372.2,372.44,4655
2026-07-16 08:22:00,372.49,372.5,372.49,372.5,157
2026-07-16 08:23:00,372.7349,372.87,372.7349,372.87,500
2026-07-16 08:24:00,372.71,372.71,372.6658,372.6658,724
2026-07-16 08:25:00,372.66,372.98,372.66,372.98,287
2026-07-16 08:26:00,372.74,372.81,372.5871,372.63,1514
2026-07-16 08:27:00,372.542,372.6,372.49,372.55,1552
2026-07-16 08:28:00,372.55,372.6,372.49,372.49,390
2026-07-16 08:29:00,372.47,372.47,372.25,372.25,531
2026-07-16 08:30:00,372.5,372.75,372.5,372.5355,1360
2026-07-16 08:31:00,372.5,372.5,372.28,372.28,460
2026-07-16 08:32:00,372.46,372.46,372.3793,372.4,1482
2026-07-16 08:33:00,372.36,372.36,372.36,372.36,40
2026-07-16 08:34:00,372.69,372.69,372.36,372.53,4114
2026-07-16 08:35:00,372.588,372.63,372.588,372.63,285
2026-07-16 08:36:00,372.64,372.75,372,372,8718
2026-07-16 08:37:00,372,372.11,372,372.02,3145
2026-07-16 08:38:00,372.02,372.38,372.02,372.3,1074
2026-07-16 08:39:00,372.45,372.47,372.15,372.15,1391
2026-07-16 08:40:00,372.37,372.5,372.37,372.37,624
2026-07-16 08:41:00,372.172,372.48,372.08,372.09,1411
2026-07-16 08:42:00,372.0985,372.19,372,372.01,1610
2026-07-16 08:43:00,372,372.11,371.5,371.5,5720
2026-07-16 08:44:00,371.79,371.99,371.7,371.99,1827
2026-07-16 08:45:00,372,372.16,371.87,372.16,1712
2026-07-16 08:46:00,372.12,372.25,372,372.25,863
2026-07-16 08:47:00,372,372,372,372,337
2026-07-16 08:48:00,372.09,372.33,372.03,372.22,1216
2026-07-16 08:49:00,372.2313,372.2313,372.01,372.01,2286
2026-07-16 08:50:00,372.1716,372.19,372.11,372.19,142
2026-07-16 08:51:00,372.1,372.15,372,372.07,6435
2026-07-16 08:52:00,371.93,371.99,371.8065,371.81,2251
2026-07-16 08:53:00,371.81,371.95,371.81,371.95,80
2026-07-16 08:54:00,371.9,372.4,371.9,372.18,810
2026-07-16 08:55:00,372.315,372.4009,372.21,372.21,258
2026-07-16 08:56:00,372.34,372.43,372.2,372.2,2337
2026-07-16 08:57:00,372.2,372.29,372.2,372.25,172
2026-07-16 08:58:00,372.23,372.3245,372.23,372.3245,350
2026-07-16 08:59:00,372.3,372.3,372.3,372.3,135
2026-07-16 09:00:00,372.42,372.42,372.42,372.42,62
2026-07-16 09:01:00,372.48,372.48,372.3,372.3,1250
2026-07-16 09:02:00,372.3959,372.3959,372.2,372.2,230
2026-07-16 09:03:00,372.18,372.18,372.1,372.17,3070
2026-07-16 09:04:00,372.1771,372.3,372.1771,372.3,92
2026-07-16 09:05:00,372.26,372.4,372.18,372.29,2007
2026-07-16 09:06:00,372.22,372.29,372.08,372.08,709
2026-07-16 09:07:00,372.2604,372.2604,372.11,372.14,843
2026-07-16 09:08:00,372.15,372.15,372.07,372.07,1107
2026-07-16 09:09:00,372.15,372.2423,372.15,372.2,344
2026-07-16 09:10:00,372.15,372.29,372.15,372.23,329
2026-07-16 09:11:00,372.25,372.27,372.21,372.27,3527
2026-07-16 09:12:00,372.13,372.1305,372.13,372.1305,150
2026-07-16 09:13:00,372.26,372.42,372.25,372.26,3031
2026-07-16 09:14:00,372.31,372.3804,372.27,372.27,1426
2026-07-16 09:15:00,372.26,372.27,372.1,372.18,440
2026-07-16 09:16:00,372.28,372.48,372.28,372.42,369
2026-07-16 09:17:00,372.4,372.4,372.28,372.34,1012
2026-07-16 09:18:00,372.32,372.32,372.31,372.31,161
2026-07-16 09:19:00,372.24,372.3875,372.08,372.08,400
2026-07-16 09:20:00,372.22,372.22,372,372,1605
2026-07-16 09:21:00,371.9,372.19,371.77,372.15,854
2026-07-16 09:22:00,372.14,372.2499,372.14,372.2499,5908
2026-07-16 09:23:00,372.14,372.14,371.8,371.91,1394
2026-07-16 09:24:00,372.03,372.2066,371.99,372.2066,4936
2026-07-16 09:25:00,372.04,372.2,371.71,371.71,1812
2026-07-16 09:26:00,371.76,371.87,371.76,371.87,226
2026-07-16 09:27:00,371.86,372.9528,371.54,372.07,2981
2026-07-16 09:28:00,372.03,372.69,372.03,372.515,1984
2026-07-16 09:29:00,372.3,372.62,372.12,372.16,1643
2026-07-16 09:30:00,372.18,373.8,371.7801,373.7,246200
2026-07-16 09:31:00,373.675,374.35,372.71,373.77,87311
2026-07-16 09:32:00,373.77,374.065,371.71,371.91,64673
2026-07-16 09:33:00,371.68,371.85,369.8081,370.41,74109
2026-07-16 09:34:00,370.52,371.23,368.73,369.67,78024
2026-07-16 09:35:00,369.76,370.0099,368.88,369.0699,81854
2026-07-16 09:36:00,369,370.25,368.88,370.14,63731
2026-07-16 09:37:00,370.14,371.95,369.92,371.45,66344
2026-07-16 09:38:00,371.49,371.82,371.05,371.315,52018
2026-07-16 09:39:00,371.26,371.28,370.4301,371.055,27542
2026-07-16 09:40:00,371.1099,371.34,370.09,370.09,57703
2026-07-16 09:41:00,370.15,370.76,368.91,368.985,50834
2026-07-16 09:42:00,368.9,369.465,368.5011,368.6699,43381
2026-07-16 09:43:00,368.595,369.19,368.37,369.1742,43220
2026-07-16 09:44:00,369.11,369.79,368.76,369.06,33124
2026-07-16 09:45:00,369.015,369.705,368.75,369.34,49307
2026-07-16 09:46:00,369.28,369.67,369.13,369.565,29719
2026-07-16 09:47:00,369.63,370.73,369.34,370.41,36187
2026-07-16 09:48:00,370.37,370.6,370.02,370.51,38523
2026-07-16 09:49:00,370.51,370.61,369.84,370.1,41053
2026-07-16 09:50:00,370.05,370.095,369.37,369.695,30732
2026-07-16 09:51:00,369.77,369.97,369.46,369.6,29094
2026-07-16 09:52:00,369.69,370.4,369.5693,370.165,25128
2026-07-16 09:53:00,370.11,370.48,369.76,370.48,22761
2026-07-16 09:54:00,370.48,370.53,370.06,370.08,36617
2026-07-16 09:55:00,370.12,370.2,369.5672,370.025,33455
2026-07-16 09:56:00,370.035,370.82,369.9,370.74,31807
2026-07-16 09:57:00,370.74,370.91,370.14,370.14,40158
2026-07-16 09:58:00,370.16,370.25,369.76,370.07,39873
2026-07-16 09:59:00,370.07,370.133,369.81,369.98,27093
2026-07-16 10:00:00,369.98,370.055,369.17,369.6,35179
2026-07-16 10:01:00,369.61,369.95,369.415,369.89,29205
2026-07-16 10:02:00,369.922,370.17,369.77,370.11,47955
2026-07-16 10:03:00,370.155,370.16,369.76,370.14,24344
2026-07-16 10:04:00,370.15,370.4,369.92,370.1895,35682
2026-07-16 10:05:00,370.16,370.31,369.6765,369.8991,22360
2026-07-16 10:06:00,369.875,369.875,369.15,369.39,42565
2026-07-16 10:07:00,369.42,369.76,369.34,369.53,22786
2026-07-16 10:08:00,369.6,369.93,369.49,369.59,32670
2026-07-16 10:09:00,369.6325,369.92,368.8,369.88,46283
2026-07-16 10:10:00,369.9,370.11,369.65,369.775,31959
2026-07-16 10:11:00,369.78,370.03,369.59,369.9,27740
2026-07-16 10:12:00,369.89,370.25,369.67,370.25,38964
2026-07-16 10:13:00,370.17,370.29,369.95,370.105,21415
2026-07-16 10:14:00,370.04,370.37,369.8,369.89,32591
2026-07-16 10:15:00,369.895,370.59,369.86,370.55,30634
2026-07-16 10:16:00,370.59,371,370.5116,370.8001,42621
2026-07-16 10:17:00,370.9,370.94,370.5123,370.87,29983
2026-07-16 10:18:00,370.75,371.3,370.72,371.1,31400
2026-07-16 10:19:00,371.1,371.33,370.96,371.1112,31742
2026-07-16 10:20:00,371.13,371.57,370.99,371.52,31731
2026-07-16 10:21:00,371.54,371.71,371.07,371.22,36141
2026-07-16 10:22:00,371.25,371.37,370.99,371.21,34236
2026-07-16 10:23:00,371.25,371.38,370.94,371.21,28998
2026-07-16 10:24:00,371.33,371.48,371.12,371.2708,28175
2026-07-16 10:25:00,371.285,371.4,371.0101,371.31,12925
2026-07-16 10:26:00,371.285,371.4,371.01,371.36,35932
2026-07-16 10:27:00,371.4,371.97,371.4,371.79,40953
2026-07-16 10:28:00,371.79,372.24,371.75,372.17,54246
2026-07-16 10:29:00,372.25,372.43,372.06,372.29,42473
2026-07-16 10:30:00,372.3,373.11,372.3,373.05,43992
2026-07-16 10:31:00,373.05,373.4586,372.99,373.39,75238
2026-07-16 10:32:00,373.385,374,373.33,373.835,76944
2026-07-16 10:33:00,373.82,374.1,373.77,373.91,72375
2026-07-16 10:34:00,373.91,374.04,373.54,373.72,51919
2026-07-16 10:35:00,373.75,373.9,373.32,373.365,47442
2026-07-16 10:36:00,373.3356,373.81,373.32,373.32,55417
2026-07-16 10:37:00,373.35,373.54,373.11,373.225,39398
2026-07-16 10:38:00,373.22,373.63,373.15,373.36,37074
2026-07-16 10:39:00,373.395,373.63,373.17,373.188,29618
2026-07-16 10:40:00,373.24,373.48,373.12,373.36,32675
2026-07-16 10:41:00,373.34,373.34,372.6,372.61,47785
2026-07-16 10:42:00,372.615,373.24,372.5,373.13,20590
2026-07-16 10:43:00,373.17,373.53,373.04,373.04,26009
2026-07-16 10:44:00,373.05,373.1685,372.6601,372.91,19819
2026-07-16 10:45:00,372.8201,372.97,371.83,371.85,46197
2026-07-16 10:46:00,371.85,372.36,371.85,372.06,23207
2026-07-16 10:47:00,372.06,372.53,371.91,372.44,19400
2026-07-16 10:48:00,372.4,372.71,372.33,372.53,43315
2026-07-16 10:49:00,372.54,372.64,372.31,372.4921,43028
2026-07-16 10:50:00,372.4701,372.81,372.3,372.36,29828
2026-07-16 10:51:00,372.35,372.72,372.2001,372.24,35041
2026-07-16 10:52:00,372.29,372.8354,372.29,372.82,29743
2026-07-16 10:53:00,372.855,372.99,372.43,372.5975,42494
2026-07-16 10:54:00,372.58,372.65,371.54,371.74,36219
2026-07-16 10:55:00,371.68,371.68,370.8119,371.39,69323
2026-07-16 10:56:00,371.39,371.7999,371.35,371.6978,25582
2026-07-16 10:57:00,371.71,372.01,371.56,371.9098,19675
2026-07-16 10:58:00,371.9,372.18,371.8501,371.97,23413
2026-07-16 10:59:00,371.9,372.34,371.82,372.15,22762
2026-07-16 11:00:00,372.225,372.63,371.86,372.01,24321
2026-07-16 11:01:00,372.03,372.15,371.7001,372.14,11349
2026-07-16 11:02:00,372.14,372.4199,372.11,372.4199,19230
2026-07-16 11:03:00,372.39,372.52,372.19,372.21,23000
2026-07-16 11:04:00,372.24,372.35,371.83,371.9447,39266
2026-07-16 11:05:00,371.97,372.09,371.76,372.05,15357
2026-07-16 11:06:00,371.95,371.99,371.545,371.61,15884
2026-07-16 11:07:00,371.59,371.59,371.09,371.0958,14637
2026-07-16 11:08:00,371.1555,371.2599,370.86,371.065,18844
2026-07-16 11:09:00,371.12,371.45,371.01,371.36,21532
2026-07-16 11:10:00,371.3655,371.5499,371.27,371.375,9193
2026-07-16 11:11:00,371.375,371.7152,371.25,371.37,16632
2026-07-16 11:12:00,371.37,371.52,371.27,371.42,15469
2026-07-16 11:13:00,371.44,371.63,371.3,371.33,16442
2026-07-16 11:14:00,371.33,371.42,371.11,371.27,26068
2026-07-16 11:15:00,371.31,371.5,371.195,371.4871,26331
2026-07-16 11:16:00,371.455,371.5599,371.28,371.4486,24179
2026-07-16 11:17:00,371.39,371.45,371.21,371.41,17487
2026-07-16 11:18:00,371.415,371.86,371.38,371.69,19430
2026-07-16 11:19:00,371.7,371.87,371.6,371.7301,11017
2026-07-16 11:20:00,371.75,371.91,371.61,371.61,37073
2026-07-16 11:21:00,371.61,371.645,371.382,371.63,24400
2026-07-16 11:22:00,371.61,371.67,371.46,371.61,24121
2026-07-16 11:23:00,371.64,371.74,371.185,371.24,77585
2026-07-16 11:24:00,371.2,371.5,371.105,371.265,25557
2026-07-16 11:25:00,371.26,371.915,371.255,371.82,27098
2026-07-16 11:26:00,371.83,371.92,371.575,371.64,27488
2026-07-16 11:27:00,371.66,371.765,371.38,371.52,20206
2026-07-16 11:28:00,371.53,371.542,371,371.19,93666
2026-07-16 11:29:00,371.2325,371.26,371,371.06,54698
2026-07-16 11:30:00,371.12,371.14,370.5005,370.865,50890
2026-07-16 11:31:00,370.9117,371.19,370.7301,371.19,22912
2026-07-16 11:32:00,371.2,371.5,371.15,371.33,20479
2026-07-16 11:33:00,371.335,371.73,371.335,371.56,13726
2026-07-16 11:34:00,371.555,371.56,371,371.2,26313
2026-07-16 11:35:00,371.2,371.33,371.1371,371.24,9206
2026-07-16 11:36:00,371.24,371.31,370.945,371.01,9337
2026-07-16 11:37:00,370.98,371.18,370.84,370.84,12584
2026-07-16 11:38:00,370.865,370.93,370.77,370.84,11304
2026-07-16 11:39:00,370.79,370.99,370.78,370.84,15352
2026-07-16 11:40:00,370.87,371.0651,370.835,370.99,11286
2026-07-16 11:41:00,370.95,371.07,370.82,370.94,11501
2026-07-16 11:42:00,370.92,371.34,370.905,371.175,19046
2026-07-16 11:43:00,371.17,371.41,371.01,371.06,9328
2026-07-16 11:44:00,371.05,371.34,370.99,371.29,12128
2026-07-16 11:45:00,371.26,371.63,371.26,371.44,20740
2026-07-16 11:46:00,371.45,371.4699,371.13,371.41,16615
2026-07-16 11:47:00,371.4395,371.77,371.14,371.17,24920
2026-07-16 11:48:00,371.185,371.32,370.9683,371.0799,7251
2026-07-16 11:49:00,371.005,371.28,370.93,371.26,23652
2026-07-16 11:50:00,371.29,371.83,371.29,371.79,16866
2026-07-16 11:51:00,371.85,372.26,371.85,372.16,35000
2026-07-16 11:52:00,372.14,372.39,372.07,372.09,16654
2026-07-16 11:53:00,372.04,372.105,371.86,371.9,14791
2026-07-16 11:54:00,371.88,371.88,371.65,371.73,8748
2026-07-16 11:55:00,371.71,371.78,371.22,371.49,21734
2026-07-16 11:56:00,371.49,371.85,371.45,371.85,12384
2026-07-16 11:57:00,371.89,372.1269,371.7001,371.73,17177
2026-07-16 11:58:00,371.745,371.76,370.77,370.98,49631
2026-07-16 11:59:00,370.95,371.18,370.68,370.765,30418
2026-07-16 12:00:00,370.765,370.94,369.82,370.039,30411
2026-07-16 12:01:00,370.0395,370.5604,369.985,370.34,12630
2026-07-16 12:02:00,370.38,370.53,370.16,370.305,15538
2026-07-16 12:03:00,370.305,370.7,370.23,370.66,10186
2026-07-16 12:04:00,370.62,370.62,369.965,370.11,18607
2026-07-16 12:05:00,370.06,370.08,369.76,369.78,30932
2026-07-16 12:06:00,369.785,370.24,369.63,370.17,22487
2026-07-16 12:07:00,370.14,370.295,369.91,370.11,16007
2026-07-16 12:08:00,370.12,370.34,369.87,369.94,15188
2026-07-16 12:09:00,369.97,369.97,369.705,369.705,19807
2026-07-16 12:10:00,369.72,370.025,369.375,369.9667,37109
2026-07-16 12:11:00,369.89,370.08,369.82,369.97,14499
2026-07-16 12:12:00,370.025,370.16,369.945,370.095,11226
2026-07-16 12:13:00,370.095,370.42,370.02,370.4,16699
2026-07-16 12:14:00,370.45,370.72,370.408,370.53,21592
2026-07-16 12:15:00,370.55,370.59,370.31,370.54,21928
2026-07-16 12:16:00,370.51,371.0499,370.4768,370.985,11508
2026-07-16 12:17:00,371.02,371.06,370.76,370.89,13205
2026-07-16 12:18:00,370.9,371.15,370.9,371.03,14079
2026-07-16 12:19:00,371.09,371.09,370.56,370.69,11645
2026-07-16 12:20:00,370.77,370.81,370.47,370.59,18778
2026-07-16 12:21:00,370.59,370.83,370.5846,370.6775,11844
2026-07-16 12:22:00,370.655,370.67,370.19,370.3275,13283
2026-07-16 12:23:00,370.33,370.41,369.93,370.03,20439
2026-07-16 12:24:00,370.02,370.2,369.8175,369.8396,16975
2026-07-16 12:25:00,369.84,370.06,369.69,369.92,21625
2026-07-16 12:26:00,369.94,370.4,369.75,370.155,30996
2026-07-16 12:27:00,370.15,370.63,370.15,370.5,15180
2026-07-16 12:28:00,370.5559,370.79,370.44,370.74,18666
2026-07-16 12:29:00,370.78,370.91,370.61,370.855,18451
2026-07-16 12:30:00,370.855,370.9756,370.74,370.91,14517
2026-07-16 12:31:00,370.9336,371.15,370.82,370.99,19171
2026-07-16 12:32:00,370.96,371.03,370.7,370.77,13375
2026-07-16 12:33:00,370.795,370.845,370.45,370.5,24064
2026-07-16 12:34:00,370.49,370.81,370.46,370.6601,11621
2026-07-16 12:35:00,370.71,371.03,370.69,371.025,12478
2026-07-16 12:36:00,371.05,371.07,370.73,370.835,26703
2026-07-16 12:37:00,370.83,370.875,370.5301,370.8,18950
2026-07-16 12:38:00,370.84,371.07,370.755,370.97,15168
2026-07-16 12:39:00,371,371.01,370.72,370.74,16230
2026-07-16 12:40:00,370.775,370.87,370.58,370.66,13865
2026-07-16 12:41:00,370.66,370.855,370.63,370.63,9383
2026-07-16 12:42:00,370.63,370.76,370.48,370.62,10802
2026-07-16 12:43:00,370.62,370.82,370.61,370.685,9688
2026-07-16 12:44:00,370.685,370.84,370.605,370.615,11743
2026-07-16 12:45:00,370.65,370.93,370.65,370.69,14147
2026-07-16 12:46:00,370.68,370.96,370.65,370.905,18062
2026-07-16 12:47:00,370.94,371.12,370.78,370.935,14297
2026-07-16 12:48:00,370.97,371.15,370.76,370.95,16512
2026-07-16 12:49:00,370.95,371.04,370.8601,370.89,9760
2026-07-16 12:50:00,370.91,371.37,370.89,371.14,19002
2026-07-16 12:51:00,371.18,371.32,371.07,371.22,12064
2026-07-16 12:52:00,371.18,371.47,371.13,371.44,6207
2026-07-16 12:53:00,371.49,371.68,371.4681,371.67,9474
2026-07-16 12:54:00,371.655,371.655,371.33,371.41,12396
2026-07-16 12:55:00,371.3772,371.69,371.3772,371.5035,14633
2026-07-16 12:56:00,371.56,371.58,371.29,371.35,8687
2026-07-16 12:57:00,371.3951,371.565,371.28,371.36,8265
2026-07-16 12:58:00,371.325,371.34,371.04,371.06,8115
2026-07-16 12:59:00,371.07,371.195,370.89,371.195,32867
2026-07-16 13:00:00,371.185,371.23,370.89,370.96,12542
2026-07-16 13:01:00,370.92,371.24,370.92,371.18,3815
2026-07-16 13:02:00,371.11,371.1125,370.9701,370.9701,3810
2026-07-16 13:03:00,371,371.16,370.945,371.02,13524
2026-07-16 13:04:00,371,371.2,370.9,371.1433,10004
2026-07-16 13:05:00,371.11,371.135,370.67,370.69,18489
2026-07-16 13:06:00,370.76,370.975,370.675,370.715,13309
2026-07-16 13:07:00,370.71,370.88,370.63,370.81,26403
2026-07-16 13:08:00,370.8799,370.94,370.7,370.8725,13788
2026-07-16 13:09:00,370.83,370.839,370.56,370.57,18945
2026-07-16 13:10:00,370.58,370.66,370.3967,370.415,11254
2026-07-16 13:11:00,370.415,370.47,370.25,370.315,20361
2026-07-16 13:12:00,370.31,370.5,370.29,370.4,11059
2026-07-16 13:13:00,370.4,370.56,370.36,370.46,19211
2026-07-16 13:14:00,370.46,370.56,370.3501,370.3501,8057
2026-07-16 13:15:00,370.4,370.61,370.33,370.5001,14221
2026-07-16 13:16:00,370.53,370.55,370.4147,370.52,9908
2026-07-16 13:17:00,370.53,370.64,370.45,370.64,5242
2026-07-16 13:18:00,370.6206,370.74,370.6206,370.72,11611
2026-07-16 13:19:00,370.76,370.96,370.76,370.8399,10073
2026-07-16 13:20:00,370.795,370.9,370.7,370.89,16441
2026-07-16 13:21:00,370.875,371.08,370.83,370.9217,11786
2026-07-16 13:22:00,370.96,370.96,370.7645,370.8278,10609
2026-07-16 13:23:00,370.83,370.86,370.72,370.86,13091
2026-07-16 13:24:00,370.86,370.98,370.78,370.875,25692
2026-07-16 13:25:00,370.875,370.97,370.82,370.95,14585
2026-07-16 13:26:00,370.95,371.05,370.88,371.05,9560
2026-07-16 13:27:00,371.0495,371.1899,370.92,371.125,11120
2026-07-16 13:28:00,371.125,371.23,371.01,371.12,18724
2026-07-16 13:29:00,371.075,371.2,371.03,371.19,12994
2026-07-16 13:30:00,371.14,371.34,371.14,371.28,9066
2026-07-16 13:31:00,371.25,371.41,371.19,371.39,7914
2026-07-16 13:32:00,371.41,371.48,371.23,371.29,13774
2026-07-16 13:33:00,371.3,371.35,371,371.05,9709
2026-07-16 13:34:00,371.05,371.089,370.965,370.995,8184
2026-07-16 13:35:00,371.02,371.2,370.955,371.08,6687
2026-07-16 13:36:00,371.07,371.07,370.77,370.85,8587
2026-07-16 13:37:00,370.82,370.9425,370.75,370.75,5558
2026-07-16 13:38:00,370.7642,370.85,370.645,370.71,11742
2026-07-16 13:39:00,370.69,370.75,370.61,370.64,5482
2026-07-16 13:40:00,370.63,370.66,370.49,370.49,12487
2026-07-16 13:41:00,370.51,370.74,370.51,370.72,25814
2026-07-16 13:42:00,370.6742,370.91,370.645,370.68,15829
2026-07-16 13:43:00,370.63,370.75,370.51,370.69,19078
2026-07-16 13:44:00,370.69,371.05,370.69,371.02,19539
2026-07-16 13:45:00,371.05,371.22,370.96,371.21,10120
2026-07-16 13:46:00,371.2,371.49,371.185,371.455,10334
2026-07-16 13:47:00,371.44,371.58,371.26,371.49,26771
2026-07-16 13:48:00,371.48,371.48,371.1801,371.285,12583
2026-07-16 13:49:00,371.33,371.36,371.0251,371.09,8654
2026-07-16 13:50:00,371.12,371.24,370.97,371.185,6122
2026-07-16 13:51:00,371.1817,371.27,371.1,371.16,12701
2026-07-16 13:52:00,371.125,371.255,371.02,371.19,6865
2026-07-16 13:53:00,371.19,371.34,371.06,371.065,23382
2026-07-16 13:54:00,371.065,371.21,371.065,371.175,24813
2026-07-16 13:55:00,371.175,371.29,371.1,371.105,15455
2026-07-16 13:56:00,371.08,371.18,370.99,370.99,11745
2026-07-16 13:57:00,370.99,371.08,370.95,370.99,10018
2026-07-16 13:58:00,370.995,371.1,370.9625,371.015,12133
2026-07-16 13:59:00,371.015,371.06,370.92,370.93,11482
2026-07-16 14:00:00,370.93,370.98,370.71,370.88,25754
2026-07-16 14:01:00,370.89,370.95,370.81,370.915,12403
2026-07-16 14:02:00,370.92,370.94,370.53,370.695,16285
2026-07-16 14:03:00,370.675,370.7,370.49,370.55,73018
2026-07-16 14:04:00,370.49,370.52,370.01,370.06,20738
2026-07-16 14:05:00,370.045,370.25,369.97,370.03,25310
2026-07-16 14:06:00,370.02,370.054,369.6325,369.705,27047
2026-07-16 14:07:00,369.705,369.705,364.42,364.68,193400
2026-07-16 14:08:00,364.775,365.4,363.23,363.4428,173983
2026-07-16 14:09:00,363.48,363.73,361.1801,361.4,170678
2026-07-16 14:10:00,361.41,363.71,360.7119,363.1,173312
2026-07-16 14:11:00,363.23,364.3366,361.85,362.2101,173007
2026-07-16 14:12:00,362.405,362.54,361.03,361.3843,162282
2026-07-16 14:13:00,361.47,363.26,360.74,363.25,123483
2026-07-16 14:14:00,363.25,364.19,363.08,363.64,145668
2026-07-16 14:15:00,363.73,364.29,363.31,364.05,119261
2026-07-16 14:16:00,364.05,365.17,363.97,365.1,98625
2026-07-16 14:17:00,365.19,365.39,364.26,364.35,63377
2026-07-16 14:18:00,364.25,364.86,364.03,364.38,59650
2026-07-16 14:19:00,364.35,364.49,362.42,362.755,82132
2026-07-16 14:20:00,362.65,363.18,362.0401,362.59,59512
2026-07-16 14:21:00,362.545,363.36,362.28,362.93,53255
2026-07-16 14:22:00,362.91,363.66,362.73,363.385,37376
2026-07-16 14:23:00,363.32,363.32,361.32,362.03,95905
2026-07-16 14:24:00,361.94,362.165,360.2539,360.31,80482
2026-07-16 14:25:00,360.21,361.33,359.76,360.3999,118298
2026-07-16 14:26:00,360.21,360.79,359.78,359.85,172711
2026-07-16 14:27:00,359.84,359.97,358.91,359.03,150560
2026-07-16 14:28:00,359.07,359.89,358.8,359.76,122605
2026-07-16 14:29:00,359.84,361.32,359.7567,360.86,88599
2026-07-16 14:30:00,360.83,361.08,360.05,360.425,58969
2026-07-16 14:31:00,360.4883,360.7156,359.86,360.59,56449
2026-07-16 14:32:00,360.5975,361.2,359.89,361.1496,26944
2026-07-16 14:33:00,361.2,361.57,360.21,360.505,53607
2026-07-16 14:34:00,360.505,360.67,359.91,360.54,64552
2026-07-16 14:35:00,360.61,360.77,360.22,360.59,27551
2026-07-16 14:36:00,360.595,360.595,359,359.11,56325
2026-07-16 14:37:00,359.08,359.26,358.74,359.025,59794
2026-07-16 14:38:00,359.09,359.64,358.98,359.02,71831
2026-07-16 14:39:00,359.085,359.4,358.381,358.5439,56211
2026-07-16 14:40:00,358.6,359.2601,357.815,359.1963,76534
2026-07-16 14:41:00,359.255,360,359.06,359.285,38348
2026-07-16 14:42:00,359.3899,360.18,359.21,359.651,49388
2026-07-16 14:43:00,359.625,359.76,359.04,359.31,45784
2026-07-16 14:44:00,359.31,359.86,358.69,358.87,33308
2026-07-16 14:45:00,358.81,360.09,358.69,359.57,36753
2026-07-16 14:46:00,359.69,359.75,359.0505,359.42,73988
2026-07-16 14:47:00,359.475,359.475,358.7307,358.84,27730
2026-07-16 14:48:00,358.86,359.1,358.33,358.535,25580
2026-07-16 14:49:00,358.535,358.7,358.35,358.56,25904
2026-07-16 14:50:00,358.52,358.65,358,358.09,53269
2026-07-16 14:51:00,358.09,358.35,357.68,357.93,44015
2026-07-16 14:52:00,357.9793,357.9793,357.25,357.26,36524
2026-07-16 14:53:00,357.31,357.7258,357.08,357.6063,31074
2026-07-16 14:54:00,357.63,357.69,357.38,357.625,20770
2026-07-16 14:55:00,357.56,357.61,356.58,356.7101,56975
2026-07-16 14:56:00,356.745,357.06,356.5501,356.67,34131
2026-07-16 14:57:00,356.67,357,356.2601,356.4,47265
2026-07-16 14:58:00,356.33,356.4,355.91,356.28,54102
2026-07-16 14:59:00,356.3,356.54,355.95,356.0697,70778
2026-07-16 15:00:00,356.02,356.09,355.61,355.61,52904
2026-07-16 15:01:00,355.6119,355.72,354.83,355.39,75493
2026-07-16 15:02:00,355.37,356.6045,355.23,356.445,117087
2026-07-16 15:03:00,356.45,356.6,355.56,355.8,46867
2026-07-16 15:04:00,355.74,356.18,355.405,356.1,47113
2026-07-16 15:05:00,356.2,356.46,355.84,356.315,50466
2026-07-16 15:06:00,356.3236,356.3236,355.62,355.9921,42860
2026-07-16 15:07:00,355.93,356.06,355.4,355.88,47148
2026-07-16 15:08:00,355.86,355.91,355.2,355.38,40514
2026-07-16 15:09:00,355.36,355.51,354.1,354.175,63155
2026-07-16 15:10:00,354.25,354.54,353.71,353.83,118496
2026-07-16 15:11:00,353.8399,354.06,353.25,353.6,70636
2026-07-16 15:12:00,353.708,353.81,353.25,353.27,98764
2026-07-16 15:13:00,353.315,353.75,353.025,353.64,71861
2026-07-16 15:14:00,353.64,353.65,353.305,353.43,37000
2026-07-16 15:15:00,353.44,353.5399,352.7,353.275,76730
2026-07-16 15:16:00,353.275,353.5,352.7019,353.13,62410
2026-07-16 15:17:00,353.05,353.075,352.1101,352.37,54049
2026-07-16 15:18:00,352.47,352.7,351.6701,352.625,84798
2026-07-16 15:19:00,352.69,353.2099,352.54,353.14,66237
2026-07-16 15:20:00,353.095,353.21,352.2,352.2,41519
2026-07-16 15:21:00,352.2,352.66,352,352.56,36898
2026-07-16 15:22:00,352.66,353.25,352.58,352.91,39882
2026-07-16 15:23:00,352.99,353.33,352.59,352.61,46462
2026-07-16 15:24:00,352.61,352.61,351.83,352.34,49799
2026-07-16 15:25:00,352.45,353.4386,352.34,353.26,46992
2026-07-16 15:26:00,353.2561,353.61,352.25,352.75,89980
2026-07-16 15:27:00,352.74,353.1601,352.19,353.1118,45288
2026-07-16 15:28:00,353.1425,353.87,352.9701,353.755,54418
2026-07-16 15:29:00,353.755,354.329,353.55,353.62,47829
2026-07-16 15:30:00,353.61,354.1,353.425,353.725,55179
2026-07-16 15:31:00,353.75,353.95,353.445,353.74,54200
2026-07-16 15:32:00,353.745,353.95,353.423,353.85,64085
2026-07-16 15:33:00,353.86,354.38,353.84,354.06,58522
2026-07-16 15:34:00,354.15,354.23,353.36,353.77,75100
2026-07-16 15:35:00,353.78,354.07,353.54,353.545,39876
2026-07-16 15:36:00,353.59,353.85,353.45,353.675,38575
2026-07-16 15:37:00,353.72,353.925,353.1,353.9,51419
2026-07-16 15:38:00,353.96,354.44,353.93,354.31,61768
2026-07-16 15:39:00,354.31,354.7,354.2,354.24,34378
2026-07-16 15:40:00,354.24,354.31,353.7,353.88,51451
2026-07-16 15:41:00,353.9,354.19,353.61,353.7999,32014
2026-07-16 15:42:00,353.79,354.02,353.66,353.965,25839
2026-07-16 15:43:00,353.97,354.23,353.38,353.435,53500
2026-07-16 15:44:00,353.4,353.76,352.73,352.75,49933
2026-07-16 15:45:00,352.82,353.0587,352.61,352.95,72491
2026-07-16 15:46:00,352.92,353.22,352.74,353.165,38652
2026-07-16 15:47:00,353.2,353.3,352.96,352.985,44526
2026-07-16 15:48:00,353.01,353.31,352.71,353.25,41618
2026-07-16 15:49:00,353.26,353.32,353.11,353.115,39215
2026-07-16 15:50:00,353.13,354.58,353.125,353.89,89441
2026-07-16 15:51:00,353.86,354.425,353.44,354.075,185624
2026-07-16 15:52:00,354.13,354.26,353.87,354,82559
2026-07-16 15:53:00,353.9464,354.11,353.55,353.58,75460
2026-07-16 15:54:00,353.57,353.57,352.7,353,125766
2026-07-16 15:55:00,352.99,353.74,352.99,353.1,105016
2026-07-16 15:56:00,353.105,353.44,352.97,353.38,103932
2026-07-16 15:57:00,353.39,353.51,353.11,353.285,119585
2026-07-16 15:58:00,353.31,353.81,353.26,353.72,113594
2026-07-16 15:59:00,353.69,354.06,353.57,353.81,297991
2026-07-16 16:00:00,353.845,354.2,353.81,354.19,3020002
2026-07-16 16:01:00,354.12,354.53,354.12,354.5,1522
2026-07-16 16:02:00,354.474,354.9,354.2001,354.81,2533
2026-07-16 16:03:00,354.81,355.3595,354.7887,355.03,2409
2026-07-16 16:04:00,355.0401,355.25,354.6,354.6,2778
2026-07-16 16:05:00,354.99,354.99,354.37,354.55,994
2026-07-16 16:06:00,354.73,354.7444,354.6,354.6,851
2026-07-16 16:07:00,354.79,355,354.769,355,1429
2026-07-16 16:08:00,354.8,355,354.8,355,1806
2026-07-16 16:09:00,354.81,354.81,353.81,353.81,25673
2026-07-16 16:10:00,354.75,355,354.6021,354.82,751
2026-07-16 16:11:00,354.8931,355,354.8931,354.9639,250
2026-07-16 16:12:00,355,355,354.9737,354.9737,372
2026-07-16 16:13:00,354.85,354.85,353.81,354.7319,11540
2026-07-16 16:14:00,354.6046,354.76,354.6046,354.68,1561
2026-07-16 16:15:00,354.69,354.72,354.54,354.65,902
2026-07-16 16:16:00,354.7262,354.76,354.52,354.76,3928
2026-07-16 16:17:00,354.8752,354.8752,354.8752,354.8752,115
2026-07-16 16:18:00,354.95,355.1613,354.81,354.99,3312
2026-07-16 16:19:00,355,355.1268,355,355.1268,951
2026-07-16 16:20:00,355.15,355.23,355.15,355.23,657
2026-07-16 16:21:00,355.25,355.25,355.15,355.15,367
2026-07-16 16:22:00,355.24,355.26,355,355,1129
2026-07-16 16:23:00,355.2301,355.39,355.2301,355.39,445
2026-07-16 16:25:00,355.3,355.5,355.3,355.41,2417
2026-07-16 16:26:00,355.3,355.4,355.29,355.4,274
2026-07-16 16:27:00,355.4,355.5,355.4,355.49,2491
2026-07-16 16:28:00,355.49,355.53,355.43,355.53,417
2026-07-16 16:29:00,355.55,355.7,355.5,355.5,1202
2026-07-16 16:30:00,355.4141,355.4141,355.25,355.25,247
2026-07-16 16:31:00,355.5056,355.5289,355.48,355.48,241
2026-07-16 16:32:00,355.48,355.48,355.48,355.48,130
2026-07-16 16:33:00,355.3,355.3,355.25,355.25,640
2026-07-16 16:34:00,355.4,355.41,355.4,355.41,200
2026-07-16 16:35:00,355.3087,355.35,355.25,355.32,455
2026-07-16 16:38:00,355.439,355.58,355.439,355.58,2266
2026-07-16 16:39:00,355.5799,355.58,355.51,355.51,870
2026-07-16 16:40:00,355.6093,355.6093,355.6093,355.6093,150
2026-07-16 16:41:00,355.5,355.5,355.49,355.49,187
2026-07-16 16:42:00,355.5,355.5,355.48,355.4979,402
2026-07-16 16:43:00,355.5,355.55,355.5,355.55,854
2026-07-16 16:44:00,355.5352,355.7,355.5352,355.7,543
2026-07-16 16:45:00,355.5986,355.6,355.51,355.52,240
2026-07-16 16:46:00,355.6778,355.7,355.6778,355.7,240
2026-07-16 16:47:00,355.66,355.66,355.5,355.52,347
2026-07-16 16:48:00,355.6,355.6,355.55,355.59,644
2026-07-16 16:49:00,355.5,355.67,355.5,355.67,361
2026-07-16 16:50:00,355.7,355.7,355.6,355.6,280
2026-07-16 16:51:00,353.81,355.6099,353.81,355.5635,3320
2026-07-16 16:52:00,355.58,355.6,355.5608,355.6,285
2026-07-16 16:53:00,355.7,355.7,355.7,355.7,80
2026-07-16 16:55:00,355.6,355.6767,355.6,355.63,427
2026-07-16 16:56:00,355.63,355.63,355.55,355.55,425
2026-07-16 16:57:00,355.55,355.69,355.55,355.69,413
2026-07-16 16:58:00,355.7,355.72,355.63,355.63,523
2026-07-16 16:59:00,355.65,355.67,355.58,355.58,579
2026-07-16 17:00:00,355.55,355.55,355.55,355.55,190
2026-07-16 17:01:00,355.5,355.6521,355.5,355.6521,1274
2026-07-16 17:02:00,355.68,355.68,355.6,355.6,276
2026-07-16 17:03:00,355.5155,355.5155,355.5,355.5,5088
2026-07-16 17:04:00,355.5,355.5435,355.5,355.512,755
2026-07-16 17:05:00,355.56,355.56,355.56,355.56,50
2026-07-16 17:06:00,355.5,355.5999,355.5,355.5999,239
2026-07-16 17:08:00,355.6,355.6,355.53,355.5932,436
2026-07-16 17:09:00,355.6,355.6,355.52,355.52,2031
2026-07-16 17:10:00,355.59,355.6,355.5,355.53,667
2026-07-16 17:11:00,355.5,355.54,355.5,355.5,1131
2026-07-16 17:12:00,355.6,355.6,355.5099,355.54,316
2026-07-16 17:13:00,355.58,355.58,355.58,355.58,146
2026-07-16 17:14:00,355.57,355.58,355.54,355.54,1170
2026-07-16 17:15:00,355.55,355.55,355.5,355.5,480
2026-07-16 17:16:00,355.36,355.4,355.3,355.4,807
2026-07-16 17:17:00,355.19,355.238,355.19,355.238,485
2026-07-16 17:22:00,355.2718,355.2718,355.2718,355.2718,100
2026-07-16 17:23:00,355.4484,355.465,355.4304,355.4304,240
2026-07-16 17:24:00,355.45,355.48,355.45,355.48,500
2026-07-16 17:25:00,355.46,355.46,355.1944,355.1944,1290
2026-07-16 17:26:00,355.19,355.35,355.19,355.35,162
2026-07-16 17:27:00,355.3934,355.3934,355.25,355.25,301
2026-07-16 17:30:00,355.3038,355.5,355.3038,355.46,792
2026-07-16 17:31:00,355.4,355.4,355.4,355.4,50
2026-07-16 17:32:00,355.46,355.46,355.46,355.46,593
2026-07-16 17:33:00,355.421,355.45,355.421,355.45,624
2026-07-16 17:36:00,355.4991,355.4991,355.45,355.45,383
2026-07-16 17:37:00,355.5,355.5,355.49,355.5,1164
2026-07-16 17:38:00,355.6,355.6784,355.6,355.6784,433
2026-07-16 17:39:00,355.59,355.59,355.59,355.59,289
2026-07-16 17:40:00,355.59,355.68,355.59,355.68,1323
2026-07-16 17:41:00,355.68,355.68,355.6799,355.6799,752
2026-07-16 17:42:00,355.68,355.68,355.68,355.68,246
2026-07-16 17:43:00,355.6,355.6845,355.6,355.6845,149
2026-07-16 17:44:00,355.6903,355.6903,355.6903,355.6903,100
2026-07-16 17:45:00,355.68,355.68,355.68,355.68,63
2026-07-16 17:47:00,355.6155,355.7,355.6155,355.7,90
2026-07-16 17:48:00,355.7,355.7594,355.7,355.7,233
2026-07-16 17:50:00,355.7553,355.7554,355.6533,355.7554,284
2026-07-16 17:52:00,355.8,355.8,355.8,355.8,50
2026-07-16 17:53:00,355.938,355.938,355.938,355.938,100
2026-07-16 17:54:00,355.9619,356,355.9,356,250
2026-07-16 17:55:00,355.73,355.9432,355.7,355.9432,140
2026-07-16 17:56:00,355.76,355.9799,355.76,355.9799,800
2026-07-16 17:57:00,356,356,356,356,50
2026-07-16 17:59:00,356,356,356,356,49
2026-07-16 18:00:00,356,356.19,356,356.19,1249
2026-07-16 18:01:00,356.6,356.6,356.53,356.53,181
2026-07-16 18:02:00,356.5,356.5,356.25,356.2979,786
2026-07-16 18:03:00,356.3,356.56,356.3,356.56,280
2026-07-16 18:04:00,356.56,356.56,356.56,356.56,200
2026-07-16 18:05:00,356.6,356.6,356.26,356.264,615
2026-07-16 18:06:00,356.2823,356.2823,356.2823,356.2823,62
2026-07-16 18:07:00,356.55,356.6,356.55,356.5535,1230
2026-07-16 18:08:00,356.3,356.3,356.3,356.3,50
2026-07-16 18:09:00,356.68,356.68,356.66,356.66,140
2026-07-16 18:10:00,356.78,356.78,356.78,356.78,40
2026-07-16 18:11:00,356.7209,356.7209,356.7209,356.7209,136
2026-07-16 18:12:00,356.907,357,356.907,356.9845,1138
2026-07-16 18:13:00,357,357.19,357,357.1876,1424
2026-07-16 18:14:00,357.33,357.5,357.12,357.12,778
2026-07-16 18:15:00,357.15,357.262,356.96,356.96,750
2026-07-16 18:16:00,356.9,357.0883,356.75,357.0883,459
2026-07-16 18:17:00,356.76,356.76,356.55,356.55,252
2026-07-16 18:18:00,356.61,356.61,356.25,356.49,1664
2026-07-16 18:19:00,356.3649,356.98,356.3649,356.5,701
2026-07-16 18:20:00,356.69,356.89,356.69,356.89,179
2026-07-16 18:21:00,356.99,356.99,356.99,356.99,140
2026-07-16 18:22:00,356.89,356.97,356.55,356.55,283
2026-07-16 18:23:00,356.7111,356.7111,356.7111,356.7111,100
2026-07-16 18:24:00,356.76,356.76,356.7,356.7,95
2026-07-16 18:25:00,356.8,356.8,356.56,356.56,810
2026-07-16 18:26:00,356.5697,356.58,356.5,356.5,585
2026-07-16 18:27:00,356.5,356.5,356.49,356.49,658
2026-07-16 18:29:00,356.25,356.38,356.25,356.38,800
2026-07-16 18:30:00,356.2636,356.2636,356.25,356.25,401
2026-07-16 18:31:00,356.38,356.38,356.25,356.25,2370
2026-07-16 18:32:00,356.25,356.3786,356.25,356.2701,1080
2026-07-16 18:33:00,356.3787,356.3787,356.25,356.2785,2136
2026-07-16 18:34:00,356.25,356.2642,356.25,356.25,417
2026-07-16 18:35:00,356.25,356.3,356.25,356.25,951
2026-07-16 18:36:00,356.2695,356.2695,356.11,356.11,619
2026-07-16 18:37:00,356.2348,356.38,356.2348,356.38,637
2026-07-16 18:38:00,356.37,356.44,356.33,356.44,328
2026-07-16 18:40:00,356.45,356.45,356.4,356.4,140
2026-07-16 18:41:00,356.39,356.44,356.39,356.44,90
2026-07-16 18:42:00,356.37,356.4,356.27,356.4,351
2026-07-16 18:43:00,356.59,356.59,356.38,356.38,110
2026-07-16 18:44:00,356.5,356.5,356.5,356.5,77
2026-07-16 18:45:00,356.59,356.59,356.59,356.59,44
2026-07-16 18:46:00,356.58,356.58,356.5672,356.5672,583
2026-07-16 18:47:00,356.5,356.8194,356.5,356.8194,100
2026-07-16 18:49:00,356.5408,356.819,356.5408,356.819,100
2026-07-16 18:50:00,356.61,356.71,356.2501,356.2501,1115
2026-07-16 18:51:00,356.98,356.98,356.7,356.8,659
2026-07-16 18:52:00,356.67,356.78,356.66,356.78,242
2026-07-16 18:53:00,356.7798,356.7798,356.73,356.73,665
2026-07-16 18:54:00,356.74,356.75,356.5974,356.75,302
2026-07-16 18:55:00,356.75,356.75,356.75,356.75,46
2026-07-16 18:56:00,356.98,356.98,356.98,356.98,120
2026-07-16 18:57:00,356.8,357.3465,356.8,357.3465,1017
2026-07-16 18:58:00,357,357,357,357,50
2026-07-16 18:59:00,357.1,357.1,357.1,357.1,49
2026-07-16 19:00:00,357.01,357.01,356.91,357,837
2026-07-16 19:01:00,356.89,357,356.89,357,526
2026-07-16 19:02:00,357,357.1,356.88,357.1,403
2026-07-16 19:03:00,357.09,357.09,357.0004,357.0004,439
2026-07-16 19:04:00,357.0001,357.0001,357,357,311
2026-07-16 19:05:00,356.88,356.89,356.75,356.8,689
2026-07-16 19:06:00,356.79,356.79,356.6,356.79,263
2026-07-16 19:07:00,356.5612,356.75,356.56,356.75,375
2026-07-16 19:08:00,356.69,356.7,356.63,356.7,232
2026-07-16 19:09:00,356.56,356.63,356.56,356.56,243
2026-07-16 19:10:00,356.5,356.5,356.4,356.5,1010
2026-07-16 19:11:00,356.46,356.46,356.46,356.46,62
2026-07-16 19:12:00,356.57,356.58,356.51,356.58,188
2026-07-16 19:13:00,356.51,357,356.51,357,1138
2026-07-16 19:14:00,356.762,356.93,356.7,356.93,253
2026-07-16 19:15:00,356.8,356.8,356.8,356.8,75
2026-07-16 19:16:00,356.77,356.83,356.77,356.83,120
2026-07-16 19:18:00,356.71,356.71,356.51,356.51,546
2026-07-16 19:19:00,356.51,356.71,356.51,356.71,665
2026-07-16 19:21:00,356.7,356.7,356.61,356.61,120
2026-07-16 19:22:00,356.51,356.57,356.51,356.57,136
2026-07-16 19:23:00,356.55,356.605,356.5233,356.605,635
2026-07-16 19:24:00,356.53,356.755,356.53,356.57,518
2026-07-16 19:25:00,356.57,356.57,356.57,356.57,80
2026-07-16 19:26:00,356.7,356.7,356.63,356.63,150
2026-07-16 19:27:00,356.94,356.94,356.63,356.9,188
2026-07-16 19:28:00,356.9999,356.9999,356.87,356.87,177
2026-07-16 19:29:00,356.8,356.8,356.8,356.8,527
2026-07-16 19:31:00,356.95,357,356.63,356.63,5010
2026-07-16 19:33:00,356.7,356.7,356.63,356.63,153
2026-07-16 19:34:00,356.9,357.09,356.6433,356.81,1232
2026-07-16 19:35:00,356.81,356.81,356.63,356.63,129
2026-07-16 19:36:00,356.665,356.8,356.665,356.8,141
2026-07-16 19:37:00,356.8,356.89,356.63,356.63,367
2026-07-16 19:38:00,356.665,357.27,356.6,357.27,798
2026-07-16 19:39:00,357.31,357.31,357.31,357.31,76
2026-07-16 19:40:00,357.41,357.89,357.2,357.89,1505
2026-07-16 19:41:00,357.4,357.7447,357.0981,357.0981,361
2026-07-16 19:42:00,357.59,357.8,357.59,357.8,146
2026-07-16 19:43:00,357.2226,357.2226,357.2226,357.2226,50
2026-07-16 19:44:00,357.7,357.7,357.06,357.06,140
2026-07-16 19:45:00,357.5,357.83,357.4,357.65,579
2026-07-16 19:46:00,357.3,357.56,357.3,357.56,167
2026-07-16 19:48:00,357.5,357.5,357.3,357.3,350
2026-07-16 19:49:00,357.15,357.19,357.15,357.19,265
2026-07-16 19:50:00,357.15,357.4357,357.15,357.4357,940
2026-07-16 19:51:00,357.15,357.2,357.15,357.2,714
2026-07-16 19:52:00,357.26,357.325,357.225,357.325,120
2026-07-16 19:53:00,357.15,357.15,357,357.14,1579
2026-07-16 19:54:00,357.1499,357.1499,357,357,151
2026-07-16 19:55:00,356.8,357.048,356.8,356.8,800
2026-07-16 19:56:00,356.81,357,356.81,356.8354,327
2026-07-16 19:57:00,357,357.0199,356.8,356.81,736
2026-07-16 19:58:00,356.81,356.9995,356.81,356.9995,240
2026-07-16 19:59:00,356.9,357,356.8,356.92,601
2026-07-17 04:00:00,350.77,351.4,348.1484,349.5,15564
2026-07-17 04:01:00,349.59,351.04,348.33,350.27,6068
2026-07-17 04:02:00,349.33,350.56,348.43,349.54,19295
2026-07-17 04:03:00,349.59,351.33,348.64,351,9330
2026-07-17 04:04:00,350,351.02,348.4,349.01,10541
2026-07-17 04:05:00,348.8,350,348.8,349.01,330
2026-07-17 04:06:00,348.7,348.79,348.61,348.61,698
2026-07-17 04:07:00,348.5,348.56,348.5,348.53,1280
2026-07-17 04:08:00,348.59,348.8,348.59,348.65,505
2026-07-17 04:09:00,348.81,349.09,348.5,349.09,621
2026-07-17 04:10:00,349.09,349.1,348.7,348.7,2997
2026-07-17 04:11:00,348.56,348.81,348.56,348.76,240
2026-07-17 04:12:00,348.88,348.88,348.7,348.72,413
2026-07-17 04:13:00,348.7,348.89,348.7,348.89,710
2026-07-17 04:14:00,348.79,348.79,348.79,348.79,50
2026-07-17 04:15:00,348.8,348.99,348.8,348.99,184
2026-07-17 04:16:00,348.78,348.78,348.2,348.2,4591
2026-07-17 04:17:00,348.08,348.17,347.8,347.8,3723
2026-07-17 04:18:00,347.9,348.05,347.8,347.8,1494
2026-07-17 04:19:00,347.8177,348.09,347.8177,348.09,1177
2026-07-17 04:20:00,348.12,348.12,347.9158,347.9158,600
2026-07-17 04:21:00,348.13,348.13,348.03,348.03,360
2026-07-17 04:22:00,348,348,347.71,347.85,2712
2026-07-17 04:23:00,347.87,348.12,347.86,347.86,835
2026-07-17 04:24:00,347.85,347.85,347.58,347.58,3154
2026-07-17 04:25:00,347.6,347.75,347.57,347.57,378
2026-07-17 04:26:00,347.53,347.64,347.2435,347.63,1297
2026-07-17 04:27:00,347.98,347.98,347.63,347.63,1058
2026-07-17 04:28:00,347.76,347.99,347.68,347.99,729
2026-07-17 04:29:00,348.02,348.02,347.58,347.58,589
2026-07-17 04:30:00,347.77,347.92,347.7,347.7,568
2026-07-17 04:31:00,347.96,347.96,347.75,347.75,150
2026-07-17 04:32:00,347.8,347.91,347.8,347.85,898
2026-07-17 04:33:00,347.5,347.5,347.04,347.05,941
2026-07-17 04:34:00,347.19,347.21,347.0104,347.0104,417
2026-07-17 04:35:00,347.19,347.2,347.19,347.2,244
2026-07-17 04:36:00,347.01,347.01,346.91,346.98,635
2026-07-17 04:38:00,346.64,346.7,346.49,346.49,195
2026-07-17 04:39:00,346.5313,346.64,346.5313,346.62,649
2026-07-17 04:40:00,346.77,346.84,346.77,346.84,180
2026-07-17 04:41:00,346.79,346.99,346.79,346.82,1610
2026-07-17 04:42:00,346.86,346.86,346.58,346.82,1997
2026-07-17 04:43:00,346.58,346.58,346.58,346.58,250
2026-07-17 04:44:00,346.82,346.82,346.5541,346.82,827
2026-07-17 04:45:00,346.89,346.89,346.76,346.76,140
2026-07-17 04:47:00,346.98,347.36,346.98,347.36,702
2026-07-17 04:48:00,347.35,347.35,347.35,347.35,140
2026-07-17 04:49:00,347.04,347.13,347.04,347.13,270
2026-07-17 04:50:00,347.31,347.31,347.24,347.24,563
2026-07-17 04:52:00,346.84,346.99,346.62,346.99,2955
2026-07-17 04:53:00,346.99,347.11,346.99,346.99,235
2026-07-17 04:54:00,347.31,347.44,347.31,347.34,549
2026-07-17 04:55:00,347.09,347.35,347.09,347.16,455
2026-07-17 04:56:00,347.8,347.8,347.8,347.8,80
2026-07-17 04:58:00,347.64,347.64,347.57,347.57,147
2026-07-17 04:59:00,347.57,347.57,347.49,347.49,523
2026-07-17 05:01:00,347.74,347.74,347.74,347.74,61
2026-07-17 05:02:00,347.6188,347.72,347.6188,347.72,362
2026-07-17 05:03:00,347.61,347.86,347.6,347.86,2873
2026-07-17 05:04:00,347.85,347.98,347.73,347.87,698
2026-07-17 05:05:00,347.63,347.63,347.63,347.63,100
2026-07-17 05:06:00,347.65,347.66,347.65,347.65,392
2026-07-17 05:07:00,347.68,347.68,347.54,347.54,138
2026-07-17 05:08:00,347.73,348,347.5,348,490
2026-07-17 05:09:00,348.16,348.16,347.84,347.84,6200
2026-07-17 05:10:00,348.02,348.24,348,348,335
2026-07-17 05:12:00,348,348,348,348,80
2026-07-17 05:13:00,348.04,348.25,347.84,348.25,1026
2026-07-17 05:14:00,348.3,348.5,348.16,348.23,720
2026-07-17 05:15:00,348.25,348.32,348.14,348.32,1782
2026-07-17 05:16:00,348.37,348.38,348.25,348.38,564
2026-07-17 05:17:00,348.34,348.51,348.32,348.3682,1326
2026-07-17 05:18:00,348.4314,348.4314,348.25,348.25,263
2026-07-17 05:19:00,348.53,348.53,348.43,348.44,268
2026-07-17 05:20:00,348.5,348.55,348.45,348.52,260
2026-07-17 05:21:00,348.45,348.45,348.45,348.45,40
2026-07-17 05:22:00,348.67,348.7,348.67,348.7,241
2026-07-17 05:23:00,348.66,348.84,348.66,348.84,207
2026-07-17 05:24:00,348.96,348.96,348.93,348.93,193
2026-07-17 05:25:00,348.96,349.05,348.93,348.93,122
2026-07-17 05:26:00,349.31,349.33,349.04,349.04,389
2026-07-17 05:27:00,349.16,349.18,349,349.18,382
2026-07-17 05:28:00,349,349.11,348.9,349,356
2026-07-17 05:29:00,349.1,349.35,349.1,349.35,540
2026-07-17 05:30:00,349.3605,349.3605,349.1,349.3473,357
2026-07-17 05:31:00,349.26,349.3,349.05,349.11,762
2026-07-17 05:32:00,349.05,349.3,349,349.3,212
2026-07-17 05:35:00,348.88,349.25,348.88,349.25,354
2026-07-17 05:36:00,349.13,349.2,348.92,349.2,552
2026-07-17 05:37:00,349.11,349.11,349.11,349.11,53
2026-07-17 05:39:00,349.14,349.14,349,349,679
2026-07-17 05:40:00,348.88,348.88,348.45,348.63,453
2026-07-17 05:41:00,348.77,348.77,348.47,348.77,505
2026-07-17 05:42:00,348.77,348.77,348.77,348.77,40
2026-07-17 05:43:00,348.66,348.66,348.65,348.66,344
2026-07-17 05:44:00,348.65,348.7,348.65,348.7,204
2026-07-17 05:48:00,348.71,348.71,348.67,348.67,223
2026-07-17 05:49:00,348.67,348.92,348.63,348.76,676
2026-07-17 05:50:00,348.92,348.92,348.75,348.75,195
2026-07-17 05:51:00,348.97,348.98,348.75,348.93,893
2026-07-17 05:52:00,348.8,349.07,348.8,349.07,479
2026-07-17 05:53:00,349.03,349.2434,349,349.2434,1012
2026-07-17 05:54:00,349.08,349.08,348.86,348.86,397
2026-07-17 05:55:00,348.82,348.82,348.62,348.63,1255
2026-07-17 05:56:00,348.63,348.8,348.63,348.76,847
2026-07-17 05:57:00,348.8,349.01,348.78,349,1107
2026-07-17 05:58:00,349.15,349.15,349.01,349.01,472
2026-07-17 05:59:00,349.02,349.03,349,349.03,384
2026-07-17 06:00:00,349.1,349.16,348.89,348.89,1306
2026-07-17 06:01:00,348.87,348.95,348.71,348.71,404
2026-07-17 06:02:00,348.83,348.83,348.57,348.57,271
2026-07-17 06:03:00,348.63,348.77,348.63,348.65,423
2026-07-17 06:04:00,348.65,348.74,348.65,348.73,990
2026-07-17 06:05:00,348.88,348.88,348.7,348.7,331
2026-07-17 06:06:00,348.69,348.69,348.46,348.66,972
2026-07-17 06:07:00,348.4,348.7041,348.4,348.7,318
2026-07-17 06:08:00,348.74,348.87,348.45,348.45,1052
2026-07-17 06:09:00,348.44,348.44,348.12,348.19,2038
2026-07-17 06:10:00,348.12,348.28,348,348.1,1330
2026-07-17 06:11:00,348.2,348.38,347.86,348.19,1614
2026-07-17 06:12:00,347.85,348.1544,347.85,347.87,492
2026-07-17 06:13:00,348.14,348.3015,348.14,348.3015,233
2026-07-17 06:14:00,348.51,348.51,348.5,348.5,215
2026-07-17 06:15:00,348.45,348.47,348.22,348.42,386
2026-07-17 06:16:00,348.33,348.35,348.18,348.34,887
2026-07-17 06:17:00,348.3,348.3,348.29,348.29,258
2026-07-17 06:18:00,348.38,348.4,348.2,348.2,942
2026-07-17 06:19:00,348.03,348.2,348.02,348.1,570
2026-07-17 06:20:00,348.25,348.28,348.22,348.28,280
2026-07-17 06:22:00,348.16,348.25,348.02,348.16,1227
2026-07-17 06:23:00,348.57,348.57,348.57,348.57,60
2026-07-17 06:24:00,348.37,348.37,348.32,348.33,341
2026-07-17 06:25:00,348.1402,348.23,348.1402,348.23,199
2026-07-17 06:26:00,348.28,348.3,348.28,348.3,140
2026-07-17 06:27:00,348.5,348.5,348.5,348.5,178
2026-07-17 06:28:00,348.5,348.6,348.5,348.6,1756
2026-07-17 06:29:00,348.67,349,348.67,349,950
2026-07-17 06:31:00,349.18,349.18,349.18,349.18,59
2026-07-17 06:32:00,349.2701,349.35,349.25,349.35,169
2026-07-17 06:33:00,349.405,349.405,349.405,349.405,50
2026-07-17 06:34:00,349.58,349.68,349.5,349.68,856
2026-07-17 06:35:00,349.68,349.68,349.46,349.49,1375
2026-07-17 06:36:00,349.34,349.34,349.34,349.34,125
2026-07-17 06:37:00,349.28,349.6,349.28,349.6,246
2026-07-17 06:38:00,349.4,349.44,349.4,349.44,174
2026-07-17 06:40:00,349.545,349.55,349.54,349.54,370
2026-07-17 06:41:00,349.6,349.76,349.6,349.76,639
2026-07-17 06:42:00,349.83,349.83,349.5835,349.5835,228
2026-07-17 06:44:00,349.9,349.9847,349.9,349.94,460
2026-07-17 06:45:00,349.97,349.97,349.89,349.89,207
2026-07-17 06:46:00,349.87,349.87,349.72,349.85,479
2026-07-17 06:47:00,349.91,349.99,349.8,349.8,298
2026-07-17 06:48:00,349.74,349.74,349.62,349.62,525
2026-07-17 06:49:00,349.51,349.51,349.361,349.361,418
2026-07-17 06:50:00,349.38,349.5,349.38,349.5,1062
2026-07-17 06:51:00,349.3549,349.3549,349.3549,349.3549,150
2026-07-17 06:52:00,349.5,349.6,349.5,349.6,259
2026-07-17 06:53:00,349.6,349.6,349.6,349.6,354
2026-07-17 06:55:00,349.61,349.77,349.6,349.75,505
2026-07-17 06:56:00,349.71,349.71,349.71,349.71,271
2026-07-17 06:57:00,349.78,349.78,349.78,349.78,42
2026-07-17 06:58:00,349.89,350,349.89,350,255
2026-07-17 06:59:00,350.05,350.05,350,350,388
2026-07-17 07:00:00,350,350.79,349.63,349.84,4280
2026-07-17 07:01:00,349.89,349.89,349.59,349.75,579
2026-07-17 07:02:00,349.9372,350,349.9231,350,4714
2026-07-17 07:03:00,350,350,349.6,349.83,1317
2026-07-17 07:04:00,349.57,349.85,349.57,349.85,325
2026-07-17 07:05:00,349.99,350.09,349.5,349.5,3470
2026-07-17 07:06:00,349.6473,349.6473,349.31,349.4338,625
2026-07-17 07:07:00,349.24,349.38,349.14,349.14,522
2026-07-17 07:08:00,349.13,349.38,348.63,348.63,11382
2026-07-17 07:09:00,348.7,348.7,347.56,347.84,2964
2026-07-17 07:10:00,348.13,348.16,347.92,347.92,859
2026-07-17 07:11:00,347.9756,348.04,347.9469,348.0019,3845
2026-07-17 07:12:00,348.0698,348.13,348.054,348.054,2956
2026-07-17 07:13:00,348,348.0765,347.94,348.0765,2053
2026-07-17 07:14:00,348.03,348.15,348.03,348.15,1407
2026-07-17 07:15:00,348.1609,348.5,348,348.5,2544
2026-07-17 07:16:00,348.5,348.8363,348.31,348.53,1446
2026-07-17 07:18:00,348.57,348.57,348.5,348.5,154
2026-07-17 07:19:00,348.32,348.44,348.27,348.44,1527
2026-07-17 07:20:00,348.52,348.52,348.24,348.37,922
2026-07-17 07:21:00,348.43,348.4419,348.2612,348.4419,227
2026-07-17 07:22:00,348.44,348.44,348.23,348.43,767
2026-07-17 07:23:00,348.25,348.2872,348.25,348.2872,257
2026-07-17 07:24:00,348.29,348.3,348.2872,348.2872,560
2026-07-17 07:25:00,348.39,348.39,348.3694,348.3696,195
2026-07-17 07:26:00,348.2956,348.2956,348.2956,348.2956,500
2026-07-17 07:28:00,348.45,348.45,348.36,348.36,784
2026-07-17 07:29:00,348.6,348.6,348.43,348.6,281
2026-07-17 07:30:00,348.6,348.61,348.46,348.57,308
2026-07-17 07:31:00,348.5,348.61,348.36,348.52,701
2026-07-17 07:32:00,348.5,348.5,348.5,348.5,40
2026-07-17 07:33:00,348.4,348.44,348.4,348.43,643
2026-07-17 07:34:00,348.56,348.56,348.56,348.56,45
2026-07-17 07:36:00,348.5717,348.75,348.5692,348.75,443
2026-07-17 07:37:00,348.6323,348.79,348.6323,348.79,640
2026-07-17 07:38:00,348.8661,348.8661,348.79,348.79,436
2026-07-17 07:39:00,348.87,348.87,348.87,348.87,502
2026-07-17 07:40:00,348.89,348.89,348.8135,348.85,2000
2026-07-17 07:41:00,348.8,348.89,348.8,348.8,1255
2026-07-17 07:42:00,348.8,348.8,348.8,348.8,50
2026-07-17 07:43:00,348.8,348.83,348.68,348.83,1543
2026-07-17 07:44:00,348.83,348.83,348.75,348.75,171
2026-07-17 07:45:00,348.7,348.77,348.65,348.65,1994
2026-07-17 07:46:00,348.53,348.63,348.53,348.63,1896
2026-07-17 07:47:00,348.63,348.85,348.61,348.85,938
2026-07-17 07:48:00,348.75,348.75,348.75,348.75,150
2026-07-17 07:49:00,348.76,348.76,348.69,348.69,318
2026-07-17 07:50:00,348.64,348.71,348.64,348.71,203
2026-07-17 07:51:00,348.65,348.75,348.65,348.75,628
2026-07-17 07:52:00,348.7,348.7,348.7,348.7,50
2026-07-17 07:53:00,348.8599,348.86,348.8599,348.86,326
2026-07-17 07:54:00,348.85,348.85,348.61,348.76,8318
2026-07-17 07:55:00,348.7368,348.7386,348.7368,348.7386,108
2026-07-17 07:56:00,348.719,348.719,348.6,348.6,343
2026-07-17 07:58:00,348.65,348.74,348.55,348.74,1682
2026-07-17 07:59:00,348.73,348.88,348.72,348.88,944
2026-07-17 08:00:00,348.6664,348.92,348.6664,348.92,1325
2026-07-17 08:01:00,348.91,348.93,348.88,348.88,473
2026-07-17 08:02:00,348.75,348.85,348.69,348.77,2525
2026-07-17 08:03:00,348.66,348.66,347.73,347.94,14059
2026-07-17 08:04:00,347.81,348.05,347.81,347.9092,650
2026-07-17 08:05:00,348,348.09,347.16,347.16,5434
2026-07-17 08:06:00,347.34,347.46,347.23,347.46,2685
2026-07-17 08:07:00,347.46,348,347.2,347.68,6465
2026-07-17 08:08:00,347.57,347.68,347.49,347.68,259
2026-07-17 08:09:00,347.71,347.76,347.71,347.76,1200
2026-07-17 08:10:00,347.82,347.922,347.76,347.76,1374
2026-07-17 08:11:00,347.75,347.85,347.67,347.67,3369
2026-07-17 08:12:00,347.45,347.5,347.2234,347.5,561
2026-07-17 08:13:00,347.2718,347.32,347.1,347.1,592
2026-07-17 08:14:00,347,347.05,346.88,346.96,8358
2026-07-17 08:15:00,346.95,346.95,346.75,346.75,1502
2026-07-17 08:16:00,346.8,347,346.8,347,1114
2026-07-17 08:17:00,347.03,347.15,347.0166,347.0166,342
2026-07-17 08:18:00,347.26,347.26,347.18,347.18,683
2026-07-17 08:19:00,347.18,347.19,347.16,347.16,550
2026-07-17 08:20:00,347.0586,347.2,347,347.07,2282
2026-07-17 08:21:00,347.01,347.1,346.95,347.1,726
2026-07-17 08:22:00,346.99,347.23,346.99,347.22,470
2026-07-17 08:23:00,347.25,347.25,347.23,347.23,422
2026-07-17 08:24:00,347.27,347.27,346.685,346.7,989
2026-07-17 08:25:00,346.7,346.7,346.28,346.28,3594
2026-07-17 08:26:00,346.25,346.26,345.9423,346.25,6959
2026-07-17 08:27:00,346.2,346.33,345.88,345.89,2827
2026-07-17 08:28:00,346,346.11,345.67,346,1603
2026-07-17 08:29:00,346.11,346.23,345.85,345.8864,5159
2026-07-17 08:30:00,345.8737,346.18,345.75,345.92,656
2026-07-17 08:31:00,346.11,346.3,346,346.18,987
2026-07-17 08:32:00,346.15,346.2644,346.07,346.07,1999
2026-07-17 08:33:00,346.1545,346.1545,346.06,346.12,1020
2026-07-17 08:34:00,346.41,346.5,346.3,346.4,3010
2026-07-17 08:35:00,346.25,346.33,346.19,346.19,690
2026-07-17 08:36:00,346.2,346.29,346.15,346.15,653
2026-07-17 08:37:00,346.15,346.15,345.66,345.709,1683
2026-07-17 08:38:00,345.84,346.11,345.84,346.11,987
2026-07-17 08:39:00,346.2138,346.2138,345.93,345.93,1023
2026-07-17 08:40:00,345.9196,345.93,345.67,345.8,1244
2026-07-17 08:41:00,345.8,345.8,345.7,345.8,2775
2026-07-17 08:42:00,345.68,345.78,345.275,345.275,837
2026-07-17 08:43:00,345.47,345.47,345.07,345.1595,2328
2026-07-17 08:44:00,345.18,345.66,345.17,345.34,3386
2026-07-17 08:45:00,345.34,345.5,345.34,345.4,787
2026-07-17 08:46:00,345.54,345.77,345.5262,345.77,631
2026-07-17 08:47:00,345.8797,345.8797,345.5425,345.66,1011
2026-07-17 08:48:00,345.744,345.79,345.66,345.66,1210
2026-07-17 08:49:00,345.73,345.73,345.52,345.62,551
2026-07-17 08:50:00,345.52,345.62,345.52,345.52,412
2026-07-17 08:51:00,345.49,345.49,345.04,345.04,2933
2026-07-17 08:52:00,345.04,345.45,345.04,345.45,1234
2026-07-17 08:53:00,345.32,345.61,345.32,345.42,832
2026-07-17 08:54:00,345.42,345.5,345.16,345.26,1931
2026-07-17 08:55:00,345.2104,345.35,345.2,345.2,1830
2026-07-17 08:56:00,345.13,345.7,345.13,345.7,2805
2026-07-17 08:57:00,345.57,345.69,345.57,345.68,710
2026-07-17 08:58:00,345.56,345.68,345.4048,345.4048,894
2026-07-17 08:59:00,345.31,345.31,345.2,345.2,90
2026-07-17 09:00:00,345.21,345.21,344.95,344.99,8325
2026-07-17 09:01:00,345.1,345.1,344.79,344.81,2223
2026-07-17 09:02:00,344.77,344.77,344.62,344.71,407
2026-07-17 09:03:00,344.71,344.89,344.64,344.72,9769
2026-07-17 09:04:00,344.6036,345.12,344.59,345.12,2856
2026-07-17 09:05:00,345,345.18,344.8,345,892
2026-07-17 09:06:00,344.96,345.42,344.96,344.9744,3696
2026-07-17 09:07:00,344.98,345.02,344.49,344.49,1259
2026-07-17 09:08:00,344.61,344.88,344.61,344.8,1954
2026-07-17 09:09:00,344.76,344.855,344.6,344.6,3114
2026-07-17 09:10:00,344.63,344.7,344.32,344.32,4561
2026-07-17 09:11:00,344.26,344.58,344.25,344.58,1288
2026-07-17 09:12:00,344.41,344.7,344.35,344.58,1377
2026-07-17 09:13:00,344.6,344.84,344.56,344.71,2816
2026-07-17 09:14:00,344.6976,344.6976,344.36,344.36,1317
2026-07-17 09:15:00,344.36,344.9342,344.25,344.67,1061
2026-07-17 09:16:00,344.68,344.68,344.5,344.59,1699
2026-07-17 09:17:00,344.5012,344.56,344.5012,344.56,95
2026-07-17 09:18:00,344.52,344.68,344.52,344.55,1318
2026-07-17 09:19:00,344.6,344.65,344.3014,344.5,7933
2026-07-17 09:20:00,344.56,344.7,344.4,344.4,1002
2026-07-17 09:21:00,344.55,344.73,344.53,344.53,343
2026-07-17 09:22:00,344.59,344.61,344.45,344.51,1880
2026-07-17 09:23:00,344.5,344.8157,344.5,344.8157,999
2026-07-17 09:24:00,345,345.11,344.85,344.85,8911
2026-07-17 09:25:00,345.05,345.74,345.05,345.13,4630
2026-07-17 09:26:00,345.177,345.5,345.16,345.5,2045
2026-07-17 09:27:00,345.6515,345.679,344.3,344.3,5318
2026-07-17 09:28:00,345.17,345.17,343.8,344.65,14535
2026-07-17 09:29:00,344.29,345.88,344.21,345.88,4077
2026-07-17 09:30:00,345.88,347.605,344.44,347.48,1557557
2026-07-17 09:31:00,347.58,348.17,346.25,346.665,137332
2026-07-17 09:32:00,346.59,347.19,345.88,346.5,81201
2026-07-17 09:33:00,346.53,346.53,345.11,345.59,92269
2026-07-17 09:34:00,345.665,345.74,344.8,345.17,71200
2026-07-17 09:35:00,345.19,345.78,344.44,345.12,83841
2026-07-17 09:36:00,345.19,345.19,344.18,344.34,64017
2026-07-17 09:37:00,344.252,344.77,343.83,344.3499,89647
2026-07-17 09:38:00,344.255,344.26,342.8303,343.1,108982
2026-07-17 09:39:00,343.05,343.58,342.6848,343.31,83644
2026-07-17 09:40:00,343.37,343.62,342.88,342.985,62858
2026-07-17 09:41:00,343.01,343.35,342.7,343.23,63867
2026-07-17 09:42:00,343.33,343.39,342.4,342.49,63676
2026-07-17 09:43:00,342.51,342.91,342.01,342.28,70509
2026-07-17 09:44:00,342.305,342.395,341.125,341.63,86413
2026-07-17 09:45:00,341.55,342.215,341.13,341.84,71514
2026-07-17 09:46:00,341.9275,342.7999,341.8801,342.395,68028
2026-07-17 09:47:00,342.42,342.82,342.23,342.63,52504
2026-07-17 09:48:00,342.63,342.85,342.2,342.67,59021
2026-07-17 09:49:00,342.6,343.39,342.13,343.285,54479
2026-07-17 09:50:00,343.275,343.6,342.97,343.155,43087
2026-07-17 09:51:00,343.155,343.63,343.155,343.43,69013
2026-07-17 09:52:00,343.5,343.72,343.27,343.59,46024
2026-07-17 09:53:00,343.6,344.69,343.6,344.55,67938
2026-07-17 09:54:00,344.505,344.82,344.34,344.82,58449
2026-07-17 09:55:00,344.87,345.4,344.51,345.35,78566
2026-07-17 09:56:00,345.345,345.435,344.67,345.07,47734
2026-07-17 09:57:00,345.03,345.71,344.91,345.53,64867
2026-07-17 09:58:00,345.52,345.58,345.0661,345.27,49297
2026-07-17 09:59:00,345.265,346.09,345.23,346.085,59547
2026-07-17 10:00:00,346.06,346.7021,346.05,346.69,50867
2026-07-17 10:01:00,346.64,346.94,346.13,346.605,38566
2026-07-17 10:02:00,346.615,346.9,346.28,346.9,40207
2026-07-17 10:03:00,346.86,346.99,346.16,346.41,30262
2026-07-17 10:04:00,346.43,346.92,346.37,346.755,31875
2026-07-17 10:05:00,346.81,347.01,346.66,346.8,30782
2026-07-17 10:06:00,346.79,346.889,346.335,346.625,32660
2026-07-17 10:07:00,346.68,346.86,346.31,346.86,35122
2026-07-17 10:08:00,346.86,346.8999,346.375,346.49,34164
2026-07-17 10:09:00,346.485,346.59,345.9,346.215,44239
2026-07-17 10:10:00,346.17,346.215,345.675,345.93,50321
2026-07-17 10:11:00,345.9384,346.63,345.86,346.07,27792
2026-07-17 10:12:00,346.05,346.67,346.04,346.63,20387
2026-07-17 10:13:00,346.571,346.76,346.26,346.42,20904
2026-07-17 10:14:00,346.4191,346.62,346.2,346.515,34161
2026-07-17 10:15:00,346.58,346.705,346.34,346.605,29576
2026-07-17 10:16:00,346.54,346.54,345.11,345.2201,30536
2026-07-17 10:17:00,345.255,345.47,344.73,344.8522,38095
2026-07-17 10:18:00,344.885,344.97,344.0347,344.26,42906
2026-07-17 10:19:00,344.4,344.615,344.12,344.355,22184
2026-07-17 10:20:00,344.355,344.48,344.15,344.19,22140
2026-07-17 10:21:00,344.14,344.65,344.03,344.54,34337
2026-07-17 10:22:00,344.6082,345.1295,344.475,344.935,28302
2026-07-17 10:23:00,344.935,345.6,344.67,345.6,30682
2026-07-17 10:24:00,345.515,345.978,345.4,345.935,24078
2026-07-17 10:25:00,345.935,346.15,345.65,345.655,23019
2026-07-17 10:26:00,345.7,345.97,345.591,345.785,28412
2026-07-17 10:27:00,345.785,345.8499,345.29,345.29,24040
2026-07-17 10:28:00,345.37,345.62,345.14,345.395,21027
2026-07-17 10:29:00,345.41,345.41,344.7001,344.79,27826
2026-07-17 10:30:00,344.805,344.87,344.4,344.42,19981
2026-07-17 10:31:00,344.4025,344.99,344.4025,344.87,14126
2026-07-17 10:32:00,344.92,345.04,344.51,344.885,21318
2026-07-17 10:33:00,344.895,345.0299,344.555,344.62,21227
2026-07-17 10:34:00,344.64,345.12,344.58,344.9075,17277
2026-07-17 10:35:00,344.9075,345.06,344.6813,344.91,23108
2026-07-17 10:36:00,344.95,345.07,344.75,344.88,16663
2026-07-17 10:37:00,344.85,345.11,344.73,344.8,13430
2026-07-17 10:38:00,344.82,345.42,344.82,345.365,12807
2026-07-17 10:39:00,345.34,345.81,345.26,345.79,34691
2026-07-17 10:40:00,345.795,345.9,345.505,345.57,26683
2026-07-17 10:41:00,345.57,345.95,345.55,345.95,13824
2026-07-17 10:42:00,345.93,346.12,345.785,345.85,30994
2026-07-17 10:43:00,345.84,346.0875,345.47,345.81,17305
2026-07-17 10:44:00,345.83,346.4,345.79,346.335,26540
2026-07-17 10:45:00,346.32,347.62,346.18,347.4,142077
2026-07-17 10:46:00,347.35,347.52,346.71,346.94,41615
2026-07-17 10:47:00,346.97,347.44,346.97,347.26,24955
2026-07-17 10:48:00,347.22,347.2548,346.99,347.06,18414
2026-07-17 10:49:00,347.055,347.0872,346.72,346.75,21190
2026-07-17 10:50:00,346.79,346.91,346.5,346.78,19655
2026-07-17 10:51:00,346.78,346.84,346.27,346.27,23740
2026-07-17 10:52:00,346.27,346.3759,345.69,345.955,46641
2026-07-17 10:53:00,345.96,345.96,345.63,345.6351,19921
2026-07-17 10:54:00,345.67,345.98,345.66,345.78,18861
2026-07-17 10:55:00,345.81,345.98,345.72,345.865,13484
2026-07-17 10:56:00,345.84,345.84,345.37,345.61,24699
2026-07-17 10:57:00,345.61,345.95,345.61,345.7027,11459
2026-07-17 10:58:00,345.65,345.74,345.21,345.22,17217
2026-07-17 10:59:00,345.3011,345.33,345.06,345.33,18303
2026-07-17 11:00:00,345.295,345.8056,344.69,344.83,55412
2026-07-17 11:01:00,344.83,345.11,344.69,345.05,16256
2026-07-17 11:02:00,345.12,345.21,344.725,344.81,24128
2026-07-17 11:03:00,344.75,344.94,344.55,344.55,23119
2026-07-17 11:04:00,344.51,344.78,344.51,344.7499,23615
2026-07-17 11:05:00,344.715,345.349,344.62,345.325,20272
2026-07-17 11:06:00,345.28,345.3774,345.06,345.29,9908
2026-07-17 11:07:00,345.26,345.66,345.23,345.495,10957
2026-07-17 11:08:00,345.5,345.88,345.43,345.86,11555
2026-07-17 11:09:00,345.86,345.9,345.6301,345.79,9383
2026-07-17 11:10:00,345.7857,346.14,345.77,346.09,18651
2026-07-17 11:11:00,346.1,346.35,345.97,346.04,56058
2026-07-17 11:12:00,346.045,346.045,345.545,345.61,29320
2026-07-17 11:13:00,345.64,345.68,345.39,345.435,15884
2026-07-17 11:14:00,345.44,345.6,345.34,345.6,15843
2026-07-17 11:15:00,345.615,345.93,345.55,345.8,20047
2026-07-17 11:16:00,345.81,345.91,345.665,345.69,8653
2026-07-17 11:17:00,345.695,345.75,345.4,345.55,16324
2026-07-17 11:18:00,345.48,345.92,345.48,345.9,11372
2026-07-17 11:19:00,345.89,346.05,345.8216,345.855,7607
2026-07-17 11:20:00,345.89,345.89,345.52,345.85,26640
2026-07-17 11:21:00,345.82,345.89,345.68,345.7,7134
2026-07-17 11:22:00,345.74,345.84,345.58,345.78,5169
2026-07-17 11:23:00,345.78,345.92,345.64,345.675,14916
2026-07-17 11:24:00,345.7,345.96,345.63,345.96,10411
2026-07-17 11:25:00,345.96,346.58,345.95,346.56,23298
2026-07-17 11:26:00,346.59,346.8,346.39,346.705,20953
2026-07-17 11:27:00,346.725,346.77,346.09,346.29,27496
2026-07-17 11:28:00,346.25,346.4395,346.145,346.2,5916
2026-07-17 11:29:00,346.18,346.74,346.17,346.6,12837
2026-07-17 11:30:00,346.64,347.11,346.595,347.07,15020
2026-07-17 11:31:00,347.05,347.3552,346.95,347.35,21749
2026-07-17 11:32:00,347.35,347.4607,346.83,347.24,22465
2026-07-17 11:33:00,347.24,347.24,346.99,347.04,24935
2026-07-17 11:34:00,346.97,347.05,346.61,346.7,29151
2026-07-17 11:35:00,346.69,346.785,346.2779,346.475,39104
2026-07-17 11:36:00,346.475,346.71,346.39,346.62,38747
2026-07-17 11:37:00,346.63,346.66,346.32,346.37,11468
2026-07-17 11:38:00,346.42,346.84,346.37,346.84,10180
2026-07-17 11:39:00,346.885,347.04,346.81,346.8785,8314
2026-07-17 11:40:00,346.898,347.11,346.85,347,12316
2026-07-17 11:41:00,346.995,347.355,346.935,347.24,10415
2026-07-17 11:42:00,347.235,347.3808,347.14,347.3808,19249
2026-07-17 11:43:00,347.39,347.49,347.05,347.18,16538
2026-07-17 11:44:00,347.21,347.5,347.07,347.45,11452
2026-07-17 11:45:00,347.47,347.54,347.09,347.1,13430
2026-07-17 11:46:00,347.09,347.63,347.03,347.47,41933
2026-07-17 11:47:00,347.46,347.79,347.41,347.58,12448
2026-07-17 11:48:00,347.59,347.655,347.09,347.09,16423
2026-07-17 11:49:00,347.1637,347.1637,346.91,347.07,15191
2026-07-17 11:50:00,347.04,347.46,346.87,347.28,12065
2026-07-17 11:51:00,347.27,347.34,347.05,347.07,11622
2026-07-17 11:52:00,347.075,347.11,346.63,346.7,9025
2026-07-17 11:53:00,346.7,346.75,346.5362,346.64,9717
2026-07-17 11:54:00,346.66,346.915,346.58,346.915,9822
2026-07-17 11:55:00,346.895,347.28,346.86,347.255,8710
2026-07-17 11:56:00,347.26,347.28,347.06,347.06,16032
2026-07-17 11:57:00,347.098,347.23,346.86,347.175,15480
2026-07-17 11:58:00,347.17,347.24,346.88,347.035,11577
2026-07-17 11:59:00,347.03,347.0699,346.69,346.8518,12460
2026-07-17 12:00:00,346.9,347.03,346.72,346.72,14693
2026-07-17 12:01:00,346.751,346.98,346.01,346.08,58731
2026-07-17 12:02:00,346.05,346.11,345.6,345.8659,27756
2026-07-17 12:03:00,345.885,346.02,345.74,345.9356,17358
2026-07-17 12:04:00,345.8925,345.8925,345.58,345.655,15943
2026-07-17 12:05:00,345.62,345.93,345.5,345.9,23346
2026-07-17 12:06:00,345.85,346.18,345.82,346.15,12255
2026-07-17 12:07:00,346.11,346.34,345.86,345.9201,11396
2026-07-17 12:08:00,345.92,345.945,345.71,345.945,18529
2026-07-17 12:09:00,345.98,346.29,345.98,346.1,11997
2026-07-17 12:10:00,346.095,346.22,345.99,346.07,30399
2026-07-17 12:11:00,346.06,346.13,345.81,345.81,9178
2026-07-17 12:12:00,345.87,346.1,345.75,345.985,31333
2026-07-17 12:13:00,346.01,346.015,345.5439,345.635,17747
2026-07-17 12:14:00,345.607,345.835,345.607,345.7,14089
2026-07-17 12:15:00,345.73,345.82,345.545,345.7,18159
2026-07-17 12:16:00,345.68,345.68,345.38,345.49,13274
2026-07-17 12:17:00,345.48,346.03,345.36,345.94,34155
2026-07-17 12:18:00,345.9114,346.19,345.845,345.98,28090
2026-07-17 12:19:00,345.99,346.29,345.885,346.23,44372
2026-07-17 12:20:00,346.2,346.47,346.19,346.22,16986
2026-07-17 12:21:00,346.275,346.32,345.9356,346.23,17612
2026-07-17 12:22:00,346.21,346.235,345.71,345.72,17925
2026-07-17 12:23:00,345.71,345.81,345.49,345.59,16450
2026-07-17 12:24:00,345.605,345.6799,345.4,345.43,30632
2026-07-17 12:25:00,345.4,345.56,345.31,345.47,13234
2026-07-17 12:26:00,345.49,345.62,345.365,345.565,7679
2026-07-17 12:27:00,345.565,346.25,345.55,346.14,27495
2026-07-17 12:28:00,346.14,346.74,346.14,346.4,23615
2026-07-17 12:29:00,346.33,346.4656,346.15,346.16,8211
2026-07-17 12:30:00,346.145,346.2625,345.98,345.99,14326
2026-07-17 12:31:00,345.95,346.07,345.84,346.035,11690
2026-07-17 12:32:00,346.03,346.3,345.94,346.3,8886
2026-07-17 12:33:00,346.255,346.255,345.71,345.76,14593
2026-07-17 12:34:00,345.77,345.78,345.4001,345.48,11539
2026-07-17 12:35:00,345.44,345.67,345.42,345.45,13388
2026-07-17 12:36:00,345.47,345.715,345.25,345.645,17260
2026-07-17 12:37:00,345.6089,345.8851,345.57,345.87,8006
2026-07-17 12:38:00,345.84,345.96,345.76,345.85,11133
2026-07-17 12:39:00,345.845,346.23,345.845,346.23,14565
2026-07-17 12:40:00,346.225,346.4,346.1379,346.27,15905
2026-07-17 12:41:00,346.34,346.5,345.88,345.89,19755
2026-07-17 12:42:00,345.885,346.19,345.81,346.055,13868
2026-07-17 12:43:00,346.01,346.1499,345.9101,346.02,5686
2026-07-17 12:44:00,346.035,346.04,345.9,346.01,12252
2026-07-17 12:45:00,346.0399,346.0399,345.885,345.92,6970
2026-07-17 12:46:00,345.91,345.91,345.71,345.73,8790
2026-07-17 12:47:00,345.78,345.78,345.61,345.7,5172
2026-07-17 12:48:00,345.725,346.0758,345.725,346.025,7483
2026-07-17 12:49:00,346.05,346.09,345.91,346.05,14026
2026-07-17 12:50:00,346.055,346.16,345.9126,346.02,15669
2026-07-17 12:51:00,345.985,346.17,345.84,346.17,9518
2026-07-17 12:52:00,346.145,346.51,346.08,346.485,25630
2026-07-17 12:53:00,346.51,346.565,346.32,346.395,8604
2026-07-17 12:54:00,346.38,346.7,346.153,346.625,13599
2026-07-17 12:55:00,346.59,346.609,346.23,346.27,9861
2026-07-17 12:56:00,346.25,346.53,346.16,346.53,10813
2026-07-17 12:57:00,346.56,346.5699,346.365,346.45,16261
2026-07-17 12:58:00,346.51,346.9199,346.47,346.84,9629
2026-07-17 12:59:00,346.84,346.9291,346.51,346.71,15320
2026-07-17 13:00:00,346.71,347.23,346.64,347.21,9973
2026-07-17 13:01:00,347.18,347.2348,346.4556,346.4556,18612
2026-07-17 13:02:00,346.47,346.47,346.32,346.43,13914
2026-07-17 13:03:00,346.45,346.465,346.31,346.435,7522
2026-07-17 13:04:00,346.41,346.45,346.22,346.26,14035
2026-07-17 13:05:00,346.225,346.225,345.81,345.915,11193
2026-07-17 13:06:00,345.94,346.0899,345.81,345.965,13119
2026-07-17 13:07:00,346.01,346.01,345.7686,345.86,9410
2026-07-17 13:08:00,345.835,345.91,345.65,345.84,20964
2026-07-17 13:09:00,345.86,345.86,345.56,345.65,12450
2026-07-17 13:10:00,345.61,345.75,345.53,345.75,16792
2026-07-17 13:11:00,345.76,345.865,345.66,345.7,30945
2026-07-17 13:12:00,345.7,345.7215,345.51,345.625,13321
2026-07-17 13:13:00,345.625,345.74,345.51,345.5669,15506
2026-07-17 13:14:00,345.55,345.565,345.36,345.48,14815
2026-07-17 13:15:00,345.5,345.695,345.3919,345.68,18433
2026-07-17 13:16:00,345.665,345.7,345.52,345.66,15172
2026-07-17 13:17:00,345.68,345.77,345.49,345.626,37247
2026-07-17 13:18:00,345.57,345.635,345.45,345.49,9775
2026-07-17 13:19:00,345.52,345.58,345.37,345.46,9504
2026-07-17 13:20:00,345.45,345.48,345.23,345.285,9656
2026-07-17 13:21:00,345.3,345.375,345.17,345.325,23048
2026-07-17 13:22:00,345.33,345.38,345.1301,345.38,13341
2026-07-17 13:23:00,345.41,345.535,345.22,345.22,9541
2026-07-17 13:24:00,345.22,345.22,345.0685,345.127,14777
2026-07-17 13:25:00,345.125,345.19,344.92,345.05,87690
2026-07-17 13:26:00,345.05,345.14,344.95,345.135,38469
2026-07-17 13:27:00,345.14,345.15,345.01,345.0251,13719
2026-07-17 13:28:00,345.04,345.2,345,345.12,26563
2026-07-17 13:29:00,345.135,345.135,344.825,344.89,33520
2026-07-17 13:30:00,344.89,345.045,344.78,345.005,42262
2026-07-17 13:31:00,345,345.045,344.735,344.74,25830
2026-07-17 13:32:00,344.72,344.79,344.54,344.61,16582
2026-07-17 13:33:00,344.6001,344.775,344.48,344.495,22016
2026-07-17 13:34:00,344.495,344.8,344.49,344.75,13856
2026-07-17 13:35:00,344.78,344.78,344.4,344.46,25661
2026-07-17 13:36:00,344.495,344.665,344.4,344.46,35077
2026-07-17 13:37:00,344.479,344.78,344.43,344.5,45668
2026-07-17 13:38:00,344.5,344.57,344.17,344.28,24345
2026-07-17 13:39:00,344.23,344.33,344.17,344.265,21566
2026-07-17 13:40:00,344.26,344.32,343.93,344.095,41726
2026-07-17 13:41:00,344.06,344.08,343.75,343.99,25640
2026-07-17 13:42:00,343.995,344.2363,343.81,343.82,16780
2026-07-17 13:43:00,343.81,343.81,343.55,343.72,53275
2026-07-17 13:44:00,343.72,343.7274,343.44,343.5,22422
2026-07-17 13:45:00,343.52,343.68,343.485,343.57,38015
2026-07-17 13:46:00,343.5,343.5,343.35,343.45,24486
2026-07-17 13:47:00,343.455,343.91,343.43,343.91,36984
2026-07-17 13:48:00,343.91,343.92,343.49,343.53,27646
2026-07-17 13:49:00,343.53,343.7399,343.49,343.695,32542
2026-07-17 13:50:00,343.695,343.7794,343.2,343.24,29182
2026-07-17 13:51:00,343.22,343.47,343.12,343.25,22682
2026-07-17 13:52:00,343.23,343.38,343.1,343.1,11919
2026-07-17 13:53:00,343.11,343.12,342.83,342.89,59555
2026-07-17 13:54:00,342.89,343.02,342.8375,342.91,18324
2026-07-17 13:55:00,342.89,343.12,342.78,342.95,24114
2026-07-17 13:56:00,342.95,343.54,342.91,343.525,33956
2026-07-17 13:57:00,343.56,343.8,343.55,343.7,23076
2026-07-17 13:58:00,343.68,343.69,343.33,343.4806,39455
2026-07-17 13:59:00,343.505,343.5499,343.25,343.37,21215
2026-07-17 14:00:00,343.36,343.48,343.12,343.1983,22709
2026-07-17 14:01:00,343.17,343.37,343.05,343.37,26492
2026-07-17 14:02:00,343.37,343.75,343.31,343.71,46769
2026-07-17 14:03:00,343.71,344.04,343.66,344.03,30253
2026-07-17 14:04:00,344,344.22,343.75,343.805,21962
2026-07-17 14:05:00,343.76,343.95,343.615,343.88,12925
2026-07-17 14:06:00,343.885,343.9,343.61,343.65,13736
2026-07-17 14:07:00,343.66,343.67,343.44,343.57,15945
2026-07-17 14:08:00,343.565,343.5783,343.01,343.255,21087
2026-07-17 14:09:00,343.26,343.26,343.09,343.14,13415
2026-07-17 14:10:00,343.145,343.27,342.84,343.045,45885
2026-07-17 14:11:00,343.03,343.09,342.94,343.04,31400
2026-07-17 14:12:00,343,343.02,342.65,342.68,27935
2026-07-17 14:13:00,342.7089,342.785,342.58,342.75,17167
2026-07-17 14:14:00,342.78,342.905,342.45,342.51,26431
2026-07-17 14:15:00,342.53,342.56,342.32,342.32,33677
2026-07-17 14:16:00,342.35,342.965,342.3324,342.94,13312
2026-07-17 14:17:00,342.91,343.23,342.8501,343.17,30043
2026-07-17 14:18:00,343.17,343.225,342.88,343.04,15475
2026-07-17 14:19:00,343.04,343.09,342.91,343.015,30033
2026-07-17 14:20:00,343.015,343.2648,342.99,343.23,27920
2026-07-17 14:21:00,343.19,343.3699,343.13,343.2,31793
2026-07-17 14:22:00,343.215,343.46,343.11,343.46,25912
2026-07-17 14:23:00,343.42,343.42,343.2,343.265,11377
2026-07-17 14:24:00,343.29,343.39,343.12,343.36,10495
2026-07-17 14:25:00,343.36,343.6089,343.225,343.59,13483
2026-07-17 14:26:00,343.6253,343.6253,343.4245,343.52,8277
2026-07-17 14:27:00,343.535,343.7421,343.51,343.695,23786
2026-07-17 14:28:00,343.7,343.81,343.61,343.74,25883
2026-07-17 14:29:00,343.74,343.78,343.6324,343.74,13381
2026-07-17 14:30:00,343.79,343.99,343.79,343.96,10627
2026-07-17 14:31:00,343.915,344.04,343.84,343.94,16036
2026-07-17 14:32:00,343.9699,343.9699,343.745,343.81,15847
2026-07-17 14:33:00,343.83,344.17,343.82,344.09,16709
2026-07-17 14:34:00,344.12,344.32,344.1,344.225,12531
2026-07-17 14:35:00,344.25,344.38,344.24,344.335,14887
2026-07-17 14:36:00,344.33,344.41,344.3,344.41,28222
2026-07-17 14:37:00,344.3701,344.62,344.3701,344.6,45319
2026-07-17 14:38:00,344.58,344.96,344.56,344.8,44189
2026-07-17 14:39:00,344.8,344.83,344.41,344.49,53342
2026-07-17 14:40:00,344.4495,344.52,344.16,344.185,10090
2026-07-17 14:41:00,344.16,344.2799,344.07,344.13,15230
2026-07-17 14:42:00,344.2,344.44,344.16,344.24,10060
2026-07-17 14:43:00,344.2638,344.31,344.04,344.0683,13566
2026-07-17 14:44:00,344.075,344.2699,344.026,344.25,9254
2026-07-17 14:45:00,344.25,344.27,343.9,343.92,23419
2026-07-17 14:46:00,343.88,344.03,343.7,343.89,17770
2026-07-17 14:47:00,343.96,344.13,343.93,344.055,12494
2026-07-17 14:48:00,344.055,344.3,344.04,344.255,20842
2026-07-17 14:49:00,344.25,344.44,344.228,344.435,21033
2026-07-17 14:50:00,344.435,344.65,344.36,344.51,23631
2026-07-17 14:51:00,344.55,344.665,344.5,344.585,19648
2026-07-17 14:52:00,344.6,344.75,344.52,344.52,16914
2026-07-17 14:53:00,344.52,344.6,344.41,344.46,11629
2026-07-17 14:54:00,344.46,344.54,344.36,344.405,9907
2026-07-17 14:55:00,344.405,344.43,344.26,344.27,12397
2026-07-17 14:56:00,344.27,344.39,344.2,344.36,15015
2026-07-17 14:57:00,344.36,344.5,344.2601,344.47,24710
2026-07-17 14:58:00,344.45,344.5,344.2801,344.43,9719
2026-07-17 14:59:00,344.45,344.7384,344.44,344.67,21702
2026-07-17 15:00:00,344.67,344.91,344.63,344.705,24868
2026-07-17 15:01:00,344.66,344.66,344.31,344.39,16303
2026-07-17 15:02:00,344.4,344.58,344.235,344.235,14183
2026-07-17 15:03:00,344.2699,344.715,344.12,344.7,23090
2026-07-17 15:04:00,344.74,344.74,344.46,344.535,12804
2026-07-17 15:05:00,344.5339,344.6,344.27,344.485,16872
2026-07-17 15:06:00,344.48,344.64,344.35,344.435,14004
2026-07-17 15:07:00,344.42,344.435,344.15,344.275,14201
2026-07-17 15:08:00,344.3,344.74,344.2875,344.73,20317
2026-07-17 15:09:00,344.7151,344.7771,344.51,344.6373,16099
2026-07-17 15:10:00,344.625,344.83,344.55,344.83,18607
2026-07-17 15:11:00,344.8,344.8,344.61,344.73,14948
2026-07-17 15:12:00,344.75,344.76,344.52,344.52,13445
2026-07-17 15:13:00,344.54,344.65,344.5,344.535,18409
2026-07-17 15:14:00,344.52,344.74,344.4,344.65,13484
2026-07-17 15:15:00,344.65,344.6955,344.53,344.565,14955
2026-07-17 15:16:00,344.6,344.83,344.57,344.73,33864
2026-07-17 15:17:00,344.72,344.86,344.675,344.83,19215
2026-07-17 15:18:00,344.8322,344.8322,344.47,344.555,26690
2026-07-17 15:19:00,344.59,344.75,344.47,344.75,18875
2026-07-17 15:20:00,344.75,344.75,344.41,344.52,14644
2026-07-17 15:21:00,344.495,344.66,344.42,344.64,12641
2026-07-17 15:22:00,344.61,344.77,344.59,344.63,10183
2026-07-17 15:23:00,344.64,344.65,344.39,344.54,13407
2026-07-17 15:24:00,344.54,344.57,344.44,344.45,14487
2026-07-17 15:25:00,344.45,344.53,344.34,344.42,14822
2026-07-17 15:26:00,344.41,344.58,344.33,344.545,17148
2026-07-17 15:27:00,344.55,344.56,344.4519,344.495,16063
2026-07-17 15:28:00,344.495,344.895,344.495,344.81,18008
2026-07-17 15:29:00,344.815,345.12,344.8,344.99,35669
2026-07-17 15:30:00,344.975,345.22,344.82,344.85,24022
2026-07-17 15:31:00,344.82,344.92,344.62,344.72,21105
2026-07-17 15:32:00,344.72,344.72,344.37,344.4999,24749
2026-07-17 15:33:00,344.44,344.56,344.3301,344.52,14488
2026-07-17 15:34:00,344.5,344.53,344.36,344.39,26766
2026-07-17 15:35:00,344.39,344.49,344.29,344.42,20183
2026-07-17 15:36:00,344.43,344.45,343.92,343.96,21853
2026-07-17 15:37:00,344,344,343.78,343.9,17236
2026-07-17 15:38:00,343.91,343.91,343.73,343.79,23267
2026-07-17 15:39:00,343.78,343.91,343.71,343.8,23444
2026-07-17 15:40:00,343.84,344.14,343.74,344.14,23205
2026-07-17 15:41:00,344.08,344.37,344.01,344.3101,18747
2026-07-17 15:42:00,344.33,344.33,344.11,344.21,15113
2026-07-17 15:43:00,344.23,344.48,344.2,344.43,20581
2026-07-17 15:44:00,344.46,344.74,344.46,344.618,23007
2026-07-17 15:45:00,344.59,344.89,344.57,344.68,36786
2026-07-17 15:46:00,344.71,344.73,344.53,344.6,20522
2026-07-17 15:47:00,344.62,345.04,344.62,344.81,20708
2026-07-17 15:48:00,344.93,345,344.81,344.893,23042
2026-07-17 15:49:00,344.915,345.23,344.74,345.21,22689
2026-07-17 15:50:00,345.21,345.415,345.09,345.19,39335
2026-07-17 15:51:00,345.19,345.4395,345.14,345.39,30640
2026-07-17 15:52:00,345.41,345.59,345.14,345.21,59307
2026-07-17 15:53:00,345.23,345.485,345.08,345.21,58999
2026-07-17 15:54:00,345.23,345.73,345.07,345.54,69472
2026-07-17 15:55:00,345.55,346.49,345.5,346.47,164616
2026-07-17 15:56:00,346.47,346.89,346.44,346.73,82790
2026-07-17 15:57:00,346.73,346.81,346.57,346.605,85351
2026-07-17 15:58:00,346.605,346.67,346.44,346.51,129167
2026-07-17 15:59:00,346.51,346.53,345.95,346.12,371583
2026-07-17 16:00:00,346.04,346.38,345.72,346.01,2429940
2026-07-17 16:01:00,345.8,345.85,345.48,345.48,1683
2026-07-17 16:02:00,345.83,346.12,345.5,345.85,8240
2026-07-17 16:03:00,345.62,345.62,345.56,345.56,285
2026-07-17 16:04:00,345.45,345.68,345.2,345.3,1365
2026-07-17 16:05:00,345.42,345.44,345.11,345.11,2365
2026-07-17 16:06:00,345.1527,345.3,345.12,345.26,595
2026-07-17 16:07:00,345.3,345.51,345.3,345.4,908
2026-07-17 16:08:00,345.35,345.38,345.35,345.38,112
2026-07-17 16:09:00,345.4,345.56,345.36,345.36,519
2026-07-17 16:10:00,346.12,346.12,345.38,345.38,5199
2026-07-17 16:11:00,345.41,345.41,345.38,345.38,113
2026-07-17 16:12:00,345.218,345.33,345.218,345.33,331
2026-07-17 16:13:00,345.132,345.3072,345.132,345.3072,183
2026-07-17 16:14:00,345.61,345.61,345.61,345.61,45
2026-07-17 16:16:00,345.3932,345.71,345.3932,345.6,414
2026-07-17 16:18:00,345.678,345.76,345.55,345.76,1017
2026-07-17 16:19:00,345.4616,345.77,345.4616,345.75,4556
2026-07-17 16:20:00,345.69,345.8,345.46,345.75,1094
2026-07-17 16:21:00,346,346,345.98,346,758
2026-07-17 16:22:00,346.11,346.11,346.0213,346.0213,750
2026-07-17 16:23:00,346,346,346,346,182
2026-07-17 16:24:00,346.1001,346.12,346.1,346.12,227
2026-07-17 16:25:00,346.19,346.31,346.19,346.31,464
2026-07-17 16:26:00,346.29,346.29,346.1276,346.1276,200
2026-07-17 16:27:00,346.1266,346.1266,346.1266,346.1266,400
2026-07-17 16:28:00,346.12,346.28,345.52,345.52,1246
2026-07-17 16:32:00,346,346,346,346,50
2026-07-17 16:33:00,345.99,346,345.99,346,150
2026-07-17 16:34:00,345.6,345.9974,345.6,345.9974,250
2026-07-17 16:35:00,345.85,345.85,345.85,345.85,90
2026-07-17 16:36:00,345.62,345.63,345.27,345.27,5254
2026-07-17 16:37:00,345.61,345.61,345.26,345.26,3456
2026-07-17 16:38:00,345.18,345.18,345.15,345.17,1770
2026-07-17 16:39:00,345.7522,345.7522,345.7522,345.7522,102
2026-07-17 16:40:00,345.243,345.243,345.243,345.243,100
2026-07-17 16:42:00,345.64,345.64,345.64,345.64,40
2026-07-17 16:43:00,345.68,345.75,345.68,345.75,473
2026-07-17 16:44:00,345.77,345.77,345.75,345.75,323
2026-07-17 16:46:00,345.75,345.75,345.75,345.75,40
2026-07-17 16:47:00,345.75,345.82,345.75,345.75,607
2026-07-17 16:48:00,345.898,345.9,345.898,345.9,200
2026-07-17 16:49:00,345.75,345.75,345.75,345.75,965
2026-07-17 16:50:00,345.9445,345.9445,345.9445,345.9445,100
2026-07-17 16:52:00,345.85,345.85,345.85,345.85,48
2026-07-17 16:54:00,345.9556,346.07,345.9556,346.07,1381
2026-07-17 16:55:00,346.02,346.02,345.95,345.95,127
2026-07-17 16:56:00,346.0699,346.0699,345.97,346.06,5230
2026-07-17 16:57:00,346.06,346.07,346.06,346.07,172
2026-07-17 17:00:00,345.81,346.07,345.81,346.04,650
2026-07-17 17:03:00,345.7958,345.7958,345.7958,345.7958,50
2026-07-17 17:04:00,345.7919,346.02,345.7919,346.02,104
2026-07-17 17:06:00,345.84,345.84,345.84,345.84,40
2026-07-17 17:10:00,346.0213,346.0213,346.0213,346.0213,100
2026-07-17 17:11:00,345.9,345.9,345.9,345.9,762
2026-07-17 17:13:00,345.6113,345.8,345.6113,345.8,295
2026-07-17 17:15:00,345.68,345.68,345.66,345.66,120
2026-07-17 17:17:00,345.65,345.75,345.61,345.75,224
2026-07-17 17:18:00,345.7,345.75,345.7,345.75,299
2026-07-17 17:21:00,345.7444,345.7444,345.7444,345.7444,100
2026-07-17 17:25:00,345.9137,345.9137,345.85,345.85,230
2026-07-17 17:26:00,345.93,345.94,345.93,345.94,247
2026-07-17 17:27:00,346,346,346,346,223
2026-07-17 17:29:00,346,346,346,346,100
2026-07-17 17:30:00,345.94,345.94,345.94,345.94,499
2026-07-17 17:33:00,345.9085,345.9085,345.9085,345.9085,100
2026-07-17 17:34:00,345.99,345.99,345.99,345.99,272
2026-07-17 17:35:00,346,346,346,346,100
2026-07-17 17:36:00,346.07,346.07,346.07,346.07,127
2026-07-17 17:40:00,346.22,346.24,346.22,346.24,126
2026-07-17 17:41:00,346.22,346.23,345.86,346.0349,344
2026-07-17 17:42:00,346.2,346.2,346.2,346.2,100
2026-07-17 17:43:00,346.15,346.18,346.15,346.18,568
2026-07-17 17:44:00,346.2,346.2,346.2,346.2,59
2026-07-17 17:45:00,346.27,346.27,346.27,346.27,65
2026-07-17 17:46:00,346.25,346.27,346.25,346.27,150
2026-07-17 17:47:00,346.26,346.27,346.26,346.27,120
2026-07-17 17:48:00,346.48,346.48,346.45,346.48,307
2026-07-17 17:49:00,346.49,346.49,346.2115,346.29,301
2026-07-17 17:57:00,346.26,346.48,346.19,346.19,462
2026-07-17 17:58:00,346.35,346.35,346.35,346.35,87
2026-07-17 18:00:00,346.42,346.42,346.42,346.42,95
2026-07-17 18:01:00,346.12,346.12,346.12,346.12,100
2026-07-17 18:02:00,346.3,346.3,346.3,346.3,900
2026-07-17 18:03:00,346.331,346.34,346.05,346.34,587
2026-07-17 18:04:00,346.3,346.35,346.3,346.35,600
2026-07-17 18:05:00,346.35,346.35,346.3458,346.3458,200
2026-07-17 18:06:00,346.2,346.4,346.2,346.4,1799
2026-07-17 18:09:00,346.4,346.4,346.4,346.4,41
2026-07-17 18:10:00,346.44,346.44,346.44,346.44,100
2026-07-17 18:14:00,346.35,346.35,346.35,346.35,40
2026-07-17 18:17:00,346.16,346.18,346,346,1301
2026-07-17 18:18:00,346.34,346.34,346.34,346.34,79
2026-07-17 18:20:00,346.26,346.3752,346.26,346.3752,180
2026-07-17 18:22:00,346.3445,346.3445,346.3445,346.3445,50
2026-07-17 18:24:00,346.2884,346.2884,346.2,346.2,420
2026-07-17 18:25:00,346.2,346.2,346.2,346.2,80
2026-07-17 18:26:00,346.3,346.3,346.3,346.3,50
2026-07-17 18:28:00,346.35,346.4,346.35,346.4,141
2026-07-17 18:29:00,346.4,346.4,346.4,346.4,50
2026-07-17 18:34:00,346.21,346.21,346.21,346.21,40
2026-07-17 18:35:00,346.3,346.3,346.3,346.3,61
2026-07-17 18:36:00,346.17,346.17,346.17,346.17,425
2026-07-17 18:37:00,346.21,346.21,346.2,346.2,93
2026-07-17 18:40:00,346.25,346.25,346.25,346.25,104
2026-07-17 18:42:00,346.23,346.23,346,346,340
2026-07-17 18:46:00,346.21,346.21,346.21,346.21,40
2026-07-17 18:47:00,346.2,346.2,346.2,346.2,297
2026-07-17 18:50:00,346.23,346.23,346.23,346.23,576
2026-07-17 18:53:00,346.28,346.28,346.26,346.26,232
2026-07-17 18:54:00,346.25,346.32,346.25,346.32,232
2026-07-17 18:55:00,346.32,346.4,346.32,346.35,440
2026-07-17 18:56:00,346.39,346.4,346.39,346.4,490
2026-07-17 18:57:00,346.39,346.39,346.338,346.338,1000
2026-07-17 18:59:00,346.3988,346.3988,346.38,346.39,1458
2026-07-17 19:00:00,346.3652,346.3652,346.23,346.23,700
2026-07-17 19:01:00,346.33,346.35,346.33,346.34,688
2026-07-17 19:02:00,346.3674,346.3674,346.3674,346.3674,192
2026-07-17 19:03:00,346.36,346.36,346.36,346.36,708
2026-07-17 19:04:00,346.2248,346.35,346.2248,346.35,177
2026-07-17 19:05:00,346.26,346.26,346.26,346.26,40
2026-07-17 19:09:00,346.19,346.19,346.18,346.18,160
2026-07-17 19:10:00,346,346.12,346,346.12,200
2026-07-17 19:11:00,346.12,346.12,346.12,346.12,57
2026-07-17 19:15:00,346.2,346.2,346.2,346.2,55
2026-07-17 19:17:00,346.15,346.15,346.15,346.15,160
2026-07-17 19:18:00,346.0171,346.0171,346.0171,346.0171,50
2026-07-17 19:19:00,346.1,346.1,346.1,346.1,40
2026-07-17 19:20:00,346.11,346.1782,346.06,346.06,1230
2026-07-17 19:21:00,346.03,346.0423,346,346.0423,230
2026-07-17 19:22:00,346,346.02,346,346.02,130
2026-07-17 19:24:00,346.0077,346.0077,346.0077,346.0077,100
2026-07-17 19:25:00,346.05,346.05,346.05,346.05,698
2026-07-17 19:26:00,346.09,346.09,346,346.01,265
2026-07-17 19:30:00,346,346,346,346,49
2026-07-17 19:33:00,346,346,346,346,50
2026-07-17 19:36:00,345.88,345.88,345.88,345.88,97
2026-07-17 19:39:00,345.89,345.89,345.89,345.89,40
2026-07-17 19:40:00,345.8,345.8,345.8,345.8,100
2026-07-17 19:41:00,345.9,345.9,345.89,345.89,146
2026-07-17 19:42:00,345.8708,345.8708,345.85,345.85,106
2026-07-17 19:43:00,345.91,345.91,345.91,345.91,100
2026-07-17 19:45:00,345.78,345.91,345.6058,345.8542,550
2026-07-17 19:46:00,345.9,345.9,345.9,345.9,50
2026-07-17 19:47:00,345.855,345.855,345.8,345.8,372
2026-07-17 19:48:00,345.68,345.84,345.68,345.84,1600
2026-07-17 19:49:00,345.8044,345.8044,345.6392,345.6392,250
2026-07-17 19:51:00,345.8,345.8,345.8,345.8,405
2026-07-17 19:52:00,345.77,345.77,345.6394,345.6394,90
2026-07-17 19:53:00,345.8,345.8,345.8,345.8,187
2026-07-17 19:54:00,345.8,345.8,345.8,345.8,86
2026-07-17 19:55:00,345.6794,345.81,345.65,345.8,1390
2026-07-17 19:56:00,345.725,345.725,345.61,345.68,450
2026-07-17 19:57:00,345.77,345.77,345.71,345.71,180
2026-07-17 19:58:00,345.71,345.8246,345.71,345.8246,205
2026-07-17 19:59:00,345.725,345.84,345.725,345.7481,298
2026-07-20 04:00:00,346.44,348.04,346.44,347.4,7832
2026-07-20 04:01:00,347.18,347.67,346.77,346.77,5038
2026-07-20 04:02:00,346.8,347.88,346.7,347.51,1794
2026-07-20 04:03:00,347.7,347.7,347.6,347.6,190
2026-07-20 04:04:00,347.78,347.78,346.91,347,367
2026-07-20 04:05:00,346.94,347.68,346.94,347.57,398
2026-07-20 04:07:00,347.6,347.6,347.5,347.5,186
2026-07-20 04:08:00,347.54,347.54,347.54,347.54,40
2026-07-20 04:09:00,347.6,347.6,347.6,347.6,673
2026-07-20 04:11:00,347.5,347.6,347.5,347.6,318
2026-07-20 04:12:00,347.7,347.7,347.7,347.7,100
2026-07-20 04:13:00,347.7,347.73,347.7,347.73,650
2026-07-20 04:15:00,347.81,347.81,347.721,347.721,318
2026-07-20 04:16:00,347.75,347.8,347.73,347.73,152
2026-07-20 04:17:00,347.65,347.7,347.5,347.51,353
2026-07-20 04:18:00,347.5,347.5,347.5,347.5,61
2026-07-20 04:19:00,347.6,347.6,347.56,347.59,261
2026-07-20 04:20:00,347.59,347.59,347.52,347.52,341
2026-07-20 04:21:00,347.6,347.67,347.6,347.67,247
2026-07-20 04:23:00,347.712,347.712,347.71,347.71,705
2026-07-20 04:24:00,347.7,347.7,347.58,347.58,94
2026-07-20 04:25:00,347.59,347.59,347.5,347.54,1336
2026-07-20 04:26:00,347.42,347.42,347.41,347.41,275
2026-07-20 04:29:00,347.5,347.5,347.5,347.5,119
2026-07-20 04:30:00,347.46,347.46,347.29,347.29,384
2026-07-20 04:31:00,347.48,347.48,347.48,347.48,100
2026-07-20 04:33:00,347.48,347.51,347.41,347.51,461
2026-07-20 04:34:00,347.4,347.4,347.4,347.4,300
2026-07-20 04:35:00,347.53,347.54,347.53,347.54,180
2026-07-20 04:39:00,347.77,347.89,347.73,347.89,214
2026-07-20 04:41:00,347.8,347.8,347.8,347.8,75
2026-07-20 04:42:00,347.89,347.89,347.83,347.83,153
2026-07-20 04:43:00,347.85,347.85,347.85,347.85,96
2026-07-20 04:44:00,347.83,347.83,347.83,347.83,100
2026-07-20 04:45:00,347.58,347.58,347.58,347.58,95
2026-07-20 04:47:00,347.4731,347.4731,347.4731,347.4731,100
2026-07-20 04:50:00,347.82,347.85,347.82,347.85,278
2026-07-20 04:51:00,347.68,347.68,347.68,347.68,60
2026-07-20 04:52:00,347.56,347.56,347.5,347.5,1178
2026-07-20 04:54:00,347.57,347.6,347.57,347.6,299
2026-07-20 04:57:00,347.666,347.666,347.666,347.666,163
2026-07-20 04:58:00,347.61,347.61,347.61,347.61,100
2026-07-20 04:59:00,347.53,347.53,347.52,347.52,263
2026-07-20 05:02:00,347.46,347.46,347.4,347.44,945
2026-07-20 05:03:00,347.4,347.4,347.28,347.28,6148
2026-07-20 05:05:00,347.25,347.25,347.21,347.21,303
2026-07-20 05:07:00,347.18,347.18,347.1723,347.1723,190
2026-07-20 05:11:00,347.19,347.19,347.19,347.19,43
2026-07-20 05:12:00,347.04,347.16,347.04,347.16,315
2026-07-20 05:18:00,347.35,347.35,347.35,347.35,49
2026-07-20 05:19:00,347.29,347.29,347.28,347.28,140
2026-07-20 05:21:00,347.26,347.26,347.25,347.25,568
2026-07-20 05:23:00,347.5,347.5,347.5,347.5,170
2026-07-20 05:24:00,347.5,347.5,347.48,347.48,675
2026-07-20 05:26:00,347.55,347.55,347.55,347.55,100
2026-07-20 05:29:00,347.63,347.63,347.63,347.63,60
2026-07-20 05:30:00,347.77,347.77,347.77,347.77,100
2026-07-20 05:31:00,347.72,347.79,347.67,347.67,1293
2026-07-20 05:32:00,347.75,347.75,347.75,347.75,73
2026-07-20 05:34:00,347.8,347.8,347.8,347.8,172
2026-07-20 05:37:00,347.75,347.75,347.75,347.75,100
2026-07-20 05:39:00,347.8,347.8,347.8,347.8,98
2026-07-20 05:40:00,347.95,347.95,347.91,347.95,413
2026-07-20 05:42:00,347.91,347.91,347.77,347.8,494
2026-07-20 05:44:00,347.95,347.95,347.95,347.95,61
2026-07-20 05:48:00,347.8343,347.8343,347.8343,347.8343,46
2026-07-20 05:51:00,347.9,347.9,347.9,347.9,90
2026-07-20 05:52:00,347.791,347.791,347.791,347.791,178
2026-07-20 05:55:00,347.77,347.77,347.67,347.67,540
2026-07-20 05:56:00,347.69,347.7,347.69,347.7,116
2026-07-20 05:59:00,347.8,347.8,347.8,347.8,50
2026-07-20 06:00:00,347.67,347.67,347.62,347.62,113
2026-07-20 06:01:00,347.61,347.61,347.58,347.58,174
2026-07-20 06:02:00,347.7,347.7,347.7,347.7,100
2026-07-20 06:03:00,347.77,347.77,347.77,347.77,245
2026-07-20 06:05:00,347.7,347.7,347.7,347.7,305
2026-07-20 06:06:00,347.68,347.68,347.64,347.64,97
2026-07-20 06:07:00,347.84,347.84,347.84,347.84,100
2026-07-20 06:08:00,347.6,347.6,347.6,347.6,100
2026-07-20 06:10:00,347.66,347.66,347.66,347.66,66
2026-07-20 06:11:00,347.61,347.61,347.61,347.61,45
2026-07-20 06:13:00,347.61,347.61,347.6,347.6,244
2026-07-20 06:15:00,347.53,347.53,347.5,347.5,190
2026-07-20 06:19:00,347.51,347.51,347.51,347.51,40
2026-07-20 06:20:00,347.47,347.47,347.47,347.47,40
2026-07-20 06:21:00,347.54,347.54,347.54,347.54,40
2026-07-20 06:23:00,347.52,347.52,347.48,347.51,240
2026-07-20 06:24:00,347.6093,347.6093,347.6093,347.6093,150
2026-07-20 06:26:00,347.62,347.69,347.62,347.69,215
2026-07-20 06:27:00,347.67,347.67,347.67,347.67,94
2026-07-20 06:29:00,347.67,347.67,347.66,347.66,140
2026-07-20 06:31:00,347.67,347.7,347.65,347.65,411
2026-07-20 06:33:00,347.63,347.63,347.63,347.63,40
2026-07-20 06:34:00,347.605,347.65,347.605,347.65,170
2026-07-20 06:36:00,347.64,347.65,347.61,347.65,128
2026-07-20 06:37:00,347.67,347.67,347.67,347.67,45
2026-07-20 06:38:00,347.6,347.6,347.6,347.6,83
2026-07-20 06:40:00,347.73,347.73,347.73,347.73,200
2026-07-20 06:42:00,347.536,347.536,347.536,347.536,500
2026-07-20 06:43:00,347.53,347.53,347.53,347.53,66
2026-07-20 06:44:00,347.653,347.664,347.653,347.664,200
2026-07-20 06:45:00,347.54,347.54,347.4,347.4,357
2026-07-20 06:46:00,347.51,347.51,347.51,347.51,91
2026-07-20 06:47:00,347.52,347.52,347.41,347.41,285
2026-07-20 06:48:00,347.31,347.31,347.3,347.3,205
2026-07-20 06:50:00,347.36,347.3843,347.16,347.16,316
2026-07-20 06:51:00,347.15,347.15,347.15,347.15,60
2026-07-20 06:56:00,347.53,347.53,347.53,347.53,200
2026-07-20 06:57:00,347.45,347.486,347.45,347.486,194
2026-07-20 06:59:00,347.4,347.4,347.4,347.4,169
2026-07-20 07:00:00,347.34,347.395,347.03,347.1,3140
2026-07-20 07:01:00,347.05,347.05,346.59,346.78,2086
2026-07-20 07:02:00,346.8,346.9944,346.8,346.9944,526
2026-07-20 07:03:00,347,347.0431,347,347.0431,639
2026-07-20 07:04:00,347.07,347.0772,347.07,347.0772,158
2026-07-20 07:07:00,347.2,347.2,347.04,347.04,404
2026-07-20 07:08:00,347.1782,347.2128,347.1782,347.2128,157
2026-07-20 07:09:00,347.1,347.1,347.0061,347.0061,98
2026-07-20 07:10:00,347.1166,347.1166,347.04,347.0417,2643
2026-07-20 07:11:00,347.1,347.1245,347.05,347.05,250
2026-07-20 07:12:00,347.1,347.26,347.1,347.26,200
2026-07-20 07:13:00,347.27,347.3295,347.2,347.2,1089
2026-07-20 07:14:00,347.27,347.3,347.27,347.3,158
2026-07-20 07:15:00,347.3412,347.3482,347.28,347.28,771
2026-07-20 07:16:00,347.3237,347.35,347.22,347.35,1244
2026-07-20 07:18:00,347.16,347.25,347.1,347.1,249
2026-07-20 07:19:00,347.1,347.1,347.04,347.04,647
2026-07-20 07:20:00,347.31,347.31,347.31,347.31,100
2026-07-20 07:21:00,347.2889,347.31,347.1663,347.2549,1385
2026-07-20 07:22:00,347.155,347.155,347.155,347.155,1200
2026-07-20 07:24:00,347.22,347.22,347.22,347.22,40
2026-07-20 07:26:00,347.26,347.26,347.26,347.26,90
2026-07-20 07:28:00,347.28,347.35,347.28,347.35,800
2026-07-20 07:29:00,347.3,347.35,347.3,347.35,460
2026-07-20 07:30:00,347.47,347.81,347.47,347.8,1977
2026-07-20 07:31:00,347.7,347.9,347.7,347.8981,862
2026-07-20 07:32:00,347.9,348.03,347.9,348.03,4013
2026-07-20 07:33:00,348.238,348.25,348.2,348.25,220
2026-07-20 07:34:00,347.85,348.03,347.85,347.9,504
2026-07-20 07:35:00,347.8861,348.0497,347.8861,348.0497,791
2026-07-20 07:36:00,347.89,347.89,347.88,347.88,128
2026-07-20 07:37:00,347.85,347.85,347.82,347.82,368
2026-07-20 07:38:00,347.86,347.86,347.7317,347.7317,163
2026-07-20 07:39:00,347.849,347.85,347.849,347.85,332
2026-07-20 07:40:00,347.83,347.8914,347.8,347.8914,700
2026-07-20 07:41:00,347.99,348.1,347.99,348.1,198
2026-07-20 07:42:00,348.0898,348.09,348.0898,348.09,243
2026-07-20 07:43:00,348.11,348.2,348.08,348.2,270
2026-07-20 07:44:00,348.18,348.25,348.18,348.25,368
2026-07-20 07:46:00,348.25,348.5,348.24,348.38,1403
2026-07-20 07:47:00,348.33,348.34,348.18,348.18,500
2026-07-20 07:48:00,348.12,348.12,348.1,348.1,480
2026-07-20 07:49:00,348.14,348.14,348.14,348.14,40
2026-07-20 07:50:00,348.09,348.11,347.93,347.93,1843
2026-07-20 07:51:00,348,348,347.93,347.93,288
2026-07-20 07:52:00,348,348,348,348,144
2026-07-20 07:53:00,348.2,348.2,348.19,348.19,150
2026-07-20 07:54:00,348,348.12,348,348.02,245
2026-07-20 07:55:00,348.038,348.038,348.038,348.038,50
2026-07-20 07:56:00,348.13,348.13,348,348,180
2026-07-20 07:57:00,347.9909,347.9909,347.9909,347.9909,50
2026-07-20 07:58:00,348.19,348.19,348.17,348.17,400
2026-07-20 07:59:00,348.09,348.09,348.02,348.02,166
2026-07-20 08:00:00,348.01,348.1067,348.01,348.1067,290
2026-07-20 08:01:00,347.98,347.99,347.94,347.94,200
2026-07-20 08:02:00,347.96,348,347.63,347.63,1770
2026-07-20 08:03:00,347.61,347.63,347.61,347.63,80
2026-07-20 08:04:00,347.9225,347.9225,347.7,347.7,250
2026-07-20 08:07:00,347.8322,347.8322,347.67,347.8,318
2026-07-20 08:08:00,347.7,347.74,347.57,347.61,1417
2026-07-20 08:09:00,347.5,347.5,347.3,347.3,1655
2026-07-20 08:10:00,347.4461,347.4461,347.3,347.3,325
2026-07-20 08:11:00,347.22,347.2542,347.22,347.2542,160
2026-07-20 08:12:00,347.2,347.26,347.1,347.1239,610
2026-07-20 08:14:00,347.2,347.28,347.2,347.28,329
2026-07-20 08:15:00,347.21,347.21,347.1,347.1,653
2026-07-20 08:16:00,347.1,347.1,347.1,347.1,63
2026-07-20 08:17:00,347.31,347.31,347.11,347.11,250
2026-07-20 08:18:00,347.2,347.2,347.2,347.2,75
2026-07-20 08:19:00,347.2644,347.2644,347.1,347.18,350
2026-07-20 08:20:00,347.05,347.09,347,347,935
2026-07-20 08:21:00,347.0001,347.0001,347.0001,347.0001,150
2026-07-20 08:22:00,347.1,347.15,347.0486,347.1,290
2026-07-20 08:23:00,347.1,347.1,347.1,347.1,95
2026-07-20 08:24:00,347.256,347.256,347.22,347.22,573
2026-07-20 08:25:00,347.12,347.12,347,347,200
2026-07-20 08:26:00,346.984,347.12,346.984,347,678
2026-07-20 08:27:00,347.15,347.22,347.15,347.22,278
2026-07-20 08:28:00,347.3,347.32,347.3,347.3,577
2026-07-20 08:29:00,347.3813,347.3813,347.3733,347.3733,239
2026-07-20 08:30:00,347.41,347.44,347.2766,347.2856,721
2026-07-20 08:31:00,347.45,347.45,347.28,347.28,200
2026-07-20 08:32:00,347.45,347.47,347.4,347.47,463
2026-07-20 08:33:00,347.3648,347.3648,347.3648,347.3648,300
2026-07-20 08:34:00,347.33,347.4398,347.32,347.4398,461
2026-07-20 08:35:00,347.5,347.5156,347.4,347.5156,237
2026-07-20 08:36:00,347.46,347.5302,347.46,347.5302,424
2026-07-20 08:37:00,347.47,347.7,347.47,347.7,405
2026-07-20 08:38:00,347.7,347.7161,347.7,347.7161,615
2026-07-20 08:39:00,347.73,347.73,347.55,347.55,1128
2026-07-20 08:40:00,347.5584,347.5584,347.55,347.55,180
2026-07-20 08:41:00,347.5077,347.55,347.47,347.47,498
2026-07-20 08:42:00,347.62,347.62,347.49,347.49,277
2026-07-20 08:43:00,347.61,347.61,347.61,347.61,400
2026-07-20 08:44:00,347.47,347.47,347.31,347.31,515
2026-07-20 08:45:00,347.3283,347.48,347.27,347.48,562
2026-07-20 08:46:00,347.5,347.55,347.5,347.54,750
2026-07-20 08:47:00,347.68,347.68,347.68,347.68,278
2026-07-20 08:48:00,347.62,347.62,347.62,347.62,100
2026-07-20 08:49:00,347.8,347.8,347.8,347.8,150
2026-07-20 08:50:00,347.74,347.74,347.74,347.74,40
2026-07-20 08:51:00,347.67,347.77,347.66,347.77,953
2026-07-20 08:52:00,347.78,347.78,347.67,347.67,241
2026-07-20 08:53:00,347.67,347.8,347.62,347.8,1554
2026-07-20 08:54:00,347.81,347.81,347.81,347.81,1000
2026-07-20 08:55:00,347.71,347.7504,347.45,347.53,2301
2026-07-20 08:56:00,347.51,347.81,347.51,347.81,347
2026-07-20 08:57:00,347.71,347.79,347.71,347.79,120
2026-07-20 08:58:00,347.81,347.91,347.81,347.91,204
2026-07-20 08:59:00,347.89,347.9788,347.89,347.9788,178
2026-07-20 09:00:00,347.97,348,347.86,348,1073
2026-07-20 09:01:00,348.13,348.13,348.13,348.13,40
2026-07-20 09:02:00,348.3,348.342,348.3,348.31,338
2026-07-20 09:03:00,348.5,349.42,348.5,349.42,4408
2026-07-20 09:04:00,349.48,350.47,349.24,350.17,4931
2026-07-20 09:05:00,350.0701,350.43,349.86,350.43,4327
2026-07-20 09:06:00,350.29,351,350.29,350.59,6439
2026-07-20 09:07:00,350.5899,350.5899,350,350.1267,1087
2026-07-20 09:08:00,350.33,350.33,349.87,349.87,2250
2026-07-20 09:09:00,349.87,350,349.8,349.8,763
2026-07-20 09:10:00,349.9,350.03,349.53,349.53,2413
2026-07-20 09:11:00,349.25,349.72,349.25,349.6,462
2026-07-20 09:12:00,349.54,349.95,349.52,349.79,3726
2026-07-20 09:13:00,349.78,349.8546,349.64,349.64,625
2026-07-20 09:14:00,349.63,349.79,349.5,349.5,1630
2026-07-20 09:15:00,349.52,349.52,349.2904,349.52,774
2026-07-20 09:16:00,349.52,349.52,349.41,349.41,100
2026-07-20 09:17:00,349.4004,349.5,349.4004,349.5,543
2026-07-20 09:18:00,349.65,349.91,349.6283,349.6283,743
2026-07-20 09:19:00,349.51,349.53,349.35,349.5,2147
2026-07-20 09:20:00,349.5,349.59,348.91,349.06,4302
2026-07-20 09:21:00,349.21,349.21,349.1,349.1,628
2026-07-20 09:22:00,349,349.17,348.96,348.96,5199
2026-07-20 09:23:00,348.99,349.18,348.96,349.18,2010
2026-07-20 09:24:00,349.17,349.59,349.07,349.5,4510
2026-07-20 09:25:00,349.64,349.75,349.38,349.4,1531
2026-07-20 09:26:00,349.36,349.5754,349.36,349.5754,312
2026-07-20 09:27:00,349.66,349.71,349.02,349.16,3732
2026-07-20 09:28:00,349.26,350.1997,349.26,350.14,2909
2026-07-20 09:29:00,350.11,351.2,349.54,350.35,5372
2026-07-20 09:30:00,350.17,353.96,349.89,353.21,305477
2026-07-20 09:31:00,353.27,353.74,352.51,352.96,71450
2026-07-20 09:32:00,352.91,353.88,352.85,353.47,66553
2026-07-20 09:33:00,353.32,353.73,353.1659,353.345,47508
2026-07-20 09:34:00,353.36,355.275,353.18,355.26,68368
2026-07-20 09:35:00,355.16,355.99,354.87,355.425,85698
2026-07-20 09:36:00,355.43,355.73,355.19,355.5,37834
2026-07-20 09:37:00,355.425,356.56,355.425,356.51,55529
2026-07-20 09:38:00,356.53,356.9,355.96,356.39,77219
2026-07-20 09:39:00,356.44,356.78,355.64,356.78,55510
2026-07-20 09:40:00,356.59,357.035,356.17,356.56,51792
2026-07-20 09:41:00,356.62,357.25,356.3,356.92,46965
2026-07-20 09:42:00,356.9,357.87,356.87,357.848,54112
2026-07-20 09:43:00,357.75,358.2499,357.29,357.37,62477
2026-07-20 09:44:00,357.38,358.06,357.34,357.865,42546
2026-07-20 09:45:00,357.865,358.9,357.72,358.54,77379
2026-07-20 09:46:00,358.55,358.92,358.23,358.77,72353
2026-07-20 09:47:00,358.77,358.92,358.17,358.615,59153
2026-07-20 09:48:00,358.625,358.66,357.86,358.005,57367
2026-07-20 09:49:00,358,358.25,357.68,357.785,70421
2026-07-20 09:50:00,357.74,357.9,357.27,357.314,44087
2026-07-20 09:51:00,357.31,357.7727,357.1413,357.26,45539
2026-07-20 09:52:00,357.3,357.32,356.41,356.48,65850
2026-07-20 09:53:00,356.52,357.82,356.45,357.73,55605
2026-07-20 09:54:00,357.69,357.78,357.04,357.33,34984
2026-07-20 09:55:00,357.35,358.2,357.14,358.2,54487
2026-07-20 09:56:00,358.175,358.24,357.55,357.87,36160
2026-07-20 09:57:00,357.955,358.26,357.79,358.0625,35914
2026-07-20 09:58:00,358.03,358.4,357.96,358.07,49356
2026-07-20 09:59:00,358.09,358.38,357.89,358.07,55680
2026-07-20 10:00:00,358.15,358.46,358,358.4,25945
2026-07-20 10:01:00,358.34,358.42,357.84,358.04,36059
2026-07-20 10:02:00,358.075,358.44,357.85,358.4108,33166
2026-07-20 10:03:00,358.47,359.36,358.43,359.125,54823
2026-07-20 10:04:00,359.14,359.37,358.5,358.67,35868
2026-07-20 10:05:00,358.71,359.4599,358.56,358.565,35683
2026-07-20 10:06:00,358.615,358.93,358.5,358.69,31897
2026-07-20 10:07:00,358.6376,358.92,358.58,358.7,11134
2026-07-20 10:08:00,358.65,358.665,358.31,358.5675,23191
2026-07-20 10:09:00,358.55,358.97,358.47,358.52,24845
2026-07-20 10:10:00,358.525,358.565,358.16,358.39,20539
2026-07-20 10:11:00,358.4,358.67,358.14,358.39,34550
2026-07-20 10:12:00,358.36,358.5717,358.04,358.05,21030
2026-07-20 10:13:00,358.04,358.26,357.8,358.17,24965
2026-07-20 10:14:00,358.2,358.78,358.15,358.4393,19377
2026-07-20 10:15:00,358.47,359.42,358.3,359.34,29727
2026-07-20 10:16:00,359.32,359.49,358.68,358.84,30881
2026-07-20 10:17:00,358.78,358.8699,358.1,358.27,25938
2026-07-20 10:18:00,358.32,358.75,358.215,358.5199,48131
2026-07-20 10:19:00,358.465,358.535,358,358.2,20661
2026-07-20 10:20:00,358.11,358.6595,358.08,358.44,19326
2026-07-20 10:21:00,358.42,358.93,358.31,358.86,22044
2026-07-20 10:22:00,358.925,358.95,358.19,358.3,20513
2026-07-20 10:23:00,358.22,358.5,357.93,358.435,18257
2026-07-20 10:24:00,358.435,358.6925,358.43,358.52,23960
2026-07-20 10:25:00,358.47,358.47,358.1,358.25,14449
2026-07-20 10:26:00,358.295,358.64,358.15,358.64,25076
2026-07-20 10:27:00,358.585,358.77,358.51,358.6,29559
2026-07-20 10:28:00,358.6,358.83,358.305,358.4,27683
2026-07-20 10:29:00,358.45,358.645,358.28,358.31,22932
2026-07-20 10:30:00,358.36,358.67,358.23,358.67,17558
2026-07-20 10:31:00,358.67,358.905,358.38,358.525,15330
2026-07-20 10:32:00,358.45,358.505,357.81,358.04,28482
2026-07-20 10:33:00,358.04,358.1501,357.94,358.005,14524
2026-07-20 10:34:00,358.005,358.27,357.5501,357.705,26037
2026-07-20 10:35:00,357.65,357.72,357.26,357.57,20960
2026-07-20 10:36:00,357.6478,357.89,357.53,357.585,15462
2026-07-20 10:37:00,357.5995,357.5995,357.28,357.36,17795
2026-07-20 10:38:00,357.37,357.8013,357.35,357.5725,10984
2026-07-20 10:39:00,357.5435,357.69,357.4601,357.5,7455
2026-07-20 10:40:00,357.535,358.1,357.5,357.885,20841
2026-07-20 10:41:00,357.8851,357.99,357.21,357.26,13365
2026-07-20 10:42:00,357.27,357.33,356.83,356.87,36897
2026-07-20 10:43:00,356.93,357.1,356.59,356.59,15283
2026-07-20 10:44:00,356.625,356.7305,356.47,356.58,13270
2026-07-20 10:45:00,356.63,356.96,356.2901,356.92,25323
2026-07-20 10:46:00,356.89,357.2699,356.8727,357.2,18402
2026-07-20 10:47:00,357.2,357.25,356.8801,356.95,11452
2026-07-20 10:48:00,356.94,357.2299,356.57,356.723,20245
2026-07-20 10:49:00,356.75,356.8,356.24,356.31,17182
2026-07-20 10:50:00,356.335,356.525,356.21,356.41,10355
2026-07-20 10:51:00,356.39,356.48,356.2,356.29,15339
2026-07-20 10:52:00,356.29,356.55,356.23,356.47,17032
2026-07-20 10:53:00,356.39,356.4969,356.25,356.31,8677
2026-07-20 10:54:00,356.325,356.58,356.29,356.54,10441
2026-07-20 10:55:00,356.42,356.52,356.13,356.25,11185
2026-07-20 10:56:00,356.2751,356.2751,355.85,355.95,16950
2026-07-20 10:57:00,355.92,356.215,355.76,356.215,21326
2026-07-20 10:58:00,356.215,356.26,355.88,356.1,12467
2026-07-20 10:59:00,356.1,356.46,355.99,356.1,20939
2026-07-20 11:00:00,356.12,356.225,355.93,356.17,21024
2026-07-20 11:01:00,356.195,356.29,355.93,356.11,10418
2026-07-20 11:02:00,356.1,356.14,355.77,356.01,8317
2026-07-20 11:03:00,356.11,356.46,356.05,356.33,17449
2026-07-20 11:04:00,356.375,356.375,356.05,356.19,16785
2026-07-20 11:05:00,356.23,356.35,356.02,356.02,20182
2026-07-20 11:06:00,356.01,356.18,355.8005,356.005,22543
2026-07-20 11:07:00,356.01,356.38,355.96,356.2,14939
2026-07-20 11:08:00,356.245,356.41,355.97,356.215,27218
2026-07-20 11:09:00,356.23,356.845,356.22,356.79,39043
2026-07-20 11:10:00,356.79,356.795,356.56,356.595,19468
2026-07-20 11:11:00,356.6,356.75,356.53,356.65,16120
2026-07-20 11:12:00,356.65,356.78,356.54,356.76,21211
2026-07-20 11:13:00,356.755,356.94,356.36,356.72,26986
2026-07-20 11:14:00,356.755,356.755,356.34,356.36,11991
2026-07-20 11:15:00,356.35,356.44,356.1,356.38,10048
2026-07-20 11:16:00,356.3675,356.42,356.1101,356.2,6000
2026-07-20 11:17:00,356.24,356.25,355.9,356.18,14174
2026-07-20 11:18:00,356.16,356.38,356.1311,356.29,12187
2026-07-20 11:19:00,356.25,356.4,356.0901,356.24,6339
2026-07-20 11:20:00,356.23,356.25,356.07,356.23,7238
2026-07-20 11:21:00,356.225,356.26,356.1,356.15,8405
2026-07-20 11:22:00,356.145,356.28,356.06,356.14,9920
2026-07-20 11:23:00,356.15,356.24,356.05,356.22,10720
2026-07-20 11:24:00,356.245,356.6,356.17,356.44,17912
2026-07-20 11:25:00,356.4193,356.7,356.4193,356.5399,16089
2026-07-20 11:26:00,356.475,356.475,356.26,356.26,13887
2026-07-20 11:27:00,356.31,356.38,355.95,355.95,24066
2026-07-20 11:28:00,355.94,356.1075,355.755,356.01,22565
2026-07-20 11:29:00,355.99,356.71,355.98,356.69,16849
2026-07-20 11:30:00,356.69,356.84,356.44,356.635,38557
2026-07-20 11:31:00,356.6612,356.78,356.52,356.77,11423
2026-07-20 11:32:00,356.77,356.94,356.71,356.87,10590
2026-07-20 11:33:00,356.87,357.08,356.79,356.82,18240
2026-07-20 11:34:00,356.87,357.25,356.78,357.225,20531
2026-07-20 11:35:00,357.2,357.38,357.1,357.2273,26043
2026-07-20 11:36:00,357.2101,357.505,357.09,357.111,17337
2026-07-20 11:37:00,357.06,357.13,356.91,356.96,21372
2026-07-20 11:38:00,356.96,357.4,356.96,357.375,10492
2026-07-20 11:39:00,357.385,357.43,357.13,357.14,7735
2026-07-20 11:40:00,357.17,357.22,356.92,356.92,10307
2026-07-20 11:41:00,356.9,357.13,356.831,357.035,10652
2026-07-20 11:42:00,357.05,357.18,356.9655,357.105,5713
2026-07-20 11:43:00,357.095,357.17,356.86,356.86,10413
2026-07-20 11:44:00,356.85,357.12,356.76,357.12,9071
2026-07-20 11:45:00,357.07,357.14,356.79,356.93,14612
2026-07-20 11:46:00,356.92,356.92,356.7605,356.79,11506
2026-07-20 11:47:00,356.8348,357.14,356.825,356.92,12831
2026-07-20 11:48:00,356.95,356.97,356.63,356.67,11302
2026-07-20 11:49:00,356.62,356.62,356.24,356.315,10732
2026-07-20 11:50:00,356.31,356.57,356.31,356.41,13387
2026-07-20 11:51:00,356.4,356.69,356.36,356.69,8132
2026-07-20 11:52:00,356.69,356.94,356.68,356.885,11017
2026-07-20 11:53:00,356.91,357.13,356.87,357.02,9798
2026-07-20 11:54:00,357.055,357.09,356.89,356.89,9257
2026-07-20 11:55:00,356.92,357,356.67,356.72,25911
2026-07-20 11:56:00,356.73,356.82,356.51,356.6,15263
2026-07-20 11:57:00,356.63,356.6599,356.435,356.5,12934
2026-07-20 11:58:00,356.51,356.7,356.44,356.44,8622
2026-07-20 11:59:00,356.465,356.48,356.2,356.265,23965
2026-07-20 12:00:00,356.2531,356.365,356.13,356.16,13905
2026-07-20 12:01:00,356.16,356.39,356.06,356.15,10732
2026-07-20 12:02:00,356.15,356.15,355.45,355.57,25622
2026-07-20 12:03:00,355.56,355.68,355.35,355.665,14525
2026-07-20 12:04:00,355.71,355.97,355.61,355.97,16157
2026-07-20 12:05:00,355.91,355.97,355.63,355.75,17759
2026-07-20 12:06:00,355.78,355.9045,355.7,355.88,16631
2026-07-20 12:07:00,355.88,355.88,355.47,355.635,19480
2026-07-20 12:08:00,355.66,355.695,355.52,355.58,15071
2026-07-20 12:09:00,355.64,355.75,355.56,355.6599,16420
2026-07-20 12:10:00,355.62,355.62,355.21,355.21,28275
2026-07-20 12:11:00,355.24,355.375,355.08,355.2,9579
2026-07-20 12:12:00,355.195,355.6,355.12,355.375,27612
2026-07-20 12:13:00,355.36,355.51,355.11,355.22,24830
2026-07-20 12:14:00,355.22,355.33,355.18,355.25,10645
2026-07-20 12:15:00,355.275,355.33,354.92,354.99,30803
2026-07-20 12:16:00,354.97,355,354.82,354.9,14969
2026-07-20 12:17:00,354.85,355.32,354.75,355.23,12954
2026-07-20 12:18:00,355.24,355.4,355.11,355.38,13369
2026-07-20 12:19:00,355.38,355.59,355.3301,355.44,14378
2026-07-20 12:20:00,355.475,355.4816,355.2901,355.315,8511
2026-07-20 12:21:00,355.31,355.38,355.22,355.22,14139
2026-07-20 12:22:00,355.26,355.3492,355.21,355.27,9715
2026-07-20 12:23:00,355.275,355.37,355.21,355.3148,5996
2026-07-20 12:24:00,355.305,355.35,355.03,355.0775,8464
2026-07-20 12:25:00,355.095,355.12,354.89,354.96,11814
2026-07-20 12:26:00,354.93,354.9399,354.74,354.74,11357
2026-07-20 12:27:00,354.78,354.95,354.71,354.9,6055
2026-07-20 12:28:00,354.96,354.96,354.7801,354.845,6082
2026-07-20 12:29:00,354.855,355.07,354.81,354.95,9618
2026-07-20 12:30:00,354.97,355.32,354.97,355.205,13327
2026-07-20 12:31:00,355.18,355.3,354.93,354.93,6142
2026-07-20 12:32:00,354.985,355.09,354.8002,354.87,10602
2026-07-20 12:33:00,354.875,354.92,354.64,354.67,23058
2026-07-20 12:34:00,354.68,354.845,354.63,354.63,7308
2026-07-20 12:35:00,354.7,355.18,354.7,355.02,8665
2026-07-20 12:36:00,355.08,355.2121,355.05,355.12,7329
2026-07-20 12:37:00,355.1784,355.1954,354.94,355.1719,7442
2026-07-20 12:38:00,355.155,355.38,355.08,355.3301,9841
2026-07-20 12:39:00,355.39,355.47,355.26,355.36,7921
2026-07-20 12:40:00,355.332,355.66,355.16,355.575,16060
2026-07-20 12:41:00,355.53,355.5429,354.07,354.61,59328
2026-07-20 12:42:00,354.73,355.0499,354.62,355.0499,10489
2026-07-20 12:43:00,354.965,355.33,354.91,355.285,9882
2026-07-20 12:44:00,355.3399,355.3399,354.74,354.775,31733
2026-07-20 12:45:00,354.73,354.77,354.525,354.63,13483
2026-07-20 12:46:00,354.635,355.08,354.56,355.005,22523
2026-07-20 12:47:00,355.06,355.08,354.87,354.96,3901
2026-07-20 12:48:00,354.96,355.14,354.96,355.14,12039
2026-07-20 12:49:00,355.15,355.4,355.15,355.27,14641
2026-07-20 12:50:00,355.31,355.31,354.88,354.97,25131
2026-07-20 12:51:00,354.97,355.07,354.83,354.83,11019
2026-07-20 12:52:00,354.8,354.8023,354.58,354.73,16262
2026-07-20 12:53:00,354.78,354.9014,354.685,354.88,12780
2026-07-20 12:54:00,354.865,354.93,354.32,354.36,20162
2026-07-20 12:55:00,354.3492,354.5,354.21,354.385,15023
2026-07-20 12:56:00,354.395,354.47,354.28,354.39,11706
2026-07-20 12:57:00,354.39,354.49,354.39,354.485,8152
2026-07-20 12:58:00,354.485,354.725,354.45,354.46,19448
2026-07-20 12:59:00,354.51,354.5599,354.21,354.26,11674
2026-07-20 13:00:00,354.281,354.33,354.13,354.27,27028
2026-07-20 13:01:00,354.27,354.3,353.6,353.7022,29376
2026-07-20 13:02:00,353.675,353.775,353.26,353.3696,19008
2026-07-20 13:03:00,353.37,353.495,353.31,353.31,13462
2026-07-20 13:04:00,353.33,353.33,353.09,353.11,20993
2026-07-20 13:05:00,353.122,353.255,353.09,353.18,21513
2026-07-20 13:06:00,353.16,353.2,352.95,353.195,31855
2026-07-20 13:07:00,353.22,353.24,353.07,353.135,8651
2026-07-20 13:08:00,353.135,353.2,353.06,353.09,15594
2026-07-20 13:09:00,353.1,353.26,353.07,353.1951,18922
2026-07-20 13:10:00,353.195,353.24,352.85,352.87,12588
2026-07-20 13:11:00,352.85,352.855,352.5,352.5,21587
2026-07-20 13:12:00,352.5,352.56,352.42,352.53,15997
2026-07-20 13:13:00,352.525,352.56,352.34,352.375,15592
2026-07-20 13:14:00,352.41,352.41,352.185,352.32,17897
2026-07-20 13:15:00,352.33,352.33,352.03,352.14,10390
2026-07-20 13:16:00,352.115,352.31,351.89,351.95,17067
2026-07-20 13:17:00,351.97,352.35,351.955,352.35,8531
2026-07-20 13:18:00,352.42,352.505,352.27,352.415,18055
2026-07-20 13:19:00,352.41,352.6369,352.31,352.4,21154
2026-07-20 13:20:00,352.37,352.6199,352.1001,352.57,12979
2026-07-20 13:21:00,352.55,352.8184,352.53,352.76,10361
2026-07-20 13:22:00,352.775,352.95,352.76,352.9,17550
2026-07-20 13:23:00,352.92,353.16,352.92,352.925,21122
2026-07-20 13:24:00,352.925,352.93,352.4001,352.555,13196
2026-07-20 13:25:00,352.5,352.635,352.3905,352.585,7761
2026-07-20 13:26:00,352.5899,352.64,352.38,352.57,4567
2026-07-20 13:27:00,352.57,352.655,352.39,352.42,10593
2026-07-20 13:28:00,352.46,352.57,352.37,352.515,8137
2026-07-20 13:29:00,352.55,352.63,352.48,352.51,7959
2026-07-20 13:30:00,352.535,352.64,352.3001,352.48,16234
2026-07-20 13:31:00,352.48,352.48,352.33,352.37,10606
2026-07-20 13:32:00,352.3981,352.5,352.33,352.49,5067
2026-07-20 13:33:00,352.505,352.505,352.3,352.36,9080
2026-07-20 13:34:00,352.36,352.44,352.3494,352.39,8712
2026-07-20 13:35:00,352.42,352.472,352.34,352.37,7145
2026-07-20 13:36:00,352.4,352.4695,352.17,352.41,16445
2026-07-20 13:37:00,352.41,352.6199,352.33,352.585,26434
2026-07-20 13:38:00,352.585,352.645,352.44,352.51,13082
2026-07-20 13:39:00,352.51,352.575,352.47,352.47,14685
2026-07-20 13:40:00,352.5,352.55,352.4301,352.47,8670
2026-07-20 13:41:00,352.51,352.77,352.48,352.66,5894
2026-07-20 13:42:00,352.7,352.86,352.62,352.86,12812
2026-07-20 13:43:00,352.85,352.9199,352.72,352.88,14033
2026-07-20 13:44:00,352.89,352.99,352.83,352.94,11921
2026-07-20 13:45:00,352.96,353.235,352.9,353.17,15446
2026-07-20 13:46:00,353.16,353.18,352.6702,352.9599,28966
2026-07-20 13:47:00,352.99,353.05,352.91,353.035,4923
2026-07-20 13:48:00,353.06,353.2099,353.05,353.11,11567
2026-07-20 13:49:00,353.1101,353.2,352.99,353.075,9791
2026-07-20 13:50:00,353.08,353.1899,353,353,9378
2026-07-20 13:51:00,353.015,353.1214,352.99,353.09,11735
2026-07-20 13:52:00,353.12,353.24,353.09,353.23,16164
2026-07-20 13:53:00,353.22,353.3886,353.14,353.365,12612
2026-07-20 13:54:00,353.365,353.5,353.105,353.105,12449
2026-07-20 13:55:00,353.1,353.2699,353.0262,353.23,9131
2026-07-20 13:56:00,353.185,353.23,352.95,352.95,13035
2026-07-20 13:57:00,352.99,353.1599,352.96,352.99,12400
2026-07-20 13:58:00,352.965,353.01,352.805,352.9469,10007
2026-07-20 13:59:00,352.9474,352.95,352.83,352.865,2917
2026-07-20 14:00:00,352.87,353.12,352.87,353.12,6761
2026-07-20 14:01:00,353.12,353.27,353.07,353.1,11080
2026-07-20 14:02:00,353.14,353.14,352.89,352.92,8113
2026-07-20 14:03:00,352.92,352.9399,352.7,352.875,7141
2026-07-20 14:04:00,352.875,352.875,352.73,352.73,5662
2026-07-20 14:05:00,352.73,352.945,352.67,352.81,22053
2026-07-20 14:06:00,352.815,352.815,352.59,352.65,12934
2026-07-20 14:07:00,352.66,352.66,352.55,352.62,33219
2026-07-20 14:08:00,352.62,352.86,352.5,352.79,16339
2026-07-20 14:09:00,352.795,352.84,352.69,352.8,4539
2026-07-20 14:10:00,352.79,352.79,352.56,352.645,8746
2026-07-20 14:11:00,352.64,352.7456,352.48,352.65,14390
2026-07-20 14:12:00,352.65,352.67,352.355,352.355,10625
2026-07-20 14:13:00,352.32,352.455,352.25,352.415,14802
2026-07-20 14:14:00,352.425,352.73,352.35,352.685,9615
2026-07-20 14:15:00,352.67,352.79,352.65,352.68,7667
2026-07-20 14:16:00,352.65,352.88,352.58,352.82,10917
2026-07-20 14:17:00,352.87,353,352.79,352.87,8591
2026-07-20 14:18:00,352.88,352.88,352.42,352.51,17106
2026-07-20 14:19:00,352.51,352.63,352.5,352.53,6545
2026-07-20 14:20:00,352.53,352.61,352.47,352.56,9479
2026-07-20 14:21:00,352.585,352.59,352.2501,352.4,18074
2026-07-20 14:22:00,352.45,352.46,352.09,352.09,9147
2026-07-20 14:23:00,352.03,352.25,352.02,352.04,12215
2026-07-20 14:24:00,352.01,352.08,351.77,351.855,11824
2026-07-20 14:25:00,351.855,351.9899,351.77,351.9899,14151
2026-07-20 14:26:00,351.9799,351.9799,351.72,351.78,15098
2026-07-20 14:27:00,351.75,351.81,351.5801,351.74,15265
2026-07-20 14:28:00,351.73,351.83,351.61,351.72,15197
2026-07-20 14:29:00,351.75,351.795,351.71,351.75,10351
2026-07-20 14:30:00,351.7,351.71,351.41,351.41,12327
2026-07-20 14:31:00,351.43,351.49,351.25,351.44,14768
2026-07-20 14:32:00,351.41,351.4799,351.24,351.31,16383
2026-07-20 14:33:00,351.32,351.405,351.15,351.21,10976
2026-07-20 14:34:00,351.225,351.25,351.07,351.17,11773
2026-07-20 14:35:00,351.17,351.28,351.11,351.19,9086
2026-07-20 14:36:00,351.21,351.37,351.18,351.35,12351
2026-07-20 14:37:00,351.384,351.384,351.23,351.25,8811
2026-07-20 14:38:00,351.26,351.38,351.14,351.37,12609
2026-07-20 14:39:00,351.36,351.3627,351.12,351.18,17407
2026-07-20 14:40:00,351.175,351.23,350.81,350.895,18734
2026-07-20 14:41:00,350.875,350.9601,350.68,350.855,34528
2026-07-20 14:42:00,350.855,350.95,350.67,350.81,28288
2026-07-20 14:43:00,350.82,350.965,350.76,350.83,13924
2026-07-20 14:44:00,350.79,350.9199,350.63,350.69,22844
2026-07-20 14:45:00,350.7,350.73,350.51,350.55,13378
2026-07-20 14:46:00,350.53,350.92,350.4601,350.895,17477
2026-07-20 14:47:00,350.8707,351.0499,350.8201,350.9843,12518
2026-07-20 14:48:00,351.035,351.07,350.815,350.9835,8165
2026-07-20 14:49:00,350.96,351.145,350.9415,351.03,19341
2026-07-20 14:50:00,351.03,351.12,350.95,351.02,6225
2026-07-20 14:51:00,350.95,351.16,350.93,351.04,13276
2026-07-20 14:52:00,351.04,351.14,350.96,351.09,10203
2026-07-20 14:53:00,351.07,351.25,351.02,351.095,8332
2026-07-20 14:54:00,351.095,351.1,350.98,351.01,10644
2026-07-20 14:55:00,351.02,351.0551,350.91,350.97,17363
2026-07-20 14:56:00,351,351.04,350.8989,351.01,10774
2026-07-20 14:57:00,351.02,351.2075,350.99,351.19,13768
2026-07-20 14:58:00,351.2,351.27,351.12,351.12,23636
2026-07-20 14:59:00,351.155,351.42,351.12,351.35,34567
2026-07-20 15:00:00,351.31,351.61,351.28,351.61,14906
2026-07-20 15:01:00,351.605,351.82,351.44,351.76,33803
2026-07-20 15:02:00,351.73,351.7837,351.625,351.68,12560
2026-07-20 15:03:00,351.73,351.8,351.58,351.65,21345
2026-07-20 15:04:00,351.66,351.74,351.53,351.72,10845
2026-07-20 15:05:00,351.73,351.89,351.67,351.755,22219
2026-07-20 15:06:00,351.77,352.015,351.72,351.92,12907
2026-07-20 15:07:00,351.8601,351.9696,351.67,351.74,23856
2026-07-20 15:08:00,351.74,351.9661,351.53,351.85,14148
2026-07-20 15:09:00,351.81,352.15,351.79,352.08,11223
2026-07-20 15:10:00,352.05,352.27,352.05,352.18,9705
2026-07-20 15:11:00,352.17,352.175,351.98,352.06,16582
2026-07-20 15:12:00,352.03,352.3,351.93,352.17,26555
2026-07-20 15:13:00,352.15,352.18,351.85,351.905,16694
2026-07-20 15:14:00,351.9051,351.93,351.65,351.75,12239
2026-07-20 15:15:00,351.7575,351.85,351.6,351.705,11924
2026-07-20 15:16:00,351.7001,351.86,351.7001,351.73,6174
2026-07-20 15:17:00,351.7896,351.99,351.68,351.825,6560
2026-07-20 15:18:00,351.87,351.88,351.7,351.825,6155
2026-07-20 15:19:00,351.8,351.825,351.64,351.64,5061
2026-07-20 15:20:00,351.66,351.75,351.57,351.71,5891
2026-07-20 15:21:00,351.66,351.76,351.59,351.61,5311
2026-07-20 15:22:00,351.645,351.85,351.61,351.8,6934
2026-07-20 15:23:00,351.82,351.85,351.66,351.82,8071
2026-07-20 15:24:00,351.78,351.91,351.77,351.81,9726
2026-07-20 15:25:00,351.83,351.9,351.65,351.73,7274
2026-07-20 15:26:00,351.72,351.72,351.57,351.615,11112
2026-07-20 15:27:00,351.615,351.8291,351.58,351.75,8314
2026-07-20 15:28:00,351.78,351.79,351.59,351.59,6878
2026-07-20 15:29:00,351.59,352.1,351.56,351.9,27329
2026-07-20 15:30:00,351.95,352.12,351.9,352.065,10229
2026-07-20 15:31:00,352.02,352.56,351.99,352.52,13381
2026-07-20 15:32:00,352.57,352.71,352.48,352.59,14166
2026-07-20 15:33:00,352.595,352.665,352.45,352.48,12752
2026-07-20 15:34:00,352.5199,352.5199,352.29,352.445,9199
2026-07-20 15:35:00,352.41,352.58,352.38,352.415,7463
2026-07-20 15:36:00,352.415,352.51,352.36,352.36,9033
2026-07-20 15:37:00,352.37,352.53,352.36,352.45,9811
2026-07-20 15:38:00,352.5099,352.86,352.41,352.82,13365
2026-07-20 15:39:00,352.78,352.83,352.58,352.595,11791
2026-07-20 15:40:00,352.595,352.65,352.43,352.63,10598
2026-07-20 15:41:00,352.59,352.685,352.42,352.61,11579
2026-07-20 15:42:00,352.69,352.79,352.41,352.515,11438
2026-07-20 15:43:00,352.53,352.67,352.5,352.61,6342
2026-07-20 15:44:00,352.6,352.635,352.44,352.49,23785
2026-07-20 15:45:00,352.505,352.66,352.1905,352.255,23280
2026-07-20 15:46:00,352.215,352.705,352.18,352.65,53793
2026-07-20 15:47:00,352.65,352.88,352.52,352.56,14920
2026-07-20 15:48:00,352.575,352.64,352.37,352.545,19473
2026-07-20 15:49:00,352.57,352.57,352.185,352.365,22654
2026-07-20 15:50:00,352.33,352.34,351.43,351.5,53838
2026-07-20 15:51:00,351.5,352,351.5,351.99,34669
2026-07-20 15:52:00,351.965,352.01,351.64,351.93,32640
2026-07-20 15:53:00,351.91,351.96,351.73,351.77,32257
2026-07-20 15:54:00,351.77,351.77,351.47,351.665,48896
2026-07-20 15:55:00,351.65,352.13,351.24,351.98,75164
2026-07-20 15:56:00,351.97,352.11,351.9,351.96,44756
2026-07-20 15:57:00,351.94,352.04,351.5,351.54,101675
2026-07-20 15:58:00,351.54,351.62,351.43,351.515,112146
2026-07-20 15:59:00,351.5175,351.62,351.1,351.5,229993
2026-07-20 16:00:00,351.5,351.97,351.23,351.95,2369877
2026-07-20 16:01:00,351.87,351.91,351.51,351.51,471
2026-07-20 16:02:00,351.83,351.85,351.8,351.8,477
2026-07-20 16:03:00,351.85,351.85,351.85,351.85,150
2026-07-20 16:04:00,351.57,351.6,351.56,351.6,254
2026-07-20 16:05:00,351.57,351.8,351.5,351.8,1484
2026-07-20 16:06:00,351.73,351.8345,351.71,351.75,697
2026-07-20 16:07:00,351.75,351.84,351.51,351.84,2304
2026-07-20 16:08:00,351.6425,351.6425,351.6425,351.6425,56
2026-07-20 16:09:00,351.72,351.85,351.68,351.85,1300
2026-07-20 16:10:00,351.85,351.85,351.69,351.69,354
2026-07-20 16:11:00,351.8237,351.8237,351.8237,351.8237,75
2026-07-20 16:12:00,351.69,351.69,351.69,351.69,44
2026-07-20 16:14:00,351.65,351.75,351.65,351.75,130
2026-07-20 16:15:00,351.62,351.62,351.62,351.62,100
2026-07-20 16:16:00,351.67,351.69,351.67,351.69,145
2026-07-20 16:17:00,351.7,351.7,351.69,351.69,344
2026-07-20 16:18:00,351.67,351.67,351.65,351.65,145
2026-07-20 16:19:00,351.67,351.8,351.65,351.8,1645
2026-07-20 16:20:00,351.7869,351.7869,351.118,351.118,2370
2026-07-20 16:21:00,351.2403,351.2403,351.2403,351.2403,200
2026-07-20 16:22:00,351.46,351.81,351.46,351.77,2299
2026-07-20 16:23:00,351.73,351.74,351.52,351.61,615
2026-07-20 16:24:00,351.8295,351.8295,351.8295,351.8295,100
2026-07-20 16:25:00,351.83,351.85,351.78,351.78,489
2026-07-20 16:26:00,351.83,351.85,351.81,351.85,217
2026-07-20 16:27:00,351.9605,351.9605,351.9605,351.9605,100
2026-07-20 16:28:00,351.75,351.75,351.75,351.75,56
2026-07-20 16:29:00,351.9,351.9,351.8768,351.8768,180
2026-07-20 16:30:00,351.9,351.9,351.9,351.9,100
2026-07-20 16:31:00,351.72,351.89,351.72,351.89,248
2026-07-20 16:36:00,351.88,351.9,351.88,351.9,144
2026-07-20 16:38:00,351.94,351.94,351.94,351.94,62
2026-07-20 16:40:00,351.95,351.95,351.95,351.95,600
2026-07-20 16:42:00,351.9,352.02,351.9,352,2526
2026-07-20 16:43:00,352,352,352,352,42
2026-07-20 16:44:00,352.19,352.19,352.1,352.1,364
2026-07-20 16:45:00,352.01,352.01,352.01,352.01,40
2026-07-20 16:47:00,352.01,352.01,352.01,352.01,136
2026-07-20 16:48:00,352,352,352,352,175
2026-07-20 16:52:00,351.99,352,351.99,352,100
2026-07-20 16:53:00,351.9296,351.9296,351.9296,351.9296,60
2026-07-20 16:54:00,351.86,351.94,351.86,351.94,342
2026-07-20 16:55:00,351.9,351.9,351.89,351.89,174
2026-07-20 16:56:00,351.89,351.89,351.81,351.81,269
2026-07-20 16:57:00,351.81,352,351.76,352,425
2026-07-20 16:59:00,351.8401,351.8401,351.8401,351.8401,50
2026-07-20 17:00:00,351.84,351.84,351.84,351.84,1000
2026-07-20 17:01:00,351.97,351.98,351.97,351.98,147
2026-07-20 17:03:00,351.89,351.89,351.89,351.89,50
2026-07-20 17:04:00,351.9752,351.9752,351.9752,351.9752,75
2026-07-20 17:07:00,351.99,351.99,351.99,351.99,80
2026-07-20 17:09:00,351.95,351.95,351.95,351.95,93
2026-07-20 17:11:00,351.9653,351.9653,351.9653,351.9653,50
2026-07-20 17:17:00,352,352,351.967,351.967,300
2026-07-20 17:18:00,352,352,352,352,1734
2026-07-20 17:19:00,352.08,352.08,352.08,352.08,100
2026-07-20 17:21:00,352.4799,352.4799,352,352,356
2026-07-20 17:25:00,352.17,352.17,352.1,352.1,200
2026-07-20 17:28:00,352.15,352.15,352.15,352.15,47
2026-07-20 17:29:00,352.2,352.2,352.1,352.1,242
2026-07-20 17:30:00,352.19,352.19,352.19,352.19,100
2026-07-20 17:31:00,352.1917,352.1917,352.1917,352.1917,150
2026-07-20 17:32:00,352.2,352.2,352.2,352.2,50
2026-07-20 17:42:00,352.12,352.25,352.12,352.25,1650
2026-07-20 17:43:00,352.28,352.28,352.13,352.13,280
2026-07-20 17:51:00,352.2426,352.25,352.23,352.25,188
2026-07-20 17:54:00,352.1556,352.1556,352.1556,352.1556,200
2026-07-20 17:59:00,352.24,352.24,352.24,352.24,100
2026-07-20 18:00:00,352.24,352.24,351.84,351.84,674
2026-07-20 18:02:00,351.92,351.92,351.66,351.66,221
2026-07-20 18:03:00,351.8322,351.8322,351.8322,351.8322,400
2026-07-20 18:04:00,351.84,351.84,351.62,351.62,318
2026-07-20 18:05:00,351.6,351.6,351.6,351.6,767
2026-07-20 18:06:00,351.6,351.6,351.6,351.6,4054
2026-07-20 18:07:00,351.1,351.5,351.1,351.4,281
2026-07-20 18:09:00,351.3156,351.3156,351.3156,351.3156,50
2026-07-20 18:10:00,351.74,351.8,351.65,351.65,301
2026-07-20 18:11:00,351.61,351.61,351.16,351.16,407
2026-07-20 18:14:00,351.28,351.28,351.12,351.12,200
2026-07-20 18:15:00,351.13,351.13,351.13,351.13,77
2026-07-20 18:16:00,351.28,351.28,351.13,351.13,121
2026-07-20 18:18:00,351.29,351.29,351.26,351.26,137
2026-07-20 18:22:00,351.88,351.88,351.88,351.88,60
2026-07-20 18:23:00,351.51,351.69,351.25,351.25,239
2026-07-20 18:26:00,351.8499,351.8957,351.8499,351.8957,130
2026-07-20 18:27:00,351.92,351.92,351.41,351.41,200
2026-07-20 18:32:00,351.36,351.47,351.25,351.47,301
2026-07-20 18:34:00,351.44,351.44,351.42,351.42,147
2026-07-20 18:37:00,351.4,351.4,351.4,351.4,90
2026-07-20 18:41:00,351.4225,351.4225,351.4225,351.4225,50
2026-07-20 18:42:00,351.49,351.49,351.49,351.49,50
2026-07-20 18:43:00,351.5,351.5,351.5,351.5,45
2026-07-20 18:44:00,351.45,351.45,351.158,351.158,250
2026-07-20 18:45:00,351.3,351.3,351.3,351.3,100
2026-07-20 18:46:00,351.5,351.5,351.5,351.5,102
2026-07-20 18:48:00,351.31,351.31,351.3,351.3,120
2026-07-20 18:51:00,351.3,351.3,351.3,351.3,150
2026-07-20 18:53:00,351.46,351.46,351.46,351.46,100
2026-07-20 18:54:00,351.56,351.56,351.56,351.56,100
2026-07-20 18:56:00,351.3108,351.3108,351.3108,351.3108,40
2026-07-20 18:58:00,351.55,351.55,351.55,351.55,40
2026-07-20 19:01:00,351.32,351.44,351.31,351.44,376
2026-07-20 19:03:00,351.63,351.63,351.63,351.63,75
2026-07-20 19:05:00,351.63,351.63,351.63,351.63,100
2026-07-20 19:06:00,351.65,351.65,351.35,351.35,993
2026-07-20 19:07:00,351.69,351.75,351.68,351.75,270
2026-07-20 19:08:00,351.75,351.75,351.75,351.75,492
2026-07-20 19:09:00,351.87,351.87,351.87,351.87,49
2026-07-20 19:10:00,351.35,351.35,351.35,351.35,100
2026-07-20 19:12:00,351.67,351.67,351.67,351.67,250
2026-07-20 19:13:00,351.9,351.9,351.9,351.9,50
2026-07-20 19:14:00,351.65,351.65,351.65,351.65,150
2026-07-20 19:16:00,352.35,352.35,352.35,352.35,1000
2026-07-20 19:18:00,352.25,352.27,352.25,352.27,154
2026-07-20 19:19:00,352.19,352.35,352.19,352.35,1671
2026-07-20 19:20:00,352.25,352.25,352.25,352.25,100
2026-07-20 19:21:00,352.42,352.48,352.3872,352.3872,1129
2026-07-20 19:22:00,352.39,352.48,352.39,352.48,332
2026-07-20 19:23:00,352.48,352.48,352.48,352.48,197
2026-07-20 19:25:00,352.48,352.48,352.48,352.48,50
2026-07-20 19:29:00,352.48,352.48,352.48,352.48,1130
2026-07-20 19:31:00,352.4,352.4,352.4,352.4,250
2026-07-20 19:32:00,352.479,352.48,352.479,352.48,575
2026-07-20 19:34:00,352.48,352.48,352.46,352.46,160
2026-07-20 19:35:00,352.48,352.48,352.48,352.48,190
2026-07-20 19:36:00,352.4651,352.48,352.4651,352.48,340
2026-07-20 19:38:00,352.6,352.65,352.6,352.65,500
2026-07-20 19:41:00,352.33,352.6,352.33,352.5048,217
2026-07-20 19:42:00,353,353,353,353,300
2026-07-20 19:44:00,352.56,352.75,352.56,352.75,900
2026-07-20 19:45:00,352.8,352.94,352.8,352.94,112
2026-07-20 19:46:00,352.6789,352.6789,352.6789,352.6789,300
2026-07-20 19:48:00,352.8,352.93,352.8,352.93,173
2026-07-20 19:49:00,352.6029,352.63,352.6029,352.63,147
2026-07-20 19:50:00,352.7,352.7,352.7,352.7,50
2026-07-20 19:51:00,352.8873,352.8873,352.8873,352.8873,100
2026-07-20 19:52:00,352.6259,352.6259,352.6,352.6,111
2026-07-20 19:54:00,352.89,352.89,352.89,352.89,250
2026-07-20 19:55:00,352.94,352.94,352.94,352.94,168
2026-07-20 19:56:00,352.8,352.8,352.52,352.7,318
2026-07-20 19:57:00,352.7,352.89,352.7,352.7,520
2026-07-20 19:58:00,352.7,352.7034,352.7,352.7034,657
2026-07-20 19:59:00,352.71,352.71,352.71,352.71,51
2026-07-21 04:00:00,354.24,355.8,353.75,354.87,5988
2026-07-21 04:01:00,354.79,355.98,353.78,355.47,27333
2026-07-21 04:02:00,355.31,356,355,355.42,7671
2026-07-21 04:03:00,355.18,355.3,355.18,355.3,840
2026-07-21 04:05:00,355.0235,355.0235,355.0235,355.0235,200
2026-07-21 04:07:00,355.03,355.0339,354.8,355.03,366
2026-07-21 04:08:00,355,355,354.75,354.76,612
2026-07-21 04:09:00,354.93,354.96,354.9,354.9,281
2026-07-21 04:10:00,354.87,354.87,354.87,354.87,76
2026-07-21 04:12:00,354.5378,354.62,354.45,354.52,986
2026-07-21 04:13:00,354.4,354.63,354.4,354.5,662
2026-07-21 04:14:00,354.56,354.56,354.56,354.56,70
2026-07-21 04:15:00,354.73,354.73,354.73,354.73,59
2026-07-21 04:16:00,354.53,354.53,354.4,354.4729,1233
2026-07-21 04:18:00,354.18,354.2,354.18,354.2,259
2026-07-21 04:19:00,354.31,354.31,354.31,354.31,64
2026-07-21 04:20:00,354.53,354.62,354.53,354.62,120
2026-07-21 04:21:00,354.63,355.9,354.63,354.6604,3077
2026-07-21 04:22:00,355,356.55,354.94,355.63,9023
2026-07-21 04:23:00,355.69,355.69,355.19,355.19,170
2026-07-21 04:24:00,355.2,355.39,355.1,355.39,278
2026-07-21 04:25:00,355.11,355.11,355.05,355.05,239
2026-07-21 04:26:00,355.05,355.05,355.05,355.05,40
2026-07-21 04:27:00,355.09,355.09,355.09,355.09,61
2026-07-21 04:28:00,355.23,355.27,355.23,355.23,228
2026-07-21 04:29:00,355.25,355.25,355.25,355.25,40
2026-07-21 04:30:00,355.26,355.26,355.26,355.26,52
2026-07-21 04:31:00,355.27,355.31,355.27,355.3,262
2026-07-21 04:32:00,355.32,355.32,355.19,355.19,180
2026-07-21 04:34:00,355.17,355.17,355.17,355.17,80
2026-07-21 04:35:00,355.19,355.25,355.15,355.15,250
2026-07-21 04:36:00,355.15,355.15,355.12,355.12,120
2026-07-21 04:37:00,355,355,354.93,354.93,90
2026-07-21 04:38:00,354.92,354.92,354.88,354.88,95
2026-07-21 04:41:00,354.75,354.75,354.66,354.66,928
2026-07-21 04:42:00,354.65,354.9823,354.5,354.5,501
2026-07-21 04:43:00,354.52,354.7,354.52,354.61,365
2026-07-21 04:44:00,354.52,354.52,354.5,354.5,700
2026-07-21 04:45:00,354.5,354.5,354.5,354.5,480
2026-07-21 04:46:00,354.51,354.51,354.5,354.5,600
2026-07-21 04:47:00,354.53,354.69,354.47,354.47,1229
2026-07-21 04:48:00,354.65,354.65,354.41,354.53,274
2026-07-21 04:49:00,354.7,354.7,354.56,354.57,379
2026-07-21 04:50:00,354.69,354.7,354.5,354.55,379
2026-07-21 04:52:00,354.36,354.36,354.36,354.36,80
2026-07-21 04:53:00,354.35,354.35,354.26,354.26,557
2026-07-21 04:54:00,354.0882,354.0882,354.0882,354.0882,54
2026-07-21 04:55:00,354.22,354.3,354.22,354.3,338
2026-07-21 04:56:00,354.39,354.39,354.27,354.3,205
2026-07-21 04:57:00,354.22,354.22,354.22,354.22,135
2026-07-21 04:58:00,354.3,355.03,354.27,355.03,2885
2026-07-21 04:59:00,354.68,354.68,354.68,354.68,80
2026-07-21 05:00:00,355.3,355.3,354.7,354.7,107
2026-07-21 05:02:00,354.5,354.5,354.5,354.5,80
2026-07-21 05:03:00,354.51,354.51,354.44,354.44,177
2026-07-21 05:04:00,354.88,354.88,354.44,354.46,320
2026-07-21 05:05:00,354.49,354.49,354.49,354.49,80
2026-07-21 05:06:00,354.89,354.89,354.46,354.87,360
2026-07-21 05:07:00,354.49,354.49,354.49,354.49,64
2026-07-21 05:08:00,354.77,354.89,354.77,354.88,391
2026-07-21 05:09:00,354.53,354.53,354.53,354.53,180
2026-07-21 05:10:00,354.57,354.57,354.57,354.57,80
2026-07-21 05:11:00,354.65,354.65,354.55,354.55,172
2026-07-21 05:12:00,354.64,354.7,354.5,354.5,933
2026-07-21 05:13:00,354.42,354.42,354.42,354.42,74
2026-07-21 05:14:00,354.44,354.44,354.44,354.44,147
2026-07-21 05:15:00,354.49,354.49,354.43,354.43,280
2026-07-21 05:16:00,354.51,354.51,354.51,354.51,60
2026-07-21 05:17:00,354.52,354.52,354.51,354.51,405
2026-07-21 05:18:00,354.52,354.6,354.52,354.6,128
2026-07-21 05:19:00,354.6,354.6,354.57,354.57,248
2026-07-21 05:20:00,354.6,354.63,354.6,354.6,313
2026-07-21 05:21:00,354.58,355.03,354.44,354.83,2512
2026-07-21 05:23:00,354.86,354.94,354.8,354.94,220
2026-07-21 05:24:00,354.87,354.94,354.78,354.78,305
2026-07-21 05:25:00,354.67,354.67,354.6,354.63,530
2026-07-21 05:26:00,354.56,354.56,354.44,354.44,1705
2026-07-21 05:27:00,354.37,354.39,354.37,354.39,200
2026-07-21 05:28:00,354.31,354.41,354.27,354.41,548
2026-07-21 05:29:00,354.26,354.6582,354.26,354.6582,258
2026-07-21 05:30:00,354.15,354.54,354.15,354.18,1997
2026-07-21 05:31:00,354.17,354.19,354.17,354.19,174
2026-07-21 05:32:00,354.2,354.4857,354.2,354.4857,104
2026-07-21 05:33:00,354.2,354.5053,354.2,354.5053,437
2026-07-21 05:34:00,354.25,354.41,354.25,354.41,177
2026-07-21 05:35:00,354.24,354.32,354.24,354.32,159
2026-07-21 05:36:00,354.32,354.58,354.32,354.58,102
2026-07-21 05:37:00,354.3,354.3,354.15,354.15,465
2026-07-21 05:39:00,354.44,354.44,354.3,354.3,95
2026-07-21 05:40:00,354.222,354.222,354.222,354.222,100
2026-07-21 05:41:00,354.21,354.21,354.21,354.21,80
2026-07-21 05:42:00,354.19,354.19,354.19,354.19,79
2026-07-21 05:43:00,354.3,354.3,354.19,354.3,210
2026-07-21 05:44:00,354.22,354.3754,354.22,354.3754,380
2026-07-21 05:45:00,354.12,354.12,354.12,354.12,100
2026-07-21 05:46:00,354.24,354.36,354.24,354.36,148
2026-07-21 05:47:00,354.28,354.28,354.28,354.28,50
2026-07-21 05:48:00,354.31,354.31,354.3,354.3,245
2026-07-21 05:49:00,354.32,355,354.32,354.61,3825
2026-07-21 05:50:00,354.52,354.54,354.52,354.54,258
2026-07-21 05:51:00,354.54,354.82,354.54,354.82,290
2026-07-21 05:52:00,354.54,354.54,354.54,354.54,80
2026-07-21 05:53:00,354.68,354.68,354.68,354.68,80
2026-07-21 05:54:00,354.57,354.57,354.57,354.57,80
2026-07-21 05:55:00,354.8,354.8,354.55,354.56,243
2026-07-21 05:56:00,354.34,354.34,354.34,354.34,52
2026-07-21 05:57:00,354.24,354.24,354.24,354.24,60
2026-07-21 05:58:00,354.24,354.24,354.24,354.24,80
2026-07-21 05:59:00,354.2,354.2,354.2,354.2,40
2026-07-21 06:00:00,354.3,354.3,354.3,354.3,73
2026-07-21 06:01:00,354.52,354.52,354.44,354.44,279
2026-07-21 06:02:00,354.42,354.65,354.42,354.48,212
2026-07-21 06:03:00,354.3,354.3,354.3,354.3,106
2026-07-21 06:04:00,354.3,354.3,354.3,354.3,42
2026-07-21 06:06:00,354.4208,354.4241,354.4208,354.4241,700
2026-07-21 06:10:00,354.53,354.53,354.53,354.53,105
2026-07-21 06:11:00,354.78,354.78,354.78,354.78,100
2026-07-21 06:13:00,354.72,354.72,354.72,354.72,57
2026-07-21 06:16:00,354.78,354.78,354.49,354.5,1020
2026-07-21 06:20:00,354.78,354.78,354.78,354.78,85
2026-07-21 06:21:00,354.95,354.95,354.75,354.75,507
2026-07-21 06:22:00,354.66,354.68,354.66,354.68,200
2026-07-21 06:23:00,354.98,354.98,354.98,354.98,100
2026-07-21 06:24:00,354.77,354.83,354.77,354.83,204
2026-07-21 06:25:00,354.8,354.8,354.8,354.8,250
2026-07-21 06:26:00,354.11,354.45,352.9,353.4,3902
2026-07-21 06:27:00,353.29,353.5,352.8,353.13,1683
2026-07-21 06:28:00,353.3,353.3,353.3,353.3,100
2026-07-21 06:29:00,353.45,353.45,353.25,353.25,235
2026-07-21 06:30:00,353.34,353.44,353.25,353.26,630
2026-07-21 06:31:00,353.55,353.55,353.17,353.17,618
2026-07-21 06:33:00,353.79,353.8,353.77,353.8,650
2026-07-21 06:34:00,353.93,353.93,353.9,353.9,436
2026-07-21 06:38:00,354,354,353.9,353.9,185
2026-07-21 06:43:00,353.98,353.98,353.98,353.98,100
2026-07-21 06:44:00,354.09,354.09,354.08,354.08,144
2026-07-21 06:45:00,354,354,354,354,55
2026-07-21 06:47:00,354.01,354.01,354.01,354.01,100
2026-07-21 06:50:00,353.87,353.87,353.87,353.87,100
2026-07-21 06:54:00,353.93,353.93,353.93,353.93,100
2026-07-21 06:55:00,353.88,354,353.88,354,250
2026-07-21 06:57:00,353.88,353.88,353.88,353.88,100
2026-07-21 06:58:00,353.85,353.85,353.85,353.85,154
2026-07-21 07:00:00,353.95,354.254,353.43,354.254,3334
2026-07-21 07:01:00,354.08,354.254,354,354,4992
2026-07-21 07:02:00,354.11,354.11,353.75,353.75,118
2026-07-21 07:03:00,354.0304,354.0424,353.8549,354.0424,340
2026-07-21 07:04:00,353.86,354,353.83,354,159
2026-07-21 07:05:00,353.73,354.0273,353.73,354.0273,200
2026-07-21 07:06:00,353.97,353.97,353.75,353.75,1439
2026-07-21 07:07:00,353.75,353.75,353.75,353.75,157
2026-07-21 07:08:00,353.75,353.75,353.55,353.55,1303
2026-07-21 07:09:00,353.7859,353.81,353.7796,353.7796,375
2026-07-21 07:10:00,353.8925,353.8925,353.67,353.67,1350
2026-07-21 07:11:00,353.7,353.8134,353.57,353.69,491
2026-07-21 07:12:00,353.75,353.75,353.75,353.75,475
2026-07-21 07:13:00,353.66,353.66,353.66,353.66,68
2026-07-21 07:14:00,353.74,353.78,353.43,353.4641,1047
2026-07-21 07:15:00,353.52,353.52,353.43,353.43,971
2026-07-21 07:16:00,353.6899,353.6899,353.3,353.3,740
2026-07-21 07:17:00,353.27,353.27,353.0449,353.0449,182
2026-07-21 07:18:00,353.2,353.2363,353.2,353.2363,464
2026-07-21 07:19:00,353,353,352.96,352.96,755
2026-07-21 07:21:00,353.0207,353.0207,352.77,353.01,1734
2026-07-21 07:22:00,353.33,353.3515,353.33,353.3515,700
2026-07-21 07:23:00,353.5,353.5,353.13,353.13,240
2026-07-21 07:24:00,353.13,353.13,353.13,353.13,500
2026-07-21 07:25:00,353.03,353.03,353.03,353.03,483
2026-07-21 07:26:00,353.0666,353.0666,353.05,353.05,150
2026-07-21 07:27:00,353.18,353.34,353.18,353.34,233
2026-07-21 07:28:00,353.16,353.21,353.16,353.2,236
2026-07-21 07:29:00,353.2,353.36,353.2,353.36,275
2026-07-21 07:30:00,353.25,353.25,353.25,353.25,170
2026-07-21 07:31:00,353.3551,353.3551,353.15,353.22,1577
2026-07-21 07:33:00,353.2,353.45,353.2,353.45,300
2026-07-21 07:34:00,353.18,353.18,353.15,353.15,210
2026-07-21 07:36:00,353.33,353.33,353.33,353.33,50
2026-07-21 07:38:00,353.07,353.12,353.07,353.12,195
2026-07-21 07:39:00,353.1,353.1,353.0565,353.0565,200
2026-07-21 07:40:00,353.09,353.1,352.91,353.07,1851
2026-07-21 07:41:00,352.93,352.93,352.77,352.8,253
2026-07-21 07:42:00,352.71,352.71,352.71,352.71,120
2026-07-21 07:43:00,352.89,352.9,352.88,352.9,210
2026-07-21 07:44:00,353,353,352.94,352.94,160
2026-07-21 07:45:00,352.94,353.17,352.94,353.17,160
2026-07-21 07:46:00,353,353,352.85,352.85,143
2026-07-21 07:47:00,353.14,353.14,352.45,352.45,502
2026-07-21 07:48:00,352.5,352.74,352,352.15,1630
2026-07-21 07:49:00,352.33,352.33,352.33,352.33,45
2026-07-21 07:50:00,352.48,352.48,352,352.13,866
2026-07-21 07:51:00,352.18,352.18,351.5,351.5,1188
2026-07-21 07:52:00,351.94,351.99,351.5,351.5,889
2026-07-21 07:53:00,351.55,351.688,351.47,351.55,1687
2026-07-21 07:54:00,351.55,351.55,351.55,351.55,50
2026-07-21 07:55:00,351.6,351.63,351.5,351.5791,2260
2026-07-21 07:56:00,351.4,351.73,351.19,351.73,1323
2026-07-21 07:57:00,351.9999,351.9999,351.88,351.88,200
2026-07-21 07:58:00,351.9014,352,351.9014,352,501
2026-07-21 07:59:00,351.9613,352,351.95,352,1647
2026-07-21 08:00:00,351.977,352,351.9,352,1202
2026-07-21 08:01:00,351.8,351.9763,351.8,351.9763,800
2026-07-21 08:02:00,351.9805,351.9805,351.7412,351.81,693
2026-07-21 08:03:00,351.94,351.94,351.94,351.94,112
2026-07-21 08:04:00,351.75,351.9489,351.75,351.9489,144
2026-07-21 08:05:00,351.67,351.76,351.4,351.4,1214
2026-07-21 08:06:00,351.42,351.42,351.28,351.28,683
2026-07-21 08:07:00,351.3614,351.49,351.3614,351.4586,580
2026-07-21 08:08:00,351.4544,351.4544,351.4544,351.4544,50
2026-07-21 08:09:00,351.45,351.4999,351.27,351.27,4914
2026-07-21 08:10:00,351.1801,351.242,351.1801,351.2,660
2026-07-21 08:11:00,351.48,351.48,351.3555,351.3555,307
2026-07-21 08:12:00,351.3558,351.5,351.3558,351.44,1455
2026-07-21 08:13:00,351.3266,351.52,351.29,351.35,2088
2026-07-21 08:14:00,351.4621,351.4621,351.4621,351.4621,50
2026-07-21 08:15:00,351.36,351.49,351.18,351.18,1388
2026-07-21 08:17:00,351.45,351.5,351.33,351.39,2657
2026-07-21 08:18:00,351.4242,351.4242,351.32,351.4079,375
2026-07-21 08:19:00,351.5,351.5,351.5,351.5,112
2026-07-21 08:20:00,351.3,351.3304,351.3,351.3304,150
2026-07-21 08:21:00,351.455,351.469,351.455,351.469,644
2026-07-21 08:22:00,351.48,351.488,351.43,351.43,534
2026-07-21 08:23:00,351.37,351.38,351.28,351.28,3224
2026-07-21 08:24:00,351.3008,351.3008,350.88,350.98,4363
2026-07-21 08:25:00,351,351.1716,350.88,351.1716,209
2026-07-21 08:26:00,351,351.19,351,351.19,191
2026-07-21 08:27:00,351.02,351.04,350.95,350.95,2017
2026-07-21 08:29:00,350.81,351.04,350.81,351.04,253
2026-07-21 08:30:00,350.91,351,350.8101,350.9697,3385
2026-07-21 08:31:00,350.8,350.924,350.8,350.8,722
2026-07-21 08:32:00,350.8,350.8,350.6829,350.6829,1024
2026-07-21 08:33:00,350.95,350.95,350.95,350.95,500
2026-07-21 08:34:00,351,351.16,350.9231,350.9231,5465
2026-07-21 08:35:00,350.91,350.91,350.58,350.58,382
2026-07-21 08:36:00,350.55,350.55,350.2612,350.39,1514
2026-07-21 08:37:00,350.4,350.4641,350.4,350.4641,346
2026-07-21 08:38:00,350.4991,350.5,350.41,350.47,1296
2026-07-21 08:39:00,350.47,350.55,350.46,350.55,1264
2026-07-21 08:40:00,350.4,350.4,350.31,350.31,679
2026-07-21 08:41:00,350.39,350.44,350.3825,350.3825,483
2026-07-21 08:42:00,350.45,350.54,350.4,350.4,340
2026-07-21 08:43:00,350.74,350.74,350.2,350.35,6681
2026-07-21 08:44:00,350.1,350.1,349.84,349.89,5929
2026-07-21 08:45:00,349.8,350,349.8,350,1416
2026-07-21 08:46:00,350.05,350.31,349.77,349.77,4273
2026-07-21 08:47:00,349.74,349.99,349.6221,349.99,2053
2026-07-21 08:48:00,349.99,350,349.89,349.99,2254
2026-07-21 08:49:00,350,350,349.96,350,1427
2026-07-21 08:50:00,350,350.31,350,350.31,1364
2026-07-21 08:51:00,350.44,350.49,350.44,350.48,612
2026-07-21 08:52:00,350.49,350.88,350.49,350.88,1541
2026-07-21 08:53:00,350.8991,351,350.81,350.81,662
2026-07-21 08:54:00,350.9,350.9,350.8,350.8,1410
2026-07-21 08:55:00,350.8,350.8706,350.7,350.7,2906
2026-07-21 08:56:00,350.95,350.95,350.85,350.95,1780
2026-07-21 08:57:00,350.9986,351,350.84,350.94,1854
2026-07-21 08:58:00,350.9752,351,350.7,350.7,390
2026-07-21 08:59:00,350.89,350.89,350.89,350.89,100
2026-07-21 09:00:00,350.802,350.802,350.802,350.802,100
2026-07-21 09:01:00,350.83,350.83,350.83,350.83,600
2026-07-21 09:02:00,350.84,350.84,350.68,350.78,1423
2026-07-21 09:03:00,350.6817,350.8,350.6817,350.7914,650
2026-07-21 09:04:00,350.95,350.97,350.84,350.84,245
2026-07-21 09:05:00,350.71,350.71,350.66,350.66,328
2026-07-21 09:06:00,350.7574,350.7574,350.2,350.2,880
2026-07-21 09:07:00,350.31,350.39,350.31,350.33,910
2026-07-21 09:08:00,350.44,350.46,350.44,350.46,560
2026-07-21 09:10:00,350.42,350.49,350.42,350.451,1240
2026-07-21 09:11:00,350.6,350.74,350.6,350.74,873
2026-07-21 09:12:00,350.84,350.84,350.79,350.84,778
2026-07-21 09:13:00,350.8179,350.95,350.79,350.87,2855
2026-07-21 09:14:00,350.8,350.98,350.8,350.94,2173
2026-07-21 09:15:00,350.99,351,350.86,350.94,1664
2026-07-21 09:16:00,350.96,350.96,350.94,350.95,236
2026-07-21 09:17:00,350.93,351,350.93,350.99,584
2026-07-21 09:18:00,351,351,350.93,350.93,2603
2026-07-21 09:19:00,350.9783,350.9783,350.75,350.84,1816
2026-07-21 09:20:00,350.8521,350.92,350.66,350.66,1950
2026-07-21 09:21:00,350.78,350.85,350.78,350.85,1270
2026-07-21 09:22:00,350.79,351,350.79,351,1162
2026-07-21 09:23:00,351,351,350.7465,350.7465,6505
2026-07-21 09:24:00,351,351,350.87,350.87,500
2026-07-21 09:25:00,350.81,350.81,350.45,350.588,1362
2026-07-21 09:26:00,350.5758,350.66,350.32,350.32,1250
2026-07-21 09:27:00,350.49,351.24,349.79,350.71,21035
2026-07-21 09:28:00,350.16,350.3,349.87,350.16,13382
2026-07-21 09:29:00,350.21,350.88,350.16,350.56,13321
2026-07-21 09:30:00,350.56,350.74,347.55,347.55,480317
2026-07-21 09:31:00,347.55,349.6997,346.8819,349.315,92509
2026-07-21 09:32:00,349.4,350.54,348.85,350.1662,35309
2026-07-21 09:33:00,350.11,350.17,349.35,349.87,68252
2026-07-21 09:34:00,349.815,350,348.95,349.11,42761
2026-07-21 09:35:00,348.95,349.5,348.6,348.875,32991
2026-07-21 09:36:00,348.9,349.53,348.56,348.96,35820
2026-07-21 09:37:00,349,349.25,347.71,348.115,53653
2026-07-21 09:38:00,348.16,348.77,348.12,348.6865,25497
2026-07-21 09:39:00,348.6471,349.6,348.6471,349.325,43940
2026-07-21 09:40:00,349.3473,349.4353,348.86,349.28,37801
2026-07-21 09:41:00,349.2651,349.7,349.13,349.24,27250
2026-07-21 09:42:00,349.195,349.85,349.03,349.35,36370
2026-07-21 09:43:00,349.42,349.43,349,349.2,26725
2026-07-21 09:44:00,349.075,349.33,348.81,349.33,14038
2026-07-21 09:45:00,349.2821,349.78,348.6901,348.735,39774
2026-07-21 09:46:00,348.76,348.95,348.46,348.82,14596
2026-07-21 09:47:00,348.815,348.905,348.43,348.565,15509
2026-07-21 09:48:00,348.6,348.61,347.87,348.04,47163
2026-07-21 09:49:00,347.9617,348.02,347.54,347.8398,38343
2026-07-21 09:50:00,347.93,348.13,347.8,347.92,20159
2026-07-21 09:51:00,347.98,348.0796,347.74,347.795,31879
2026-07-21 09:52:00,347.77,348.4543,347.73,348.27,30079
2026-07-21 09:53:00,348.34,348.8251,348.18,348.695,47491
2026-07-21 09:54:00,348.645,348.89,348.56,348.66,16084
2026-07-21 09:55:00,348.6525,348.8,348.46,348.575,14379
2026-07-21 09:56:00,348.57,348.7,348.35,348.7,9124
2026-07-21 09:57:00,348.62,348.899,348.55,348.65,10280
2026-07-21 09:58:00,348.6,348.9,348.51,348.76,16942
2026-07-21 09:59:00,348.79,349.49,348.6405,349.145,25489
2026-07-21 10:00:00,349.215,349.28,348.84,348.85,29175
2026-07-21 10:01:00,348.86,349.06,348.66,348.77,18671
2026-07-21 10:02:00,348.865,348.94,348.63,348.765,14665
2026-07-21 10:03:00,348.72,349,348.7,348.8341,21815
2026-07-21 10:04:00,348.94,349.39,348.9,349.09,31568
2026-07-21 10:05:00,349.085,349.4483,349.085,349.18,16878
2026-07-21 10:06:00,349.19,349.38,349.09,349.23,17148
2026-07-21 10:07:00,349.26,349.26,348.66,348.6951,15968
2026-07-21 10:08:00,348.73,349.0273,348.5,348.945,22364
2026-07-21 10:09:00,349,349.2,348.9,349.01,13060
2026-07-21 10:10:00,349.035,349.035,348.64,348.735,14509
2026-07-21 10:11:00,348.7686,348.7686,348.39,348.64,20760
2026-07-21 10:12:00,348.64,348.8199,348.53,348.7799,9913
2026-07-21 10:13:00,348.77,348.99,348.66,348.8405,15418
2026-07-21 10:14:00,348.86,349.07,348.84,348.9899,13174
2026-07-21 10:15:00,348.9,348.99,348.4,348.61,22535
2026-07-21 10:16:00,348.61,348.64,348.255,348.52,28085
2026-07-21 10:17:00,348.515,348.82,348.05,348.82,31172
2026-07-21 10:18:00,348.79,348.99,348.69,348.72,23502
2026-07-21 10:19:00,348.69,348.895,348.56,348.775,10798
2026-07-21 10:20:00,348.73,348.94,348.62,348.8499,12087
2026-07-21 10:21:00,348.85,348.9,348.5507,348.88,22467
2026-07-21 10:22:00,348.92,349.5,348.82,349.26,30913
2026-07-21 10:23:00,349.235,349.47,349.15,349.18,14299
2026-07-21 10:24:00,349.19,349.25,348.59,348.8,15122
2026-07-21 10:25:00,348.83,348.9,348.68,348.89,11273
2026-07-21 10:26:00,348.89,348.98,348.765,348.785,12341
2026-07-21 10:27:00,348.76,348.95,348.5647,348.93,13848
2026-07-21 10:28:00,348.95,349.09,348.72,348.745,27073
2026-07-21 10:29:00,348.74,348.83,348.63,348.8099,14777
2026-07-21 10:30:00,348.74,348.74,348.49,348.645,12833
2026-07-21 10:31:00,348.66,348.8099,348.61,348.8024,9246
2026-07-21 10:32:00,348.8,348.81,348.3011,348.335,17511
2026-07-21 10:33:00,348.34,348.571,348.34,348.54,18710
2026-07-21 10:34:00,348.54,348.62,348.45,348.49,15992
2026-07-21 10:35:00,348.495,348.56,348.11,348.2,25922
2026-07-21 10:36:00,348.21,348.26,348.03,348.2599,23341
2026-07-21 10:37:00,348.25,348.5,348.25,348.47,13739
2026-07-21 10:38:00,348.49,348.49,348.04,348.18,24845
2026-07-21 10:39:00,348.14,348.155,347.94,348.14,39352
2026-07-21 10:40:00,348.105,348.33,348.05,348.15,15528
2026-07-21 10:41:00,348.135,348.18,347.41,347.505,29355
2026-07-21 10:42:00,347.505,347.62,347.3,347.34,21305
2026-07-21 10:43:00,347.34,347.8085,347.34,347.705,13176
2026-07-21 10:44:00,347.68,347.77,347.55,347.61,13442
2026-07-21 10:45:00,347.64,347.97,347.62,347.87,22303
2026-07-21 10:46:00,347.865,348.3173,347.865,348.125,17145
2026-07-21 10:47:00,348.125,348.21,347.89,348.07,13768
2026-07-21 10:48:00,348.064,348.5,347.94,348.095,21555
2026-07-21 10:49:00,348.11,348.42,348.08,348.32,9099
2026-07-21 10:50:00,348.3201,348.76,348.28,348.755,19578
2026-07-21 10:51:00,348.755,348.96,348.66,348.83,17579
2026-07-21 10:52:00,348.9,348.98,348.82,348.97,7968
2026-07-21 10:53:00,348.985,348.985,348.81,348.95,12654
2026-07-21 10:54:00,348.905,349.125,348.79,348.91,24350
2026-07-21 10:55:00,348.91,348.9511,348.69,348.85,15651
2026-07-21 10:56:00,348.8941,348.93,348.32,348.36,20374
2026-07-21 10:57:00,348.355,348.405,348.09,348.09,13490
2026-07-21 10:58:00,348.11,348.38,348.1,348.32,11053
2026-07-21 10:59:00,348.33,348.35,348.22,348.298,8662
2026-07-21 11:00:00,348.3,349.67,348.26,348.95,90127
2026-07-21 11:01:00,348.92,348.92,347.57,348.18,49633
2026-07-21 11:02:00,348.2,348.255,347.59,347.788,22340
2026-07-21 11:03:00,347.77,347.7799,347.36,347.5716,15776
2026-07-21 11:04:00,347.53,347.84,347.53,347.77,10957
2026-07-21 11:05:00,347.73,347.76,347.41,347.59,18515
2026-07-21 11:06:00,347.525,347.92,347.495,347.89,8073
2026-07-21 11:07:00,347.88,348.17,347.87,348.03,11124
2026-07-21 11:08:00,348.05,348.08,347.74,348.08,13528
2026-07-21 11:09:00,348.01,348.3,347.975,348.21,21325
2026-07-21 11:10:00,348.24,348.42,348.15,348.2,15990
2026-07-21 11:11:00,348.195,348.22,348.03,348.155,10300
2026-07-21 11:12:00,348.16,348.26,348.1,348.15,18038
2026-07-21 11:13:00,348.15,348.1526,347.99,347.995,15825
2026-07-21 11:14:00,347.97,348.15,347.95,348.04,19722
2026-07-21 11:15:00,348.03,348.15,347.98,348.05,16671
2026-07-21 11:16:00,348.08,348.1,347.99,348.04,17165
2026-07-21 11:17:00,348.04,348.12,347.93,348.12,21124
2026-07-21 11:18:00,348.08,348.385,347.92,348.035,16316
2026-07-21 11:19:00,348.06,348.24,347.88,347.905,16372
2026-07-21 11:20:00,347.905,348.17,347.56,347.68,18389
2026-07-21 11:21:00,347.69,347.975,347.56,347.79,14367
2026-07-21 11:22:00,347.82,347.88,347.63,347.79,18307
2026-07-21 11:23:00,347.68,347.99,347.68,347.907,10727
2026-07-21 11:24:00,347.9617,347.97,347.57,347.6106,12656
2026-07-21 11:25:00,347.6,347.76,347.38,347.43,16500
2026-07-21 11:26:00,347.425,347.53,347.25,347.5,16733
2026-07-21 11:27:00,347.53,347.69,347.37,347.64,18561
2026-07-21 11:28:00,347.6999,347.6999,347.48,347.57,11799
2026-07-21 11:29:00,347.56,347.6399,347.33,347.45,18001
2026-07-21 11:30:00,347.395,347.59,347.3,347.59,17888
2026-07-21 11:31:00,347.6,347.89,347.53,347.7895,14741
2026-07-21 11:32:00,347.74,347.81,347.67,347.72,15622
2026-07-21 11:33:00,347.6901,347.72,347.42,347.6,13359
2026-07-21 11:34:00,347.56,348.3,347.52,348.12,29742
2026-07-21 11:35:00,348.17,348.48,348.1,348.34,45094
2026-07-21 11:36:00,348.3101,348.7,348.3101,348.56,27036
2026-07-21 11:37:00,348.58,348.78,348.505,348.68,15091
2026-07-21 11:38:00,348.67,348.77,348.61,348.68,23051
2026-07-21 11:39:00,348.685,348.86,348.4,348.4,23438
2026-07-21 11:40:00,348.375,348.65,348.35,348.58,9783
2026-07-21 11:41:00,348.575,348.68,348.39,348.465,16149
2026-07-21 11:42:00,348.46,348.66,348.3411,348.55,10706
2026-07-21 11:43:00,348.52,348.97,348.46,348.8201,13910
2026-07-21 11:44:00,348.85,348.958,348.76,348.76,21196
2026-07-21 11:45:00,348.78,348.96,348.75,348.84,11093
2026-07-21 11:46:00,348.815,348.83,348.5601,348.65,16610
2026-07-21 11:47:00,348.63,348.6602,348.52,348.65,10861
2026-07-21 11:48:00,348.615,348.71,348.43,348.43,22998
2026-07-21 11:49:00,348.49,348.69,348.49,348.6,14106
2026-07-21 11:50:00,348.58,348.6899,348.54,348.66,13226
2026-07-21 11:51:00,348.6599,348.82,348.6599,348.775,8108
2026-07-21 11:52:00,348.79,349.025,348.79,349.025,18507
2026-07-21 11:53:00,349.01,349.04,348.86,349.03,17992
2026-07-21 11:54:00,349.02,349.03,348.84,348.989,14529
2026-07-21 11:55:00,348.985,349.24,348.985,349.105,17565
2026-07-21 11:56:00,349.12,349.32,349.07,349.1,17723
2026-07-21 11:57:00,349.09,349.1799,349.04,349.1,8761
2026-07-21 11:58:00,349.1,349.1055,348.89,348.89,9755
2026-07-21 11:59:00,348.87,348.915,348.513,348.66,27252
2026-07-21 12:00:00,348.64,348.84,348.61,348.79,8892
2026-07-21 12:01:00,348.78,348.91,348.59,348.66,9562
2026-07-21 12:02:00,348.66,348.77,348.61,348.7,7414
2026-07-21 12:03:00,348.715,348.77,348.51,348.5699,8272
2026-07-21 12:04:00,348.555,348.57,348.2701,348.39,21583
2026-07-21 12:05:00,348.385,348.4899,348.35,348.47,9793
2026-07-21 12:06:00,348.43,348.58,348.36,348.365,14783
2026-07-21 12:07:00,348.36,348.42,348.23,348.385,13732
2026-07-21 12:08:00,348.39,348.55,348.34,348.4,14344
2026-07-21 12:09:00,348.38,348.54,348.38,348.53,9133
2026-07-21 12:10:00,348.55,348.58,348.43,348.49,11586
2026-07-21 12:11:00,348.49,348.56,348.415,348.49,13559
2026-07-21 12:12:00,348.54,348.64,348.38,348.64,9892
2026-07-21 12:13:00,348.615,348.685,348.58,348.62,10016
2026-07-21 12:14:00,348.62,348.86,348.58,348.86,13501
2026-07-21 12:15:00,348.82,348.86,348.71,348.75,25944
2026-07-21 12:16:00,348.72,348.73,348.51,348.5575,16821
2026-07-21 12:17:00,348.535,348.555,348.33,348.37,41333
2026-07-21 12:18:00,348.36,348.38,348.27,348.355,10875
2026-07-21 12:19:00,348.355,348.66,348.33,348.64,16140
2026-07-21 12:20:00,348.64,348.82,348.61,348.67,19267
2026-07-21 12:21:00,348.675,348.7799,348.6,348.61,11820
2026-07-21 12:22:00,348.6,348.6,348.46,348.5205,8294
2026-07-21 12:23:00,348.52,348.77,348.485,348.5399,16450
2026-07-21 12:24:00,348.51,348.57,348.41,348.5152,24173
2026-07-21 12:25:00,348.48,348.72,348.4601,348.65,12361
2026-07-21 12:26:00,348.64,348.83,348.62,348.75,9281
2026-07-21 12:27:00,348.73,348.81,348.72,348.8,8833
2026-07-21 12:28:00,348.8,348.95,348.79,348.95,15322
2026-07-21 12:29:00,348.945,349,348.87,348.88,15811
2026-07-21 12:30:00,348.89,349.02,348.8,348.815,14944
2026-07-21 12:31:00,348.8399,348.885,348.73,348.74,36395
2026-07-21 12:32:00,348.73,348.7784,348.66,348.76,9529
2026-07-21 12:33:00,348.755,349.07,348.755,349.015,8240
2026-07-21 12:34:00,349.015,349.1,348.96,349.06,34523
2026-07-21 12:35:00,349.04,349.18,348.93,349,46754
2026-07-21 12:36:00,348.975,349.1825,348.97,349.17,13031
2026-07-21 12:37:00,349.17,349.3,349.09,349.224,18604
2026-07-21 12:38:00,349.2,349.24,349.08,349.105,13122
2026-07-21 12:39:00,349.105,349.13,349,349.035,9906
2026-07-21 12:40:00,349.05,349.07,348.93,348.93,13081
2026-07-21 12:41:00,348.935,349.06,348.88,348.97,9479
2026-07-21 12:42:00,348.96,349,348.92,348.93,10354
2026-07-21 12:43:00,348.99,349.04,348.8951,349.01,8059
2026-07-21 12:44:00,348.995,349.03,348.84,348.97,10487
2026-07-21 12:45:00,348.9402,349.05,348.85,348.865,12980
2026-07-21 12:46:00,348.86,348.86,348.52,348.65,18626
2026-07-21 12:47:00,348.69,348.92,348.63,348.91,10388
2026-07-21 12:48:00,348.91,348.92,348.81,348.85,19475
2026-07-21 12:49:00,348.86,348.91,348.62,348.62,27266
2026-07-21 12:50:00,348.61,348.74,348.35,348.38,34185
2026-07-21 12:51:00,348.39,348.41,348.1705,348.2617,27302
2026-07-21 12:52:00,348.26,348.36,348.2,348.32,46617
2026-07-21 12:53:00,348.36,348.6,348.33,348.54,14152
2026-07-21 12:54:00,348.54,348.68,348.52,348.68,14356
2026-07-21 12:55:00,348.66,348.88,348.66,348.815,29737
2026-07-21 12:56:00,348.7901,348.82,348.6,348.75,23542
2026-07-21 12:57:00,348.765,348.94,348.73,348.75,15745
2026-07-21 12:58:00,348.73,348.8499,348.595,348.715,11968
2026-07-21 12:59:00,348.715,348.715,348.53,348.6,10195
2026-07-21 13:00:00,348.58,348.695,348.55,348.56,11813
2026-07-21 13:01:00,348.56,348.91,348.51,348.91,19760
2026-07-21 13:02:00,348.91,348.91,348.75,348.795,10715
2026-07-21 13:03:00,348.795,348.7999,348.68,348.73,8665
2026-07-21 13:04:00,348.75,348.75,348.57,348.5956,5362
2026-07-21 13:05:00,348.57,348.57,348.43,348.4445,14094
2026-07-21 13:06:00,348.465,348.465,348.3,348.37,12723
2026-07-21 13:07:00,348.38,348.39,348.09,348.125,17792
2026-07-21 13:08:00,348.09,348.26,348.055,348.14,12776
2026-07-21 13:09:00,348.185,348.31,348.16,348.21,10907
2026-07-21 13:10:00,348.2353,348.31,348.15,348.31,12050
2026-07-21 13:11:00,348.29,348.29,348.14,348.17,9427
2026-07-21 13:12:00,348.15,348.2701,348.15,348.23,7502
2026-07-21 13:13:00,348.225,348.34,348.2001,348.34,8512
2026-07-21 13:14:00,348.34,348.41,348.32,348.3494,7534
2026-07-21 13:15:00,348.36,348.43,348.21,348.27,18794
2026-07-21 13:16:00,348.27,348.42,348.23,348.37,10761
2026-07-21 13:17:00,348.35,348.41,348.3,348.325,13099
2026-07-21 13:18:00,348.33,348.4,348.32,348.36,10024
2026-07-21 13:19:00,348.375,348.44,348.3,348.335,41743
2026-07-21 13:20:00,348.37,348.41,348.31,348.37,6412
2026-07-21 13:21:00,348.36,348.45,348.33,348.38,11753
2026-07-21 13:22:00,348.38,348.42,348.36,348.38,12693
2026-07-21 13:23:00,348.38,348.3925,348.31,348.365,10207
2026-07-21 13:24:00,348.39,348.41,348.32,348.345,9408
2026-07-21 13:25:00,348.37,348.4082,348.31,348.325,8650
2026-07-21 13:26:00,348.325,348.41,348.325,348.39,8600
2026-07-21 13:27:00,348.37,348.41,348.35,348.3601,9749
2026-07-21 13:28:00,348.36,348.44,348.35,348.43,9672
2026-07-21 13:29:00,348.45,348.45,348.31,348.325,13382
2026-07-21 13:30:00,348.31,348.3625,348.18,348.28,17133
2026-07-21 13:31:00,348.32,348.39,348.31,348.3701,9226
2026-07-21 13:32:00,348.37,348.417,348.29,348.395,10542
2026-07-21 13:33:00,348.3701,348.71,348.35,348.495,98442
2026-07-21 13:34:00,348.46,348.52,348.31,348.52,16443
2026-07-21 13:35:00,348.49,348.54,348.35,348.35,12002
2026-07-21 13:36:00,348.34,348.41,348.32,348.37,11297
2026-07-21 13:37:00,348.385,348.4,348.32,348.355,8086
2026-07-21 13:38:00,348.3238,348.45,348.32,348.44,6979
2026-07-21 13:39:00,348.43,348.54,348.43,348.51,18563
2026-07-21 13:40:00,348.55,348.65,348.51,348.58,11944
2026-07-21 13:41:00,348.585,348.64,348.51,348.54,19225
2026-07-21 13:42:00,348.54,348.54,348.34,348.41,8693
2026-07-21 13:43:00,348.395,348.52,348.395,348.5,7560
2026-07-21 13:44:00,348.5,348.52,348.44,348.5179,4721
2026-07-21 13:45:00,348.51,348.54,348.26,348.27,14819
2026-07-21 13:46:00,348.2501,348.34,348.25,348.33,7939
2026-07-21 13:47:00,348.3,348.33,348.27,348.3,7671
2026-07-21 13:48:00,348.31,348.4099,348.27,348.3638,9270
2026-07-21 13:49:00,348.35,348.51,348.35,348.45,12156
2026-07-21 13:50:00,348.4201,348.6,348.4201,348.51,13044
2026-07-21 13:51:00,348.5,348.5299,348.4,348.41,7734
2026-07-21 13:52:00,348.41,348.49,348.38,348.47,8886
2026-07-21 13:53:00,348.47,348.53,348.38,348.4101,11134
2026-07-21 13:54:00,348.42,348.5,348.41,348.43,7030
2026-07-21 13:55:00,348.43,348.44,348.38,348.395,11031
2026-07-21 13:56:00,348.4,348.43,348.34,348.42,11384
2026-07-21 13:57:00,348.405,348.51,348.39,348.47,11518
2026-07-21 13:58:00,348.48,348.495,348.46,348.46,6091
2026-07-21 13:59:00,348.4501,348.485,348.42,348.44,7282
2026-07-21 14:00:00,348.44,348.44,348.28,348.32,11364
2026-07-21 14:01:00,348.32,348.45,348.32,348.38,17240
2026-07-21 14:02:00,348.38,348.42,348.26,348.38,23242
2026-07-21 14:03:00,348.39,348.42,348.25,348.3,10783
2026-07-21 14:04:00,348.34,348.43,348.31,348.31,9444
2026-07-21 14:05:00,348.34,348.4,348.3,348.33,8480
2026-07-21 14:06:00,348.32,348.49,348.31,348.415,29004
2026-07-21 14:07:00,348.4001,348.42,348.3,348.345,9395
2026-07-21 14:08:00,348.345,348.42,348.345,348.41,15328
2026-07-21 14:09:00,348.41,348.44,348.32,348.32,17938
2026-07-21 14:10:00,348.32,348.48,348.32,348.445,15131
2026-07-21 14:11:00,348.43,348.445,348.2,348.31,17575
2026-07-21 14:12:00,348.28,348.3315,348.28,348.3,9270
2026-07-21 14:13:00,348.33,348.4185,348.3,348.33,15006
2026-07-21 14:14:00,348.33,348.335,348.18,348.2,13154
2026-07-21 14:15:00,348.21,348.28,348.14,348.14,10129
2026-07-21 14:16:00,348.13,348.235,348.08,348.2176,18144
2026-07-21 14:17:00,348.23,348.26,348.19,348.235,11189
2026-07-21 14:18:00,348.235,348.26,348.15,348.25,7249
2026-07-21 14:19:00,348.23,348.29,348.17,348.17,9132
2026-07-21 14:20:00,348.16,348.21,348.1,348.21,17926
2026-07-21 14:21:00,348.2,348.25,348.14,348.155,8400
2026-07-21 14:22:00,348.155,348.2944,348.13,348.2944,6211
2026-07-21 14:23:00,348.27,348.375,348.26,348.35,11480
2026-07-21 14:24:00,348.4,348.475,348.3,348.335,39614
2026-07-21 14:25:00,348.34,348.34,348.23,348.23,9238
2026-07-21 14:26:00,348.25,348.25,348.13,348.14,9857
2026-07-21 14:27:00,348.16,348.17,348.07,348.16,9088
2026-07-21 14:28:00,348.15,348.22,348.1,348.11,7565
2026-07-21 14:29:00,348.11,348.2,348.08,348.2,12378
2026-07-21 14:30:00,348.2,348.21,348.12,348.15,9416
2026-07-21 14:31:00,348.14,348.1928,348.05,348.06,12581
2026-07-21 14:32:00,348.05,348.06,347.9,347.97,44636
2026-07-21 14:33:00,347.97,348,347.81,347.97,9861
2026-07-21 14:34:00,347.98,347.9895,347.86,347.94,9454
2026-07-21 14:35:00,347.915,348,347.9,347.97,7193
2026-07-21 14:36:00,347.975,348.12,347.975,348.045,10451
2026-07-21 14:37:00,348.06,348.125,347.96,347.97,9074
2026-07-21 14:38:00,347.995,348.144,347.98,348.03,13746
2026-07-21 14:39:00,348.04,348.0799,347.98,348.005,7694
2026-07-21 14:40:00,348.0132,348.02,347.84,347.85,24371
2026-07-21 14:41:00,347.86,347.925,347.78,347.78,16574
2026-07-21 14:42:00,347.8,347.9883,347.71,347.95,13908
2026-07-21 14:43:00,347.975,348.09,347.95,348.07,13467
2026-07-21 14:44:00,348.07,348.1,347.8735,347.895,15397
2026-07-21 14:45:00,347.93,348.01,347.89,348.01,13313
2026-07-21 14:46:00,347.99,348.02,347.9,347.955,12946
2026-07-21 14:47:00,347.935,347.98,347.91,347.94,8929
2026-07-21 14:48:00,347.97,348.05,347.96,347.97,28492
2026-07-21 14:49:00,347.9601,348.02,347.93,348.0199,7779
2026-07-21 14:50:00,348.005,348.02,347.82,347.86,9596
2026-07-21 14:51:00,347.85,347.945,347.81,347.91,8381
2026-07-21 14:52:00,347.905,347.9999,347.86,347.89,5724
2026-07-21 14:53:00,347.915,347.915,347.82,347.835,5275
2026-07-21 14:54:00,347.85,348.09,347.7501,348.0443,25956
2026-07-21 14:55:00,348.04,348.29,348.04,348.245,30944
2026-07-21 14:56:00,348.23,348.39,348.09,348.195,17775
2026-07-21 14:57:00,348.1801,348.235,347.93,347.96,15666
2026-07-21 14:58:00,347.9745,347.99,347.88,347.915,7279
2026-07-21 14:59:00,347.89,347.95,347.791,347.91,12195
2026-07-21 15:00:00,347.94,347.98,347.88,347.96,8331
2026-07-21 15:01:00,347.96,348.01,347.85,347.88,10466
2026-07-21 15:02:00,347.9,347.9799,347.8,347.87,13680
2026-07-21 15:03:00,347.93,348.13,347.85,348.04,11835
2026-07-21 15:04:00,348.025,348.1347,348,348.0999,7026
2026-07-21 15:05:00,348.055,348.29,348,348.29,11680
2026-07-21 15:06:00,348.2375,348.29,348.18,348.24,22122
2026-07-21 15:07:00,348.29,348.61,348.28,348.47,38826
2026-07-21 15:08:00,348.47,348.75,348.46,348.62,21851
2026-07-21 15:09:00,348.615,348.615,348.51,348.56,9626
2026-07-21 15:10:00,348.54,348.58,348.27,348.29,11461
2026-07-21 15:11:00,348.29,348.47,348.11,348.39,19550
2026-07-21 15:12:00,348.4,348.66,348.38,348.515,17789
2026-07-21 15:13:00,348.5,348.55,348.43,348.52,10822
2026-07-21 15:14:00,348.525,348.92,348.49,348.92,22092
2026-07-21 15:15:00,348.89,348.95,348.67,348.7001,16692
2026-07-21 15:16:00,348.78,348.79,348.57,348.72,14951
2026-07-21 15:17:00,348.72,348.86,348.66,348.74,26518
2026-07-21 15:18:00,348.7,348.85,348.685,348.85,8809
2026-07-21 15:19:00,348.835,348.86,348.78,348.78,12601
2026-07-21 15:20:00,348.8,348.82,348.6501,348.7699,16676
2026-07-21 15:21:00,348.72,348.72,348.5,348.5399,8379
2026-07-21 15:22:00,348.51,348.5999,348.4301,348.54,8687
2026-07-21 15:23:00,348.54,348.54,348.38,348.435,6546
2026-07-21 15:24:00,348.435,348.55,348.435,348.48,9679
2026-07-21 15:25:00,348.48,348.58,348.41,348.52,14597
2026-07-21 15:26:00,348.54,348.6892,348.51,348.57,17469
2026-07-21 15:27:00,348.57,348.66,348.53,348.6261,8428
2026-07-21 15:28:00,348.64,348.78,348.64,348.76,17894
2026-07-21 15:29:00,348.74,348.8425,348.68,348.8,20982
2026-07-21 15:30:00,348.83,348.89,348.78,348.84,12463
2026-07-21 15:31:00,348.83,349.02,348.75,348.75,40287
2026-07-21 15:32:00,348.765,348.85,348.67,348.72,18770
2026-07-21 15:33:00,348.72,348.81,348.71,348.75,21494
2026-07-21 15:34:00,348.765,348.78,348.32,348.355,18726
2026-07-21 15:35:00,348.33,348.455,348.33,348.41,16859
2026-07-21 15:36:00,348.405,348.49,348.405,348.43,16585
2026-07-21 15:37:00,348.43,348.43,348.32,348.365,15442
2026-07-21 15:38:00,348.37,348.43,348.31,348.32,17259
2026-07-21 15:39:00,348.3255,348.45,348.31,348.41,29758
2026-07-21 15:40:00,348.4,348.4,348.2,348.21,17820
2026-07-21 15:41:00,348.2,348.34,348.165,348.165,17208
2026-07-21 15:42:00,348.17,348.23,348.05,348.06,23324
2026-07-21 15:43:00,348.05,348.3,347.92,348.28,29928
2026-07-21 15:44:00,348.2688,348.3273,348.15,348.3,15888
2026-07-21 15:45:00,348.3,348.42,348.05,348.05,23063
2026-07-21 15:46:00,348.065,348.1399,347.96,348.045,21000
2026-07-21 15:47:00,348.055,348.06,347.9,348,26428
2026-07-21 15:48:00,347.98,348.14,347.95,347.95,16752
2026-07-21 15:49:00,347.95,348.2193,347.9,348.175,25928
2026-07-21 15:50:00,348.15,348.3,347.67,347.67,65463
2026-07-21 15:51:00,347.66,347.665,347.41,347.54,49701
2026-07-21 15:52:00,347.545,347.64,347.44,347.5994,37829
2026-07-21 15:53:00,347.6,347.6,347.25,347.28,43309
2026-07-21 15:54:00,347.3,347.34,346.71,346.9,98271
2026-07-21 15:55:00,346.89,346.89,346.34,346.385,140586
2026-07-21 15:56:00,346.385,346.62,346.32,346.49,76737
2026-07-21 15:57:00,346.49,346.55,346.22,346.235,84073
2026-07-21 15:58:00,346.23,346.345,346.18,346.23,108309
2026-07-21 15:59:00,346.25,346.36,346.01,346.151,339960
2026-07-21 16:00:00,346.15,346.56,345.88,346.5401,4005538
2026-07-21 16:01:00,346.56,346.65,346.52,346.6,2181
2026-07-21 16:02:00,346.6073,346.6073,346.3703,346.55,2728
2026-07-21 16:03:00,346.24,346.49,345.5,346.45,5907
2026-07-21 16:04:00,346.3,346.48,346.2,346.48,1809
2026-07-21 16:05:00,346.58,346.58,346.31,346.5,1891
2026-07-21 16:06:00,346.55,346.81,346.55,346.81,1291
2026-07-21 16:07:00,346.7827,346.7827,346.66,346.75,1331
2026-07-21 16:08:00,346.76,346.76,346.68,346.73,413
2026-07-21 16:09:00,346.72,346.96,346.72,346.88,883
2026-07-21 16:10:00,346.95,346.95,346.67,346.78,935
2026-07-21 16:11:00,346.75,346.75,346.59,346.61,1605
2026-07-21 16:12:00,346.61,346.8,346.6,346.8,764
2026-07-21 16:13:00,346.66,346.826,346.61,346.826,365
2026-07-21 16:14:00,346.826,346.98,346.78,346.96,1349
2026-07-21 16:15:00,346.87,346.87,346.6,346.6221,763
2026-07-21 16:16:00,346.84,346.9999,346.84,346.9999,680
2026-07-21 16:17:00,346.96,346.9734,346.77,346.78,977
2026-07-21 16:18:00,346.78,346.8,346.2,346.65,2967
2026-07-21 16:20:00,346.66,346.6607,346.55,346.6607,149
2026-07-21 16:21:00,346.6685,346.69,346.55,346.6,460
2026-07-21 16:22:00,346.61,346.61,346.5358,346.6,652
2026-07-21 16:23:00,346.65,346.8,346.5,346.8,4589
2026-07-21 16:24:00,346.84,347.08,346.19,347.08,55972
2026-07-21 16:25:00,347.06,347.09,346.94,347.09,1439
2026-07-21 16:26:00,347.0182,347.05,347,347,500
2026-07-21 16:27:00,347.1,347.3,347.0081,347.0081,25475
2026-07-21 16:28:00,347.1,347.5,347.09,347.18,8779
2026-07-21 16:29:00,347.15,347.15,347,347,921
2026-07-21 16:30:00,346.93,347.1,346.93,347.1,4014
2026-07-21 16:31:00,347.1803,347.1803,347,347,849
2026-07-21 16:32:00,347.1799,347.1799,347.08,347.08,672
2026-07-21 16:33:00,347.03,347.03,346.93,346.98,688
2026-07-21 16:34:00,346.93,347.18,346.93,347.07,676
2026-07-21 16:35:00,347.12,347.12,347,347,942
2026-07-21 16:36:00,347.0077,347.05,347,347.0423,340
2026-07-21 16:37:00,347,347,347,347,405
2026-07-21 16:38:00,347.01,347.14,346.99,347.14,643
2026-07-21 16:39:00,347.15,347.15,347.15,347.15,104
2026-07-21 16:40:00,347.08,347.1488,347,347.05,1311
2026-07-21 16:41:00,347.05,347.15,347.008,347.05,1812
2026-07-21 16:42:00,347.0006,347.05,347,347,286
2026-07-21 16:43:00,347.0768,347.08,347.05,347.05,1010
2026-07-21 16:44:00,346.98,347.0345,346.95,346.95,306
2026-07-21 16:45:00,346.84,346.88,346.76,346.76,361
2026-07-21 16:46:00,346.81,346.81,346.76,346.76,97
2026-07-21 16:47:00,346.78,346.88,346.78,346.88,136
2026-07-21 16:48:00,346.8886,346.8886,346.8886,346.8886,50
2026-07-21 16:49:00,346.8622,346.8622,346.75,346.75,494
2026-07-21 16:50:00,346.82,346.82,346.82,346.82,53
2026-07-21 16:51:00,346.88,346.89,346.8513,346.89,447
2026-07-21 16:52:00,346.89,346.9488,346.86,346.9488,1056
2026-07-21 16:53:00,346.93,347.05,346.93,347.05,1881
2026-07-21 16:54:00,347.05,347.1485,347.05,347.0655,396
2026-07-21 16:55:00,347.06,347.06,346.95,346.95,455
2026-07-21 16:56:00,347,347,346.8301,346.96,10610
2026-07-21 16:57:00,346.8372,346.8372,346.8,346.8,385
2026-07-21 16:59:00,346.8,346.99,346.8,346.99,140
2026-07-21 17:00:00,347.15,347.15,347.1425,347.1425,1140
2026-07-21 17:01:00,346.99,346.99,346.98,346.98,100
2026-07-21 17:02:00,346.95,347,346.95,347,928
2026-07-21 17:03:00,347.05,347.05,347.05,347.05,40
2026-07-21 17:04:00,347.04,347.08,346.91,347,501
2026-07-21 17:05:00,347,347.14,347,347.14,477
2026-07-21 17:06:00,347.08,347.2,347.08,347.2,1799
2026-07-21 17:07:00,347.15,347.1517,347.15,347.1517,550
2026-07-21 17:08:00,347.28,347.28,347.28,347.28,1500
2026-07-21 17:09:00,347.1,347.11,347.1,347.11,140
2026-07-21 17:10:00,347.2,347.2,347.2,347.2,110
2026-07-21 17:11:00,347.18,347.18,347.18,347.18,42
2026-07-21 17:12:00,347.19,347.2,347.18,347.2,1030
2026-07-21 17:13:00,347.15,347.15,347.15,347.15,51
2026-07-21 17:14:00,347.2,347.3,347.2,347.2616,426
2026-07-21 17:16:00,347.3,347.3,347.3,347.3,500
2026-07-21 17:17:00,347.29,347.3,347.29,347.3,297
2026-07-21 17:19:00,347.28,347.4895,347.28,347.4895,160
2026-07-21 17:20:00,347.2711,347.41,347.2711,347.41,299
2026-07-21 17:22:00,347.31,347.31,347.2845,347.2845,330
2026-07-21 17:23:00,347.29,347.55,347.29,347.49,1602
2026-07-21 17:24:00,347.382,347.5196,347.382,347.5,1150
2026-07-21 17:25:00,347.49,347.5999,347.49,347.5999,140
2026-07-21 17:26:00,347.5653,347.5653,347.45,347.5,772
2026-07-21 17:27:00,347.45,347.6372,347.45,347.6,1726
2026-07-21 17:28:00,347.78,347.78,347.45,347.45,1184
2026-07-21 17:29:00,347.8,347.8,347.5846,347.5846,95
2026-07-21 17:30:00,347.45,347.45,347.2,347.2,696
2026-07-21 17:31:00,347.25,347.25,347.08,347.08,767
2026-07-21 17:33:00,347.1627,347.1627,347.14,347.14,100
2026-07-21 17:34:00,347.6,347.6,347.59,347.59,963
2026-07-21 17:35:00,347.31,347.31,347.25,347.25,240
2026-07-21 17:36:00,347.37,347.37,347.37,347.37,50
2026-07-21 17:37:00,347.43,347.43,347.43,347.43,40
2026-07-21 17:38:00,347.5845,347.6,347.5,347.6,758
2026-07-21 17:39:00,347.7,347.7,347.6,347.6,696
2026-07-21 17:40:00,347.6,347.6,347.6,347.6,77
2026-07-21 17:41:00,347.5,347.5,347.5,347.5,284
2026-07-21 17:42:00,347.51,347.51,347.51,347.51,40
2026-07-21 17:45:00,347.51,347.51,347.443,347.443,202
2026-07-21 17:46:00,347.6911,347.6911,347.51,347.51,300
2026-07-21 17:47:00,347.55,347.55,347.54,347.54,190
2026-07-21 17:48:00,347.75,347.75,347.75,347.75,100
2026-07-21 17:49:00,347.6,347.73,347.6,347.69,296
2026-07-21 17:50:00,347.6,347.6,347.5001,347.5001,902
2026-07-21 17:53:00,347.68,347.68,347.68,347.68,168
2026-07-21 17:54:00,347.65,347.67,347.65,347.67,145
2026-07-21 17:55:00,347.6725,347.69,347.65,347.69,180
2026-07-21 17:56:00,347.6784,347.6784,347.5548,347.65,350
2026-07-21 17:57:00,347.64,347.64,347.64,347.64,40
2026-07-21 17:58:00,347.69,347.69,347.69,347.69,1000
2026-07-21 17:59:00,347.6885,347.6885,347.6885,347.6885,220
2026-07-21 18:00:00,347.6,347.6,347.51,347.51,829
2026-07-21 18:03:00,347.57,347.67,347.31,347.31,366
2026-07-21 18:04:00,347.31,347.3169,347.31,347.3169,650
2026-07-21 18:05:00,347.24,347.32,347.1696,347.1696,375
2026-07-21 18:07:00,347.4,347.4,347.2,347.2,648
2026-07-21 18:10:00,347.39,347.39,347.39,347.39,71
2026-07-21 18:12:00,347.45,347.5,347.31,347.31,1245
2026-07-21 18:13:00,347.4,347.4,347.4,347.4,50
2026-07-21 18:14:00,347.43,347.43,347.43,347.43,40
2026-07-21 18:16:00,347.35,347.35,347.35,347.35,199
2026-07-21 18:17:00,347.4435,347.49,347.4435,347.49,90
2026-07-21 18:18:00,347.19,347.49,347.19,347.49,1250
2026-07-21 18:19:00,347.36,347.36,347.36,347.36,40
2026-07-21 18:21:00,347.3,347.3,347.25,347.25,290
2026-07-21 18:23:00,347.25,347.27,347.25,347.26,224
2026-07-21 18:24:00,347.12,347.2,347.12,347.12,167
2026-07-21 18:25:00,347.1,347.1506,347.0217,347.1506,238
2026-07-21 18:26:00,347.15,347.326,347.15,347.326,863
2026-07-21 18:27:00,347.21,347.21,347.2,347.2,174
2026-07-21 18:28:00,347.33,347.33,347.29,347.29,248
2026-07-21 18:29:00,347.33,347.33,347.33,347.33,40
2026-07-21 18:30:00,347.28,347.28,347.2,347.2,100
2026-07-21 18:31:00,347.2,347.29,347.2,347.29,150
2026-07-21 18:33:00,347.33,347.33,347.33,347.33,150
2026-07-21 18:35:00,347.33,347.33,347.26,347.26,472
2026-07-21 18:36:00,347.4,347.4,347.4,347.4,300
2026-07-21 18:37:00,347.4,347.4,347.4,347.4,67
2026-07-21 18:38:00,347.45,347.49,347.45,347.49,203
2026-07-21 18:39:00,347.48,347.48,347.4,347.4,731
2026-07-21 18:40:00,347.39,347.5,347.39,347.5,220
2026-07-21 18:41:00,347.69,347.69,347.4,347.63,140
2026-07-21 18:42:00,347.39,347.42,347.39,347.42,484
2026-07-21 18:43:00,347.3901,347.4365,347.3901,347.4365,200
2026-07-21 18:45:00,347.42,347.42,347.25,347.25,774
2026-07-21 18:47:00,347.3,347.3,347.3,347.3,233
2026-07-21 18:48:00,347.31,347.31,347.31,347.31,40
2026-07-21 18:50:00,347.6615,347.6615,347.36,347.36,342
2026-07-21 18:51:00,347.35,347.35,347.35,347.35,100
2026-07-21 18:52:00,347.4,347.4394,347.35,347.35,389
2026-07-21 18:53:00,347.4299,347.44,347.4299,347.44,1010
2026-07-21 18:54:00,347.43,347.5,347.4,347.4,572
2026-07-21 18:55:00,347.45,347.5,347.41,347.41,360
2026-07-21 18:56:00,347.4,347.5,347.4,347.5,1220
2026-07-21 18:57:00,347.5,347.5892,347.4725,347.5892,338
2026-07-21 18:58:00,347.5892,347.6086,347.5892,347.6086,340
2026-07-21 18:59:00,347.68,347.68,347.6,347.68,603
2026-07-21 19:00:00,347.66,347.66,347.51,347.51,325
2026-07-21 19:01:00,347.5462,347.5462,347.5,347.5,225
2026-07-21 19:02:00,347.5,347.5,347.5,347.5,125
2026-07-21 19:03:00,347.5,347.55,347.5,347.55,140
2026-07-21 19:04:00,347.5487,347.5487,347.4502,347.4502,900
2026-07-21 19:05:00,347.52,347.5482,347.52,347.5482,380
2026-07-21 19:06:00,347.51,347.6,347.5,347.6,1369
2026-07-21 19:07:00,347.5,347.5,347.5,347.5,800
2026-07-21 19:08:00,347.6,347.6,347.6,347.6,50
2026-07-21 19:09:00,347.5961,347.6,347.5961,347.6,400
2026-07-21 19:10:00,347.554,347.63,347.55,347.63,1041
2026-07-21 19:12:00,347.61,347.7,347.57,347.7,785
2026-07-21 19:13:00,347.66,347.7495,347.66,347.7495,295
2026-07-21 19:15:00,347.83,347.9305,347.83,347.9305,966
2026-07-21 19:16:00,347.9724,347.9724,347.9724,347.9724,300
2026-07-21 19:18:00,347.99,348,347.98,348,1310
2026-07-21 19:19:00,347.99,348,347.96,347.9993,324
2026-07-21 19:20:00,348,348,348,348,722
2026-07-21 19:21:00,348.0001,348.05,348.0001,348.05,880
2026-07-21 19:22:00,348.0988,348.1,348.0509,348.1,488
2026-07-21 19:23:00,348.2004,348.3,348.2004,348.3,525
2026-07-21 19:24:00,348.31,348.31,348.15,348.15,1541
2026-07-21 19:26:00,348.081,348.23,348.081,348.21,450
2026-07-21 19:27:00,348.184,348.2,348.15,348.2,405
2026-07-21 19:28:00,348.06,348.2086,348.06,348.2,600
2026-07-21 19:29:00,348.2,348.2,348.2,348.2,241
2026-07-21 19:30:00,348.05,348.0639,348.05,348.0639,200
2026-07-21 19:33:00,348.23,348.24,348.0767,348.0767,291
2026-07-21 19:34:00,348.0524,348.12,348,348.11,1191
2026-07-21 19:35:00,348.0397,348.0397,348.0397,348.0397,74
2026-07-21 19:37:00,348,348.09,348,348.069,310
2026-07-21 19:38:00,348.01,348.01,348,348,321
2026-07-21 19:39:00,347.95,348.1,347.95,348,1432
2026-07-21 19:40:00,348.0982,348.0992,348.0076,348.02,1332
2026-07-21 19:41:00,348.0999,348.1,348.0999,348.1,1050
2026-07-21 19:43:00,348.01,348.0114,348.01,348.0114,100
2026-07-21 19:44:00,348.05,348.05,348.0077,348.05,558
2026-07-21 19:45:00,348.05,348.09,348,348,1042
2026-07-21 19:46:00,348.09,348.09,348.09,348.09,496
2026-07-21 19:47:00,348.126,348.23,348.126,348.23,150
2026-07-21 19:48:00,348.2697,348.31,348.23,348.23,370
2026-07-21 19:49:00,348.227,348.227,348.0903,348.0903,972
2026-07-21 19:50:00,348.2914,348.3,348.15,348.15,266
2026-07-21 19:51:00,348.2,348.27,348.2,348.27,170
2026-07-21 19:52:00,348.17,348.17,348.05,348.05,610
2026-07-21 19:53:00,348,348.01,347.91,348.01,778
2026-07-21 19:54:00,347.98,348.16,347.95,347.95,1300
2026-07-21 19:57:00,347.96,347.96,347.96,347.96,300
2026-07-21 19:58:00,348.0012,348.0155,348,348.0155,350
2026-07-21 19:59:00,348,348,347.9631,348,1545
2026-07-22 04:00:00,347.44,348.3496,346.4908,346.52,11468
2026-07-22 04:01:00,348.25,348.4,346.57,347.76,14943
2026-07-22 04:02:00,347.61,347.97,346.63,347.1,9835
2026-07-22 04:03:00,346.61,347.87,346.48,346.89,1099
2026-07-22 04:04:00,347.15,347.15,347.15,347.15,68
2026-07-22 04:05:00,347.16,347.16,347.05,347.1524,699
2026-07-22 04:06:00,347.16,347.43,347.15,347.34,463
2026-07-22 04:07:00,347.34,347.34,347.3,347.3,470
2026-07-22 04:08:00,347.34,347.34,347.34,347.34,121
2026-07-22 04:09:00,347.34,347.4,347.34,347.4,1410
2026-07-22 04:10:00,347.34,347.48,347.34,347.48,192
2026-07-22 04:11:00,347.35,347.5,347.34,347.34,4214
2026-07-22 04:13:00,347.2401,347.2401,347.2401,347.2401,100
2026-07-22 04:14:00,347.3,347.43,347.3,347.43,275
2026-07-22 04:15:00,347.47,347.62,347.47,347.62,953
2026-07-22 04:16:00,347.55,347.56,347.5,347.54,749
2026-07-22 04:17:00,347.53,347.53,347.53,347.53,43
2026-07-22 04:18:00,347.51,347.73,347.5,347.71,902
2026-07-22 04:19:00,347.65,347.76,347.65,347.76,442
2026-07-22 04:23:00,347.5474,347.5474,347.5474,347.5474,50
2026-07-22 04:24:00,347.64,347.64,347.64,347.64,50
2026-07-22 04:26:00,347.62,347.63,347.62,347.63,200
2026-07-22 04:27:00,347.53,347.53,347.53,347.53,61
2026-07-22 04:28:00,347.6,347.63,347.51,347.51,240
2026-07-22 04:30:00,347.77,347.9573,347.77,347.9573,864
2026-07-22 04:31:00,347.77,347.86,347.72,347.72,1023
2026-07-22 04:32:00,347.78,347.98,347.75,347.98,223
2026-07-22 04:33:00,347.9,347.91,347.8277,347.87,1445
2026-07-22 04:34:00,347.88,347.88,347.82,347.82,560
2026-07-22 04:35:00,347.86,347.96,347.86,347.96,522
2026-07-22 04:36:00,347.95,347.95,347.95,347.95,135
2026-07-22 04:40:00,348.02,348.02,348.02,348.02,172
2026-07-22 04:43:00,348.13,348.13,348.13,348.13,120
2026-07-22 04:44:00,348.08,348.08,347.83,347.83,416
2026-07-22 04:48:00,347.83,347.83,347.82,347.82,142
2026-07-22 04:49:00,347.8134,347.8134,347.8134,347.8134,100
2026-07-22 04:50:00,347.88,348,347.88,348,977
2026-07-22 04:51:00,347.88,348.02,347.88,348.02,110
2026-07-22 04:52:00,347.96,348.21,347.96,348.21,2638
2026-07-22 04:53:00,348.22,348.4,348.22,348.26,697
2026-07-22 04:54:00,348.23,348.3,348.22,348.3,643
2026-07-22 04:55:00,348.4,348.4,348.3,348.3,113
2026-07-22 04:56:00,348.36,348.4,348.22,348.26,2065
2026-07-22 04:57:00,348.24,348.6,348.24,348.59,381
2026-07-22 04:58:00,348.59,348.6,348.55,348.55,426
2026-07-22 05:01:00,348.4657,348.59,348.4657,348.59,493
2026-07-22 05:02:00,348.59,348.6,348.45,348.5,557
2026-07-22 05:03:00,348.5,348.5,348.26,348.29,1150
2026-07-22 05:04:00,348.73,348.73,348.65,348.7,983
2026-07-22 05:05:00,348.72,348.8,348.61,348.75,2612
2026-07-22 05:06:00,348.8,348.8,348.73,348.73,1100
2026-07-22 05:07:00,348.79,348.9799,348.79,348.94,668
2026-07-22 05:08:00,348.94,348.94,348.94,348.94,938
2026-07-22 05:09:00,348.94,348.94,348.9,348.9,684
2026-07-22 05:10:00,348.9,348.9,348.9,348.9,790
2026-07-22 05:11:00,348.91,348.92,348.91,348.92,140
2026-07-22 05:13:00,348.6,348.6,348.6,348.6,224
2026-07-22 05:14:00,348.8,348.8,348.6,348.6,375
2026-07-22 05:16:00,348.65,348.68,348.65,348.68,161
2026-07-22 05:17:00,348.65,348.65,348.65,348.65,49
2026-07-22 05:19:00,348.7702,348.7702,348.62,348.62,1553
2026-07-22 05:20:00,348.6,348.62,348.6,348.62,491
2026-07-22 05:21:00,348.65,348.66,348.6,348.6,658
2026-07-22 05:22:00,348.52,348.63,348.52,348.63,474
2026-07-22 05:23:00,348.58,348.58,348.58,348.58,42
2026-07-22 05:25:00,348.66,348.66,348.5,348.5,90
2026-07-22 05:26:00,348.5163,348.5163,348.5163,348.5163,125
2026-07-22 05:27:00,348.59,348.59,348.59,348.59,90
2026-07-22 05:28:00,348.5016,348.51,348.5,348.5001,808
2026-07-22 05:29:00,348.5,348.5,348.5,348.5,45
2026-07-22 05:30:00,348.5077,348.5077,348.5,348.5,1171
2026-07-22 05:31:00,348.6,348.6,348.57,348.57,181
2026-07-22 05:32:00,348.66,348.66,348.56,348.56,558
2026-07-22 05:33:00,348.51,348.51,348.48,348.51,200
2026-07-22 05:34:00,348.47,348.62,348.47,348.59,713
2026-07-22 05:35:00,348.51,348.51,348.51,348.51,94
2026-07-22 05:37:00,348.61,348.87,348.61,348.87,1664
2026-07-22 05:38:00,348.88,348.88,348.88,348.88,81
2026-07-22 05:40:00,348.88,348.88,348.8,348.84,454
2026-07-22 05:41:00,348.72,348.72,348.68,348.72,376
2026-07-22 05:42:00,348.8,348.8,348.8,348.8,48
2026-07-22 05:43:00,348.8084,348.88,348.8084,348.88,94
2026-07-22 05:46:00,348.84,348.84,348.83,348.83,198
2026-07-22 05:47:00,348.88,348.89,348.82,348.82,296
2026-07-22 05:49:00,348.91,348.91,348.91,348.91,100
2026-07-22 05:50:00,348.83,348.83,348.66,348.66,1209
2026-07-22 05:54:00,348.4,348.4,348.37,348.37,450
2026-07-22 05:55:00,348.6318,348.6318,348.6318,348.6318,261
2026-07-22 05:57:00,348.57,348.57,348.5,348.5,171
2026-07-22 06:00:00,348.57,348.6,348.57,348.57,534
2026-07-22 06:02:00,348.98,349.1,348.98,349.1,6834
2026-07-22 06:04:00,349.15,349.15,349.15,349.15,175
2026-07-22 06:05:00,349.25,349.66,349.15,349.35,2903
2026-07-22 06:06:00,349.29,349.29,349.29,349.29,90
2026-07-22 06:07:00,349.28,349.28,349.28,349.28,44
2026-07-22 06:08:00,349.18,349.18,349.13,349.18,220
2026-07-22 06:10:00,349.11,349.11,349.11,349.11,51
2026-07-22 06:11:00,349.14,349.14,349.0528,349.0528,399
2026-07-22 06:12:00,349.04,349.04,349.01,349.01,881
2026-07-22 06:13:00,349,349,348.94,348.94,289
2026-07-22 06:14:00,349,349,348.94,348.94,181
2026-07-22 06:15:00,349.07,349.07,348.99,348.99,354
2026-07-22 06:16:00,348.96,348.96,348.96,348.96,100
2026-07-22 06:17:00,348.94,348.94,348.87,348.87,139
2026-07-22 06:18:00,348.9,349,348.9,349,476
2026-07-22 06:20:00,348.99,349.19,348.99,349.18,285
2026-07-22 06:21:00,349.12,349.12,349.04,349.04,110
2026-07-22 06:22:00,349.06,349.06,349.06,349.06,54
2026-07-22 06:23:00,349.01,349.01,348.91,348.91,96
2026-07-22 06:24:00,348.8909,348.8909,348.8909,348.8909,50
2026-07-22 06:25:00,348.88,348.9,348.81,348.9,244
2026-07-22 06:27:00,348.86,348.86,348.86,348.86,67
2026-07-22 06:28:00,348.86,348.9,348.86,348.9,90
2026-07-22 06:29:00,348.8,348.8,348.8,348.8,200
2026-07-22 06:30:00,348.89,349,348.88,349,466
2026-07-22 06:31:00,348.99,349,348.99,349,90
2026-07-22 06:32:00,348.85,348.94,348.85,348.94,140
2026-07-22 06:33:00,348.95,348.95,348.95,348.95,500
2026-07-22 06:35:00,348.8,348.8,348.76,348.76,290
2026-07-22 06:39:00,348.62,348.62,348.55,348.56,940
2026-07-22 06:40:00,348.73,348.73,348.73,348.73,40
2026-07-22 06:41:00,348.717,348.717,348.717,348.717,400
2026-07-22 06:43:00,348.6,348.6,348.6,348.6,150
2026-07-22 06:45:00,348.56,348.56,348.55,348.55,200
2026-07-22 06:46:00,348.46,348.46,348.46,348.46,40
2026-07-22 06:50:00,348.9,348.9,348.9,348.9,110
2026-07-22 06:51:00,348.9233,348.9233,348.9233,348.9233,300
2026-07-22 06:53:00,348.6,348.6,348.5,348.5,135
2026-07-22 06:54:00,348.5715,348.5715,348.5715,348.5715,100
2026-07-22 06:56:00,348.51,348.61,348.4,348.4,275
2026-07-22 06:57:00,348.41,348.41,348.33,348.39,380
2026-07-22 06:58:00,348.43,348.43,348.39,348.39,282
2026-07-22 06:59:00,348.4,348.4,348.4,348.4,100
2026-07-22 07:00:00,348.33,348.43,348.14,348.14,4693
2026-07-22 07:01:00,348.2,348.2,348.06,348.06,248
2026-07-22 07:02:00,348.1,348.2,348.0606,348.07,887
2026-07-22 07:03:00,348.2,348.23,348.1,348.1,1356
2026-07-22 07:04:00,348.2,348.25,348.14,348.25,2599
2026-07-22 07:05:00,348.2,348.2,348.1,348.11,696
2026-07-22 07:06:00,348.11,348.11,348.03,348.03,2755
2026-07-22 07:07:00,348.03,348.03,347.83,347.83,1396
2026-07-22 07:08:00,347.83,347.9652,347.83,347.85,242
2026-07-22 07:09:00,348.08,348.08,347.9737,348,275
2026-07-22 07:10:00,347.97,347.97,347.97,347.97,82
2026-07-22 07:11:00,347.87,347.87,347.78,347.78,2887
2026-07-22 07:12:00,347.71,347.71,347.71,347.71,200
2026-07-22 07:13:00,347.9,347.9434,347.9,347.9434,413
2026-07-22 07:14:00,347.75,347.75,347.71,347.71,150
2026-07-22 07:15:00,347.57,347.57,347.57,347.57,100
2026-07-22 07:16:00,347.56,347.7356,347.56,347.7356,350
2026-07-22 07:17:00,347.63,347.63,347.63,347.63,67
2026-07-22 07:18:00,347.58,347.58,347.5584,347.56,1000
2026-07-22 07:19:00,347.54,347.59,347.5,347.5,830
2026-07-22 07:20:00,347.6,347.61,347.6,347.61,771
2026-07-22 07:21:00,347.75,347.78,347.63,347.63,580
2026-07-22 07:22:00,347.58,347.58,347.58,347.58,216
2026-07-22 07:23:00,347.58,347.63,347.58,347.63,230
2026-07-22 07:24:00,347.68,347.8,347.59,347.59,365
2026-07-22 07:26:00,347.5,347.5,347.45,347.45,173
2026-07-22 07:27:00,347.48,347.5698,347.33,347.3801,635
2026-07-22 07:28:00,347.3918,347.63,347.3918,347.63,200
2026-07-22 07:29:00,347.5764,347.5926,347.53,347.55,664
2026-07-22 07:30:00,347.5704,347.5704,347.5704,347.5704,300
2026-07-22 07:31:00,347.58,347.63,347.4161,347.58,640
2026-07-22 07:32:00,347.58,347.58,347.441,347.441,150
2026-07-22 07:33:00,347.59,347.64,347.5082,347.64,243
2026-07-22 07:34:00,347.6,347.64,347.6,347.64,661
2026-07-22 07:35:00,347.59,347.76,347.59,347.76,165
2026-07-22 07:36:00,347.68,347.68,347.68,347.68,196
2026-07-22 07:37:00,347.82,347.82,347.5549,347.5549,600
2026-07-22 07:38:00,347.7,347.7,347.5727,347.5727,1081
2026-07-22 07:39:00,347.68,347.85,347.6403,347.8,240
2026-07-22 07:40:00,347.76,347.76,347.59,347.59,351
2026-07-22 07:41:00,347.58,347.61,347.52,347.52,300
2026-07-22 07:42:00,347.59,347.59,347.55,347.55,222
2026-07-22 07:43:00,347.33,347.33,347.1,347.1,778
2026-07-22 07:44:00,347.17,347.26,347.17,347.22,600
2026-07-22 07:45:00,347.165,347.39,347.14,347.3,509
2026-07-22 07:46:00,347.29,347.29,347.11,347.11,822
2026-07-22 07:47:00,347.2,347.3,347.0844,347.3,482
2026-07-22 07:48:00,347.4,347.5,347.343,347.5,1143
2026-07-22 07:49:00,347.41,347.42,347.19,347.19,280
2026-07-22 07:50:00,347.31,347.3415,347.29,347.29,250
2026-07-22 07:52:00,347.04,347.31,347.04,347.19,190
2026-07-22 07:53:00,347.44,347.44,347.44,347.44,200
2026-07-22 07:54:00,347.42,347.44,347.42,347.44,622
2026-07-22 07:55:00,347.49,347.8102,347.49,347.69,1499
2026-07-22 07:56:00,347.5,347.52,347.44,347.5,1195
2026-07-22 07:57:00,347.67,347.68,347.67,347.68,124
2026-07-22 07:58:00,347.6,347.6,347.4,347.4,400
2026-07-22 07:59:00,347.49,347.49,347.4,347.4,100
2026-07-22 08:00:00,347.38,347.6,347.38,347.6,176
2026-07-22 08:02:00,347.35,347.35,347.35,347.35,100
2026-07-22 08:03:00,347.36,347.36,347.3,347.3,243
2026-07-22 08:04:00,347.32,347.35,347.21,347.21,1057
2026-07-22 08:05:00,347.22,347.22,347.12,347.12,1060
2026-07-22 08:06:00,347.3799,347.3799,347.2,347.2,491
2026-07-22 08:07:00,347.11,347.11,347.1,347.1,150
2026-07-22 08:08:00,347.05,347.05,347.05,347.05,50
2026-07-22 08:09:00,347.2,347.2,347.1803,347.1803,250
2026-07-22 08:12:00,347.4,347.4437,347.4,347.4,1804
2026-07-22 08:13:00,347.4,347.57,347.4,347.57,3445
2026-07-22 08:14:00,347.52,347.64,347.52,347.64,407
2026-07-22 08:15:00,347.5626,347.5626,347.56,347.56,250
2026-07-22 08:16:00,347.39,347.4336,347.39,347.4336,140
2026-07-22 08:17:00,347.45,347.45,347.45,347.45,50
2026-07-22 08:18:00,347.44,347.45,347.44,347.45,190
2026-07-22 08:19:00,347.5317,347.5317,347.46,347.5175,1480
2026-07-22 08:21:00,347.5,347.5,347.2,347.2,455
2026-07-22 08:22:00,347.255,347.27,347.25,347.27,544
2026-07-22 08:23:00,347.3271,347.3271,347.18,347.18,120
2026-07-22 08:25:00,347.2,347.2,347.2,347.2,40
2026-07-22 08:26:00,347.2282,347.23,347.2,347.2,294
2026-07-22 08:27:00,347.19,347.23,347.17,347.23,396
2026-07-22 08:28:00,347.21,347.21,346.9122,347.0725,2195
2026-07-22 08:29:00,346.9172,347.0569,346.9172,347.0569,550
2026-07-22 08:30:00,346.92,346.92,346.62,346.62,6316
2026-07-22 08:31:00,347,347,346.75,346.76,375
2026-07-22 08:32:00,347.03,347.21,346.84,347.21,1124
2026-07-22 08:33:00,347.21,347.4,347.21,347.4,916
2026-07-22 08:34:00,347.4,347.4,347.25,347.25,390
2026-07-22 08:35:00,347.35,347.35,347.21,347.21,155
2026-07-22 08:36:00,347.25,347.25,347.2,347.2,245
2026-07-22 08:37:00,347.1,347.1,347,347,498
2026-07-22 08:38:00,347.1347,347.1347,347.1347,347.1347,40
2026-07-22 08:39:00,347.15,347.17,347.14,347.14,500
2026-07-22 08:40:00,347.17,347.2265,347.14,347.1487,2394
2026-07-22 08:42:00,347.14,347.15,347.05,347.05,391
2026-07-22 08:43:00,347.04,347.09,347.0001,347.017,1947
2026-07-22 08:44:00,347.02,347.03,347,347.03,946
2026-07-22 08:45:00,347,347.03,346.96,346.96,222
2026-07-22 08:46:00,347,347.1,347,347.1,653
2026-07-22 08:47:00,347.04,347.1,347.04,347.1,647
2026-07-22 08:48:00,347,347.02,346.9,347.02,1521
2026-07-22 08:49:00,347.1,347.1,347.1,347.1,97
2026-07-22 08:50:00,347.05,347.09,347.05,347.09,315
2026-07-22 08:51:00,347.09,347.17,347.0484,347.15,831
2026-07-22 08:52:00,347.2,347.2,347.16,347.16,422
2026-07-22 08:53:00,347.2193,347.2193,347.1,347.2,400
2026-07-22 08:54:00,347.22,347.22,347.1637,347.2,340
2026-07-22 08:56:00,347,347.0187,346.5,346.5,1841
2026-07-22 08:57:00,346.8886,346.8886,346.86,346.86,492
2026-07-22 08:58:00,346.95,346.95,346.75,346.75,1330
2026-07-22 08:59:00,346.92,346.92,346.64,346.64,5400
2026-07-22 09:00:00,346.81,346.93,346.81,346.93,293
2026-07-22 09:01:00,346.84,346.9,346.81,346.9,1832
2026-07-22 09:02:00,346.96,347,346.96,347,142
2026-07-22 09:03:00,347.0564,347.0564,347.0091,347.0091,200
2026-07-22 09:04:00,347.041,347.041,347.041,347.041,100
2026-07-22 09:05:00,347.06,347.07,347,347.06,1110
2026-07-22 09:06:00,347,347,346.9708,347,709
2026-07-22 09:07:00,347.06,347.06,346.9408,346.9408,260
2026-07-22 09:08:00,346.93,347,346.93,347,688
2026-07-22 09:09:00,347.1,347.1,347.09,347.09,475
2026-07-22 09:10:00,347.1465,347.1465,347.1465,347.1465,350
2026-07-22 09:11:00,347.28,347.32,347.22,347.31,627
2026-07-22 09:12:00,347.33,347.3852,347.1121,347.1121,1040
2026-07-22 09:13:00,347.29,347.3406,347.13,347.29,385
2026-07-22 09:14:00,347.21,347.25,347.1455,347.23,1195
2026-07-22 09:15:00,347.22,347.29,347.22,347.29,233
2026-07-22 09:16:00,347.35,347.38,347.34,347.38,473
2026-07-22 09:17:00,347.38,347.45,347.3,347.37,1181
2026-07-22 09:18:00,347.37,347.3974,347.23,347.23,364
2026-07-22 09:19:00,347.29,347.33,347.11,347.11,4139
2026-07-22 09:20:00,347.248,347.248,347.248,347.248,100
2026-07-22 09:21:00,347.01,347.02,347,347.01,761
2026-07-22 09:22:00,347.01,347.1199,347,347,2070
2026-07-22 09:23:00,347.06,347.25,347.05,347.25,1256
2026-07-22 09:25:00,347.16,347.34,346.83,347.1795,5254
2026-07-22 09:26:00,347.04,347.04,346.91,346.91,144
2026-07-22 09:27:00,346.8,346.98,346.62,346.7,1760
2026-07-22 09:28:00,346.86,347.4,346.86,347.02,2615
2026-07-22 09:29:00,347,347.45,346.85,347.42,1473
2026-07-22 09:30:00,347.38,347.88,345.67,346.95,203717
2026-07-22 09:31:00,346.89,348,346.3,346.41,62029
2026-07-22 09:32:00,346.4,347.1,345.94,347.045,42050
2026-07-22 09:33:00,347.045,347.465,346.42,347.1999,52832
2026-07-22 09:34:00,347.09,347.42,346.71,346.7783,37004
2026-07-22 09:35:00,346.855,346.9,346.25,346.805,41316
2026-07-22 09:36:00,346.71,347.57,346.25,347.15,76677
2026-07-22 09:37:00,347.08,347.25,346.78,347.04,22274
2026-07-22 09:38:00,347.085,347.16,346.11,346.33,37128
2026-07-22 09:39:00,346.33,346.41,345.83,346.175,27486
2026-07-22 09:40:00,346.12,346.21,345.77,346.04,27368
2026-07-22 09:41:00,345.98,346.09,345.67,345.7605,48914
2026-07-22 09:42:00,345.87,346.289,345.72,346.25,47979
2026-07-22 09:43:00,346.21,346.38,346.07,346.335,29863
2026-07-22 09:44:00,346.3679,346.55,346.09,346.1807,25449
2026-07-22 09:45:00,346.16,346.91,346.1,346.86,39495
2026-07-22 09:46:00,346.92,347.4,346.9,347.295,74951
2026-07-22 09:47:00,347.295,347.295,346.88,347.08,27077
2026-07-22 09:48:00,347.09,347.45,347.05,347.32,27347
2026-07-22 09:49:00,347.29,348.1,347.24,347.96,40975
2026-07-22 09:50:00,347.925,348.12,347.44,347.6163,32670
2026-07-22 09:51:00,347.59,347.76,347.13,347.2534,29148
2026-07-22 09:52:00,347.24,347.44,346.75,347.005,36139
2026-07-22 09:53:00,347.005,347.54,346.97,347.255,24805
2026-07-22 09:54:00,347.255,347.42,346.92,347.12,33534
2026-07-22 09:55:00,347.15,347.3455,346.8,346.83,20519
2026-07-22 09:56:00,346.875,347.03,346.72,346.98,27601
2026-07-22 09:57:00,346.95,347.48,346.9,347.4,17339
2026-07-22 09:58:00,347.4,347.72,347.2,347.71,31105
2026-07-22 09:59:00,347.735,347.82,347.44,347.82,27187
2026-07-22 10:00:00,347.84,348.16,347.56,348.01,41003
2026-07-22 10:01:00,348.0799,348.59,347.91,348.485,64657
2026-07-22 10:02:00,348.485,348.66,348.32,348.505,33404
2026-07-22 10:03:00,348.505,348.75,348.11,348.34,43628
2026-07-22 10:04:00,348.34,348.63,348.03,348.5561,37328
2026-07-22 10:05:00,348.56,349.11,348.49,349.0401,56272
2026-07-22 10:06:00,349.08,349.45,349,349.08,47454
2026-07-22 10:07:00,349.125,349.43,348.88,348.9,63623
2026-07-22 10:08:00,348.92,348.9487,348.47,348.68,24065
2026-07-22 10:09:00,348.71,348.72,348.25,348.255,20833
2026-07-22 10:10:00,348.29,348.4799,347.8,347.8501,21788
2026-07-22 10:11:00,347.96,347.99,347.38,347.38,30220
2026-07-22 10:12:00,347.34,347.6,347.11,347.38,27281
2026-07-22 10:13:00,347.39,347.7799,347.29,347.7,72945
2026-07-22 10:14:00,347.75,347.95,347.53,347.68,33657
2026-07-22 10:15:00,347.685,347.75,347.51,347.6199,17145
2026-07-22 10:16:00,347.62,347.73,347.395,347.6236,19985
2026-07-22 10:17:00,347.605,347.825,347.52,347.82,22681
2026-07-22 10:18:00,347.82,348.16,347.6813,347.97,25131
2026-07-22 10:19:00,348.008,348.14,347.51,347.63,23620
2026-07-22 10:20:00,347.59,347.8599,347.51,347.82,17611
2026-07-22 10:21:00,347.805,347.81,347.54,347.56,18756
2026-07-22 10:22:00,347.52,347.66,347.21,347.265,23878
2026-07-22 10:23:00,347.31,347.31,346.91,347.27,28195
2026-07-22 10:24:00,347.27,347.55,347.06,347.07,27073
2026-07-22 10:25:00,347.14,347.27,346.94,347.225,21997
2026-07-22 10:26:00,347.1901,347.22,346.87,346.965,19470
2026-07-22 10:27:00,346.95,347.13,346.72,346.89,26040
2026-07-22 10:28:00,346.9,347.48,346.82,347.445,51280
2026-07-22 10:29:00,347.36,347.49,347.15,347.36,16629
2026-07-22 10:30:00,347.385,347.47,347.03,347.42,21046
2026-07-22 10:31:00,347.38,347.9,347.31,347.9,19218
2026-07-22 10:32:00,347.8537,348.12,347.76,348.12,31432
2026-07-22 10:33:00,348.09,348.21,347.94,348.165,17248
2026-07-22 10:34:00,348.165,348.165,347.84,347.9,23003
2026-07-22 10:35:00,347.8695,348.075,347.82,347.92,31846
2026-07-22 10:36:00,347.9732,348.06,347.875,347.995,13923
2026-07-22 10:37:00,347.96,347.985,347.6501,347.71,45816
2026-07-22 10:38:00,347.72,347.9499,347.542,347.71,24135
2026-07-22 10:39:00,347.71,347.72,347.48,347.715,14968
2026-07-22 10:40:00,347.7,347.805,347.65,347.73,58411
2026-07-22 10:41:00,347.735,347.74,347.42,347.46,15178
2026-07-22 10:42:00,347.43,347.73,347.43,347.7,38332
2026-07-22 10:43:00,347.78,347.82,347.65,347.695,79202
2026-07-22 10:44:00,347.73,347.86,347.295,347.385,44110
2026-07-22 10:45:00,347.385,347.6,347.29,347.53,17254
2026-07-22 10:46:00,347.6,347.75,347.485,347.59,11203
2026-07-22 10:47:00,347.61,347.86,347.61,347.76,14143
2026-07-22 10:48:00,347.75,347.82,347.48,347.48,12314
2026-07-22 10:49:00,347.51,347.67,347.41,347.585,22480
2026-07-22 10:50:00,347.53,347.735,347.52,347.735,10057
2026-07-22 10:51:00,347.73,347.84,347.63,347.7,12969
2026-07-22 10:52:00,347.68,347.8,347.6087,347.64,14800
2026-07-22 10:53:00,347.64,347.795,347.52,347.52,8574
2026-07-22 10:54:00,347.555,347.555,347,347.04,50996
2026-07-22 10:55:00,347.04,347.04,346.76,346.795,36043
2026-07-22 10:56:00,346.83,346.93,346.72,346.845,41583
2026-07-22 10:57:00,346.86,347.085,346.85,347.08,26357
2026-07-22 10:58:00,347.13,347.57,347.13,347.37,13593
2026-07-22 10:59:00,347.38,347.5,347.18,347.42,13155
2026-07-22 11:00:00,347.4,347.9,347.4,347.5701,27741
2026-07-22 11:01:00,347.635,347.76,347.39,347.665,22230
2026-07-22 11:02:00,347.65,347.99,347.595,347.92,29248
2026-07-22 11:03:00,347.91,347.91,347.57,347.58,19818
2026-07-22 11:04:00,347.6,347.825,347.585,347.74,16982
2026-07-22 11:05:00,347.76,347.81,347.68,347.745,19687
2026-07-22 11:06:00,347.71,347.88,347.65,347.76,24445
2026-07-22 11:07:00,347.78,347.85,347.63,347.71,22934
2026-07-22 11:08:00,347.74,347.74,347.51,347.63,16353
2026-07-22 11:09:00,347.625,347.625,347.41,347.43,16656
2026-07-22 11:10:00,347.43,347.7,347.21,347.65,27392
2026-07-22 11:11:00,347.61,347.75,347.27,347.43,26074
2026-07-22 11:12:00,347.46,347.4699,346.845,347.06,27782
2026-07-22 11:13:00,347.11,347.14,346.6,346.81,17179
2026-07-22 11:14:00,346.75,347.35,346.745,346.895,24483
2026-07-22 11:15:00,346.93,347.12,346.83,347,22058
2026-07-22 11:16:00,347.04,347.05,346.76,346.91,15969
2026-07-22 11:17:00,346.92,347.01,346.64,346.64,13408
2026-07-22 11:18:00,346.6,346.6216,346.36,346.5,28249
2026-07-22 11:19:00,346.51,346.8667,346.4301,346.82,18600
2026-07-22 11:20:00,346.84,346.92,346.64,346.6662,17015
2026-07-22 11:21:00,346.71,347.05,346.66,346.92,20412
2026-07-22 11:22:00,346.97,347.11,346.71,347.09,14447
2026-07-22 11:23:00,347.095,347.17,346.92,347.07,16998
2026-07-22 11:24:00,347,347.225,346.97,347.195,9875
2026-07-22 11:25:00,347.17,347.22,346.97,347.06,9788
2026-07-22 11:26:00,347.0975,347.105,346.84,346.88,16218
2026-07-22 11:27:00,346.835,346.94,346.8,346.8,12717
2026-07-22 11:28:00,346.83,346.87,346.62,346.67,18288
2026-07-22 11:29:00,346.665,346.74,346.53,346.675,21342
2026-07-22 11:30:00,346.675,346.82,346.6125,346.67,11385
2026-07-22 11:31:00,346.66,346.73,346.51,346.65,20413
2026-07-22 11:32:00,346.61,346.7,346.45,346.455,31155
2026-07-22 11:33:00,346.4506,346.46,346.21,346.305,17757
2026-07-22 11:34:00,346.2704,346.4,346.19,346.3387,17674
2026-07-22 11:35:00,346.355,346.45,346.3301,346.39,17906
2026-07-22 11:36:00,346.39,346.48,346.31,346.47,19561
2026-07-22 11:37:00,346.47,346.49,346.2,346.34,26065
2026-07-22 11:38:00,346.34,346.55,346.25,346.52,26441
2026-07-22 11:39:00,346.52,346.56,346.46,346.56,18892
2026-07-22 11:40:00,346.55,346.865,346.5,346.865,29499
2026-07-22 11:41:00,346.835,346.86,346.6897,346.71,14748
2026-07-22 11:42:00,346.72,347.07,346.69,346.76,28857
2026-07-22 11:43:00,346.76,346.85,346.575,346.575,8924
2026-07-22 11:44:00,346.56,346.66,346.35,346.575,15961
2026-07-22 11:45:00,346.58,346.74,346.58,346.71,14558
2026-07-22 11:46:00,346.6716,346.73,346.63,346.705,5947
2026-07-22 11:47:00,346.715,346.78,346.67,346.76,11724
2026-07-22 11:48:00,346.75,346.93,346.61,346.67,12568
2026-07-22 11:49:00,346.62,346.83,346.62,346.81,16589
2026-07-22 11:50:00,346.895,347.12,346.86,346.95,30143
2026-07-22 11:51:00,346.945,347,346.84,346.88,14505
2026-07-22 11:52:00,346.8498,346.97,346.8498,346.8747,15752
2026-07-22 11:53:00,346.865,347.0099,346.8,346.86,17133
2026-07-22 11:54:00,346.85,346.9093,346.7178,346.84,18735
2026-07-22 11:55:00,346.79,347.07,346.75,346.91,20691
2026-07-22 11:56:00,346.89,346.99,346.84,346.92,12019
2026-07-22 11:57:00,346.88,346.94,346.81,346.89,16239
2026-07-22 11:58:00,346.92,347.01,346.85,346.96,9478
2026-07-22 11:59:00,346.93,347.14,346.8549,347.13,14444
2026-07-22 12:00:00,347.12,347.12,346.81,346.81,13140
2026-07-22 12:01:00,346.8,346.84,346.7,346.71,12519
2026-07-22 12:02:00,346.7264,346.82,346.66,346.795,15419
2026-07-22 12:03:00,346.8,346.89,346.76,346.79,24319
2026-07-22 12:04:00,346.73,346.82,346.68,346.75,26638
2026-07-22 12:05:00,346.78,346.78,346.56,346.695,11265
2026-07-22 12:06:00,346.695,346.81,346.65,346.75,18297
2026-07-22 12:07:00,346.78,346.9505,346.765,346.95,19420
2026-07-22 12:08:00,346.935,346.95,346.65,346.68,14897
2026-07-22 12:09:00,346.695,346.8199,346.66,346.77,13412
2026-07-22 12:10:00,346.81,346.82,346.65,346.795,10107
2026-07-22 12:11:00,346.795,346.85,346.66,346.795,15660
2026-07-22 12:12:00,346.795,346.9695,346.775,346.905,14995
2026-07-22 12:13:00,346.9,346.9,346.77,346.8799,8235
2026-07-22 12:14:00,346.855,346.993,346.84,346.955,16103
2026-07-22 12:15:00,346.955,347.32,346.93,347.2475,20811
2026-07-22 12:16:00,347.245,347.52,347.1605,347.52,17280
2026-07-22 12:17:00,347.475,347.5,347.3,347.31,19577
2026-07-22 12:18:00,347.31,347.39,347.2,347.39,11455
2026-07-22 12:19:00,347.405,347.54,347.33,347.4675,15683
2026-07-22 12:20:00,347.45,347.54,347.37,347.515,24374
2026-07-22 12:21:00,347.48,347.5895,347.305,347.435,18060
2026-07-22 12:22:00,347.435,347.67,347.385,347.485,33099
2026-07-22 12:23:00,347.4802,347.5588,347.38,347.425,18060
2026-07-22 12:24:00,347.45,347.56,347.24,347.295,14703
2026-07-22 12:25:00,347.27,347.4,347.24,347.3999,8886
2026-07-22 12:26:00,347.34,347.5,347.32,347.44,10779
2026-07-22 12:27:00,347.4,347.48,347.33,347.45,9698
2026-07-22 12:28:00,347.43,347.44,347.3,347.31,7929
2026-07-22 12:29:00,347.31,347.4511,347.28,347.29,16001
2026-07-22 12:30:00,347.28,347.33,347.218,347.255,7686
2026-07-22 12:31:00,347.21,347.25,346.98,347.01,17958
2026-07-22 12:32:00,346.98,347.01,346.82,346.875,11837
2026-07-22 12:33:00,346.9,347.1,346.87,347.055,20737
2026-07-22 12:34:00,347.08,347.14,347.03,347.06,10331
2026-07-22 12:35:00,347.07,347.3,347.065,347.13,9936
2026-07-22 12:36:00,347.13,347.32,347.1,347.315,12521
2026-07-22 12:37:00,347.315,347.4698,347.18,347.2,11729
2026-07-22 12:38:00,347.205,347.205,347.07,347.14,7055
2026-07-22 12:39:00,347.14,347.16,347,347.06,8169
2026-07-22 12:40:00,347.03,347.0475,346.95,347,6646
2026-07-22 12:41:00,346.96,347.115,346.96,347,15292
2026-07-22 12:42:00,347.0175,347.14,346.93,346.94,13341
2026-07-22 12:43:00,346.91,346.97,346.75,346.87,24508
2026-07-22 12:44:00,346.875,346.98,346.7801,346.94,10467
2026-07-22 12:45:00,346.955,347.05,346.9,347.035,14212
2026-07-22 12:46:00,347.02,347.15,346.9701,347.11,16934
2026-07-22 12:47:00,347.11,347.325,347.04,347.325,14353
2026-07-22 12:48:00,347.3499,347.39,347.28,347.3795,9872
2026-07-22 12:49:00,347.34,347.46,347.24,347.285,6018
2026-07-22 12:50:00,347.32,347.33,347.2,347.285,12603
2026-07-22 12:51:00,347.28,347.29,347.055,347.08,10904
2026-07-22 12:52:00,347.07,347.12,347,347.035,9297
2026-07-22 12:53:00,347.035,347.05,346.89,346.89,6520
2026-07-22 12:54:00,346.93,346.99,346.88,346.95,11763
2026-07-22 12:55:00,346.94,347.15,346.9,347.125,26113
2026-07-22 12:56:00,347.105,347.24,347.034,347.195,11602
2026-07-22 12:57:00,347.195,347.33,347.14,347.23,19600
2026-07-22 12:58:00,347.19,347.24,347.11,347.23,7889
2026-07-22 12:59:00,347.18,347.18,347.03,347.045,9657
2026-07-22 13:00:00,347.045,347.14,346.93,347.13,15089
2026-07-22 13:01:00,347.14,347.164,347,347.1,12870
2026-07-22 13:02:00,347.06,347.075,346.78,346.825,14705
2026-07-22 13:03:00,346.8696,346.8696,346.7,346.74,13679
2026-07-22 13:04:00,346.733,346.81,346.66,346.76,15522
2026-07-22 13:05:00,346.76,346.845,346.7,346.745,12290
2026-07-22 13:06:00,346.745,346.81,346.65,346.67,16006
2026-07-22 13:07:00,346.66,346.8,346.63,346.8,15033
2026-07-22 13:08:00,346.7701,346.82,346.69,346.805,15369
2026-07-22 13:09:00,346.805,346.8399,346.73,346.78,9679
2026-07-22 13:10:00,346.78,346.84,346.72,346.82,16104
2026-07-22 13:11:00,346.835,346.91,346.77,346.84,19517
2026-07-22 13:12:00,346.835,347.05,346.8183,346.94,12889
2026-07-22 13:13:00,346.92,347.04,346.8901,346.95,9431
2026-07-22 13:14:00,346.95,347.1,346.94,347.08,17928
2026-07-22 13:15:00,347.06,347.26,347.0452,347.172,36577
2026-07-22 13:16:00,347.175,347.4887,347.1563,347.48,33693
2026-07-22 13:17:00,347.48,347.52,347.352,347.46,21574
2026-07-22 13:18:00,347.47,347.55,347.38,347.45,27313
2026-07-22 13:19:00,347.43,347.535,347.39,347.415,16819
2026-07-22 13:20:00,347.45,347.58,347.38,347.5,19781
2026-07-22 13:21:00,347.4616,347.52,347.32,347.44,10277
2026-07-22 13:22:00,347.455,347.5,347.28,347.375,18777
2026-07-22 13:23:00,347.39,347.48,347.37,347.415,13010
2026-07-22 13:24:00,347.415,347.56,347.41,347.5599,11494
2026-07-22 13:25:00,347.535,347.6274,347.34,347.395,9033
2026-07-22 13:26:00,347.395,347.43,347.21,347.285,9907
2026-07-22 13:27:00,347.3,347.31,347.14,347.185,11445
2026-07-22 13:28:00,347.18,347.2,347.07,347.085,12401
2026-07-22 13:29:00,347.07,347.23,347.045,347.09,8976
2026-07-22 13:30:00,347.09,347.14,347.04,347.12,15755
2026-07-22 13:31:00,347.15,347.17,346.9,346.935,13710
2026-07-22 13:32:00,346.935,347.06,346.88,347.025,12543
2026-07-22 13:33:00,347.025,347.415,347,347.38,21835
2026-07-22 13:34:00,347.395,347.43,347.2,347.2,12269
2026-07-22 13:35:00,347.26,347.32,347.201,347.245,9965
2026-07-22 13:36:00,347.26,347.365,347.13,347.21,11255
2026-07-22 13:37:00,347.22,347.35,347.2,347.3001,8168
2026-07-22 13:38:00,347.33,347.38,347.255,347.27,11166
2026-07-22 13:39:00,347.27,347.54,347.23,347.53,13663
2026-07-22 13:40:00,347.53,347.55,347.27,347.305,9260
2026-07-22 13:41:00,347.31,347.37,347.17,347.185,8875
2026-07-22 13:42:00,347.16,347.22,347.1,347.14,8223
2026-07-22 13:43:00,347.1,347.14,347.05,347.12,14383
2026-07-22 13:44:00,347.105,347.18,347.1,347.15,6058
2026-07-22 13:45:00,347.12,347.14,347.07,347.1,12157
2026-07-22 13:46:00,347.1097,347.24,347.08,347.12,19522
2026-07-22 13:47:00,347.1,347.12,346.87,346.92,39348
2026-07-22 13:48:00,346.895,347.05,346.895,347.015,9419
2026-07-22 13:49:00,346.99,346.9967,346.74,346.8,24572
2026-07-22 13:50:00,346.77,346.8,346.7,346.7334,12351
2026-07-22 13:51:00,346.7583,346.97,346.71,346.92,12326
2026-07-22 13:52:00,346.9,346.9699,346.84,346.87,15692
2026-07-22 13:53:00,346.87,346.95,346.811,346.86,11084
2026-07-22 13:54:00,346.835,346.98,346.79,346.93,24706
2026-07-22 13:55:00,346.93,346.98,346.7,346.73,14137
2026-07-22 13:56:00,346.74,346.76,346.43,346.51,35897
2026-07-22 13:57:00,346.501,346.56,346.43,346.47,17410
2026-07-22 13:58:00,346.47,346.48,346.34,346.39,19534
2026-07-22 13:59:00,346.39,346.45,346.24,346.32,20737
2026-07-22 14:00:00,346.24,346.4395,346.23,346.42,12293
2026-07-22 14:01:00,346.405,346.405,346.2076,346.36,13371
2026-07-22 14:02:00,346.34,346.4099,346.02,346.0538,19351
2026-07-22 14:03:00,346.065,346.3444,346.0517,346.2,25236
2026-07-22 14:04:00,346.195,346.41,346.12,346.3815,16131
2026-07-22 14:05:00,346.39,346.46,346.21,346.29,15574
2026-07-22 14:06:00,346.25,346.34,346.2,346.32,13129
2026-07-22 14:07:00,346.345,346.56,346.25,346.53,16006
2026-07-22 14:08:00,346.55,346.55,346.3101,346.47,19036
2026-07-22 14:09:00,346.47,346.52,346.2401,346.32,21864
2026-07-22 14:10:00,346.29,346.33,346.07,346.145,17394
2026-07-22 14:11:00,346.17,346.19,346.06,346.13,15256
2026-07-22 14:12:00,346.1,346.1,345.89,345.9499,42020
2026-07-22 14:13:00,345.9589,346.1429,345.93,346.11,11745
2026-07-22 14:14:00,346.09,346.09,345.88,345.88,19056
2026-07-22 14:15:00,345.88,345.9,345.77,345.88,17118
2026-07-22 14:16:00,345.88,346.02,345.72,345.7384,19143
2026-07-22 14:17:00,345.72,345.84,345.68,345.7,23454
2026-07-22 14:18:00,345.72,345.84,345.72,345.795,10021
2026-07-22 14:19:00,345.795,345.86,345.72,345.79,11523
2026-07-22 14:20:00,345.78,345.87,345.72,345.765,14549
2026-07-22 14:21:00,345.8,345.88,345.78,345.8346,5946
2026-07-22 14:22:00,345.825,345.85,345.6,345.65,16882
2026-07-22 14:23:00,345.7,345.86,345.68,345.7399,8075
2026-07-22 14:24:00,345.715,345.79,345.65,345.672,10749
2026-07-22 14:25:00,345.69,345.85,345.67,345.84,15017
2026-07-22 14:26:00,345.83,345.94,345.76,345.93,15480
2026-07-22 14:27:00,345.94,345.98,345.86,345.927,15122
2026-07-22 14:28:00,345.935,346.03,345.88,345.99,21231
2026-07-22 14:29:00,345.99,346.02,345.89,345.91,8034
2026-07-22 14:30:00,345.95,346.1219,345.855,346.085,32557
2026-07-22 14:31:00,346.06,346.14,346.01,346.035,13332
2026-07-22 14:32:00,346.035,346.0427,345.71,345.75,17995
2026-07-22 14:33:00,345.74,345.76,345.54,345.7087,13601
2026-07-22 14:34:00,345.7058,345.99,345.67,345.935,21875
2026-07-22 14:35:00,345.94,346.18,345.89,346.15,12944
2026-07-22 14:36:00,346.15,346.15,345.96,346.05,17070
2026-07-22 14:37:00,346.07,346.17,346.03,346.06,8596
2026-07-22 14:38:00,346.06,346.07,345.94,345.98,12573
2026-07-22 14:39:00,345.98,346.14,345.98,346.115,29341
2026-07-22 14:40:00,346.115,346.18,346.09,346.14,18261
2026-07-22 14:41:00,346.14,346.2,346.01,346.1701,30822
2026-07-22 14:42:00,346.2,346.28,346.08,346.1088,25969
2026-07-22 14:43:00,346.095,346.1099,345.985,346.06,5277
2026-07-22 14:44:00,346.01,346.04,345.95,345.995,17897
2026-07-22 14:45:00,346.01,346.2328,346,346.2146,16211
2026-07-22 14:46:00,346.19,346.26,346.14,346.235,12768
2026-07-22 14:47:00,346.23,346.3295,346.17,346.2791,13734
2026-07-22 14:48:00,346.25,346.53,346.23,346.52,15200
2026-07-22 14:49:00,346.5,346.56,346.36,346.4,21843
2026-07-22 14:50:00,346.385,346.385,346.2,346.2997,20137
2026-07-22 14:51:00,346.25,346.48,346.235,346.355,34482
2026-07-22 14:52:00,346.355,346.39,346.1101,346.14,20314
2026-07-22 14:53:00,346.12,346.25,346.05,346.215,15394
2026-07-22 14:54:00,346.215,346.28,346.17,346.23,10957
2026-07-22 14:55:00,346.23,346.26,346.15,346.2,21855
2026-07-22 14:56:00,346.2,346.23,346,346.045,20769
2026-07-22 14:57:00,346.06,346.1,346.01,346.04,21689
2026-07-22 14:58:00,346.05,346.1,345.79,345.79,25423
2026-07-22 14:59:00,345.82,345.84,345.62,345.66,25140
2026-07-22 15:00:00,345.6899,345.71,345.41,345.41,31332
2026-07-22 15:01:00,345.41,345.5328,345.05,345.06,60673
2026-07-22 15:02:00,345.1,345.29,345.06,345.17,25304
2026-07-22 15:03:00,345.18,345.38,345.18,345.356,18578
2026-07-22 15:04:00,345.35,345.41,345.17,345.29,33560
2026-07-22 15:05:00,345.285,345.57,345.26,345.26,24799
2026-07-22 15:06:00,345.2949,345.56,345.2949,345.55,11573
2026-07-22 15:07:00,345.58,345.65,345.49,345.595,23096
2026-07-22 15:08:00,345.6,345.67,345.38,345.46,28595
2026-07-22 15:09:00,345.455,345.51,345.41,345.4792,17838
2026-07-22 15:10:00,345.44,345.59,345.41,345.53,19326
2026-07-22 15:11:00,345.5453,345.69,345.38,345.4,46591
2026-07-22 15:12:00,345.37,345.45,345.26,345.39,43842
2026-07-22 15:13:00,345.4427,345.46,345.36,345.38,16850
2026-07-22 15:14:00,345.4,345.5425,345.35,345.52,24645
2026-07-22 15:15:00,345.5002,345.54,345.22,345.28,22224
2026-07-22 15:16:00,345.24,345.27,345.11,345.135,28574
2026-07-22 15:17:00,345.12,345.1799,345.02,345.02,17394
2026-07-22 15:18:00,345.02,345.21,344.92,345.01,102710
2026-07-22 15:19:00,345.035,345.23,345,345.035,27821
2026-07-22 15:20:00,345.02,345.11,344.85,344.85,33601
2026-07-22 15:21:00,344.89,345.05,344.78,344.98,21451
2026-07-22 15:22:00,344.97,345.03,344.87,344.9155,30364
2026-07-22 15:23:00,344.86,345.03,344.85,344.915,20905
2026-07-22 15:24:00,344.915,345.1,344.86,345.03,26290
2026-07-22 15:25:00,345.01,345.04,344.71,344.96,36958
2026-07-22 15:26:00,344.96,345.08,344.77,344.83,17906
2026-07-22 15:27:00,344.8,344.9,344.72,344.88,30624
2026-07-22 15:28:00,344.88,345.1,344.75,344.98,23065
2026-07-22 15:29:00,344.98,345.04,344.81,344.84,20697
2026-07-22 15:30:00,344.86,345.05,344.8,344.85,31437
2026-07-22 15:31:00,344.8799,344.97,344.62,344.65,27672
2026-07-22 15:32:00,344.63,344.66,344.36,344.38,51748
2026-07-22 15:33:00,344.395,344.69,344.39,344.61,40989
2026-07-22 15:34:00,344.6438,344.8702,344.6,344.68,29242
2026-07-22 15:35:00,344.67,344.77,344.5,344.51,48981
2026-07-22 15:36:00,344.51,344.55,344.13,344.15,39636
2026-07-22 15:37:00,344.15,344.6399,344.02,344.6048,36147
2026-07-22 15:38:00,344.6,344.67,344.5,344.55,38941
2026-07-22 15:39:00,344.53,344.63,344.49,344.55,39226
2026-07-22 15:40:00,344.54,344.73,344.5201,344.67,21109
2026-07-22 15:41:00,344.67,345.0001,344.61,344.93,55364
2026-07-22 15:42:00,344.925,345.17,344.86,344.93,37284
2026-07-22 15:43:00,344.96,345.01,344.73,344.79,39002
2026-07-22 15:44:00,344.84,345.2,344.79,344.93,41920
2026-07-22 15:45:00,344.955,345.18,344.805,344.8914,49442
2026-07-22 15:46:00,344.8,344.89,344.53,344.57,37779
2026-07-22 15:47:00,344.57,344.67,344.38,344.425,40835
2026-07-22 15:48:00,344.4,344.49,344.1,344.34,64983
2026-07-22 15:49:00,344.34,344.42,344.07,344.07,53402
2026-07-22 15:50:00,344.11,344.42,343.62,343.82,126310
2026-07-22 15:51:00,343.805,343.91,343.47,343.59,62910
2026-07-22 15:52:00,343.59,343.92,343.57,343.85,64907
2026-07-22 15:53:00,343.9,343.95,343.67,343.74,50039
2026-07-22 15:54:00,343.72,343.89,343.27,343.3845,103080
2026-07-22 15:55:00,343.36,343.53,342.25,342.26,191340
2026-07-22 15:56:00,342.26,342.7299,342.18,342.63,146196
2026-07-22 15:57:00,342.63,342.7,341.64,341.8899,173533
2026-07-22 15:58:00,341.89,342.61,341.72,342.04,287137
2026-07-22 15:59:00,342.05,342.72,341.87,341.91,377457
2026-07-22 16:00:00,341.91,344.29,341.91,344.28,2522502
2026-07-22 16:01:00,344.2,353,340.55,342.09,33713
2026-07-22 16:02:00,343.37,352.99,338.89,345.34,95530
2026-07-22 16:03:00,344.55,349,336.95,343.08,112141
2026-07-22 16:04:00,344.089,345.02,336.51,336.75,56595
2026-07-22 16:05:00,337.24,339.264,331.75,334.98,140276
2026-07-22 16:06:00,334.49,338.54,334.1,337.99,90447
2026-07-22 16:07:00,337.9135,342.75,337.1,339.4399,91485
2026-07-22 16:08:00,339,341.46,339,341,49173
2026-07-22 16:09:00,341.16,341.78,339.53,340.2091,44439
2026-07-22 16:10:00,340,340.72,339.04,340.56,17678
2026-07-22 16:11:00,340.39,343.56,340.2447,342.7216,36439
2026-07-22 16:12:00,343.55,346.04,342.02,343,63544
2026-07-22 16:13:00,342.82,348,342.8,346.77,83389
2026-07-22 16:14:00,346.7571,350.88,346.09,350.88,91109
2026-07-22 16:15:00,350.5,350.97,347.23,347.23,78641
2026-07-22 16:16:00,347.39,348.06,342.04,342.22,56175
2026-07-22 16:17:00,342.7,344.64,342.7,344.19,27849
2026-07-22 16:18:00,344.14,344.5,342.61,344.1911,29466
2026-07-22 16:19:00,344,345.75,343.5,345.17,31332
2026-07-22 16:20:00,345.14,345.54,343.85,343.85,19699
2026-07-22 16:21:00,344.09,344.36,342.03,342.98,33982
2026-07-22 16:22:00,342.97,344.12,342.2,344,19843
2026-07-22 16:23:00,343.89,345.5,343.52,344.5,36470
2026-07-22 16:24:00,344.4039,345.28,343.4904,344,15107
2026-07-22 16:25:00,343.558,345.16,343.5,344,11109
2026-07-22 16:26:00,344,344.68,341.17,341.17,30781
2026-07-22 16:27:00,341.65,342.99,340.41,342.71,31575
2026-07-22 16:28:00,342.7,342.76,341.18,341.8,14770
2026-07-22 16:29:00,342,342.92,342,342.71,10703
2026-07-22 16:30:00,342.68,342.6907,341.15,341.16,21331
2026-07-22 16:31:00,341.324,341.97,340.03,341.5001,21324
2026-07-22 16:32:00,341.5,343,341.5,342.09,16743
2026-07-22 16:33:00,342.47,342.8,342,342.4,8142
2026-07-22 16:34:00,342.3654,342.8,342.1666,342.47,18885
2026-07-22 16:35:00,342.3,343.1997,342.25,343.17,12106
2026-07-22 16:36:00,342.8185,343.3,340.33,341,21526
2026-07-22 16:37:00,341.0544,341.66,340.03,340.39,25354
2026-07-22 16:38:00,340.39,340.5,338.58,340.2,42706
2026-07-22 16:39:00,340.19,341.4,339.85,341.3403,16743
2026-07-22 16:40:00,341,341.69,340.49,341.2544,7457
2026-07-22 16:41:00,341.53,342.75,341.53,342.6961,18759
2026-07-22 16:42:00,342.69,342.75,341.99,342.0964,7002
2026-07-22 16:43:00,342.52,342.75,342.15,342.48,5593
2026-07-22 16:44:00,342.6499,342.6499,341,341.01,21597
2026-07-22 16:45:00,341.04,341.3,340.68,340.8711,17354
2026-07-22 16:46:00,341.02,342,341,341.94,4582
2026-07-22 16:47:00,341.75,342,341.6,341.97,9063
2026-07-22 16:48:00,341.8412,342.73,341.8412,342.3182,16674
2026-07-22 16:49:00,342.24,342.54,341.67,342.36,3954
2026-07-22 16:50:00,342.2019,342.71,342.18,342.45,6278
2026-07-22 16:51:00,342.2583,342.61,341.55,341.8513,17013
2026-07-22 16:52:00,342.1,342.7,342.1,342.49,8869
2026-07-22 16:53:00,342.4,342.69,341.54,342.11,19409
2026-07-22 16:54:00,341.97,342,340.48,340.99,18961
2026-07-22 16:55:00,341.398,341.398,339.7,340.55,28746
2026-07-22 16:56:00,340.38,340.69,339.7,340.5,12696
2026-07-22 16:57:00,340.2386,340.4475,339.8,340.25,8091
2026-07-22 16:58:00,340.2,340.25,335.76,335.76,83182
2026-07-22 16:59:00,335.75,335.84,328.13,328.13,161175
2026-07-22 17:00:00,328.67,334.48,328.424,334.32,77149
2026-07-22 17:01:00,333.75,334.67,331.5,334.03,35679
2026-07-22 17:02:00,334,334.5,331.6,332.4301,21843
2026-07-22 17:03:00,332.8,334.24,332.02,333.99,32706
2026-07-22 17:04:00,333.9063,333.9063,331.7,333.32,21331
2026-07-22 17:05:00,333.37,334,332.74,333.4,26753
2026-07-22 17:06:00,333.39,333.39,331.03,331.6001,31559
2026-07-22 17:07:00,332,333.99,331.6762,333.7,25967
2026-07-22 17:08:00,333.89,333.99,332.6,333.48,20543
2026-07-22 17:09:00,333.05,334.4,331.19,331.3,47322
2026-07-22 17:10:00,331.06,331.72,330.23,331.27,43126
2026-07-22 17:11:00,331.3,331.5,330.01,330.5889,33004
2026-07-22 17:12:00,330.6,331.01,330.0687,330.8,38414
2026-07-22 17:13:00,330.77,330.91,328.1,329,61443
2026-07-22 17:14:00,329,329.8,327.34,327.37,72270
2026-07-22 17:15:00,327.37,329.97,327.32,329.6,46492
2026-07-22 17:16:00,329.3183,329.8,329.1907,329.5674,20508
2026-07-22 17:17:00,329.5042,329.58,327.79,328,28820
2026-07-22 17:18:00,327.98,328.11,326.72,327,43178
2026-07-22 17:19:00,327.05,327.82,326.22,327.37,38684
2026-07-22 17:20:00,327.32,327.49,326.76,327.0413,35261
2026-07-22 17:21:00,327,328.3499,327,327.95,15745
2026-07-22 17:22:00,328,328.25,327.55,328,11881
2026-07-22 17:23:00,328,328.77,327.93,328.47,20890
2026-07-22 17:24:00,328.4696,328.78,327.58,328.4403,16470
2026-07-22 17:25:00,328.62,329.48,328.4,329.13,19514
2026-07-22 17:26:00,329,329.2061,328.23,328.98,18067
2026-07-22 17:27:00,328.98,329.5,328.95,329.4,10629
2026-07-22 17:28:00,329.4444,330.04,329.35,330.04,21329
2026-07-22 17:29:00,329.9,330.2,328.41,328.93,30147
2026-07-22 17:30:00,328.96,329.2756,328.23,329,12699
2026-07-22 17:31:00,328.8,329.9,328.75,328.97,5782
2026-07-22 17:32:00,328.9699,329.346,328.21,328.65,9347
2026-07-22 17:33:00,328.27,328.5251,327.25,327.49,20278
2026-07-22 17:34:00,327.51,327.91,327.2,327.8,13094
2026-07-22 17:35:00,327.83,328.39,327.37,327.7,8319
2026-07-22 17:36:00,327.8,328,327.61,327.95,7952
2026-07-22 17:37:00,327.92,327.94,327.5,327.58,16546
2026-07-22 17:38:00,327.65,329,327.65,328.9696,7666
2026-07-22 17:39:00,328.6604,328.9696,328.15,328.3504,7647
2026-07-22 17:40:00,328.469,328.5,328.0465,328.1625,8727
2026-07-22 17:41:00,328.2768,328.3,327.81,328.0398,12511
2026-07-22 17:42:00,328.11,328.18,327.65,327.65,7789
2026-07-22 17:43:00,327.79,327.91,327.21,327.5,14458
2026-07-22 17:44:00,327.68,327.75,326.9001,326.9201,31123
2026-07-22 17:45:00,326.89,327.6,326.7,327.44,6027
2026-07-22 17:46:00,327.2,327.35,326.44,326.44,15353
2026-07-22 17:47:00,326.44,326.99,326.44,326.9494,10116
2026-07-22 17:48:00,326.8175,327.68,326.8175,327.68,14684
2026-07-22 17:49:00,327.75,328.2,327.63,328.06,13505
2026-07-22 17:50:00,328.15,328.4845,328.0232,328.45,4740
2026-07-22 17:51:00,328.48,328.5,328.16,328.49,6671
2026-07-22 17:52:00,328.53,329.19,328.4601,329.1865,13038
2026-07-22 17:53:00,329.0401,329.1752,328.66,328.67,8832
2026-07-22 17:54:00,328.87,329.5,328.85,329.44,12819
2026-07-22 17:55:00,329.4166,329.43,329.07,329.1,7208
2026-07-22 17:56:00,329.2,329.23,328.54,329.23,10267
2026-07-22 17:57:00,329.31,329.77,329.15,329.63,10558
2026-07-22 17:58:00,329.7,329.97,329.7,329.8079,9984
2026-07-22 17:59:00,329.89,330.5,329.88,330.37,21659
2026-07-22 18:00:00,330.48,331.2,330.45,330.45,19693
2026-07-22 18:01:00,330.59,330.8496,330,330.81,18107
2026-07-22 18:02:00,330.8385,330.8385,330.04,330.04,17123
2026-07-22 18:03:00,330.3861,330.7,330.32,330.7,10552
2026-07-22 18:04:00,330.62,330.7814,329.3097,329.4,12394
2026-07-22 18:05:00,329.4,329.52,328.6656,329.2,13949
2026-07-22 18:06:00,329.54,329.9215,329.5,329.861,2126
2026-07-22 18:07:00,329.88,330,329.8155,329.89,2249
2026-07-22 18:08:00,330,330.31,330,330.31,5291
2026-07-22 18:09:00,330.31,330.6,330.2985,330.3,4018
2026-07-22 18:10:00,330.43,330.49,330.1134,330.2008,1775
2026-07-22 18:11:00,330.2,330.64,330.1501,330.3451,4017
2026-07-22 18:12:00,330.5101,330.68,330.26,330.26,8275
2026-07-22 18:13:00,330.45,330.5,329.75,330.091,4298
2026-07-22 18:14:00,330.1,330.49,330.1,330.3988,5435
2026-07-22 18:15:00,330.4,330.98,330.2806,330.98,11640
2026-07-22 18:16:00,330.83,330.9,330.331,330.36,6915
2026-07-22 18:17:00,330.3217,330.73,330.3,330.73,8647
2026-07-22 18:18:00,330.73,330.95,330.71,330.95,2545
2026-07-22 18:19:00,330.98,331.33,330.98,331.25,12113
2026-07-22 18:20:00,331.2723,332,331.25,331.9,13854
2026-07-22 18:21:00,332,332.97,331.8,332.89,18228
2026-07-22 18:22:00,332.9,332.9,332,332.43,23803
2026-07-22 18:23:00,332.47,332.49,331.85,332.21,5702
2026-07-22 18:24:00,332.21,332.9,332.17,332.69,11104
2026-07-22 18:25:00,332.9,333,332.59,332.59,9124
2026-07-22 18:26:00,332.8084,332.8995,332.08,332.24,9715
2026-07-22 18:27:00,332.12,332.39,331.5903,332.0004,19276
2026-07-22 18:28:00,332.0258,332.77,332.0258,332.5,5273
2026-07-22 18:29:00,332.67,332.95,332.67,332.7245,4347
2026-07-22 18:30:00,332.8696,333.15,332.6,332.6,15828
2026-07-22 18:31:00,332.6,332.81,332.29,332.32,6230
2026-07-22 18:32:00,332.3855,332.79,331.952,332,6329
2026-07-22 18:33:00,332.1,332.59,332,332.489,9819
2026-07-22 18:34:00,332.41,332.4389,332.03,332.03,3956
2026-07-22 18:35:00,332.1314,332.48,332,332.15,4009
2026-07-22 18:36:00,332.242,332.242,331.4,331.7629,4227
2026-07-22 18:37:00,331.95,332.2,331.86,332.1499,2833
2026-07-22 18:38:00,332.053,332.4366,332.05,332.386,3517
2026-07-22 18:39:00,332.15,332.3951,332.15,332.19,2389
2026-07-22 18:40:00,332.15,332.5,332.09,332.5,3230
2026-07-22 18:41:00,332.5185,332.68,332.18,332.26,2365
2026-07-22 18:42:00,332.34,332.639,332.25,332.5278,2018
2026-07-22 18:43:00,332.5,332.68,332.45,332.57,5129
2026-07-22 18:44:00,332.6,332.61,332.24,332.5,2060
2026-07-22 18:45:00,332.3463,332.48,331.98,332.1,8585
2026-07-22 18:46:00,332.1,332.269,332.0506,332.269,6797
2026-07-22 18:47:00,332.3,332.5,332.251,332.4029,5155
2026-07-22 18:48:00,332.3647,332.4199,332.22,332.4199,3146
2026-07-22 18:49:00,332.39,332.8,332.3653,332.8,4647
2026-07-22 18:50:00,332.88,332.94,332.7,332.82,4524
2026-07-22 18:51:00,332.82,333.15,332.8001,333.15,7452
2026-07-22 18:52:00,333.18,333.24,332.89,333.15,8208
2026-07-22 18:53:00,333.1,333.25,333.05,333.15,4841
2026-07-22 18:54:00,333.1201,333.38,333.12,333.26,8317
2026-07-22 18:55:00,333.2,333.3,333.1,333.2534,3903
2026-07-22 18:56:00,333.3,333.3749,333.23,333.2317,3893
2026-07-22 18:57:00,333.3,333.37,332.81,332.81,4211
2026-07-22 18:58:00,332.8,332.89,332.64,332.64,1779
2026-07-22 18:59:00,332.75,332.8,332.6,332.6,1618
2026-07-22 19:00:00,332.6942,332.89,332.47,332.5,5793
2026-07-22 19:01:00,332.4379,332.75,332.3553,332.6205,2722
2026-07-22 19:02:00,332.65,332.65,332.4705,332.4705,743
2026-07-22 19:03:00,332.5881,332.7497,332.56,332.69,800
2026-07-22 19:04:00,332.702,332.702,332.5,332.5,4017
2026-07-22 19:05:00,332.57,332.57,332.4,332.4,1570
2026-07-22 19:06:00,332.4376,332.4376,332.32,332.32,2029
2026-07-22 19:07:00,332.3,332.45,331.91,332.2,8399
2026-07-22 19:08:00,332.06,332.14,331.9,332.14,886
2026-07-22 19:09:00,332.14,332.14,331.78,331.78,2796
2026-07-22 19:10:00,331.8311,331.8311,331.3472,331.7,5430
2026-07-22 19:11:00,331.9,332.2,331.8737,332.0006,2528
2026-07-22 19:12:00,332,332.19,331.86,332.0002,2335
2026-07-22 19:13:00,332,332.15,331.8,332,2827
2026-07-22 19:14:00,331.6854,331.9245,331.6854,331.7903,1488
2026-07-22 19:15:00,331.8046,331.8046,331.15,331.41,1926
2026-07-22 19:16:00,331.3,331.43,331.1,331.2,3528
2026-07-22 19:17:00,331.15,331.24,331,331.1404,7627
2026-07-22 19:18:00,331.132,331.4551,331.0606,331.4551,3995
2026-07-22 19:19:00,331.2112,331.4493,331,331,5751
2026-07-22 19:20:00,330.94,331.05,330.8677,331,3901
2026-07-22 19:21:00,331.19,331.3,331.14,331.14,2990
2026-07-22 19:22:00,331.37,331.37,331.3,331.3,1786
2026-07-22 19:23:00,331.27,331.27,331.2499,331.25,320
2026-07-22 19:24:00,331.25,331.3,331.21,331.3,1784
2026-07-22 19:25:00,331.5,331.5,331.45,331.46,2743
2026-07-22 19:26:00,331.5,331.5,331.46,331.5,2853
2026-07-22 19:27:00,331.5,332,331.4716,331.78,3687
2026-07-22 19:28:00,331.95,332.2,331.95,332.1,3409
2026-07-22 19:29:00,332.2,332.44,332.1,332.33,3392
2026-07-22 19:30:00,332.27,332.4954,332.15,332.49,1721
2026-07-22 19:31:00,332.4,332.49,332.33,332.34,1784
2026-07-22 19:32:00,332.3993,332.49,332.25,332.47,1709
2026-07-22 19:33:00,332.45,332.46,332.35,332.35,740
2026-07-22 19:34:00,332.42,332.81,332.42,332.8022,7164
2026-07-22 19:35:00,332.8,332.86,332.5013,332.5013,3720
2026-07-22 19:36:00,332.73,332.73,332.2,332.2001,9151
2026-07-22 19:37:00,332.3,332.3,332.2,332.2584,4276
2026-07-22 19:38:00,332.26,332.3699,332.25,332.3001,1360
2026-07-22 19:39:00,332.35,332.42,332.3,332.37,1103
2026-07-22 19:40:00,332.35,332.5,332.35,332.45,1530
2026-07-22 19:41:00,332.46,332.51,332.45,332.5,1104
2026-07-22 19:42:00,332.42,332.42,332.2,332.3213,4381
2026-07-22 19:43:00,332.3422,332.3422,332.2,332.32,1160
2026-07-22 19:44:00,332.25,332.26,332.1,332.1,2233
2026-07-22 19:45:00,332.2,332.2,331.97,332.0793,6989
2026-07-22 19:46:00,332.28,332.8,332.13,332.7999,1810
2026-07-22 19:47:00,332.64,332.8,332.11,332.7041,2607
2026-07-22 19:48:00,332.5748,332.6,332.5509,332.59,1981
2026-07-22 19:49:00,332.59,332.8,332.5562,332.8,3120
2026-07-22 19:50:00,332.75,332.75,332.59,332.59,1469
2026-07-22 19:51:00,332.7,332.7,332.51,332.7,2329
2026-07-22 19:52:00,332.6499,332.7,332.6064,332.64,4125
2026-07-22 19:53:00,332.6282,332.68,332.15,332.4557,5007
2026-07-22 19:54:00,332.2315,332.4,332.2116,332.23,1711
2026-07-22 19:55:00,332.25,332.2946,332.24,332.24,320
2026-07-22 19:56:00,332.27,332.3,332.01,332.1965,2137
2026-07-22 19:57:00,332.2,332.2,331.897,331.92,4022
2026-07-22 19:58:00,331.95,332,331.95,331.99,3159
2026-07-22 19:59:00,331.95,331.99,331.85,331.91,6559
2026-07-23 04:00:00,333.3,333.97,331.36,331.5,27607
2026-07-23 04:01:00,332.39,333.99,330.97,333.3,30086
2026-07-23 04:02:00,333.44,334.0,331.01,331.96,44530
2026-07-23 04:03:00,331.1,333.44,330.1,330.36,6081
2026-07-23 04:04:00,330.1,333.9,329.93,329.93,22736
2026-07-23 04:05:00,329.84,333.72,329.67,330.14,5407
2026-07-23 04:06:00,329.97,330.74,329.71,330.5,2577
2026-07-23 04:07:00,330.27,331.23,330.06,331.23,4940
2026-07-23 04:08:00,331.23,331.4565,331.0,331.2,1663
2026-07-23 04:09:00,331.2,331.62,331.0,331.62,6033
2026-07-23 04:10:00,331.5,331.7,331.03,331.03,1151
2026-07-23 04:11:00,331.06,331.2,331.0,331.15,2133
2026-07-23 04:12:00,331.33,331.73,331.32,331.5,3191
2026-07-23 04:13:00,331.8,331.89,331.77,331.8,314
2026-07-23 04:14:00,331.8,331.85,331.23,331.23,1428
2026-07-23 04:15:00,331.4656,331.4656,331.21,331.21,492
2026-07-23 04:16:00,331.35,331.55,331.3,331.35,3957
2026-07-23 04:17:00,331.45,331.45,331.45,331.45,331
2026-07-23 04:18:00,331.32,331.5206,331.32,331.5206,323
2026-07-23 04:19:00,331.2,331.5,330.78,330.78,8420
2026-07-23 04:20:00,330.946,331.18,330.56,330.56,1329
2026-07-23 04:21:00,330.64,330.74,329.83,330.26,8069
2026-07-23 04:22:00,330.14,330.24,329.7677,329.79,1698
2026-07-23 04:23:00,329.95,329.95,329.5,329.7,3843
2026-07-23 04:24:00,329.59,329.7,329.3154,329.4,1882
2026-07-23 04:25:00,329.35,329.77,329.2,329.75,1426
2026-07-23 04:26:00,329.6,329.9,329.57,329.9,2049
2026-07-23 04:27:00,329.88,330.16,329.88,330.03,3648
2026-07-23 04:28:00,330.1,330.1,329.81,329.81,2002
2026-07-23 04:29:00,329.7,330.0,329.7,329.8,3377
2026-07-23 04:30:00,329.89,329.89,329.48,329.79,1135
2026-07-23 04:31:00,329.7,330.4,329.65,330.31,3276
2026-07-23 04:32:00,330.45,330.51,330.35,330.51,678
2026-07-23 04:33:00,330.42,330.4225,330.4,330.4,665
2026-07-23 04:34:00,330.41,330.6,330.41,330.48,1406
2026-07-23 04:35:00,330.44,330.44,330.0,330.0,539
2026-07-23 04:36:00,330.15,330.5,330.15,330.5,2158
2026-07-23 04:37:00,330.649,330.649,330.649,330.649,100
2026-07-23 04:38:00,330.5948,330.83,330.5948,330.82,1430
2026-07-23 04:39:00,330.89,330.9997,330.78,330.8,2021
2026-07-23 04:40:00,330.91,330.91,330.5,330.58,909
2026-07-23 04:41:00,330.4,330.55,330.3,330.31,966
2026-07-23 04:42:00,330.2,330.2,330.0,330.1,813
2026-07-23 04:43:00,330.0,330.14,330.0,330.14,320
2026-07-23 04:44:00,329.98,330.03,329.8,330.03,1535
2026-07-23 04:45:00,329.9,330.06,329.72,329.99,1308
2026-07-23 04:46:00,330.0,330.0,329.79,329.79,350
2026-07-23 04:47:00,329.92,330.0,329.7,329.7,527
2026-07-23 04:48:00,329.78,329.88,329.76,329.88,1077
2026-07-23 04:49:00,330.0,330.49,330.0,330.3,2829
2026-07-23 04:50:00,330.39,330.4,330.24,330.3,1032
2026-07-23 04:51:00,330.5,330.5,329.77,330.15,4899
2026-07-23 04:52:00,330.26,330.2837,329.91,329.91,1979
2026-07-23 04:53:00,330.2184,330.28,330.05,330.05,230
2026-07-23 04:54:00,330.3,330.4,330.3,330.4,200
2026-07-23 04:55:00,330.5,330.63,330.4,330.63,3300
2026-07-23 04:56:00,330.7,330.9,330.7,330.9,1723
2026-07-23 04:57:00,330.8065,330.9,330.8,330.8,1670
2026-07-23 04:58:00,330.72,330.72,330.72,330.72,230
2026-07-23 04:59:00,330.73,330.88,330.72,330.8,1834
2026-07-23 05:00:00,330.65,330.68,330.38,330.38,3009
2026-07-23 05:01:00,330.38,330.38,330.2669,330.38,431
2026-07-23 05:03:00,330.69,330.99,330.6358,330.99,3229
2026-07-23 05:04:00,330.99,331.18,330.99,331.16,6881
2026-07-23 05:05:00,331.1415,331.5,331.13,331.5,1570
2026-07-23 05:06:00,331.26,331.4541,331.2,331.41,501
2026-07-23 05:07:00,331.29,331.29,331.0,331.145,738
2026-07-23 05:08:00,331.0,331.0,330.38,330.53,3234
2026-07-23 05:09:00,330.49,330.6675,330.22,330.3,2126
2026-07-23 05:10:00,330.51,330.58,330.3,330.5,591
2026-07-23 05:11:00,330.45,330.45,329.84,329.84,12125
2026-07-23 05:12:00,329.72,329.72,329.6,329.6,1078
2026-07-23 05:13:00,329.76,330.12,329.76,330.0,1626
2026-07-23 05:14:00,330.0,330.1,329.43,329.43,3092
2026-07-23 05:15:00,329.47,329.73,329.39,329.51,3109
2026-07-23 05:16:00,329.58,329.99,329.58,329.99,1156
2026-07-23 05:17:00,329.7,329.7,329.58,329.58,150
2026-07-23 05:18:00,329.99,330.18,329.99,330.0,1188
2026-07-23 05:20:00,329.9,330.0,329.5,329.5337,1301
2026-07-23 05:21:00,329.52,329.5721,329.15,329.25,3570
2026-07-23 05:22:00,329.43,329.76,329.37,329.75,1477
2026-07-23 05:23:00,329.45,329.96,329.4,329.66,986
2026-07-23 05:24:00,329.62,329.76,329.58,329.58,871
2026-07-23 05:25:00,329.8,329.8,329.78,329.78,490
2026-07-23 05:26:00,329.66,329.9998,329.64,329.79,11175
2026-07-23 05:27:00,329.7559,330.21,329.7559,330.13,854
2026-07-23 05:28:00,330.18,330.18,329.51,329.68,2931
2026-07-23 05:29:00,329.97,329.97,329.62,329.7,1142
2026-07-23 05:30:00,329.68,329.68,329.4,329.4,653
2026-07-23 05:31:00,329.7,329.7,329.48,329.48,268
2026-07-23 05:32:00,329.4,329.62,329.25,329.35,4091
2026-07-23 05:33:00,329.29,329.29,329.1,329.1,1781
2026-07-23 05:34:00,329.26,329.26,329.1,329.13,679
2026-07-23 05:35:00,329.1,329.15,328.896,328.896,8342
2026-07-23 05:36:00,328.88,329.13,328.8,328.91,3563
2026-07-23 05:37:00,329.1,329.14,328.9238,328.97,1155
2026-07-23 05:38:00,329.09,329.09,329.09,329.09,100
2026-07-23 05:39:00,329.18,329.27,329.04,329.16,1663
2026-07-23 05:40:00,329.17,329.33,329.17,329.33,550
2026-07-23 05:41:00,329.17,329.4,329.17,329.33,1787
2026-07-23 05:42:00,329.44,329.5,329.4,329.4,2220
2026-07-23 05:43:00,329.5,329.5,329.5,329.5,50
2026-07-23 05:44:00,329.56,329.56,329.43,329.49,728
2026-07-23 05:45:00,329.44,329.84,329.44,329.8,540
2026-07-23 05:46:00,329.88,329.88,329.467,329.5,900
2026-07-23 05:47:00,329.65,329.65,329.49,329.5,369
2026-07-23 05:48:00,329.49,329.5,329.3,329.3,945
2026-07-23 05:49:00,329.2,329.33,329.2,329.28,423
2026-07-23 05:50:00,329.4,329.47,329.26,329.39,1705
2026-07-23 05:51:00,329.65,329.65,329.45,329.45,144
2026-07-23 05:52:00,329.45,329.67,329.0,329.27,3710
2026-07-23 05:53:00,329.25,329.25,328.9,328.9,2597
2026-07-23 05:54:00,329.06,329.06,328.98,329.0,3200
2026-07-23 05:55:00,328.9,328.91,328.8,328.8,2060
2026-07-23 05:56:00,328.82,328.82,328.35,328.35,4641
2026-07-23 05:57:00,328.28,328.33,328.28,328.33,1033
2026-07-23 05:58:00,328.31,328.37,328.29,328.31,1208
2026-07-23 05:59:00,328.3,328.41,328.2744,328.41,1133
2026-07-23 06:00:00,328.32,328.4,328.16,328.22,2547
2026-07-23 06:01:00,328.29,328.42,328.27,328.42,1469
2026-07-23 06:02:00,328.41,328.5,328.25,328.25,1631
2026-07-23 06:03:00,328.22,328.4686,328.18,328.44,1380
2026-07-23 06:04:00,328.48,328.5,328.36,328.5,802
2026-07-23 06:05:00,328.57,328.77,328.43,328.51,981
2026-07-23 06:06:00,328.51,328.55,328.4,328.4,956
2026-07-23 06:07:00,328.5622,328.5622,328.4,328.43,939
2026-07-23 06:08:00,328.55,328.69,328.43,328.43,651
2026-07-23 06:09:00,328.43,328.47,328.4,328.47,427
2026-07-23 06:10:00,328.45,328.63,328.45,328.55,1093
2026-07-23 06:11:00,328.3,328.56,328.27,328.56,390
2026-07-23 06:12:00,328.66,328.66,328.301,328.33,3413
2026-07-23 06:13:00,328.46,328.474,328.3866,328.3866,602
2026-07-23 06:14:00,328.43,328.5,328.34,328.5,410
2026-07-23 06:15:00,328.5,328.5,328.5,328.5,560
2026-07-23 06:16:00,328.7,328.8,328.61,328.8,1339
2026-07-23 06:17:00,328.68,328.76,328.67,328.68,300
2026-07-23 06:18:00,328.6,328.7,328.6,328.7,1081
2026-07-23 06:19:00,328.74,328.74,328.22,328.22,2948
2026-07-23 06:20:00,328.35,328.69,328.2,328.69,5731
2026-07-23 06:21:00,328.69,328.9,328.66,328.66,626
2026-07-23 06:22:00,328.87,329.0,328.7903,328.92,1398
2026-07-23 06:23:00,329.02,329.08,328.96,329.04,798
2026-07-23 06:24:00,329.0,329.0,328.89,328.89,98
2026-07-23 06:25:00,328.93,328.93,328.93,328.93,80
2026-07-23 06:26:00,328.8246,328.83,328.47,328.47,3486
2026-07-23 06:27:00,328.32,328.6388,328.23,328.23,581
2026-07-23 06:28:00,328.4,328.4,327.8,327.88,9970
2026-07-23 06:29:00,327.9653,328.0,327.5,328.0,2075
2026-07-23 06:30:00,328.0,328.7,328.0,328.64,906
2026-07-23 06:31:00,328.69,329.09,328.59,329.09,1712
2026-07-23 06:32:00,328.99,329.5,328.99,329.31,1123
2026-07-23 06:33:00,329.4,329.4,328.93,329.19,1121
2026-07-23 06:34:00,329.14,329.29,329.0,329.0,678
2026-07-23 06:35:00,329.46,329.5,329.39,329.39,3057
2026-07-23 06:36:00,329.7,329.7,329.0,329.04,1827
2026-07-23 06:37:00,329.3,329.4,329.3,329.33,391
2026-07-23 06:38:00,329.48,329.8,329.48,329.8,3379
2026-07-23 06:39:00,329.72,329.9,329.41,329.77,1611
2026-07-23 06:40:00,329.76,330.0,329.76,329.85,937
2026-07-23 06:41:00,329.86,329.9,329.52,329.68,1642
2026-07-23 06:42:00,329.67,330.22,329.67,329.95,2542
2026-07-23 06:43:00,329.92,329.92,329.37,329.37,10064
2026-07-23 06:44:00,329.25,329.39,329.25,329.39,551
2026-07-23 06:45:00,329.49,329.5,329.4,329.5,3558
2026-07-23 06:46:00,329.5,329.5,329.41,329.41,1459
2026-07-23 06:47:00,329.5,329.5,329.48,329.5,200
2026-07-23 06:48:00,329.5,329.75,329.5,329.75,1244
2026-07-23 06:49:00,329.55,329.55,329.06,329.24,658
2026-07-23 06:50:00,329.2,329.2766,328.76,328.76,2316
2026-07-23 06:51:00,328.8,328.97,328.79,328.79,240
2026-07-23 06:52:00,328.68,328.68,328.24,328.34,3107
2026-07-23 06:53:00,328.48,328.5,328.1,328.34,1534
2026-07-23 06:54:00,328.2,328.349,328.13,328.29,1562
2026-07-23 06:55:00,328.3,328.5,328.29,328.37,6687
2026-07-23 06:56:00,328.21,328.41,328.05,328.21,4785
2026-07-23 06:57:00,328.38,328.38,328.0,328.0,2934
2026-07-23 06:58:00,328.0,328.0,327.41,327.5175,6232
2026-07-23 06:59:00,327.58,328.03,327.58,327.96,4316
2026-07-23 07:00:00,327.96,329.0,327.1,327.11,20567
2026-07-23 07:01:00,327.2792,327.78,327.08,327.5924,5756
2026-07-23 07:02:00,327.8,327.8,327.07,327.5197,13896
2026-07-23 07:03:00,327.49,328.05,327.32,328.05,6728
2026-07-23 07:04:00,327.7604,328.11,327.7,328.0,4763
2026-07-23 07:05:00,328.0173,328.06,327.36,327.46,8143
2026-07-23 07:06:00,327.85,327.95,327.33,327.5,3402
2026-07-23 07:07:00,327.71,327.71,327.4076,327.5,4091
2026-07-23 07:08:00,327.45,327.8,327.44,327.5,5868
2026-07-23 07:09:00,327.35,327.61,327.15,327.58,4162
2026-07-23 07:10:00,327.52,327.76,327.42,327.6,2244
2026-07-23 07:11:00,327.75,327.82,327.639,327.6674,2251
2026-07-23 07:12:00,327.8,327.94,327.7,327.7,1966
2026-07-23 07:13:00,327.8,328.0,327.76,328.0,5632
2026-07-23 07:14:00,327.9851,328.0,327.6239,327.6703,2394
2026-07-23 07:15:00,327.63,328.0,327.63,327.9711,1595
2026-07-23 07:16:00,327.9712,328.34,327.91,328.33,2743
2026-07-23 07:17:00,328.0,328.02,327.4,327.4004,9904
2026-07-23 07:18:00,327.4,327.4757,327.1,327.3926,2709
2026-07-23 07:19:00,327.44,327.5,327.08,327.5,10079
2026-07-23 07:20:00,327.59,327.92,327.03,327.45,18038
2026-07-23 07:21:00,327.45,327.64,327.04,327.48,2909
2026-07-23 07:22:00,327.4,327.6,327.32,327.6,2178
2026-07-23 07:23:00,327.5324,327.66,326.68,327.2,20334
2026-07-23 07:24:00,326.92,327.46,326.92,327.04,2515
2026-07-23 07:25:00,327.1103,327.46,327.0,327.33,2667
2026-07-23 07:26:00,327.5,327.6,327.12,327.24,2579
2026-07-23 07:27:00,327.19,327.19,326.9299,326.93,3581
2026-07-23 07:28:00,327.0,327.1019,326.95,326.9717,10028
2026-07-23 07:29:00,326.95,327.0485,326.66,326.7514,3632
2026-07-23 07:30:00,326.61,327.3122,326.6,326.9,5300
2026-07-23 07:31:00,327.1777,327.38,326.18,326.5,7884
2026-07-23 07:32:00,326.52,327.01,326.52,327.01,5599
2026-07-23 07:33:00,327.08,327.34,326.9438,327.04,6264
2026-07-23 07:34:00,327.0,327.16,326.91,327.05,3631
2026-07-23 07:35:00,327.0,327.0,326.5,326.66,3251
2026-07-23 07:36:00,326.53,326.59,326.4,326.59,2651
2026-07-23 07:37:00,326.68,326.68,326.35,326.5,5155
2026-07-23 07:38:00,326.56,326.56,326.14,326.27,4722
2026-07-23 07:39:00,326.1,326.2287,325.81,325.85,13190
2026-07-23 07:40:00,326.0,326.0,325.8,326.0,6832
2026-07-23 07:41:00,325.9724,326.3,325.9,326.3,5348
2026-07-23 07:42:00,326.3,326.47,326.0,326.01,1569
2026-07-23 07:43:00,326.05,326.32,325.86,326.1,8147
2026-07-23 07:44:00,326.37,326.37,325.8,325.8,5570
2026-07-23 07:45:00,325.8,326.0,325.68,325.75,10432
2026-07-23 07:46:00,325.75,326.0,325.1,325.1,42243
2026-07-23 07:47:00,325.1,325.4825,324.58,325.14,41068
2026-07-23 07:48:00,325.06,325.5,325.0,325.41,5774
2026-07-23 07:49:00,325.4196,325.6,324.92,325.55,7740
2026-07-23 07:50:00,325.4233,326.3,325.4,325.95,39539
2026-07-23 07:51:00,325.9544,326.0,325.8986,325.9,5097
2026-07-23 07:52:00,325.9,326.0,325.5,325.74,4524
2026-07-23 07:53:00,325.9999,325.9999,325.75,325.93,4830
2026-07-23 07:54:00,325.9,326.07,325.79,325.79,2472
2026-07-23 07:55:00,325.8,326.11,325.71,325.9,5467
2026-07-23 07:56:00,325.99,326.0,325.59,325.87,4477
2026-07-23 07:57:00,325.71,325.89,325.5,325.57,2906
2026-07-23 07:58:00,325.73,326.18,325.61,326.1,5274
2026-07-23 07:59:00,325.92,326.2272,325.5,325.75,1450
2026-07-23 08:00:00,325.7257,325.78,325.36,325.5,4041
2026-07-23 08:01:00,325.5,325.6286,325.09,325.09,4210
2026-07-23 08:02:00,325.19,326.0,325.12,325.26,10175
2026-07-23 08:03:00,325.41,325.6,325.27,325.42,3356
2026-07-23 08:04:00,325.47,325.6,325.33,325.44,4152
2026-07-23 08:05:00,325.36,325.5,324.99,325.06,18471
2026-07-23 08:06:00,325.0,325.2229,324.75,325.2229,9383
2026-07-23 08:07:00,325.38,325.5,325.36,325.3755,4682
2026-07-23 08:08:00,325.45,325.5,325.4,325.4673,1597
2026-07-23 08:09:00,325.5,325.54,325.3,325.5,8733
2026-07-23 08:10:00,325.5,325.9729,325.34,325.37,6560
2026-07-23 08:11:00,325.43,326.2,325.37,326.2,10372
2026-07-23 08:12:00,326.05,326.3,325.8,325.9004,8457
2026-07-23 08:13:00,326.0,326.17,325.81,325.81,5320
2026-07-23 08:14:00,325.87,326.0,325.52,325.98,4099
2026-07-23 08:15:00,326.0,326.2,325.4,325.49,9743
2026-07-23 08:16:00,325.47,325.81,325.3,325.3,10097
2026-07-23 08:17:00,325.51,325.57,325.01,325.26,10038
2026-07-23 08:18:00,325.21,325.34,325.1,325.34,11039
2026-07-23 08:19:00,325.25,325.36,325.14,325.22,5845
2026-07-23 08:20:00,325.17,325.1843,324.85,324.9562,10597
2026-07-23 08:21:00,324.82,325.2,324.66,325.2,6839
2026-07-23 08:22:00,325.2,325.99,325.2,325.83,4211
2026-07-23 08:23:00,326.0,326.0,325.55,325.7659,5859
2026-07-23 08:24:00,325.7575,325.85,325.3462,325.8,5229
2026-07-23 08:25:00,325.45,325.611,325.25,325.31,2819
2026-07-23 08:26:00,325.43,325.5801,325.3,325.5,3086
2026-07-23 08:27:00,325.48,325.95,325.38,325.38,7047
2026-07-23 08:28:00,325.34,325.85,325.3,325.3,4357
2026-07-23 08:29:00,325.42,325.75,325.2691,325.48,10209
2026-07-23 08:30:00,325.31,325.7006,325.22,325.48,2100
2026-07-23 08:31:00,325.51,325.74,325.0,325.29,5911
2026-07-23 08:32:00,325.22,325.38,324.53,324.59,14707
2026-07-23 08:33:00,324.57,324.6931,323.68,324.33,41998
2026-07-23 08:34:00,324.2,324.56,324.07,324.45,7220
2026-07-23 08:35:00,324.63,324.79,324.39,324.55,10325
2026-07-23 08:36:00,324.37,324.7,324.36,324.7,14930
2026-07-23 08:37:00,324.7,324.7,324.3391,324.6381,8596
2026-07-23 08:38:00,324.54,324.93,324.54,324.862,3993
2026-07-23 08:39:00,324.8,324.94,324.5,324.54,2438
2026-07-23 08:40:00,324.66,324.73,324.44,324.44,10154
2026-07-23 08:41:00,324.54,324.83,324.4511,324.64,5527
2026-07-23 08:42:00,324.87,324.92,324.45,324.65,4545
2026-07-23 08:43:00,324.6,324.89,324.42,324.82,5124
2026-07-23 08:44:00,324.6653,324.98,324.6653,324.74,9392
2026-07-23 08:45:00,324.91,325.37,324.82,325.37,8077
2026-07-23 08:46:00,325.2,325.3034,324.19,324.27,15805
2026-07-23 08:47:00,324.42,324.54,323.83,324.13,24429
2026-07-23 08:48:00,324.18,324.6753,324.03,324.5514,4932
2026-07-23 08:49:00,324.7,324.99,324.43,324.88,4694
2026-07-23 08:50:00,324.88,325.39,324.7564,325.11,10700
2026-07-23 08:51:00,325.11,325.572,325.11,325.28,12075
2026-07-23 08:52:00,325.3,325.49,325.14,325.19,3913
2026-07-23 08:53:00,325.26,325.41,325.1558,325.2,4669
2026-07-23 08:54:00,325.2,325.4,325.08,325.3,3332
2026-07-23 08:55:00,325.29,325.65,325.25,325.5518,7150
2026-07-23 08:56:00,325.5999,325.5999,325.25,325.35,2917
2026-07-23 08:57:00,325.37,325.64,325.37,325.62,8077
2026-07-23 08:58:00,325.47,325.61,325.23,325.28,3363
2026-07-23 08:59:00,325.2,325.68,325.13,325.4733,8311
2026-07-23 09:00:00,325.52,325.78,325.19,325.63,5600
2026-07-23 09:01:00,325.5148,326.31,325.4401,326.12,6918
2026-07-23 09:02:00,325.8296,326.3,325.63,325.69,7325
2026-07-23 09:03:00,325.79,325.95,325.2,325.2,8587
2026-07-23 09:04:00,325.19,325.39,324.08,324.1,31198
2026-07-23 09:05:00,324.1,324.5993,323.93,324.4704,6314
2026-07-23 09:06:00,324.66,324.67,323.96,324.1268,5252
2026-07-23 09:07:00,324.15,324.5,324.0965,324.3,3761
2026-07-23 09:08:00,324.4726,324.4726,324.0238,324.09,8556
2026-07-23 09:09:00,324.23,324.29,323.74,324.04,11367
2026-07-23 09:10:00,324.02,324.21,323.95,323.98,8726
2026-07-23 09:11:00,323.9,323.98,323.39,323.53,18216
2026-07-23 09:12:00,323.506,323.99,323.3,323.99,4875
2026-07-23 09:13:00,323.86,324.0,323.69,323.73,7196
2026-07-23 09:14:00,323.74,323.8732,323.12,323.5,22239
2026-07-23 09:15:00,323.5,324.54,323.46,323.91,23331
2026-07-23 09:16:00,323.88,324.65,323.65,324.07,23265
2026-07-23 09:17:00,324.01,324.17,323.76,323.9,7153
2026-07-23 09:18:00,324.0,324.2,323.55,324.2,6671
2026-07-23 09:19:00,324.14,324.33,324.0,324.01,3805
2026-07-23 09:20:00,324.01,324.23,323.9,324.1623,5377
2026-07-23 09:21:00,324.1496,324.54,324.12,324.1764,9164
2026-07-23 09:22:00,324.32,324.39,323.83,324.3076,3457
2026-07-23 09:23:00,324.3077,324.79,324.17,324.79,14957
2026-07-23 09:24:00,324.9,324.9,324.31,324.6,4973
2026-07-23 09:25:00,324.74,325.58,323.7,324.1,26786
2026-07-23 09:26:00,324.06,324.06,323.65,323.65,15039
2026-07-23 09:27:00,323.76,323.79,322.0,323.26,51587
2026-07-23 09:28:00,323.13,323.13,321.42,322.42,29027
2026-07-23 09:29:00,322.28,322.57,321.46,321.46,39423
2026-07-23 09:30:00,321.45,323.35,320.4,322.74,1366619
2026-07-23 09:31:00,322.73,324.45,321.85,321.92,454348
2026-07-23 09:32:00,321.92,323.61,321.35,321.35,344928
2026-07-23 09:33:00,321.43,321.9,320.58,321.175,396610
2026-07-23 09:34:00,321.26,321.7592,320.66,320.82,284666
2026-07-23 09:35:00,320.8,321.11,320.12,320.7094,298626
2026-07-23 09:36:00,320.7095,322.19,320.5,321.335,322848
2026-07-23 09:37:00,321.335,322.13,320.63,320.82,296539
2026-07-23 09:38:00,320.835,322.09,320.77,321.435,201855
2026-07-23 09:39:00,321.4,322.37,321.4,321.975,165461
2026-07-23 09:40:00,321.97,322.46,321.05,322.28,237147
2026-07-23 09:41:00,322.27,322.42,320.72,321.01,212482
2026-07-23 09:42:00,320.97,321.79,320.84,321.07,183185
2026-07-23 09:43:00,321.125,321.31,320.31,320.77,211584
2026-07-23 09:44:00,320.75,321.52,320.1,320.175,196915
2026-07-23 09:45:00,320.12,320.41,319.42,319.75,396247
2026-07-23 09:46:00,319.7,320.06,318.8301,320.0595,205376
2026-07-23 09:47:00,320.0382,320.42,319.14,319.175,163750
2026-07-23 09:48:00,319.175,319.35,318.27,318.295,208295
2026-07-23 09:49:00,318.3,318.86,317.91,318.71,317945
2026-07-23 09:50:00,318.69,319.5895,318.61,319.47,163663
2026-07-23 09:51:00,319.47,319.89,319.17,319.81,155914
2026-07-23 09:52:00,319.775,320.32,319.615,320.165,147970
2026-07-23 09:53:00,320.165,320.45,319.69,320.45,160482
2026-07-23 09:54:00,320.45,320.82,320.29,320.63,161573
2026-07-23 09:55:00,320.63,321.13,319.9,320.105,251333
2026-07-23 09:56:00,320.09,320.67,319.81,320.07,102264
2026-07-23 09:57:00,320.05,320.2,319.64,320.12,83036
2026-07-23 09:58:00,320.07,320.3,319.58,320.11,83034
2026-07-23 09:59:00,320.06,320.33,319.98,320.15,65669
2026-07-23 10:00:00,320.215,320.96,320.17,320.585,107374
2026-07-23 10:01:00,320.559,320.64,319.6,319.7819,121152
2026-07-23 10:02:00,319.8,320.37,319.65,319.925,110697
2026-07-23 10:03:00,319.93,320.5,319.8,320.25,84317
2026-07-23 10:04:00,320.25,320.33,319.58,319.81,74791
2026-07-23 10:05:00,319.82,319.93,319.37,319.47,103025
2026-07-23 10:06:00,319.46,319.83,318.75,318.875,190300
2026-07-23 10:07:00,318.85,318.98,318.45,318.575,85783
2026-07-23 10:08:00,318.54,318.64,318.01,318.08,138518
2026-07-23 10:09:00,318.085,318.23,317.7,317.74,196547
2026-07-23 10:10:00,317.74,318.37,317.64,317.8,97708
2026-07-23 10:11:00,317.8,318.3,317.54,318.18,109940
2026-07-23 10:12:00,318.17,318.625,318.13,318.53,86376
2026-07-23 10:13:00,318.55,318.5632,318.1564,318.44,66635
2026-07-23 10:14:00,318.47,318.54,317.58,317.6597,95900
2026-07-23 10:15:00,317.58,317.96,317.39,317.88,97837
2026-07-23 10:16:00,317.88,318.2,317.61,318.13,79512
2026-07-23 10:17:00,318.11,318.3599,317.82,317.9399,72388
2026-07-23 10:18:00,317.9047,318.3,317.75,318.255,67082
2026-07-23 10:19:00,318.23,318.2997,317.79,317.935,70067
2026-07-23 10:20:00,317.96,318.04,317.53,317.715,64096
2026-07-23 10:21:00,317.74,318.04,317.71,317.85,97318
2026-07-23 10:22:00,317.84,317.93,317.3505,317.7599,115751
2026-07-23 10:23:00,317.7599,317.85,317.45,317.54,88058
2026-07-23 10:24:00,317.51,317.69,317.05,317.0505,62299
2026-07-23 10:25:00,317.085,317.26,316.86,316.99,154273
2026-07-23 10:26:00,316.99,317.33,316.59,317.26,86948
2026-07-23 10:27:00,317.26,317.28,316.78,317.05,70015
2026-07-23 10:28:00,317.1,318.15,317.1,317.56,115046
2026-07-23 10:29:00,317.565,318.32,317.46,318.04,83488
2026-07-23 10:30:00,318.04,318.2,317.77,317.915,70506
2026-07-23 10:31:00,317.85,318.23,317.76,318.07,57830
2026-07-23 10:32:00,318.0751,318.14,317.25,317.425,50473
2026-07-23 10:33:00,317.425,317.425,316.95,317.05,73685
2026-07-23 10:34:00,317.05,317.95,317.02,317.585,76911
2026-07-23 10:35:00,317.51,317.9,317.42,317.63,72878
2026-07-23 10:36:00,317.71,317.96,317.53,317.835,80401
2026-07-23 10:37:00,317.8201,319.1,317.76,319.0,125537
2026-07-23 10:38:00,319.05,319.14,318.56,319.115,115379
2026-07-23 10:39:00,319.13,319.59,318.86,319.26,142782
2026-07-23 10:40:00,319.25,319.62,319.0,319.0899,113862
2026-07-23 10:41:00,319.0679,319.14,318.7,318.88,140076
2026-07-23 10:42:00,318.81,319.01,318.57,318.7828,59113
2026-07-23 10:43:00,318.8199,318.93,318.47,318.5566,44278
2026-07-23 10:44:00,318.545,318.8799,318.48,318.72,49011
2026-07-23 10:45:00,318.67,318.7283,317.9101,318.01,75891
2026-07-23 10:46:00,318.0195,318.32,317.83,317.83,70090
2026-07-23 10:47:00,317.85,318.02,317.6401,317.895,63044
2026-07-23 10:48:00,317.875,318.03,317.4203,317.6,100802
2026-07-23 10:49:00,317.61,317.64,317.28,317.345,57444
2026-07-23 10:50:00,317.3101,317.41,316.8,317.27,110889
2026-07-23 10:51:00,317.285,317.41,317.01,317.2499,39148
2026-07-23 10:52:00,317.215,317.48,317.12,317.14,45430
2026-07-23 10:53:00,317.11,317.54,317.08,317.45,58948
2026-07-23 10:54:00,317.4469,317.46,317.18,317.2701,35827
2026-07-23 10:55:00,317.27,317.509,317.15,317.37,42100
2026-07-23 10:56:00,317.3381,317.55,317.22,317.55,40481
2026-07-23 10:57:00,317.55,317.99,317.4401,317.8,39162
2026-07-23 10:58:00,317.8,317.8299,317.02,317.13,76760
2026-07-23 10:59:00,317.1,317.26,317.0,317.0501,56451
2026-07-23 11:00:00,317.07,317.1899,316.6202,316.765,97908
2026-07-23 11:01:00,316.765,317.065,316.6,316.6,123457
2026-07-23 11:02:00,316.6422,316.91,316.45,316.7,144419
2026-07-23 11:03:00,316.62,317.02,316.55,316.695,108643
2026-07-23 11:04:00,316.695,316.77,316.25,316.29,104395
2026-07-23 11:05:00,316.31,316.55,316.16,316.4,131517
2026-07-23 11:06:00,316.4,316.46,315.88,316.11,186507
2026-07-23 11:07:00,316.095,316.17,315.89,316.088,102899
2026-07-23 11:08:00,316.115,316.51,316.01,316.235,78111
2026-07-23 11:09:00,316.235,316.28,315.76,315.89,97083
2026-07-23 11:10:00,315.87,316.12,315.59,316.005,69433
2026-07-23 11:11:00,316.005,316.01,315.75,315.8,63224
2026-07-23 11:12:00,315.77,316.0099,315.6,315.65,67861
2026-07-23 11:13:00,315.68,315.85,315.55,315.63,94745
2026-07-23 11:14:00,315.61,315.75,315.25,315.3201,116443
2026-07-23 11:15:00,315.36,315.427,314.89,315.09,309582
2026-07-23 11:16:00,315.11,315.36,315.0,315.18,74932
2026-07-23 11:17:00,315.2,315.41,315.1,315.33,56721
2026-07-23 11:18:00,315.325,315.84,315.25,315.8399,61744
2026-07-23 11:19:00,315.84,316.38,315.81,316.35,128264
2026-07-23 11:20:00,316.32,316.83,316.23,316.69,96028
2026-07-23 11:21:00,316.73,316.83,316.625,316.8,105200
2026-07-23 11:22:00,316.8,317.5,316.78,316.955,106023
2026-07-23 11:23:00,316.99,317.0558,316.74,316.75,55983
2026-07-23 11:24:00,316.73,316.77,316.5005,316.6,58687
2026-07-23 11:25:00,316.6,316.6,316.1,316.24,51439
2026-07-23 11:26:00,316.21,316.27,315.93,316.105,53715
2026-07-23 11:27:00,316.1,316.16,315.935,315.995,65204
2026-07-23 11:28:00,316.0,316.5899,315.995,316.49,46891
2026-07-23 11:29:00,316.53,316.62,316.26,316.59,34968
2026-07-23 11:30:00,316.61,316.86,316.5404,316.71,52727
2026-07-23 11:31:00,316.6904,317.27,316.66,317.1999,48648
2026-07-23 11:32:00,317.185,317.56,317.14,317.34,57395
2026-07-23 11:33:00,317.38,317.4499,317.03,317.29,34283
2026-07-23 11:34:00,317.29,317.45,317.21,317.36,36315
2026-07-23 11:35:00,317.33,317.57,317.2,317.47,39125
2026-07-23 11:36:00,317.51,317.54,317.2,317.504,42525
2026-07-23 11:37:00,317.505,317.79,317.39,317.74,43260
2026-07-23 11:38:00,317.75,318.0,317.72,317.97,51059
2026-07-23 11:39:00,317.955,318.57,317.92,318.5198,147032
2026-07-23 11:40:00,318.47,318.84,318.42,318.7584,101910
2026-07-23 11:41:00,318.68,318.78,318.31,318.445,58813
2026-07-23 11:42:00,318.47,318.61,317.9,318.055,81707
2026-07-23 11:43:00,318.03,318.3099,317.96,317.96,61974
2026-07-23 11:44:00,317.94,318.2199,317.88,318.14,54137
2026-07-23 11:45:00,318.17,318.27,318.08,318.12,35935
2026-07-23 11:46:00,318.06,318.2399,318.02,318.0963,41498
2026-07-23 11:47:00,318.06,318.4,317.71,318.39,65697
2026-07-23 11:48:00,318.4,318.82,318.31,318.8,72149
2026-07-23 11:49:00,318.8,319.17,318.75,318.91,73324
2026-07-23 11:50:00,318.915,318.98,318.68,318.91,55801
2026-07-23 11:51:00,318.905,319.26,318.68,319.175,70482
2026-07-23 11:52:00,319.2,319.43,319.09,319.3,64272
2026-07-23 11:53:00,319.325,319.54,319.14,319.46,76085
2026-07-23 11:54:00,319.4,319.8,319.3616,319.59,56135
2026-07-23 11:55:00,319.55,319.62,319.27,319.47,71687
2026-07-23 11:56:00,319.48,319.65,319.446,319.495,55910
2026-07-23 11:57:00,319.4816,319.75,319.47,319.64,59045
2026-07-23 11:58:00,319.65,319.73,319.34,319.34,40108
2026-07-23 11:59:00,319.4,319.59,319.25,319.29,36413
2026-07-23 12:00:00,319.295,319.59,319.27,319.5,41966
2026-07-23 12:01:00,319.5,319.55,318.98,319.295,60469
2026-07-23 12:02:00,319.285,319.34,319.0,319.06,48916
2026-07-23 12:03:00,319.02,319.045,318.54,318.59,65397
2026-07-23 12:04:00,318.62,318.68,318.37,318.68,50894
2026-07-23 12:05:00,318.67,319.07,318.55,318.85,34199
2026-07-23 12:06:00,318.85,319.22,318.8009,319.075,28649
2026-07-23 12:07:00,319.11,319.7,319.0301,319.66,54997
2026-07-23 12:08:00,319.689,319.99,319.63,319.895,111538
2026-07-23 12:09:00,319.94,320.4399,319.94,320.335,90534
2026-07-23 12:10:00,320.32,320.49,320.085,320.16,56935
2026-07-23 12:11:00,320.14,320.37,320.02,320.1775,52304
2026-07-23 12:12:00,320.17,320.32,320.01,320.145,56744
2026-07-23 12:13:00,320.145,320.43,320.09,320.2785,61753
2026-07-23 12:14:00,320.21,320.43,320.02,320.18,50149
2026-07-23 12:15:00,320.2099,320.5284,320.165,320.41,93791
2026-07-23 12:16:00,320.41,320.62,320.25,320.26,144974
2026-07-23 12:17:00,320.27,320.85,320.22,320.83,54036
2026-07-23 12:18:00,320.8,321.12,320.78,320.9025,128497
2026-07-23 12:19:00,320.92,320.92,320.3,320.72,75598
2026-07-23 12:20:00,320.675,320.71,320.37,320.67,71830
2026-07-23 12:21:00,320.635,320.7,320.3,320.41,78403
2026-07-23 12:22:00,320.4199,320.79,320.4,320.695,39862
2026-07-23 12:23:00,320.7,320.86,320.54,320.835,60712
2026-07-23 12:24:00,320.85,321.2,320.72,320.81,85363
2026-07-23 12:25:00,320.8,320.97,320.7,320.91,56254
2026-07-23 12:26:00,320.89,321.19,320.81,321.06,84651
2026-07-23 12:27:00,321.08,321.49,320.96,321.43,73818
2026-07-23 12:28:00,321.43,321.6,321.12,321.145,80662
2026-07-23 12:29:00,321.17,321.23,320.81,320.97,83443
2026-07-23 12:30:00,320.93,321.25,320.81,321.155,62919
2026-07-23 12:31:00,321.15,321.1591,320.65,320.79,47889
2026-07-23 12:32:00,320.76,321.24,320.73,321.2147,44145
2026-07-23 12:33:00,321.23,321.46,320.87,320.98,52825
2026-07-23 12:34:00,320.95,321.01,320.28,320.32,85891
2026-07-23 12:35:00,320.32,320.5816,319.89,320.065,113941
2026-07-23 12:36:00,320.065,320.29,319.7,320.2583,71528
2026-07-23 12:37:00,320.28,320.41,319.89,319.91,33634
2026-07-23 12:38:00,319.89,319.915,319.5304,319.62,29453
2026-07-23 12:39:00,319.62,319.77,319.45,319.6799,21175
2026-07-23 12:40:00,319.62,319.77,319.28,319.4,32071
2026-07-23 12:41:00,319.3,319.56,319.3,319.4785,30410
2026-07-23 12:42:00,319.45,319.62,319.3,319.38,32683
2026-07-23 12:43:00,319.37,319.52,319.28,319.44,24491
2026-07-23 12:44:00,319.41,319.58,319.13,319.14,29679
2026-07-23 12:45:00,319.14,319.14,318.83,318.99,52206
2026-07-23 12:46:00,319.0,319.34,318.88,319.31,83694
2026-07-23 12:47:00,319.29,319.3281,319.07,319.07,61672
2026-07-23 12:48:00,319.085,319.35,318.91,319.25,90621
2026-07-23 12:49:00,319.25,319.515,319.16,319.45,104795
2026-07-23 12:50:00,319.45,319.45,319.12,319.34,47900
2026-07-23 12:51:00,319.33,319.36,319.17,319.19,16666
2026-07-23 12:52:00,319.2199,319.28,318.97,319.045,33386
2026-07-23 12:53:00,319.03,319.47,319.0,319.32,23192
2026-07-23 12:54:00,319.335,319.61,319.26,319.4452,41245
2026-07-23 12:55:00,319.37,319.62,319.31,319.555,48567
2026-07-23 12:56:00,319.51,319.6,319.32,319.5,33097
2026-07-23 12:57:00,319.525,319.55,319.25,319.52,31688
2026-07-23 12:58:00,319.52,319.55,319.3,319.36,30271
2026-07-23 12:59:00,319.36,320.09,319.34,320.04,46272
2026-07-23 13:00:00,320.03,320.045,319.75,319.775,39460
2026-07-23 13:01:00,319.81,319.9798,319.5,319.5656,43291
2026-07-23 13:02:00,319.58,319.68,319.36,319.59,43312
2026-07-23 13:03:00,319.59,319.8699,319.5,319.82,32354
2026-07-23 13:04:00,319.81,319.85,319.5,319.83,36819
2026-07-23 13:05:00,319.79,320.065,319.71,319.85,54478
2026-07-23 13:06:00,319.84,320.11,319.745,319.95,25358
2026-07-23 13:07:00,319.94,319.95,319.55,319.69,26712
2026-07-23 13:08:00,319.685,319.865,319.61,319.82,38900
2026-07-23 13:09:00,319.82,320.1,319.63,320.03,26675
2026-07-23 13:10:00,320.03,320.2,319.87,320.055,30400
2026-07-23 13:11:00,320.055,320.25,319.71,319.845,42950
2026-07-23 13:12:00,319.86,319.8999,319.68,319.82,23971
2026-07-23 13:13:00,319.82,319.93,319.65,319.885,25795
2026-07-23 13:14:00,319.89,320.25,319.89,320.135,35316
2026-07-23 13:15:00,320.12,320.2,320.0,320.045,19446
2026-07-23 13:16:00,320.08,320.26,320.03,320.08,26809
2026-07-23 13:17:00,320.04,320.21,320.0,320.085,23004
2026-07-23 13:18:00,320.08,320.32,320.05,320.28,33464
2026-07-23 13:19:00,320.27,320.33,320.0,320.22,37763
2026-07-23 13:20:00,320.235,320.51,320.16,320.505,39590
2026-07-23 13:21:00,320.505,320.75,320.505,320.67,30983
2026-07-23 13:22:00,320.675,320.6999,320.27,320.31,24024
2026-07-23 13:23:00,320.29,320.65,320.2,320.65,33574
2026-07-23 13:24:00,320.66,320.9899,320.61,320.87,35682
2026-07-23 13:25:00,320.89,320.8999,320.69,320.72,24698
2026-07-23 13:26:00,320.72,320.88,320.68,320.8,28831
2026-07-23 13:27:00,320.82,320.98,320.71,320.905,21286
2026-07-23 13:28:00,320.92,320.94,320.53,320.59,25342
2026-07-23 13:29:00,320.6499,320.69,320.4,320.48,26795
2026-07-23 13:30:00,320.48,320.53,320.16,320.38,41666
2026-07-23 13:31:00,320.33,320.53,320.25,320.445,38522
2026-07-23 13:32:00,320.445,320.47,320.15,320.1628,31340
2026-07-23 13:33:00,320.19,320.26,319.96,319.98,70405
2026-07-23 13:34:00,320.01,320.38,319.9501,320.205,35222
2026-07-23 13:35:00,320.19,320.24,319.85,319.8729,22794
2026-07-23 13:36:00,319.895,319.9799,319.83,319.895,26705
2026-07-23 13:37:00,319.89,319.92,319.77,319.865,52463
2026-07-23 13:38:00,319.88,320.08,319.65,319.685,44401
2026-07-23 13:39:00,319.68,319.9009,319.6,319.83,62181
2026-07-23 13:40:00,319.85,319.94,319.66,319.66,45185
2026-07-23 13:41:00,319.68,319.71,319.56,319.665,61874
2026-07-23 13:42:00,319.64,319.86,319.64,319.73,31262
2026-07-23 13:43:00,319.71,319.87,319.67,319.87,22729
2026-07-23 13:44:00,319.88,320.0,319.82,319.9,21598
2026-07-23 13:45:00,319.87,320.0,319.7005,319.99,23004
2026-07-23 13:46:00,319.99,320.0,319.8127,319.84,35264
2026-07-23 13:47:00,319.8538,319.9509,319.65,319.78,38295
2026-07-23 13:48:00,319.8099,319.86,319.75,319.78,24939
2026-07-23 13:49:00,319.77,319.8899,319.6101,319.75,29304
2026-07-23 13:50:00,319.71,319.835,319.53,319.5305,34482
2026-07-23 13:51:00,319.53,319.62,319.36,319.49,71939
2026-07-23 13:52:00,319.485,319.82,319.46,319.73,33885
2026-07-23 13:53:00,319.74,320.07,319.74,319.97,29953
2026-07-23 13:54:00,319.94,320.0899,319.76,319.8,31605
2026-07-23 13:55:00,319.77,319.7999,319.54,319.62,25278
2026-07-23 13:56:00,319.645,319.73,319.5301,319.72,25953
2026-07-23 13:57:00,319.74,319.8399,319.62,319.645,25907
2026-07-23 13:58:00,319.645,319.65,319.42,319.5,59513
2026-07-23 13:59:00,319.52,319.83,319.47,319.785,38666
2026-07-23 14:00:00,319.77,320.1,319.73,320.1,31659
2026-07-23 14:01:00,320.095,320.17,319.78,319.905,35392
2026-07-23 14:02:00,319.905,320.24,319.84,320.1,32950
2026-07-23 14:03:00,320.11,320.23,320.0,320.1642,22522
2026-07-23 14:04:00,320.14,320.3,319.98,320.19,30463
2026-07-23 14:05:00,320.205,320.27,319.95,319.99,23878
2026-07-23 14:06:00,319.96,320.14,319.9,320.05,20151
2026-07-23 14:07:00,320.05,320.14,319.98,320.09,18508
2026-07-23 14:08:00,320.109,320.14,319.82,319.85,31930
2026-07-23 14:09:00,319.85,320.11,319.79,320.04,24222
2026-07-23 14:10:00,320.05,320.19,319.995,320.1,34380
2026-07-23 14:11:00,320.08,320.09,319.9,320.06,22240
2026-07-23 14:12:00,320.08,320.25,320.04,320.2299,26864
2026-07-23 14:13:00,320.195,320.45,320.12,320.45,40800
2026-07-23 14:14:00,320.425,320.45,320.32,320.37,35561
2026-07-23 14:15:00,320.35,320.47,320.29,320.29,29972
2026-07-23 14:16:00,320.28,320.52,320.26,320.37,25188
2026-07-23 14:17:00,320.38,320.51,320.29,320.305,24164
2026-07-23 14:18:00,320.28,320.35,320.15,320.17,30104
2026-07-23 14:19:00,320.21,320.23,320.09,320.195,30489
2026-07-23 14:20:00,320.2,320.2,320.06,320.1501,19255
2026-07-23 14:21:00,320.1501,320.27,320.1,320.175,21983
2026-07-23 14:22:00,320.1601,320.21,319.96,319.98,38987
2026-07-23 14:23:00,320.0175,320.24,319.96,320.205,28241
2026-07-23 14:24:00,320.205,320.27,320.13,320.175,19080
2026-07-23 14:25:00,320.175,320.1999,319.86,319.905,20527
2026-07-23 14:26:00,319.93,320.15,319.82,319.83,45061
2026-07-23 14:27:00,319.845,319.96,319.8,319.845,22883
2026-07-23 14:28:00,319.83,320.02,319.77,319.855,20609
2026-07-23 14:29:00,319.8301,319.9599,319.83,319.91,27022
2026-07-23 14:30:00,319.91,319.9299,319.675,319.745,22438
2026-07-23 14:31:00,319.745,319.78,319.55,319.66,22975
2026-07-23 14:32:00,319.65,319.67,319.49,319.55,31822
2026-07-23 14:33:00,319.57,319.79,319.57,319.755,33689
2026-07-23 14:34:00,319.76,319.83,319.64,319.7,19224
2026-07-23 14:35:00,319.65,319.6842,319.34,319.4201,33215
2026-07-23 14:36:00,319.34,319.51,319.34,319.49,20475
2026-07-23 14:37:00,319.49,319.5,319.13,319.13,41309
2026-07-23 14:38:00,319.13,319.23,318.9401,319.03,42980
2026-07-23 14:39:00,319.03,319.11,318.87,319.02,25487
2026-07-23 14:40:00,319.02,319.02,318.82,318.84,33569
2026-07-23 14:41:00,318.84,318.8699,318.6,318.625,32685
2026-07-23 14:42:00,318.625,319.09,318.61,319.04,35130
2026-07-23 14:43:00,319.065,319.24,319.05,319.17,36479
2026-07-23 14:44:00,319.195,319.21,319.06,319.13,26053
2026-07-23 14:45:00,319.14,319.44,319.11,319.27,35418
2026-07-23 14:46:00,319.265,319.34,319.1462,319.2801,24401
2026-07-23 14:47:00,319.29,319.385,319.2,319.345,17652
2026-07-23 14:48:00,319.33,319.35,319.18,319.18,14077
2026-07-23 14:49:00,319.18,319.28,319.14,319.2,13594
2026-07-23 14:50:00,319.22,319.54,319.22,319.34,37072
2026-07-23 14:51:00,319.36,319.42,319.25,319.365,16258
2026-07-23 14:52:00,319.365,319.49,319.31,319.45,34297
2026-07-23 14:53:00,319.46,319.55,319.36,319.4182,24431
2026-07-23 14:54:00,319.43,319.43,319.09,319.095,19932
2026-07-23 14:55:00,319.07,319.14,318.62,318.76,59348
2026-07-23 14:56:00,318.76,318.81,318.41,318.68,66312
2026-07-23 14:57:00,318.7199,318.89,318.6,318.825,44925
2026-07-23 14:58:00,318.84,318.94,318.6501,318.75,25629
2026-07-23 14:59:00,318.75,318.86,318.63,318.79,33606
2026-07-23 15:00:00,318.81,319.16,318.74,319.15,31708
2026-07-23 15:01:00,319.15,319.16,318.97,319.035,44349
2026-07-23 15:02:00,319.02,319.1,318.97,318.99,19212
2026-07-23 15:03:00,319.0,319.06,318.8,318.805,43283
2026-07-23 15:04:00,318.8,318.87,318.75,318.77,33674
2026-07-23 15:05:00,318.7795,318.89,318.61,318.84,27216
2026-07-23 15:06:00,318.82,318.84,318.61,318.63,21285
2026-07-23 15:07:00,318.66,318.83,318.52,318.555,29637
2026-07-23 15:08:00,318.535,318.7099,318.44,318.65,24534
2026-07-23 15:09:00,318.665,318.6899,318.4,318.42,35105
2026-07-23 15:10:00,318.41,318.56,318.38,318.39,28560
2026-07-23 15:11:00,318.3924,318.4,318.21,318.3645,42095
2026-07-23 15:12:00,318.37,318.69,318.34,318.47,33267
2026-07-23 15:13:00,318.4522,318.61,318.39,318.58,31011
2026-07-23 15:14:00,318.56,318.62,318.36,318.435,57039
2026-07-23 15:15:00,318.45,318.55,318.33,318.4,32105
2026-07-23 15:16:00,318.41,318.47,318.29,318.355,73312
2026-07-23 15:17:00,318.38,318.5,318.3,318.46,34491
2026-07-23 15:18:00,318.445,318.59,318.34,318.52,39328
2026-07-23 15:19:00,318.51,318.54,318.36,318.42,26844
2026-07-23 15:20:00,318.39,318.67,318.38,318.55,34341
2026-07-23 15:21:00,318.56,318.91,318.45,318.68,51189
2026-07-23 15:22:00,318.72,318.77,318.63,318.64,39164
2026-07-23 15:23:00,318.66,318.6882,318.52,318.56,32681
2026-07-23 15:24:00,318.55,318.6,318.28,318.35,38870
2026-07-23 15:25:00,318.36,318.54,318.27,318.46,44022
2026-07-23 15:26:00,318.45,318.57,318.4,318.52,40925
2026-07-23 15:27:00,318.52,318.87,318.475,318.855,36162
2026-07-23 15:28:00,318.8,318.99,318.67,318.755,40200
2026-07-23 15:29:00,318.77,318.77,318.55,318.55,31172
2026-07-23 15:30:00,318.54,318.7175,318.37,318.65,35732
2026-07-23 15:31:00,318.6638,318.7018,318.25,318.66,29891
2026-07-23 15:32:00,318.64,318.78,318.5,318.69,30099
2026-07-23 15:33:00,318.68,318.9,318.52,318.8,34757
2026-07-23 15:34:00,318.76,318.84,318.63,318.645,47914
2026-07-23 15:35:00,318.64,318.72,318.49,318.4933,38741
2026-07-23 15:36:00,318.5,318.56,318.21,318.21,33633
2026-07-23 15:37:00,318.24,318.33,318.15,318.3191,45776
2026-07-23 15:38:00,318.295,318.41,318.26,318.3,43246
2026-07-23 15:39:00,318.315,318.33,317.91,318.225,121867
2026-07-23 15:40:00,318.18,318.45,318.14,318.185,58647
2026-07-23 15:41:00,318.2299,318.2299,317.98,318.08,39426
2026-07-23 15:42:00,318.075,318.11,317.78,317.87,73450
2026-07-23 15:43:00,317.895,318.2,317.89,318.06,83986
2026-07-23 15:44:00,318.06,318.42,318.03,318.38,43820
2026-07-23 15:45:00,318.34,318.77,318.29,318.68,70157
2026-07-23 15:46:00,318.7,319.22,318.41,319.18,89914
2026-07-23 15:47:00,319.19,319.28,319.0,319.01,54625
2026-07-23 15:48:00,319.0,319.0,318.46,318.56,70605
2026-07-23 15:49:00,318.5241,318.5752,318.28,318.315,82307
2026-07-23 15:50:00,318.34,318.9,318.21,318.8,100672
2026-07-23 15:51:00,318.79,318.97,318.64,318.67,93339
2026-07-23 15:52:00,318.67,318.77,318.56,318.66,94165
2026-07-23 15:53:00,318.69,318.93,318.33,318.87,150118
2026-07-23 15:54:00,318.89,319.36,318.85,319.06,158814
2026-07-23 15:55:00,319.15,319.3099,319.0,319.13,162821
2026-07-23 15:56:00,319.11,319.2,318.85,318.93,121990
2026-07-23 15:57:00,318.935,318.98,318.25,318.3,221317
2026-07-23 15:58:00,318.31,318.7795,318.24,318.37,265885
2026-07-23 15:59:00,318.39,318.47,318.09,318.27,519771
2026-07-23 16:00:00,318.31,318.76,318.06,318.06,3355409
2026-07-23 16:01:00,318.2,318.31,318.1,318.14,9213
2026-07-23 16:02:00,318.22,318.31,318.16,318.16,13053
2026-07-23 16:03:00,318.272,318.3167,318.14,318.22,11175
2026-07-23 16:04:00,318.13,318.13,317.51,317.6432,9059
2026-07-23 16:05:00,317.55,318.01,317.5,317.7572,6475
2026-07-23 16:06:00,317.7722,317.989,317.75,317.7791,3942
2026-07-23 16:07:00,317.7991,318.0,317.6,317.99,4217
2026-07-23 16:08:00,317.91,318.28,317.79,318.28,11773
2026-07-23 16:09:00,318.0037,318.23,318.0037,318.19,5091
2026-07-23 16:10:00,318.1677,318.3768,318.1677,318.26,8887
2026-07-23 16:11:00,318.29,318.32,318.25,318.2568,3017
2026-07-23 16:12:00,318.25,318.32,318.18,318.32,5009
2026-07-23 16:13:00,318.32,318.4,318.2,318.3123,4800
2026-07-23 16:14:00,318.24,318.25,318.09,318.21,1082
2026-07-23 16:15:00,318.1139,318.22,318.09,318.22,6286
2026-07-23 16:16:00,318.28,318.63,318.28,318.41,11684
2026-07-23 16:17:00,318.5658,318.629,318.43,318.629,4510
2026-07-23 16:18:00,318.63,318.63,318.55,318.59,2678
2026-07-23 16:19:00,318.5806,318.6,318.44,318.4558,2034
2026-07-23 16:20:00,318.52,318.61,318.44,318.44,484
2026-07-23 16:21:00,318.47,318.4938,318.44,318.44,1974
2026-07-23 16:22:00,318.48,318.92,318.48,318.8547,4128
2026-07-23 16:23:00,318.9092,318.92,318.85,318.85,1516
2026-07-23 16:24:00,318.92,319.1,318.92,318.9343,1412
2026-07-23 16:25:00,318.964,318.9676,318.86,318.87,2019
2026-07-23 16:26:00,318.9329,318.9329,318.76,318.8671,1637
2026-07-23 16:27:00,318.88,318.88,318.81,318.88,1141
2026-07-23 16:28:00,318.95,318.9761,318.85,318.9761,3061
2026-07-23 16:29:00,318.91,318.94,318.91,318.94,299
2026-07-23 16:30:00,319.0,319.0,318.9,319.0,4135
2026-07-23 16:31:00,319.09,319.21,319.03,319.07,955
2026-07-23 16:32:00,319.017,319.25,319.017,319.1301,3607
2026-07-23 16:33:00,319.25,319.3,319.16,319.2372,1928
2026-07-23 16:34:00,319.1219,319.5,319.1219,319.5,2762
2026-07-23 16:35:00,319.4899,319.5,319.31,319.3123,3348
2026-07-23 16:36:00,319.2401,319.3,319.21,319.21,1089
2026-07-23 16:37:00,319.28,319.4146,319.28,319.4146,282
2026-07-23 16:38:00,319.29,319.448,319.29,319.38,765
2026-07-23 16:39:00,319.33,319.4,319.21,319.38,3792
2026-07-23 16:40:00,319.38,319.38,319.1315,319.1315,744
2026-07-23 16:41:00,319.13,319.3213,319.12,319.1339,1947
2026-07-23 16:42:00,319.19,319.21,319.19,319.21,199
2026-07-23 16:43:00,319.15,319.15,319.0,319.0,1651
2026-07-23 16:44:00,319.0011,319.109,319.0,319.074,1542
2026-07-23 16:45:00,319.0185,319.0185,318.9139,318.9139,1437
2026-07-23 16:46:00,319.0,319.0,318.9004,318.96,1867
2026-07-23 16:47:00,318.98,318.98,318.8651,318.8651,822
2026-07-23 16:48:00,319.0,319.0399,319.0,319.0399,3566
2026-07-23 16:49:00,319.029,319.04,318.9565,318.96,1371
2026-07-23 16:50:00,318.91,319.04,318.86,319.04,396
2026-07-23 16:51:00,319.04,319.04,318.9808,319.0,650
2026-07-23 16:52:00,318.95,319.1,318.91,319.1,2203
2026-07-23 16:53:00,319.05,319.1,319.0,319.0,590
2026-07-23 16:54:00,319.05,319.05,319.02,319.02,210
2026-07-23 16:55:00,319.04,319.1,319.028,319.1,351
2026-07-23 16:56:00,319.04,319.1,319.025,319.05,2226
2026-07-23 16:57:00,319.01,319.22,319.01,319.22,2468
2026-07-23 16:58:00,319.19,319.24,319.14,319.2,535
2026-07-23 16:59:00,319.08,319.1976,319.08,319.1976,231
2026-07-23 17:00:00,319.16,319.22,319.02,319.22,13361
2026-07-23 17:01:00,319.19,319.2,319.1577,319.1589,471
2026-07-23 17:02:00,319.22,319.34,319.22,319.3,1054
2026-07-23 17:03:00,319.3,319.38,319.29,319.29,1431
2026-07-23 17:04:00,319.25,319.45,319.25,319.35,3474
2026-07-23 17:05:00,319.3,319.3955,319.26,319.31,493
2026-07-23 17:06:00,319.309,319.3998,319.309,319.3998,455
2026-07-23 17:07:00,319.3215,319.399,319.04,319.04,2020
2026-07-23 17:08:00,319.05,319.2588,319.05,319.2588,190
2026-07-23 17:09:00,319.15,319.28,319.15,319.2394,620
2026-07-23 17:10:00,319.3654,319.3728,319.25,319.25,449
2026-07-23 17:11:00,319.3,319.3923,319.2592,319.2592,400
2026-07-23 17:12:00,319.37,319.37,319.21,319.3356,779
2026-07-23 17:13:00,319.24,319.34,319.21,319.21,140
2026-07-23 17:14:00,319.2,319.27,319.2,319.2,345
2026-07-23 17:15:00,319.3,319.3,319.3,319.3,100
2026-07-23 17:16:00,319.29,319.29,319.0508,319.07,2548
2026-07-23 17:17:00,319.206,319.24,319.13,319.24,1615
2026-07-23 17:18:00,319.2389,319.27,319.1536,319.23,1007
2026-07-23 17:19:00,319.23,319.23,319.13,319.22,1838
2026-07-23 17:20:00,319.13,319.17,318.9,318.9,5015
2026-07-23 17:21:00,318.8813,319.0,318.88,318.91,535
2026-07-23 17:22:00,319.0,319.0902,318.9707,319.08,900
2026-07-23 17:23:00,319.0,319.0,318.8921,318.9434,589
2026-07-23 17:24:00,318.96,319.0,318.9441,319.0,821
2026-07-23 17:25:00,318.88,319.0,318.8,318.9487,3873
2026-07-23 17:26:00,318.95,318.95,318.75,318.8,599
2026-07-23 17:27:00,318.71,318.75,318.7,318.7001,2053
2026-07-23 17:28:00,318.7,318.8,318.7,318.71,1206
2026-07-23 17:29:00,318.7191,318.8,318.63,318.63,4766
2026-07-23 17:30:00,318.85,318.85,318.85,318.85,249
2026-07-23 17:31:00,318.8,318.8025,318.7908,318.7908,914
2026-07-23 17:32:00,318.8,318.8,318.7987,318.8,443
2026-07-23 17:33:00,318.8,318.8407,318.7913,318.7913,1197
2026-07-23 17:34:00,318.79,318.85,318.79,318.85,307
2026-07-23 17:35:00,318.8793,318.8793,318.8793,318.8793,100
2026-07-23 17:36:00,318.94,318.94,318.94,318.94,100
2026-07-23 17:37:00,318.96,318.96,318.9,318.9,390
2026-07-23 17:38:00,318.9383,318.9383,318.9383,318.9383,150
2026-07-23 17:39:00,318.94,318.94,318.91,318.91,200
2026-07-23 17:40:00,318.9,318.9,318.8662,318.8662,346
2026-07-23 17:41:00,318.9,318.9,318.88,318.88,369
2026-07-23 17:42:00,318.8992,318.8992,318.88,318.881,334
2026-07-23 17:43:00,318.9,318.9,318.79,318.9,1468
2026-07-23 17:44:00,318.8914,318.9,318.85,318.88,915
2026-07-23 17:45:00,318.8402,318.8402,318.8285,318.83,856
2026-07-23 17:46:00,318.89,318.98,318.89,318.98,2880
2026-07-23 17:47:00,318.98,318.99,318.9701,318.99,1467
2026-07-23 17:48:00,318.99,319.0,318.9846,319.0,190
2026-07-23 17:49:00,318.9746,319.0,318.97,319.0,577
2026-07-23 17:50:00,318.97,318.9999,318.96,318.9954,558
2026-07-23 17:51:00,318.98,319.01,318.98,319.01,650
2026-07-23 17:52:00,319.0011,319.1172,319.0011,319.07,868
2026-07-23 17:53:00,319.1299,319.1299,319.1299,319.1299,130
2026-07-23 17:54:00,319.14,319.14,319.1023,319.1338,325
2026-07-23 17:55:00,319.1399,319.14,319.1,319.1,230
2026-07-23 17:56:00,319.07,319.0818,319.0224,319.0224,500
2026-07-23 17:57:00,319.0776,319.09,319.0776,319.09,885
2026-07-23 17:58:00,319.08,319.09,319.06,319.09,1472
2026-07-23 17:59:00,319.0915,319.1,319.0679,319.0679,210
2026-07-23 18:00:00,319.1,319.14,319.1,319.1265,321
2026-07-23 18:01:00,319.15,319.2,319.0,319.11,1202
2026-07-23 18:02:00,319.23,319.23,318.99,318.99,140
2026-07-23 18:03:00,319.04,319.27,319.04,319.27,400
2026-07-23 18:04:00,319.165,319.28,319.165,319.28,1554
2026-07-23 18:05:00,319.3,319.36,319.3,319.36,373
2026-07-23 18:06:00,319.39,319.3999,319.3706,319.3952,544
2026-07-23 18:07:00,319.4,319.45,319.3001,319.3001,1574
2026-07-23 18:08:00,319.41,319.41,319.41,319.41,149
2026-07-23 18:09:00,319.4968,319.4968,319.47,319.47,350
2026-07-23 18:10:00,319.3981,319.3981,319.3,319.3162,1147
2026-07-23 18:11:00,319.3161,319.33,319.21,319.21,1415
2026-07-23 18:12:00,319.1848,319.33,319.1848,319.33,276
2026-07-23 18:13:00,319.25,319.32,319.25,319.3199,399
2026-07-23 18:14:00,319.23,319.33,319.23,319.3021,844
2026-07-23 18:15:00,319.33,319.33,319.3,319.33,745
2026-07-23 18:16:00,319.3994,319.3994,319.3994,319.3994,50
2026-07-23 18:17:00,319.5,319.5,319.5,319.5,240
2026-07-23 18:18:00,319.4977,319.57,319.4977,319.5601,1944
2026-07-23 18:19:00,319.598,319.5986,319.5418,319.5418,450
2026-07-23 18:20:00,319.522,319.54,319.52,319.54,148
2026-07-23 18:21:00,319.456,319.456,319.3139,319.39,1858
2026-07-23 18:22:00,319.3412,319.4,319.3412,319.4,1015
2026-07-23 18:23:00,319.53,319.5384,319.53,319.5384,102
2026-07-23 18:24:00,319.49,319.53,319.49,319.53,180
2026-07-23 18:25:00,319.4961,319.5199,319.4961,319.5199,849
2026-07-23 18:27:00,319.4352,319.4352,319.4352,319.4352,200
2026-07-23 18:28:00,319.49,319.49,319.39,319.39,518
2026-07-23 18:29:00,319.36,319.36,319.34,319.34,470
2026-07-23 18:30:00,319.3,319.49,319.3,319.45,821
2026-07-23 18:31:00,319.5,319.51,319.46,319.5097,801
2026-07-23 18:32:00,319.51,319.55,319.48,319.55,1647
2026-07-23 18:33:00,319.55,319.57,319.55,319.57,285
2026-07-23 18:34:00,319.583,319.583,319.48,319.49,5098
2026-07-23 18:35:00,319.4831,319.56,319.48,319.5001,818
2026-07-23 18:36:00,319.5,319.5,319.5,319.5,85
2026-07-23 18:37:00,319.54,319.54,319.54,319.54,50
2026-07-23 18:38:00,319.47,319.47,319.42,319.42,670
2026-07-23 18:39:00,319.48,319.59,319.48,319.59,5388
2026-07-23 18:40:00,319.6,319.68,319.6,319.61,702
2026-07-23 18:41:00,319.55,319.76,319.55,319.76,1087
2026-07-23 18:42:00,319.73,319.8246,319.7,319.8246,1396
2026-07-23 18:43:00,319.82,319.84,319.5742,319.79,947
2026-07-23 18:44:00,319.75,319.84,319.75,319.84,247
2026-07-23 18:45:00,319.77,319.78,319.77,319.78,215
2026-07-23 18:46:00,319.81,319.85,319.81,319.84,766
2026-07-23 18:47:00,319.85,319.85,319.85,319.85,73
2026-07-23 18:48:00,319.8438,319.89,319.8438,319.87,744
2026-07-23 18:49:00,319.86,319.89,319.8,319.89,395
2026-07-23 18:50:00,319.87,319.87,319.7816,319.7816,200
2026-07-23 18:51:00,319.8017,319.8017,319.8017,319.8017,100
2026-07-23 18:52:00,319.7824,319.89,319.7824,319.89,362
2026-07-23 18:53:00,319.86,319.86,319.8,319.8,510
2026-07-23 18:54:00,319.8635,319.95,319.8635,319.95,2639
2026-07-23 18:55:00,319.97,320.0,319.87,319.87,1305
2026-07-23 18:56:00,319.97,319.97,319.85,319.9,242
2026-07-23 18:57:00,319.9,319.97,319.9,319.95,1144
2026-07-23 18:58:00,319.94,319.97,319.9005,319.97,898
2026-07-23 18:59:00,319.9293,319.97,319.91,319.91,301
2026-07-23 19:00:00,319.97,319.97,319.9592,319.9592,116
2026-07-23 19:01:00,319.91,319.95,319.91,319.9499,612
2026-07-23 19:02:00,319.95,320.0,319.86,319.86,4521
2026-07-23 19:03:00,319.95,319.95,319.86,319.86,300
2026-07-23 19:04:00,319.93,319.99,319.84,319.84,1909
2026-07-23 19:05:00,319.92,319.93,319.9176,319.93,299
2026-07-23 19:06:00,319.8,319.8886,319.8,319.8,285
2026-07-23 19:07:00,319.9,319.9,319.9,319.9,150
2026-07-23 19:08:00,319.849,319.849,319.849,319.849,150
2026-07-23 19:10:00,319.83,319.88,319.82,319.82,1201
2026-07-23 19:11:00,319.82,319.82,319.8,319.8,714
2026-07-23 19:12:00,319.8294,319.9864,319.8294,319.9864,150
2026-07-23 19:13:00,319.92,319.92,319.92,319.92,100
2026-07-23 19:14:00,319.9784,319.9784,319.9,319.9,660
2026-07-23 19:16:00,319.8938,319.8938,319.8938,319.8938,100
2026-07-23 19:17:00,319.92,319.92,319.8,319.82,434
2026-07-23 19:18:00,319.82,319.88,319.8,319.88,325
2026-07-23 19:19:00,319.9,319.9,319.8,319.8,1854
2026-07-23 19:20:00,319.8761,319.89,319.807,319.84,426
2026-07-23 19:21:00,319.82,319.88,319.77,319.77,1073
2026-07-23 19:22:00,319.7886,319.8895,319.78,319.78,153
2026-07-23 19:23:00,319.81,319.8224,319.81,319.8224,200
2026-07-23 19:24:00,319.8858,319.8858,319.72,319.76,2854
2026-07-23 19:25:00,319.8,319.85,319.8,319.8001,673
2026-07-23 19:26:00,319.8007,319.8007,319.72,319.75,3645
2026-07-23 19:27:00,319.78,319.79,319.7281,319.79,323
2026-07-23 19:28:00,319.81,319.98,319.81,319.98,150
2026-07-23 19:29:00,319.74,319.75,319.74,319.74,2622
2026-07-23 19:30:00,319.73,319.75,319.5387,319.6994,1723
2026-07-23 19:31:00,319.75,319.75,319.6,319.7349,206
2026-07-23 19:32:00,319.7407,319.7407,319.7407,319.7407,100
2026-07-23 19:33:00,319.6,319.6,319.6,319.6,240
2026-07-23 19:34:00,319.61,319.6199,319.59,319.59,600
2026-07-23 19:35:00,319.59,319.59,319.55,319.55,346
2026-07-23 19:36:00,319.6982,319.6982,319.58,319.6948,280
2026-07-23 19:37:00,319.56,319.56,319.55,319.55,87
2026-07-23 19:38:00,319.58,319.58,319.55,319.55,291
2026-07-23 19:39:00,319.5,319.5,319.34,319.4,557
2026-07-23 19:40:00,319.25,319.419,319.25,319.3034,868
2026-07-23 19:41:00,319.27,319.447,319.26,319.4301,2580
2026-07-23 19:42:00,319.5,319.54,319.49,319.49,310
2026-07-23 19:43:00,319.49,319.49,319.49,319.49,100
2026-07-23 19:44:00,319.5,319.6,319.3803,319.5373,1145
2026-07-23 19:45:00,319.6,319.6,319.34,319.34,308
2026-07-23 19:46:00,319.49,319.49,319.4,319.49,433
2026-07-23 19:47:00,319.4155,319.4155,319.4155,319.4155,200
2026-07-23 19:48:00,319.3296,319.3296,319.3296,319.3296,100
2026-07-23 19:49:00,319.6,319.6,319.6,319.6,915
2026-07-23 19:51:00,319.49,319.49,319.39,319.39,190
2026-07-23 19:52:00,319.58,319.58,319.26,319.26,299
2026-07-23 19:53:00,319.4,319.47,319.34,319.34,623
2026-07-23 19:54:00,319.26,319.2783,319.2,319.2354,350
2026-07-23 19:55:00,319.24,319.24,319.15,319.15,2120
2026-07-23 19:56:00,319.24,319.24,319.1,319.1,1456
2026-07-23 19:57:00,319.09,319.099,318.89,319.01,3397
2026-07-23 19:58:00,319.44,319.44,319.04,319.4004,1620
2026-07-23 19:59:00,319.2091,319.48,319.2091,319.48,571
