timestamp,open,high,low,close,volume
2026-07-09 04:00:00,604.11,605.4525,603.8012,604.6,3521
2026-07-09 04:01:00,604.66,605.22,604,604,375
2026-07-09 04:02:00,604,604.15,604,604.15,264
2026-07-09 04:03:00,604.31,605.49,603.25,604.75,1736
2026-07-09 04:04:00,604.51,605.37,603.8,604,1818
2026-07-09 04:05:00,603.91,604,603.81,604,257
2026-07-09 04:07:00,603.25,603.25,603.1,603.1,234
2026-07-09 04:08:00,602.71,602.71,602.68,602.68,163
2026-07-09 04:09:00,602.66,602.66,602.63,602.63,130
2026-07-09 04:10:00,602.6,602.6,602.5,602.5,159
2026-07-09 04:12:00,602.48,602.48,602.48,602.48,60
2026-07-09 04:13:00,602.1335,602.1335,602.1335,602.1335,92
2026-07-09 04:14:00,602.14,602.14,602,602.08,709
2026-07-09 04:15:00,602.0594,602.0594,602.0594,602.0594,40
2026-07-09 04:16:00,602.11,602.11,602.11,602.11,540
2026-07-09 04:18:00,602.11,602.11,601.55,601.55,106
2026-07-09 04:19:00,602,602,602,602,64
2026-07-09 04:20:00,601.55,601.55,601.55,601.55,50
2026-07-09 04:21:00,601.4383,601.4383,601.4383,601.4383,50
2026-07-09 04:28:00,601.86,601.88,601.86,601.88,267
2026-07-09 04:30:00,601.98,601.98,601.98,601.98,50
2026-07-09 04:31:00,601.82,601.82,601.5,601.5,329
2026-07-09 04:32:00,601.4,601.4,601.4,601.4,50
2026-07-09 04:34:00,601.3,601.3,601.17,601.17,180
2026-07-09 04:35:00,601.01,601.01,600.48,601.01,600
2026-07-09 04:36:00,600.14,600.14,600,600,790
2026-07-09 04:37:00,600,600,599.96,600,354
2026-07-09 04:38:00,600.16,600.16,600.04,600.04,224
2026-07-09 04:39:00,599.68,599.72,599.68,599.72,108
2026-07-09 04:44:00,599.74,599.74,599.37,599.73,525
2026-07-09 04:46:00,599.36,599.63,599.1284,599.1284,217
2026-07-09 04:47:00,599.43,599.46,599.43,599.46,308
2026-07-09 04:48:00,599.64,599.74,599.64,599.74,291
2026-07-09 04:51:00,599.4963,599.4963,599.4963,599.4963,50
2026-07-09 04:52:00,599.65,599.68,599.65,599.68,176
2026-07-09 04:54:00,599.59,599.74,599.59,599.63,538
2026-07-09 04:55:00,599.61,599.61,599.61,599.61,41
2026-07-09 04:56:00,599.49,599.6,599.49,599.6,133
2026-07-09 05:05:00,599.63,599.74,599.63,599.74,1172
2026-07-09 05:09:00,600.5,600.5,600.5,600.5,166
2026-07-09 05:11:00,600.53,600.53,600.53,600.53,183
2026-07-09 05:14:00,600.16,600.16,600.16,600.16,40
2026-07-09 05:16:00,601,603.48,600.51,603.45,1488
2026-07-09 05:18:00,603,604.3,603,604.3,3240
2026-07-09 05:19:00,604.21,604.21,603.72,603.73,456
2026-07-09 05:21:00,604,604,604,604,200
2026-07-09 05:22:00,604.75,604.75,604.48,604.66,1270
2026-07-09 05:23:00,604.66,605.69,604.66,605.69,1071
2026-07-09 05:25:00,605.5,606.16,605.5,605.95,889
2026-07-09 05:26:00,606.55,606.93,606.51,606.93,520
2026-07-09 05:27:00,606.78,606.78,606.35,606.35,399
2026-07-09 05:28:00,607.5,607.5,607.5,607.5,963
2026-07-09 05:29:00,607.5,607.5,607.5,607.5,69
2026-07-09 05:30:00,607.51,607.51,607.28,607.28,165
2026-07-09 05:31:00,606.87,606.87,606.87,606.87,80
2026-07-09 05:32:00,607,607.5,607,607.31,330
2026-07-09 05:33:00,607.2476,607.58,607.2476,607.56,713
2026-07-09 05:34:00,607.06,607.06,606.86,606.86,330
2026-07-09 05:35:00,606.8,606.8,606.8,606.8,58
2026-07-09 05:36:00,606.35,606.35,606.35,606.35,95
2026-07-09 05:37:00,606.35,606.35,606.35,606.35,64
2026-07-09 05:38:00,605,605,605,605,100
2026-07-09 05:39:00,606.6074,606.6126,606.1,606.6126,180
2026-07-09 05:40:00,605,605,605,605,100
2026-07-09 05:41:00,605,605.58,605,605.58,857
2026-07-09 05:44:00,605.98,606.06,605.98,606,761
2026-07-09 05:45:00,606,606,606,606,484
2026-07-09 05:46:00,605.2,605.2,605.0037,605.0037,300
2026-07-09 05:50:00,605.19,605.19,605.19,605.19,50
2026-07-09 05:51:00,605.27,605.27,605.27,605.27,60
2026-07-09 05:56:00,605.17,605.17,605.17,605.17,46
2026-07-09 05:58:00,605.23,605.23,605.23,605.23,120
2026-07-09 05:59:00,605.94,606.5,605.94,606.44,1147
2026-07-09 06:00:00,606.31,606.31,606.31,606.31,75
2026-07-09 06:01:00,606.5,606.8474,606.5,606.8474,367
2026-07-09 06:02:00,606.5,606.5,606.5,606.5,997
2026-07-09 06:03:00,606.7706,606.8,606.7706,606.8,105
2026-07-09 06:04:00,606.46,606.6646,606.12,606.36,400
2026-07-09 06:05:00,606.8,606.82,606.2,606.2,498
2026-07-09 06:06:00,606.2516,607.01,606.2516,607,553
2026-07-09 06:07:00,607.5018,607.5018,606.8,606.8,100
2026-07-09 06:18:00,606.01,606.03,606,606,766
2026-07-09 06:19:00,606,606.4,606,606.4,168
2026-07-09 06:24:00,605.2,605.73,605.1904,605.73,381
2026-07-09 06:25:00,605.68,605.68,605.68,605.68,50
2026-07-09 06:28:00,605.21,605.21,605.21,605.21,109
2026-07-09 06:30:00,605.09,605.385,604.6,604.6,477
2026-07-09 06:38:00,604.42,604.42,604.42,604.42,242
2026-07-09 06:39:00,604.22,604.22,604.22,604.22,120
2026-07-09 06:45:00,604.2,604.2,604,604,329
2026-07-09 06:46:00,603.6,603.6,603.6,603.6,268
2026-07-09 06:48:00,604,604,604,604,155
2026-07-09 06:50:00,604,604,603.94,603.94,442
2026-07-09 06:52:00,604.0863,604.0863,603.7,603.7,350
2026-07-09 06:55:00,604.1132,604.1132,604.1132,604.1132,100
2026-07-09 06:59:00,604.07,604.15,604.07,604.15,570
2026-07-09 07:00:00,604.285,604.54,604.285,604.54,220
2026-07-09 07:01:00,603.9,603.9,603.72,603.72,648
2026-07-09 07:02:00,604,604,604,604,60
2026-07-09 07:03:00,603.53,604,603.53,604,250
2026-07-09 07:04:00,603.58,603.58,603.46,603.46,163
2026-07-09 07:06:00,603.38,603.38,603.12,603.12,89
2026-07-09 07:07:00,603,603.17,603,603,1116
2026-07-09 07:08:00,603.25,603.25,603.25,603.25,100
2026-07-09 07:09:00,602,603,602,603,590
2026-07-09 07:11:00,602,602,602,602,300
2026-07-09 07:12:00,602.5,602.5,602.5,602.5,50
2026-07-09 07:13:00,603,603.63,603,603.63,500
2026-07-09 07:14:00,604.3,604.3,604.3,604.3,83
2026-07-09 07:17:00,603.7,603.7,603.4,603.4,360
2026-07-09 07:18:00,603.75,603.75,603.13,603.13,971
2026-07-09 07:19:00,603.25,603.28,603.24,603.28,250
2026-07-09 07:20:00,603.65,610.84,600.5,604.84,45199
2026-07-09 07:21:00,605.06,605.138,598,598,5608
2026-07-09 07:22:00,597.65,599,595,595,3443
2026-07-09 07:23:00,595.01,595.05,592.52,594,6023
2026-07-09 07:24:00,596,596.72,592.99,593.27,4149
2026-07-09 07:25:00,593.29,595.88,592.45,593.65,3341
2026-07-09 07:26:00,593.65,593.65,589.44,592.34,9836
2026-07-09 07:27:00,593.46,594.355,593,593.5,2247
2026-07-09 07:28:00,593.24,593.73,590.9,591,3423
2026-07-09 07:29:00,593.73,596.8,592.65,595.28,6231
2026-07-09 07:30:00,596.5254,596.5254,593,593,5686
2026-07-09 07:31:00,593.8708,593.97,592.8,593.41,5355
2026-07-09 07:32:00,592.6,593.4998,591.09,591.5139,4413
2026-07-09 07:33:00,592,594,591.06,591.92,9231
2026-07-09 07:34:00,591.25,591.25,589.26,590.01,10604
2026-07-09 07:35:00,589.8571,590.15,586.77,588.96,11304
2026-07-09 07:36:00,589.6,590.68,588.48,590.68,6343
2026-07-09 07:37:00,590.26,590.26,585.49,586.97,14259
2026-07-09 07:38:00,586.0943,588.59,586.0943,588.59,2011
2026-07-09 07:39:00,588,590.03,586.95,588.65,10691
2026-07-09 07:40:00,588.55,589.4533,587.9999,587.9999,1879
2026-07-09 07:41:00,587.7,587.84,585.97,586,8261
2026-07-09 07:42:00,585.88,586.2,585.05,585.94,14705
2026-07-09 07:43:00,585.7,590,585,589.45,11603
2026-07-09 07:44:00,589.03,589.45,587.31,587.62,5281
2026-07-09 07:45:00,587.05,587.8195,586,586,4050
2026-07-09 07:46:00,586.28,587.96,586.126,587.68,1549
2026-07-09 07:47:00,587.74,588.14,587.67,588.0026,1582
2026-07-09 07:48:00,588.44,588.44,587.21,587.2101,5569
2026-07-09 07:49:00,587.21,587.81,587.0866,587.48,6339
2026-07-09 07:50:00,587.49,587.6538,587.0955,587.128,2529
2026-07-09 07:51:00,587.2,587.76,587.2,587.75,3747
2026-07-09 07:52:00,587.75,589,587.7,588.79,2422
2026-07-09 07:53:00,588.971,588.971,587.93,588.25,680
2026-07-09 07:54:00,588,589,587.87,588.61,9802
2026-07-09 07:55:00,588.74,588.74,588.03,588.47,1188
2026-07-09 07:56:00,588.1546,589.9,588.1546,589.7555,3275
2026-07-09 07:57:00,589.57,589.89,588.53,588.53,9289
2026-07-09 07:58:00,588.5,589.5,588.42,588.8,6063
2026-07-09 07:59:00,588.87,589.4038,587,588.25,22016
2026-07-09 08:00:00,588.5,588.5,584,584.51,37719
2026-07-09 08:01:00,584.91,585.73,584.7,585.72,15562
2026-07-09 08:02:00,585.43,601.613,585,585.32,8873
2026-07-09 08:03:00,585.32,586,585,585.977,7760
2026-07-09 08:04:00,586,588,585.849,588,38465
2026-07-09 08:05:00,587.1433,587.4,585.89,585.9,4787
2026-07-09 08:06:00,585.9,586.49,585.79,586.49,1964
2026-07-09 08:07:00,586.4682,586.93,585.9,586.14,2379
2026-07-09 08:08:00,586.1339,586.5,585.85,586,5701
2026-07-09 08:09:00,585.9,585.9,585.1,585.1,2407
2026-07-09 08:10:00,585.47,585.6,583.01,583.24,22673
2026-07-09 08:11:00,583.8524,583.8524,582.5,582.5,11619
2026-07-09 08:12:00,582.55,583.4635,581.5,582.04,10183
2026-07-09 08:13:00,581.65,582.5,581.35,582.5,4543
2026-07-09 08:14:00,582.5,582.5,580.3,580.64,13985
2026-07-09 08:15:00,580.425,581,580.04,580.65,10858
2026-07-09 08:16:00,580.92,581.01,580.22,580.3,21546
2026-07-09 08:17:00,580.5133,580.54,578.15,578.4,23284
2026-07-09 08:18:00,578.72,579.99,578.42,579.7392,5320
2026-07-09 08:19:00,579.99,580,577.78,578.83,19884
2026-07-09 08:20:00,578.5,580,578.5,579.76,6671
2026-07-09 08:21:00,579.5,580,579.5,580,14453
2026-07-09 08:22:00,580,580,579.6,579.97,5098
2026-07-09 08:23:00,579.97,580,579.8,580,21677
2026-07-09 08:24:00,580,580,579.6,580,4958
2026-07-09 08:25:00,580,580.6,580,580.55,4324
2026-07-09 08:26:00,580.5041,580.88,580.16,580.37,6402
2026-07-09 08:27:00,580.38,581,580.3031,581,6264
2026-07-09 08:28:00,581,582.31,580.8,580.8,6701
2026-07-09 08:29:00,581.1438,582.44,581.08,581.9901,5371
2026-07-09 08:30:00,581.811,582,580.17,581,5573
2026-07-09 08:31:00,581.204,581.8,580.91,581.8,2005
2026-07-09 08:32:00,581.8,582,581.6562,581.83,1150
2026-07-09 08:33:00,581.5266,581.83,581.27,581.8,3035
2026-07-09 08:34:00,581.8,582,581,582,4372
2026-07-09 08:35:00,582,583.5,582,583.5,5338
2026-07-09 08:36:00,583.5,584.5,582.63,582.6574,6239
2026-07-09 08:37:00,582.92,583.4,582.66,583.3,5266
2026-07-09 08:38:00,583.25,583.5,583.06,583.3,3641
2026-07-09 08:39:00,583.3,583.34,583,583.21,2350
2026-07-09 08:40:00,583.25,583.25,583,583.1,3337
2026-07-09 08:41:00,583.23,583.9613,582.75,583.5,7223
2026-07-09 08:42:00,583.1223,584.3138,583.1223,584.3138,3387
2026-07-09 08:43:00,584.4,584.4,582.85,583.18,2906
2026-07-09 08:44:00,582.8963,583.89,582.81,583.2693,4369
2026-07-09 08:45:00,583.0168,583.7,582.66,583.5,5368
2026-07-09 08:46:00,583.66,583.67,582.57,582.89,3253
2026-07-09 08:47:00,582.9,583.3,582.9,583.3,9070
2026-07-09 08:48:00,583.3,583.79,583.25,583.5,3355
2026-07-09 08:49:00,583.3222,583.89,583.25,583.89,2631
2026-07-09 08:50:00,583.9,584.55,583.65,584.25,3707
2026-07-09 08:51:00,584.25,584.5,584,584.5,2715
2026-07-09 08:52:00,584.45,584.5,583.65,583.99,4034
2026-07-09 08:53:00,584,584.5,583.25,583.25,4459
2026-07-09 08:54:00,583.3,583.4351,582.25,582.25,11708
2026-07-09 08:55:00,582.0184,582.06,581.5,581.9608,5919
2026-07-09 08:56:00,582,582,579.96,581,19153
2026-07-09 08:57:00,581.23,581.23,580,580,2538
2026-07-09 08:58:00,581,581.23,580.61,581.23,1871
2026-07-09 08:59:00,581,581.23,580.75,580.8,4189
2026-07-09 09:00:00,581.1804,581.23,581.1341,581.23,1233
2026-07-09 09:01:00,581.58,581.91,581.48,581.91,3788
2026-07-09 09:02:00,581.95,582.28,581.65,581.65,2947
2026-07-09 09:03:00,581.75,581.75,580.75,580.75,9777
2026-07-09 09:04:00,580.6,580.96,579.36,580.2,16548
2026-07-09 09:05:00,580.96,581.1544,580.2,580.2,2911
2026-07-09 09:06:00,580.29,580.5,580,580.47,2723
2026-07-09 09:07:00,580.5,580.95,579.3,579.7465,4991
2026-07-09 09:08:00,579.4424,580.5,579.4424,580.4,3558
2026-07-09 09:09:00,580.39,580.6786,580.07,580.4128,2878
2026-07-09 09:10:00,580.5,581.48,580.3,580.5753,5718
2026-07-09 09:11:00,580.99,581,580.27,580.4,4770
2026-07-09 09:12:00,580.7401,581.37,580.67,581.37,5592
2026-07-09 09:13:00,581.38,581.5,581.1955,581.5,1310
2026-07-09 09:14:00,581.38,581.49,581.2706,581.37,1773
2026-07-09 09:15:00,581.37,582,580.61,581,5119
2026-07-09 09:16:00,581.348,581.3713,580.6,580.61,2911
2026-07-09 09:17:00,580.63,581.5697,580.5,581.5697,2478
2026-07-09 09:18:00,581.5999,582.33,581.58,581.7751,6871
2026-07-09 09:19:00,581.8,582.13,581.64,582.13,3936
2026-07-09 09:20:00,582.13,582.32,582,582.11,1795
2026-07-09 09:21:00,582.1,582.67,581.65,582.67,8758
2026-07-09 09:22:00,582.95,583.5,582.01,582.6156,5011
2026-07-09 09:23:00,582.45,582.93,582,582.75,2973
2026-07-09 09:24:00,582.4236,582.75,582.06,582.25,7431
2026-07-09 09:25:00,582.98,584.52,582.25,583.4036,14820
2026-07-09 09:26:00,583.04,583.27,582,582.95,6632
2026-07-09 09:27:00,582.97,582.97,581.71,582.44,8695
2026-07-09 09:28:00,582.28,583.8,582.28,582.87,6016
2026-07-09 09:29:00,583,584,582,584,9944
2026-07-09 09:30:00,583.99,586.04,579.5,579.74,521425
2026-07-09 09:31:00,579.74,580.08,577.5,579.335,202697
2026-07-09 09:32:00,579.26,580.54,577.07,579.923,149169
2026-07-09 09:33:00,579.785,581.8,577.66,581.61,174103
2026-07-09 09:34:00,581.2,582.06,580.5,580.75,87727
2026-07-09 09:35:00,580.8291,582,580.1,581.755,77488
2026-07-09 09:36:00,581.75,582.1826,581.1574,582.085,71520
2026-07-09 09:37:00,582.085,582.9,581.9,582.11,114450
2026-07-09 09:38:00,582.11,582.8799,582,582.63,49657
2026-07-09 09:39:00,582.7,585.5,582.655,585.47,102035
2026-07-09 09:40:00,585.4164,586.9001,585.09,586.49,98686
2026-07-09 09:41:00,586.385,588.48,585.9,588.44,82932
2026-07-09 09:42:00,588.4799,589.09,586.01,586.5899,91705
2026-07-09 09:43:00,586.57,587.88,585.78,586.64,37957
2026-07-09 09:44:00,586.7541,587.2,585.91,586.09,40886
2026-07-09 09:45:00,586.265,586.52,585.23,585.53,41079
2026-07-09 09:46:00,585.4676,587.24,584.79,586.6697,61730
2026-07-09 09:47:00,586.51,586.93,586.12,586.59,20080
2026-07-09 09:48:00,586.5,587.77,586.21,587.555,62732
2026-07-09 09:49:00,587.55,587.87,586.57,587.87,31394
2026-07-09 09:50:00,587.88,588,586.83,587.11,37878
2026-07-09 09:51:00,587.12,588.05,586.405,587.75,52418
2026-07-09 09:52:00,587.79,587.9027,586.99,587.15,19620
2026-07-09 09:53:00,587.07,588.2,587.06,588.2,31567
2026-07-09 09:54:00,588.2,588.4,587.1421,587.9,24038
2026-07-09 09:55:00,587.89,589.9599,587.66,589.9599,63345
2026-07-09 09:56:00,589.79,590.436,589.1302,590.37,45649
2026-07-09 09:57:00,590.44,592.2,589.5174,590.5001,58545
2026-07-09 09:58:00,590.55,590.9999,589.93,590.65,35356
2026-07-09 09:59:00,590.74,591.01,589.8214,590.5,37319
2026-07-09 10:00:00,590.5,597.39,590.15,593.155,220183
2026-07-09 10:01:00,593.315,600.9,592.14,600.08,190026
2026-07-09 10:02:00,600.341,600.81,595.2,598.695,179910
2026-07-09 10:03:00,598.43,599.13,595.53,599.1,124953
2026-07-09 10:04:00,598.95,599.6,597.48,597.87,83172
2026-07-09 10:05:00,597.915,598.4195,595.71,595.96,87564
2026-07-09 10:06:00,595.93,596.03,592,592.85,121518
2026-07-09 10:07:00,593.0647,593.98,591.61,592.36,48301
2026-07-09 10:08:00,592.255,593.64,591.99,592,36482
2026-07-09 10:09:00,592.21,593.67,591.44,592.74,75023
2026-07-09 10:10:00,592.655,593,591.38,591.76,51290
2026-07-09 10:11:00,591.745,593,591.68,592.35,33146
2026-07-09 10:12:00,592.345,592.95,591.46,591.815,35984
2026-07-09 10:13:00,591.54,592.42,591.2,592.39,47368
2026-07-09 10:14:00,592.145,592.9895,590.94,592.53,40796
2026-07-09 10:15:00,592.605,593,591.5,591.771,44052
2026-07-09 10:16:00,591.76,592.21,591.18,591.76,32177
2026-07-09 10:17:00,591.905,592.79,591.51,591.73,30231
2026-07-09 10:18:00,591.73,592.5,591.15,592.11,37089
2026-07-09 10:19:00,592.11,592.58,591.33,592.255,29306
2026-07-09 10:20:00,592.265,592.74,591.34,592.16,22373
2026-07-09 10:21:00,592.1075,592.7881,591.75,591.941,25976
2026-07-09 10:22:00,592.145,592.36,591.1103,591.645,23885
2026-07-09 10:23:00,591.655,592.68,591.24,592.329,24254
2026-07-09 10:24:00,592.2,592.85,591.77,592.615,29554
2026-07-09 10:25:00,592.61,592.66,591.8,592.2,18165
2026-07-09 10:26:00,592,593.88,592,593.6753,26225
2026-07-09 10:27:00,593.78,594.4095,592.6,593.27,35846
2026-07-09 10:28:00,593.14,594.79,592.5,594.535,36082
2026-07-09 10:29:00,594.65,595.4,594,594.075,42848
2026-07-09 10:30:00,594.15,594.8698,593.7,593.92,25908
2026-07-09 10:31:00,594.21,594.7799,591.6,592,48381
2026-07-09 10:32:00,591.88,593.874,591.51,593.68,21187
2026-07-09 10:33:00,593.755,593.9699,592.835,593.9699,18743
2026-07-09 10:34:00,593.5,593.92,593.02,593.485,18522
2026-07-09 10:35:00,593.62,594.5,593.475,594.005,24935
2026-07-09 10:36:00,593.87,595.33,593.77,595.11,42257
2026-07-09 10:37:00,595.08,595.65,594.7201,594.99,24546
2026-07-09 10:38:00,594.985,595.23,593.8505,594.6101,12627
2026-07-09 10:39:00,595,595.65,594.8,595.485,21312
2026-07-09 10:40:00,595.485,595.65,594.215,595.07,18714
2026-07-09 10:41:00,595.07,595.15,593.275,593.62,18173
2026-07-09 10:42:00,593.79,594.29,593.59,593.775,14954
2026-07-09 10:43:00,593.775,593.94,592.34,593.445,19259
2026-07-09 10:44:00,593.425,593.425,592.22,592.6497,13735
2026-07-09 10:45:00,592.2701,593.02,592.2701,593.005,9982
2026-07-09 10:46:00,593.005,594.27,592.8,593.9452,15591
2026-07-09 10:47:00,593.95,596.37,593.95,595.9516,54775
2026-07-09 10:48:00,596.09,596.5,595.77,596.15,40462
2026-07-09 10:49:00,596.06,597,595.7701,596.99,21820
2026-07-09 10:50:00,597,597.57,596.8,597.57,29530
2026-07-09 10:51:00,597.58,598.22,597.455,598.1,48933
2026-07-09 10:52:00,598.1,599.3999,598.09,598.97,40655
2026-07-09 10:53:00,599.05,599.5,598.23,599.41,51911
2026-07-09 10:54:00,599.43,599.7097,598.54,599.09,53824
2026-07-09 10:55:00,599.165,599.71,599,599.47,18487
2026-07-09 10:56:00,599.36,599.7,598.5526,598.825,12783
2026-07-09 10:57:00,598.91,599.8252,598.785,599.58,19791
2026-07-09 10:58:00,599.64,599.87,598.831,599.49,21136
2026-07-09 10:59:00,599.674,599.9599,599.19,599.54,18398
2026-07-09 11:00:00,599.54,602,599.3501,601.6247,70657
2026-07-09 11:01:00,601.71,602.4,601.35,601.91,36230
2026-07-09 11:02:00,601.925,602.88,601.68,602.75,44675
2026-07-09 11:03:00,602.78,602.84,601.21,601.31,41661
2026-07-09 11:04:00,601.43,601.765,600.64,601.275,34153
2026-07-09 11:05:00,601.275,602.36,601.275,602.21,29072
2026-07-09 11:06:00,602.21,602.675,601.9201,602.52,38308
2026-07-09 11:07:00,602.59,602.8,602,602.8,25169
2026-07-09 11:08:00,602.72,602.915,602.33,602.8051,21043
2026-07-09 11:09:00,602.8,603.44,602,602.1649,67093
2026-07-09 11:10:00,602.36,603.45,602.27,602.8,24579
2026-07-09 11:11:00,602.795,604,602.45,603.98,34575
2026-07-09 11:12:00,603.77,603.99,602.9396,603.47,28100
2026-07-09 11:13:00,603.4,603.5,602.87,603.135,15225
2026-07-09 11:14:00,603.13,603.1375,602.46,602.615,43449
2026-07-09 11:15:00,602.545,603.48,602.545,603.467,16749
2026-07-09 11:16:00,603.48,603.74,603.05,603.5,21722
2026-07-09 11:17:00,603.46,603.61,603.11,603.425,13091
2026-07-09 11:18:00,603.4,603.4,602.72,603.145,30952
2026-07-09 11:19:00,603.145,603.91,603.09,603.5981,47197
2026-07-09 11:20:00,603.65,603.65,602.81,602.88,21464
2026-07-09 11:21:00,602.935,603.08,602.58,602.846,17801
2026-07-09 11:22:00,602.93,603.22,602.6605,603.11,33870
2026-07-09 11:23:00,602.985,603.11,602.15,602.22,19694
2026-07-09 11:24:00,602.22,603.045,602.15,602.5001,17776
2026-07-09 11:25:00,602.6625,603.4,602.5001,603.13,18515
2026-07-09 11:26:00,603.22,603.73,602.66,602.705,21385
2026-07-09 11:27:00,602.705,603.58,602.705,603.56,17779
2026-07-09 11:28:00,603.56,604,603.2198,603.2198,41117
2026-07-09 11:29:00,603.255,604.45,603.255,604.32,19695
2026-07-09 11:30:00,604.3274,605.27,604.05,605.2,28015
2026-07-09 11:31:00,605.1523,605.89,604.51,604.54,40426
2026-07-09 11:32:00,604.445,604.74,603.8001,604.17,42536
2026-07-09 11:33:00,604.07,604.6,603.8455,604.43,23971
2026-07-09 11:34:00,604.21,605.1299,604.1704,604.4625,31950
2026-07-09 11:35:00,604.5,605.25,604.28,604.755,31799
2026-07-09 11:36:00,604.77,605.64,604.77,605.13,33283
2026-07-09 11:37:00,605.13,605.85,604.95,605.4,32326
2026-07-09 11:38:00,605.46,605.88,605.395,605.525,30120
2026-07-09 11:39:00,605.5251,605.55,604.98,605.335,36480
2026-07-09 11:40:00,605.365,605.4499,604.68,605.245,21202
2026-07-09 11:41:00,605.13,606.44,605.11,606.24,36765
2026-07-09 11:42:00,606.16,606.44,605.88,606.37,29497
2026-07-09 11:43:00,606.32,606.85,606.2901,606.39,33139
2026-07-09 11:44:00,606.53,606.87,606.18,606.345,23753
2026-07-09 11:45:00,606.44,606.7,606.131,606.19,40352
2026-07-09 11:46:00,606.29,606.3698,605.41,605.8,27918
2026-07-09 11:47:00,605.7,606.47,605.6901,606,25523
2026-07-09 11:48:00,605.9201,606.26,605.56,605.895,20004
2026-07-09 11:49:00,606.045,606.39,605.61,605.695,12264
2026-07-09 11:50:00,605.715,606.22,605.47,605.9901,8321
2026-07-09 11:51:00,606.165,606.35,605.76,605.7703,15182
2026-07-09 11:52:00,605.86,606.13,605.6601,606.045,12641
2026-07-09 11:53:00,606.13,606.34,605.41,605.44,19136
2026-07-09 11:54:00,605.555,605.61,605.13,605.58,17702
2026-07-09 11:55:00,605.58,606.29,605.58,606.05,16101
2026-07-09 11:56:00,605.93,607.13,605.89,606.91,32878
2026-07-09 11:57:00,606.94,607.34,606.76,607.18,21950
2026-07-09 11:58:00,607.21,607.95,607.1,607.83,42427
2026-07-09 11:59:00,607.865,608.66,607.662,608.27,38661
2026-07-09 12:00:00,608.211,608.64,608.09,608.09,28607
2026-07-09 12:01:00,608.165,608.59,608.09,608.425,31189
2026-07-09 12:02:00,608.48,608.55,607.96,607.9601,23083
2026-07-09 12:03:00,608.1798,608.47,608.07,608.33,15022
2026-07-09 12:04:00,608.32,609.27,608.1302,609.12,34254
2026-07-09 12:05:00,609.12,610.44,608.89,609.89,74407
2026-07-09 12:06:00,609.87,610.95,609.77,610.86,50642
2026-07-09 12:07:00,610.7845,612.63,610.41,612.54,43569
2026-07-09 12:08:00,612.54,612.67,611.48,611.75,55697
2026-07-09 12:09:00,611.6101,611.75,610.22,611.39,50436
2026-07-09 12:10:00,611.22,611.94,611.11,611.36,38181
2026-07-09 12:11:00,611.4,611.89,611.07,611.56,53602
2026-07-09 12:12:00,611.69,611.85,610.72,611.05,35965
2026-07-09 12:13:00,611.15,611.15,609.5,610.06,51452
2026-07-09 12:14:00,610.05,610.3799,609.66,610.22,31856
2026-07-09 12:15:00,610.2325,611.4,609.98,611.335,47171
2026-07-09 12:16:00,611.205,613.05,611.05,612.91,49308
2026-07-09 12:17:00,612.815,614.29,612.5601,612.705,68136
2026-07-09 12:18:00,612.705,613.47,612.22,613.11,27143
2026-07-09 12:19:00,613.16,614.62,612.82,614.5,53847
2026-07-09 12:20:00,614.3689,614.3689,613,613.81,75264
2026-07-09 12:21:00,614.08,615.45,614.08,615.27,72191
2026-07-09 12:22:00,615.38,615.9792,615.16,615.89,88427
2026-07-09 12:23:00,615.87,616.31,615.43,615.93,75290
2026-07-09 12:24:00,616.02,616.32,614.8001,614.985,42373
2026-07-09 12:25:00,614.96,616.18,614.88,615.6971,48391
2026-07-09 12:26:00,615.54,615.66,614.8,615.37,30583
2026-07-09 12:27:00,615.49,615.5,614.231,614.42,31284
2026-07-09 12:28:00,614.47,614.505,614.01,614.11,36211
2026-07-09 12:29:00,614.27,614.97,613.674,614.3,47869
2026-07-09 12:30:00,614.21,614.79,614.1125,614.455,27185
2026-07-09 12:31:00,614.41,614.9,614.23,614.53,19665
2026-07-09 12:32:00,614.53,614.56,614.06,614.47,20014
2026-07-09 12:33:00,614.56,615.17,614.07,614.92,36522
2026-07-09 12:34:00,615,615.84,614.21,614.44,41574
2026-07-09 12:35:00,614.44,614.94,613.8501,613.92,18092
2026-07-09 12:36:00,614,614,612.61,612.98,32339
2026-07-09 12:37:00,613.13,613.8599,612.7201,613.555,23108
2026-07-09 12:38:00,613.59,613.59,613,613.48,14487
2026-07-09 12:39:00,613.48,614,613.37,613.79,25110
2026-07-09 12:40:00,613.76,613.95,613.36,613.645,12650
2026-07-09 12:41:00,613.645,614.11,613.4001,613.88,21665
2026-07-09 12:42:00,613.82,614.4101,613.77,614.1,17098
2026-07-09 12:43:00,614.11,614.4,613.46,613.7,23431
2026-07-09 12:44:00,613.699,613.75,613.1,613.235,11957
2026-07-09 12:45:00,613.2325,613.72,613.07,613.35,13346
2026-07-09 12:46:00,613.205,613.99,613.11,613.88,25523
2026-07-09 12:47:00,613.99,613.99,613.19,613.49,22815
2026-07-09 12:48:00,613.62,613.99,613.42,613.56,11506
2026-07-09 12:49:00,613.585,613.92,613.155,613.385,20376
2026-07-09 12:50:00,613.3375,613.71,613.09,613.55,10734
2026-07-09 12:51:00,613.56,614.69,613.475,614.3401,19037
2026-07-09 12:52:00,614.44,615.17,614.33,615,20329
2026-07-09 12:53:00,614.895,615.11,614.22,614.2201,28473
2026-07-09 12:54:00,614.22,614.49,613.83,614.0238,14127
2026-07-09 12:55:00,614.1501,614.8,614.05,614.365,20200
2026-07-09 12:56:00,614.4,614.4,613.725,613.825,15756
2026-07-09 12:57:00,613.81,613.95,613.24,613.78,26326
2026-07-09 12:58:00,613.66,614.02,613.42,613.5566,9567
2026-07-09 12:59:00,613.66,613.66,612.88,613.03,27618
2026-07-09 13:00:00,613.015,613.04,612.301,612.58,27131
2026-07-09 13:01:00,612.58,613.34,612.39,612.56,27899
2026-07-09 13:02:00,612.56,613.15,612.55,612.985,26377
2026-07-09 13:03:00,613.01,613.3239,612.72,612.73,15730
2026-07-09 13:04:00,612.6598,613.15,612.5,612.89,13938
2026-07-09 13:05:00,612.89,613.07,612.7,613.07,13023
2026-07-09 13:06:00,613.075,613.28,611.89,612.08,27827
2026-07-09 13:07:00,612.24,612.25,611.67,611.88,34625
2026-07-09 13:08:00,611.88,612.66,611.7,612.27,16289
2026-07-09 13:09:00,612.26,612.66,611.94,612.06,16380
2026-07-09 13:10:00,612.16,612.3,611.89,612.2,11765
2026-07-09 13:11:00,612.15,612.2,611.34,611.4,18900
2026-07-09 13:12:00,611.4,612.09,611.33,611.905,15804
2026-07-09 13:13:00,611.99,612,611.42,611.665,17755
2026-07-09 13:14:00,611.83,612.2799,611.5,611.625,10651
2026-07-09 13:15:00,611.75,612.67,611.55,612.51,18322
2026-07-09 13:16:00,612.6,613.1,612.41,612.74,25928
2026-07-09 13:17:00,612.84,613,612.35,612.71,13915
2026-07-09 13:18:00,612.73,613.14,612.39,612.67,37228
2026-07-09 13:19:00,612.74,613.06,612.5,612.97,14417
2026-07-09 13:20:00,612.97,613.79,612.97,613.79,14083
2026-07-09 13:21:00,613.79,613.8,613.01,613.15,12091
2026-07-09 13:22:00,613,613.17,612.3101,612.34,12450
2026-07-09 13:23:00,612.26,612.6,612.26,612.485,8809
2026-07-09 13:24:00,612.465,612.96,612.33,612.735,6769
2026-07-09 13:25:00,612.91,613.4,612.66,613.39,14224
2026-07-09 13:26:00,613.4,613.44,612.5,612.8,18639
2026-07-09 13:27:00,612.79,612.95,612.51,612.61,11715
2026-07-09 13:28:00,612.61,612.68,612.46,612.555,7979
2026-07-09 13:29:00,612.53,612.7495,612.35,612.6,7642
2026-07-09 13:30:00,612.61,612.69,612.0068,612.1,35739
2026-07-09 13:31:00,612.18,612.34,611.68,611.855,38730
2026-07-09 13:32:00,611.73,611.855,611.36,611.84,20594
2026-07-09 13:33:00,611.7,612,611.5401,611.79,10401
2026-07-09 13:34:00,611.785,612,611.5601,611.82,14061
2026-07-09 13:35:00,611.84,611.935,610.9886,611.155,16144
2026-07-09 13:36:00,611.1694,612.63,610.995,612.37,47404
2026-07-09 13:37:00,612.385,613.38,612.22,613.01,47328
2026-07-09 13:38:00,613.055,613.12,612.386,612.83,31454
2026-07-09 13:39:00,612.84,613.13,612.605,612.74,10993
2026-07-09 13:40:00,612.77,613.08,612.31,613.01,24280
2026-07-09 13:41:00,612.81,613.045,612.29,612.535,4075
2026-07-09 13:42:00,612.425,612.5,611.5501,612.19,19063
2026-07-09 13:43:00,612.36,612.36,611.695,611.695,8911
2026-07-09 13:44:00,611.7,611.98,611.11,611.4,10437
2026-07-09 13:45:00,611.45,611.86,611.08,611.21,16155
2026-07-09 13:46:00,611.22,611.38,610.21,610.885,31563
2026-07-09 13:47:00,610.885,611.6,610.885,611.05,15483
2026-07-09 13:48:00,611.05,611.5399,610.8101,611.44,17382
2026-07-09 13:49:00,611.44,612.1,611.34,611.94,12684
2026-07-09 13:50:00,611.965,612.53,611.4601,611.8531,18539
2026-07-09 13:51:00,611.755,612.08,611.21,611.21,8527
2026-07-09 13:52:00,611.32,612.315,611.21,611.96,15608
2026-07-09 13:53:00,612.04,612.1299,611.661,611.92,6729
2026-07-09 13:54:00,611.95,611.95,611.42,611.42,4813
2026-07-09 13:55:00,611.44,611.6,611.37,611.39,4787
2026-07-09 13:56:00,611.48,611.57,610.8,610.94,13336
2026-07-09 13:57:00,610.83,611.29,610.62,611.29,20564
2026-07-09 13:58:00,611.14,611.25,610.61,610.96,16810
2026-07-09 13:59:00,610.99,611.6,610.9275,611.3001,14974
2026-07-09 14:00:00,611.3,611.62,611.15,611.565,11353
2026-07-09 14:01:00,611.565,612,611.21,611.79,33959
2026-07-09 14:02:00,611.78,612.05,611.44,611.49,16868
2026-07-09 14:03:00,611.445,611.8899,611.35,611.715,11365
2026-07-09 14:04:00,611.725,613.44,611.56,612.77,41159
2026-07-09 14:05:00,612.79,615.85,612.72,614.665,114209
2026-07-09 14:06:00,614.77,615.1,613.53,614.205,28212
2026-07-09 14:07:00,614.1925,614.735,612.375,612.375,33024
2026-07-09 14:08:00,612.575,612.96,612,612.31,24177
2026-07-09 14:09:00,612.33,613.55,612.105,612.6701,68688
2026-07-09 14:10:00,612.815,615.53,612.67,614.825,33824
2026-07-09 14:11:00,614.825,615.195,614.16,614.805,17660
2026-07-09 14:12:00,614.805,615,614.35,614.555,17006
2026-07-09 14:13:00,614.51,616.15,614.09,615.95,43147
2026-07-09 14:14:00,615.89,616.59,615.13,615.815,34291
2026-07-09 14:15:00,615.765,615.97,615.11,615.35,27486
2026-07-09 14:16:00,615.35,615.7,614.47,614.691,30704
2026-07-09 14:17:00,614.825,615.17,614,614.135,16538
2026-07-09 14:18:00,614.135,614.41,614.07,614.235,7477
2026-07-09 14:19:00,614.235,615,614.06,614.145,24168
2026-07-09 14:20:00,614.145,615,613.78,614.92,14778
2026-07-09 14:21:00,615.07,615.745,615.07,615.745,31237
2026-07-09 14:22:00,615.7,615.89,615.32,615.52,24372
2026-07-09 14:23:00,615.49,616.09,615.49,615.91,19947
2026-07-09 14:24:00,616.07,616.3,615.85,616.11,16205
2026-07-09 14:25:00,616.18,616.9,615.93,616.3802,33779
2026-07-09 14:26:00,616.47,616.53,615.8,616.42,19868
2026-07-09 14:27:00,616.39,616.5,614.8001,615.48,17398
2026-07-09 14:28:00,615.54,615.92,615.24,615.505,11299
2026-07-09 14:29:00,615.6399,616.11,615.47,615.98,19409
2026-07-09 14:30:00,615.88,616.28,615.74,615.84,14419
2026-07-09 14:31:00,615.9799,616.05,615.5,615.8,14057
2026-07-09 14:32:00,615.65,616,615.5,616,12880
2026-07-09 14:33:00,616,616,615.27,615.3,14926
2026-07-09 14:34:00,615.415,615.64,615.13,615.64,8105
2026-07-09 14:35:00,615.64,615.9499,615.45,615.765,12534
2026-07-09 14:36:00,615.765,616.45,615.6,616.39,20795
2026-07-09 14:37:00,616.38,616.41,615.48,615.86,22834
2026-07-09 14:38:00,615.77,616.11,615.75,615.76,12213
2026-07-09 14:39:00,615.75,615.79,615.5,615.76,11169
2026-07-09 14:40:00,615.75,616.47,615.66,616.325,17594
2026-07-09 14:41:00,616.33,616.67,616.2005,616.595,37241
2026-07-09 14:42:00,616.61,616.95,616.4,616.46,18734
2026-07-09 14:43:00,616.46,616.58,616.13,616.44,12571
2026-07-09 14:44:00,616.54,616.69,616.23,616.525,16402
2026-07-09 14:45:00,616.4,616.59,616.01,616.04,20365
2026-07-09 14:46:00,616.01,616.08,615.3601,615.425,8927
2026-07-09 14:47:00,615.49,615.63,614.7604,615.2,27057
2026-07-09 14:48:00,615.11,615.57,614.8819,614.965,15448
2026-07-09 14:49:00,615,615.29,614.82,615.29,10890
2026-07-09 14:50:00,615.2795,615.64,615.08,615.58,28787
2026-07-09 14:51:00,615.63,615.64,615,615.04,18869
2026-07-09 14:52:00,615.02,615.31,614.9,615.125,11224
2026-07-09 14:53:00,615.125,615.31,614.53,614.805,20292
2026-07-09 14:54:00,614.85,615.25,614.74,615.02,28192
2026-07-09 14:55:00,615,615.06,614.3202,614.99,11734
2026-07-09 14:56:00,614.97,615.26,614.83,615.125,15082
2026-07-09 14:57:00,615.125,615.45,614.97,615.44,12472
2026-07-09 14:58:00,615.45,616.25,615.34,615.54,22515
2026-07-09 14:59:00,615.64,616,615.42,615.6101,17922
2026-07-09 15:00:00,615.74,616.79,615.445,616.79,24368
2026-07-09 15:01:00,616.71,617.5,616.7,617.315,29562
2026-07-09 15:02:00,617.315,617.47,616.99,617.375,16948
2026-07-09 15:03:00,617.47,617.86,617.27,617.61,32072
2026-07-09 15:04:00,617.6982,618.32,617.51,617.78,56193
2026-07-09 15:05:00,617.81,618.1,617.56,617.675,22791
2026-07-09 15:06:00,617.78,617.79,617.22,617.58,14842
2026-07-09 15:07:00,617.42,617.86,616.7801,617.24,31180
2026-07-09 15:08:00,617.23,617.6,616.87,617.6,12324
2026-07-09 15:09:00,617.54,618,617.38,617.54,29273
2026-07-09 15:10:00,617.635,618.085,617.4001,618.05,14757
2026-07-09 15:11:00,617.9252,618.35,617.9,618.247,27025
2026-07-09 15:12:00,618.3,619.39,618.23,618.905,45465
2026-07-09 15:13:00,618.93,618.99,618.0301,618.44,22153
2026-07-09 15:14:00,618.42,618.5899,618.13,618.16,25205
2026-07-09 15:15:00,618.16,618.75,618.16,618.62,24483
2026-07-09 15:16:00,618.6,618.62,618,618.12,29119
2026-07-09 15:17:00,618.12,618.85,618.025,618.69,39576
2026-07-09 15:18:00,618.68,618.86,618.44,618.66,26973
2026-07-09 15:19:00,618.655,619.37,618.4,619.135,42455
2026-07-09 15:20:00,618.9,620.5,618.82,620.49,73988
2026-07-09 15:21:00,620.375,621.95,620.2501,621.95,83822
2026-07-09 15:22:00,621.88,621.9599,619.54,620.125,56258
2026-07-09 15:23:00,620.025,620.5,619.7606,620.35,30003
2026-07-09 15:24:00,620.06,622.21,620.06,621.62,74609
2026-07-09 15:25:00,621.63,623.16,621.41,622.695,109724
2026-07-09 15:26:00,622.725,623.23,622.3101,622.655,53200
2026-07-09 15:27:00,622.645,623.49,622.5001,623.245,71079
2026-07-09 15:28:00,623.225,624.25,623.1,624.25,75878
2026-07-09 15:29:00,624.43,624.68,623.32,624.215,85691
2026-07-09 15:30:00,624.215,626.47,624.12,626.26,139613
2026-07-09 15:31:00,626.26,627.82,626.2,626.845,129407
2026-07-09 15:32:00,626.96,627.49,626.45,626.77,82162
2026-07-09 15:33:00,626.77,627.95,626.68,627.85,77012
2026-07-09 15:34:00,627.85,628.1,626.47,627.12,89957
2026-07-09 15:35:00,627.145,628.1,626.9029,627.88,79364
2026-07-09 15:36:00,627.8701,628.9,627.74,628.53,89821
2026-07-09 15:37:00,628.45,629.4399,627.58,628.075,111687
2026-07-09 15:38:00,628.26,628.72,627.2301,627.45,79928
2026-07-09 15:39:00,627.445,627.991,627.3322,627.81,38429
2026-07-09 15:40:00,627.91,628.93,627.39,628.6952,93696
2026-07-09 15:41:00,628.695,629.55,628.35,628.53,71115
2026-07-09 15:42:00,628.44,628.54,627.515,627.695,55831
2026-07-09 15:43:00,627.695,628.25,627.39,627.4975,46730
2026-07-09 15:44:00,627.47,628.19,627.28,627.44,62553
2026-07-09 15:45:00,627.5,628,626.68,627.07,128641
2026-07-09 15:46:00,626.965,629,626.965,628.81,59126
2026-07-09 15:47:00,628.87,629.36,628.6,629.12,81287
2026-07-09 15:48:00,629.09,629.65,628.85,629.16,81540
2026-07-09 15:49:00,629.16,629.79,629,629.6,79603
2026-07-09 15:50:00,629.49,630.22,629.35,629.485,169329
2026-07-09 15:51:00,629.42,629.61,628.94,629.305,118272
2026-07-09 15:52:00,629.305,629.79,629.1,629.34,86514
2026-07-09 15:53:00,629.405,629.53,627.285,629.1,190697
2026-07-09 15:54:00,629.11,630.14,628.12,630.14,149465
2026-07-09 15:55:00,630.115,632.18,630.09,631.89,256217
2026-07-09 15:56:00,631.89,633.24,631.83,632.945,204303
2026-07-09 15:57:00,632.93,633.27,632.15,632.235,246119
2026-07-09 15:58:00,632.29,632.445,631.62,631.79,222807
2026-07-09 15:59:00,631.74,632.18,631.13,631.31,371304
2026-07-09 16:00:00,631.3,631.48,630.73,631,2312745
2026-07-09 16:01:00,630.81,630.89,630.6,630.89,7559
2026-07-09 16:02:00,630.62,630.9597,630.6,630.85,3421
2026-07-09 16:03:00,631,631,630.7,631,2572
2026-07-09 16:04:00,631,631,630.5,630.5,11671
2026-07-09 16:05:00,630.15,630.15,629.4,629.4,6806
2026-07-09 16:06:00,629.6,630.2383,629.22,630.2383,3044
2026-07-09 16:07:00,630.2,630.22,629.41,629.9678,2750
2026-07-09 16:08:00,629.41,630,629.41,629.99,4460
2026-07-09 16:09:00,629.78,629.78,629.6,629.6195,1181
2026-07-09 16:10:00,629.62,629.75,629.6,629.6478,871
2026-07-09 16:11:00,629.83,630.26,629.6,629.898,3852
2026-07-09 16:12:00,630.15,630.2193,629.9636,629.9636,1268
2026-07-09 16:13:00,629.96,630,629.5,629.5,3472
2026-07-09 16:14:00,629.51,629.821,629.4,629.529,1353
2026-07-09 16:15:00,629.49,629.6,629.235,629.5,3154
2026-07-09 16:16:00,629.5,629.5,628.2,628.2,16386
2026-07-09 16:17:00,628.2,628.6418,628.2,628.35,5360
2026-07-09 16:18:00,628.5,628.94,628.5,628.5478,924
2026-07-09 16:19:00,628.5372,628.5372,628.24,628.2599,2540
2026-07-09 16:20:00,628.3,628.5,628.281,628.5,3243
2026-07-09 16:21:00,628.59,628.8,628.56,628.56,1272
2026-07-09 16:22:00,628.7215,628.7215,628.2701,628.3,1467
2026-07-09 16:23:00,628.25,628.3,628.25,628.3,896
2026-07-09 16:24:00,628.5,628.88,628.5,628.5276,1050
2026-07-09 16:25:00,628.52,628.7,628.52,628.6,1382
2026-07-09 16:26:00,628.46,628.46,628.31,628.32,2890
2026-07-09 16:27:00,628.36,628.36,628.3,628.326,546
2026-07-09 16:28:00,628.3,628.3999,628.25,628.25,2609
2026-07-09 16:29:00,628.2643,628.6,628.26,628.5,1226
2026-07-09 16:30:00,628.45,628.45,628.45,628.45,240
2026-07-09 16:31:00,628.3,628.4354,628.3,628.31,696
2026-07-09 16:32:00,628.5,628.81,628.32,628.81,1865
2026-07-09 16:33:00,628.69,628.9,628.4,628.4176,7163
2026-07-09 16:34:00,628.41,628.7788,628.41,628.5,309
2026-07-09 16:35:00,628.4,628.4,627.5,627.5,10291
2026-07-09 16:36:00,627.1282,627.5,627.0604,627.4746,1859
2026-07-09 16:37:00,627.4,627.5215,627.4,627.41,1145
2026-07-09 16:38:00,627.475,628.74,627.475,628.74,1067
2026-07-09 16:39:00,627.8943,628.6804,627.8943,628.6804,342
2026-07-09 16:40:00,628,628.25,628,628,1003
2026-07-09 16:41:00,628.0003,628.0163,627.9828,627.9828,4620
2026-07-09 16:42:00,627.74,627.76,627.6,627.6,930
2026-07-09 16:43:00,627.6,628,627.6,627.652,6644
2026-07-09 16:44:00,627.98,628.3,627.98,628.3,521
2026-07-09 16:45:00,628.1626,628.1626,627.8,627.8,200
2026-07-09 16:46:00,627.9,628,627.6,627.6,3372
2026-07-09 16:47:00,627.4,627.4,627.4,627.4,700
2026-07-09 16:48:00,627.52,627.52,627.52,627.52,200
2026-07-09 16:50:00,627.7694,627.8932,627.75,627.75,322
2026-07-09 16:51:00,627.75,627.75,627.5,627.5,229
2026-07-09 16:52:00,627.63,627.6719,627.51,627.51,426
2026-07-09 16:53:00,627.51,627.7058,627.5,627.6,900
2026-07-09 16:54:00,627.6,627.6,626.81,626.81,6274
2026-07-09 16:55:00,626.9233,627,626.467,627,2848
2026-07-09 16:56:00,626.7036,627.0525,626.7036,627.0525,1540
2026-07-09 16:57:00,626.83,627.31,626.8,627.3084,1368
2026-07-09 16:58:00,627.28,627.31,627.28,627.31,300
2026-07-09 16:59:00,611,627.2,611,626.985,152692
2026-07-09 17:00:00,627.05,627.1,627.01,627.01,620
2026-07-09 17:01:00,627,627,626.97,626.97,618
2026-07-09 17:02:00,626.9514,626.99,626.9514,626.99,278
2026-07-09 17:03:00,626.9433,626.98,626.9433,626.98,150
2026-07-09 17:04:00,626.95,627.01,626.9,626.9105,1003
2026-07-09 17:05:00,626.9,626.9,626.9,626.9,50
2026-07-09 17:06:00,626.9989,626.9989,626.7246,626.7246,3425
2026-07-09 17:07:00,626.72,626.72,626.2,626.5,917
2026-07-09 17:08:00,626.7,626.7,626.6,626.7,1104
2026-07-09 17:09:00,626.6,626.8,626.5,626.55,678
2026-07-09 17:10:00,626.7,626.7,626.56,626.56,140
2026-07-09 17:11:00,626.85,626.85,626.85,626.85,40
2026-07-09 17:12:00,626.8473,626.86,626.8473,626.86,520
2026-07-09 17:13:00,626.878,626.9723,626.7542,626.7542,676
2026-07-09 17:14:00,627.01,627.01,626.9,626.9,494
2026-07-09 17:16:00,626.6172,626.6186,626.6172,626.6186,145
2026-07-09 17:17:00,626.56,626.56,626.56,626.56,57
2026-07-09 17:18:00,626.56,626.56,626.2,626.2,4353
2026-07-09 17:19:00,626.2068,626.3,626.2068,626.3,340
2026-07-09 17:20:00,626.68,626.68,626.3578,626.3578,90
2026-07-09 17:21:00,626.7,626.9,626.7,626.9,1215
2026-07-09 17:22:00,627.01,627.01,626.9005,627,1058
2026-07-09 17:23:00,627.01,627.05,627,627.01,2231
2026-07-09 17:24:00,627.01,627.01,627.0028,627.0028,168
2026-07-09 17:25:00,627,627,626.987,626.987,548
2026-07-09 17:26:00,626.9,626.9,626.9,626.9,130
2026-07-09 17:27:00,626.95,627,626.9,626.9601,648
2026-07-09 17:28:00,626.9958,626.9958,626.9958,626.9958,100
2026-07-09 17:29:00,627.01,627.01,626.9,626.9,186
2026-07-09 17:31:00,627.01,627.01,627,627,150
2026-07-09 17:32:00,626.975,627.01,626.975,627,915
2026-07-09 17:33:00,627,627.3,627,627.3,1086
2026-07-09 17:34:00,627.39,627.66,627.39,627.66,2800
2026-07-09 17:36:00,627.0852,627.69,627,627,1303
2026-07-09 17:37:00,627.6,627.6,627.0294,627.4,731
2026-07-09 17:38:00,627.4,627.4,627.27,627.29,401
2026-07-09 17:39:00,627.4,627.4,627.4,627.4,900
2026-07-09 17:40:00,627.75,627.75,627.6,627.66,408
2026-07-09 17:41:00,627.75,627.75,627.6282,627.6282,874
2026-07-09 17:42:00,627.75,627.75,627.724,627.724,142
2026-07-09 17:43:00,627.57,627.5747,627.46,627.46,2796
2026-07-09 17:45:00,627.1869,627.6941,627.1869,627.31,651
2026-07-09 17:46:00,627.0042,627.68,627.0042,627.45,646
2026-07-09 17:47:00,627.45,627.45,627.45,627.45,500
2026-07-09 17:48:00,627.15,627.15,627.15,627.15,50
2026-07-09 17:49:00,627.2,627.2,627.2,627.2,149
2026-07-09 17:50:00,627.25,627.49,627.25,627.49,352
2026-07-09 17:51:00,627.49,627.75,627.49,627.7162,895
2026-07-09 17:52:00,627.7084,627.9,627.7084,627.9,947
2026-07-09 17:53:00,627.9,628.2436,627.9,628.222,2408
2026-07-09 17:54:00,628.25,628.25,628.1834,628.25,493
2026-07-09 17:55:00,628.22,628.25,627.98,628.15,234
2026-07-09 17:56:00,628.08,628.25,628.08,628.17,1969
2026-07-09 17:57:00,628.17,628.17,628,628.15,679
2026-07-09 17:58:00,627.99,628,627.4258,627.4258,208
2026-07-09 17:59:00,627,628,627,628,287
2026-07-09 18:00:00,628,628.3,628,628.3,1701
2026-07-09 18:01:00,628.7,628.7,628.4,628.4,2140
2026-07-09 18:02:00,628.5,628.9,628.5,628.9,3751
2026-07-09 18:03:00,629,629.75,628.9,629.59,5790
2026-07-09 18:04:00,629.5,630,629.5,629.5286,5743
2026-07-09 18:05:00,629.8,630,629.8,630,4102
2026-07-09 18:06:00,630.29,630.48,630.25,630.35,673
2026-07-09 18:07:00,630.43,630.97,630.4,630.48,1318
2026-07-09 18:08:00,630.9428,631,630.6,630.92,849
2026-07-09 18:09:00,630.97,631,630.6,630.6,3133
2026-07-09 18:10:00,630.9073,630.9073,630.5,630.5,1067
2026-07-09 18:11:00,630.3666,630.7,630.3666,630.4228,698
2026-07-09 18:12:00,630.5,630.7,630.3,630.3,1899
2026-07-09 18:13:00,630.417,630.46,629.9,629.9,735
2026-07-09 18:14:00,629.6085,630,629.46,629.46,845
2026-07-09 18:15:00,629.0582,629.79,629.0582,629.79,277
2026-07-09 18:16:00,629.78,630.3918,629.56,630.3918,3346
2026-07-09 18:17:00,629.82,630.7,629.82,630.5,1481
2026-07-09 18:18:00,630.6,630.85,630.5262,630.8,1701
2026-07-09 18:19:00,630.7986,630.7986,630.18,630.18,1481
2026-07-09 18:20:00,630.8,630.8,629.9602,629.9602,575
2026-07-09 18:21:00,630.5,630.98,630.49,630.81,1985
2026-07-09 18:22:00,630.99,631.4,630.81,631.4,3801
2026-07-09 18:23:00,631.4,631.75,631.4,631.678,1736
2026-07-09 18:24:00,631.5,631.8,631.35,631.5,672
2026-07-09 18:25:00,630.7458,631.4211,630.7458,631.3,416
2026-07-09 18:26:00,631.4057,631.4057,630.82,631.2,1748
2026-07-09 18:27:00,631.01,631.2,631.01,631.2,1095
2026-07-09 18:28:00,631.11,631.2,631.0548,631.1,1076
2026-07-09 18:29:00,631.1,631.1,630.6367,630.6367,274
2026-07-09 18:30:00,631.18,631.18,631.18,631.18,100
2026-07-09 18:31:00,630.9268,631.88,630.9268,631.88,2066
2026-07-09 18:32:00,631.88,632.49,631.88,632.49,2083
2026-07-09 18:33:00,632.45,632.94,632.19,632.6756,2682
2026-07-09 18:34:00,632.7,633.52,632.7,633.11,11161
2026-07-09 18:35:00,633.4844,633.5,633.18,633.5,2026
2026-07-09 18:36:00,633.03,633.56,633.01,633.56,3322
2026-07-09 18:37:00,633.4,633.56,633.36,633.56,2098
2026-07-09 18:38:00,633.56,634.48,633.55,634.4122,5239
2026-07-09 18:39:00,634.25,634.48,633.79,633.79,2475
2026-07-09 18:40:00,633.99,633.99,633.75,633.75,531
2026-07-09 18:41:00,633.5526,634,633.5526,634,4054
2026-07-09 18:42:00,633.8,633.8,633.1,633.5,1394
2026-07-09 18:43:00,633.166,633.539,633.166,633.5001,741
2026-07-09 18:44:00,633.7,633.8,633.7,633.8,300
2026-07-09 18:45:00,633.67,634.44,633.67,634.44,1673
2026-07-09 18:46:00,634.4,634.75,634.4,634.4,2503
2026-07-09 18:47:00,634.25,634.9,634.25,634.9,3620
2026-07-09 18:48:00,634.7486,634.84,634.0403,634.48,816
2026-07-09 18:49:00,634.0846,634.5,634.083,634.37,726
2026-07-09 18:50:00,634.495,634.495,634.4,634.474,873
2026-07-09 18:51:00,634.3,634.3,633.5,633.9,3924
2026-07-09 18:52:00,633.34,633.34,633.01,633.01,2108
2026-07-09 18:53:00,633.0221,633.0221,632.2,632.49,3933
2026-07-09 18:54:00,632.3,632.91,632.25,632.8767,1390
2026-07-09 18:55:00,632.5229,633.6063,632.5229,633,2212
2026-07-09 18:56:00,633.34,633.67,633.02,633.28,372
2026-07-09 18:57:00,633.35,633.5,632.15,633.5,318
2026-07-09 18:58:00,633.329,633.329,633.04,633.04,368
2026-07-09 18:59:00,633.33,633.4967,633,633.4967,1117
2026-07-09 19:00:00,633.11,633.5348,633.11,633.5348,272
2026-07-09 19:01:00,633.76,633.76,633.68,633.68,160
2026-07-09 19:02:00,633.25,633.5,632.63,633.5,209
2026-07-09 19:03:00,633.3,633.4898,633.3,633.3181,493
2026-07-09 19:04:00,633.5,633.7328,633.35,633.7328,1416
2026-07-09 19:05:00,633.5,633.9,633.5,633.7,429
2026-07-09 19:06:00,633.7393,633.79,633.5,633.79,2234
2026-07-09 19:07:00,633.5,633.89,633.5,633.86,1048
2026-07-09 19:08:00,633.88,634.5,633.79,634.5,3685
2026-07-09 19:09:00,634.3834,634.49,633.5,633.5,1950
2026-07-09 19:10:00,633.86,633.87,633.515,633.7,1084
2026-07-09 19:11:00,633.8,634,633.8,633.8797,1252
2026-07-09 19:12:00,633.95,634.3,633.95,634.3,1538
2026-07-09 19:13:00,634.3,634.3,634,634.3,8497
2026-07-09 19:14:00,634.44,634.88,634.3405,634.78,3736
2026-07-09 19:15:00,634.89,634.89,634.101,634.101,1373
2026-07-09 19:16:00,634.1,634.26,634,634.0292,1717
2026-07-09 19:17:00,634.1836,634.1836,634.01,634.01,1917
2026-07-09 19:18:00,634.1,634.4363,634,634.4363,839
2026-07-09 19:19:00,634.44,634.8,634.43,634.761,703
2026-07-09 19:20:00,634.74,635,634.74,634.99,3175
2026-07-09 19:21:00,634.8,634.9,634.75,634.9,1665
2026-07-09 19:22:00,634.9,634.9672,634.6159,634.6159,1376
2026-07-09 19:23:00,634.9217,634.9217,634.9217,634.9217,249
2026-07-09 19:24:00,634.9,634.95,634.78,634.78,1143
2026-07-09 19:25:00,634.94,635.8532,634.94,635.8376,7505
2026-07-09 19:26:00,635.78,636.9,635.77,636.3673,3777
2026-07-09 19:27:00,636.6,636.9,636.3,636.85,1971
2026-07-09 19:28:00,636.89,638,636.8,637.5,7832
2026-07-09 19:29:00,637.99,638,637.47,638,6390
2026-07-09 19:30:00,637.0584,637.5,636.98,637,1808
2026-07-09 19:31:00,637.05,637.05,636.74,636.81,1028
2026-07-09 19:32:00,636.0132,637.9,636.0132,637.679,3733
2026-07-09 19:33:00,637.68,638.3079,637.5662,638.0427,2963
2026-07-09 19:34:00,638.36,638.63,638.12,638.2419,2805
2026-07-09 19:35:00,638.065,638.37,638.065,638.37,476
2026-07-09 19:36:00,638.2,638.26,637.41,638.2,2174
2026-07-09 19:37:00,638.25,638.72,638.2173,638.72,1842
2026-07-09 19:38:00,638.72,638.72,638.32,638.6999,537
2026-07-09 19:39:00,638.54,639.25,638.54,639.15,7533
2026-07-09 19:40:00,639.1784,639.1784,638.4,638.49,6522
2026-07-09 19:41:00,638.8698,639,638.01,638.9397,3135
2026-07-09 19:42:00,638.6715,638.9,638.6,638.8,1108
2026-07-09 19:43:00,638.01,638.6,638.01,638.6,240
2026-07-09 19:44:00,638.53,638.8,638.5,638.6798,1792
2026-07-09 19:45:00,638.9114,638.98,638.51,638.6,2753
2026-07-09 19:46:00,638.75,639.34,638.7499,639.17,4320
2026-07-09 19:47:00,639.3,639.4,639.3,639.33,3653
2026-07-09 19:48:00,639.3,639.98,639.21,639.8,10507
2026-07-09 19:49:00,639.75,639.98,639.7,639.924,6228
2026-07-09 19:50:00,639.8,640.28,639.39,639.49,11426
2026-07-09 19:51:00,639.49,639.49,638.91,639.4262,3507
2026-07-09 19:52:00,639.04,639.4,638.52,638.73,5978
2026-07-09 19:53:00,638.62,638.96,638.5,638.82,1467
2026-07-09 19:54:00,638.72,639.93,638.72,639.93,6215
2026-07-09 19:55:00,639.46,639.93,639.21,639.5,3207
2026-07-09 19:56:00,639.5,640.2,639,640.2,7274
2026-07-09 19:57:00,640.23,641.5,640.22,641.4,9647
2026-07-09 19:58:00,641.13,642.49,640,640.1681,15348
2026-07-09 19:59:00,640,640.565,639.36,639.36,2864
2026-07-10 04:00:00,636.16,640.31,636.13,640.11,15414
2026-07-10 04:01:00,639.99,640.31,636.1,636.93,27539
2026-07-10 04:02:00,636.68,638.9712,636.67,638.9475,3873
2026-07-10 04:03:00,639,639.36,638.43,638.7,2910
2026-07-10 04:04:00,638.9915,638.9915,637.5436,637.5436,3854
2026-07-10 04:05:00,637.9587,638,637.58,637.58,1880
2026-07-10 04:06:00,637.94,638,636.91,638,2749
2026-07-10 04:07:00,637.51,638,637.26,637.26,955
2026-07-10 04:08:00,638.18,638.18,637.52,638,1032
2026-07-10 04:09:00,637.91,640,637.8,639.49,1824
2026-07-10 04:10:00,640,640,639.26,639.5,552
2026-07-10 04:11:00,639.57,639.7,639.57,639.7,320
2026-07-10 04:12:00,639.95,639.95,639.5,639.5,394
2026-07-10 04:13:00,639.95,639.95,639.5,639.5,459
2026-07-10 04:14:00,639.9,640,639.51,640,1212
2026-07-10 04:15:00,640.5,641.3,640.5,641.06,799
2026-07-10 04:16:00,641,641,640.67,640.99,1526
2026-07-10 04:17:00,640.9,642.62,640.9,642.15,4143
2026-07-10 04:18:00,642.09,642.09,641.99,642.09,803
2026-07-10 04:19:00,642,643,642,643,214
2026-07-10 04:20:00,643,643,642.1637,642.5,1249
2026-07-10 04:21:00,642.53,642.53,641.5,641.5,1572
2026-07-10 04:22:00,641.7,642.03,641.7,642.03,236
2026-07-10 04:23:00,642.4,642.4,642.36,642.36,204
2026-07-10 04:25:00,641.5,642.09,641.5,641.7874,249
2026-07-10 04:26:00,641.65,641.65,641.65,641.65,100
2026-07-10 04:27:00,642.05,642.05,641.99,641.99,213
2026-07-10 04:29:00,641.51,641.51,641.21,641.21,1062
2026-07-10 04:30:00,641.3,641.3,641.1,641.1,590
2026-07-10 04:31:00,641.83,641.83,641.44,641.8,474
2026-07-10 04:32:00,641.83,642,641.79,642,1457
2026-07-10 04:33:00,641.79,642.9,641.79,642.8,1636
2026-07-10 04:34:00,642.9,643.59,642.9,643.58,1693
2026-07-10 04:35:00,643.755,643.755,643.55,643.55,439
2026-07-10 04:36:00,643.53,643.53,643.2,643.2,240
2026-07-10 04:37:00,643,643.18,642.8,642.99,864
2026-07-10 04:38:00,642.99,643.73,642.99,643.73,588
2026-07-10 04:39:00,643.42,644,643.36,643.67,481
2026-07-10 04:40:00,643.51,643.51,643.38,643.38,270
2026-07-10 04:41:00,643.21,643.62,643.21,643.62,99
2026-07-10 04:42:00,643.5,643.7,643.5,643.5,1636
2026-07-10 04:43:00,643.5,643.5,643.05,643.22,570
2026-07-10 04:44:00,643.3,643.3,643,643,250
2026-07-10 04:45:00,642.7573,642.845,642.75,642.75,329
2026-07-10 04:46:00,642.5,643.5,642.1,643.5,2295
2026-07-10 04:47:00,643.5,643.85,643.5,643.85,303
2026-07-10 04:48:00,644,644.1,643,643,3535
2026-07-10 04:49:00,643.0578,643.77,643.05,643.4,284
2026-07-10 04:50:00,643.89,644.3,643.89,644.3,550
2026-07-10 04:51:00,644,644,644,644,1279
2026-07-10 04:52:00,644,644,644,644,40
2026-07-10 04:53:00,643.5,643.5,643.33,643.33,339
2026-07-10 04:54:00,643,643.1,642.95,642.95,1259
2026-07-10 04:55:00,642.75,642.75,642.5,642.6,481
2026-07-10 04:56:00,642.5279,643,642.5,643,577
2026-07-10 04:57:00,643,643,642.8,642.8,318
2026-07-10 04:58:00,643,643,643,643,415
2026-07-10 04:59:00,642.5308,642.78,642.5,642.6,884
2026-07-10 05:00:00,643,643.16,643,643.12,1268
2026-07-10 05:01:00,642.9,642.9,642,642,693
2026-07-10 05:03:00,642.34,643.02,642.34,643,606
2026-07-10 05:04:00,643.05,643.874,643.05,643.874,510
2026-07-10 05:05:00,643.89,643.89,643.5,643.5,564
2026-07-10 05:06:00,643.5098,643.6,643.5098,643.6,111
2026-07-10 05:07:00,643.4,643.4,643.4,643.4,60
2026-07-10 05:08:00,643.73,643.73,643.7223,643.7223,400
2026-07-10 05:09:00,643.73,644.44,643.73,644.21,1419
2026-07-10 05:10:00,644.22,644.22,643.1,643.1,1656
2026-07-10 05:11:00,643.4,643.4,643.12,643.12,490
2026-07-10 05:12:00,643.1,643.36,643.1,643.36,876
2026-07-10 05:13:00,643.2,643.2,643.1,643.1,849
2026-07-10 05:14:00,643.34,643.34,643.3,643.3,198
2026-07-10 05:15:00,643.34,643.34,643.201,643.201,661
2026-07-10 05:16:00,643.5,643.73,643.5,643.73,300
2026-07-10 05:17:00,643.7,643.7,643.7,643.7,99
2026-07-10 05:18:00,643.75,644,643.75,644,820
2026-07-10 05:19:00,644,644.2256,644,644.2256,187
2026-07-10 05:20:00,644.14,644.14,644.1,644.1,180
2026-07-10 05:21:00,644.1,644.1944,644,644,237
2026-07-10 05:22:00,644.2,644.2,643.82,643.82,1351
2026-07-10 05:23:00,643.8,644,643.48,644,699
2026-07-10 05:24:00,643.7,643.7,643.7,643.7,350
2026-07-10 05:25:00,643.41,643.49,643.4,643.4,208
2026-07-10 05:26:00,643.4,644.2,643.4,644.01,796
2026-07-10 05:27:00,644.07,644.15,644,644,1235
2026-07-10 05:28:00,644.5,644.5054,644.0292,644.2,1088
2026-07-10 05:29:00,644,644.2,644,644,623
2026-07-10 05:30:00,644.06,644.06,644.06,644.06,50
2026-07-10 05:31:00,644.6,644.6,644.6,644.6,100
2026-07-10 05:32:00,644.5,644.5,644.5,644.5,70
2026-07-10 05:33:00,644.36,644.36,644.36,644.36,40
2026-07-10 05:34:00,644.0624,644.265,644.0624,644.11,271
2026-07-10 05:36:00,644,644.01,644,644,1126
2026-07-10 05:37:00,644.24,644.24,644.24,644.24,100
2026-07-10 05:38:00,644.15,644.15,644.15,644.15,73
2026-07-10 05:39:00,644.65,644.65,644.5,644.5,357
2026-07-10 05:40:00,644.65,644.65,644.65,644.65,306
2026-07-10 05:41:00,644.28,644.28,644.25,644.25,250
2026-07-10 05:42:00,644.13,644.13,644,644,1511
2026-07-10 05:43:00,643.3,643.3,643.3,643.3,151
2026-07-10 05:44:00,643.59,643.65,643.59,643.65,205
2026-07-10 05:45:00,643.45,643.45,643.35,643.35,278
2026-07-10 05:46:00,643.36,643.42,643.36,643.42,84
2026-07-10 05:47:00,643.41,643.41,643.41,643.41,40
2026-07-10 05:48:00,643.8462,643.8462,642.22,642.84,1412
2026-07-10 05:49:00,642.7508,642.7508,642.7508,642.7508,89
2026-07-10 05:50:00,642.76,642.78,641.3098,641.3098,1566
2026-07-10 05:51:00,641.2,643,641.0417,642.39,11772
2026-07-10 05:52:00,641.5,641.94,641.5,641.94,98
2026-07-10 05:53:00,642.4,642.92,642.4,642.92,736
2026-07-10 05:54:00,642.97,642.98,642.216,642.216,236
2026-07-10 05:55:00,642.898,642.898,642.58,642.59,247
2026-07-10 05:56:00,642.51,643.37,642.51,643.37,2445
2026-07-10 05:57:00,643,643.32,643,643.32,89
2026-07-10 05:58:00,643.13,643.5,643,643.36,1202
2026-07-10 05:59:00,643.26,643.26,643.26,643.26,254
2026-07-10 06:00:00,643,643.01,642,642,449
2026-07-10 06:01:00,642.5,642.5,642.5,642.5,483
2026-07-10 06:02:00,642.83,643.43,642.83,643.43,125
2026-07-10 06:03:00,643.43,643.5,643.43,643.5,233
2026-07-10 06:04:00,643.27,643.3,643.27,643.3,315
2026-07-10 06:05:00,643.11,643.11,643,643.06,767
2026-07-10 06:06:00,643.3,643.5,643.3,643.5,1144
2026-07-10 06:07:00,643.4,643.84,643.4,643.84,685
2026-07-10 06:08:00,643.99,644.5,643.9847,644.5,1032
2026-07-10 06:09:00,644.48,644.58,644.1641,644.4228,630
2026-07-10 06:10:00,644.44,644.44,644.44,644.44,178
2026-07-10 06:11:00,644.6305,644.94,644.4,644.91,1017
2026-07-10 06:12:00,644.62,644.62,644.62,644.62,90
2026-07-10 06:13:00,644.4,644.4,644.14,644.25,234
2026-07-10 06:14:00,644.3,644.31,644,644,346
2026-07-10 06:15:00,644.01,644.01,643.91,644,1296
2026-07-10 06:16:00,644.06,644.06,644.06,644.06,50
2026-07-10 06:17:00,643.86,644.3294,643.47,644.3294,1504
2026-07-10 06:19:00,644,644,644,644,43
2026-07-10 06:20:00,643.95,644.01,643.8105,643.8105,142
2026-07-10 06:21:00,644.01,644.03,644,644.01,308
2026-07-10 06:22:00,644.2298,644.24,643.74,643.98,2084
2026-07-10 06:23:00,644,644.05,643.46,643.5475,395
2026-07-10 06:24:00,643.61,643.61,643.45,643.58,448
2026-07-10 06:26:00,643.73,643.75,643.73,643.75,410
2026-07-10 06:27:00,644.21,645,644.21,644.91,6912
2026-07-10 06:28:00,644.0418,645,644.0418,644.99,3613
2026-07-10 06:29:00,644.6,644.99,644.54,644.6,602
2026-07-10 06:30:00,644.99,646,644.99,646,9052
2026-07-10 06:31:00,645.62,646.16,645.6,646,4504
2026-07-10 06:32:00,646.1899,646.7951,646.18,646.7951,2116
2026-07-10 06:33:00,646.5612,647.8,646.5608,647.35,5629
2026-07-10 06:34:00,647.99,648.5,647.9518,648.46,3968
2026-07-10 06:35:00,648.12,648.21,647.2,647.2,2758
2026-07-10 06:36:00,647.84,648.305,647.5,648.17,3742
2026-07-10 06:37:00,647.3819,648.21,647.36,648.08,4452
2026-07-10 06:38:00,647.94,647.95,647.41,647.41,482
2026-07-10 06:39:00,647.51,648.2,647.51,648.2,1176
2026-07-10 06:40:00,648.11,648.71,648.11,648.63,2398
2026-07-10 06:41:00,648.64,650.6591,648.62,649.82,17959
2026-07-10 06:42:00,650.365,650.365,649.6,649.6,2342
2026-07-10 06:43:00,649.86,649.86,649.6,649.61,580
2026-07-10 06:44:00,649.74,650.07,649.4,649.69,3795
2026-07-10 06:45:00,649.7,649.9,648.78,649.9,3173
2026-07-10 06:46:00,649.2,649.97,648.8,649.8,3072
2026-07-10 06:47:00,649.75,649.75,649.01,649.53,906
2026-07-10 06:48:00,649,649,648.4,648.4895,908
2026-07-10 06:49:00,648.6,648.98,647.97,648.58,1672
2026-07-10 06:50:00,647.79,648.14,647.67,647.67,772
2026-07-10 06:51:00,647.5006,648.2417,647.5006,648.2,3198
2026-07-10 06:52:00,648.57,648.57,648.2,648.24,2116
2026-07-10 06:53:00,648,648,648,648,962
2026-07-10 06:54:00,648.39,648.39,647.78,648.08,360
2026-07-10 06:55:00,647.98,648.04,647.15,648.04,1647
2026-07-10 06:56:00,647.99,648.47,647.99,648.12,644
2026-07-10 06:57:00,648.15,648.15,648.12,648.12,569
2026-07-10 06:58:00,647.83,648.13,647.54,648,406
2026-07-10 06:59:00,648,648.15,647.51,648,1395
2026-07-10 07:00:00,647.62,649.64,647,649,16381
2026-07-10 07:01:00,649,650.4,648.56,650.3277,18740
2026-07-10 07:02:00,650.33,650.7002,649.99,650.7002,5277
2026-07-10 07:03:00,650.71,651.08,650.5,650.51,9370
2026-07-10 07:04:00,650.862,652.18,650.862,652.02,12413
2026-07-10 07:05:00,652.42,653.85,652.01,653.85,20082
2026-07-10 07:06:00,653.76,654.86,653.1671,653.8825,25082
2026-07-10 07:07:00,653.5,655,653.0537,654.97,11977
2026-07-10 07:08:00,654.8,655.64,653.8,655.38,25128
2026-07-10 07:09:00,655.4986,657.19,655.4986,655.5,9003
2026-07-10 07:10:00,655.5,656,654,655,10625
2026-07-10 07:11:00,654.9999,656.9519,653.9385,656.9519,8835
2026-07-10 07:12:00,656.82,658,656.7596,657.57,15852
2026-07-10 07:13:00,657.44,657.45,655.05,655.24,7787
2026-07-10 07:14:00,655.25,656.13,655.24,655.3,6860
2026-07-10 07:15:00,655.25,656,655.24,655.94,2965
2026-07-10 07:16:00,655.51,655.75,654,654,8980
2026-07-10 07:17:00,654.94,655.73,653.74,654.75,18796
2026-07-10 07:18:00,654.16,655.11,654,654.2,4355
2026-07-10 07:19:00,654.2,655.4,654.2,655.2,6357
2026-07-10 07:20:00,655.2,655.4,655,655,5026
2026-07-10 07:21:00,655.0616,655.25,654.21,655.25,8032
2026-07-10 07:22:00,655.39,656,655.13,655.77,7652
2026-07-10 07:23:00,655.563,656.02,654.98,656,4228
2026-07-10 07:24:00,655.85,655.86,654.98,655,7763
2026-07-10 07:25:00,655,655.15,654.5,654.51,4385
2026-07-10 07:26:00,654.5296,654.62,653.4,653.69,7712
2026-07-10 07:27:00,653.7,654.62,653.5,654.25,3171
2026-07-10 07:28:00,654.336,654.48,653.7715,653.7715,1400
2026-07-10 07:29:00,653.5,654.2,653.46,653.9,4176
2026-07-10 07:30:00,653.8122,654.6,653.4,654.32,8453
2026-07-10 07:31:00,654.47,654.5,653,653,13751
2026-07-10 07:32:00,652.84,653.95,652.03,653.95,11467
2026-07-10 07:33:00,653.67,654.49,653.41,654.28,4495
2026-07-10 07:34:00,653.98,654,652.69,653.41,4205
2026-07-10 07:35:00,653.7,654.5,653.28,654.36,2411
2026-07-10 07:36:00,654.36,655,654.26,654.5299,4443
2026-07-10 07:37:00,654,655.2,654,655.2,7481
2026-07-10 07:38:00,655,656,654.81,655.55,24690
2026-07-10 07:39:00,655.31,655.8284,654,654.3,12172
2026-07-10 07:40:00,654.5,654.628,654.38,654.628,375
2026-07-10 07:41:00,654.5,655.13,654.5,654.56,6971
2026-07-10 07:42:00,655.2,655.2,654.78,654.939,1555
2026-07-10 07:43:00,655.0058,656,655,655.9,3370
2026-07-10 07:44:00,655.56,656,654.15,654.46,7107
2026-07-10 07:45:00,654.8,654.9,653.05,653.99,15329
2026-07-10 07:46:00,653.46,653.8,653,653,4578
2026-07-10 07:47:00,653,653.26,652.2,652.29,8163
2026-07-10 07:48:00,652.39,652.86,652.1,652.5,7927
2026-07-10 07:49:00,652.127,652.5,651.93,652.11,5762
2026-07-10 07:50:00,652.1,653.47,652.1,653.1,2746
2026-07-10 07:51:00,653.47,654.49,653.38,654.49,3095
2026-07-10 07:52:00,653.98,654.37,653.34,654.37,3190
2026-07-10 07:53:00,654.22,654.28,653.66,654.14,2119
2026-07-10 07:54:00,653.7,654,653.31,653.85,4051
2026-07-10 07:55:00,653.76,654.45,653.2093,654.1,5647
2026-07-10 07:56:00,654.44,654.94,653,653.98,6975
2026-07-10 07:57:00,653,653.42,652.45,652.87,874
2026-07-10 07:58:00,652.58,652.87,652.5,652.87,1129
2026-07-10 07:59:00,652.7433,652.8188,652.28,652.35,2042
2026-07-10 08:00:00,652.3,652.9,652.3,652.6,1882
2026-07-10 08:01:00,652.56,653.03,652,652.47,5087
2026-07-10 08:02:00,652.39,652.98,652.11,652.41,2314
2026-07-10 08:03:00,652.43,652.7154,652.03,652.5,8111
2026-07-10 08:04:00,652.3921,652.6089,652.2,652.2,2877
2026-07-10 08:05:00,652.2,652.67,652,652.44,5538
2026-07-10 08:06:00,652.36,653,652.31,652.5,4256
2026-07-10 08:07:00,652.93,653,651.0682,651.23,11427
2026-07-10 08:08:00,651.2,651.2,650,650,19885
2026-07-10 08:09:00,650.0495,650.5,649.5,649.5,7009
2026-07-10 08:10:00,649.62,650,649,650,5065
2026-07-10 08:11:00,650,650.37,649.55,650.11,5014
2026-07-10 08:12:00,650,650.1827,648.39,648.53,6406
2026-07-10 08:13:00,648.6388,651.04,648.6388,651,9557
2026-07-10 08:14:00,651.01,651.53,649.16,649.5,6424
2026-07-10 08:15:00,649.29,650.27,649.19,649.2,7018
2026-07-10 08:16:00,649.25,650.7,649.1577,649.656,7339
2026-07-10 08:17:00,650.34,650.95,650,650.94,2386
2026-07-10 08:18:00,651,651.4,650,650.22,4723
2026-07-10 08:19:00,650.1958,650.66,650.02,650.6,1891
2026-07-10 08:20:00,650.44,651.17,650.4,651.17,2142
2026-07-10 08:21:00,651.24,652.25,651.15,651.59,8223
2026-07-10 08:22:00,651.48,652.21,651.3,652.03,3439
2026-07-10 08:23:00,651.6,653,651.6,652.6,9250
2026-07-10 08:24:00,652.5205,654.39,652.5205,654.08,23044
2026-07-10 08:25:00,653.85,654.1,653.23,653.8216,4561
2026-07-10 08:26:00,653.55,654.39,653.4406,654.3262,5582
2026-07-10 08:27:00,654.3393,654.3393,653.1234,653.1234,2521
2026-07-10 08:28:00,653.7142,653.7142,653,653.6,1835
2026-07-10 08:29:00,653.01,653.5,653.01,653.13,4206
2026-07-10 08:30:00,653,653.66,652.88,653.27,2964
2026-07-10 08:31:00,653.19,653.19,652.72,652.72,200
2026-07-10 08:32:00,653.3,653.3,652.4411,653.01,6651
2026-07-10 08:33:00,653.0517,653.39,652.6176,653.25,6200
2026-07-10 08:34:00,653.24,654.39,653,654.38,7795
2026-07-10 08:35:00,653.9,655.03,653.9,655.03,16179
2026-07-10 08:36:00,654.97,654.99,654.5,654.7,5813
2026-07-10 08:37:00,654.5,654.7,654.18,654.5,6552
2026-07-10 08:38:00,654.5,654.79,654.49,654.69,4555
2026-07-10 08:39:00,654.76,655.89,654.53,655.89,15266
2026-07-10 08:40:00,655.8898,655.8898,655,655.31,7866
2026-07-10 08:41:00,655.4,655.5,654.9,654.9,4008
2026-07-10 08:42:00,654.61,655.31,653.76,655.2756,8465
2026-07-10 08:43:00,654.6,655.2,654.4,654.4,1864
2026-07-10 08:44:00,654.43,654.75,654.04,654.3,2322
2026-07-10 08:45:00,654.01,654.4879,654,654.049,2727
2026-07-10 08:46:00,654.49,654.9,654.24,654.24,1538
2026-07-10 08:47:00,654.81,655,654.24,654.62,6010
2026-07-10 08:48:00,654.89,655.51,654.6875,655.51,4425
2026-07-10 08:49:00,655.39,655.5,654.65,655.2104,2647
2026-07-10 08:50:00,655.055,655.75,655,655.51,8429
2026-07-10 08:51:00,655.63,655.8,655.337,655.43,4157
2026-07-10 08:52:00,655.3512,657.38,655.3512,657.01,31488
2026-07-10 08:53:00,657.35,658.25,656.64,656.9787,32464
2026-07-10 08:54:00,657,657,655.53,656,9924
2026-07-10 08:55:00,655.5785,656.44,655.5479,656.4141,2950
2026-07-10 08:56:00,656.14,656.14,655.0004,655.86,16068
2026-07-10 08:57:00,655.54,656.1492,655.51,656.01,2119
2026-07-10 08:58:00,656.15,657.2,656.0464,656.72,13840
2026-07-10 08:59:00,656.964,657.16,656.63,656.65,5788
2026-07-10 09:00:00,656.66,657.05,656.529,657.04,5871
2026-07-10 09:01:00,656.88,657.04,656.75,657,5783
2026-07-10 09:02:00,657,657.77,656.89,657.27,9659
2026-07-10 09:03:00,657.25,657.4062,656.4,656.81,11029
2026-07-10 09:04:00,656.81,658.3,656.5,657.55,15557
2026-07-10 09:05:00,657.55,658,657.01,657.85,4762
2026-07-10 09:06:00,657.7505,658.3,656.61,657.22,10845
2026-07-10 09:07:00,657.35,658.3,657.14,658.25,14073
2026-07-10 09:08:00,658.2854,659,658.2,658.97,24796
2026-07-10 09:09:00,658.97,658.97,658.5,658.5,9037
2026-07-10 09:10:00,658.79,659.49,658.3,658.7006,20397
2026-07-10 09:11:00,659.06,659.58,658.37,658.8,17150
2026-07-10 09:12:00,658.8,658.8799,658.3,658.7,9774
2026-07-10 09:13:00,658.8,658.8,658.3,658.3,10124
2026-07-10 09:14:00,658.31,658.4,657.03,657.5,11631
2026-07-10 09:15:00,657.3077,657.76,656.75,657.76,10732
2026-07-10 09:16:00,657.76,658.2193,657.655,657.655,4815
2026-07-10 09:17:00,657.76,657.99,657.74,657.76,8036
2026-07-10 09:18:00,657.74,657.88,656.0927,656.88,8814
2026-07-10 09:19:00,656.1,657,655,655.02,16873
2026-07-10 09:20:00,655,655.83,655,655.83,6379
2026-07-10 09:21:00,655.68,655.88,654.76,654.77,7410
2026-07-10 09:22:00,655.47,655.53,655,655.15,4038
2026-07-10 09:23:00,655.1,655.94,653.79,655.48,13548
2026-07-10 09:24:00,655.65,655.87,655,655.22,4380
2026-07-10 09:25:00,655.02,656.1,654.01,655.67,16831
2026-07-10 09:26:00,655.71,656.36,654.51,655.89,6409
2026-07-10 09:27:00,655.08,661.8,654.59,658.83,38110
2026-07-10 09:28:00,659.67,664.72,659.67,661.02,60609
2026-07-10 09:29:00,661.01,661.95,659.96,661,60769
2026-07-10 09:30:00,661.26,664.95,658.01,663.4999,1351561
2026-07-10 09:31:00,663,672.1,662.23,669.3301,670668
2026-07-10 09:32:00,669.71,677.08,666.3701,676.77,571615
2026-07-10 09:33:00,676.77,677.11,672.65,673.215,481860
2026-07-10 09:34:00,673.215,673.4195,670.28,671.0279,380493
2026-07-10 09:35:00,670.8601,671.32,668.6302,669.26,320672
2026-07-10 09:36:00,669.32,669.36,666.21,667.68,307284
2026-07-10 09:37:00,667.57,673.5,667.15,672.77,437795
2026-07-10 09:38:00,672.74,673.5,671.16,672.67,320592
2026-07-10 09:39:00,673,674,670.85,673.045,330008
2026-07-10 09:40:00,672.91,672.98,667.42,667.895,291438
2026-07-10 09:41:00,667.7708,669.17,664.51,665.205,206533
2026-07-10 09:42:00,665.205,668.24,663.81,664.245,177445
2026-07-10 09:43:00,664.26,665.7299,663.12,665.135,146886
2026-07-10 09:44:00,665,666.91,663.81,665.015,158827
2026-07-10 09:45:00,665.0146,665.6099,663.83,665.47,142603
2026-07-10 09:46:00,665.38,666.32,664.2,665.79,112676
2026-07-10 09:47:00,665.67,667.51,665.33,667.43,130573
2026-07-10 09:48:00,667.27,669.21,666.86,667.86,121844
2026-07-10 09:49:00,667.42,667.545,665.1,666.825,111945
2026-07-10 09:50:00,666.92,667.46,666.01,666.98,87765
2026-07-10 09:51:00,666.98,669.81,666.16,669.53,88915
2026-07-10 09:52:00,669.6164,670.3,668.42,669.715,112434
2026-07-10 09:53:00,669.56,670,667.7,669.615,118088
2026-07-10 09:54:00,669.52,670.53,669,670.53,97518
2026-07-10 09:55:00,670.39,671.79,669.6801,670.585,136309
2026-07-10 09:56:00,670.585,671.7094,670.17,671.255,113732
2026-07-10 09:57:00,671.23,673.53,671.1201,673.18,207213
2026-07-10 09:58:00,673.29,675.4146,673.02,674.62,268452
2026-07-10 09:59:00,674.405,675.3,672.55,673.04,240154
2026-07-10 10:00:00,673.035,673.57,671.7,673.5,147565
2026-07-10 10:01:00,673.03,674.745,672.24,673.39,154108
2026-07-10 10:02:00,673.53,675,672.62,674.695,170907
2026-07-10 10:03:00,674.695,676.98,674.32,676.37,205920
2026-07-10 10:04:00,676.2,676.8,675.22,676.15,143241
2026-07-10 10:05:00,676.15,677.86,676.04,676.87,227741
2026-07-10 10:06:00,676.84,677.41,671.3001,672.2965,193827
2026-07-10 10:07:00,672.24,672.3156,669.23,669.75,136088
2026-07-10 10:08:00,669.6797,670.28,668.2,668.4895,101815
2026-07-10 10:09:00,668.32,670.63,668.21,669.255,110288
2026-07-10 10:10:00,669.17,671,668.9047,670.47,81932
2026-07-10 10:11:00,670.5553,671.6,670.11,670.42,93746
2026-07-10 10:12:00,670.29,671,667.93,668.1137,145420
2026-07-10 10:13:00,667.95,668.4095,666.4,667.9,80635
2026-07-10 10:14:00,667.74,668.28,666.21,666.2101,82292
2026-07-10 10:15:00,666.35,668.3,666.335,667.25,65477
2026-07-10 10:16:00,667.34,667.66,664.56,665.6475,112265
2026-07-10 10:17:00,665.645,667.53,665.26,667.425,93510
2026-07-10 10:18:00,667.4598,668.27,666.9325,667.385,109326
2026-07-10 10:19:00,667.385,668.49,666.75,668.285,67894
2026-07-10 10:20:00,668.295,668.56,667.57,668.34,58357
2026-07-10 10:21:00,668.53,668.8,667.49,668.16,64946
2026-07-10 10:22:00,668.155,668.4,665.58,666.33,96602
2026-07-10 10:23:00,666.33,667,665.64,666.71,48132
2026-07-10 10:24:00,666.73,667.05,664,665.24,115047
2026-07-10 10:25:00,665.24,665.35,662.12,663.505,216544
2026-07-10 10:26:00,663.505,665.38,663.505,665,71861
2026-07-10 10:27:00,665,665.62,664.5,665.04,88478
2026-07-10 10:28:00,665.04,667.68,664.83,666.95,153122
2026-07-10 10:29:00,666.85,667.89,666.06,667.15,67852
2026-07-10 10:30:00,667.2121,669.49,666.73,669.37,74965
2026-07-10 10:31:00,669.49,670.4,667.52,669.11,137181
2026-07-10 10:32:00,669.0813,669.3,664,664.03,81658
2026-07-10 10:33:00,664.28,667,662.48,666.0591,96538
2026-07-10 10:34:00,665.955,666.88,664.38,666.605,62984
2026-07-10 10:35:00,666.625,668,666,666.295,48696
2026-07-10 10:36:00,666.55,667.88,665.55,666.0105,69709
2026-07-10 10:37:00,666.05,667.765,665.73,667.345,39618
2026-07-10 10:38:00,667.46,669.36,666.7,669.2725,59582
2026-07-10 10:39:00,669.265,669.89,668.5,669.3069,85942
2026-07-10 10:40:00,669.43,670.52,668.66,669.19,61882
2026-07-10 10:41:00,669.09,669.83,667.6,667.865,54997
2026-07-10 10:42:00,668,669.27,667.69,668.275,37954
2026-07-10 10:43:00,668.27,668.27,667.28,667.48,37147
2026-07-10 10:44:00,667.47,668.45,666.5,668.265,74450
2026-07-10 10:45:00,668.265,669.19,667.66,668.859,47892
2026-07-10 10:46:00,668.81,669.27,668.21,668.625,51828
2026-07-10 10:47:00,668.625,670.1999,668.42,669.02,72442
2026-07-10 10:48:00,668.885,670.38,668.31,670.34,58394
2026-07-10 10:49:00,670.165,673.31,670.13,672.92,143149
2026-07-10 10:50:00,672.99,673.72,670.9601,670.9601,94942
2026-07-10 10:51:00,671.3097,671.58,670.61,671.04,64851
2026-07-10 10:52:00,670.95,671.6798,670.58,671.03,57744
2026-07-10 10:53:00,670.87,672,670.79,671.5,51633
2026-07-10 10:54:00,671.41,671.988,670.27,670.51,67300
2026-07-10 10:55:00,670.57,670.92,669.55,669.55,61079
2026-07-10 10:56:00,669.67,669.719,667.3,667.635,83867
2026-07-10 10:57:00,667.506,670.27,667.15,670.27,71111
2026-07-10 10:58:00,670.34,670.53,669.2501,669.565,32610
2026-07-10 10:59:00,669.44,669.9298,669,669.77,43681
2026-07-10 11:00:00,669.87,670.37,669.0801,670.2,61755
2026-07-10 11:01:00,670.24,670.53,668.735,669.125,54154
2026-07-10 11:02:00,669.02,669.09,667.2101,667.49,76744
2026-07-10 11:03:00,667.5,669.48,667.5,668.9,67965
2026-07-10 11:04:00,668.77,669.91,668.67,669.84,37944
2026-07-10 11:05:00,669.66,670.15,669.11,669.11,44847
2026-07-10 11:06:00,669.06,669.46,668.14,669.345,34129
2026-07-10 11:07:00,669.49,670.8299,669.0601,669.79,68049
2026-07-10 11:08:00,669.67,670.16,668.6001,668.62,95108
2026-07-10 11:09:00,668.805,669.59,667.68,668,67201
2026-07-10 11:10:00,667.99,669.84,667.99,669.33,44325
2026-07-10 11:11:00,669.33,669.92,668.55,669.8566,38524
2026-07-10 11:12:00,669.92,670.765,669.47,670.655,50549
2026-07-10 11:13:00,670.525,671.39,669.77,670.53,121301
2026-07-10 11:14:00,670.4048,671.79,670.0211,671.19,57269
2026-07-10 11:15:00,671.19,672.75,671.1,672.72,97378
2026-07-10 11:16:00,672.61,674.99,672.61,674.6625,149984
2026-07-10 11:17:00,674.71,674.72,672.47,672.99,111111
2026-07-10 11:18:00,672.915,674.25,672.91,673.73,95765
2026-07-10 11:19:00,673.8109,674,672.54,673.15,40809
2026-07-10 11:20:00,673.01,673.285,671.9395,672.68,60670
2026-07-10 11:21:00,672.6755,673.35,672.34,672.72,51006
2026-07-10 11:22:00,672.86,673.5496,672.62,673.46,85634
2026-07-10 11:23:00,673.3867,673.47,672.54,672.76,64637
2026-07-10 11:24:00,672.795,672.945,671.95,672.84,64006
2026-07-10 11:25:00,672.94,673.5,672.67,673.075,33769
2026-07-10 11:26:00,673.14,674.195,672.9,674.05,64897
2026-07-10 11:27:00,673.9701,674.43,673.28,673.66,63291
2026-07-10 11:28:00,673.66,674.8,673.24,674.715,35235
2026-07-10 11:29:00,674.8,675.2,674.05,674.715,117073
2026-07-10 11:30:00,674.7336,675.37,674.61,675.225,58380
2026-07-10 11:31:00,675.1707,675.47,674.58,674.85,82778
2026-07-10 11:32:00,674.985,675.325,673.48,673.72,70834
2026-07-10 11:33:00,673.705,674.97,673.605,674.715,44974
2026-07-10 11:34:00,674.715,674.715,674.02,674.03,25046
2026-07-10 11:35:00,674.155,674.155,672.55,672.66,54807
2026-07-10 11:36:00,672.661,673.62,672.5,673.46,80561
2026-07-10 11:37:00,673.51,673.66,672.14,672.31,31097
2026-07-10 11:38:00,672.24,673.03,672.22,672.22,20036
2026-07-10 11:39:00,672.15,672.22,670.47,670.69,60765
2026-07-10 11:40:00,670.75,672.255,670.59,671.86,52524
2026-07-10 11:41:00,671.77,671.865,670.23,670.2997,45731
2026-07-10 11:42:00,670.45,670.67,670.01,670.5,39730
2026-07-10 11:43:00,670.495,671.28,670.18,670.9,42863
2026-07-10 11:44:00,670.935,670.935,669.69,669.835,94692
2026-07-10 11:45:00,669.845,670.66,669.44,670.04,32037
2026-07-10 11:46:00,670.095,671,669.8,670.525,52738
2026-07-10 11:47:00,670.6598,670.91,670.21,670.62,37844
2026-07-10 11:48:00,670.62,671.59,670.32,671.4,57404
2026-07-10 11:49:00,671.4,672.89,671.07,672.775,94184
2026-07-10 11:50:00,672.77,673.28,672.3,672.605,54227
2026-07-10 11:51:00,672.779,673.33,672.17,672.2625,36641
2026-07-10 11:52:00,672.274,672.7899,672,672.495,31322
2026-07-10 11:53:00,672.4301,672.53,671.56,671.67,37000
2026-07-10 11:54:00,671.67,672.33,671,671.08,38036
2026-07-10 11:55:00,671.08,671.98,671.08,671.17,21087
2026-07-10 11:56:00,671.17,672.15,671.07,672.045,22888
2026-07-10 11:57:00,672.045,672.4298,670.65,671.495,39330
2026-07-10 11:58:00,671.4,671.55,670.33,670.9576,51320
2026-07-10 11:59:00,671,671,669.6801,669.825,35805
2026-07-10 12:00:00,669.98,670.73,669.7541,669.795,34730
2026-07-10 12:01:00,669.91,670.245,669.49,670.245,39711
2026-07-10 12:02:00,670.2,670.63,669.7002,670.3709,80377
2026-07-10 12:03:00,670.215,670.3799,668.79,668.98,76066
2026-07-10 12:04:00,668.8772,669.05,667.64,667.755,77150
2026-07-10 12:05:00,667.755,668.36,667.235,667.84,53349
2026-07-10 12:06:00,667.965,668.99,667.8,668.51,41593
2026-07-10 12:07:00,668.68,669.38,668.31,669.17,51921
2026-07-10 12:08:00,669.18,669.18,668.4,668.74,41821
2026-07-10 12:09:00,668.74,669.56,668.58,669.06,43018
2026-07-10 12:10:00,669.055,670.07,668.53,669.7542,61114
2026-07-10 12:11:00,669.7209,670.72,669.5,670.4601,37140
2026-07-10 12:12:00,670.585,671,670.11,670.9,32953
2026-07-10 12:13:00,670.99,671.9,670.12,670.12,66822
2026-07-10 12:14:00,670.12,670.9854,668.64,669.35,94840
2026-07-10 12:15:00,669.355,669.6,668.875,668.875,26549
2026-07-10 12:16:00,668.875,669.8592,668.71,669.69,33874
2026-07-10 12:17:00,669.84,669.99,669.48,669.635,25483
2026-07-10 12:18:00,669.6325,669.68,668.7,668.84,23509
2026-07-10 12:19:00,668.86,669.075,668.35,668.62,25670
2026-07-10 12:20:00,668.39,668.75,668.03,668.09,30055
2026-07-10 12:21:00,668.04,668.085,666.25,666.3875,76015
2026-07-10 12:22:00,666.475,667.93,666.3001,667.85,34865
2026-07-10 12:23:00,667.695,668.85,667.59,668.69,51995
2026-07-10 12:24:00,668.56,669.38,668.3401,668.37,20577
2026-07-10 12:25:00,668.38,668.9699,668.37,668.82,21046
2026-07-10 12:26:00,668.825,669.17,668,669,29232
2026-07-10 12:27:00,669.075,669.75,668.89,669.38,23403
2026-07-10 12:28:00,669.39,669.75,669,669.105,27371
2026-07-10 12:29:00,668.93,669.28,668.5,668.55,18700
2026-07-10 12:30:00,668.62,669.27,668.62,669.1,18455
2026-07-10 12:31:00,669.18,669.55,669.05,669.47,14508
2026-07-10 12:32:00,669.49,669.75,669.1,669.54,18258
2026-07-10 12:33:00,669.54,669.88,669.3001,669.565,15035
2026-07-10 12:34:00,669.505,669.53,668,668.01,22735
2026-07-10 12:35:00,668.13,668.25,667.3015,668.21,33135
2026-07-10 12:36:00,668.17,668.4999,667.5,667.75,23553
2026-07-10 12:37:00,667.835,668.31,667.26,667.535,24736
2026-07-10 12:38:00,667.54,667.96,667.4,667.69,12455
2026-07-10 12:39:00,667.69,667.9255,667.57,667.9136,9812
2026-07-10 12:40:00,667.9312,668.21,667.47,667.56,30150
2026-07-10 12:41:00,667.51,667.52,667.04,667.04,16302
2026-07-10 12:42:00,667.125,667.905,667.0415,667.71,25207
2026-07-10 12:43:00,667.715,667.94,667.43,667.73,21210
2026-07-10 12:44:00,667.755,667.81,667.1401,667.7085,23031
2026-07-10 12:45:00,667.75,667.8698,667.23,667.38,20313
2026-07-10 12:46:00,667.405,668.01,667.3,667.895,16949
2026-07-10 12:47:00,667.88,668.06,667.51,667.875,14918
2026-07-10 12:48:00,667.8454,668.11,667.48,667.855,30064
2026-07-10 12:49:00,667.79,667.8599,667.43,667.54,17290
2026-07-10 12:50:00,667.54,667.99,667.49,667.93,14202
2026-07-10 12:51:00,667.93,668,667.45,667.715,15069
2026-07-10 12:52:00,667.715,667.715,667.27,667.47,11817
2026-07-10 12:53:00,667.475,668.06,667.39,667.8802,21344
2026-07-10 12:54:00,668.01,668.94,668,668.9,26522
2026-07-10 12:55:00,668.7666,669.31,668.63,668.775,29820
2026-07-10 12:56:00,668.67,668.71,668.33,668.42,24928
2026-07-10 12:57:00,668.37,668.84,668.311,668.38,13526
2026-07-10 12:58:00,668.4314,668.5,668.01,668.3202,14459
2026-07-10 12:59:00,668.4,668.65,668.1201,668.23,26994
2026-07-10 13:00:00,668.325,668.42,666.4001,667.27,36450
2026-07-10 13:01:00,667.3799,667.68,666.52,666.5691,20803
2026-07-10 13:02:00,666.5001,667.07,666.5001,666.82,26501
2026-07-10 13:03:00,666.875,667.3499,666.33,666.72,23239
2026-07-10 13:04:00,666.5695,666.69,665.3,665.3626,49440
2026-07-10 13:05:00,665.34,665.89,664.31,665.89,93635
2026-07-10 13:06:00,665.89,665.89,664.6338,664.865,34024
2026-07-10 13:07:00,664.875,664.9455,664.32,664.585,23374
2026-07-10 13:08:00,664.585,664.84,664.2416,664.31,21443
2026-07-10 13:09:00,664.265,664.34,663.6601,663.94,38051
2026-07-10 13:10:00,663.85,664.45,663.28,663.325,65144
2026-07-10 13:11:00,663.26,664.86,663.1,664.775,57556
2026-07-10 13:12:00,664.68,664.91,664.45,664.82,23917
2026-07-10 13:13:00,664.86,664.86,663.98,664.02,18753
2026-07-10 13:14:00,664.07,664.56,663.76,664.16,21852
2026-07-10 13:15:00,664.307,664.85,663.9,664.765,17651
2026-07-10 13:16:00,664.765,664.97,664.04,664.65,22452
2026-07-10 13:17:00,664.65,665.27,664.2,664.43,27109
2026-07-10 13:18:00,664.345,664.5,664.01,664.31,34823
2026-07-10 13:19:00,664.234,664.5,663.29,663.375,39624
2026-07-10 13:20:00,663.46,664.71,663.28,664.62,29554
2026-07-10 13:21:00,664.5,664.55,664.07,664.34,17132
2026-07-10 13:22:00,664.47,664.47,663.8,663.91,13653
2026-07-10 13:23:00,664.135,664.99,663.9506,664.21,30005
2026-07-10 13:24:00,664.05,664.45,663.43,663.64,20336
2026-07-10 13:25:00,663.71,663.9594,663.51,663.9199,15766
2026-07-10 13:26:00,663.87,663.9199,663.55,663.67,16830
2026-07-10 13:27:00,663.67,663.96,663.08,663.3,41454
2026-07-10 13:28:00,663.2,663.5,663.01,663.1653,31610
2026-07-10 13:29:00,663.06,663.31,662.62,662.97,45569
2026-07-10 13:30:00,663.04,663.87,663,663.165,55722
2026-07-10 13:31:00,663.04,663.28,662.39,662.59,61936
2026-07-10 13:32:00,662.67,663.32,662.564,662.72,35543
2026-07-10 13:33:00,662.6652,663.88,662.31,663.35,48979
2026-07-10 13:34:00,663.35,663.73,663.08,663.47,31785
2026-07-10 13:35:00,663.547,664.9599,663.41,664.85,56215
2026-07-10 13:36:00,664.765,665.1,664.04,664.1027,36500
2026-07-10 13:37:00,664.15,664.82,663.57,664.49,21591
2026-07-10 13:38:00,664.42,665,663.5702,663.5702,51455
2026-07-10 13:39:00,663.7499,663.91,663.1801,663.32,16889
2026-07-10 13:40:00,663.265,663.9399,663.23,663.745,11080
2026-07-10 13:41:00,663.77,663.98,663.24,663.29,20800
2026-07-10 13:42:00,663.29,663.54,663.11,663.17,12529
2026-07-10 13:43:00,663.18,663.4,662.75,663.2004,14450
2026-07-10 13:44:00,663.26,663.33,662,663.25,63097
2026-07-10 13:45:00,662.985,664.53,662.985,664.15,67342
2026-07-10 13:46:00,663.84,664.05,663.16,663.46,20533
2026-07-10 13:47:00,663.435,663.69,662.8,663.21,46599
2026-07-10 13:48:00,663.17,663.65,663.13,663.65,17736
2026-07-10 13:49:00,663.5363,663.7,663.1,663.39,23546
2026-07-10 13:50:00,663.1501,663.5,663.08,663.23,28610
2026-07-10 13:51:00,663.16,663.67,663.15,663.381,15925
2026-07-10 13:52:00,663.6,663.77,663.1963,663.59,21662
2026-07-10 13:53:00,663.59,663.8,663.48,663.65,8012
2026-07-10 13:54:00,663.73,664,663.55,663.7699,24556
2026-07-10 13:55:00,663.66,664,663.5,663.945,16456
2026-07-10 13:56:00,664,664.21,663.805,664.01,23288
2026-07-10 13:57:00,663.955,664.42,663.645,664.295,25798
2026-07-10 13:58:00,664.26,665.87,664.26,665.375,51759
2026-07-10 13:59:00,665.36,665.5,664.94,665.5,30967
2026-07-10 14:00:00,665.47,666.709,665.38,665.795,80903
2026-07-10 14:01:00,665.74,666.41,665.6231,666.2617,12631
2026-07-10 14:02:00,666.33,666.41,665.28,666.0798,24713
2026-07-10 14:03:00,666.0799,667.41,665.7801,667,27437
2026-07-10 14:04:00,667.055,667.53,666.77,666.98,55352
2026-07-10 14:05:00,666.77,667.5695,666.76,667.45,25409
2026-07-10 14:06:00,667.55,668.13,667.34,668.12,47129
2026-07-10 14:07:00,668.0506,669.66,668.0506,669.66,67934
2026-07-10 14:08:00,669.66,670.31,669.5301,669.925,98019
2026-07-10 14:09:00,669.925,669.925,668.55,669.19,54988
2026-07-10 14:10:00,668.985,669.31,668.48,669.01,40872
2026-07-10 14:11:00,669.23,669.389,668.55,668.96,36492
2026-07-10 14:12:00,668.88,669.39,668.72,668.81,44580
2026-07-10 14:13:00,668.8001,669.93,668.8001,669.5905,41653
2026-07-10 14:14:00,669.66,670.72,669.66,670.015,68438
2026-07-10 14:15:00,670.01,670.48,669.561,669.57,41820
2026-07-10 14:16:00,669.78,670.3,669.7201,670.115,31888
2026-07-10 14:17:00,670.01,670.5,669.98,670.145,46395
2026-07-10 14:18:00,670.0501,670.4,670.03,670.17,23429
2026-07-10 14:19:00,670.125,670.41,669.28,669.43,48780
2026-07-10 14:20:00,669.38,669.75,669.12,669.265,36218
2026-07-10 14:21:00,669.4,669.41,668.29,668.69,58493
2026-07-10 14:22:00,668.48,669.12,668.48,669,19531
2026-07-10 14:23:00,669.05,669.2,668.83,669,33186
2026-07-10 14:24:00,668.945,669.17,668.54,668.765,27197
2026-07-10 14:25:00,668.82,669.48,668.25,668.26,37017
2026-07-10 14:26:00,668.34,668.46,667.7,668.15,33217
2026-07-10 14:27:00,668.16,668.68,667.88,668.415,26278
2026-07-10 14:28:00,668.415,668.71,668.23,668.71,15022
2026-07-10 14:29:00,668.66,668.93,668.49,668.775,16524
2026-07-10 14:30:00,668.845,668.8499,668.055,668.25,26299
2026-07-10 14:31:00,668.11,668.359,667.82,668.125,17972
2026-07-10 14:32:00,668.12,668.22,667.74,668.01,25919
2026-07-10 14:33:00,668.04,668.43,667.8,668.34,29194
2026-07-10 14:34:00,668.37,668.79,668.1701,668.28,30950
2026-07-10 14:35:00,668.28,668.5,667.8,667.935,18090
2026-07-10 14:36:00,667.9,668,667.51,667.87,23444
2026-07-10 14:37:00,667.985,669.14,667.77,668.56,47644
2026-07-10 14:38:00,668.57,669.9,668.38,669.82,74670
2026-07-10 14:39:00,669.815,669.9,669.51,669.605,35101
2026-07-10 14:40:00,669.5851,670.1899,669.53,670.09,34499
2026-07-10 14:41:00,670.17,670.18,669.72,669.83,16796
2026-07-10 14:42:00,669.83,670.2,669.83,670.055,19622
2026-07-10 14:43:00,670.07,670.2,669.67,669.74,34597
2026-07-10 14:44:00,669.74,669.86,669.26,669.38,28516
2026-07-10 14:45:00,669.45,669.64,669.26,669.53,21708
2026-07-10 14:46:00,669.54,669.73,668.55,668.81,34128
2026-07-10 14:47:00,668.785,669.18,668.67,668.8051,34585
2026-07-10 14:48:00,668.74,669,668.67,668.89,10966
2026-07-10 14:49:00,668.84,668.85,668.5332,668.78,28447
2026-07-10 14:50:00,668.7,668.79,668.35,668.615,16548
2026-07-10 14:51:00,668.67,668.95,668.5201,668.95,14714
2026-07-10 14:52:00,668.88,669.63,668.87,669.145,31315
2026-07-10 14:53:00,669.145,669.26,668.82,669.07,21974
2026-07-10 14:54:00,669.07,669.44,669.07,669.325,27402
2026-07-10 14:55:00,669.33,669.86,669.25,669.6401,17817
2026-07-10 14:56:00,669.695,670.68,669.695,670.4199,32971
2026-07-10 14:57:00,670.335,670.375,670.01,670.24,24175
2026-07-10 14:58:00,670.25,670.37,669.77,669.88,29120
2026-07-10 14:59:00,669.81,669.99,668.68,668.85,32258
2026-07-10 15:00:00,668.93,669.43,668.53,669.265,37282
2026-07-10 15:01:00,669.265,669.49,669.18,669.38,20868
2026-07-10 15:02:00,669.385,669.385,668.75,668.82,39170
2026-07-10 15:03:00,668.82,669.6,668.71,669.43,26969
2026-07-10 15:04:00,669.504,669.61,669.21,669.475,14291
2026-07-10 15:05:00,669.52,669.675,669.27,669.56,17955
2026-07-10 15:06:00,669.505,669.6,669.19,669.49,17265
2026-07-10 15:07:00,669.415,669.75,669.415,669.62,22437
2026-07-10 15:08:00,669.62,669.92,669.55,669.8443,17978
2026-07-10 15:09:00,669.865,670.18,669.6248,669.7047,47090
2026-07-10 15:10:00,669.68,669.86,669.54,669.79,24957
2026-07-10 15:11:00,669.79,670,669.58,669.93,28472
2026-07-10 15:12:00,669.99,670.42,669.89,670.04,48915
2026-07-10 15:13:00,669.96,670.64,669.9,670.6,80807
2026-07-10 15:14:00,670.595,670.595,669.75,670.05,33503
2026-07-10 15:15:00,670.01,670.01,669.6,669.85,27162
2026-07-10 15:16:00,669.79,669.85,668.61,668.675,40637
2026-07-10 15:17:00,668.675,669.8,668.61,669.8,36946
2026-07-10 15:18:00,669.795,669.86,669.5775,669.5775,30213
2026-07-10 15:19:00,669.6,669.63,668.5,668.6,21732
2026-07-10 15:20:00,668.67,668.9,668.35,668.49,33374
2026-07-10 15:21:00,668.435,668.83,668.15,668.16,28060
2026-07-10 15:22:00,668.34,668.4599,666.88,667.36,70833
2026-07-10 15:23:00,667.4,668.2591,667.4,667.745,23735
2026-07-10 15:24:00,667.71,667.9999,666.94,667.235,29829
2026-07-10 15:25:00,667.181,667.4999,666.85,667.115,53647
2026-07-10 15:26:00,667.12,667.35,667.04,667.3,19559
2026-07-10 15:27:00,667.26,667.48,667,667.1,26470
2026-07-10 15:28:00,667.11,667.26,666.23,666.43,44185
2026-07-10 15:29:00,666.475,666.58,665.9334,666.06,37856
2026-07-10 15:30:00,665.98,666.09,665.01,665.45,61501
2026-07-10 15:31:00,665.56,665.65,664.25,664.25,48827
2026-07-10 15:32:00,664.23,664.8499,664.13,664.55,42494
2026-07-10 15:33:00,664.55,665.2499,664.33,665,51408
2026-07-10 15:34:00,665.08,666.03,665.0001,665.99,49624
2026-07-10 15:35:00,665.885,666.27,665.6,666.13,76881
2026-07-10 15:36:00,666.13,666.67,665.641,666,60528
2026-07-10 15:37:00,665.99,666.805,665.71,665.7595,29194
2026-07-10 15:38:00,665.76,665.81,664.66,664.67,26565
2026-07-10 15:39:00,664.7,665.11,664.5,664.9,62559
2026-07-10 15:40:00,664.85,665,664.19,664.235,32214
2026-07-10 15:41:00,664.29,664.6295,663.89,664.015,39389
2026-07-10 15:42:00,664.015,665.4273,663.96,665.345,46794
2026-07-10 15:43:00,665.44,666,665.19,665.635,51026
2026-07-10 15:44:00,665.58,666,665.24,665.41,32399
2026-07-10 15:45:00,665.41,665.9,664.392,665.825,68944
2026-07-10 15:46:00,665.825,666.2,665.58,665.91,44648
2026-07-10 15:47:00,665.88,666.1,665.65,665.99,40632
2026-07-10 15:48:00,666.005,666.45,665.93,666.265,30034
2026-07-10 15:49:00,666.26,666.65,665.9001,666.26,60823
2026-07-10 15:50:00,666.28,667.45,666.19,667.29,87101
2026-07-10 15:51:00,667.4,667.61,666.12,666.84,111012
2026-07-10 15:52:00,666.955,667.5,666.37,667.18,99570
2026-07-10 15:53:00,667.15,668.645,666.97,668.59,80655
2026-07-10 15:54:00,668.5,669.05,667.4,667.5545,123055
2026-07-10 15:55:00,667.76,670.4964,667.76,670.47,193243
2026-07-10 15:56:00,670.45,671.11,670.2,670.3,166705
2026-07-10 15:57:00,670.3,671.2,670.24,671.12,162949
2026-07-10 15:58:00,671.08,671.145,670.295,670.405,236556
2026-07-10 15:59:00,670.405,670.405,668.71,669.31,324711
2026-07-10 16:00:00,669.21,670,668,669.52,3363645
2026-07-10 16:01:00,669.17,669.54,668.713,669.1,3466
2026-07-10 16:02:00,669.1,669.1,669,669.1,2135
2026-07-10 16:03:00,669,669.1,668.95,669.0074,3469
2026-07-10 16:04:00,669,669.2,668.9,668.95,1999
2026-07-10 16:05:00,668.9,669.03,668.2,668.4218,1734
2026-07-10 16:06:00,668.5,668.8556,668.5,668.5,4018
2026-07-10 16:07:00,668.82,668.82,668.06,668.44,3093
2026-07-10 16:08:00,668.01,668.02,667.0198,667.97,5182
2026-07-10 16:09:00,667.3216,667.7,667.2,667.2,1556
2026-07-10 16:10:00,667.21,667.89,667.2,667.83,1181
2026-07-10 16:11:00,667.5,667.89,667.3352,667.3352,1136
2026-07-10 16:12:00,667.9999,668,667.25,668,607
2026-07-10 16:13:00,668.56,668.62,668.48,668.48,663
2026-07-10 16:14:00,668.5,669,668.5,669,512
2026-07-10 16:15:00,668.6,669,668.4,669,1856
2026-07-10 16:16:00,668.98,669.2,668.83,669.09,1613
2026-07-10 16:17:00,668.321,669,668.321,669,535
2026-07-10 16:18:00,669.065,669.51,668.7611,669.468,2268
2026-07-10 16:19:00,669.3,669.45,669.2,669.4392,875
2026-07-10 16:20:00,669.4,669.4,669.28,669.3,239
2026-07-10 16:21:00,668.68,669.4016,668.68,669.4,4126
2026-07-10 16:22:00,669.48,670.15,669.4,670,7558
2026-07-10 16:23:00,669.99,669.99,669.49,669.49,229
2026-07-10 16:24:00,669.6473,669.6473,669.6473,669.6473,100
2026-07-10 16:25:00,669.9341,669.9341,669.4,669.7046,1858
2026-07-10 16:26:00,669.63,669.75,669.52,669.52,431
2026-07-10 16:27:00,669.7301,669.7465,669.4,669.4,1829
2026-07-10 16:28:00,669.6349,669.6349,669.52,669.52,154
2026-07-10 16:29:00,669.5,669.55,669.4,669.4,648
2026-07-10 16:30:00,669.4,669.4,668.4735,668.98,332
2026-07-10 16:31:00,669.18,670.2,669,669,3321
2026-07-10 16:32:00,668.5,668.88,668.5,668.88,330
2026-07-10 16:33:00,669,670.14,668.98,670.1,3718
2026-07-10 16:34:00,670.1,670.1,669.06,669.06,212
2026-07-10 16:35:00,669.22,669.4618,669.2,669.4618,1077
2026-07-10 16:36:00,669.2,669.2,669.18,669.2,882
2026-07-10 16:37:00,669.17,669.17,669.17,669.17,177
2026-07-10 16:38:00,669.17,669.21,669.17,669.21,1004
2026-07-10 16:39:00,669.46,669.46,669.21,669.21,192
2026-07-10 16:40:00,669.25,669.2614,669.1,669.1,843
2026-07-10 16:41:00,669.08,669.1,668.91,668.91,727
2026-07-10 16:42:00,668.9575,669.0812,668.9575,669.0812,802
2026-07-10 16:43:00,669.48,669.48,669.02,669.02,990
2026-07-10 16:44:00,669.1,669.48,669.1,669.2,2037
2026-07-10 16:45:00,669.1994,669.1994,669.01,669.01,286
2026-07-10 16:46:00,669.01,669.1958,669.01,669.01,1172
2026-07-10 16:47:00,669.184,669.21,669.12,669.21,675
2026-07-10 16:48:00,669.0373,669.22,669.01,669.01,488
2026-07-10 16:49:00,669.05,669.05,669.01,669.03,289
2026-07-10 16:50:00,669.12,669.2,669.12,669.15,622
2026-07-10 16:51:00,669.02,669.1405,669.02,669.13,1103
2026-07-10 16:52:00,669.0891,669.15,669.0891,669.15,112
2026-07-10 16:53:00,669.1201,669.15,669.12,669.12,1522
2026-07-10 16:54:00,669.0478,669.0478,668.91,668.91,1811
2026-07-10 16:56:00,668.6732,668.6732,668.6,668.6,240
2026-07-10 16:57:00,668.6896,668.69,668.67,668.67,402
2026-07-10 16:58:00,668.73,668.73,668.7,668.7,125
2026-07-10 17:00:00,668.9,668.9,668.9,668.9,200
2026-07-10 17:02:00,668.9082,668.95,668.9,668.95,830
2026-07-10 17:03:00,668.9102,669,668.9101,669,506
2026-07-10 17:04:00,668.9,668.9,668.67,668.67,697
2026-07-10 17:05:00,668.83,668.83,668.55,668.55,1110
2026-07-10 17:06:00,668.2,668.2,668.18,668.2,780
2026-07-10 17:07:00,668.2,668.2,667.75,667.75,781
2026-07-10 17:08:00,667.9676,667.99,667.7625,667.99,796
2026-07-10 17:09:00,667.75,667.75,667.75,667.75,710
2026-07-10 17:10:00,667.5,667.5,667.5,667.5,88
2026-07-10 17:12:00,667.791,667.791,667.791,667.791,100
2026-07-10 17:13:00,667.83,667.84,667.5473,667.5473,505
2026-07-10 17:14:00,667.61,667.76,667.61,667.76,300
2026-07-10 17:15:00,667.84,667.84,667.84,667.84,42
2026-07-10 17:16:00,667.79,667.8,667.79,667.8,296
2026-07-10 17:17:00,667.83,667.84,667.83,667.84,608
2026-07-10 17:19:00,667.8088,667.86,667.6292,667.86,484
2026-07-10 17:20:00,667.8695,667.968,667.82,667.968,299
2026-07-10 17:21:00,667.8173,667.8434,667.8173,667.8434,187
2026-07-10 17:22:00,667.85,667.9708,667.85,667.883,704
2026-07-10 17:23:00,667.87,667.92,667.85,667.9,944
2026-07-10 17:24:00,667.89,667.89,667.5,667.5,1108
2026-07-10 17:25:00,667.4238,667.465,667.4,667.4,487
2026-07-10 17:26:00,667.394,667.4,667.33,667.344,929
2026-07-10 17:27:00,667.38,667.6,667.37,667.41,2812
2026-07-10 17:28:00,667.6,667.6,667.6,667.6,1062
2026-07-10 17:29:00,667.51,667.71,667.51,667.71,145
2026-07-10 17:31:00,667.9,667.9,667.9,667.9,50
2026-07-10 17:32:00,667.79,667.79,667.79,667.79,79
2026-07-10 17:33:00,667.82,667.82,667.82,667.82,125
2026-07-10 17:34:00,667.6237,667.9,667.55,667.55,662
2026-07-10 17:35:00,667.583,667.583,667.583,667.583,50
2026-07-10 17:37:00,667.9,667.9,667.9,667.9,223
2026-07-10 17:38:00,667.95,667.95,667.95,667.95,58
2026-07-10 17:39:00,668,668,668,668,75
2026-07-10 17:40:00,667.9915,667.9915,667.9915,667.9915,100
2026-07-10 17:41:00,667.98,667.98,667.95,667.95,309
2026-07-10 17:42:00,667.9,667.9,667.9,667.9,802
2026-07-10 17:43:00,667.99,667.99,667.99,667.99,80
2026-07-10 17:44:00,667.9024,667.9024,667.9024,667.9024,100
2026-07-10 17:45:00,668,668,667.92,667.95,405
2026-07-10 17:46:00,668.4149,668.4149,668.4149,668.4149,50
2026-07-10 17:47:00,668.19,668.19,668.19,668.19,300
2026-07-10 17:48:00,667.939,668.3809,667.939,668.1066,454
2026-07-10 17:49:00,668.3,668.5,668.2,668.2,259
2026-07-10 17:50:00,668.4746,668.4746,668.239,668.239,200
2026-07-10 17:51:00,668.2,668.422,668.2,668.3992,325
2026-07-10 17:52:00,667.978,667.978,667.978,667.978,66
2026-07-10 17:54:00,668.4302,668.4302,668.08,668.13,336
2026-07-10 17:55:00,668.3,668.4302,668.21,668.4302,385
2026-07-10 17:56:00,668.23,668.23,668.23,668.23,43
2026-07-10 17:57:00,668.39,668.39,668.1831,668.1831,399
2026-07-10 17:58:00,668.2,668.3823,668.1999,668.3084,525
2026-07-10 17:59:00,668.0694,668.3,668.0694,668.3,157
2026-07-10 18:01:00,668.3,668.3,668.3,668.3,221
2026-07-10 18:02:00,668.25,668.3583,668.25,668.3583,398
2026-07-10 18:03:00,668.39,668.39,668.1007,668.1007,240
2026-07-10 18:04:00,668.03,668.22,668.03,668.22,516
2026-07-10 18:05:00,668.25,668.25,668.25,668.25,50
2026-07-10 18:06:00,668.0805,668.0805,668.03,668.03,150
2026-07-10 18:07:00,668.27,668.27,668.2,668.2,132
2026-07-10 18:08:00,668.25,668.25,668.25,668.25,96
2026-07-10 18:09:00,668.0976,668.2466,668.09,668.1134,334
2026-07-10 18:10:00,668.0984,668.0984,668.0984,668.0984,50
2026-07-10 18:11:00,668.09,668.09,667.9,667.951,1700
2026-07-10 18:12:00,667.7,667.7,667.7,667.7,68
2026-07-10 18:13:00,667.5767,668.09,667.5767,668.09,250
2026-07-10 18:14:00,667.75,667.76,667.75,667.76,139
2026-07-10 18:16:00,667.7,667.7,667.7,667.7,50
2026-07-10 18:17:00,667.7351,667.7351,667.7351,667.7351,75
2026-07-10 18:18:00,667.6782,667.75,667.6782,667.75,238
2026-07-10 18:20:00,667.85,667.85,667.51,667.51,150
2026-07-10 18:21:00,667.51,667.51,667.51,667.51,300
2026-07-10 18:22:00,667.55,667.55,667.55,667.55,100
2026-07-10 18:23:00,667.7428,667.7428,667.64,667.64,186
2026-07-10 18:24:00,667.64,667.76,667.64,667.76,415
2026-07-10 18:26:00,667.815,667.88,667.75,667.7752,672
2026-07-10 18:27:00,667.75,667.75,667.75,667.75,65
2026-07-10 18:28:00,667.72,667.7586,667.7,667.7586,402
2026-07-10 18:29:00,667.65,667.65,667.65,667.65,50
2026-07-10 18:31:00,667.6695,667.8,667.65,667.8,550
2026-07-10 18:32:00,667.662,667.662,667.662,667.662,40
2026-07-10 18:33:00,667.8,667.82,667.8,667.82,424
2026-07-10 18:34:00,667.82,667.88,667.82,667.88,182
2026-07-10 18:36:00,667.9,668,667.9,668,611
2026-07-10 18:37:00,668.1338,668.2,668.06,668.2,1330
2026-07-10 18:40:00,668,668.1795,668,668.1795,198
2026-07-10 18:41:00,668.1636,668.1636,668.15,668.15,115
2026-07-10 18:42:00,668.1823,668.2,667.92,667.92,205
2026-07-10 18:43:00,668.1,668.11,668.1,668.1,230
2026-07-10 18:46:00,668.2,668.2,668.026,668.026,181
2026-07-10 18:47:00,668.2,668.2,668.1818,668.1818,914
2026-07-10 18:48:00,668.1686,668.1686,667.92,667.92,125
2026-07-10 18:49:00,668.1367,668.1367,668,668,149
2026-07-10 18:51:00,668.0003,668.0003,668,668,97
2026-07-10 18:52:00,668,668.1,667.92,667.92,1409
2026-07-10 18:53:00,667.95,667.95,667.6902,667.6902,196
2026-07-10 18:54:00,667.67,667.67,667.67,667.67,43
2026-07-10 18:55:00,667.92,667.92,667.92,667.92,50
2026-07-10 18:56:00,667.72,667.9571,667.7,667.83,242
2026-07-10 18:57:00,667.9571,667.9571,667.72,667.72,147
2026-07-10 18:58:00,667.67,667.7074,667.67,667.7074,98
2026-07-10 18:59:00,668,668,668,668,65
2026-07-10 19:01:00,667.94,667.94,667.8025,667.8025,369
2026-07-10 19:02:00,667.91,668.0486,667.8341,668.0486,424
2026-07-10 19:03:00,668.05,668.05,668.05,668.05,248
2026-07-10 19:05:00,668.19,668.2,668.1,668.1,999
2026-07-10 19:06:00,668.1507,668.1507,668.1507,668.1507,100
2026-07-10 19:07:00,668.2,668.25,668.1981,668.25,1076
2026-07-10 19:08:00,668.27,668.4,668.27,668.4,2250
2026-07-10 19:09:00,668.5,668.5,668.5,668.5,90
2026-07-10 19:11:00,668.5,668.5,668.37,668.4981,295
2026-07-10 19:12:00,668.4919,668.5,668.35,668.35,459
2026-07-10 19:13:00,668.12,668.29,668.12,668.29,930
2026-07-10 19:16:00,668.5905,668.6167,668.5905,668.6167,195
2026-07-10 19:21:00,668.46,668.67,668.46,668.67,1900
2026-07-10 19:22:00,668.6552,668.67,668.6552,668.67,350
2026-07-10 19:23:00,668.67,668.67,668.66,668.66,200
2026-07-10 19:24:00,668.67,668.8,668.67,668.8,1057
2026-07-10 19:26:00,668.76,668.76,668.76,668.76,83
2026-07-10 19:27:00,668.57,668.57,668.57,668.57,78
2026-07-10 19:29:00,668.95,668.95,668.7,668.7,147
2026-07-10 19:30:00,668.7,668.7,668.7,668.7,390
2026-07-10 19:31:00,668.72,668.72,668.72,668.72,50
2026-07-10 19:33:00,668.95,668.95,668.95,668.95,440
2026-07-10 19:34:00,668.75,668.75,668.06,668.0662,948
2026-07-10 19:35:00,668.45,668.45,668.0453,668.0453,118
2026-07-10 19:36:00,668.41,668.63,668.0732,668.0732,248
2026-07-10 19:37:00,668.42,668.8,668.42,668.67,1031
2026-07-10 19:38:00,668.6,668.6,668.6,668.6,126
2026-07-10 19:39:00,668.29,668.3,668.29,668.3,1012
2026-07-10 19:40:00,668,668.0324,668,668.0324,240
2026-07-10 19:41:00,668.16,668.16,668.16,668.16,50
2026-07-10 19:42:00,668.15,668.23,668,668.1,1145
2026-07-10 19:44:00,668.0627,668.0724,668.0627,668.0724,282
2026-07-10 19:45:00,668.0821,668.0821,668.0821,668.0821,50
2026-07-10 19:46:00,668.0307,668.21,668.0307,668.0608,340
2026-07-10 19:47:00,668.0583,668.0583,668.0583,668.0583,68
2026-07-10 19:48:00,668.2324,668.3,668,668,730
2026-07-10 19:49:00,668.02,668.3,668.02,668.104,2300
2026-07-10 19:50:00,668.22,668.22,668.22,668.22,250
2026-07-10 19:52:00,668.27,668.27,668.211,668.211,352
2026-07-10 19:53:00,668.26,668.26,668.22,668.22,83
2026-07-10 19:54:00,668.27,668.27,668.27,668.27,80
2026-07-10 19:55:00,668.1148,668.1148,668.1148,668.1148,200
2026-07-10 19:56:00,668.007,668.1641,668.007,668.026,620
2026-07-10 19:57:00,668.09,668.1631,668.05,668.05,282
2026-07-10 19:58:00,668.15,668.15,668.037,668.037,140
2026-07-10 19:59:00,668.0094,668.02,668,668.02,513
2026-07-13 04:00:00,659,663.82,657.0694,661.14,13432
2026-07-13 04:01:00,660.89,664,656.77,660,35000
2026-07-13 04:02:00,660,662.93,657.37,662.07,21608
2026-07-13 04:03:00,662.45,664.44,661.48,664.44,2413
2026-07-13 04:04:00,664.42,665,664.15,665,2071
2026-07-13 04:05:00,664.08,664.7,664,664.7,834
2026-07-13 04:06:00,664.94,665.5,664.94,665.06,248
2026-07-13 04:07:00,665.03,665.5,665,665,1547
2026-07-13 04:08:00,665,665,659,664.8,690
2026-07-13 04:09:00,664.91,665.5,664.91,665.5,1479
2026-07-13 04:10:00,664.39,665.3759,664.39,665.3759,1824
2026-07-13 04:11:00,665.12,665.48,665.12,665.48,130
2026-07-13 04:12:00,665.33,665.44,665.1,665.1,372
2026-07-13 04:13:00,665.39,665.5,665.39,665.5,236
2026-07-13 04:14:00,665.06,665.06,665.01,665.01,80
2026-07-13 04:15:00,665,665,665,665,40
2026-07-13 04:16:00,665,665.06,665,665.06,360
2026-07-13 04:18:00,665.62,666.88,665.6,666.88,1283
2026-07-13 04:19:00,666.61,668,666.61,668,4196
2026-07-13 04:20:00,667.99,667.99,667.3,667.3,334
2026-07-13 04:21:00,667,667.16,667,667.16,1012
2026-07-13 04:22:00,666.97,667.0052,666.6,666.6,517
2026-07-13 04:23:00,667,667,666.09,666.53,587
2026-07-13 04:24:00,665.66,666.095,665.66,665.97,123
2026-07-13 04:25:00,665.73,665.73,665.73,665.73,100
2026-07-13 04:27:00,666.21,666.21,666.21,666.21,95
2026-07-13 04:29:00,665.56,665.56,665.56,665.56,50
2026-07-13 04:30:00,665.5,665.5,665.5,665.5,132
2026-07-13 04:31:00,665.53,665.61,665.53,665.61,100
2026-07-13 04:33:00,666.51,666.95,666.51,666.88,743
2026-07-13 04:34:00,666.72,666.72,666.72,666.72,193
2026-07-13 04:35:00,666.74,666.74,666.74,666.74,50
2026-07-13 04:36:00,666.8,666.8,666,666.01,470
2026-07-13 04:37:00,666,666,665.94,665.94,99
2026-07-13 04:40:00,665.71,665.71,665.71,665.71,60
2026-07-13 04:41:00,665.25,665.25,665,665,451
2026-07-13 04:44:00,665.03,665.68,665.03,665.68,112
2026-07-13 04:45:00,665.74,665.79,665.74,665.79,100
2026-07-13 04:46:00,665.5,665.5,665.5,665.5,42
2026-07-13 04:47:00,665.84,665.84,665.84,665.84,98
2026-07-13 04:48:00,665.73,665.73,665.73,665.73,68
2026-07-13 04:49:00,665.1938,665.1938,665.1938,665.1938,193
2026-07-13 04:51:00,665.85,665.85,665.85,665.85,152
2026-07-13 04:52:00,665.85,666,665.85,666,507
2026-07-13 04:53:00,666.4,666.8,666.27,666.8,744
2026-07-13 04:55:00,666.2406,666.26,665.6,666.26,647
2026-07-13 04:56:00,666.29,666.29,665.99,665.99,308
2026-07-13 04:57:00,665.16,665.5,665.16,665.5,200
2026-07-13 04:58:00,665.8,665.8,665.7,665.7,244
2026-07-13 04:59:00,665.8,665.8,665.8,665.8,293
2026-07-13 05:00:00,665.5,666.48,665.5,665.75,249
2026-07-13 05:01:00,665.98,665.98,665.5,665.5,389
2026-07-13 05:02:00,665.56,665.56,665.5,665.5,299
2026-07-13 05:03:00,665.75,665.75,665.5,665.5,248
2026-07-13 05:04:00,665.73,666.07,665.73,666.07,159
2026-07-13 05:05:00,666.5,666.76,666.5,666.71,990
2026-07-13 05:08:00,666.5,666.5,666.5,666.5,79
2026-07-13 05:09:00,665.98,665.98,665.78,665.78,140
2026-07-13 05:10:00,665.7,665.7,665.7,665.7,110
2026-07-13 05:11:00,665.5494,666.25,665.5494,666.25,113
2026-07-13 05:12:00,666.5,667.32,666.5,667.32,548
2026-07-13 05:13:00,667.32,667.69,667.32,667.69,570
2026-07-13 05:15:00,667.25,667.25,667.25,667.25,125
2026-07-13 05:18:00,667.3677,667.3677,667.3677,667.3677,98
2026-07-13 05:19:00,667.42,667.42,667.41,667.41,127
2026-07-13 05:20:00,667.505,667.505,667.42,667.42,88
2026-07-13 05:21:00,667.42,667.42,667.35,667.35,292
2026-07-13 05:22:00,667.36,667.3867,667.35,667.3867,459
2026-07-13 05:25:00,667.51,667.51,667.51,667.51,80
2026-07-13 05:27:00,667.88,668.88,667.88,668.02,1991
2026-07-13 05:28:00,668.33,668.88,668.33,668.88,524
2026-07-13 05:29:00,668.84,668.9613,668.71,668.9,625
2026-07-13 05:30:00,668.98,669.59,668.81,668.99,3890
2026-07-13 05:32:00,668.9,668.95,668.69,668.69,228
2026-07-13 05:36:00,669.6,669.7,669.6,669.7,97
2026-07-13 05:37:00,669.6854,670,669.6854,670,687
2026-07-13 05:38:00,669.99,670.88,669.98,670.88,3747
2026-07-13 05:39:00,670.56,671.56,670.5,671.56,1138
2026-07-13 05:40:00,671.5984,671.6367,671.39,671.6367,1781
2026-07-13 05:41:00,671.6234,671.6234,671.33,671.54,504
2026-07-13 05:42:00,670.69,670.69,670.69,670.69,50
2026-07-13 05:43:00,670.5,670.77,670.5,670.77,347
2026-07-13 05:44:00,670.5,670.58,670.5,670.58,124
2026-07-13 05:45:00,670.35,670.43,670.08,670.08,372
2026-07-13 05:46:00,670,670,669.34,669.34,695
2026-07-13 05:47:00,669.36,669.36,669.34,669.36,1093
2026-07-13 05:48:00,669.34,669.65,669.19,669.19,1418
2026-07-13 05:49:00,669,669,668.5277,669,998
2026-07-13 05:50:00,668.6,668.6,668.31,668.31,291
2026-07-13 05:51:00,668.3,668.3,668,668,815
2026-07-13 05:52:00,668.04,668.04,667.67,667.67,2970
2026-07-13 05:53:00,668,668,667.0117,667.07,2814
2026-07-13 05:54:00,667.35,667.8,667.35,667.8,99
2026-07-13 05:56:00,668.59,669,668.59,669,993
2026-07-13 05:57:00,669.83,670.74,669,669.96,2173
2026-07-13 05:59:00,669.03,669.03,669,669,203
2026-07-13 06:00:00,670,670,670,670,250
2026-07-13 06:02:00,668.93,669,668.93,669,408
2026-07-13 06:04:00,668.06,668.06,668,668,278
2026-07-13 06:05:00,667.99,667.99,667.99,667.99,305
2026-07-13 06:06:00,667.35,667.35,667.01,667.2,336
2026-07-13 06:07:00,667.84,667.99,667.84,667.99,90
2026-07-13 06:08:00,667.93,667.94,667.93,667.94,121
2026-07-13 06:12:00,667.91,667.91,667.91,667.91,83
2026-07-13 06:15:00,667.98,667.98,667.7,667.7,246
2026-07-13 06:16:00,667.98,667.98,667.98,667.98,144
2026-07-13 06:17:00,667.71,667.76,667.01,667.76,695
2026-07-13 06:20:00,667.48,667.98,667.48,667.98,742
2026-07-13 06:21:00,667.97,667.98,667.97,667.98,623
2026-07-13 06:22:00,667.96,668.54,667.96,667.99,802
2026-07-13 06:25:00,667.96,667.96,667.96,667.96,129
2026-07-13 06:26:00,668,668.39,668,668.39,222
2026-07-13 06:27:00,667.66,667.66,666.7506,666.7506,2179
2026-07-13 06:28:00,667.11,667.5,667,667.44,782
2026-07-13 06:29:00,667.5,667.5,667.5,667.5,123
2026-07-13 06:30:00,667,667,666.95,666.95,1088
2026-07-13 06:31:00,666.7,666.7,666.7,666.7,82
2026-07-13 06:32:00,667.05,667.13,667.05,667.13,140
2026-07-13 06:34:00,667.23,667.23,667.23,667.23,215
2026-07-13 06:35:00,667.18,667.18,667.18,667.18,40
2026-07-13 06:36:00,667.44,667.48,667.44,667.48,130
2026-07-13 06:38:00,667.5,667.5,667.5,667.5,162
2026-07-13 06:39:00,667.2,667.23,667.04,667.23,339
2026-07-13 06:42:00,666,666,666,666,400
2026-07-13 06:43:00,666.58,666.82,666.58,666.82,270
2026-07-13 06:44:00,666.08,666.08,666.08,666.08,40
2026-07-13 06:45:00,665.9739,666.19,665.95,666.19,1449
2026-07-13 06:46:00,666.79,667,666.79,667,202
2026-07-13 06:47:00,667,667,666.79,666.94,798
2026-07-13 06:48:00,666.98,667.39,666.98,667.3,1202
2026-07-13 06:49:00,667.5,667.5,667.5,667.5,347
2026-07-13 06:52:00,667,667,667,667,100
2026-07-13 06:53:00,667.0309,668.6,667.0309,668.6,1273
2026-07-13 06:55:00,667.34,667.34,667.34,667.34,59
2026-07-13 06:56:00,668,668,668,668,337
2026-07-13 06:57:00,667.06,667.06,667.06,667.06,89
2026-07-13 06:59:00,667,667,667,667,47
2026-07-13 07:00:00,667.74,667.781,667.02,667.7519,530
2026-07-13 07:01:00,667.8,668.02,667.4327,667.4327,2134
2026-07-13 07:02:00,667.43,667.5105,667.01,667.01,448
2026-07-13 07:03:00,667.19,667.6085,666.01,666.01,1963
2026-07-13 07:04:00,666.5515,667.0586,666.3,666.3,549
2026-07-13 07:05:00,667,667.57,666.3,667.57,2708
2026-07-13 07:07:00,666.928,667,666.85,666.9358,710
2026-07-13 07:08:00,666.85,667,666.85,667,330
2026-07-13 07:09:00,666.75,666.75,666.45,666.45,140
2026-07-13 07:10:00,667.518,667.518,666.33,666.4999,530
2026-07-13 07:11:00,666.3001,666.92,666.3,666.92,992
2026-07-13 07:12:00,666.06,666.06,666,666,369
2026-07-13 07:13:00,666.065,666.25,666.065,666.25,785
2026-07-13 07:14:00,666,666.5,666,666.5,570
2026-07-13 07:15:00,666.0001,666.0001,666.0001,666.0001,327
2026-07-13 07:16:00,666,666.67,666,666.67,795
2026-07-13 07:17:00,666.1644,666.66,666.1644,666.66,676
2026-07-13 07:18:00,666.72,666.72,666.46,666.5,1458
2026-07-13 07:19:00,666.25,666.25,665.5,665.61,494
2026-07-13 07:20:00,665.5,665.93,665.5,665.73,463
2026-07-13 07:21:00,665.6029,666.01,665.6029,666,1039
2026-07-13 07:22:00,665.5,666,665.5,666,128
2026-07-13 07:23:00,666.0681,666.0681,666.0681,666.0681,100
2026-07-13 07:24:00,665.95,666.5,665.94,666.5,400
2026-07-13 07:25:00,666.5,666.5,666.5,666.5,100
2026-07-13 07:26:00,666.5,666.5,665,665.5658,1246
2026-07-13 07:27:00,665,665.05,664.89,665.05,1534
2026-07-13 07:28:00,664.79,665,664.79,664.8914,372
2026-07-13 07:29:00,665,665,664.78,664.78,396
2026-07-13 07:30:00,664.5,665,664.5,665,185
2026-07-13 07:31:00,664.7619,665.11,664.6805,664.6805,614
2026-07-13 07:32:00,664.5,664.98,664.4945,664.4945,233
2026-07-13 07:33:00,664.5,664.5,664.4,664.4,1735
2026-07-13 07:34:00,664.0542,664.11,663.3782,663.3782,1986
2026-07-13 07:35:00,663.83,664.5,663.72,664.5,634
2026-07-13 07:36:00,663.94,664.1222,663.4,663.83,1937
2026-07-13 07:37:00,663.65,664,663.33,664,883
2026-07-13 07:38:00,663.9713,664,663.6229,663.6229,868
2026-07-13 07:39:00,663.75,663.75,663.46,663.6,1408
2026-07-13 07:40:00,663.46,663.46,663,663,609
2026-07-13 07:41:00,663.1,663.2849,663.1,663.2849,704
2026-07-13 07:42:00,663.54,663.73,663.54,663.73,301
2026-07-13 07:43:00,663.75,663.75,663.4,663.68,190
2026-07-13 07:44:00,663.25,663.25,663.25,663.25,140
2026-07-13 07:45:00,663.4,663.8,663.0735,663.8,1250
2026-07-13 07:46:00,663.74,664.01,663,663.63,1648
2026-07-13 07:47:00,663.6042,663.6042,663.5,663.5,899
2026-07-13 07:48:00,663.5,663.95,663.5,663.95,1369
2026-07-13 07:49:00,664.11,664.25,663.98,663.98,190
2026-07-13 07:50:00,664.0098,664.2,664,664.12,720
2026-07-13 07:51:00,664.5,664.5,664.5,664.5,45
2026-07-13 07:52:00,664.3,664.5,664.3,664.5,251
2026-07-13 07:53:00,664.5,664.5,664.25,664.3,1006
2026-07-13 07:54:00,664.63,664.63,664.13,664.13,90
2026-07-13 07:55:00,664.72,664.72,664,664,644
2026-07-13 07:56:00,664.668,664.668,664.668,664.668,55
2026-07-13 07:57:00,664,664,662.51,662.55,1668
2026-07-13 07:58:00,662.51,663,662.51,662.5839,1757
2026-07-13 07:59:00,662.64,663.13,662.64,663.0852,620
2026-07-13 08:00:00,662.9958,663.41,662.9958,663.4,458
2026-07-13 08:01:00,663.41,663.71,663.09,663.09,1206
2026-07-13 08:02:00,664,664,664,664,950
2026-07-13 08:03:00,663.88,663.88,663.75,663.85,215
2026-07-13 08:05:00,664.3,664.318,664.3,664.318,798
2026-07-13 08:06:00,664.3208,664.47,664.24,664.25,3382
2026-07-13 08:08:00,664.33,664.33,664.29,664.3,390
2026-07-13 08:09:00,664.3,664.72,664.3,664.72,365
2026-07-13 08:10:00,664.55,665,664.55,665,1049
2026-07-13 08:11:00,664.8999,664.9,664.3,664.79,1580
2026-07-13 08:12:00,664.06,664.55,664.06,664.55,137
2026-07-13 08:13:00,664.44,664.8,664.36,664.8,1149
2026-07-13 08:14:00,664.6565,664.82,664.6565,664.82,400
2026-07-13 08:15:00,664.22,664.9999,664.22,664.99,592
2026-07-13 08:16:00,664.8986,664.8986,664.19,664.19,177
2026-07-13 08:17:00,664.38,664.5,664.0645,664.0645,1476
2026-07-13 08:18:00,664.33,664.5,664.0295,664.0295,475
2026-07-13 08:19:00,664.4,664.84,664.39,664.77,352
2026-07-13 08:20:00,664.01,664.23,664.01,664.23,100
2026-07-13 08:21:00,664.1172,664.5,664.1172,664.5,99
2026-07-13 08:23:00,664.2486,664.66,664.2486,664.3,335
2026-07-13 08:24:00,664.2026,664.53,664.2026,664.53,281
2026-07-13 08:25:00,664.5,664.95,664.47,664.86,833
2026-07-13 08:26:00,664.77,664.77,664.77,664.77,77
2026-07-13 08:27:00,664.4,664.4,664.4,664.4,40
2026-07-13 08:28:00,664.32,664.32,663.89,663.89,731
2026-07-13 08:29:00,663.88,663.88,663.45,663.54,3986
2026-07-13 08:30:00,663.54,663.78,662.62,662.69,15661
2026-07-13 08:31:00,662.527,662.83,662.51,662.549,3444
2026-07-13 08:32:00,662.5587,662.75,662.22,662.5,2713
2026-07-13 08:33:00,662.52,662.98,662.52,662.98,185
2026-07-13 08:34:00,662.99,662.99,662.99,662.99,150
2026-07-13 08:35:00,662.5,662.81,662.5,662.8,1122
2026-07-13 08:36:00,662.5,662.53,662.03,662.09,2325
2026-07-13 08:37:00,662.7,662.7,662.7,662.7,92
2026-07-13 08:38:00,662.79,663.4,662.79,662.914,515
2026-07-13 08:39:00,662.9143,663.84,662.9143,663.5,2310
2026-07-13 08:40:00,663.5,663.51,663.5,663.51,161
2026-07-13 08:41:00,663.0915,663.53,663,663,290
2026-07-13 08:42:00,663.1661,663.5,663.1261,663.5,505
2026-07-13 08:43:00,663,663,663,663,150
2026-07-13 08:44:00,663.85,664,663.85,663.99,472
2026-07-13 08:45:00,663.5,663.5,663.5,663.5,131
2026-07-13 08:46:00,664,664,664,664,100
2026-07-13 08:47:00,663.87,663.87,663.87,663.87,100
2026-07-13 08:48:00,664.05,664.48,664,664.48,428
2026-07-13 08:49:00,664.45,664.66,664.1045,664.66,957
2026-07-13 08:50:00,664.5855,664.5855,664.15,664.35,801
2026-07-13 08:51:00,664.4685,664.47,664.28,664.28,1091
2026-07-13 08:52:00,664.28,664.9,664.28,664.52,635
2026-07-13 08:53:00,664.8044,664.8044,664.8044,664.8044,150
2026-07-13 08:54:00,664.13,664.75,664.13,664.75,269
2026-07-13 08:55:00,664.59,664.59,664.33,664.444,251
2026-07-13 08:56:00,664.3176,664.3176,664.3176,664.3176,150
2026-07-13 08:57:00,664.3884,664.3884,664.3884,664.3884,140
2026-07-13 08:59:00,664.6,664.6,664.3914,664.3914,149
2026-07-13 09:00:00,664.65,664.76,664.3,664.3,1123
2026-07-13 09:01:00,664.5,664.52,664.25,664.52,1609
2026-07-13 09:02:00,664.65,664.79,664.0201,664.79,200
2026-07-13 09:03:00,664.47,664.5,664.47,664.5,140
2026-07-13 09:04:00,664.55,664.79,664.04,664.73,760
2026-07-13 09:05:00,664.41,665,664.06,665,3942
2026-07-13 09:06:00,664.63,664.89,664.0824,664.0824,1138
2026-07-13 09:07:00,664.49,664.49,664.02,664.02,1601
2026-07-13 09:08:00,664.02,664.5,664.02,664.5,89
2026-07-13 09:09:00,664.0476,664.45,664.0476,664.45,150
2026-07-13 09:10:00,664.0934,664.25,664.07,664.25,494
2026-07-13 09:11:00,664.16,664.16,664,664.07,1004
2026-07-13 09:12:00,664,664.27,663.87,664.27,1150
2026-07-13 09:13:00,664,664.22,662.8,663.01,5382
2026-07-13 09:14:00,662.81,663,662.81,663,1286
2026-07-13 09:15:00,662.96,663.14,662.87,662.9,518
2026-07-13 09:16:00,663,663.76,663,663.69,430
2026-07-13 09:17:00,663.72,663.72,662.2033,662.8502,7810
2026-07-13 09:18:00,662.87,663,662.85,662.85,250
2026-07-13 09:19:00,662.85,662.98,662.6,662.6,605
2026-07-13 09:20:00,662.9,662.94,661.19,661.35,1588
2026-07-13 09:21:00,661.49,661.67,661.19,661.58,792
2026-07-13 09:22:00,661.59,661.78,661.01,661.5,1460
2026-07-13 09:23:00,661.4896,661.99,661.4896,661.99,102
2026-07-13 09:24:00,661.9679,662.42,661.56,662.42,2789
2026-07-13 09:25:00,661.6,662.04,661.45,662.04,539
2026-07-13 09:26:00,662.04,662.22,662,662,555
2026-07-13 09:27:00,661.5,662.9,661.01,662,8589
2026-07-13 09:28:00,662.19,662.19,660.3,660.99,2116
2026-07-13 09:29:00,660.54,661.7,660.54,661.44,5540
2026-07-13 09:30:00,661.44,670.65,661.01,663.86,494045
2026-07-13 09:31:00,663.86,664.71,659.74,662.635,108220
2026-07-13 09:32:00,662.59,663.24,660.29,660.535,45519
2026-07-13 09:33:00,660.535,661.88,659.89,661.64,61843
2026-07-13 09:34:00,661.64,662.82,659.92,662.18,105369
2026-07-13 09:35:00,661.89,661.95,660,661.49,108613
2026-07-13 09:36:00,661.45,665.88,661.2,665.75,90515
2026-07-13 09:37:00,665.6991,668.22,665.55,667.535,70052
2026-07-13 09:38:00,667.535,670.32,667.05,669.4,68364
2026-07-13 09:39:00,669.5425,672.9797,669.16,672.5401,106334
2026-07-13 09:40:00,672.64,674.5,672.37,673.63,154569
2026-07-13 09:41:00,673.63,674.1394,671.2921,673.445,111431
2026-07-13 09:42:00,673.51,674.9,672.77,674.9,78906
2026-07-13 09:43:00,674.5,676.62,673.6,674.79,124087
2026-07-13 09:44:00,674.52,675.17,673.89,674.31,74223
2026-07-13 09:45:00,674.305,674.7,670.52,670.9005,96755
2026-07-13 09:46:00,671.13,672.995,670.6,672.48,72468
2026-07-13 09:47:00,672.48,673,671.5001,671.68,45246
2026-07-13 09:48:00,671.6775,671.96,665.2,665.81,104539
2026-07-13 09:49:00,665.665,666.11,664.74,665.18,60028
2026-07-13 09:50:00,665.18,665.35,662.5,662.865,94042
2026-07-13 09:51:00,662.705,662.94,659.88,660.45,168732
2026-07-13 09:52:00,660.63,662.02,659.18,661.7951,94297
2026-07-13 09:53:00,661.59,663.1,661.43,662.2,44238
2026-07-13 09:54:00,662.19,663.775,661.74,663.725,29057
2026-07-13 09:55:00,663.7,665.18,662.21,664.89,67618
2026-07-13 09:56:00,664.86,665.705,663.56,663.835,41063
2026-07-13 09:57:00,663.71,664.97,663.56,664.83,32834
2026-07-13 09:58:00,664.67,665.34,663.8802,663.99,21309
2026-07-13 09:59:00,663.88,664.7423,663.55,664.1875,35952
2026-07-13 10:00:00,664.08,664.33,662.83,663.47,50464
2026-07-13 10:01:00,663.46,664.37,662.32,662.825,29440
2026-07-13 10:02:00,662.82,663.7,662.46,662.765,25329
2026-07-13 10:03:00,662.66,663.199,662.265,662.5,20167
2026-07-13 10:04:00,662.5,662.64,661.33,661.755,29677
2026-07-13 10:05:00,661.755,663.99,661.47,663.56,31231
2026-07-13 10:06:00,663.58,663.85,662.6468,662.725,16307
2026-07-13 10:07:00,662.75,663.789,662.38,663.515,37887
2026-07-13 10:08:00,663.515,663.705,663.04,663.4,18531
2026-07-13 10:09:00,663.37,664.605,662.51,663.67,42656
2026-07-13 10:10:00,663.5355,664.03,662.95,663.19,57544
2026-07-13 10:11:00,663.13,663.3,661.69,662.0259,32652
2026-07-13 10:12:00,662.11,662.115,661.05,662.08,44869
2026-07-13 10:13:00,662.29,662.675,661.05,661.22,39704
2026-07-13 10:14:00,661.24,661.66,660,660.515,41879
2026-07-13 10:15:00,660.37,660.9499,657.6,657.85,118453
2026-07-13 10:16:00,657.79,658.9,654.5501,655.9876,100031
2026-07-13 10:17:00,655.79,657.38,655.17,656.92,64657
2026-07-13 10:18:00,656.68,657.57,656,657.15,28906
2026-07-13 10:19:00,657.335,657.335,655.69,656.21,31064
2026-07-13 10:20:00,656.21,656.76,655,655.24,27470
2026-07-13 10:21:00,655.24,655.7199,654.3202,654.99,37263
2026-07-13 10:22:00,654.99,655.07,654.2,654.79,43833
2026-07-13 10:23:00,654.678,655.8,654.23,655.495,35489
2026-07-13 10:24:00,655.485,655.58,654.6101,655.2,50451
2026-07-13 10:25:00,655.32,657.2,655.265,656.9601,38246
2026-07-13 10:26:00,657.1938,658.29,657.08,657.3,30847
2026-07-13 10:27:00,657.5573,658.4,657.0541,657.7947,30458
2026-07-13 10:28:00,657.88,657.99,656.66,657.01,27163
2026-07-13 10:29:00,657.01,657.7,656.6901,657,26029
2026-07-13 10:30:00,657.12,657.61,656.4,656.88,21552
2026-07-13 10:31:00,656.82,657.51,656.35,657.5,18952
2026-07-13 10:32:00,657.47,659,657.07,658.69,35120
2026-07-13 10:33:00,658.73,659,658,658.71,34751
2026-07-13 10:34:00,658.75,659.19,658,658.1751,25703
2026-07-13 10:35:00,658,658.3499,657.15,657.19,23085
2026-07-13 10:36:00,657.15,657.845,656.4801,657.655,16791
2026-07-13 10:37:00,657.72,657.755,657.08,657.755,14800
2026-07-13 10:38:00,657.755,658.8,657.755,658.43,22294
2026-07-13 10:39:00,658.4,658.8,657.8501,658.5615,13098
2026-07-13 10:40:00,658.64,658.89,657.62,657.845,29094
2026-07-13 10:41:00,657.9203,658.58,657.63,658.275,17016
2026-07-13 10:42:00,658.275,658.4,657.4,657.815,32906
2026-07-13 10:43:00,657.82,658.7299,657.39,658.13,29068
2026-07-13 10:44:00,658.065,658.3,657.46,658.09,16407
2026-07-13 10:45:00,657.88,658.45,657.6,658.325,11043
2026-07-13 10:46:00,658.335,659.36,657.62,659.35,27779
2026-07-13 10:47:00,659.359,659.49,658.67,659.4,29386
2026-07-13 10:48:00,659.28,659.49,658.8,659.28,22249
2026-07-13 10:49:00,659.3,659.88,659.205,659.88,18362
2026-07-13 10:50:00,659.785,660.36,659.45,659.855,31733
2026-07-13 10:51:00,659.99,661,659.59,660.75,116758
2026-07-13 10:52:00,660.67,661.8,660.665,661.505,51103
2026-07-13 10:53:00,661.51,662.73,660.92,662.35,45428
2026-07-13 10:54:00,662.54,663.99,662.43,663.3,48656
2026-07-13 10:55:00,663.195,663.88,663.195,663.775,35503
2026-07-13 10:56:00,663.76,663.98,662.84,663.28,49382
2026-07-13 10:57:00,663.23,663.49,662.2701,663,42629
2026-07-13 10:58:00,662.855,663.31,662.0302,662.295,35500
2026-07-13 10:59:00,662.295,662.68,661.1009,661.365,28528
2026-07-13 11:00:00,661.37,662.11,661.11,661.805,28613
2026-07-13 11:01:00,661.81,662.33,661.5,662,31991
2026-07-13 11:02:00,661.995,662.48,661.7701,662.07,20110
2026-07-13 11:03:00,661.93,662.58,661.93,662.52,15186
2026-07-13 11:04:00,662.56,663.14,661.74,662.79,30904
2026-07-13 11:05:00,662.805,663.9599,662.4401,663.705,34885
2026-07-13 11:06:00,663.82,664.56,663.745,663.8188,39181
2026-07-13 11:07:00,663.97,664.36,661.26,661.26,49500
2026-07-13 11:08:00,661.27,661.72,660.33,660.33,33661
2026-07-13 11:09:00,660.33,660.465,659.5501,659.7875,19229
2026-07-13 11:10:00,659.805,660.97,659.13,660.176,25506
2026-07-13 11:11:00,660,660.09,659.54,659.94,18152
2026-07-13 11:12:00,659.94,660.79,658.8,660.1764,20260
2026-07-13 11:13:00,660.21,660.21,659.71,659.85,5614
2026-07-13 11:14:00,659.845,659.845,658.48,659.0451,23382
2026-07-13 11:15:00,659.045,659.21,658.41,658.597,13234
2026-07-13 11:16:00,658.705,658.93,658.32,658.725,32801
2026-07-13 11:17:00,658.71,660.15,658.71,660,17661
2026-07-13 11:18:00,660,660.27,659.3,659.71,24115
2026-07-13 11:19:00,659.74,659.99,658.51,658.8,15272
2026-07-13 11:20:00,658.9315,659.2899,658.61,658.9301,18466
2026-07-13 11:21:00,659.2,660.2295,659.1492,659.785,30231
2026-07-13 11:22:00,659.775,660.68,659.39,660.235,19558
2026-07-13 11:23:00,660.2,660.46,659.64,660.07,24906
2026-07-13 11:24:00,660.13,660.38,659.32,659.78,25187
2026-07-13 11:25:00,659.8,659.81,658.28,658.34,14241
2026-07-13 11:26:00,658.335,659.07,658.12,658.46,16771
2026-07-13 11:27:00,658.32,659.02,658.265,658.74,15550
2026-07-13 11:28:00,658.64,658.84,658.32,658.61,16077
2026-07-13 11:29:00,658.72,659.735,658.64,659.51,15679
2026-07-13 11:30:00,659.5,659.94,659.16,659.835,12249
2026-07-13 11:31:00,659.8197,661.73,659.64,661.28,37176
2026-07-13 11:32:00,661.4,662.9999,660.92,662.69,57451
2026-07-13 11:33:00,662.77,662.77,661.68,661.82,20194
2026-07-13 11:34:00,662.2,663.965,662.051,663.62,37316
2026-07-13 11:35:00,663.68,663.7096,662.4066,662.61,22980
2026-07-13 11:36:00,662.55,662.69,661.8,662.175,10103
2026-07-13 11:37:00,662.135,662.69,661.8665,662.565,9164
2026-07-13 11:38:00,662.5651,662.97,662.31,662.79,21652
2026-07-13 11:39:00,662.7901,662.985,659.7,662.52,39077
2026-07-13 11:40:00,662.52,663.39,662.37,662.985,27288
2026-07-13 11:41:00,663.15,663.15,661.6001,662.07,42119
2026-07-13 11:42:00,662.0545,662.23,661.66,661.9605,9204
2026-07-13 11:43:00,661.98,662.21,661.6762,661.805,10307
2026-07-13 11:44:00,661.68,662.28,660.95,661.125,9815
2026-07-13 11:45:00,661.125,661.25,660.682,661.25,16081
2026-07-13 11:46:00,661.145,661.26,660.78,661.2,29624
2026-07-13 11:47:00,661.01,661.31,660.59,660.615,12875
2026-07-13 11:48:00,660.675,660.8,660.34,660.66,9480
2026-07-13 11:49:00,660.66,660.88,660.55,660.805,9141
2026-07-13 11:50:00,660.805,660.92,660.56,660.73,13307
2026-07-13 11:51:00,660.725,660.815,659.89,659.985,21648
2026-07-13 11:52:00,659.9,660.0699,659.37,659.465,16826
2026-07-13 11:53:00,659.52,659.89,659.37,659.89,6590
2026-07-13 11:54:00,659.95,660.5,659.78,660.5,9119
2026-07-13 11:55:00,660.55,660.77,660.1,660.19,18479
2026-07-13 11:56:00,660.29,660.85,660.21,660.6,13357
2026-07-13 11:57:00,660.745,660.93,660.52,660.7,20694
2026-07-13 11:58:00,660.7836,660.91,660.51,660.625,27632
2026-07-13 11:59:00,660.5,660.6025,659.64,660.2015,20868
2026-07-13 12:00:00,660.31,660.58,660.02,660.02,10686
2026-07-13 12:01:00,660.18,660.8,659.7082,660.76,16092
2026-07-13 12:02:00,660.88,660.95,660.31,660.81,16415
2026-07-13 12:03:00,660.92,661.05,660.1704,660.58,20906
2026-07-13 12:04:00,660.68,660.72,659.68,659.72,7480
2026-07-13 12:05:00,659.72,660.6,659.5,660.03,23280
2026-07-13 12:06:00,660.15,661.15,660.15,660.815,9823
2026-07-13 12:07:00,660.815,661.12,659.76,659.79,9679
2026-07-13 12:08:00,659.875,660.3,659.875,660.03,6599
2026-07-13 12:09:00,660.02,660.27,659.37,660.16,17660
2026-07-13 12:10:00,660.085,660.56,659.74,659.97,8490
2026-07-13 12:11:00,660.11,660.1872,659.52,659.56,10370
2026-07-13 12:12:00,659.72,660.175,659.57,660.175,11406
2026-07-13 12:13:00,660.18,660.58,659.78,659.9235,9899
2026-07-13 12:14:00,659.8,660.52,659.8,660.34,9035
2026-07-13 12:15:00,660.5,660.84,659.68,659.93,18744
2026-07-13 12:16:00,660.04,660.4999,659.47,660.11,12837
2026-07-13 12:17:00,660.07,660.25,659.46,660.05,14532
2026-07-13 12:18:00,659.87,659.98,659.12,659.545,33777
2026-07-13 12:19:00,659.4875,660.67,659.43,660.67,18233
2026-07-13 12:20:00,660.565,660.565,660.16,660.38,12426
2026-07-13 12:21:00,660.43,660.615,659.99,660.1769,20126
2026-07-13 12:22:00,660.12,660.5,660.06,660.255,10393
2026-07-13 12:23:00,660.255,660.88,660.15,660.8795,16687
2026-07-13 12:24:00,660.785,660.99,660.5,660.84,10297
2026-07-13 12:25:00,660.89,661.14,660.14,660.45,15494
2026-07-13 12:26:00,660.295,660.73,659.89,660.73,14366
2026-07-13 12:27:00,660.61,660.79,660.1,660.4,6587
2026-07-13 12:28:00,660.46,660.98,660.31,660.98,10034
2026-07-13 12:29:00,660.83,660.83,660.295,660.525,11745
2026-07-13 12:30:00,660.525,660.53,659.67,659.88,11845
2026-07-13 12:31:00,659.76,660.54,659.54,660.05,10608
2026-07-13 12:32:00,660.29,660.935,660.148,660.48,15492
2026-07-13 12:33:00,660.465,660.71,659.9006,660.12,15032
2026-07-13 12:34:00,660.21,660.21,659.5,660.07,28875
2026-07-13 12:35:00,659.915,660.27,659.55,659.96,10724
2026-07-13 12:36:00,659.97,660.21,659.68,660.1025,10751
2026-07-13 12:37:00,659.99,660.8,659.99,660.51,10137
2026-07-13 12:38:00,660.5,661.01,660.26,660.635,13789
2026-07-13 12:39:00,660.73,661.36,660.54,660.62,18053
2026-07-13 12:40:00,660.68,661.39,660.39,661.29,24213
2026-07-13 12:41:00,661.29,662.22,661.17,661.7,31882
2026-07-13 12:42:00,661.66,662.23,661.6025,662.07,13429
2026-07-13 12:43:00,661.98,663,661.98,662.83,20230
2026-07-13 12:44:00,662.7,663.39,662.4101,663.12,20494
2026-07-13 12:45:00,663.3299,664.34,663.01,664.015,36862
2026-07-13 12:46:00,664.015,664.49,663.94,664.28,28081
2026-07-13 12:47:00,664.27,664.27,662.97,662.97,30088
2026-07-13 12:48:00,663,663.085,661.32,661.33,23891
2026-07-13 12:49:00,661.33,661.825,661.21,661.615,17527
2026-07-13 12:50:00,661.77,661.7835,660.2,660.43,21936
2026-07-13 12:51:00,660.56,660.77,659.6701,660.13,32429
2026-07-13 12:52:00,660.065,660.27,659.79,659.9575,16407
2026-07-13 12:53:00,660.04,660.38,659.68,659.755,15525
2026-07-13 12:54:00,659.745,659.745,658.89,658.89,25345
2026-07-13 12:55:00,658.9,659.38,658.75,659.095,18608
2026-07-13 12:56:00,659.27,659.39,658.81,659.27,11813
2026-07-13 12:57:00,659.23,659.49,658.8,659.41,13787
2026-07-13 12:58:00,659.33,659.39,658.8202,659.13,14277
2026-07-13 12:59:00,659.04,659.76,658.58,658.58,20278
2026-07-13 13:00:00,658.54,660.88,658.41,659.94,39480
2026-07-13 13:01:00,660.08,660.08,658.88,659.075,16793
2026-07-13 13:02:00,658.91,659.17,658.3352,658.765,17417
2026-07-13 13:03:00,658.95,659.1849,658.35,658.52,13737
2026-07-13 13:04:00,658.48,658.805,657.66,658.205,29504
2026-07-13 13:05:00,658.205,659.67,658.1369,658.5,20969
2026-07-13 13:06:00,658.545,659.2,658.4609,658.93,15587
2026-07-13 13:07:00,658.815,660,658.65,659.875,18289
2026-07-13 13:08:00,659.865,660.25,658.96,658.96,20936
2026-07-13 13:09:00,659.055,660.15,658.8,659.6408,16817
2026-07-13 13:10:00,659.6401,660.29,659.6401,660.075,16146
2026-07-13 13:11:00,660.15,660.41,659.41,659.895,24699
2026-07-13 13:12:00,659.895,659.895,659.46,659.59,7089
2026-07-13 13:13:00,659.62,659.71,659.2,659.645,15630
2026-07-13 13:14:00,659.625,659.69,659.36,659.685,6647
2026-07-13 13:15:00,659.685,660.41,659.6,660.265,16556
2026-07-13 13:16:00,660.15,660.75,659.915,660.695,19830
2026-07-13 13:17:00,660.789,661.2,660.15,660.87,18670
2026-07-13 13:18:00,661.035,661.55,661,661.45,12359
2026-07-13 13:19:00,661.3,661.46,660.95,661.4446,14134
2026-07-13 13:20:00,661.49,661.53,660.96,661.4746,17266
2026-07-13 13:21:00,661.475,661.6,661.087,661.5,14085
2026-07-13 13:22:00,661.5,661.88,660.96,661.06,19026
2026-07-13 13:23:00,660.93,661.18,660.55,660.725,14015
2026-07-13 13:24:00,660.73,661.37,660.33,660.38,80723
2026-07-13 13:25:00,660.25,661.33,660.11,661.3,14104
2026-07-13 13:26:00,661.275,662.42,661.02,662.21,18835
2026-07-13 13:27:00,662.11,662.99,661.405,661.41,52140
2026-07-13 13:28:00,661.46,662.68,660.66,662.4051,31089
2026-07-13 13:29:00,662.415,662.64,660.43,660.825,53584
2026-07-13 13:30:00,661.14,661.26,660.3,660.655,14515
2026-07-13 13:31:00,660.685,661.3,659.27,660.23,51832
2026-07-13 13:32:00,660.23,661.19,660.05,660.28,20188
2026-07-13 13:33:00,660.265,660.59,659.64,659.64,13799
2026-07-13 13:34:00,659.62,661.649,659.6,661.53,30768
2026-07-13 13:35:00,661.53,661.53,660.8001,661.12,13246
2026-07-13 13:36:00,661.025,661.65,661.015,661.28,15007
2026-07-13 13:37:00,661.274,661.274,661.01,661.145,6989
2026-07-13 13:38:00,661.145,661.145,660.52,660.63,21219
2026-07-13 13:39:00,660.63,661,660.02,660.825,13867
2026-07-13 13:40:00,660.94,660.94,659.77,660.04,44030
2026-07-13 13:41:00,659.87,660.95,659.73,660.87,23244
2026-07-13 13:42:00,660.7581,661.31,660.63,661.13,31766
2026-07-13 13:43:00,661.21,661.74,661.01,661.58,18739
2026-07-13 13:44:00,661.58,661.8,660.78,661.135,32628
2026-07-13 13:45:00,660.86,661.91,660.69,661.9,19239
2026-07-13 13:46:00,661.95,662,660.87,661.19,16561
2026-07-13 13:47:00,661.24,661.68,661.04,661.52,10243
2026-07-13 13:48:00,661.37,661.58,661.15,661.3,11364
2026-07-13 13:49:00,661.16,661.285,660.5301,660.93,12182
2026-07-13 13:50:00,660.92,660.92,659.77,660.295,15834
2026-07-13 13:51:00,660.18,660.44,659.88,660.26,11552
2026-07-13 13:52:00,660.26,661,660.13,660.775,12160
2026-07-13 13:53:00,660.77,660.92,660.15,660.595,15713
2026-07-13 13:54:00,660.7,660.97,660.3922,660.8,9732
2026-07-13 13:55:00,660.81,660.86,660.3,660.66,12163
2026-07-13 13:56:00,660.75,660.75,660.35,660.575,7023
2026-07-13 13:57:00,660.57,660.81,660.48,660.58,6963
2026-07-13 13:58:00,660.575,661,660.565,660.9,8113
2026-07-13 13:59:00,660.9,661,660.3,660.55,16264
2026-07-13 14:00:00,660.54,660.56,659.66,659.7,12377
2026-07-13 14:01:00,659.84,660.01,659.69,659.9,16857
2026-07-13 14:02:00,659.9,660.33,659.85,660,19553
2026-07-13 14:03:00,659.99,660.3,659.64,659.775,24441
2026-07-13 14:04:00,659.775,660.48,659.77,660.33,26057
2026-07-13 14:05:00,660.53,660.53,659.92,660.2,13833
2026-07-13 14:06:00,660.41,660.92,659.99,660.67,9471
2026-07-13 14:07:00,660.63,661.49,660.53,661.49,20563
2026-07-13 14:08:00,661.34,661.43,661.06,661.34,7524
2026-07-13 14:09:00,661.265,661.6895,661.15,661.6895,9950
2026-07-13 14:10:00,661.33,661.5,661,661.01,10334
2026-07-13 14:11:00,661.02,661.65,660.83,661.51,32543
2026-07-13 14:12:00,661.61,661.78,660.44,660.95,18762
2026-07-13 14:13:00,661.09,661.45,660.7,661.09,11517
2026-07-13 14:14:00,661.11,661.45,660.9,661.42,26906
2026-07-13 14:15:00,661.46,661.66,660.72,660.84,12987
2026-07-13 14:16:00,660.71,660.84,660.3,660.565,29387
2026-07-13 14:17:00,660.24,660.95,660.12,660.95,13553
2026-07-13 14:18:00,660.99,661.07,660.44,660.44,11905
2026-07-13 14:19:00,660.51,660.81,660.26,660.53,10204
2026-07-13 14:20:00,660.84,661.23,660.5,661.22,11537
2026-07-13 14:21:00,661.16,661.23,660.83,661.185,8888
2026-07-13 14:22:00,661.19,661.61,660.89,661.035,44471
2026-07-13 14:23:00,660.89,661.88,660.89,661.675,19877
2026-07-13 14:24:00,661.675,661.675,660.76,661,15452
2026-07-13 14:25:00,660.9,662.025,660.66,661.8375,29253
2026-07-13 14:26:00,661.995,662.4314,661.92,662.2701,8756
2026-07-13 14:27:00,662.28,662.43,662.05,662.215,16517
2026-07-13 14:28:00,662.35,662.55,662.18,662.18,16402
2026-07-13 14:29:00,662.25,663.1499,662.2,663.02,30485
2026-07-13 14:30:00,662.96,663.26,662.75,663.17,16996
2026-07-13 14:31:00,663.165,663.165,661.99,662.83,30925
2026-07-13 14:32:00,662.89,663.59,662.83,663.5189,23717
2026-07-13 14:33:00,663.48,663.51,662.5,662.52,18085
2026-07-13 14:34:00,662.38,662.515,661.411,661.411,37122
2026-07-13 14:35:00,661.38,661.5999,661.04,661.33,29140
2026-07-13 14:36:00,661.17,661.89,661.06,661.4724,19164
2026-07-13 14:37:00,661.5,661.5,661.12,661.13,12328
2026-07-13 14:38:00,661.05,661.5,660.77,660.95,16557
2026-07-13 14:39:00,660.89,661.5,660.07,661.455,47895
2026-07-13 14:40:00,661.37,661.87,661.34,661.34,16273
2026-07-13 14:41:00,661.505,662,661.26,661.785,30818
2026-07-13 14:42:00,661.57,663,661.57,662.11,25100
2026-07-13 14:43:00,662.01,663.1,662,662.43,34695
2026-07-13 14:44:00,662.43,662.5288,661.72,661.93,11373
2026-07-13 14:45:00,661.988,661.988,661.25,661.77,27196
2026-07-13 14:46:00,661.78,661.78,661.24,661.52,15609
2026-07-13 14:47:00,661.41,661.85,661.1114,661.145,11442
2026-07-13 14:48:00,661.145,661.28,660.75,660.79,15421
2026-07-13 14:49:00,660.8,661.5844,660.5,661.39,23968
2026-07-13 14:50:00,661.35,661.49,660.635,660.75,22290
2026-07-13 14:51:00,660.725,661.04,660.29,660.33,13017
2026-07-13 14:52:00,660.4,660.55,660.23,660.45,9531
2026-07-13 14:53:00,660.37,661.25,660.37,660.85,18661
2026-07-13 14:54:00,661.19,661.45,661.03,661.23,11160
2026-07-13 14:55:00,661.35,661.4,660.72,660.72,14016
2026-07-13 14:56:00,660.795,661.24,660.6901,660.99,20382
2026-07-13 14:57:00,660.95,661.28,660.81,661.05,7535
2026-07-13 14:58:00,661.15,661.15,660.5885,660.945,10769
2026-07-13 14:59:00,660.8904,662.09,660.82,662,16024
2026-07-13 15:00:00,662.01,662.6,661.56,662.28,26904
2026-07-13 15:01:00,662.28,662.45,662.02,662.24,18622
2026-07-13 15:02:00,662.24,662.28,661.95,662.1,12930
2026-07-13 15:03:00,662.02,662.1499,661.18,661.18,12437
2026-07-13 15:04:00,661.09,661.64,660.99,661.42,13801
2026-07-13 15:05:00,661.42,662,661,661.87,22079
2026-07-13 15:06:00,661.865,662.49,661.865,662.3,26243
2026-07-13 15:07:00,662.365,662.7,662.1,662.33,41415
2026-07-13 15:08:00,662.2,662.4,661.96,662.05,20422
2026-07-13 15:09:00,661.95,662.17,661.75,662.085,10637
2026-07-13 15:10:00,662.1,662.28,661.65,661.6828,20026
2026-07-13 15:11:00,661.65,661.78,661.215,661.215,24957
2026-07-13 15:12:00,661.215,661.3,660.5,660.64,14956
2026-07-13 15:13:00,660.78,661.15,660.5401,660.78,13816
2026-07-13 15:14:00,660.79,661.17,660.59,660.67,11523
2026-07-13 15:15:00,660.685,660.79,660.42,660.54,17167
2026-07-13 15:16:00,660.615,660.91,660.27,660.325,14118
2026-07-13 15:17:00,660.325,660.66,660.28,660.49,11983
2026-07-13 15:18:00,660.33,660.5,660.01,660.27,22396
2026-07-13 15:19:00,660.34,660.45,659.81,659.934,47651
2026-07-13 15:20:00,659.81,659.98,659.5119,659.72,19153
2026-07-13 15:21:00,659.83,660.03,659.61,660,15291
2026-07-13 15:22:00,659.99,660.26,659.95,659.985,15512
2026-07-13 15:23:00,660.02,660.04,659.28,659.365,32957
2026-07-13 15:24:00,659.296,659.8499,659.2715,659.745,23638
2026-07-13 15:25:00,659.745,659.745,658.97,659.195,17979
2026-07-13 15:26:00,659.195,659.58,659.06,659.24,20386
2026-07-13 15:27:00,659.24,659.395,658.96,659.11,10932
2026-07-13 15:28:00,659.0201,659.29,658.74,659.23,23928
2026-07-13 15:29:00,659.2,659.24,658.36,658.77,15035
2026-07-13 15:30:00,658.77,659.03,658.1,658.33,28099
2026-07-13 15:31:00,658.21,658.97,657.79,658.43,35863
2026-07-13 15:32:00,658.4,658.7375,658.025,658.55,11370
2026-07-13 15:33:00,658.44,658.8,658.165,658.325,14986
2026-07-13 15:34:00,658.33,658.45,658,658.22,14731
2026-07-13 15:35:00,658.14,658.44,657.9,658.22,35304
2026-07-13 15:36:00,658.16,658.57,658,658.49,29503
2026-07-13 15:37:00,658.485,658.93,657.81,657.81,24217
2026-07-13 15:38:00,657.96,657.96,657.45,657.7,26727
2026-07-13 15:39:00,657.8,658,657.61,657.97,18436
2026-07-13 15:40:00,657.81,657.84,657.27,657.58,22187
2026-07-13 15:41:00,657.55,657.72,657.15,657.5401,20835
2026-07-13 15:42:00,657.59,657.79,657.37,657.625,18646
2026-07-13 15:43:00,657.625,657.825,657.37,657.785,14982
2026-07-13 15:44:00,657.74,658.08,657.44,658.08,25013
2026-07-13 15:45:00,658.07,658.15,657,657.145,38232
2026-07-13 15:46:00,657.115,657.25,656.52,657.13,20742
2026-07-13 15:47:00,657.09,657.73,656.74,657.45,49761
2026-07-13 15:48:00,657.555,658.25,657.19,657.97,69295
2026-07-13 15:49:00,658.02,658.045,657.19,657.19,18562
2026-07-13 15:50:00,657.27,658.17,657.21,658.12,33878
2026-07-13 15:51:00,657.93,658.73,657.93,658.13,27955
2026-07-13 15:52:00,658.11,658.49,657.8,658.23,37717
2026-07-13 15:53:00,658.285,658.61,658.03,658.38,65224
2026-07-13 15:54:00,658.3,658.44,655.76,656.32,90378
2026-07-13 15:55:00,656.15,656.32,654.81,655.53,141834
2026-07-13 15:56:00,655.58,656.52,655.17,656.47,100678
2026-07-13 15:57:00,656.36,657.08,655.97,656.835,159134
2026-07-13 15:58:00,656.835,657.305,656.73,657.305,150241
2026-07-13 15:59:00,657.285,657.34,656.68,656.73,267997
2026-07-13 16:00:00,656.75,656.75,656.1094,656.56,2306924
2026-07-13 16:01:00,656.33,656.74,656.08,656.48,2072
2026-07-13 16:02:00,656.6975,656.6975,656.48,656.48,5491
2026-07-13 16:03:00,656.49,656.49,656.41,656.41,642
2026-07-13 16:04:00,656.4403,656.74,656.4403,656.45,311
2026-07-13 16:05:00,656.6801,657.4987,656.6801,657.4987,4526
2026-07-13 16:06:00,656.8,657,656.74,656.74,165
2026-07-13 16:07:00,656.74,656.74,656.51,656.575,481
2026-07-13 16:08:00,656.6,656.61,656.5,656.5001,1189
2026-07-13 16:09:00,656.5,656.52,656.5,656.52,269
2026-07-13 16:10:00,656.5,656.71,656.41,656.5128,1609
2026-07-13 16:11:00,656.41,656.43,656.26,656.27,4576
2026-07-13 16:12:00,656.73,656.73,656.27,656.27,9570
2026-07-13 16:13:00,656.23,656.23,656.08,656.17,520
2026-07-13 16:15:00,656.23,656.5,656.2,656.2,1320
2026-07-13 16:16:00,656.39,656.48,656.2,656.48,1261
2026-07-13 16:17:00,656.27,656.69,656.2,656.69,718
2026-07-13 16:18:00,656.445,656.445,656.22,656.2419,161
2026-07-13 16:19:00,656.45,656.45,656.45,656.45,100
2026-07-13 16:20:00,656.45,656.6263,656.45,656.6263,300
2026-07-13 16:21:00,656.595,656.595,656.2,656.2729,2019
2026-07-13 16:22:00,656.445,656.445,656.28,656.28,800
2026-07-13 16:24:00,656.666,656.666,656.35,656.64,3287
2026-07-13 16:25:00,656.64,656.67,656.35,656.35,1124
2026-07-13 16:27:00,656.35,656.35,656.35,656.35,100
2026-07-13 16:30:00,656.41,656.41,656.41,656.41,150
2026-07-13 16:31:00,656.36,656.36,656.36,656.36,55
2026-07-13 16:32:00,656.35,656.35,656.35,656.35,876
2026-07-13 16:33:00,656.46,657,656.46,656.954,1366
2026-07-13 16:35:00,656.6,656.6,656.6,656.6,131
2026-07-13 16:36:00,656.57,656.57,656.57,656.57,100
2026-07-13 16:37:00,656.79,656.79,656.7698,656.7698,110
2026-07-13 16:39:00,656.55,656.84,656.55,656.82,253
2026-07-13 16:40:00,656.5,656.95,656.5,656.95,341
2026-07-13 16:41:00,656.56,656.73,656.55,656.55,240174
2026-07-13 16:45:00,656.98,656.98,656.98,656.98,66
2026-07-13 16:46:00,656.86,656.86,656.86,656.86,59
2026-07-13 16:48:00,656.7778,657,656.7778,656.9,245
2026-07-13 16:49:00,656.75,656.8947,656.75,656.8947,96
2026-07-13 16:50:00,656.89,656.8986,656.89,656.8986,126
2026-07-13 16:51:00,656.8,656.9,656.8,656.8922,756
2026-07-13 16:52:00,656.8,656.8,656.75,656.75,620
2026-07-13 16:53:00,656.82,656.82,656.57,656.57,418
2026-07-13 16:54:00,656.57,656.57,656.5,656.5,760
2026-07-13 16:55:00,656.5,656.7875,656.4894,656.7875,1020
2026-07-13 16:56:00,656.605,656.605,656.605,656.605,50
2026-07-13 16:57:00,656.8044,656.8044,656.8044,656.8044,50
2026-07-13 16:58:00,656.6102,656.6102,656.6102,656.6102,100
2026-07-13 16:59:00,656.58,656.58,656.58,656.58,62
2026-07-13 17:00:00,656.67,656.7,656.67,656.7,766
2026-07-13 17:01:00,656.8,656.82,656.7,656.7,275
2026-07-13 17:04:00,656.77,656.77,656.67,656.67,4847
2026-07-13 17:05:00,656.67,656.7,656.67,656.7,336
2026-07-13 17:06:00,656.71,656.71,656.71,656.71,520
2026-07-13 17:07:00,656.71,656.7982,656.71,656.7982,1295
2026-07-13 17:08:00,656.71,656.71,656.71,656.71,66
2026-07-13 17:10:00,656.8,656.8,656.8,656.8,40
2026-07-13 17:11:00,656.8,656.81,656.8,656.8,273
2026-07-13 17:14:00,656.8914,656.8914,656.8914,656.8914,70
2026-07-13 17:15:00,656.58,656.58,656.58,656.58,323
2026-07-13 17:17:00,656.713,656.713,656.5,656.5,150
2026-07-13 17:19:00,656.61,656.61,656.61,656.61,66
2026-07-13 17:20:00,656.61,656.61,656.6,656.6,147
2026-07-13 17:21:00,656.6,656.61,656.6,656.61,120
2026-07-13 17:23:00,656.71,656.71,656.71,656.71,50
2026-07-13 17:24:00,656.9,656.9,656.9,656.9,151
2026-07-13 17:25:00,656.8727,656.8727,656.8727,656.8727,300
2026-07-13 17:27:00,656.78,656.78,656.78,656.78,60
2026-07-13 17:28:00,656.75,656.75,656.75,656.75,80
2026-07-13 17:29:00,656.7,656.7,656.3,656.3,200
2026-07-13 17:30:00,656.73,656.73,656.73,656.73,200
2026-07-13 17:31:00,656.49,656.49,656.49,656.49,40
2026-07-13 17:32:00,656.39,656.4,656.3756,656.3756,245
2026-07-13 17:33:00,656.39,656.39,656.39,656.39,50
2026-07-13 17:35:00,656.35,656.35,656.35,656.35,48
2026-07-13 17:36:00,656.36,656.36,656.36,656.36,40
2026-07-13 17:37:00,656.31,656.31,656.31,656.31,85
2026-07-13 17:38:00,656.32,656.32,656.32,656.32,40
2026-07-13 17:39:00,656.3,656.3,656.3,656.3,199
2026-07-13 17:43:00,656.43,656.43,656.43,656.43,79
2026-07-13 17:44:00,656.5,656.5,656.5,656.5,307
2026-07-13 17:45:00,656.32,656.32,656.25,656.25,874
2026-07-13 17:49:00,656.38,656.38,656.38,656.38,83
2026-07-13 17:54:00,656.5,656.5,656.5,656.5,80
2026-07-13 17:55:00,656.6952,656.6952,656.6952,656.6952,75
2026-07-13 17:57:00,656.469,656.469,656.44,656.44,158
2026-07-13 17:59:00,656.24,656.24,656.24,656.24,85
2026-07-13 18:02:00,656.5,656.5,656.44,656.44,129
2026-07-13 18:05:00,656.3,656.3,656.3,656.3,252
2026-07-13 18:06:00,656.21,656.5,656.21,656.5,90
2026-07-13 18:07:00,656.2805,656.2805,656.2805,656.2805,40
2026-07-13 18:08:00,656.251,656.251,656.251,656.251,100
2026-07-13 18:09:00,656.43,656.43,656.43,656.43,50
2026-07-13 18:14:00,656.27,656.27,656.22,656.22,123
2026-07-13 18:17:00,656.239,656.239,656.239,656.239,50
2026-07-13 18:18:00,656.5,656.5,656.5,656.5,80
2026-07-13 18:20:00,656.2,656.2,656.2,656.2,50
2026-07-13 18:23:00,656.3,656.35,656.3,656.35,80
2026-07-13 18:24:00,656.21,656.22,656.21,656.22,239
2026-07-13 18:29:00,656.25,656.25,656.25,656.25,73
2026-07-13 18:30:00,656.2,656.39,656.2,656.37,279
2026-07-13 18:33:00,656.2,656.56,656.2,656.56,1299
2026-07-13 18:34:00,656.56,656.7,656.56,656.68,430
2026-07-13 18:35:00,656.65,656.7,656.65,656.7,406
2026-07-13 18:36:00,656.65,656.6501,656.65,656.6501,88
2026-07-13 18:37:00,656.72,656.72,656.67,656.67,471
2026-07-13 18:38:00,656.72,656.77,656.72,656.77,206
2026-07-13 18:39:00,656.86,656.86,656.83,656.83,164
2026-07-13 18:40:00,656.9,656.9,656.87,656.89,648
2026-07-13 18:41:00,657,657,657,657,1000
2026-07-13 18:43:00,656.8999,656.8999,656.7316,656.7316,200
2026-07-13 18:50:00,656.72,656.72,656.63,656.63,248
2026-07-13 18:54:00,656.2,656.2,656.2,656.2,40
2026-07-13 18:55:00,656.2,656.2,656.2,656.2,195
2026-07-13 18:58:00,656.25,656.25,656.25,656.25,60
2026-07-13 18:59:00,656.2696,656.2696,656.24,656.24,467
2026-07-13 19:00:00,656.2,656.2,656.18,656.2,176
2026-07-13 19:01:00,656.26,656.26,656.26,656.26,113
2026-07-13 19:02:00,656.2006,656.2006,656.2,656.2005,342
2026-07-13 19:03:00,656.2484,656.2484,656.2484,656.2484,50
2026-07-13 19:04:00,656.2,656.2,656.2,656.2,182
2026-07-13 19:05:00,656.2,656.2,656.18,656.18,120
2026-07-13 19:07:00,656.26,656.26,656.26,656.26,40
2026-07-13 19:08:00,656.2,656.3,656.2,656.2,550
2026-07-13 19:10:00,656.2003,656.21,656.2003,656.21,86
2026-07-13 19:12:00,656.5,656.5,656.21,656.21,144
2026-07-13 19:13:00,656.46,656.46,656.46,656.46,100
2026-07-13 19:15:00,656.24,656.24,656.24,656.24,40
2026-07-13 19:16:00,656.3,656.3,656.3,656.3,43
2026-07-13 19:19:00,656.3,656.4,656.3,656.4,93
2026-07-13 19:20:00,656.548,656.548,656.548,656.548,40
2026-07-13 19:21:00,656.5,656.5,656.5,656.5,40
2026-07-13 19:26:00,656.3,656.3,656.3,656.3,70
2026-07-13 19:28:00,656.2051,656.2051,656.2051,656.2051,59
2026-07-13 19:29:00,656.2,656.21,656.2,656.21,80
2026-07-13 19:30:00,656,656,655.68,655.68,629
2026-07-13 19:31:00,655.456,655.52,655.456,655.52,150
2026-07-13 19:35:00,655.45,655.45,655.45,655.45,80
2026-07-13 19:37:00,655.25,655.25,655.25,655.25,480
2026-07-13 19:39:00,656,656,655,655,627
2026-07-13 19:40:00,654.8,654.8,654.8,654.8,98
2026-07-13 19:42:00,654.5,654.62,654.5,654.62,945
2026-07-13 19:43:00,654.32,654.32,654.1102,654.1102,151
2026-07-13 19:44:00,654.57,654.57,654,654,577
2026-07-13 19:45:00,654.8,654.8,654.22,654.22,580
2026-07-13 19:46:00,654.2112,654.2112,654.04,654.05,1249
2026-07-13 19:47:00,654.4,654.4,654.1061,654.25,205
2026-07-13 19:48:00,654.23,654.5,654.23,654.5,203
2026-07-13 19:49:00,654.19,654.19,654.01,654.02,335
2026-07-13 19:50:00,654.02,654.3,654.02,654.3,300
2026-07-13 19:51:00,654.4,654.4,654.0335,654.0335,400
2026-07-13 19:52:00,654.4,654.4,654.4,654.4,40
2026-07-13 19:53:00,654.2,654.2,654.2,654.2,50
2026-07-13 19:54:00,654.4,654.5,654.4,654.5,181
2026-07-13 19:55:00,654.84,654.95,654.11,654.95,1790
2026-07-13 19:56:00,654.525,654.9177,654.525,654.7,476
2026-07-13 19:58:00,654.87,655,654.536,655,1606
2026-07-13 19:59:00,655.11,655.23,655.11,655.16,334
2026-07-14 04:00:00,656.75,657.84,652.4,656.484,7072
2026-07-14 04:01:00,652.7,657.49,652.7,656.72,5113
2026-07-14 04:02:00,656.75,657.67,652.4,653.72,9965
2026-07-14 04:03:00,653,653,652.5,652.5,630
2026-07-14 04:04:00,652.5,652.5,652,652,183
2026-07-14 04:05:00,651.14,651.14,651.14,651.14,360
2026-07-14 04:07:00,656.98,656.98,650.5,650.9,700
2026-07-14 04:08:00,650.9,651,650.9,651,419
2026-07-14 04:09:00,651.05,651.05,651.05,651.05,100
2026-07-14 04:10:00,651.13,651.4,651.0796,651.4,442
2026-07-14 04:11:00,651.5,652,651.5,652,720
2026-07-14 04:12:00,651.88,651.88,651.88,651.88,70
2026-07-14 04:13:00,651.84,651.84,651.84,651.84,106
2026-07-14 04:14:00,651.87,651.87,651.87,651.87,122
2026-07-14 04:15:00,651.78,652,651.78,652,145
2026-07-14 04:16:00,652,652.15,652,652.15,487
2026-07-14 04:18:00,652.7,652.7,652.7,652.7,40
2026-07-14 04:19:00,652.96,653.21,652.96,653.21,120
2026-07-14 04:20:00,652.75,652.75,652.75,652.75,145
2026-07-14 04:21:00,652.87,652.87,652.87,652.87,50
2026-07-14 04:22:00,652.5292,653.34,652.52,653.34,362
2026-07-14 04:23:00,653.32,653.32,653.32,653.32,100
2026-07-14 04:24:00,652.5,653.1401,652.5,653.1401,235
2026-07-14 04:28:00,652.3922,652.3922,652.3922,652.3922,50
2026-07-14 04:30:00,652.27,652.8,652.27,652.8,206
2026-07-14 04:34:00,651.7,651.7,651.7,651.7,57
2026-07-14 04:35:00,651.39,651.39,651.39,651.39,50
2026-07-14 04:37:00,651.2,651.2,651.2,651.2,40
2026-07-14 04:41:00,651,651.15,651,651.13,318
2026-07-14 04:42:00,650.5,650.5,650.5,650.5,99
2026-07-14 04:43:00,650.34,650.34,650.08,650.08,160
2026-07-14 04:44:00,650.5,650.5,650.27,650.27,176
2026-07-14 04:45:00,650.58,650.62,650.58,650.62,234
2026-07-14 04:46:00,650.73,650.73,650.73,650.73,50
2026-07-14 04:47:00,650.7,650.78,650.7,650.78,420
2026-07-14 04:53:00,650.3918,650.3918,650.3918,650.3918,40
2026-07-14 04:56:00,650.55,650.55,650.52,650.52,104
2026-07-14 04:57:00,650.44,651,650.44,651,312
2026-07-14 04:58:00,650.4,650.4,650.4,650.4,128
2026-07-14 05:00:00,650.39,650.39,650.36,650.36,85
2026-07-14 05:06:00,651.64,651.64,651.64,651.64,57
2026-07-14 05:08:00,651.33,651.33,651.33,651.33,50
2026-07-14 05:12:00,652.11,652.11,652.11,652.11,100
2026-07-14 05:27:00,651.7,651.7,651.5,651.5,276
2026-07-14 05:32:00,651.8,651.8,651.8,651.8,50
2026-07-14 05:36:00,651.5,651.5,651.5,651.5,294
2026-07-14 05:39:00,651.78,651.78,651.78,651.78,50
2026-07-14 05:43:00,651.68,651.68,651.68,651.68,120
2026-07-14 05:44:00,651.6,651.6,651.6,651.6,44
2026-07-14 05:48:00,651.47,651.7,651.4,651.7,280
2026-07-14 05:51:00,651.7,651.7,651.66,651.7,981
2026-07-14 06:04:00,651.7,651.7,651.7,651.7,50
2026-07-14 06:12:00,652.14,652.14,652.14,652.14,40
2026-07-14 06:17:00,651.55,651.55,651.55,651.55,46
2026-07-14 06:24:00,651.55,651.55,651.55,651.55,62
2026-07-14 06:27:00,652,652,652,652,456
2026-07-14 06:28:00,651.92,651.92,651.92,651.92,141
2026-07-14 06:29:00,651.6,651.6,651.6,651.6,98
2026-07-14 06:30:00,651.98,651.98,651.98,651.98,134
2026-07-14 06:31:00,651.6,651.6,651.6,651.6,493
2026-07-14 06:33:00,651.57,651.57,651.57,651.57,68
2026-07-14 06:35:00,651.049,651.049,651.049,651.049,40
2026-07-14 06:38:00,652.12,652.33,652.12,652.33,206
2026-07-14 06:40:00,652.13,652.13,652.13,652.13,99
2026-07-14 06:42:00,651.5,651.5,651.5,651.5,50
2026-07-14 06:49:00,652,652,652,652,116
2026-07-14 06:52:00,651.7875,651.7875,651.7875,651.7875,89
2026-07-14 06:54:00,652.29,652.29,652.29,652.29,40
2026-07-14 06:58:00,652.49,652.49,652.49,652.49,40
2026-07-14 06:59:00,652.27,652.27,652.27,652.27,50
2026-07-14 07:00:00,652.5,652.75,651.5,651.5,1513
2026-07-14 07:01:00,652,652,651.0604,651.24,730
2026-07-14 07:02:00,651.22,651.85,650.33,651.03,1453
2026-07-14 07:03:00,650.3202,651,650.3202,650.7027,400
2026-07-14 07:04:00,650.8543,651.82,650.78,650.78,530
2026-07-14 07:05:00,651.48,651.48,649.96,650.2,5385
2026-07-14 07:06:00,650.0451,650.65,650,650.65,950
2026-07-14 07:07:00,651,651.1485,650.35,651.1485,656
2026-07-14 07:08:00,650.59,650.8599,650.58,650.8599,365
2026-07-14 07:09:00,650.35,650.35,649.5,649.5,4205
2026-07-14 07:10:00,649.7714,649.7714,649.08,649.5,415
2026-07-14 07:11:00,649.22,649.8178,649,649.1586,596
2026-07-14 07:12:00,649.42,649.835,648.99,649,1705
2026-07-14 07:13:00,649.24,649.3,648.6,649.3,701
2026-07-14 07:14:00,648.95,649.9,648.95,649.9,554
2026-07-14 07:15:00,649.684,650.87,649.684,650.68,1050
2026-07-14 07:16:00,650.3,650.857,650.3,650.857,450
2026-07-14 07:17:00,650.68,650.68,650.4168,650.4168,1332
2026-07-14 07:18:00,650.3973,650.3973,649.5824,649.5824,709
2026-07-14 07:19:00,649.56,649.56,649.4562,649.4562,90
2026-07-14 07:21:00,649.25,649.25,649,649,651
2026-07-14 07:22:00,649,649.42,649,649,785
2026-07-14 07:23:00,649.286,649.4797,649.286,649.4797,260
2026-07-14 07:24:00,649.1641,649.58,649.16,649.46,680
2026-07-14 07:25:00,649.5,649.8581,649.5,649.8581,916
2026-07-14 07:26:00,649.9,649.9,649.44,649.44,731
2026-07-14 07:27:00,649.53,649.53,649.15,649.16,1469
2026-07-14 07:28:00,649.8171,649.8171,649,649,180
2026-07-14 07:29:00,649,649,648.51,648.51,5531
2026-07-14 07:30:00,648.6,648.6,648.4164,648.42,653
2026-07-14 07:31:00,648.44,649.0429,648.3,649.0429,1248
2026-07-14 07:32:00,649.12,649.383,648.6,648.6,590
2026-07-14 07:33:00,649.4593,649.5,649.065,649.065,1070
2026-07-14 07:34:00,649.3,649.36,649,649.25,941
2026-07-14 07:35:00,649.0464,649.435,648.8,649.15,4122
2026-07-14 07:36:00,649.4026,649.4997,648.3,648.3,1732
2026-07-14 07:37:00,648.1,648.632,648,648.6247,3868
2026-07-14 07:38:00,647.7,648.24,647.7,648.24,1376
2026-07-14 07:39:00,648.29,648.29,648.29,648.29,500
2026-07-14 07:40:00,648.129,648.6,648.129,648.52,196
2026-07-14 07:41:00,649,649,649,649,99
2026-07-14 07:42:00,649,649,649,649,247
2026-07-14 07:43:00,649,649,649,649,97
2026-07-14 07:44:00,648.9363,649,648,648,996
2026-07-14 07:45:00,648.3225,648.5642,648.3225,648.5642,1112
2026-07-14 07:46:00,648.9999,648.9999,648.33,648.5,1180
2026-07-14 07:47:00,648.377,648.3799,648.377,648.3799,800
2026-07-14 07:48:00,648.86,648.86,648.77,648.77,80
2026-07-14 07:49:00,648.96,648.99,648.955,648.955,324
2026-07-14 07:51:00,648.9286,649.44,648.73,649.4274,1297
2026-07-14 07:52:00,649.3,649.3,649,649.19,809
2026-07-14 07:53:00,649.17,649.17,648.87,648.87,325
2026-07-14 07:54:00,649,649.1,649,649.1,382
2026-07-14 07:55:00,649.1,649.58,649.1,649.58,1678
2026-07-14 07:56:00,649.5,649.5,649,649,225
2026-07-14 07:57:00,649,649.32,649,649.32,381
2026-07-14 07:58:00,649.01,649.01,648,648,2893
2026-07-14 07:59:00,648.56,648.56,648.4,648.4,210
2026-07-14 08:00:00,648.982,648.982,648.3081,648.3081,624
2026-07-14 08:01:00,648,648.15,648,648,280
2026-07-14 08:02:00,648,648.06,648,648.06,175
2026-07-14 08:03:00,648,648,648,648,137
2026-07-14 08:04:00,648.1,648.1,648.03,648.03,424
2026-07-14 08:05:00,648.86,648.93,648.86,648.93,200
2026-07-14 08:06:00,648.39,648.69,648.3808,648.69,1739
2026-07-14 08:07:00,648.86,649.1499,648.86,649.1499,2014
2026-07-14 08:08:00,649.12,649.12,648.7027,648.7027,336
2026-07-14 08:09:00,649.0524,649.0524,648.6,648.6,104
2026-07-14 08:10:00,648.1418,648.5,648.1418,648.5,350
2026-07-14 08:11:00,648.47,648.47,647.71,647.71,574
2026-07-14 08:12:00,647.5,647.53,647.3,647.53,679
2026-07-14 08:13:00,648.36,648.36,648.36,648.36,100
2026-07-14 08:14:00,647.6916,647.6916,647.3,647.3,180
2026-07-14 08:15:00,647.3176,647.3176,646.28,646.8244,2074
2026-07-14 08:16:00,646.25,646.609,646,646,993
2026-07-14 08:17:00,646,646.12,645.49,645.5,5857
2026-07-14 08:18:00,645.56,645.8884,645.5,645.74,6274
2026-07-14 08:19:00,645.75,646.5,645.75,646.35,966
2026-07-14 08:20:00,646.26,646.63,646.26,646.63,258
2026-07-14 08:21:00,646.95,647,645.93,645.93,659
2026-07-14 08:22:00,645.9,646.31,645.9,646,449
2026-07-14 08:23:00,646.2,646.2,646,646,689
2026-07-14 08:24:00,646.84,647,646.8313,647,1167
2026-07-14 08:25:00,647.2,647.83,647.02,647.4,1557
2026-07-14 08:26:00,647.5,647.5,647.03,647.49,640
2026-07-14 08:27:00,647.072,647.59,647.02,647.59,1624
2026-07-14 08:28:00,647.6,647.8,647.09,647.75,1948
2026-07-14 08:29:00,647.5,648.2,647.1,648.2,985
2026-07-14 08:30:00,649.12,653.7,648.39,652.48,5233
2026-07-14 08:31:00,652.5921,653,650.85,653,5403
2026-07-14 08:32:00,652.19,653.5,651.4,651.4,1628
2026-07-14 08:33:00,651.6,653.5,651.6,652.5,5140
2026-07-14 08:34:00,653.4026,653.4026,652.5,652.8874,1800
2026-07-14 08:35:00,652.5363,652.8835,651.06,651.49,5391
2026-07-14 08:36:00,651.44,651.94,651.2,651.2,1306
2026-07-14 08:37:00,651.53,652,650.5646,651,2361
2026-07-14 08:38:00,651,652,650.8,651.5,425
2026-07-14 08:39:00,651.01,651.43,650.41,651.43,812
2026-07-14 08:40:00,650.26,650.91,650.01,650.01,2025
2026-07-14 08:41:00,650,650.05,649,649.77,4255
2026-07-14 08:42:00,650.05,650.05,649.21,649.21,929
2026-07-14 08:43:00,649.51,649.51,648.69,648.69,1620
2026-07-14 08:44:00,648.56,648.94,648,648.94,1827
2026-07-14 08:45:00,649,656.73,648.9718,649.0529,36603
2026-07-14 08:46:00,649.5,649.93,649.27,649.5,1638
2026-07-14 08:47:00,649.47,649.5,648.57,648.57,622
2026-07-14 08:48:00,649,649.2,648.57,648.57,2475
2026-07-14 08:49:00,648.6,648.97,648.5,648.97,563
2026-07-14 08:50:00,648.5,648.95,648.5,648.51,261
2026-07-14 08:51:00,648.78,648.85,648.1,648.1,823
2026-07-14 08:52:00,648.12,648.7663,648.12,648.7068,839
2026-07-14 08:53:00,648.56,648.56,648.1515,648.35,637
2026-07-14 08:55:00,648.75,648.75,648.1,648.1,715
2026-07-14 08:56:00,648.15,648.15,647.5,647.5,2288
2026-07-14 08:57:00,647.639,647.9,647.03,647.4,950
2026-07-14 08:58:00,647.4,647.65,647.0868,647.0868,593
2026-07-14 08:59:00,647.3,647.68,647.3,647.632,367
2026-07-14 09:00:00,647.0401,647.78,647.0401,647.0691,577
2026-07-14 09:01:00,647.59,647.9652,647.17,647.6903,1705
2026-07-14 09:02:00,647.9,647.9,646.53,646.77,4748
2026-07-14 09:03:00,647.0702,647.749,646.52,646.52,2224
2026-07-14 09:04:00,646.8,647,646.8,647,1317
2026-07-14 09:05:00,646.83,648,646.83,647.98,742
2026-07-14 09:06:00,648,648,647.95,647.97,418
2026-07-14 09:07:00,647.9756,648,647.9554,648,440
2026-07-14 09:08:00,648.44,648.4777,647.99,648,659
2026-07-14 09:09:00,648.31,648.83,648,648.76,1011
2026-07-14 09:10:00,648.87,648.87,648.5,648.87,1146
2026-07-14 09:11:00,648.4373,649.49,648.4373,649.48,1331
2026-07-14 09:12:00,649.4,649.4,648.87,649.04,461
2026-07-14 09:13:00,648.5295,649.05,647.8,647.8,3772
2026-07-14 09:14:00,648,648,647.07,647.07,627
2026-07-14 09:15:00,647.49,647.49,647.49,647.49,49
2026-07-14 09:16:00,647.9298,647.9298,647.9298,647.9298,100
2026-07-14 09:17:00,647.6798,647.68,647.53,647.53,510
2026-07-14 09:18:00,647.01,647.01,646.0349,646.285,4686
2026-07-14 09:19:00,646.4688,647,646.43,646.5551,2192
2026-07-14 09:20:00,646.5572,647.01,646.01,647,1673
2026-07-14 09:21:00,646.17,647.99,646.17,647.76,571
2026-07-14 09:22:00,647.6372,648,647.07,647.39,790
2026-07-14 09:23:00,647.74,648.844,647.74,648.25,492
2026-07-14 09:24:00,648.8065,648.8354,648,648.25,383
2026-07-14 09:25:00,648.8,649.5,648.73,649.22,3423
2026-07-14 09:26:00,649,649.49,648,648,2448
2026-07-14 09:27:00,648.14,651.4,648.14,650.4,3842
2026-07-14 09:28:00,650.2,652.15,650.2,651.45,8227
2026-07-14 09:29:00,651.55,652.08,651.0599,651.98,1507
2026-07-14 09:30:00,651.81,654.38,649.05,652.885,286921
2026-07-14 09:31:00,652.21,656.05,652.13,655.32,55353
2026-07-14 09:32:00,655.595,656.1899,653.14,655.57,83561
2026-07-14 09:33:00,655.49,656.47,653.46,654.4,43175
2026-07-14 09:34:00,653.545,654.57,652.8,653.011,20977
2026-07-14 09:35:00,653.145,654.5,652.21,653.96,23324
2026-07-14 09:36:00,654.49,656,653.37,653.84,29966
2026-07-14 09:37:00,653.77,657.4,653.69,656.1601,38231
2026-07-14 09:38:00,656.465,657.36,655,657.2,36094
2026-07-14 09:39:00,657.44,659.71,656.9,659.59,51618
2026-07-14 09:40:00,659.354,659.59,658,658.315,34413
2026-07-14 09:41:00,658.42,660.16,658.1227,659.65,63586
2026-07-14 09:42:00,659.92,660.87,656.85,657.19,58897
2026-07-14 09:43:00,657.245,658.42,656.43,656.95,29436
2026-07-14 09:44:00,657.07,658.9452,656.1501,658.9452,21739
2026-07-14 09:45:00,659.06,662.65,658.81,661.5,55294
2026-07-14 09:46:00,661.5,661.89,660.781,661.37,30213
2026-07-14 09:47:00,661.34,661.88,658.66,659.415,48325
2026-07-14 09:48:00,659.415,660.99,659.27,659.625,27539
2026-07-14 09:49:00,659.88,660.185,658.8301,659.79,13924
2026-07-14 09:50:00,659.615,662,659.42,661.68,83813
2026-07-14 09:51:00,661.805,662.3,661.12,661.755,44045
2026-07-14 09:52:00,661.6571,661.9599,656.7093,660.715,47305
2026-07-14 09:53:00,660.6036,662.57,660.6036,662.15,41054
2026-07-14 09:54:00,661.84,662.01,660.07,660.325,69167
2026-07-14 09:55:00,660.46,661,659.47,659.685,32206
2026-07-14 09:56:00,659.695,662.08,659.69,661.81,15294
2026-07-14 09:57:00,661.805,661.97,660.6,660.6,23135
2026-07-14 09:58:00,660.6,661.06,659.5901,660.315,12699
2026-07-14 09:59:00,660.49,661.42,660.12,661.075,10981
2026-07-14 10:00:00,660.81,662.44,660.63,661.4336,51424
2026-07-14 10:01:00,661.71,661.719,659.9,660.17,28424
2026-07-14 10:02:00,660.19,661.42,658.85,659.18,50269
2026-07-14 10:03:00,659.0098,659.225,656.921,657.67,27140
2026-07-14 10:04:00,657.568,657.67,656.17,656.25,35088
2026-07-14 10:05:00,656.305,657.78,655.68,657.485,35268
2026-07-14 10:06:00,657.48,658.2,657.125,657.615,26466
2026-07-14 10:07:00,657.8395,658.13,656.98,656.98,22690
2026-07-14 10:08:00,657.07,657.07,655.5,656.09,31319
2026-07-14 10:09:00,656.085,659,655.55,658.755,59169
2026-07-14 10:10:00,658.938,658.938,657.38,657.605,22712
2026-07-14 10:11:00,657.82,658,657,657.36,35652
2026-07-14 10:12:00,657.36,658.12,656.28,656.45,39384
2026-07-14 10:13:00,656.6,656.6608,655.73,656.4,23444
2026-07-14 10:14:00,656.3275,657.71,656.01,657.53,30428
2026-07-14 10:15:00,657.89,658.3036,657.001,657.765,13553
2026-07-14 10:16:00,657.76,657.76,656.34,657.23,19267
2026-07-14 10:17:00,657.18,657.49,656.72,657.3202,10808
2026-07-14 10:18:00,657.32,658.39,657.14,657.88,22518
2026-07-14 10:19:00,657.84,658.7,657.67,658.14,20416
2026-07-14 10:20:00,658.135,658.9699,658.05,658.265,15071
2026-07-14 10:21:00,658.26,658.59,657.495,657.73,22145
2026-07-14 10:22:00,657.73,660.77,657.725,660.56,67360
2026-07-14 10:23:00,660.595,660.9594,658.85,658.875,29996
2026-07-14 10:24:00,658.74,659.781,658.44,659.345,11572
2026-07-14 10:25:00,659.21,659.66,658.5,658.69,16653
2026-07-14 10:26:00,658.61,658.61,657.22,657.595,34718
2026-07-14 10:27:00,657.44,657.97,656.92,657.55,14272
2026-07-14 10:28:00,657.76,657.8,656.56,657.1009,23247
2026-07-14 10:29:00,657.155,658.2588,656.22,657.815,32740
2026-07-14 10:30:00,657.805,658.99,657.61,658.825,73681
2026-07-14 10:31:00,658.825,661.1699,658.8,659.595,53960
2026-07-14 10:32:00,659.75,661.6,659.59,661.36,25617
2026-07-14 10:33:00,661.36,661.65,659.36,660.21,65938
2026-07-14 10:34:00,660,662.28,659.645,661.7199,46344
2026-07-14 10:35:00,661.36,662.98,660.97,662.73,62099
2026-07-14 10:36:00,662.67,664.28,662.4939,663.2,83502
2026-07-14 10:37:00,663.33,663.35,661.41,661.6425,33149
2026-07-14 10:38:00,661.99,662.7699,660.8005,662.265,18244
2026-07-14 10:39:00,662.08,662.56,661.881,662.22,9856
2026-07-14 10:40:00,662.16,663.25,662,662.33,25465
2026-07-14 10:41:00,662.34,663.01,662,662.51,26932
2026-07-14 10:42:00,662.64,663.427,662.37,662.37,17466
2026-07-14 10:43:00,662.5,663.48,661.86,662.425,40868
2026-07-14 10:44:00,662.2548,662.2548,661.29,661.59,14465
2026-07-14 10:45:00,661.3802,661.491,660.62,660.99,35056
2026-07-14 10:46:00,660.9549,661.27,660.32,660.725,19248
2026-07-14 10:47:00,661.02,661.57,660.6067,661.0974,18765
2026-07-14 10:48:00,661.17,662.32,660.26,661.295,26820
2026-07-14 10:49:00,661.29,661.78,660.91,661.545,7978
2026-07-14 10:50:00,661.74,661.74,660.38,660.705,11269
2026-07-14 10:51:00,660.705,661.36,660.27,661.045,7394
2026-07-14 10:52:00,661.045,661.6699,660.45,660.45,8686
2026-07-14 10:53:00,660.55,661.76,660.49,661.61,14945
2026-07-14 10:54:00,661.57,662.31,661.57,662.12,13887
2026-07-14 10:55:00,662.075,662.83,661.35,662.73,19099
2026-07-14 10:56:00,662.73,663,661.9001,662.23,12702
2026-07-14 10:57:00,662.22,663.2,662.0105,662.705,15625
2026-07-14 10:58:00,662.6355,662.92,661.69,661.89,7083
2026-07-14 10:59:00,661.6901,662.54,661.59,662.465,9194
2026-07-14 11:00:00,662.24,662.535,661.87,662.3344,16045
2026-07-14 11:01:00,662.02,662.41,660.63,660.63,9249
2026-07-14 11:02:00,660.81,661.16,660.18,660.58,58580
2026-07-14 11:03:00,660.385,661.35,660.25,660.68,21270
2026-07-14 11:04:00,660.775,662.87,660.4,661.7,20448
2026-07-14 11:05:00,661.6764,662.23,661.2,661.98,16468
2026-07-14 11:06:00,661.97,663,661.6801,662.5,22072
2026-07-14 11:07:00,662.56,663.18,662.35,662.97,13569
2026-07-14 11:08:00,662.9853,663.55,662.54,663.02,16400
2026-07-14 11:09:00,662.85,663.5,662.56,663.31,14866
2026-07-14 11:10:00,663.29,663.7,662.36,662.705,40181
2026-07-14 11:11:00,662.59,662.91,662.12,662.49,15302
2026-07-14 11:12:00,662.635,662.9999,662.37,662.64,6588
2026-07-14 11:13:00,662.6,663.085,662.39,662.8,8595
2026-07-14 11:14:00,662.84,663,662.26,662.56,6983
2026-07-14 11:15:00,662.5,662.95,662.26,662.6,12838
2026-07-14 11:16:00,662.7899,662.7899,661.56,662.025,20843
2026-07-14 11:17:00,662.015,662.4995,661.91,662.015,8832
2026-07-14 11:18:00,661.97,662.18,661.6,661.67,12955
2026-07-14 11:19:00,661.67,662.12,661.52,661.65,10797
2026-07-14 11:20:00,661.7,661.71,661,661.22,14215
2026-07-14 11:21:00,661.15,661.5,661.0001,661.195,5163
2026-07-14 11:22:00,661,661.1505,660.185,660.26,15417
2026-07-14 11:23:00,660.26,661.4,660.2,661.11,27055
2026-07-14 11:24:00,661.148,661.56,661.02,661.56,5476
2026-07-14 11:25:00,661.625,662,661.235,661.24,33437
2026-07-14 11:26:00,661.08,661.67,660.64,660.906,6590
2026-07-14 11:27:00,661.07,661.16,660.4201,660.53,16395
2026-07-14 11:28:00,660.755,661.0296,660.28,660.28,29073
2026-07-14 11:29:00,660.2837,660.89,660.2837,660.635,15910
2026-07-14 11:30:00,660.685,660.87,659.62,659.965,23577
2026-07-14 11:31:00,659.96,660.12,659.61,659.71,22708
2026-07-14 11:32:00,659.68,659.69,658.75,659.06,10939
2026-07-14 11:33:00,658.79,659.32,658.03,658.31,38677
2026-07-14 11:34:00,658.1,658.47,657.2,657.3474,13684
2026-07-14 11:35:00,657.48,657.74,656.77,657.44,24784
2026-07-14 11:36:00,657.44,657.47,656.76,656.975,17962
2026-07-14 11:37:00,656.97,657.8,656.8,657.4662,15912
2026-07-14 11:38:00,657.5328,657.87,656.71,657.135,54486
2026-07-14 11:39:00,657.0769,657.8952,656.82,657.415,15211
2026-07-14 11:40:00,657.32,657.9,657.22,657.64,29895
2026-07-14 11:41:00,657.64,658,656.8,656.82,12897
2026-07-14 11:42:00,656.85,657.3,656.62,656.96,7382
2026-07-14 11:43:00,657.15,657.18,656.01,656.5,16000
2026-07-14 11:44:00,656.515,657.1499,656.38,657,13849
2026-07-14 11:45:00,656.835,657.09,656.27,656.5,12990
2026-07-14 11:46:00,656.49,656.875,656.39,656.71,10083
2026-07-14 11:47:00,656.54,657.12,656.51,656.98,9751
2026-07-14 11:48:00,656.85,657.25,656.7701,656.925,8029
2026-07-14 11:49:00,656.925,657.41,656.18,656.7,25502
2026-07-14 11:50:00,656.97,657.35,656.6,656.88,11941
2026-07-14 11:51:00,656.885,657.38,656.85,657.27,14447
2026-07-14 11:52:00,657.165,657.57,656.96,657.305,7757
2026-07-14 11:53:00,657.31,658.06,657.31,657.535,22104
2026-07-14 11:54:00,657.3888,657.532,657.04,657.15,22279
2026-07-14 11:55:00,657.11,657.11,656.3,656.42,12600
2026-07-14 11:56:00,656.42,656.8,655.63,655.872,17828
2026-07-14 11:57:00,655.8,657.26,655.7201,656.9724,17281
2026-07-14 11:58:00,656.77,656.89,656.16,656.27,9453
2026-07-14 11:59:00,656.3,656.83,656.2,656.71,3954
2026-07-14 12:00:00,656.71,656.8698,655.84,656.01,7010
2026-07-14 12:01:00,655.92,656.6099,655.83,656.1,6036
2026-07-14 12:02:00,656.06,656.36,655.86,656.297,5621
2026-07-14 12:03:00,656.135,656.29,655.25,655.96,19160
2026-07-14 12:04:00,655.69,655.69,655.19,655.56,18688
2026-07-14 12:05:00,655.4701,655.8592,655.3701,655.595,4596
2026-07-14 12:06:00,655.69,656.34,655.59,656.32,12465
2026-07-14 12:07:00,656.2034,656.3332,655.9,656.2,8821
2026-07-14 12:08:00,656.145,656.83,656.13,656.83,5301
2026-07-14 12:09:00,656.77,656.81,656.37,656.42,7758
2026-07-14 12:10:00,656.42,656.712,656.31,656.46,5033
2026-07-14 12:11:00,656.48,656.67,655.75,656.1,5059
2026-07-14 12:12:00,656.105,656.64,655.8,656.37,10647
2026-07-14 12:13:00,656.37,656.67,656.25,656.665,6218
2026-07-14 12:14:00,656.67,657,656.67,656.9995,5108
2026-07-14 12:15:00,656.89,657.07,656.59,656.975,10407
2026-07-14 12:16:00,656.975,657.75,656.975,657.465,12494
2026-07-14 12:17:00,657.35,657.69,656.83,657.69,7378
2026-07-14 12:18:00,657.715,657.89,657.06,657.6,12245
2026-07-14 12:19:00,657.33,657.47,656.83,657.01,5405
2026-07-14 12:20:00,657.2,657.2,656.7,656.7,7332
2026-07-14 12:21:00,656.63,656.9799,656.4705,656.715,7559
2026-07-14 12:22:00,656.74,657.13,656.45,656.93,11471
2026-07-14 12:23:00,657.03,657.5999,656.9,657.4,10922
2026-07-14 12:24:00,657.59,658.12,657.19,657.65,19540
2026-07-14 12:25:00,657.54,657.7,657.2,657.68,7186
2026-07-14 12:26:00,657.69,658.41,657.69,658.09,10026
2026-07-14 12:27:00,658.27,659.19,658.15,659.05,11825
2026-07-14 12:28:00,659.06,659.25,658.82,658.88,13130
2026-07-14 12:29:00,658.88,658.95,658.08,658.435,12124
2026-07-14 12:30:00,658.475,659.49,658.475,659.4094,9262
2026-07-14 12:31:00,659.49,659.69,659.19,659.45,8850
2026-07-14 12:32:00,659.58,659.77,659.28,659.39,11414
2026-07-14 12:33:00,659.26,660.66,659.26,660.66,25922
2026-07-14 12:34:00,660.52,662.5,660.52,662.34,95739
2026-07-14 12:35:00,662.4,663.9799,662.22,663.91,66200
2026-07-14 12:36:00,663.96,664.6,663.02,663.501,46302
2026-07-14 12:37:00,663.93,664.2799,663.26,663.69,22192
2026-07-14 12:38:00,663.64,663.64,662.28,662.753,18704
2026-07-14 12:39:00,662.565,663.9,662.23,663.65,20651
2026-07-14 12:40:00,663.77,665.1,663.64,664.85,40484
2026-07-14 12:41:00,664.85,665.03,663.85,664.16,25628
2026-07-14 12:42:00,663.7701,663.97,662.98,663.25,13491
2026-07-14 12:43:00,663.11,663.6,662.675,663.5,17129
2026-07-14 12:44:00,663.3,663.56,662.92,663.285,17601
2026-07-14 12:45:00,663.4,664.35,663.4,663.705,17004
2026-07-14 12:46:00,663.52,663.6,663.05,663.125,12501
2026-07-14 12:47:00,663.205,664.35,663.05,664.14,20844
2026-07-14 12:48:00,663.99,664.47,663.61,663.62,36859
2026-07-14 12:49:00,663.76,663.82,663.36,663.4001,8736
2026-07-14 12:50:00,663.85,664.0899,663.55,663.94,8898
2026-07-14 12:51:00,664.1,664.44,663.52,664.055,24093
2026-07-14 12:52:00,664.145,665.28,663.93,665.05,50579
2026-07-14 12:53:00,665.05,666.5,664.93,665.825,43084
2026-07-14 12:54:00,665.82,666.24,664.81,665.025,22593
2026-07-14 12:55:00,665.03,665.03,664.15,664.57,12477
2026-07-14 12:56:00,664.68,664.92,664.34,664.4901,7116
2026-07-14 12:57:00,664.69,665,663.64,663.935,22114
2026-07-14 12:58:00,663.935,664.349,663.52,664.14,7124
2026-07-14 12:59:00,663.79,664.43,663.5,664.43,5650
2026-07-14 13:00:00,664.3,664.57,663.93,664.05,15463
2026-07-14 13:01:00,664.17,664.68,663.93,664.425,14729
2026-07-14 13:02:00,664.5199,664.75,664.1,664.145,20337
2026-07-14 13:03:00,664.145,664.36,663.24,663.74,9542
2026-07-14 13:04:00,663.34,663.74,662.91,663.425,8508
2026-07-14 13:05:00,663.64,663.71,663,663.15,8219
2026-07-14 13:06:00,662.93,662.98,662.56,662.8,11036
2026-07-14 13:07:00,662.89,662.89,661.54,662.0345,16950
2026-07-14 13:08:00,661.905,662.41,661.865,662.17,6428
2026-07-14 13:09:00,662.205,662.58,662.07,662.52,7462
2026-07-14 13:10:00,662.53,662.5999,661.7701,662.5999,9827
2026-07-14 13:11:00,662.11,662.58,661.5,662.2,8540
2026-07-14 13:12:00,662.44,662.46,662,662.335,4786
2026-07-14 13:13:00,662.19,662.65,662.09,662.415,14121
2026-07-14 13:14:00,662.415,662.42,661.7201,661.89,11257
2026-07-14 13:15:00,661.77,661.92,661,661.575,27566
2026-07-14 13:16:00,661.35,661.78,661.34,661.4905,10202
2026-07-14 13:17:00,661.51,661.84,661.02,661.16,5985
2026-07-14 13:18:00,661,661.72,661,661.535,14145
2026-07-14 13:19:00,661.52,661.605,661.21,661.435,7729
2026-07-14 13:20:00,661.25,661.64,661.25,661.44,7042
2026-07-14 13:21:00,661.44,661.68,661.22,661.58,13946
2026-07-14 13:22:00,661.72,662.74,661.58,662.5,8163
2026-07-14 13:23:00,662.695,662.695,662.13,662.365,5366
2026-07-14 13:24:00,662.38,663.81,662.38,663.765,20355
2026-07-14 13:25:00,663.76,664.03,663.38,663.38,11065
2026-07-14 13:26:00,663.36,663.76,663.28,663.665,8013
2026-07-14 13:27:00,663.665,663.665,662.88,663.23,13184
2026-07-14 13:28:00,663.0918,663.78,662.64,663.095,8445
2026-07-14 13:29:00,663.075,663.24,663.01,663.09,4558
2026-07-14 13:30:00,663.21,664,663.02,663.965,8541
2026-07-14 13:31:00,664.02,664.5,663.93,664.41,13947
2026-07-14 13:32:00,664.38,664.64,664.2005,664.36,10293
2026-07-14 13:33:00,664.415,664.42,663.2801,663.29,17306
2026-07-14 13:34:00,663.52,663.99,663.5,663.85,8570
2026-07-14 13:35:00,663.81,664.07,663.55,663.55,10715
2026-07-14 13:36:00,663.595,663.82,663.21,663.32,5806
2026-07-14 13:37:00,663.31,663.675,663.2005,663.5,5221
2026-07-14 13:38:00,663.463,664.01,663.4,663.83,8984
2026-07-14 13:39:00,663.77,664.21,663.69,663.825,10860
2026-07-14 13:40:00,663.875,664.4,663.87,664.4,4821
2026-07-14 13:41:00,664.265,664.7,664.135,664.135,6785
2026-07-14 13:42:00,664.23,664.53,663.99,664.03,8847
2026-07-14 13:43:00,663.95,664.16,663.87,664.02,5329
2026-07-14 13:44:00,664.02,664.55,663.91,664,12448
2026-07-14 13:45:00,664.125,664.125,663.3,663.42,14690
2026-07-14 13:46:00,663.39,663.39,662.5901,662.78,10127
2026-07-14 13:47:00,662.78,662.95,662.69,662.7,4348
2026-07-14 13:48:00,662.805,663.1,662.5228,662.745,8435
2026-07-14 13:49:00,662.84,662.95,662.53,662.83,3172
2026-07-14 13:50:00,662.83,662.83,662.5401,662.7,2783
2026-07-14 13:51:00,662.67,662.8,661.7795,661.905,5650
2026-07-14 13:52:00,661.99,662.03,661.19,661.33,8650
2026-07-14 13:53:00,661.3,661.55,661,661.05,10094
2026-07-14 13:54:00,661.185,662.15,661.01,662.15,9548
2026-07-14 13:55:00,662.005,662.04,661.55,661.765,9723
2026-07-14 13:56:00,661.92,662.17,661.76,661.955,9398
2026-07-14 13:57:00,662.15,662.15,661.43,661.5254,6020
2026-07-14 13:58:00,661.65,661.86,661.45,661.51,5494
2026-07-14 13:59:00,661.51,661.6,661.23,661.39,4557
2026-07-14 14:00:00,661.49,661.63,660.1,660.4399,10639
2026-07-14 14:01:00,660.21,660.715,660.02,660.21,13637
2026-07-14 14:02:00,660.34,660.94,660.1501,660.78,8070
2026-07-14 14:03:00,660.66,661.055,660.4601,660.98,6852
2026-07-14 14:04:00,660.75,660.96,660.52,660.8802,4494
2026-07-14 14:05:00,660.86,661.13,660.47,660.65,7211
2026-07-14 14:06:00,660.82,660.95,660.5,660.935,4159
2026-07-14 14:07:00,660.81,660.81,660.5,660.575,8337
2026-07-14 14:08:00,660.63,661.4497,660.07,660.93,43704
2026-07-14 14:09:00,660.5,661.67,660.5,661.395,8228
2026-07-14 14:10:00,661.395,661.76,661.21,661.38,5848
2026-07-14 14:11:00,661.365,661.365,660.85,661.26,3992
2026-07-14 14:12:00,661.085,661.25,660.55,660.81,27948
2026-07-14 14:13:00,661.06,661.9348,660.77,661.82,36691
2026-07-14 14:14:00,661.7,662.115,661.59,661.71,8325
2026-07-14 14:15:00,661.6,662.07,661.55,661.82,3339
2026-07-14 14:16:00,661.89,661.91,661.33,661.33,6736
2026-07-14 14:17:00,661.34,661.34,660.71,660.85,13139
2026-07-14 14:18:00,660.8,660.8,660.16,660.175,12198
2026-07-14 14:19:00,660.08,660.145,659.7,659.92,9074
2026-07-14 14:20:00,659.95,660.5,659.7801,660.1401,25929
2026-07-14 14:21:00,660.31,660.53,660.14,660.33,7103
2026-07-14 14:22:00,660.3,661.2,660.24,661.2,21232
2026-07-14 14:23:00,661.08,661.08,660.53,660.62,20348
2026-07-14 14:24:00,660.62,661.21,660.62,661.2,9333
2026-07-14 14:25:00,661.05,661.88,660.9959,661.8,10105
2026-07-14 14:26:00,661.66,662.53,661.66,662.525,9486
2026-07-14 14:27:00,662.44,662.68,662.22,662.62,29135
2026-07-14 14:28:00,662.46,663.6,662.3001,663.43,14788
2026-07-14 14:29:00,663.425,663.55,661.14,661.235,32630
2026-07-14 14:30:00,661.2,661.55,660.9,660.99,5231
2026-07-14 14:31:00,660.99,661.82,660.94,661.57,7156
2026-07-14 14:32:00,661.575,661.82,661.18,661.61,10245
2026-07-14 14:33:00,661.615,661.92,661.39,661.3988,8969
2026-07-14 14:34:00,661.39,661.64,661.27,661.39,5339
2026-07-14 14:35:00,661.4442,661.4442,661.15,661.28,4478
2026-07-14 14:36:00,661.16,661.54,661.04,661.0562,5304
2026-07-14 14:37:00,661.02,661.06,660.38,660.79,8337
2026-07-14 14:38:00,660.97,660.97,660.6,660.855,6502
2026-07-14 14:39:00,661,661,660,660.26,41202
2026-07-14 14:40:00,660.34,660.34,659.81,660.035,14322
2026-07-14 14:41:00,660.03,660.2,658.78,659.38,22300
2026-07-14 14:42:00,659.38,660,659.38,659.88,6102
2026-07-14 14:43:00,659.9312,660.1083,659.75,659.885,8871
2026-07-14 14:44:00,659.78,660.12,659.76,659.885,10234
2026-07-14 14:45:00,659.77,659.77,659.32,659.425,12970
2026-07-14 14:46:00,659.42,659.66,659.22,659.22,8254
2026-07-14 14:47:00,659.38,659.59,659,659.275,30450
2026-07-14 14:48:00,659.275,659.675,659.115,659.675,16131
2026-07-14 14:49:00,659.65,659.7815,659.22,659.305,7659
2026-07-14 14:50:00,659.305,659.34,659.02,659.175,4367
2026-07-14 14:51:00,659.2896,659.39,659.09,659.25,9603
2026-07-14 14:52:00,659.235,659.35,659.15,659.25,2569
2026-07-14 14:53:00,659.3,659.53,659.15,659.15,10295
2026-07-14 14:54:00,659.15,659.15,658.4901,658.59,7595
2026-07-14 14:55:00,658.55,658.765,658.21,658.305,8355
2026-07-14 14:56:00,658.305,658.49,658.23,658.305,12360
2026-07-14 14:57:00,658.23,659.13,658.21,658.88,15428
2026-07-14 14:58:00,658.88,658.95,658.5,658.81,4762
2026-07-14 14:59:00,658.88,658.88,658.5,658.635,6690
2026-07-14 15:00:00,658.71,659.48,658.7025,659.42,32587
2026-07-14 15:01:00,659.28,659.55,658.57,659.11,24546
2026-07-14 15:02:00,659.12,659.12,658.5,658.795,26053
2026-07-14 15:03:00,658.94,659.03,658.5901,658.685,6392
2026-07-14 15:04:00,658.69,659.29,658.56,658.98,26446
2026-07-14 15:05:00,658.985,659.4,658.76,659.3,9150
2026-07-14 15:06:00,659.36,659.74,659.0201,659.74,13745
2026-07-14 15:07:00,659.6,659.7684,659.07,659.15,14848
2026-07-14 15:08:00,659.23,659.5,658.39,659.16,54503
2026-07-14 15:09:00,659.23,659.576,659.16,659.3,10008
2026-07-14 15:10:00,659.13,659.3,658.61,658.86,41499
2026-07-14 15:11:00,658.8051,659,658.11,658.905,9647
2026-07-14 15:12:00,658.905,659.28,658.73,659.06,20885
2026-07-14 15:13:00,659.27,659.5,659.0384,659.5,18093
2026-07-14 15:14:00,659.26,659.8899,659.15,659.72,21145
2026-07-14 15:15:00,659.82,659.82,659.1,659.2,12386
2026-07-14 15:16:00,659.13,659.66,659.1,659.4785,9018
2026-07-14 15:17:00,659.425,659.46,658.75,659.05,16091
2026-07-14 15:18:00,659.23,659.39,658.45,658.775,19774
2026-07-14 15:19:00,658.78,658.78,657.801,657.94,14740
2026-07-14 15:20:00,657.94,658.33,657.655,658.085,15533
2026-07-14 15:21:00,658.21,658.74,658.12,658.74,9420
2026-07-14 15:22:00,658.68,658.9125,658.4402,658.705,9020
2026-07-14 15:23:00,658.705,659.8,658.705,659.6384,9721
2026-07-14 15:24:00,659.605,660.83,659.595,660.704,18134
2026-07-14 15:25:00,660.83,662.3,660.8001,661.9,31753
2026-07-14 15:26:00,662.13,662.26,661.77,662.21,13828
2026-07-14 15:27:00,662.26,662.86,662.26,662.615,38577
2026-07-14 15:28:00,662.615,662.62,660.74,660.8,24392
2026-07-14 15:29:00,660.81,661.03,660.12,660.31,21349
2026-07-14 15:30:00,660.45,660.45,659.57,659.845,24424
2026-07-14 15:31:00,659.845,660.065,659.12,659.1401,13385
2026-07-14 15:32:00,659.23,659.77,658.915,659,24885
2026-07-14 15:33:00,659.08,659.83,658.84,659.55,63601
2026-07-14 15:34:00,659.605,660.1,659.4,659.4,21353
2026-07-14 15:35:00,659.6,659.6,658.72,659.12,22600
2026-07-14 15:36:00,659.04,659.54,658.78,659.04,46123
2026-07-14 15:37:00,659.05,659.425,658.9301,659.11,29386
2026-07-14 15:38:00,659.0595,659.21,658.78,658.8151,15259
2026-07-14 15:39:00,658.815,659.21,658.8,658.825,17169
2026-07-14 15:40:00,658.9,659.4,658.9,659.27,17205
2026-07-14 15:41:00,659.19,659.1901,658.79,658.845,17822
2026-07-14 15:42:00,658.9,659.06,658.35,658.3999,39233
2026-07-14 15:43:00,658.32,659.8,658.32,658.95,53305
2026-07-14 15:44:00,658.905,659.08,658.54,658.66,52835
2026-07-14 15:45:00,658.735,658.99,658.21,658.555,40256
2026-07-14 15:46:00,658.55,659.6,658.1,658.225,56293
2026-07-14 15:47:00,658.22,658.26,657.88,658.01,10599
2026-07-14 15:48:00,658.09,658.3,657.98,657.985,28813
2026-07-14 15:49:00,657.985,659,657.7,658.68,60418
2026-07-14 15:50:00,658.51,659.4,657.44,659.4,35776
2026-07-14 15:51:00,659.16,659.7,657.87,658.85,44195
2026-07-14 15:52:00,659,660.01,658.98,659.72,36926
2026-07-14 15:53:00,659.6255,659.91,658.97,659.61,41113
2026-07-14 15:54:00,659.53,659.96,658.93,659.71,42457
2026-07-14 15:55:00,659.92,660.25,658.77,659.89,60212
2026-07-14 15:56:00,659.89,660.35,659.195,659.77,65569
2026-07-14 15:57:00,659.87,660.78,659.87,660.71,79944
2026-07-14 15:58:00,660.63,661.215,660.13,661.14,157823
2026-07-14 15:59:00,661.14,661.51,660.85,661.08,267231
2026-07-14 16:00:00,661.16,661.8,660.3,661,1819528
2026-07-14 16:01:00,660.98,661,660.98,661,431
2026-07-14 16:02:00,660.7063,661,659.0616,660.9387,24098
2026-07-14 16:03:00,660.94,660.98,660.31,660.94,2219
2026-07-14 16:05:00,660.31,660.97,660.31,660.38,4009
2026-07-14 16:06:00,660.5,660.5,660.3588,660.3588,131
2026-07-14 16:09:00,660.99,660.99,660.7,660.7,341
2026-07-14 16:10:00,660.7,660.7,660.4926,660.4926,310
2026-07-14 16:11:00,660.3,660.3,660.3,660.3,155
2026-07-14 16:12:00,660.12,660.2,660.05,660.05,410
2026-07-14 16:15:00,660.25,660.25,660.25,660.25,50
2026-07-14 16:16:00,660.6,660.6,660.6,660.6,150
2026-07-14 16:17:00,660.38,660.5884,660.38,660.5884,380
2026-07-14 16:18:00,660.06,660.0648,660.06,660.0648,1232
2026-07-14 16:19:00,660.12,660.12,660.12,660.12,69
2026-07-14 16:20:00,660.26,660.26,660.15,660.15,100
2026-07-14 16:21:00,660.15,660.15,660.05,660.07,380
2026-07-14 16:23:00,661.04,661.04,661.04,661.04,2080
2026-07-14 16:24:00,659.62,660.46,659.62,660.46,191
2026-07-14 16:27:00,660,660.06,660,660.06,223
2026-07-14 16:30:00,660,660,660,660,923
2026-07-14 16:31:00,660,660,660,660,1996
2026-07-14 16:36:00,659.72,659.72,659.72,659.72,91
2026-07-14 16:37:00,659.8,659.8,659.8,659.8,64
2026-07-14 16:38:00,660.1,660.1,660.1,660.1,79
2026-07-14 16:39:00,659.4338,659.4338,659.4338,659.4338,200
2026-07-14 16:40:00,659.92,659.92,659.72,659.72,457
2026-07-14 16:42:00,661.04,661.04,660.2,660.2,240183
2026-07-14 16:49:00,659.25,659.25,659.25,659.25,140
2026-07-14 16:52:00,659.4522,659.63,659.23,659.5,3106
2026-07-14 16:53:00,659.23,659.23,659.23,659.23,52
2026-07-14 16:54:00,659.23,659.23,659.23,659.23,300
2026-07-14 16:59:00,660.3899,660.3899,660.3899,660.3899,151
2026-07-14 17:00:00,659.44,659.44,659.44,659.44,257
2026-07-14 17:03:00,659.25,659.25,659,659,391
2026-07-14 17:04:00,658.7,658.7,658.7,658.7,69
2026-07-14 17:06:00,658.614,658.614,658.614,658.614,233
2026-07-14 17:12:00,659.4,659.4,659.05,659.05,195
2026-07-14 17:13:00,659.5,659.5,659.5,659.5,100
2026-07-14 17:14:00,659.5,659.5,659.5,659.5,50
2026-07-14 17:16:00,659,659,659,659,960
2026-07-14 17:18:00,659.0415,659.0415,659.0415,659.0415,40
2026-07-14 17:19:00,659.52,659.52,659.52,659.52,300
2026-07-14 17:20:00,659.5,659.5,659.5,659.5,100
2026-07-14 17:21:00,658.7257,659.02,658.7257,659.02,150
2026-07-14 17:22:00,658.61,658.61,658.61,658.61,300
2026-07-14 17:24:00,659.26,659.3,659.26,659.3,151
2026-07-14 17:25:00,659.48,659.59,659.48,659.59,559
2026-07-14 17:26:00,659.93,660,659.93,660,461
2026-07-14 17:27:00,660.35,660.35,660.35,660.35,150
2026-07-14 17:28:00,660,660,660,660,48
2026-07-14 17:29:00,660,660.4,660,660.4,2536
2026-07-14 17:30:00,660.1803,660.1803,660.1803,660.1803,200
2026-07-14 17:33:00,659.59,659.89,659.59,659.89,200
2026-07-14 17:35:00,659.98,659.98,659.5,659.5,518
2026-07-14 17:42:00,658.71,658.71,658.71,658.71,137
2026-07-14 17:43:00,659.26,659.26,658.7992,658.7992,712
2026-07-14 17:45:00,659.47,659.8,659.47,659.8,133
2026-07-14 17:46:00,659.8,659.8,659.5322,659.559,547
2026-07-14 17:47:00,659.52,659.52,659.52,659.52,80
2026-07-14 17:51:00,659.55,659.55,659.5,659.5,702
2026-07-14 17:54:00,659.0673,659.0673,659.0673,659.0673,40
2026-07-14 17:57:00,658.71,658.71,658.71,658.71,100
2026-07-14 18:06:00,658.73,659,658.73,659,130
2026-07-14 18:08:00,659.2,659.2,659.2,659.2,85
2026-07-14 18:10:00,659,659,659,659,80
2026-07-14 18:11:00,659,659,659,659,50
2026-07-14 18:13:00,659.25,659.25,659.25,659.25,300
2026-07-14 18:14:00,659.4,659.4,659.4,659.4,50
2026-07-14 18:16:00,659,659,659,659,100
2026-07-14 18:18:00,659,659,659,659,500
2026-07-14 18:25:00,659.4001,659.4001,659.4001,659.4001,300
2026-07-14 18:26:00,659.97,659.98,659.96,659.97,359
2026-07-14 18:28:00,659.922,659.922,659.922,659.922,100
2026-07-14 18:30:00,659.4377,659.4377,659.4377,659.4377,99
2026-07-14 18:32:00,659.98,660,659.98,660,225
2026-07-14 18:35:00,659.98,659.98,659.98,659.98,80
2026-07-14 18:36:00,659.57,659.57,659.57,659.57,294
2026-07-14 18:38:00,659.71,659.71,659.71,659.71,71
2026-07-14 18:42:00,659.72,659.72,659.72,659.72,80
2026-07-14 18:52:00,659.42,659.42,659.4,659.4,99
2026-07-14 18:53:00,659.01,659.01,659,659,618
2026-07-14 18:54:00,659.882,659.882,659.882,659.882,46
2026-07-14 18:56:00,659.9222,659.9222,659.9222,659.9222,70
2026-07-14 19:01:00,659,659,659,659,2000
2026-07-14 19:06:00,659.9,659.9,659.9,659.9,40
2026-07-14 19:13:00,659.8,659.8,659.8,659.8,80
2026-07-14 19:16:00,659.98,659.98,659.95,659.98,203
2026-07-14 19:25:00,660,661,660,661,1552
2026-07-14 19:26:00,661.45,661.45,661.45,661.45,100
2026-07-14 19:30:00,661.6,661.6,661.5,661.51,310
2026-07-14 19:35:00,661,661,661,661,90
2026-07-14 19:38:00,661.01,661.88,660.022,660.022,1300
2026-07-14 19:39:00,660.2444,660.2444,660.2444,660.2444,100
2026-07-14 19:40:00,661,661,661,661,42
2026-07-14 19:41:00,660.0554,660.0554,660.0554,660.0554,200
2026-07-14 19:42:00,660.98,660.98,660.98,660.98,80
2026-07-14 19:45:00,660.52,660.52,660.52,660.52,55
2026-07-14 19:46:00,661,661,661,661,44
2026-07-14 19:47:00,660.75,660.75,660.75,660.75,50
2026-07-14 19:53:00,661.02,661.02,661.02,661.02,55
2026-07-14 19:55:00,661.6918,661.82,661.6918,661.82,90
2026-07-14 19:56:00,661.75,661.79,661.5,661.79,396
2026-07-14 19:57:00,661.7,661.7,661.48,661.48,150
2026-07-14 19:58:00,661.88,661.88,661.17,661.17,1042
2026-07-14 19:59:00,661.18,661.18,661.18,661.18,95
2026-07-15 04:00:00,660.13,661.5,658.9988,661.5,2053
2026-07-15 04:01:00,660.76,661.3,658.87,659.72,6592
2026-07-15 04:02:00,659.49,659.49,658.83,658.83,530
2026-07-15 04:07:00,659,659,659,659,87
2026-07-15 04:08:00,659.01,659.7,659.01,659.7,669
2026-07-15 04:09:00,659.7,659.7,659.7,659.7,76
2026-07-15 04:11:00,659.1,659.1,659.08,659.1,310
2026-07-15 04:12:00,659.2,659.2,659.2,659.2,200
2026-07-15 04:16:00,659.0014,659.0014,659.0014,659.0014,449
2026-07-15 04:17:00,659.35,660,659.35,659.98,1054
2026-07-15 04:18:00,660,660,660,660,160
2026-07-15 04:21:00,660,660,660,660,1241
2026-07-15 04:22:00,660,660,660,660,40
2026-07-15 04:23:00,659.57,659.57,659.57,659.57,240
2026-07-15 04:24:00,659.96,660.03,659.96,660,306
2026-07-15 04:26:00,660.79,661,660.79,661,498
2026-07-15 04:28:00,660.5,660.5,660.5,660.5,40
2026-07-15 04:33:00,660.43,660.94,660.36,660.94,183
2026-07-15 04:34:00,660.7,660.7,660.7,660.7,44
2026-07-15 04:35:00,660.68,660.68,660.68,660.68,208
2026-07-15 04:36:00,660.98,660.98,660.98,660.98,80
2026-07-15 04:38:00,660.72,660.72,660.72,660.72,343
2026-07-15 04:47:00,660.74,660.74,660.68,660.68,307
2026-07-15 04:55:00,660.88,660.88,660.68,660.68,144
2026-07-15 04:56:00,660.5,660.5,660.5,660.5,50
2026-07-15 04:57:00,660.68,660.68,660.68,660.68,181
2026-07-15 04:58:00,660.68,660.6933,660.68,660.6933,82
2026-07-15 04:59:00,660.6925,660.6925,660.6925,660.6925,44
2026-07-15 05:07:00,660.31,660.31,660.31,660.31,158
2026-07-15 05:17:00,660.1,660.1,660.08,660.08,115
2026-07-15 05:22:00,660.16,660.16,660.14,660.15,244
2026-07-15 05:27:00,660.4,660.4,660.31,660.35,382
2026-07-15 05:35:00,660.19,660.19,660,660,100
2026-07-15 05:40:00,660.55,660.55,660.55,660.55,126
2026-07-15 05:41:00,660.71,660.71,660.71,660.71,250
2026-07-15 05:46:00,660.87,660.9,660.87,660.9,127
2026-07-15 06:06:00,661.9,661.9,661.9,661.9,100
2026-07-15 06:10:00,661.31,661.69,661.31,661.69,251
2026-07-15 06:19:00,661.56,661.56,661.5,661.5,605
2026-07-15 06:20:00,661.94,661.94,661.5,661.5,350
2026-07-15 06:22:00,661.5,661.5,661.5,661.5,190
2026-07-15 06:24:00,661.5,661.5,661.5,661.5,328
2026-07-15 06:25:00,661.5,661.5,661.5,661.5,465
2026-07-15 06:26:00,661.75,662,661.75,662,800
2026-07-15 06:28:00,662.2868,662.2868,662.2868,662.2868,220
2026-07-15 06:30:00,662.4,662.4,662.4,662.4,85
2026-07-15 06:36:00,662.49,662.49,661.77,661.77,93
2026-07-15 06:40:00,661.7,661.7,661.7,661.7,40
2026-07-15 06:45:00,661.77,661.77,661.77,661.77,94
2026-07-15 06:50:00,661.3,661.3,661.3,661.3,46
2026-07-15 06:54:00,662,662,662,662,137
2026-07-15 06:57:00,661.73,661.73,661.73,661.73,71
2026-07-15 07:00:00,661.71,661.9563,661.71,661.9563,96
2026-07-15 07:01:00,661.99,662.606,661.99,662.5915,1040
2026-07-15 07:02:00,662.09,662.6251,662.09,662.1085,180
2026-07-15 07:03:00,662.5,662.88,662.5,662.88,481
2026-07-15 07:04:00,662.7922,662.88,662.7922,662.88,575
2026-07-15 07:05:00,662.88,662.88,662.53,662.53,220
2026-07-15 07:06:00,662.5,662.5,662.5,662.5,50
2026-07-15 07:08:00,662.3573,662.3573,662.3573,662.3573,280
2026-07-15 07:09:00,662.6125,662.6125,662.6125,662.6125,200
2026-07-15 07:10:00,662.3,662.5859,662,662.01,680
2026-07-15 07:11:00,662.5002,662.57,662.29,662.57,514
2026-07-15 07:13:00,662.5,662.5,662.5,662.5,239
2026-07-15 07:14:00,662.1692,662.5806,662.1692,662.5806,400
2026-07-15 07:17:00,662.2234,662.2234,662.2234,662.2234,56
2026-07-15 07:18:00,662.67,662.9666,662.67,662.9666,296
2026-07-15 07:19:00,662.96,662.98,662.96,662.98,117
2026-07-15 07:20:00,663,663,663,663,215
2026-07-15 07:21:00,663.04,663.24,662.76,662.76,846
2026-07-15 07:24:00,662.7,662.7,662.7,662.7,44
2026-07-15 07:26:00,663.2083,663.2083,663.2083,663.2083,306
2026-07-15 07:27:00,662.8203,662.8203,662.48,662.48,87
2026-07-15 07:29:00,662.2,662.2,662.2,662.2,50
2026-07-15 07:30:00,662.77,662.77,662.77,662.77,80
2026-07-15 07:31:00,662.22,662.85,662.22,662.85,201
2026-07-15 07:32:00,662.21,662.21,662.21,662.21,243
2026-07-15 07:33:00,662.2549,662.2549,662.25,662.25,120
2026-07-15 07:35:00,662.65,662.65,662.65,662.65,100
2026-07-15 07:40:00,662.83,662.85,662.83,662.85,351
2026-07-15 07:44:00,662.84,662.84,662.84,662.84,77
2026-07-15 07:45:00,662.3168,662.3168,662.3168,662.3168,49
2026-07-15 07:47:00,663,663,663,663,225
2026-07-15 07:49:00,662.68,662.68,662.68,662.68,270
2026-07-15 07:54:00,662.4,662.4,662.4,662.4,67
2026-07-15 07:56:00,662.6,662.6,662.6,662.6,50
2026-07-15 07:57:00,663,663,663,663,65
2026-07-15 08:00:00,662.21,662.7745,662.21,662.505,444
2026-07-15 08:05:00,662.21,662.21,662.01,662.01,964
2026-07-15 08:07:00,662.2013,662.2013,662.2013,662.2013,280
2026-07-15 08:08:00,662.8713,662.8713,662.8617,662.8617,434
2026-07-15 08:09:00,662.2056,662.2056,662.2056,662.2056,350
2026-07-15 08:12:00,662.4,662.4,662.4,662.4,305
2026-07-15 08:14:00,662.72,662.72,662.55,662.72,190
2026-07-15 08:15:00,662.6,662.8901,662.6,662.8901,339
2026-07-15 08:16:00,662.45,662.45,662.45,662.45,50
2026-07-15 08:17:00,662.4,662.98,662.4,662.7,259
2026-07-15 08:18:00,662.55,662.55,662.43,662.43,249
2026-07-15 08:20:00,662.9114,662.9114,662.49,662.49,203
2026-07-15 08:21:00,662.6926,662.6926,662.6926,662.6926,100
2026-07-15 08:22:00,662.49,662.49,662.49,662.49,49
2026-07-15 08:23:00,662.51,662.51,662.51,662.51,50
2026-07-15 08:24:00,662.8638,662.8638,662.8638,662.8638,50
2026-07-15 08:28:00,662.42,662.42,662.42,662.42,76
2026-07-15 08:29:00,662.234,662.234,662.234,662.234,150
2026-07-15 08:30:00,662.91,662.98,662.854,662.854,976
2026-07-15 08:31:00,662.35,662.35,662.35,662.35,100
2026-07-15 08:32:00,662.98,663.69,662.98,663.678,2885
2026-07-15 08:33:00,663.5,663.5,663.5,663.5,426
2026-07-15 08:34:00,663.61,663.7,663.44,663.69,1258
2026-07-15 08:35:00,664,664,663.4664,663.4664,180
2026-07-15 08:36:00,663.63,663.75,663.15,663.75,986
2026-07-15 08:37:00,663.74,663.75,663.74,663.75,254
2026-07-15 08:38:00,664,664.83,664,664.65,1694
2026-07-15 08:39:00,664.7908,664.8732,664.4868,664.8732,554
2026-07-15 08:40:00,664.8,664.9214,664.8,664.9214,450
2026-07-15 08:41:00,664.5,664.7,663.8,664,435
2026-07-15 08:42:00,665,665.16,664.98,665.16,693
2026-07-15 08:43:00,665.3443,665.4,664.6407,664.6407,389
2026-07-15 08:44:00,665,665.55,665,665.55,400
2026-07-15 08:45:00,665.5149,665.55,665.07,665.07,6539
2026-07-15 08:46:00,665.12,665.12,665.0501,665.0501,740
2026-07-15 08:47:00,665.05,665.27,664.99,665.27,2462
2026-07-15 08:48:00,665.27,665.27,665.2266,665.27,456
2026-07-15 08:49:00,665.81,665.81,665.81,665.81,234
2026-07-15 08:50:00,665.7658,665.7658,665.58,665.58,1903
2026-07-15 08:51:00,665.6313,665.8,665,665.45,2306
2026-07-15 08:52:00,665.1324,665.8,665.1324,665.8,1135
2026-07-15 08:53:00,665.9495,665.99,665.61,665.8,1483
2026-07-15 08:54:00,666,666,665.13,665.13,484
2026-07-15 08:57:00,665.82,665.82,665.82,665.82,153
2026-07-15 08:58:00,665.52,665.7,665.52,665.7,184
2026-07-15 08:59:00,665.3355,665.8124,665.3355,665.8124,327
2026-07-15 09:00:00,665.2824,666,665.2824,666,2579
2026-07-15 09:01:00,665.8266,665.9,665.19,665.52,1550
2026-07-15 09:02:00,665.4,665.61,665.4,665.5896,484
2026-07-15 09:03:00,665.61,665.61,665.61,665.61,45
2026-07-15 09:04:00,665.9,665.9,665.79,665.79,117
2026-07-15 09:05:00,665.65,666.065,665.65,666.065,620
2026-07-15 09:06:00,666.2077,666.2077,666.2077,666.2077,200
2026-07-15 09:07:00,666.239,666.5,666.2,666.2,618
2026-07-15 09:08:00,666.2,666.2,666.2,666.2,50
2026-07-15 09:09:00,666.182,666.23,666.182,666.2299,300
2026-07-15 09:10:00,666.18,666.18,666.1,666.1,1099
2026-07-15 09:11:00,666.0645,666.08,666.06,666.06,430
2026-07-15 09:12:00,665.71,665.93,665.71,665.93,90
2026-07-15 09:13:00,665.65,666.06,665.65,666,1322
2026-07-15 09:14:00,665.9757,665.9842,665.9757,665.9842,1076
2026-07-15 09:15:00,665.68,665.68,665.68,665.68,48
2026-07-15 09:16:00,665.6728,665.87,665.65,665.65,624
2026-07-15 09:17:00,665.7,665.8,665.65,665.8,320
2026-07-15 09:18:00,665.9,665.9,665.9,665.9,598
2026-07-15 09:19:00,665.8614,665.8614,665.8614,665.8614,50
2026-07-15 09:20:00,665.99,666.44,665.65,665.65,2970
2026-07-15 09:21:00,665.94,666.5,665.7164,666.344,1743
2026-07-15 09:22:00,665.65,665.86,665.27,665.5,1217
2026-07-15 09:23:00,665.46,665.46,664.91,664.989,3718
2026-07-15 09:25:00,664.91,664.97,664.36,664.36,1304
2026-07-15 09:26:00,664.49,664.49,664.15,664.24,528
2026-07-15 09:27:00,664.53,664.88,662.73,663.94,2013
2026-07-15 09:28:00,663.24,663.24,662.61,663.24,527
2026-07-15 09:29:00,663.26,664,663.26,663.61,1243
2026-07-15 09:30:00,663.6,665.4,657.77,658.88,225432
2026-07-15 09:31:00,659.14,660.195,657,660,52386
2026-07-15 09:32:00,660,664,660,663.49,62842
2026-07-15 09:33:00,663.36,664.12,661.2,661.53,33304
2026-07-15 09:34:00,661.138,662.41,660,661.24,34504
2026-07-15 09:35:00,661.49,662.13,660.13,661.27,50323
2026-07-15 09:36:00,661.54,662.27,660,661.39,31344
2026-07-15 09:37:00,661.65,662.42,660.07,660.3327,17587
2026-07-15 09:38:00,660.42,661.225,660,661.22,26963
2026-07-15 09:39:00,661.22,661.225,658,658.76,47661
2026-07-15 09:40:00,658.7569,659.37,658.19,658.94,26978
2026-07-15 09:41:00,658.64,660.79,658.5,659.81,32876
2026-07-15 09:42:00,659.65,659.65,658.495,659.49,26149
2026-07-15 09:43:00,659.37,660.25,658.7,659.76,34128
2026-07-15 09:44:00,659.465,659.76,658.34,658.47,22541
2026-07-15 09:45:00,658.47,658.6625,657.3401,658.035,35700
2026-07-15 09:46:00,657.97,657.9724,656.76,657.57,19224
2026-07-15 09:47:00,657.77,658.12,656.81,657.4,22355
2026-07-15 09:48:00,657.465,658.18,657.02,657.6901,15828
2026-07-15 09:49:00,657.97,658.84,656.6601,658.355,21125
2026-07-15 09:50:00,658.36,658.82,657.41,657.545,40357
2026-07-15 09:51:00,657.54,658.99,657.53,658.68,19615
2026-07-15 09:52:00,658.775,659.3,658.16,658.89,20555
2026-07-15 09:53:00,658.86,659.79,658.38,658.78,30142
2026-07-15 09:54:00,659,659.69,657.55,659,29965
2026-07-15 09:55:00,659.17,659.96,658.59,659.63,18740
2026-07-15 09:56:00,659.52,661.16,659.52,660.7,36549
2026-07-15 09:57:00,660.98,661.41,659.035,659.78,14894
2026-07-15 09:58:00,659.73,660.82,659.2901,660.19,14752
2026-07-15 09:59:00,660.29,660.29,659.47,659.97,5899
2026-07-15 10:00:00,659.87,662.88,659.6,662.37,35784
2026-07-15 10:01:00,662.37,664,662.03,663.6,55168
2026-07-15 10:02:00,663.61,664.07,662.04,663.71,39334
2026-07-15 10:03:00,663.96,664.69,663.67,664.59,21877
2026-07-15 10:04:00,664.54,664.75,663.37,664.44,26980
2026-07-15 10:05:00,664.49,666.1,664.26,665.975,71932
2026-07-15 10:06:00,666.08,668.5,665.88,668.32,89579
2026-07-15 10:07:00,668.32,669.9,668.17,669.69,59550
2026-07-15 10:08:00,669.53,669.9,668.14,669.23,47513
2026-07-15 10:09:00,669.445,671,669.31,670.35,85721
2026-07-15 10:10:00,670.4999,671.47,669.4801,669.92,53044
2026-07-15 10:11:00,669.88,670.74,668.01,668.47,44820
2026-07-15 10:12:00,668.51,670.86,668.1,670.195,44216
2026-07-15 10:13:00,670.32,670.4699,668.3925,669.72,36610
2026-07-15 10:14:00,669.68,669.76,667.5601,667.7976,37029
2026-07-15 10:15:00,667.88,669.17,667.601,668.535,54027
2026-07-15 10:16:00,668.63,668.73,667.7901,668.435,31030
2026-07-15 10:17:00,668.53,669.37,668.09,668.59,76298
2026-07-15 10:18:00,668.6,669.27,667.975,668.3525,37422
2026-07-15 10:19:00,668.62,669.38,668.495,668.74,43953
2026-07-15 10:20:00,668.88,669.12,667.56,668.155,26898
2026-07-15 10:21:00,668.31,669.15,668.14,668.96,17112
2026-07-15 10:22:00,668.96,671.71,668.72,671.295,69735
2026-07-15 10:23:00,671.16,671.6,669.36,669.85,35339
2026-07-15 10:24:00,669.605,669.67,667.3,668.5,38253
2026-07-15 10:25:00,668.3,669.5,667.35,669.05,20635
2026-07-15 10:26:00,669,669.08,667.6,668.4,19986
2026-07-15 10:27:00,668.4,668.79,667.7364,668.49,11305
2026-07-15 10:28:00,668.61,670.67,668.385,670.67,25353
2026-07-15 10:29:00,670.67,672.32,670.1101,671.4,78961
2026-07-15 10:30:00,671.48,673.15,671.29,671.68,68353
2026-07-15 10:31:00,671.625,672.8,671.06,671.41,30547
2026-07-15 10:32:00,671.79,674.75,671.5378,673.75,57107
2026-07-15 10:33:00,673.75,673.86,671.4,672.67,23078
2026-07-15 10:34:00,672.95,673.47,672.19,672.95,31260
2026-07-15 10:35:00,672.85,674.59,672.61,674.245,68957
2026-07-15 10:36:00,674.185,675.135,673.52,674.58,82623
2026-07-15 10:37:00,674.48,675.87,674.0905,674.975,74500
2026-07-15 10:38:00,675.24,676.34,674.79,675.1451,97435
2026-07-15 10:39:00,674.8,675.43,674.13,674.88,50400
2026-07-15 10:40:00,674.94,674.94,673.53,674.225,37930
2026-07-15 10:41:00,674.21,674.8575,673.99,674.29,29620
2026-07-15 10:42:00,674.19,674.19,672.601,672.91,64281
2026-07-15 10:43:00,672.98,673.66,672.6,672.81,85753
2026-07-15 10:44:00,672.94,673.36,672.6001,673.2099,48012
2026-07-15 10:45:00,673.015,673.2899,671.0004,671.54,57399
2026-07-15 10:46:00,671.54,671.61,670.02,670.4125,60802
2026-07-15 10:47:00,670.27,670.43,669.11,670.04,50261
2026-07-15 10:48:00,670.04,670.61,669.5805,670.465,28241
2026-07-15 10:49:00,670.5287,670.59,669.7,670.26,13229
2026-07-15 10:50:00,670.255,670.8899,670,670.38,28036
2026-07-15 10:51:00,670.5,670.6076,669.64,670.03,9332
2026-07-15 10:52:00,670.2899,670.57,669.61,669.72,27721
2026-07-15 10:53:00,669.78,671,669.61,669.89,31717
2026-07-15 10:54:00,669.8777,671.16,669.68,670.97,49180
2026-07-15 10:55:00,670.9177,672.22,670.61,671.65,58261
2026-07-15 10:56:00,671.655,672.5,671.1901,671.7275,31025
2026-07-15 10:57:00,671.77,673.065,671.48,672.7,30963
2026-07-15 10:58:00,672.575,672.86,671.65,671.9,17348
2026-07-15 10:59:00,671.7,672.03,671.0501,671.269,15457
2026-07-15 11:00:00,671.305,671.98,670.87,671.11,17962
2026-07-15 11:01:00,671.45,672.99,670.56,672.99,24892
2026-07-15 11:02:00,672.99,674.87,672.96,674.87,73069
2026-07-15 11:03:00,674.83,675.5,674.23,675.32,69721
2026-07-15 11:04:00,675.5,675.96,674.875,675.64,38975
2026-07-15 11:05:00,675.59,677.64,675.44,677.64,107702
2026-07-15 11:06:00,677.639,677.7599,676.04,677.16,54762
2026-07-15 11:07:00,677.3,677.3,676.33,676.92,56913
2026-07-15 11:08:00,676.85,677.18,676.59,676.81,58362
2026-07-15 11:09:00,677,682.21,676.9026,682.16,275003
2026-07-15 11:10:00,682.16,684.1,681.88,683.53,179200
2026-07-15 11:11:00,683.53,685,682.375,684.82,196629
2026-07-15 11:12:00,684.9,685.07,682.23,682.445,82841
2026-07-15 11:13:00,682.445,683.1417,681.96,683.06,49348
2026-07-15 11:14:00,682.91,683.555,680.67,681.0825,80899
2026-07-15 11:15:00,681.03,681.87,680.63,681.54,64292
2026-07-15 11:16:00,681.775,682.37,681.02,681.12,37427
2026-07-15 11:17:00,681.13,682,679.81,681.49,85689
2026-07-15 11:18:00,681.485,681.9298,680.465,681.5367,60373
2026-07-15 11:19:00,681.42,681.83,680.85,681.68,39817
2026-07-15 11:20:00,681.74,682.34,680.16,681.284,52743
2026-07-15 11:21:00,681.115,681.7,679.05,679.05,34657
2026-07-15 11:22:00,679.15,679.15,677.72,678.33,50990
2026-07-15 11:23:00,678.24,678.82,677.2,678.64,42692
2026-07-15 11:24:00,678.92,679.53,678.49,679,36712
2026-07-15 11:25:00,679.15,679.88,678.63,679.17,22881
2026-07-15 11:26:00,679.16,681.44,679.1,680.25,38281
2026-07-15 11:27:00,680.595,681.13,680.175,680.9499,21777
2026-07-15 11:28:00,680.8,681.45,680.4,680.4777,26814
2026-07-15 11:29:00,680.5685,680.63,678.49,678.49,56358
2026-07-15 11:30:00,678.5,679.16,677.8001,678.7,42206
2026-07-15 11:31:00,678.5659,679.075,677.05,677.49,50116
2026-07-15 11:32:00,677.63,677.91,676.8,677.735,37691
2026-07-15 11:33:00,677.71,677.94,677.12,677.39,23869
2026-07-15 11:34:00,677.3,677.9,677.17,677.73,11915
2026-07-15 11:35:00,677.92,678.2,677,677.765,19770
2026-07-15 11:36:00,677.46,678.22,677.07,677.625,22017
2026-07-15 11:37:00,677.63,678.15,677,677.64,16626
2026-07-15 11:38:00,677.66,678.135,677,677,14223
2026-07-15 11:39:00,677.16,677.61,676.57,677.61,17947
2026-07-15 11:40:00,677.34,678.47,676.37,676.55,46554
2026-07-15 11:41:00,676.55,677.22,676.361,676.9999,8989
2026-07-15 11:42:00,676.99,677.1919,676.51,677.085,8691
2026-07-15 11:43:00,676.6001,677.14,676.37,676.8,8133
2026-07-15 11:44:00,676.63,677.4199,676.5064,677.06,15068
2026-07-15 11:45:00,676.98,678,676.8394,677.35,26430
2026-07-15 11:46:00,677.225,677.6,677.0106,677.37,21974
2026-07-15 11:47:00,677.45,678.48,677.28,678.3599,32339
2026-07-15 11:48:00,678.275,678.9699,678.275,678.795,57191
2026-07-15 11:49:00,678.795,678.795,677,678.305,79201
2026-07-15 11:50:00,678.305,678.69,678.06,678.67,27393
2026-07-15 11:51:00,678.6226,680.19,678.6001,678.91,117150
2026-07-15 11:52:00,678.86,679.4996,678.79,678.87,23786
2026-07-15 11:53:00,678.97,679.36,678.28,678.41,23073
2026-07-15 11:54:00,678.46,678.6974,678.23,678.435,31956
2026-07-15 11:55:00,678.41,679.5,678.32,679.35,24824
2026-07-15 11:56:00,679.5,680.79,679,680.74,48221
2026-07-15 11:57:00,680.81,681,679.73,680.725,31681
2026-07-15 11:58:00,680.74,682.68,680.27,682.555,49745
2026-07-15 11:59:00,682.53,683.95,682.3901,683.68,44689
2026-07-15 12:00:00,683.67,684.92,682.81,683.72,74164
2026-07-15 12:01:00,683.65,684.3999,682.7,682.87,42617
2026-07-15 12:02:00,682.87,682.87,681.91,682.44,38536
2026-07-15 12:03:00,682.44,682.44,680,680.91,28074
2026-07-15 12:04:00,680.89,682.34,680.6201,681.33,29144
2026-07-15 12:05:00,681,682.5,681,682.24,26804
2026-07-15 12:06:00,682.03,682.4582,681.56,681.8,36330
2026-07-15 12:07:00,681.805,682.7,681.41,682.26,37494
2026-07-15 12:08:00,682.265,682.8708,682.15,682.7,17743
2026-07-15 12:09:00,682.63,683.2,682.06,682.96,51494
2026-07-15 12:10:00,682.96,684.5,682.74,684.28,41995
2026-07-15 12:11:00,684.28,685.22,683.69,684.835,78609
2026-07-15 12:12:00,684.75,685.2,683.68,684.2,41206
2026-07-15 12:13:00,684.35,684.46,684.01,684.305,23693
2026-07-15 12:14:00,684.305,684.56,683.73,683.9,23254
2026-07-15 12:15:00,683.7306,684.75,683,684.74,40629
2026-07-15 12:16:00,684.66,685,684.11,684.11,34378
2026-07-15 12:17:00,684.25,684.46,683.79,684.26,42042
2026-07-15 12:18:00,684.26,685.45,684.16,685.22,85564
2026-07-15 12:19:00,685.5,686.08,684.24,684.55,59522
2026-07-15 12:20:00,684.61,685,684.17,684.43,23191
2026-07-15 12:21:00,684.43,685,684.02,684.03,39414
2026-07-15 12:22:00,684.02,684.69,683.55,683.9,41653
2026-07-15 12:23:00,683.835,684.01,683.43,683.885,20814
2026-07-15 12:24:00,683.999,684.93,683.785,684.87,37678
2026-07-15 12:25:00,684.68,685.45,684.68,684.92,40697
2026-07-15 12:26:00,684.92,685.255,684.21,684.86,30155
2026-07-15 12:27:00,684.83,684.9199,683.84,684.035,23168
2026-07-15 12:28:00,683.8957,684.095,683.43,683.975,16834
2026-07-15 12:29:00,683.97,684.14,683.01,683.5399,54732
2026-07-15 12:30:00,683.33,683.8,683.07,683.35,28960
2026-07-15 12:31:00,683.35,683.35,682.17,682.575,27855
2026-07-15 12:32:00,682.575,682.88,681.195,681.2501,34097
2026-07-15 12:33:00,681.26,682.18,681.25,682.085,19767
2026-07-15 12:34:00,682.125,682.3299,681.46,681.77,12240
2026-07-15 12:35:00,681.795,681.875,680.93,681.15,22582
2026-07-15 12:36:00,680.97,681.29,680.5001,680.5201,24714
2026-07-15 12:37:00,680.6,680.81,679.81,680.17,45272
2026-07-15 12:38:00,680.41,681.31,680.29,681.185,23644
2026-07-15 12:39:00,680.94,681.425,680.64,681.425,19389
2026-07-15 12:40:00,681.45,681.8,680.97,681.13,19092
2026-07-15 12:41:00,681.01,681.76,680.95,681.3,18078
2026-07-15 12:42:00,681.515,681.515,679.5,679.6,35226
2026-07-15 12:43:00,679.52,679.56,678.66,678.91,28941
2026-07-15 12:44:00,678.865,679.4,678.0901,678.93,24004
2026-07-15 12:45:00,678.685,679.12,678.14,678.66,19024
2026-07-15 12:46:00,678.68,680,678.1,679.31,29229
2026-07-15 12:47:00,679.41,679.71,678.28,678.365,18458
2026-07-15 12:48:00,678.5,678.59,677.5796,677.65,17274
2026-07-15 12:49:00,677.79,677.99,676.78,677.6551,18777
2026-07-15 12:50:00,677.6,678.96,677.54,677.81,15655
2026-07-15 12:51:00,677.77,678.02,676.88,676.96,21418
2026-07-15 12:52:00,677.01,677.7,676.75,677.04,11507
2026-07-15 12:53:00,677.035,677.76,676.36,676.84,134639
2026-07-15 12:54:00,676.98,677.23,675.35,675.44,42476
2026-07-15 12:55:00,675.2301,676.28,674.55,674.55,32537
2026-07-15 12:56:00,674.557,675.9625,674.365,675.75,27557
2026-07-15 12:57:00,675.7,675.7,674.6701,675.27,30799
2026-07-15 12:58:00,675.05,675.5335,675,675.3,13162
2026-07-15 12:59:00,675.41,675.9995,675.41,675.9,12289
2026-07-15 13:00:00,675.89,676.69,675.29,675.765,22418
2026-07-15 13:01:00,675.755,675.98,675.0088,675.45,8380
2026-07-15 13:02:00,675.62,675.9546,675.0453,675.49,11124
2026-07-15 13:03:00,675.485,676.28,675.18,675.41,22851
2026-07-15 13:04:00,675.27,675.77,675.1,675.105,8157
2026-07-15 13:05:00,675.105,675.55,674.69,675.375,16492
2026-07-15 13:06:00,675.405,675.61,674.75,675.16,12212
2026-07-15 13:07:00,674.8401,675.195,674.38,674.745,24765
2026-07-15 13:08:00,674.82,675.9,674.75,675.29,10687
2026-07-15 13:09:00,675.29,675.36,674.66,674.92,7454
2026-07-15 13:10:00,675,675.57,674.6302,675.284,9612
2026-07-15 13:11:00,675.24,675.99,674.85,675.44,5550
2026-07-15 13:12:00,674.95,675.6435,674.95,675.395,12054
2026-07-15 13:13:00,675.31,675.72,675.1,675.435,9303
2026-07-15 13:14:00,675.27,675.42,674.75,674.84,12018
2026-07-15 13:15:00,674.84,675.608,674.84,675.5962,7579
2026-07-15 13:16:00,675.505,675.7,674.5,674.84,16798
2026-07-15 13:17:00,675,675.04,674.64,674.785,17461
2026-07-15 13:18:00,674.83,674.905,674.56,674.63,6836
2026-07-15 13:19:00,674.63,675.02,674.25,674.28,17975
2026-07-15 13:20:00,674.03,674.78,674.03,674.395,17523
2026-07-15 13:21:00,674.395,674.79,673.91,674.79,12513
2026-07-15 13:22:00,674.8,674.8857,673.65,673.98,17414
2026-07-15 13:23:00,673.9,674.44,673.71,673.84,14578
2026-07-15 13:24:00,673.995,674.63,673.5901,673.755,12240
2026-07-15 13:25:00,673.92,674.58,673.42,673.89,17638
2026-07-15 13:26:00,674.05,674.25,673.8,673.985,7948
2026-07-15 13:27:00,674,674.84,673.8,674.59,9762
2026-07-15 13:28:00,674.7708,674.9,674.11,674.71,18536
2026-07-15 13:29:00,674.845,675,674.64,674.9,24278
2026-07-15 13:30:00,674.905,675,673.8,674.6,13263
2026-07-15 13:31:00,674.565,675.83,674.565,675.2425,35279
2026-07-15 13:32:00,675.07,675.575,674.66,675.075,13142
2026-07-15 13:33:00,675,675.045,673.99,674.13,14173
2026-07-15 13:34:00,673.99,674.23,673.54,673.725,12941
2026-07-15 13:35:00,673.55,673.99,673.55,673.86,3998
2026-07-15 13:36:00,673.825,673.98,673.56,673.75,12933
2026-07-15 13:37:00,673.75,674.26,673.37,673.955,8414
2026-07-15 13:38:00,673.955,674.47,673.955,674.32,6451
2026-07-15 13:39:00,674.16,674.97,674.16,674.85,21092
2026-07-15 13:40:00,674.805,674.82,674.2801,674.585,17960
2026-07-15 13:41:00,674.585,674.585,673.6823,674.185,12385
2026-07-15 13:42:00,674.185,674.82,674.062,674.72,5379
2026-07-15 13:43:00,674.715,675.77,674.6,675.355,29145
2026-07-15 13:44:00,675.52,675.52,674.61,674.962,13272
2026-07-15 13:45:00,674.98,675.73,674.98,675.4,12146
2026-07-15 13:46:00,675.29,675.5,674.65,675.5,12620
2026-07-15 13:47:00,675.46,675.982,675.18,675.355,12510
2026-07-15 13:48:00,675.355,675.59,674.62,675.43,6275
2026-07-15 13:49:00,675.425,675.78,675.26,675.515,5002
2026-07-15 13:50:00,675.515,675.875,675.31,675.51,10918
2026-07-15 13:51:00,675.45,675.6,675.1302,675.2156,7985
2026-07-15 13:52:00,675.325,675.77,675.2101,675.71,11058
2026-07-15 13:53:00,675.75,676.51,675.5901,676.37,11917
2026-07-15 13:54:00,676.47,677.07,676.37,676.94,18406
2026-07-15 13:55:00,676.95,677.18,676.37,676.4882,20867
2026-07-15 13:56:00,676.58,676.82,676.17,676.395,7469
2026-07-15 13:57:00,676.55,676.92,676.43,676.5815,5962
2026-07-15 13:58:00,676.47,676.9,676.39,676.86,9979
2026-07-15 13:59:00,676.86,677,676.42,676.84,11317
2026-07-15 14:00:00,676.81,677,676.33,676.455,11917
2026-07-15 14:01:00,676.4108,676.8668,676.31,676.585,5027
2026-07-15 14:02:00,676.61,676.97,676.5,676.55,14907
2026-07-15 14:03:00,676.55,676.7,675.26,675.3096,18049
2026-07-15 14:04:00,675.35,675.6,674.5,674.71,14340
2026-07-15 14:05:00,674.71,675.44,674.7,675.1,9307
2026-07-15 14:06:00,675.1357,675.37,674.77,675.035,12810
2026-07-15 14:07:00,675.035,676,674.9,675.775,17978
2026-07-15 14:08:00,675.76,676.3,675.6,675.8,10656
2026-07-15 14:09:00,675.735,676.005,675.58,675.62,5497
2026-07-15 14:10:00,675.775,675.94,675.55,675.83,4863
2026-07-15 14:11:00,675.925,676.19,675.72,676.19,8077
2026-07-15 14:12:00,676.27,676.79,676.06,676.53,14321
2026-07-15 14:13:00,676.64,676.7899,676.4522,676.64,11483
2026-07-15 14:14:00,676.62,677.38,676.62,677.38,14481
2026-07-15 14:15:00,677.38,677.38,676.6601,677.1451,13497
2026-07-15 14:16:00,677.145,677.25,676.69,677.015,14435
2026-07-15 14:17:00,677.015,677.7,676.984,677.68,23895
2026-07-15 14:18:00,677.69,678.26,677.24,677.41,28939
2026-07-15 14:19:00,677.3,677.525,676.76,676.81,6987
2026-07-15 14:20:00,676.88,677.065,676.7,676.98,9471
2026-07-15 14:21:00,677.07,677.62,676.91,677.435,9094
2026-07-15 14:22:00,677.435,677.54,676.8556,677.02,13426
2026-07-15 14:23:00,677.45,677.77,677.04,677.635,11915
2026-07-15 14:24:00,677.64,677.81,677.03,677.28,27200
2026-07-15 14:25:00,677.28,677.3164,676.76,677.01,8261
2026-07-15 14:26:00,677.1,677.43,676.81,677.1,6910
2026-07-15 14:27:00,677.1,677.555,677.1,677.485,11224
2026-07-15 14:28:00,677.4,677.435,677.0501,677.435,2455
2026-07-15 14:29:00,677.385,677.9,677.3,677.35,10381
2026-07-15 14:30:00,677.42,677.6899,677.1142,677.255,8436
2026-07-15 14:31:00,677.25,677.35,676.75,677.01,8050
2026-07-15 14:32:00,677,677.15,676.79,676.9,9468
2026-07-15 14:33:00,676.9,676.9,676.42,676.665,11398
2026-07-15 14:34:00,676.53,676.65,676.14,676.2,9705
2026-07-15 14:35:00,676.195,676.2519,675.5864,675.885,11355
2026-07-15 14:36:00,675.885,676.21,675.66,676.065,13673
2026-07-15 14:37:00,675.9204,676.358,675.75,676.33,10341
2026-07-15 14:38:00,676.195,676.31,675.885,676.31,8117
2026-07-15 14:39:00,676.225,676.55,676.1791,676.24,11065
2026-07-15 14:40:00,676.32,676.47,675.85,675.85,9485
2026-07-15 14:41:00,675.85,676.27,675.85,676.14,7071
2026-07-15 14:42:00,676.13,676.13,675.73,675.73,3955
2026-07-15 14:43:00,675.73,676,675.62,675.79,7329
2026-07-15 14:44:00,675.695,675.695,674.62,675.2,24025
2026-07-15 14:45:00,675.21,675.21,674.1,674.425,44916
2026-07-15 14:46:00,674.26,675.26,674.23,674.665,17621
2026-07-15 14:47:00,674.665,675.14,674.4835,674.63,4798
2026-07-15 14:48:00,674.62,674.88,674.26,674.31,8223
2026-07-15 14:49:00,674.12,674.32,673.76,673.95,16326
2026-07-15 14:50:00,673.93,674.26,673.39,674.26,6507
2026-07-15 14:51:00,674.175,674.4,674.03,674.03,11079
2026-07-15 14:52:00,674.14,675.43,674.14,675.285,13379
2026-07-15 14:53:00,675.28,675.28,674.8,675.22,12026
2026-07-15 14:54:00,675.075,675.105,674.23,674.835,8161
2026-07-15 14:55:00,674.91,675.29,674.785,675.085,11079
2026-07-15 14:56:00,675.085,675.7,675.03,675.465,18296
2026-07-15 14:57:00,675.54,676.1095,675.495,675.825,20391
2026-07-15 14:58:00,675.91,676.53,675.67,676.32,25596
2026-07-15 14:59:00,676.5,676.7899,676.1,676.25,19026
2026-07-15 15:00:00,676.13,677,675.7,676.94,11702
2026-07-15 15:01:00,676.935,677.31,676.69,677.14,23929
2026-07-15 15:02:00,677.04,677.57,676.93,677.5,15195
2026-07-15 15:03:00,677.65,677.97,677.36,677.695,16039
2026-07-15 15:04:00,677.7,677.99,676.96,677,16615
2026-07-15 15:05:00,676.96,677.06,676.35,676.37,13035
2026-07-15 15:06:00,676.515,676.7,676.12,676.54,25633
2026-07-15 15:07:00,676.6875,677.06,676.5301,676.97,10961
2026-07-15 15:08:00,677.11,677.415,676.38,676.995,13559
2026-07-15 15:09:00,677.24,677.84,677.08,677.74,11795
2026-07-15 15:10:00,677.8,678.42,677.7738,678.3,22756
2026-07-15 15:11:00,678.34,678.34,677.02,677.13,17205
2026-07-15 15:12:00,677.15,677.74,676.97,677.13,24699
2026-07-15 15:13:00,677.08,677.46,676.86,677.2875,26887
2026-07-15 15:14:00,677.3279,677.9,677.27,677.455,13511
2026-07-15 15:15:00,677.455,677.595,677.09,677.255,11415
2026-07-15 15:16:00,677.255,677.35,676.39,676.46,14634
2026-07-15 15:17:00,676.53,676.93,676.02,676.26,15737
2026-07-15 15:18:00,676.31,677,676.31,676.79,8023
2026-07-15 15:19:00,676.91,677.14,676.49,676.67,18821
2026-07-15 15:20:00,676.84,676.86,676.22,676.635,21328
2026-07-15 15:21:00,676.64,677.345,676.52,676.76,22638
2026-07-15 15:22:00,676.76,677.4,676.76,676.92,14239
2026-07-15 15:23:00,676.865,678,676.865,677.73,31967
2026-07-15 15:24:00,677.73,678.06,677.01,677.19,24112
2026-07-15 15:25:00,677.17,677.345,676.46,676.63,15781
2026-07-15 15:26:00,676.79,677.28,676.26,676.545,12328
2026-07-15 15:27:00,676.53,677.25,676.3601,676.8975,17039
2026-07-15 15:28:00,676.97,676.97,676.36,676.42,12766
2026-07-15 15:29:00,676.35,676.7,676.17,676.37,13260
2026-07-15 15:30:00,676.475,676.56,676,676.205,25278
2026-07-15 15:31:00,676.205,676.38,675.84,676.08,23030
2026-07-15 15:32:00,676.14,676.4099,675.6,675.785,33188
2026-07-15 15:33:00,675.785,676.49,675.785,676.15,12103
2026-07-15 15:34:00,676.45,676.8249,676.33,676.56,21554
2026-07-15 15:35:00,676.59,678.5999,676.59,678.4,32305
2026-07-15 15:36:00,678.48,678.49,677.54,677.965,29117
2026-07-15 15:37:00,678.13,678.3999,677.8,678.245,15035
2026-07-15 15:38:00,678.25,678.514,677.95,678.245,15839
2026-07-15 15:39:00,678.24,678.89,678.215,678.825,25859
2026-07-15 15:40:00,678.825,678.96,678.48,678.835,14262
2026-07-15 15:41:00,678.94,679.22,678.56,679.15,22855
2026-07-15 15:42:00,679.29,679.38,678.9,679.07,14372
2026-07-15 15:43:00,678.96,679.37,678.88,679.215,23579
2026-07-15 15:44:00,679.215,679.46,679.05,679.35,24368
2026-07-15 15:45:00,679.35,679.58,679.14,679.49,27725
2026-07-15 15:46:00,679.41,679.9499,679.36,679.82,40125
2026-07-15 15:47:00,679.865,680.34,679.77,679.89,48850
2026-07-15 15:48:00,679.86,680.03,679.5,679.805,28409
2026-07-15 15:49:00,679.78,679.83,678.6,678.705,36931
2026-07-15 15:50:00,678.77,679.4,678.72,679.18,26260
2026-07-15 15:51:00,679.22,679.64,678.44,678.51,44466
2026-07-15 15:52:00,678.56,679.73,678.42,679.55,40544
2026-07-15 15:53:00,679.65,679.74,678.23,679.205,54254
2026-07-15 15:54:00,679.2,681.5,678.75,681.27,67077
2026-07-15 15:55:00,681.35,682.04,680.81,681.405,112645
2026-07-15 15:56:00,681.445,681.9,681.16,681.245,85786
2026-07-15 15:57:00,681.22,681.63,680.88,681.085,89615
2026-07-15 15:58:00,681.085,681.4,680.96,681.275,97240
2026-07-15 15:59:00,681.29,681.56,680.89,681.3,192504
2026-07-15 16:00:00,681.2,681.31,680.6,680.6,1764168
2026-07-15 16:01:00,680.8,681.49,680.11,681.05,1312
2026-07-15 16:02:00,680.9,681.49,680.9,681.3,512
2026-07-15 16:03:00,681.05,681.35,681.05,681.35,290
2026-07-15 16:04:00,681.35,681.5,681.2697,681.2697,1480
2026-07-15 16:05:00,681.2934,681.35,681.11,681.19,3236
2026-07-15 16:06:00,681.15,681.24,680.8,680.8,801
2026-07-15 16:07:00,680.8276,680.8276,680.8135,680.8239,152
2026-07-15 16:09:00,680.83,680.83,680.8,680.8,486
2026-07-15 16:10:00,680.142,680.8,680.142,680.1812,200
2026-07-15 16:11:00,681.31,681.31,680.47,680.47,61702
2026-07-15 16:12:00,680.26,680.31,680.26,680.31,350
2026-07-15 16:13:00,680.8,680.8,680.5,680.7998,2143
2026-07-15 16:14:00,680.3352,680.3352,680.3352,680.3352,200
2026-07-15 16:15:00,680.25,680.25,680.25,680.25,100
2026-07-15 16:16:00,680.51,681.02,680.51,681,1605
2026-07-15 16:17:00,680.8203,681.02,680.8203,681.02,1908
2026-07-15 16:18:00,680.99,681.21,680.99,681.15,7020
2026-07-15 16:20:00,681.0019,681.0019,681,681,3363
2026-07-15 16:22:00,680.75,681,680.75,681,560
2026-07-15 16:23:00,680.53,680.53,680.53,680.53,124
2026-07-15 16:25:00,680.9,680.9,680,680.5,1287
2026-07-15 16:26:00,680.56,680.56,680.51,680.51,120
2026-07-15 16:28:00,680.5,681,680.5,680.97,401
2026-07-15 16:29:00,680.9644,680.9644,680.9644,680.9644,85
2026-07-15 16:30:00,681.31,681.31,680.99,680.99,265508
2026-07-15 16:32:00,681,681,680.88,680.88,721
2026-07-15 16:33:00,680.9,680.9,680.9,680.9,200
2026-07-15 16:34:00,680.9502,680.9502,680.831,680.831,429
2026-07-15 16:35:00,680.823,680.823,680.823,680.823,99
2026-07-15 16:36:00,680.81,681.1,680.81,681.1,850
2026-07-15 16:37:00,681.01,681.1,681.01,681.1,218
2026-07-15 16:38:00,681.1,681.15,681.075,681.14,1538
2026-07-15 16:39:00,681.075,681.075,681.075,681.075,40
2026-07-15 16:40:00,680.85,681.075,680.85,681.075,165
2026-07-15 16:42:00,680.8112,680.8112,680.8112,680.8112,300
2026-07-15 16:43:00,680.85,680.9967,680.81,680.81,321
2026-07-15 16:45:00,680.8394,680.8394,680.8394,680.8394,100
2026-07-15 16:46:00,681,681,681,681,50
2026-07-15 16:47:00,680.81,680.97,680.81,680.97,160
2026-07-15 16:49:00,680.935,680.97,680.935,680.97,171
2026-07-15 16:51:00,680.8432,680.8432,680.8432,680.8432,100
2026-07-15 16:53:00,680.92,680.92,680.8,680.8,545
2026-07-15 16:54:00,680.65,680.65,680.65,680.65,75
2026-07-15 16:55:00,680.3,680.51,680.02,680.02,3886
2026-07-15 16:56:00,680,680.01,680,680,513
2026-07-15 16:59:00,679.81,679.81,679.81,679.81,107
2026-07-15 17:00:00,679.6,679.6,679.6,679.6,580
2026-07-15 17:01:00,679.6451,679.6451,679.6451,679.6451,100
2026-07-15 17:02:00,679.9,679.92,679.9,679.92,143
2026-07-15 17:03:00,679.99,680.02,679.74,680,2052
2026-07-15 17:04:00,679.85,679.85,679.85,679.85,500
2026-07-15 17:05:00,679.8,679.98,679.8,679.98,167
2026-07-15 17:06:00,680.02,680.02,680,680,394
2026-07-15 17:07:00,680.02,680.02,680.02,680.02,41
2026-07-15 17:08:00,679.99,680.02,679.96,680.02,389
2026-07-15 17:10:00,679.9619,679.9619,679.9619,679.9619,100
2026-07-15 17:13:00,680.2,680.2,680.2,680.2,51
2026-07-15 17:14:00,680,680,680,680,280
2026-07-15 17:15:00,680,680,680,680,202
2026-07-15 17:16:00,680.3,680.3,680.3,680.3,168
2026-07-15 17:19:00,680.11,680.12,680.11,680.11,244
2026-07-15 17:20:00,680.11,680.11,680.11,680.11,426
2026-07-15 17:24:00,680.11,680.11,680.11,680.11,209
2026-07-15 17:25:00,680.11,680.29,680.11,680.29,94
2026-07-15 17:26:00,680.13,680.13,680.13,680.13,40
2026-07-15 17:27:00,680.11,680.11,680.11,680.11,50
2026-07-15 17:28:00,680.11,680.11,680.11,680.11,300
2026-07-15 17:29:00,680.11,680.11,680.06,680.06,415
2026-07-15 17:30:00,679.96,679.96,679.96,679.96,40
2026-07-15 17:31:00,679.96,679.96,679.94,679.94,415
2026-07-15 17:32:00,679.81,679.81,679.58,679.58,765
2026-07-15 17:34:00,679.73,679.73,679.56,679.65,230
2026-07-15 17:36:00,679.3188,679.3188,679.3188,679.3188,53
2026-07-15 17:37:00,679.5165,679.5165,679.5165,679.5165,150
2026-07-15 17:38:00,679.65,679.65,679.65,679.65,50
2026-07-15 17:39:00,679.49,679.49,679.32,679.32,147
2026-07-15 17:40:00,679.6999,679.6999,679.316,679.316,144
2026-07-15 17:46:00,679.4282,679.4282,679.41,679.41,204
2026-07-15 17:48:00,679.5,679.5,679.5,679.5,246
2026-07-15 17:49:00,679.5,679.5,679.46,679.46,116
2026-07-15 17:50:00,679.63,679.7,679.49,679.7,410
2026-07-15 17:52:00,679.459,679.9184,679.459,679.9184,230
2026-07-15 17:54:00,679.7,679.7,679.5,679.5,210
2026-07-15 17:56:00,679.62,679.9561,679.6155,679.9561,377
2026-07-15 17:58:00,679.72,679.72,679.65,679.65,90
2026-07-15 17:59:00,679.71,679.71,679.7,679.7,139
2026-07-15 18:00:00,679.97,680,679.97,680,530
2026-07-15 18:02:00,680.79,680.94,680.79,680.94,85
2026-07-15 18:03:00,680.893,680.893,680.893,680.893,211
2026-07-15 18:04:00,680.35,680.35,680.35,680.35,49
2026-07-15 18:05:00,680.7985,680.7985,680.3,680.3,90
2026-07-15 18:06:00,680.8835,680.8835,680.8835,680.8835,74
2026-07-15 18:08:00,680.1565,680.1565,680.1565,680.1565,61
2026-07-15 18:10:00,680.1,680.1,680.1,680.1,73
2026-07-15 18:11:00,680.25,680.25,680.25,680.25,49
2026-07-15 18:13:00,680.1538,680.1538,680.1538,680.1538,50
2026-07-15 18:16:00,680.6656,680.6656,680.1436,680.1436,300
2026-07-15 18:18:00,680.01,680.01,679.55,679.55,401
2026-07-15 18:19:00,679.75,679.85,679.75,679.85,80
2026-07-15 18:20:00,679.85,680.2,679.85,680.2,82
2026-07-15 18:24:00,679.98,679.98,679.98,679.98,41
2026-07-15 18:25:00,680,680,680,680,150
2026-07-15 18:29:00,680,680,680,680,94
2026-07-15 18:30:00,680,680,680,680,1035
2026-07-15 18:32:00,679.88,679.88,679.8,679.8,120
2026-07-15 18:39:00,679.9442,679.9442,679.9442,679.9442,100
2026-07-15 18:41:00,679.59,679.59,679.59,679.59,150
2026-07-15 18:42:00,679.97,679.97,679.97,679.97,40
2026-07-15 18:45:00,679.5901,679.5901,679.5901,679.5901,104
2026-07-15 18:46:00,679.59,679.59,679.59,679.59,137
2026-07-15 18:47:00,679.6935,679.6935,679.6935,679.6935,50
2026-07-15 18:48:00,680,680,680,680,320
2026-07-15 18:49:00,679.92,679.92,679.92,679.92,80
2026-07-15 18:50:00,679.91,679.91,679.91,679.91,80
2026-07-15 18:51:00,679.9,679.901,679.9,679.901,260
2026-07-15 18:52:00,679.8561,679.92,679.8561,679.92,150
2026-07-15 18:53:00,679.93,680,679.93,680,1011
2026-07-15 18:54:00,680.09,680.66,680.09,680.66,330
2026-07-15 18:56:00,680.8,680.8,680.67,680.67,80
2026-07-15 18:58:00,680.5274,680.6984,680.4,680.4,205
2026-07-15 19:00:00,680.46,680.75,680.46,680.75,250
2026-07-15 19:01:00,680.7216,681,680.38,681,455
2026-07-15 19:02:00,680.5567,680.5567,680.51,680.51,140
2026-07-15 19:06:00,680.99,680.99,680.99,680.99,42
2026-07-15 19:07:00,680.576,680.576,680.576,680.576,125
2026-07-15 19:10:00,680.576,680.576,680.576,680.576,200
2026-07-15 19:11:00,680.75,680.75,680.75,680.75,80
2026-07-15 19:12:00,680.5,680.9276,680.5,680.9276,530
2026-07-15 19:13:00,680.75,680.75,680.51,680.51,127
2026-07-15 19:14:00,680.5382,680.5382,680.5382,680.5382,200
2026-07-15 19:15:00,680.5505,680.5505,680.5,680.5,130
2026-07-15 19:16:00,680.7,680.7,680.6319,680.6319,158
2026-07-15 19:18:00,680.443,680.5,680.443,680.49,288
2026-07-15 19:21:00,680.52,680.52,680.52,680.52,50
2026-07-15 19:22:00,680,680,680,680,40
2026-07-15 19:25:00,680.5,680.5,680.5,680.5,80
2026-07-15 19:26:00,680.4,680.85,680.4,680.4324,150
2026-07-15 19:31:00,680.57,680.57,680.57,680.57,50
2026-07-15 19:32:00,680.57,680.57,680.57,680.57,100
2026-07-15 19:33:00,680.58,680.58,680.58,680.58,60
2026-07-15 19:34:00,680.9298,680.9298,680.4698,680.4698,475
2026-07-15 19:36:00,680.69,680.69,680.69,680.69,100
2026-07-15 19:43:00,680.37,680.37,680.37,680.37,100
2026-07-15 19:44:00,680.65,680.65,680.65,680.65,150
2026-07-15 19:49:00,680.37,680.37,680.37,680.37,118
2026-07-15 19:50:00,680.37,680.37,680.37,680.37,99
2026-07-15 19:52:00,680.33,680.33,679.9255,679.9255,277
2026-07-15 19:53:00,680,680.03,679.5,679.81,545
2026-07-15 19:54:00,679.71,679.71,679.52,679.52,180
2026-07-15 19:55:00,679.55,680,679.55,680,120
2026-07-15 19:56:00,679.6032,679.87,679.5576,679.87,1125
2026-07-15 19:57:00,679.9502,679.9502,679.9502,679.9502,100
2026-07-15 19:58:00,680,680,680,680,100
2026-07-15 19:59:00,679.94,679.94,679.94,679.94,127
2026-07-16 04:00:00,678.55,681.4934,678.55,680.6,5891
2026-07-16 04:01:00,680.47,681.48,679,679.88,5194
2026-07-16 04:02:00,679.98,679.98,679.98,679.98,40
2026-07-16 04:05:00,679.5,680.15,679.32,680.15,901
2026-07-16 04:06:00,679.55,680.98,679.33,680.98,478
2026-07-16 04:07:00,681,682.9431,681,682.9431,1334
2026-07-16 04:08:00,683,683,681.83,681.83,195
2026-07-16 04:10:00,681.06,681.06,681.06,681.06,41
2026-07-16 04:11:00,681.82,681.82,681.73,681.73,122
2026-07-16 04:12:00,682.01,682.01,682.01,682.01,50
2026-07-16 04:13:00,682.16,683,682.16,683,192
2026-07-16 04:14:00,682.16,682.16,681,681,404
2026-07-16 04:16:00,680.4,680.4,680.05,680.06,447
2026-07-16 04:17:00,680.05,680.4,680.05,680.05,671
2026-07-16 04:18:00,680.05,680.91,679.46,679.46,778
2026-07-16 04:19:00,679.27,679.27,679.27,679.27,73
2026-07-16 04:21:00,680.932,680.932,680.932,680.932,50
2026-07-16 04:23:00,679.57,680.18,679.57,680.18,140
2026-07-16 04:26:00,681.5,681.5,681.5,681.5,759
2026-07-16 04:27:00,682.35,682.35,682.35,682.35,200
2026-07-16 04:28:00,682,682,682,682,71
2026-07-16 04:29:00,682.42,682.43,682.42,682.42,567
2026-07-16 04:33:00,683,683,682.99,683,1320
2026-07-16 04:35:00,682.94,683,682.94,683,213
2026-07-16 04:37:00,683,683,683,683,44
2026-07-16 04:38:00,682.88,682.88,682.88,682.88,285
2026-07-16 04:39:00,683,683,683,683,238
2026-07-16 04:41:00,683,683.07,683,683,4665
2026-07-16 04:42:00,683.5,683.53,683.5,683.5,1083
2026-07-16 04:44:00,684,684.01,684,684,2300
2026-07-16 04:45:00,684,684.33,684,684.33,941
2026-07-16 04:47:00,684.99,685,684.99,685,574
2026-07-16 04:48:00,685.8,686,685.6,685.99,1609
2026-07-16 04:49:00,685.74,685.74,685.6,685.6,162
2026-07-16 04:50:00,685.66,685.88,685.66,685.88,449
2026-07-16 04:52:00,685.4,685.41,685.4,685.41,381
2026-07-16 04:53:00,685.66,686.01,685.66,686,184
2026-07-16 04:54:00,686,686.21,685.82,686,694
2026-07-16 04:55:00,686.2279,686.2279,686,686,593
2026-07-16 04:57:00,686,686,685.75,685.75,129
2026-07-16 04:58:00,685.8,686.29,685.8,686.29,295
2026-07-16 05:00:00,686.86,687.67,686.86,687.14,1064
2026-07-16 05:01:00,686.55,687.52,686,687.52,337
2026-07-16 05:02:00,686.88,686.88,686.88,686.88,167
2026-07-16 05:03:00,687.77,687.77,687.2,687.55,233
2026-07-16 05:04:00,687.11,687.11,686.04,686.84,1347
2026-07-16 05:05:00,687.11,687.66,687.11,687.66,175
2026-07-16 05:06:00,687.65,687.9,687.65,687.9,2020
2026-07-16 05:07:00,687.68,687.68,687.5,687.5,410
2026-07-16 05:08:00,687.74,687.75,687.74,687.75,160
2026-07-16 05:09:00,687.7894,687.85,687.7894,687.85,980
2026-07-16 05:10:00,687.85,687.85,687.7934,687.7934,145
2026-07-16 05:11:00,687.87,688.44,687.85,688.44,1866
2026-07-16 05:12:00,688.07,688.6989,687.98,688.6989,329
2026-07-16 05:15:00,688.15,688.36,688.15,688.36,315
2026-07-16 05:16:00,688.07,688.3,688.01,688.3,175
2026-07-16 05:17:00,688.3,688.31,688,688,445
2026-07-16 05:18:00,688,688.02,687.98,688.02,715
2026-07-16 05:19:00,688.01,688.18,688.01,688.01,801
2026-07-16 05:20:00,688.1,688.15,687.69,687.69,2053
2026-07-16 05:22:00,687.29,687.3556,687.29,687.3556,175
2026-07-16 05:24:00,687.26,687.26,687.26,687.26,200
2026-07-16 05:25:00,687.25,687.25,687.14,687.14,287
2026-07-16 05:27:00,687.27,688.15,687.27,688.15,702
2026-07-16 05:29:00,688.5,688.5,688.06,688.06,1202
2026-07-16 05:30:00,688.7,688.7,688.7,688.7,200
2026-07-16 05:31:00,688.8,689.8,688.8,689.5,1369
2026-07-16 05:32:00,689.65,689.65,689.65,689.65,46
2026-07-16 05:33:00,689.5,689.5,689.5,689.5,46
2026-07-16 05:34:00,689.7716,689.7716,689.35,689.49,1103
2026-07-16 05:35:00,689.1394,689.45,689.1394,689.45,210
2026-07-16 05:37:00,689.53,689.53,688.5,688.5,1107
2026-07-16 05:38:00,688.05,688.05,688,688,218
2026-07-16 05:39:00,688.51,688.6,688.51,688.6,147
2026-07-16 05:40:00,688.5,688.5,688.5,688.5,79
2026-07-16 05:43:00,687.83,688,687.78,688,5307
2026-07-16 05:44:00,687.5,687.5,687.2,687.2,120
2026-07-16 05:45:00,687.03,687.03,687.03,687.03,40
2026-07-16 05:47:00,687.6,687.6,687.6,687.6,63
2026-07-16 05:48:00,687.3,687.3,687.3,687.3,495
2026-07-16 05:50:00,687,687,686.64,686.64,270
2026-07-16 05:51:00,686.58,686.58,686,686.44,623
2026-07-16 05:52:00,686,686,686,686,116
2026-07-16 05:53:00,686.94,686.94,686.94,686.94,64
2026-07-16 05:54:00,686.94,686.94,686.5,686.5,158
2026-07-16 05:56:00,686.01,686.41,685,685.01,1758
2026-07-16 05:57:00,685,685,685,685,1037
2026-07-16 05:58:00,684.65,684.65,682.2,682.63,1261
2026-07-16 05:59:00,682.57,682.57,682.57,682.57,176
2026-07-16 06:01:00,683.3,683.3,683.3,683.3,349
2026-07-16 06:02:00,683.36,683.36,683.36,683.36,50
2026-07-16 06:03:00,683,683,682,683,469
2026-07-16 06:04:00,682.72,683,682.72,683,645
2026-07-16 06:05:00,683.16,683.4,683.01,683.37,237
2026-07-16 06:06:00,683.5,683.64,683.5,683.64,380
2026-07-16 06:07:00,683.73,683.73,683.64,683.65,498
2026-07-16 06:08:00,684.4,684.4,683.97,683.97,964
2026-07-16 06:09:00,684,684,684,684,50
2026-07-16 06:10:00,683.9586,683.9586,682,682,2018
2026-07-16 06:11:00,682.1316,682.1316,682.1316,682.1316,200
2026-07-16 06:12:00,682.7,682.95,682.7,682.95,1135
2026-07-16 06:13:00,682.94,682.94,682.94,682.94,50
2026-07-16 06:14:00,682.2,682.72,682,682.5,2847
2026-07-16 06:15:00,682.5,682.5,681.8,682,947
2026-07-16 06:16:00,682.112,682.112,682,682,125
2026-07-16 06:17:00,682.5,682.7793,682.5,682.7793,350
2026-07-16 06:18:00,682.5,682.5,682.5,682.5,87
2026-07-16 06:19:00,682.01,682.44,682.01,682.44,173
2026-07-16 06:21:00,682.2,682.2,682,682,1046
2026-07-16 06:22:00,682,682,682,682,567
2026-07-16 06:23:00,681.9,681.9,681.7,681.7,367
2026-07-16 06:24:00,681.39,681.5,681.39,681.5,266
2026-07-16 06:25:00,682,682,681.6,681.78,2723
2026-07-16 06:26:00,681.9,682,681.9,682,498
2026-07-16 06:27:00,681.99,681.99,681.99,681.99,40
2026-07-16 06:29:00,682,682,682,682,60
2026-07-16 06:30:00,682.32,682.5,682.32,682.5,316
2026-07-16 06:31:00,682.91,682.96,682.91,682.96,170
2026-07-16 06:34:00,683.66,683.84,683.66,683.84,90
2026-07-16 06:35:00,683.86,683.86,683.86,683.86,100
2026-07-16 06:36:00,683.9,683.9,683.84,683.84,550
2026-07-16 06:38:00,683.29,683.31,683.29,683.29,126
2026-07-16 06:39:00,683,683,682.01,682.01,293
2026-07-16 06:40:00,682.85,682.85,682.85,682.85,112
2026-07-16 06:41:00,682.84,683.63,682.84,683.63,412
2026-07-16 06:43:00,683.45,683.45,683.45,683.45,91
2026-07-16 06:45:00,683,683.15,683,683.15,200
2026-07-16 06:47:00,683.1,683.1,683.1,683.1,63
2026-07-16 06:48:00,683.24,683.24,683.24,683.24,65
2026-07-16 06:49:00,683.3,683.3,683.3,683.3,80
2026-07-16 06:50:00,683.3,683.3,683.3,683.3,50
2026-07-16 06:51:00,682.5995,683.5,682.5995,683.5,100
2026-07-16 06:53:00,683,683,683,683,74
2026-07-16 06:57:00,682.5,682.74,682.5,682.56,145
2026-07-16 06:58:00,682.4,682.4,682.34,682.34,200
2026-07-16 07:00:00,682.21,683,681.7,683,1663
2026-07-16 07:01:00,683.5,684,683.5,683.76,1730
2026-07-16 07:02:00,684.4763,684.49,684.4763,684.49,99
2026-07-16 07:03:00,684.0406,684.5,684.02,684.4295,619
2026-07-16 07:04:00,684.59,684.6,684.4,684.6,412
2026-07-16 07:05:00,684.68,684.68,684.68,684.68,66
2026-07-16 07:06:00,684.5,684.5,683.5,683.5,652
2026-07-16 07:08:00,683.72,683.72,683.7,683.7,159
2026-07-16 07:09:00,683.5707,683.75,683.55,683.75,890
2026-07-16 07:10:00,683.75,683.8623,683.75,683.8623,326
2026-07-16 07:11:00,683.55,683.86,683.3567,683.86,396
2026-07-16 07:12:00,683.8,683.8,683.56,683.56,298
2026-07-16 07:13:00,683.4,683.4852,683.4,683.4852,255
2026-07-16 07:14:00,683.86,683.86,683.8499,683.8499,103
2026-07-16 07:15:00,683.55,683.85,683.5,683.5,623
2026-07-16 07:16:00,683.5,683.5,683.4334,683.4334,226
2026-07-16 07:17:00,682.8571,682.87,682.8571,682.87,150
2026-07-16 07:18:00,682.8528,683.25,682.82,683.25,877
2026-07-16 07:19:00,683.5,683.78,683.5,683.7,274
2026-07-16 07:20:00,683.4,683.4,683.4,683.4,260
2026-07-16 07:21:00,683.6872,683.6872,683.26,683.4261,1690
2026-07-16 07:22:00,683.26,683.26,683.13,683.2251,191
2026-07-16 07:23:00,682.82,683.49,682.8,683.49,3089
2026-07-16 07:24:00,683.1134,683.49,683.1134,683.13,183
2026-07-16 07:25:00,683.46,683.48,683.43,683.48,240
2026-07-16 07:26:00,683.0844,683.0844,683.0844,683.0844,50
2026-07-16 07:27:00,683.07,683.19,683,683.02,913
2026-07-16 07:29:00,683.34,683.34,683,683.02,803
2026-07-16 07:30:00,682.8,682.8,682.636,682.636,150
2026-07-16 07:31:00,682.6639,682.6639,682.35,682.35,120
2026-07-16 07:32:00,682.2525,682.2525,682.2525,682.2525,77
2026-07-16 07:33:00,682.2,683,682.2,683,135
2026-07-16 07:34:00,682.7,683,682.7,683,114
2026-07-16 07:36:00,683,683,683,683,149
2026-07-16 07:38:00,682.33,683,682.33,683,3135
2026-07-16 07:39:00,682.89,682.89,682.2,682.2,324
2026-07-16 07:40:00,682.7,683,682.7,683,117
2026-07-16 07:41:00,683,683,683,683,959
2026-07-16 07:42:00,683.4,683.64,683.4,683.618,1142
2026-07-16 07:43:00,683.5,683.5,683.402,683.402,610
2026-07-16 07:45:00,683.01,683.06,682.9408,682.9408,2248
2026-07-16 07:46:00,682.911,682.911,682.911,682.911,120
2026-07-16 07:47:00,683.4,683.69,683.4,683.69,725
2026-07-16 07:48:00,683.31,683.5,683.31,683.5,95
2026-07-16 07:49:00,683,683,681.43,681.44,1392
2026-07-16 07:50:00,682,683.4,681.8502,681.8502,893
2026-07-16 07:51:00,682.1488,683,681.87,682.88,543
2026-07-16 07:52:00,683.309,683.309,682.06,682.06,140
2026-07-16 07:53:00,682.53,682.76,682,682,895
2026-07-16 07:54:00,682,682,682,682,275
2026-07-16 07:55:00,682.54,683,682.07,683,1097
2026-07-16 07:56:00,682.07,682.07,682.07,682.07,150
2026-07-16 07:57:00,683.44,683.44,682.06,683.1,290
2026-07-16 07:58:00,683.45,683.67,683.45,683.67,468
2026-07-16 07:59:00,682.98,683,682.98,683,124
2026-07-16 08:00:00,682.68,682.7,682.2461,682.2461,310
2026-07-16 08:01:00,682.57,682.8,682.12,682.12,725
2026-07-16 08:02:00,681.86,682,681.86,682,182
2026-07-16 08:03:00,679.607,681.8,679.607,681.8,190
2026-07-16 08:04:00,681.8,681.8,681.51,681.51,858
2026-07-16 08:06:00,681.18,681.8,681.18,681.8,467
2026-07-16 08:07:00,681.98,681.98,681.5,681.63,365
2026-07-16 08:08:00,681.62,681.62,680.99,680.99,1169
2026-07-16 08:09:00,680.9163,681.29,680.89,680.89,714
2026-07-16 08:10:00,681.6574,681.6574,681.3,681.3,351
2026-07-16 08:11:00,680.9296,681.02,680.4,680.88,2283
2026-07-16 08:12:00,680.46,680.65,680,680.48,1236
2026-07-16 08:13:00,680.23,680.54,680.1,680.54,295
2026-07-16 08:14:00,680.02,681.19,680.02,680.25,832
2026-07-16 08:15:00,680.49,681,680.349,680.349,1356
2026-07-16 08:16:00,680.4709,680.99,680.4709,680.99,550
2026-07-16 08:17:00,680.92,680.92,680.3,680.3,363
2026-07-16 08:18:00,680.6,680.62,680.5,680.5,163
2026-07-16 08:19:00,680.4,680.42,680.25,680.25,2731
2026-07-16 08:20:00,680,681,680,680.6,555
2026-07-16 08:21:00,680.99,681,680.1,680.58,965
2026-07-16 08:22:00,680.2781,681.31,680.2781,681.31,754
2026-07-16 08:23:00,681.3,681.3,681,681,448
2026-07-16 08:24:00,680.99,681,680.4,680.4,3413
2026-07-16 08:25:00,680.1,680.1,679.99,680.1,1364
2026-07-16 08:26:00,679.8,679.99,679.5,679.99,622
2026-07-16 08:27:00,679.08,679.5,679,679.5,330
2026-07-16 08:28:00,679,679.062,679,679,1559
2026-07-16 08:29:00,679,679.2,679,679.2,354
2026-07-16 08:30:00,679.2,679.2,678.99,679.2,687
2026-07-16 08:31:00,679.52,679.52,678.3,678.3,419
2026-07-16 08:32:00,678.03,678.2149,678.03,678.2149,1000
2026-07-16 08:33:00,678.25,678.25,678.24,678.25,1100
2026-07-16 08:34:00,678.15,678.4975,678.15,678.4975,230
2026-07-16 08:36:00,679,679.14,679,679.14,387
2026-07-16 08:38:00,678.4,678.5,678.4,678.4,784
2026-07-16 08:39:00,679,679,679,679,375
2026-07-16 08:40:00,679.54,679.8,679.24,679.8,639
2026-07-16 08:41:00,679,679.92,679,679.02,1331
2026-07-16 08:42:00,679.89,679.89,678.96,679.2611,1583
2026-07-16 08:43:00,678.49,679,678.41,678.4986,894
2026-07-16 08:45:00,678.73,678.99,678.73,678.77,588
2026-07-16 08:46:00,678.76,678.9211,678.4,678.7,1310
2026-07-16 08:47:00,678.8,678.8,678.64,678.64,493
2026-07-16 08:48:00,678.85,679,678.58,678.94,4451
2026-07-16 08:49:00,678.9616,679,678.55,678.9,1034
2026-07-16 08:50:00,678.58,678.82,678.58,678.7,438
2026-07-16 08:51:00,678.62,678.62,678.55,678.55,139
2026-07-16 08:52:00,678.5021,678.9,678.037,678.9,4094
2026-07-16 08:53:00,678.9,680.5,678.9,680.5,1658
2026-07-16 08:54:00,680.76,680.76,680.75,680.75,320
2026-07-16 08:55:00,681,681.05,680.26,680.26,1407
2026-07-16 08:56:00,680.2367,680.2367,680.2367,680.2367,1000
2026-07-16 08:57:00,680.21,680.2786,679.81,680.2786,534
2026-07-16 08:58:00,679.9,680.07,679.9,680.07,541
2026-07-16 09:00:00,680.3,680.77,680.3,680.77,378
2026-07-16 09:01:00,680.78,681,680.05,680.05,366
2026-07-16 09:02:00,680.75,680.75,680.75,680.75,50
2026-07-16 09:03:00,680.75,681.25,680.75,681.25,4719
2026-07-16 09:04:00,681.25,681.25,680.8,681,1298
2026-07-16 09:05:00,681,681.54,681,681.54,1203
2026-07-16 09:06:00,681.57,681.66,680.7165,681.5,1244
2026-07-16 09:07:00,681.0001,681.99,681.0001,681.99,1759
2026-07-16 09:08:00,681.9269,681.9269,681.22,681.6,1685
2026-07-16 09:09:00,681.49,681.7,681.49,681.58,553
2026-07-16 09:10:00,681.69,681.7,681.69,681.69,400
2026-07-16 09:11:00,681.6,681.92,681.35,681.92,462
2026-07-16 09:12:00,682,682.01,681.9449,682.01,1483
2026-07-16 09:13:00,682.22,682.4691,682.22,682.4691,300
2026-07-16 09:14:00,682.39,682.39,681.69,682.35,893
2026-07-16 09:15:00,681.99,682.2,681.88,681.99,1317
2026-07-16 09:16:00,682.32,682.5,682.32,682.44,379
2026-07-16 09:18:00,682.3,682.3831,682.2,682.3831,2500
2026-07-16 09:19:00,682.11,682.11,681.37,682,5420
2026-07-16 09:20:00,681.56,681.86,681.56,681.86,175
2026-07-16 09:21:00,681.65,681.76,681.2352,681.34,935
2026-07-16 09:22:00,681.39,681.5,681.0458,681.0588,1446
2026-07-16 09:23:00,681.16,681.16,680.77,680.77,492
2026-07-16 09:24:00,680.69,680.69,680.43,680.43,332
2026-07-16 09:25:00,680.71,681.485,680.64,680.9,25080
2026-07-16 09:26:00,681.1,681.1,680.75,680.75,2778
2026-07-16 09:27:00,680.7,682.64,680.65,682.16,6851
2026-07-16 09:28:00,682.16,682.16,677.13,677.14,12211
2026-07-16 09:29:00,677.06,677.84,676.29,677.84,5200
2026-07-16 09:30:00,677.275,680.65,675.87,678.495,352207
2026-07-16 09:31:00,678.76,679.82,676.94,678.545,72290
2026-07-16 09:32:00,678.545,679.15,672.98,673.37,84638
2026-07-16 09:33:00,673.06,673.69,668.62,670.975,125224
2026-07-16 09:34:00,670.7,673,670.01,672.16,41114
2026-07-16 09:35:00,672.06,673.325,670.28,671.6,82265
2026-07-16 09:36:00,671.4,673.605,670.71,673.36,45403
2026-07-16 09:37:00,672.971,673.685,672.01,673.56,42846
2026-07-16 09:38:00,673.56,674.38,672.73,673.045,37956
2026-07-16 09:39:00,673,673.125,671.05,671.92,48255
2026-07-16 09:40:00,671.6428,672.29,668.8,668.81,70120
2026-07-16 09:41:00,668.7,670.55,668.41,669.615,74900
2026-07-16 09:42:00,669.5415,669.82,667.55,667.55,65065
2026-07-16 09:43:00,667.725,669.77,667.39,668.966,28162
2026-07-16 09:44:00,669,669.55,667,667.165,46908
2026-07-16 09:45:00,667.12,669.17,666.55,668.24,51152
2026-07-16 09:46:00,668.255,669.85,665,669.85,75237
2026-07-16 09:47:00,669.69,670.44,668.82,669.5,28256
2026-07-16 09:48:00,669.47,670.78,668.41,670.29,23254
2026-07-16 09:49:00,670.28,670.9699,669.845,670.26,26061
2026-07-16 09:50:00,670.02,671.205,669.6186,671.14,19970
2026-07-16 09:51:00,671.11,672.24,670,670.43,22287
2026-07-16 09:52:00,670.33,672.13,670.265,671.71,12536
2026-07-16 09:53:00,671.675,672.36,670.87,672.36,18159
2026-07-16 09:54:00,672.36,672.55,671.255,671.44,13422
2026-07-16 09:55:00,671.43,672.28,671.1,671.525,15524
2026-07-16 09:56:00,671.565,672.35,671.292,672.155,29690
2026-07-16 09:57:00,672.4199,672.45,671.5,671.8,13339
2026-07-16 09:58:00,671.71,672.65,671.29,671.46,66896
2026-07-16 09:59:00,671.46,671.56,670.61,671.045,21599
2026-07-16 10:00:00,670.6801,671.085,670.0005,670.595,19002
2026-07-16 10:01:00,670.56,671.46,670,671.03,21640
2026-07-16 10:02:00,671.27,671.3075,670.24,670.75,19109
2026-07-16 10:03:00,670.6702,671.4,670.21,671.27,9568
2026-07-16 10:04:00,671.09,672.5,670.5901,672.35,17710
2026-07-16 10:05:00,672.25,672.73,671.29,671.73,58608
2026-07-16 10:06:00,672.027,672.027,670.25,670.73,18863
2026-07-16 10:07:00,670.6075,671.25,670.5,671.25,16158
2026-07-16 10:08:00,671.23,671.455,670.25,670.895,51604
2026-07-16 10:09:00,670.925,671.44,670.45,671.12,9952
2026-07-16 10:10:00,671.44,672.59,671.42,672.48,29020
2026-07-16 10:11:00,672.405,672.66,671.3001,671.575,22087
2026-07-16 10:12:00,671.575,672.9,671.39,672.5,24872
2026-07-16 10:13:00,672.5,672.61,671.57,671.9,17852
2026-07-16 10:14:00,671.92,672.5,671.23,671.2889,14076
2026-07-16 10:15:00,671.445,672.15,671.1601,672.09,10798
2026-07-16 10:16:00,672.12,672.69,671.6614,671.855,23388
2026-07-16 10:17:00,671.83,672.3,671.6601,672.18,10586
2026-07-16 10:18:00,672.09,673.2899,671.89,673.04,13057
2026-07-16 10:19:00,673.04,673.545,672.5,673.47,18487
2026-07-16 10:20:00,673.52,674.84,673.52,674.71,46829
2026-07-16 10:21:00,674.62,674.62,673.81,674.07,31597
2026-07-16 10:22:00,674.13,674.73,673.8,674.5,44459
2026-07-16 10:23:00,674.5,674.67,673.86,674.385,15019
2026-07-16 10:24:00,674.27,675.6601,674.27,675.2916,35656
2026-07-16 10:25:00,675.26,675.78,674.6998,675.725,16794
2026-07-16 10:26:00,675.83,675.91,675.5,675.65,18847
2026-07-16 10:27:00,675.76,676.5,675,676.32,31880
2026-07-16 10:28:00,676.5,677.53,676.4,677.33,39180
2026-07-16 10:29:00,677.33,677.53,676.1,676.63,36578
2026-07-16 10:30:00,676.72,677.78,676.405,677.59,16343
2026-07-16 10:31:00,677.615,678.75,677.54,678.74,26376
2026-07-16 10:32:00,678.81,679.48,678.5717,679.01,24106
2026-07-16 10:33:00,678.935,679.0599,678.6436,678.6501,24758
2026-07-16 10:34:00,678.7,678.75,677.47,678.38,28148
2026-07-16 10:35:00,678.515,679.25,678.245,679.2,39696
2026-07-16 10:36:00,679.3,680.77,679.3,679.69,69041
2026-07-16 10:37:00,679.97,679.97,678.08,678.34,19724
2026-07-16 10:38:00,678.34,678.48,677.62,678.415,27158
2026-07-16 10:39:00,678.4556,678.64,678.22,678.41,18515
2026-07-16 10:40:00,678.59,678.59,677.62,677.6458,31739
2026-07-16 10:41:00,677.67,677.79,676.84,677.03,33724
2026-07-16 10:42:00,677.03,677.78,677.03,677.77,21696
2026-07-16 10:43:00,677.77,679.02,677.665,678.99,29915
2026-07-16 10:44:00,678.875,679.22,678.256,678.92,21778
2026-07-16 10:45:00,678.75,678.9,678.1819,678.235,22712
2026-07-16 10:46:00,678.2,678.99,677.89,678.8115,15286
2026-07-16 10:47:00,678.9848,679.26,678.6005,678.88,16424
2026-07-16 10:48:00,678.85,679.76,678.77,679.45,27944
2026-07-16 10:49:00,679.45,679.76,678.89,679.365,22859
2026-07-16 10:50:00,679.48,679.5,678.0901,678.1056,20689
2026-07-16 10:51:00,678.28,678.29,677.5,677.91,16936
2026-07-16 10:52:00,677.91,678.47,677.7466,678.074,12946
2026-07-16 10:53:00,678.115,678.13,677.6201,678.125,15858
2026-07-16 10:54:00,678.125,678.2212,677.3803,677.94,22112
2026-07-16 10:55:00,677.9,678.4306,677.4455,677.955,7690
2026-07-16 10:56:00,677.94,679,677.9148,678.8413,15128
2026-07-16 10:57:00,678.99,680.1,678.8918,680.04,30296
2026-07-16 10:58:00,680.1,681.9,680.1,681.605,60217
2026-07-16 10:59:00,681.5,681.8,680.1118,680.27,25828
2026-07-16 11:00:00,680.43,680.69,678.6,679.41,32192
2026-07-16 11:01:00,679.2176,679.58,678.7073,679.29,22477
2026-07-16 11:02:00,679.315,680.075,679.0001,679.8,11255
2026-07-16 11:03:00,679.565,680,679.12,679.4,8490
2026-07-16 11:04:00,679.479,679.93,678.7,679.36,15216
2026-07-16 11:05:00,679.16,680,678.7,679.475,10841
2026-07-16 11:06:00,679.3,679.75,678.83,679.11,8114
2026-07-16 11:07:00,679,679.0999,678.1,678.228,12299
2026-07-16 11:08:00,678.3536,678.7799,678.08,678.27,12106
2026-07-16 11:09:00,678.2776,679.45,678.098,679.45,10500
2026-07-16 11:10:00,679.4835,680.079,679.33,679.5816,12674
2026-07-16 11:11:00,679.56,680.23,679.25,680.065,11045
2026-07-16 11:12:00,680.0475,680.2,678.6701,678.88,20786
2026-07-16 11:13:00,678.76,679.35,678.67,678.855,11905
2026-07-16 11:14:00,678.855,678.855,676.76,677.28,31974
2026-07-16 11:15:00,677.32,677.32,676.22,676.665,30635
2026-07-16 11:16:00,676.665,676.71,676.1101,676.2054,10762
2026-07-16 11:17:00,676.345,676.879,676.2,676.26,20035
2026-07-16 11:18:00,676.32,676.32,675.52,675.55,23618
2026-07-16 11:19:00,675.52,676.42,675.33,676.165,19081
2026-07-16 11:20:00,676.165,677.05,676.02,676.15,20101
2026-07-16 11:21:00,676.26,676.32,675.68,675.91,8254
2026-07-16 11:22:00,675.905,676.13,675.59,675.7675,14354
2026-07-16 11:23:00,675.77,675.95,675.44,675.665,12002
2026-07-16 11:24:00,675.645,676.0899,674.77,675.8826,23446
2026-07-16 11:25:00,675.9404,676.88,675.52,676.23,25484
2026-07-16 11:26:00,676.475,677.09,676.2,676.905,9938
2026-07-16 11:27:00,676.7,676.9,675.84,675.84,17661
2026-07-16 11:28:00,675.79,676.13,675.16,675.27,16360
2026-07-16 11:29:00,675.285,675.46,674.62,675.105,14136
2026-07-16 11:30:00,675.1388,675.84,675.04,675.65,50731
2026-07-16 11:31:00,675.5218,676.79,675.5218,676.535,10116
2026-07-16 11:32:00,676.535,676.93,676.3,676.68,12663
2026-07-16 11:33:00,676.72,676.92,675.97,676.325,15629
2026-07-16 11:34:00,676.26,676.61,675.97,676.6,8628
2026-07-16 11:35:00,676.605,676.849,676.24,676.27,17004
2026-07-16 11:36:00,676.255,676.5,676.045,676.255,13895
2026-07-16 11:37:00,676.255,676.41,675.25,675.5,9100
2026-07-16 11:38:00,675.8599,675.8599,675.27,675.48,6646
2026-07-16 11:39:00,675.51,676.105,675.31,676.105,10123
2026-07-16 11:40:00,676.25,676.46,675.705,675.73,4578
2026-07-16 11:41:00,675.88,676.13,675.485,675.97,11253
2026-07-16 11:42:00,675.865,676.6,675.865,676.48,9524
2026-07-16 11:43:00,676.245,677.13,675.49,676.11,50334
2026-07-16 11:44:00,676.11,676.29,675.885,676.105,13348
2026-07-16 11:45:00,676.12,676.905,676.105,676.575,20760
2026-07-16 11:46:00,676.4323,676.7,676.31,676.66,14499
2026-07-16 11:47:00,676.66,677.4,676.38,676.49,14415
2026-07-16 11:48:00,676.19,676.84,676.19,676.525,18732
2026-07-16 11:49:00,676.525,676.83,675.5,676.115,19148
2026-07-16 11:50:00,675.9601,677.0954,675.9601,677.0954,9506
2026-07-16 11:51:00,677.11,677.66,677.03,677.35,21065
2026-07-16 11:52:00,677.5,677.66,677.115,677.115,7192
2026-07-16 11:53:00,677.115,677.2,676.18,676.503,11642
2026-07-16 11:54:00,676.33,676.475,675.4,675.885,16702
2026-07-16 11:55:00,675.885,675.885,674.99,675.1,18330
2026-07-16 11:56:00,675.05,676.22,675.025,675.78,13906
2026-07-16 11:57:00,675.68,675.91,674.35,674.5,18308
2026-07-16 11:58:00,674.51,674.92,674.32,674.725,15162
2026-07-16 11:59:00,674.7525,674.93,674.4,674.62,7427
2026-07-16 12:00:00,674.65,674.65,673.01,673.2,18609
2026-07-16 12:01:00,673.02,673.55,672.61,673.35,24950
2026-07-16 12:02:00,673.37,673.84,673.205,673.25,14059
2026-07-16 12:03:00,673.11,673.63,672.99,673.185,7598
2026-07-16 12:04:00,673,673,671.7,672.09,17435
2026-07-16 12:05:00,672.11,672.39,671.5,672.1819,16746
2026-07-16 12:06:00,672.34,672.5,672.0211,672.26,18145
2026-07-16 12:07:00,672.368,672.7895,671.9,672.72,31849
2026-07-16 12:08:00,672.72,673.26,672.57,672.74,14691
2026-07-16 12:09:00,672.62,672.66,672,672.44,13351
2026-07-16 12:10:00,672.445,672.8599,672.21,672.8599,13568
2026-07-16 12:11:00,672.695,672.74,671.85,671.94,19989
2026-07-16 12:12:00,671.93,672.155,671.11,671.11,14697
2026-07-16 12:13:00,671.12,671.71,671.07,671.62,11824
2026-07-16 12:14:00,671.495,671.6,670.63,670.93,21755
2026-07-16 12:15:00,670.85,671.09,669.67,670.32,63085
2026-07-16 12:16:00,670.5,670.86,669.9001,670.78,16168
2026-07-16 12:17:00,670.81,671.18,670.5,670.9298,15348
2026-07-16 12:18:00,670.58,671.23,670.575,670.67,11207
2026-07-16 12:19:00,670.73,670.73,669.1,669.56,17501
2026-07-16 12:20:00,669.38,669.73,668.24,668.625,21326
2026-07-16 12:21:00,668.7,669.915,668.57,669.915,30004
2026-07-16 12:22:00,669.725,670,668.9401,669.17,11218
2026-07-16 12:23:00,669.265,669.3321,668.6701,668.89,28994
2026-07-16 12:24:00,668.86,669.15,668.55,668.77,17321
2026-07-16 12:25:00,668.715,669.09,668.45,668.935,15766
2026-07-16 12:26:00,669.09,669.37,668.73,668.9365,14096
2026-07-16 12:27:00,669.17,669.91,669.085,669.715,12494
2026-07-16 12:28:00,669.79,670.3399,669.45,670.185,15291
2026-07-16 12:29:00,670.23,670.43,669.79,670.02,14000
2026-07-16 12:30:00,670.2,670.53,670.0466,670.315,8066
2026-07-16 12:31:00,670.315,670.7,670.03,670.449,19811
2026-07-16 12:32:00,670.08,670.78,669.6408,670.49,15132
2026-07-16 12:33:00,670.835,670.835,670.12,670.28,9697
2026-07-16 12:34:00,670.27,670.52,669.79,670.325,13798
2026-07-16 12:35:00,670.325,670.75,670.045,670.51,21099
2026-07-16 12:36:00,670.525,670.53,669.65,670.2375,17060
2026-07-16 12:37:00,670.185,670.2599,669.8,669.96,10145
2026-07-16 12:38:00,670.0699,670.2,669.651,670.015,12717
2026-07-16 12:39:00,670.015,670.28,669.55,669.62,20370
2026-07-16 12:40:00,669.42,669.72,669.03,669.25,12612
2026-07-16 12:41:00,669.265,669.48,668.421,668.575,16802
2026-07-16 12:42:00,668.59,668.62,668.11,668.455,13119
2026-07-16 12:43:00,668.455,668.64,668,668.125,14792
2026-07-16 12:44:00,668.125,668.57,668.125,668.45,11681
2026-07-16 12:45:00,668.45,669.205,668.45,669.07,14000
2026-07-16 12:46:00,669.09,670.29,669,670.14,16230
2026-07-16 12:47:00,670.14,671.085,669.965,670.96,15640
2026-07-16 12:48:00,671.07,671.9999,670.9,671.34,22620
2026-07-16 12:49:00,671.3496,671.8,669.91,670.475,20978
2026-07-16 12:50:00,670.205,671.13,669.87,670.785,11867
2026-07-16 12:51:00,670.87,670.89,669.44,669.7,17242
2026-07-16 12:52:00,669.86,670.739,669.56,670.56,17965
2026-07-16 12:53:00,670.565,670.9,670.195,670.195,22445
2026-07-16 12:54:00,670.34,670.58,670.0801,670.58,12745
2026-07-16 12:55:00,670.58,670.78,670.19,670.35,15244
2026-07-16 12:56:00,670.345,671.29,670.11,670.275,25215
2026-07-16 12:57:00,670.35,670.59,669.406,669.542,24668
2026-07-16 12:58:00,669.61,669.65,669.16,669.415,7725
2026-07-16 12:59:00,669.42,670.44,669.35,670.235,30124
2026-07-16 13:00:00,670.04,670.3455,669.2201,669.2201,7443
2026-07-16 13:01:00,669.485,670.4199,669.375,669.9676,11795
2026-07-16 13:02:00,669.91,669.91,669.19,669.375,8851
2026-07-16 13:03:00,669.31,669.64,669.15,669.2,15520
2026-07-16 13:04:00,669.03,669.34,668.65,669,15472
2026-07-16 13:05:00,669.125,669.25,668.51,668.85,31607
2026-07-16 13:06:00,668.845,669.22,668.51,668.835,21786
2026-07-16 13:07:00,668.83,669.48,668.67,669.17,45063
2026-07-16 13:08:00,669,669.44,669,669.37,7288
2026-07-16 13:09:00,669.37,669.52,668.745,669.1,9154
2026-07-16 13:10:00,669.22,669.4181,668.79,669.4181,12457
2026-07-16 13:11:00,669.29,669.29,668.9,669.105,6368
2026-07-16 13:12:00,669.105,669.37,668.7105,668.85,6106
2026-07-16 13:13:00,668.855,669.04,668.39,669.04,15752
2026-07-16 13:14:00,669.0399,669.07,668.63,668.66,18057
2026-07-16 13:15:00,668.68,669.86,668.68,669.72,56965
2026-07-16 13:16:00,669.71,670.52,669.58,669.85,27330
2026-07-16 13:17:00,669.85,670,669.17,669.8,11441
2026-07-16 13:18:00,670.02,670.02,669.53,670,13107
2026-07-16 13:19:00,670,670.2246,669.59,669.97,24028
2026-07-16 13:20:00,669.9,670.3399,669.735,670,12383
2026-07-16 13:21:00,669.955,670.2,669.7201,670.06,5466
2026-07-16 13:22:00,669.969,670.3099,669.56,669.75,7611
2026-07-16 13:23:00,669.69,669.84,669.26,669.485,12114
2026-07-16 13:24:00,669.485,669.6,669.32,669.41,13538
2026-07-16 13:25:00,669.3,669.54,668.5,669.395,24136
2026-07-16 13:26:00,669.25,669.78,669.04,669.6,19391
2026-07-16 13:27:00,669.59,670,669.37,669.69,7477
2026-07-16 13:28:00,669.72,670.47,669.53,670.33,34973
2026-07-16 13:29:00,670.32,670.5,669.58,669.9699,20605
2026-07-16 13:30:00,669.74,670.0399,669.51,669.65,4437
2026-07-16 13:31:00,669.65,669.65,669.19,669.29,8781
2026-07-16 13:32:00,669.29,669.5,668.91,669.255,13532
2026-07-16 13:33:00,669.255,669.375,668.4,668.75,6596
2026-07-16 13:34:00,668.54,669.22,668.25,668.91,24768
2026-07-16 13:35:00,669.35,670.16,669.25,669.71,22172
2026-07-16 13:36:00,670.14,670.15,668.82,668.86,13630
2026-07-16 13:37:00,668.8,669.1585,668.38,668.39,13320
2026-07-16 13:38:00,668.39,668.6899,667.52,668.08,16281
2026-07-16 13:39:00,667.99,668.52,667.775,668.185,26039
2026-07-16 13:40:00,668.0301,668.3399,667.83,668.16,7888
2026-07-16 13:41:00,668.185,668.21,667.6,667.9499,9801
2026-07-16 13:42:00,667.95,668.81,667.82,668.81,15153
2026-07-16 13:43:00,668.82,668.9599,668.3701,668.785,5640
2026-07-16 13:44:00,668.7664,669.05,668.381,668.61,9900
2026-07-16 13:45:00,668.62,668.635,668.13,668.23,10204
2026-07-16 13:46:00,668.405,668.83,668.24,668.65,17193
2026-07-16 13:47:00,668.48,668.91,668.42,668.71,10631
2026-07-16 13:48:00,668.55,668.71,668.07,668.53,7471
2026-07-16 13:49:00,668.53,668.73,668.2884,668.57,20489
2026-07-16 13:50:00,668.57,668.81,668.31,668.8,7288
2026-07-16 13:51:00,668.5,668.7899,668.32,668.63,8069
2026-07-16 13:52:00,668.495,669.525,668.49,669.5,25571
2026-07-16 13:53:00,669.5,670.05,669.43,670,21514
2026-07-16 13:54:00,669.99,670.15,669.7801,669.9273,10097
2026-07-16 13:55:00,669.87,669.96,669.51,669.76,14211
2026-07-16 13:56:00,669.91,669.91,669.22,669.505,17738
2026-07-16 13:57:00,669.51,669.61,668.54,668.62,13715
2026-07-16 13:58:00,668.625,669.05,668.42,668.91,14276
2026-07-16 13:59:00,668.79,668.88,668.58,668.7476,15531
2026-07-16 14:00:00,668.58,668.97,668.255,668.76,11173
2026-07-16 14:01:00,668.74,669.08,668.66,668.95,4006
2026-07-16 14:02:00,668.95,669.2142,668.79,668.925,7865
2026-07-16 14:03:00,668.9375,669.09,668.8,669.07,7455
2026-07-16 14:04:00,668.98,669.5,668.82,668.96,16281
2026-07-16 14:05:00,669.05,669.43,668.73,668.855,12265
2026-07-16 14:06:00,668.925,669.25,668.65,669.25,11289
2026-07-16 14:07:00,669.16,669.3,666.72,667.42,30552
2026-07-16 14:08:00,667.32,670.5,667,669.75,66778
2026-07-16 14:09:00,669.65,670.53,668.53,669.65,58085
2026-07-16 14:10:00,669.85,674.31,669.77,672.65,73314
2026-07-16 14:11:00,672.9699,673.53,671.41,671.6,22366
2026-07-16 14:12:00,671.6,672.21,669.29,669.29,21275
2026-07-16 14:13:00,669.04,670.77,668.9001,670.76,29883
2026-07-16 14:14:00,670.92,671.08,669.905,669.905,14872
2026-07-16 14:15:00,669.905,670.28,669.385,670.138,12727
2026-07-16 14:16:00,670.27,670.52,669.51,669.66,12946
2026-07-16 14:17:00,669.53,669.91,669.17,669.463,10608
2026-07-16 14:18:00,669.52,670.13,669.04,669.735,18218
2026-07-16 14:19:00,669.64,670.11,669.34,669.545,10904
2026-07-16 14:20:00,669.39,669.99,669.29,669.375,11012
2026-07-16 14:21:00,669.56,670.14,669.031,669.385,16442
2026-07-16 14:22:00,669.38,669.9,669.215,669.69,6543
2026-07-16 14:23:00,669.51,669.51,668.1901,668.45,24472
2026-07-16 14:24:00,668.71,668.71,667.255,667.4992,19641
2026-07-16 14:25:00,667.43,667.79,667.14,667.2776,11712
2026-07-16 14:26:00,667.275,667.8,667.115,667.69,27297
2026-07-16 14:27:00,667.6344,667.68,667.1,667.3899,8518
2026-07-16 14:28:00,667.3,668.21,667.245,667.8715,27666
2026-07-16 14:29:00,667.865,668.27,667.1701,668.125,13135
2026-07-16 14:30:00,668.3,668.7,667.74,668.7,12196
2026-07-16 14:31:00,668.8,669,668.32,668.97,13606
2026-07-16 14:32:00,668.89,669.3,668.54,668.9853,15538
2026-07-16 14:33:00,669.11,669.33,668.81,669.25,19395
2026-07-16 14:34:00,669.245,669.34,668.14,668.325,18470
2026-07-16 14:35:00,668.17,668.3,667.89,668.225,16479
2026-07-16 14:36:00,668.23,668.33,667.4,667.685,11881
2026-07-16 14:37:00,667.685,667.84,667.4,667.46,15576
2026-07-16 14:38:00,667.65,668.01,667.63,667.81,10160
2026-07-16 14:39:00,667.74,668.42,667.74,667.745,13930
2026-07-16 14:40:00,667.715,667.93,667.48,667.8,7624
2026-07-16 14:41:00,667.81,668.33,667.615,668.035,8441
2026-07-16 14:42:00,668.2,668.83,668.05,668.49,14393
2026-07-16 14:43:00,668.77,668.96,668.27,668.67,7926
2026-07-16 14:44:00,668.49,668.67,667.51,667.67,10813
2026-07-16 14:45:00,667.5,668.1625,667.1,668.01,32408
2026-07-16 14:46:00,668.17,668.41,667.84,668.21,9227
2026-07-16 14:47:00,668.275,668.73,668.128,668.24,15626
2026-07-16 14:48:00,668.24,668.4799,667.85,668.3,9161
2026-07-16 14:49:00,668.395,669.03,668.395,668.6,14518
2026-07-16 14:50:00,668.6,668.73,667.3,668.07,47390
2026-07-16 14:51:00,668.0932,668.56,667.845,668.17,5034
2026-07-16 14:52:00,668.165,668.38,667.81,668.215,7837
2026-07-16 14:53:00,668.28,668.36,667.9445,668.045,8546
2026-07-16 14:54:00,668.045,668.17,667.625,667.94,12287
2026-07-16 14:55:00,667.94,667.96,667.3,667.62,9065
2026-07-16 14:56:00,667.5396,667.86,667.39,667.605,12271
2026-07-16 14:57:00,667.66,668.11,667.6,667.955,7578
2026-07-16 14:58:00,667.975,668.78,667.975,668.685,10023
2026-07-16 14:59:00,668.69,668.88,668.11,668.1131,10703
2026-07-16 15:00:00,668.085,668.6,668.01,668.115,14275
2026-07-16 15:01:00,667.9901,668.16,666.07,668.12,31468
2026-07-16 15:02:00,668.14,668.14,667.53,667.595,14301
2026-07-16 15:03:00,667.63,667.63,667.04,667.32,10218
2026-07-16 15:04:00,667.16,667.56,667.13,667.56,12494
2026-07-16 15:05:00,667.58,667.77,667.04,667.09,8883
2026-07-16 15:06:00,667.105,667.13,666.52,666.81,17505
2026-07-16 15:07:00,666.925,667,665.8401,666.08,25728
2026-07-16 15:08:00,666.01,666.6,665.9001,666.15,20464
2026-07-16 15:09:00,666,666.26,665.71,665.715,23709
2026-07-16 15:10:00,665.78,666.03,665.29,665.675,21090
2026-07-16 15:11:00,665.66,665.96,665.36,665.4,15355
2026-07-16 15:12:00,665.4,665.405,664.73,664.8,41060
2026-07-16 15:13:00,664.85,665.41,664.73,665.35,19707
2026-07-16 15:14:00,665.2975,665.4,664.6304,664.71,17568
2026-07-16 15:15:00,664.75,664.77,664.32,664.672,23157
2026-07-16 15:16:00,664.685,664.95,664.43,664.74,24259
2026-07-16 15:17:00,664.64,664.69,663.74,663.85,23284
2026-07-16 15:18:00,663.855,663.97,663.26,663.86,23836
2026-07-16 15:19:00,663.98,664.43,663.72,664.28,45472
2026-07-16 15:20:00,664.28,664.45,663.91,664.24,27808
2026-07-16 15:21:00,664.24,664.61,663.86,664.2,31248
2026-07-16 15:22:00,664.08,664.46,664.02,664.1,15546
2026-07-16 15:23:00,664.15,664.3,663.27,663.31,42653
2026-07-16 15:24:00,663.44,663.46,662.61,662.79,20066
2026-07-16 15:25:00,662.9399,663.35,662.57,662.57,31967
2026-07-16 15:26:00,662.64,662.82,662.045,662.5276,50314
2026-07-16 15:27:00,662.505,663,662.21,662.705,23676
2026-07-16 15:28:00,662.705,664.1,662.65,663.8174,22222
2026-07-16 15:29:00,663.67,664.01,662.7,662.75,22932
2026-07-16 15:30:00,662.85,663.3999,662.83,663.2,17674
2026-07-16 15:31:00,662.94,662.96,662.3,662.84,18291
2026-07-16 15:32:00,662.84,662.91,662.36,662.605,23306
2026-07-16 15:33:00,662.605,663.33,662.52,663.12,21638
2026-07-16 15:34:00,663.31,663.64,663.12,663.455,16742
2026-07-16 15:35:00,663.475,663.7099,663.07,663.42,28552
2026-07-16 15:36:00,663.37,663.455,662.88,662.94,22821
2026-07-16 15:37:00,663.04,663.5,662.882,663.26,16010
2026-07-16 15:38:00,663.32,663.76,663.2,663.755,16199
2026-07-16 15:39:00,663.72,664.1014,663.72,663.89,16326
2026-07-16 15:40:00,663.89,663.99,663.04,663.125,13897
2026-07-16 15:41:00,663.125,663.6,662.875,663.125,19457
2026-07-16 15:42:00,663.03,663.4143,662.66,663.21,16782
2026-07-16 15:43:00,663.2099,663.2099,662.33,662.4,25488
2026-07-16 15:44:00,662.33,662.53,661.91,662,46256
2026-07-16 15:45:00,662,662,661.21,661.78,35307
2026-07-16 15:46:00,661.64,661.84,661.29,661.595,36909
2026-07-16 15:47:00,661.595,661.595,660.62,660.865,45971
2026-07-16 15:48:00,660.67,660.9,660.16,660.555,31178
2026-07-16 15:49:00,660.55,661.02,660.41,660.85,20652
2026-07-16 15:50:00,660.98,663.12,660.75,662.9238,40085
2026-07-16 15:51:00,662.9,663.495,662.67,663.285,30437
2026-07-16 15:52:00,663.43,663.73,663.19,663.365,40192
2026-07-16 15:53:00,663.36,663.88,662.04,662.56,44157
2026-07-16 15:54:00,662.605,663.89,662.33,662.8,46539
2026-07-16 15:55:00,663.01,663.76,662.84,663.3474,53725
2026-07-16 15:56:00,663.365,663.44,662.7,663.23,70745
2026-07-16 15:57:00,663.24,663.33,662.5,662.71,71975
2026-07-16 15:58:00,662.665,663.29,662.61,663.265,86340
2026-07-16 15:59:00,663.265,664.6,663.13,664.54,207240
2026-07-16 16:00:00,664.54,664.59,664.32,664.5,2324520
2026-07-16 16:01:00,664.65,664.65,663.78,663.8,3910
2026-07-16 16:02:00,663.8,665,663.6311,665,2799
2026-07-16 16:03:00,663.89,664.8,663.89,664.8,173
2026-07-16 16:04:00,664.54,664.54,664.54,664.54,40
2026-07-16 16:05:00,664.6,664.6,664.5,664.5,2097
2026-07-16 16:06:00,664.16,664.49,664.16,664.48,120
2026-07-16 16:07:00,663.7057,664.5,663.7057,664.5,90
2026-07-16 16:08:00,664.5,664.5,664,664.5,195
2026-07-16 16:09:00,664.5,664.5,664.1343,664.1343,544
2026-07-16 16:10:00,664.41,664.5,664.4,664.5,247
2026-07-16 16:11:00,664.5,664.5,664.5,664.5,168
2026-07-16 16:12:00,664.44,664.5,664.44,664.5,929
2026-07-16 16:13:00,664.44,664.5,664.44,664.5,286
2026-07-16 16:14:00,664.49,664.9729,664.21,664.9729,940
2026-07-16 16:15:00,664.56,664.58,664.54,664.58,227
2026-07-16 16:16:00,664.5047,664.71,664.5047,664.71,257
2026-07-16 16:17:00,664.677,664.677,664.55,664.55,190
2026-07-16 16:18:00,664.77,664.9,664.5,664.5,445
2026-07-16 16:19:00,664.51,664.51,664.5,664.5,150
2026-07-16 16:20:00,664.99,665.1,664.99,665.1,1981
2026-07-16 16:21:00,665.05,665.25,665.05,665.25,319
2026-07-16 16:22:00,665.2912,665.2912,665.2912,665.2912,50
2026-07-16 16:23:00,665,665,664.5,665,246
2026-07-16 16:26:00,664.6891,664.6891,664.6891,664.6891,85
2026-07-16 16:28:00,665,665.3,665,665.3,894
2026-07-16 16:29:00,665,665,665,665,347
2026-07-16 16:30:00,665.3354,665.3354,664.5,664.5,700
2026-07-16 16:31:00,664.32,664.32,663.78,663.78,255
2026-07-16 16:33:00,663.78,664.3,663.78,664.3,900
2026-07-16 16:34:00,664.01,664.01,664,664,817
2026-07-16 16:35:00,664.25,664.25,664.11,664.117,290
2026-07-16 16:36:00,663.993,663.993,663.993,663.993,100
2026-07-16 16:38:00,664.4794,664.4794,664.3,664.31,262
2026-07-16 16:39:00,664.3,664.3794,663.78,663.78,326
2026-07-16 16:41:00,663.26,663.26,663.26,663.26,40
2026-07-16 16:44:00,663,663.28,663,663.28,223
2026-07-16 16:45:00,663,663,662,662,259
2026-07-16 16:46:00,662.5,662.5,662.3901,662.3901,288
2026-07-16 16:47:00,663,663,663,663,220
2026-07-16 16:48:00,663.0187,663.2382,663,663,426
2026-07-16 16:49:00,662.8,663.04,662.78,663.04,367
2026-07-16 16:50:00,663.04,663.2,663.0006,663.0006,281
2026-07-16 16:51:00,664.54,664.54,664.54,664.54,540
2026-07-16 16:54:00,663.4,663.4,663.4,663.4,335
2026-07-16 16:55:00,663.3614,663.3614,663.2,663.2,195
2026-07-16 16:57:00,663.4,663.4,663.4,663.4,378
2026-07-16 16:58:00,662,662,662,662,185000
2026-07-16 17:05:00,663.5,664,663.5,664,200
2026-07-16 17:06:00,663.7,663.7,663.02,663.02,156
2026-07-16 17:07:00,662.5515,662.5515,662.5515,662.5515,159
2026-07-16 17:08:00,662.55,662.85,662.55,662.85,467
2026-07-16 17:09:00,662.56,662.82,662.56,662.5725,300
2026-07-16 17:10:00,662.63,662.63,662.63,662.63,40
2026-07-16 17:14:00,663.03,663.03,662.9423,662.9423,222
2026-07-16 17:15:00,662.7917,662.7917,662.55,662.55,569
2026-07-16 17:16:00,662,662,662,662,78
2026-07-16 17:17:00,662.01,662.01,662.01,662.01,107
2026-07-16 17:18:00,663,663,663,663,150
2026-07-16 17:19:00,662.0164,662.0164,662.0164,662.0164,100
2026-07-16 17:20:00,662.0682,662.0682,662.0682,662.0682,50
2026-07-16 17:21:00,662.52,663,662.19,662.73,1154
2026-07-16 17:22:00,662.26,662.59,662.26,662.59,80
2026-07-16 17:23:00,662.306,663.55,662.306,663.55,729
2026-07-16 17:24:00,663.06,663.55,663.04,663.51,351
2026-07-16 17:25:00,663.55,664,663.55,664,526
2026-07-16 17:26:00,663.19,663.35,663.19,663.35,80
2026-07-16 17:27:00,663.2299,663.2299,663.2299,663.2299,50
2026-07-16 17:28:00,663.055,663.055,663.055,663.055,40
2026-07-16 17:29:00,663.4,663.46,663.4,663.46,139
2026-07-16 17:30:00,663.75,663.75,663.5,663.5,580
2026-07-16 17:31:00,663.76,663.76,663.6,663.6,80
2026-07-16 17:32:00,663.85,663.85,663.81,663.81,80
2026-07-16 17:34:00,663.99,663.99,663.61,663.61,710
2026-07-16 17:35:00,663.98,663.98,663.98,663.98,50
2026-07-16 17:36:00,664.04,664.751,664.03,664.751,3706
2026-07-16 17:38:00,664.46,664.5,664.46,664.5,931
2026-07-16 17:39:00,664.54,665,664.5,664.73,1270
2026-07-16 17:40:00,664.55,664.6788,664.5,664.5,568
2026-07-16 17:42:00,664.69,664.7,664.5,664.69,2132
2026-07-16 17:43:00,664.99,665.29,664.99,665.29,1636
2026-07-16 17:44:00,665.27,665.3,665.26,665.3,631
2026-07-16 17:45:00,665.28,665.28,665.1,665.1,80
2026-07-16 17:48:00,664.97,664.97,664.97,664.97,40
2026-07-16 17:49:00,664.87,665.31,664.81,664.81,893
2026-07-16 17:50:00,665.19,665.19,664.74,665.12,120
2026-07-16 17:51:00,664.75,665.28,664.75,665.28,240
2026-07-16 17:52:00,664.86,665.25,664.86,665.25,160
2026-07-16 17:56:00,664.8654,665,664.8654,665,500
2026-07-16 17:57:00,665.1678,665.1678,664.73,665.01,130
2026-07-16 17:58:00,665.13,665.13,664.87,664.99,212
2026-07-16 17:59:00,665.36,665.36,665,665.0775,231
2026-07-16 18:00:00,665.5,665.5,665.5,665.5,100
2026-07-16 18:01:00,665.63,665.63,665.63,665.63,100
2026-07-16 18:02:00,665.71,665.71,665.71,665.71,40
2026-07-16 18:03:00,665.67,666,665.67,666,458
2026-07-16 18:04:00,666.23,666.23,666.02,666.02,571
2026-07-16 18:05:00,666.71,666.71,666.08,666.08,180
2026-07-16 18:06:00,666.49,666.49,666.3,666.3,230
2026-07-16 18:07:00,666.43,666.5,666.13,666.5,1154
2026-07-16 18:08:00,666.74,666.74,666.74,666.74,213
2026-07-16 18:09:00,666.01,666.01,666.01,666.01,40
2026-07-16 18:10:00,666.49,666.49,666.38,666.38,80
2026-07-16 18:11:00,665.06,665.06,665.06,665.06,40
2026-07-16 18:12:00,666.3962,666.3962,665.98,665.98,110
2026-07-16 18:13:00,665.9,665.9,665.9,665.9,40
2026-07-16 18:14:00,665.87,665.87,665.75,665.75,80
2026-07-16 18:15:00,665.61,665.85,665.61,665.85,80
2026-07-16 18:16:00,665.87,666,665.87,665.97,140
2026-07-16 18:17:00,665.53,665.6028,665.53,665.6028,80
2026-07-16 18:19:00,665.57,665.57,665.57,665.57,40
2026-07-16 18:20:00,665.624,666,665.53,665.53,740
2026-07-16 18:21:00,666,666.5,665.54,665.54,890
2026-07-16 18:22:00,665.92,666.4306,665.53,665.53,399
2026-07-16 18:23:00,665.6152,665.6152,665.57,665.57,240
2026-07-16 18:24:00,665.97,665.97,665.97,665.97,40
2026-07-16 18:25:00,665.8972,665.8972,665.62,665.62,85
2026-07-16 18:26:00,665.54,665.54,665.2038,665.2038,90
2026-07-16 18:27:00,665.1666,665.62,665.1666,665.62,387
2026-07-16 18:28:00,665.59,665.59,665.1834,665.1834,100
2026-07-16 18:32:00,665.34,665.34,665.34,665.34,40
2026-07-16 18:33:00,665.48,665.48,665,665,240
2026-07-16 18:34:00,666.9,666.9,666.9,666.9,125
2026-07-16 18:35:00,666.0004,666.0004,666.0004,666.0004,50
2026-07-16 18:36:00,665,665,665,665,50
2026-07-16 18:37:00,665.3625,665.3625,665.3625,665.3625,500
2026-07-16 18:39:00,665.37,665.39,665.37,665.39,80
2026-07-16 18:41:00,665.228,665.228,665,665,1589
2026-07-16 18:42:00,665.1367,665.2179,665.1367,665.2179,275
2026-07-16 18:43:00,665.14,665.14,665.14,665.14,1250
2026-07-16 18:44:00,665.27,665.27,665.27,665.27,40
2026-07-16 18:47:00,665.2,665.2,665.07,665.07,140
2026-07-16 18:49:00,665.53,665.53,665.53,665.53,59
2026-07-16 18:51:00,665,665,665,665,100
2026-07-16 18:53:00,665,665,665,665,300
2026-07-16 18:54:00,665.25,665.25,665.25,665.25,45
2026-07-16 18:55:00,665.06,665.06,665.06,665.06,40
2026-07-16 18:56:00,665,665.44,665,665.44,290
2026-07-16 18:57:00,665.27,665.3,665.27,665.3,140
2026-07-16 18:58:00,665.34,665.4,665.34,665.4,363
2026-07-16 18:59:00,665.28,665.3,665.24,665.24,224
2026-07-16 19:00:00,665.2,665.2,665.2,665.2,40
2026-07-16 19:01:00,665.15,665.15,665.15,665.15,1443
2026-07-16 19:02:00,665.11,665.11,665.11,665.11,50
2026-07-16 19:05:00,665.53,665.53,665.24,665.24,80
2026-07-16 19:06:00,665.5,665.5,665.38,665.38,280
2026-07-16 19:09:00,665.4535,665.4535,665.4535,665.4535,300
2026-07-16 19:10:00,665.47,665.48,665.47,665.48,188
2026-07-16 19:11:00,665.3,665.5,665.3,665.5,1004
2026-07-16 19:14:00,665.93,665.93,665.93,665.93,40
2026-07-16 19:15:00,666.5,666.5,666,666,98
2026-07-16 19:18:00,665.45,665.45,665.45,665.45,65
2026-07-16 19:22:00,665.11,665.11,664.54,664.54,2745
2026-07-16 19:23:00,664.5,664.52,664.5,664.52,294
2026-07-16 19:25:00,664.5,664.5,664.5,664.5,208
2026-07-16 19:26:00,664.53,664.6,664.51,664.6,207
2026-07-16 19:27:00,664.67,664.7,664.5,664.55,1762
2026-07-16 19:28:00,665.72,665.72,665.72,665.72,119
2026-07-16 19:32:00,665.66,665.66,664.5,664.5,637
2026-07-16 19:34:00,665.58,665.58,665.58,665.58,46
2026-07-16 19:35:00,664.63,664.63,664.63,664.63,40
2026-07-16 19:36:00,664.74,664.95,664.74,664.95,90
2026-07-16 19:39:00,665.21,665.45,665.21,665.45,80
2026-07-16 19:40:00,665.82,665.82,665.82,665.82,100
2026-07-16 19:41:00,665.9,665.9,665.6,665.6,137
2026-07-16 19:42:00,665.7314,665.7314,665.7314,665.7314,41
2026-07-16 19:44:00,666.1,666.1,665.76,665.76,80
2026-07-16 19:45:00,665.38,665.53,665.38,665.53,150
2026-07-16 19:46:00,666,666,666,666,80
2026-07-16 19:48:00,666.5,666.5,666.5,666.5,200
2026-07-16 19:50:00,665.65,665.65,665.65,665.65,70
2026-07-16 19:51:00,665.56,666.5,665.1,665.1,536
2026-07-16 19:52:00,665.522,665.522,665.522,665.522,300
2026-07-16 19:54:00,665.75,665.75,665.75,665.75,100
2026-07-16 19:55:00,665.9,665.9,665.1,665.1,3648
2026-07-16 19:57:00,665.212,665.52,665.212,665.52,115
2026-07-16 19:58:00,666.68,666.68,666.68,666.68,100
2026-07-16 19:59:00,666.62,666.62,666.62,666.62,400
2026-07-17 04:00:00,655.17,657.2099,651.2406,654,5798
2026-07-17 04:01:00,655.5365,657.4,651.6,655,2597
2026-07-17 04:02:00,654.49,657,651,655,7307
2026-07-17 04:03:00,654.845,656.83,653.26,655.65,4788
2026-07-17 04:04:00,655,655.72,653.24,655.72,3334
2026-07-17 04:05:00,653.48,654,653.01,653.01,1502
2026-07-17 04:06:00,653.1,653.1,653.01,653.1,381
2026-07-17 04:07:00,652.82,653.44,652.8,652.95,1104
2026-07-17 04:08:00,656.22,656.22,652.82,653.3,1125
2026-07-17 04:09:00,653.05,654,653.05,653.05,550
2026-07-17 04:10:00,653.55,653.55,653.15,653.18,585
2026-07-17 04:11:00,653.18,653.18,653.15,653.15,112
2026-07-17 04:12:00,653.05,653.05,653.05,653.05,138
2026-07-17 04:13:00,653.23,653.23,653.23,653.23,63
2026-07-17 04:14:00,653.68,653.68,653.08,653.08,1128
2026-07-17 04:15:00,653.1,653.53,653.08,653.53,214
2026-07-17 04:16:00,653.5,653.5,652.1,652.1,4612
2026-07-17 04:17:00,652.05,652.05,651.44,651.44,1354
2026-07-17 04:18:00,651.1,652.34,651.1,651.1,2359
2026-07-17 04:19:00,651.41,651.41,651.41,651.41,40
2026-07-17 04:20:00,651.51,651.75,651.41,651.41,276
2026-07-17 04:21:00,651.4,652,651.1,651.1,490
2026-07-17 04:22:00,651.25,651.3,651.1,651.1282,2064
2026-07-17 04:23:00,651.13,651.13,651.1,651.1,1271
2026-07-17 04:24:00,651.9,651.9,651.1,651.1,255
2026-07-17 04:25:00,651.5,651.5,651.1,651.12,599
2026-07-17 04:26:00,651.1,651.1,651.1,651.1,342
2026-07-17 04:27:00,652,652,651.5,651.74,152
2026-07-17 04:28:00,652.41,652.47,652.41,652.47,381
2026-07-17 04:29:00,652.63,652.63,652.63,652.63,40
2026-07-17 04:32:00,651.56,651.56,651.5,651.5,111
2026-07-17 04:33:00,651.15,651.7,651.1,651.1,872
2026-07-17 04:34:00,651.1,651.1,651.1,651.1,50
2026-07-17 04:35:00,651.2,651.2,651.11,651.11,457
2026-07-17 04:38:00,651.1,651.1,651.1,651.1,72
2026-07-17 04:40:00,651.49,651.77,651.13,651.5,487
2026-07-17 04:42:00,651.5,651.73,651.5,651.73,124
2026-07-17 04:43:00,651.55,651.55,651.53,651.53,224
2026-07-17 04:45:00,651.9,652.4,651.9,652.4,466
2026-07-17 04:46:00,652.5,652.5,652.5,652.5,84
2026-07-17 04:47:00,652.4,652.4,652.4,652.4,98
2026-07-17 04:48:00,652.16,652.16,652.1,652.11,269
2026-07-17 04:49:00,652.11,652.32,652.11,652.32,260
2026-07-17 04:51:00,652.75,652.75,652.75,652.75,46
2026-07-17 04:52:00,652.08,652.14,652.08,652.14,140
2026-07-17 04:53:00,652.78,652.79,652.1371,652.1371,200
2026-07-17 04:54:00,653.34,654.04,653.09,653.09,705
2026-07-17 04:56:00,653.58,653.58,653.58,653.58,40
2026-07-17 04:57:00,653.13,653.13,653.13,653.13,47
2026-07-17 04:58:00,653.7,653.7,653.7,653.7,134
2026-07-17 04:59:00,652.7,652.71,652.7,652.71,136
2026-07-17 05:00:00,652.53,652.53,652.5,652.5,407
2026-07-17 05:03:00,652.39,652.7,652.39,652.7,112
2026-07-17 05:06:00,652.5,652.5,652.5,652.5,77
2026-07-17 05:08:00,652.94,652.99,652.94,652.99,100
2026-07-17 05:11:00,652.08,652.08,652.08,652.08,132
2026-07-17 05:12:00,652.75,652.75,652.75,652.75,100
2026-07-17 05:13:00,652.82,653,652.82,653,228
2026-07-17 05:14:00,652.18,653.24,652.0362,652.0362,515
2026-07-17 05:16:00,652.5,652.5,652.5,652.5,100
2026-07-17 05:17:00,652.02,652.2,652,652,219
2026-07-17 05:18:00,652.05,652.05,652.05,652.05,99
2026-07-17 05:19:00,652.03,652.03,651.98,651.98,111
2026-07-17 05:20:00,652.5,652.5,652.49,652.49,320
2026-07-17 05:23:00,652.49,652.49,652.49,652.49,80
2026-07-17 05:24:00,652.95,653.22,652.95,653.22,394
2026-07-17 05:25:00,653.94,654.13,653.94,654,175
2026-07-17 05:26:00,653.11,653.785,653.11,653.66,141
2026-07-17 05:27:00,653.67,654.71,653.67,654.71,315
2026-07-17 05:28:00,653.7,653.7,653.7,653.7,40
2026-07-17 05:29:00,654,654,654,654,490
2026-07-17 05:30:00,654.2,654.2,654.2,654.2,89
2026-07-17 05:31:00,654.74,654.87,654.74,654.87,150
2026-07-17 05:33:00,653.66,653.66,653.66,653.66,200
2026-07-17 05:34:00,653.98,654,653.66,653.66,753
2026-07-17 05:35:00,653.6339,653.6339,653.57,653.6339,354
2026-07-17 05:36:00,653.6339,653.6339,653.6339,653.6339,50
2026-07-17 05:37:00,653.1,653.1,653.1,653.1,120
2026-07-17 05:39:00,653.4,653.58,653.3,653.3,829
2026-07-17 05:40:00,653.23,653.3,653,653,469
2026-07-17 05:41:00,652,652,652,652,775
2026-07-17 05:43:00,652,652.37,652,652.37,113
2026-07-17 05:44:00,651.75,652.35,651.51,651.51,200
2026-07-17 05:45:00,652.4,652.51,652.4,652.51,267
2026-07-17 05:47:00,652.8,652.8,652.8,652.8,150
2026-07-17 05:51:00,652.21,652.21,652.21,652.21,80
2026-07-17 05:54:00,652.1246,652.1246,652.1246,652.1246,50
2026-07-17 05:55:00,651.51,651.51,651.5,651.5,191
2026-07-17 05:57:00,651.5,651.57,651.5,651.57,145
2026-07-17 05:58:00,651.5334,652.6,651.5334,652.6,308
2026-07-17 05:59:00,653,653,653,653,168
2026-07-17 06:00:00,652.3,653,652.3,653,255
2026-07-17 06:01:00,652.53,653,652.53,653,525
2026-07-17 06:02:00,653,653,652.495,652.495,227
2026-07-17 06:05:00,653,653,653,653,79
2026-07-17 06:06:00,653,653,653,653,100
2026-07-17 06:07:00,653.86,653.86,653.86,653.86,110
2026-07-17 06:08:00,653,653,653,653,45
2026-07-17 06:09:00,653,653,652.5588,653,323
2026-07-17 06:11:00,652.6643,653,652.56,652.56,324
2026-07-17 06:12:00,653,653,652,652,780
2026-07-17 06:13:00,653,653,653,653,400
2026-07-17 06:14:00,653.1,653.1,653.1,653.1,50
2026-07-17 06:15:00,652.1,652.1,652.03,652.03,398
2026-07-17 06:16:00,652.01,652.5,652,652.5,722
2026-07-17 06:17:00,652.05,652.06,652.05,652.06,203
2026-07-17 06:18:00,652.58,652.58,652.58,652.58,105
2026-07-17 06:20:00,652.2,652.3,652.2,652.3,192
2026-07-17 06:21:00,652.5,652.64,652.5,652.64,100
2026-07-17 06:22:00,652.5,652.54,652.2279,652.2279,292
2026-07-17 06:23:00,652.23,652.23,652,652.0305,560
2026-07-17 06:24:00,652.53,652.8,652.53,652.8,659
2026-07-17 06:25:00,652.8,652.8,652.8,652.8,133
2026-07-17 06:26:00,652.6,652.89,652.6,652.89,339
2026-07-17 06:27:00,653.74,653.74,653.74,653.74,50
2026-07-17 06:30:00,653.3,653.69,653.3,653.69,234
2026-07-17 06:33:00,653.73,653.73,653.73,653.73,48
2026-07-17 06:35:00,653.0362,653.0362,653.0362,653.0362,50
2026-07-17 06:37:00,653.25,653.5,653.25,653.5,186
2026-07-17 06:38:00,653.5,653.5,653.5,653.5,56
2026-07-17 06:39:00,653.46,653.61,653.46,653.59,164
2026-07-17 06:40:00,654,654,654,654,139
2026-07-17 06:41:00,654,654,654,654,41
2026-07-17 06:43:00,653.8,653.8,653.8,653.8,50
2026-07-17 06:45:00,654,654,654,654,1035
2026-07-17 06:49:00,653.98,653.98,653.98,653.98,65
2026-07-17 06:54:00,653.89,653.89,653.89,653.89,50
2026-07-17 06:56:00,653.89,654,653.89,654,955
2026-07-17 06:57:00,654,654.2,654,654.2,2016
2026-07-17 07:00:00,654.64,654.68,653.84,654.3,661
2026-07-17 07:01:00,655,655,655,655,4501
2026-07-17 07:02:00,655.32,655.6,654.94,655.6,1138
2026-07-17 07:03:00,655.6,656,655.6,656,834
2026-07-17 07:04:00,655.96,655.96,655.5,655.5,203
2026-07-17 07:05:00,655.48,655.48,655.02,655.02,180
2026-07-17 07:06:00,655,655,654.4901,654.5,604
2026-07-17 07:07:00,654.9233,654.9233,654.9233,654.9233,199
2026-07-17 07:08:00,654.28,654.5,654.28,654.28,488
2026-07-17 07:09:00,654.12,654.913,654.09,654.09,759
2026-07-17 07:11:00,654.65,654.88,654.37,654.88,328
2026-07-17 07:12:00,654.09,654.3,654.09,654.3,1228
2026-07-17 07:13:00,654.8373,654.8373,654.09,654.09,731
2026-07-17 07:14:00,654.85,654.85,653.51,653.51,604
2026-07-17 07:15:00,653.5,653.5,653.5,653.5,126
2026-07-17 07:16:00,654.45,654.45,654.45,654.45,72
2026-07-17 07:18:00,653.08,654.09,653.08,653.55,244
2026-07-17 07:19:00,653.92,653.92,653.33,653.34,719
2026-07-17 07:20:00,653.2278,653.58,653.2278,653.58,90
2026-07-17 07:21:00,653.563,654.32,653.563,654.32,1027
2026-07-17 07:22:00,653.83,653.93,653.83,653.93,470
2026-07-17 07:24:00,653.53,653.53,653.53,653.53,50
2026-07-17 07:25:00,654.44,654.58,654,654.52,318
2026-07-17 07:26:00,654.6,654.6,654.6,654.6,55
2026-07-17 07:27:00,654.761,654.92,654.32,654.38,314
2026-07-17 07:28:00,654.52,654.5512,654.1555,654.1555,1139
2026-07-17 07:29:00,654.4,654.4,654.4,654.4,50
2026-07-17 07:30:00,654.24,654.72,654.03,654.72,340
2026-07-17 07:32:00,654.7,654.7,654.7,654.7,100
2026-07-17 07:34:00,653.5,653.5,653,653,5049
2026-07-17 07:35:00,652.37,652.86,652.37,652.676,679
2026-07-17 07:36:00,653.19,653.19,653.19,653.19,600
2026-07-17 07:37:00,653.19,653.2921,653,653.2921,627
2026-07-17 07:38:00,653.11,653.11,653.11,653.11,45
2026-07-17 07:40:00,652.89,652.94,652.36,652.36,150
2026-07-17 07:41:00,652.5,652.5,652.5,652.5,468
2026-07-17 07:42:00,652.36,652.4998,652.36,652.4998,285
2026-07-17 07:43:00,652.36,652.36,652.36,652.36,120
2026-07-17 07:44:00,652.73,652.75,652.53,652.53,213
2026-07-17 07:45:00,652.75,652.75,651.18,651.18,2295
2026-07-17 07:46:00,652,652,652,652,50
2026-07-17 07:47:00,651.8,651.9308,651.5,651.8,494
2026-07-17 07:48:00,651.99,652.51,651.99,652.4042,736
2026-07-17 07:49:00,652.36,652.6,652.36,652.6,980
2026-07-17 07:50:00,652.51,652.5987,652.5,652.5,450
2026-07-17 07:51:00,652.5,652.5,652.5,652.5,100
2026-07-17 07:52:00,653.1,653.15,653.1,653.15,340
2026-07-17 07:53:00,653.2,653.2,653.2,653.2,270
2026-07-17 07:54:00,653.031,653.79,653.031,653.79,1598
2026-07-17 07:55:00,653.99,654.44,653.3578,653.81,660
2026-07-17 07:56:00,653.3974,654.38,653.3974,654.38,160
2026-07-17 07:57:00,653.64,654,653.6,654,589
2026-07-17 07:58:00,654,654,654,654,92
2026-07-17 07:59:00,654.5,654.5,654.5,654.5,82
2026-07-17 08:00:00,654.0437,654.5,654.0437,654.5,434
2026-07-17 08:01:00,654.828,654.828,654.5001,654.5001,200
2026-07-17 08:02:00,654.56,654.56,654.51,654.51,89
2026-07-17 08:03:00,654.5001,654.5001,654.5,654.5,291
2026-07-17 08:04:00,654.19,654.19,653.6056,653.6056,472
2026-07-17 08:05:00,653.43,653.43,653.43,653.43,93
2026-07-17 08:07:00,653.91,654,652.59,652.59,3217
2026-07-17 08:09:00,652.1249,653.03,651.86,653.03,637
2026-07-17 08:10:00,653.55,653.55,653.2091,653.2091,350
2026-07-17 08:11:00,652.9436,653.0724,652.92,653.0724,369
2026-07-17 08:12:00,652.2928,653.25,652.2928,653.25,1960
2026-07-17 08:13:00,653.68,653.94,653.68,653.94,210
2026-07-17 08:15:00,652.79,653.16,652.01,652.01,796
2026-07-17 08:16:00,652.01,652.01,651.5,651.5,1301
2026-07-17 08:18:00,652,652.65,652,652.23,793
2026-07-17 08:19:00,652.01,652.01,652.01,652.01,100
2026-07-17 08:21:00,652.5,652.5,652.13,652.13,85
2026-07-17 08:22:00,652,652,652,652,100
2026-07-17 08:23:00,651.848,651.848,651.848,651.848,50
2026-07-17 08:24:00,652.25,652.25,651.82,651.82,789
2026-07-17 08:25:00,651.5,651.58,651.05,651.09,3160
2026-07-17 08:26:00,651.1398,651.1398,651.1398,651.1398,50
2026-07-17 08:27:00,651.5,651.5,650,650.21,6975
2026-07-17 08:28:00,650.3,650.94,649.99,650.94,667
2026-07-17 08:29:00,651.5,651.5,651.5,651.5,97
2026-07-17 08:30:00,650.69,651.59,650.69,650.7987,402
2026-07-17 08:31:00,650.7,651.36,650.69,651.36,678
2026-07-17 08:32:00,651.36,651.36,651.34,651.34,99
2026-07-17 08:33:00,651.5,651.563,651.14,651.5,837
2026-07-17 08:34:00,651.98,651.98,651.6,651.9,288
2026-07-17 08:37:00,651.79,651.79,650.94,651.4,1442
2026-07-17 08:38:00,651.4,651.4,651.4,651.4,50
2026-07-17 08:39:00,651.6,652,651.37,652,1153
2026-07-17 08:40:00,651.7005,652,651.7005,652,182
2026-07-17 08:41:00,652,652,651.51,651.88,244
2026-07-17 08:42:00,652.2,652.26,652.2,652.2,299
2026-07-17 08:43:00,651.6001,651.8947,651.6001,651.8947,305
2026-07-17 08:44:00,652.79,652.9,651.8783,652.9,514
2026-07-17 08:45:00,652.22,652.9,651.9037,652.42,353
2026-07-17 08:46:00,652.33,652.33,652,652.14,420
2026-07-17 08:47:00,652,652,650.5,650.5,2571
2026-07-17 08:48:00,650.3109,650.3109,650.21,650.21,90
2026-07-17 08:49:00,650.8269,650.8269,650.21,650.522,809
2026-07-17 08:50:00,650.5,650.94,650,650.3,1804
2026-07-17 08:51:00,650.09,650.09,650,650,1476
2026-07-17 08:52:00,650,650,649.72,650,656
2026-07-17 08:53:00,650.61,650.8,650.43,650.43,599
2026-07-17 08:54:00,650.94,650.94,650.5,650.54,267
2026-07-17 08:55:00,650.1791,650.32,649.72,650,1057
2026-07-17 08:56:00,650,650.0451,649.5,649.5,725
2026-07-17 08:58:00,649.7,649.71,649.15,649.15,307
2026-07-17 08:59:00,649.76,649.77,649.5,649.5,567
2026-07-17 09:00:00,649.46,649.58,648.09,648.8,14330
2026-07-17 09:01:00,648.112,648.7492,648.1,648.1,1115
2026-07-17 09:02:00,648.21,648.41,647.96,647.96,1399
2026-07-17 09:03:00,648.5,648.6687,648,648.17,813
2026-07-17 09:04:00,648.34,648.8,647.89,647.89,1242
2026-07-17 09:05:00,648.26,648.26,648.2,648.2,100
2026-07-17 09:06:00,648.3,648.63,648.12,648.29,1032
2026-07-17 09:07:00,648.5,648.8,648.1324,648.27,1819
2026-07-17 09:08:00,648.67,648.67,648,648.4,666
2026-07-17 09:09:00,648.49,648.49,648,648.33,1472
2026-07-17 09:10:00,648.63,648.64,647.88,647.88,2183
2026-07-17 09:11:00,647.88,648,646.995,647.19,4044
2026-07-17 09:12:00,647.3,647.31,646.5,646.5,1130
2026-07-17 09:13:00,646.65,646.65,646,646,502
2026-07-17 09:14:00,646.55,646.81,646.13,646.13,654
2026-07-17 09:15:00,646.01,646.28,644.71,645.2,3769
2026-07-17 09:16:00,645.34,646,645.15,645.58,939
2026-07-17 09:17:00,645.55,646,645.5,645.97,1030
2026-07-17 09:18:00,645.66,646.38,645.66,646.38,1696
2026-07-17 09:19:00,646.34,646.34,645.79,645.79,287
2026-07-17 09:20:00,646.05,646.05,645.76,645.99,744
2026-07-17 09:21:00,645.76,645.99,645.1,645.1,740
2026-07-17 09:22:00,645.5,646,644.5,646,2953
2026-07-17 09:23:00,646.35,647,646,646,1628
2026-07-17 09:24:00,645.65,645.9384,645,645.74,486
2026-07-17 09:25:00,645.8,648.5,645.8,648.34,1318
2026-07-17 09:26:00,648.04,648.32,647.48,648.32,388
2026-07-17 09:27:00,648.04,649.58,647.62,647.66,1977
2026-07-17 09:28:00,647.53,647.65,646.11,647.04,1677
2026-07-17 09:29:00,646.86,650,646.5,650,5667
2026-07-17 09:30:00,647.7,649.15,642.77,644.75,764469
2026-07-17 09:31:00,645.31,648.55,644.81,648.385,66693
2026-07-17 09:32:00,648.25,649.22,645.61,648.11,72431
2026-07-17 09:33:00,648,649,646.745,647.765,46930
2026-07-17 09:34:00,647.55,647.85,646.54,646.72,36012
2026-07-17 09:35:00,646.855,646.9,642.505,642.745,57434
2026-07-17 09:36:00,642.76,644,641.39,641.91,58030
2026-07-17 09:37:00,642.1471,642.49,641.0005,641.33,55899
2026-07-17 09:38:00,641.53,643.76,640.34,642.31,66122
2026-07-17 09:39:00,642.57,642.57,641.01,641.725,56536
2026-07-17 09:40:00,641.725,642.5099,640.8,640.805,51123
2026-07-17 09:41:00,640.805,642.26,640.43,641.21,43955
2026-07-17 09:42:00,641.13,641.34,639.1,639.4925,76987
2026-07-17 09:43:00,639.55,641,638.6,640.47,43588
2026-07-17 09:44:00,640.455,641.12,638.8459,639.9895,49428
2026-07-17 09:45:00,639.94,640.12,636.51,636.99,75854
2026-07-17 09:46:00,636.885,638.82,636.8401,637.995,55381
2026-07-17 09:47:00,637.85,638.69,637.44,638.4895,41074
2026-07-17 09:48:00,638.49,639.72,636.59,639.7195,58626
2026-07-17 09:49:00,639.6,640.01,638.21,640,40147
2026-07-17 09:50:00,640,640.58,638.72,638.8,36393
2026-07-17 09:51:00,638.51,639.95,638.33,639.35,18952
2026-07-17 09:52:00,639.35,640.7,639.0801,640.405,46507
2026-07-17 09:53:00,640.3218,641.9499,640.17,641.7029,45270
2026-07-17 09:54:00,641.765,642.75,640.96,641.18,58657
2026-07-17 09:55:00,641.17,641.524,639.5,639.5,28172
2026-07-17 09:56:00,639.6,640.95,639.52,640.47,23742
2026-07-17 09:57:00,640.485,641.75,640.4,641.535,25522
2026-07-17 09:58:00,641.535,642.0468,641.28,641.755,35344
2026-07-17 09:59:00,641.715,643.1999,641.568,641.94,37066
2026-07-17 10:00:00,642.01,642.15,640.61,641.48,41823
2026-07-17 10:01:00,641.35,641.73,639.64,640.29,31013
2026-07-17 10:02:00,640.29,640.77,638.36,638.855,46083
2026-07-17 10:03:00,639.2,639.22,638.14,638.3711,25117
2026-07-17 10:04:00,638.25,639.09,637.58,638.35,51094
2026-07-17 10:05:00,638.06,639.24,638.06,638.77,29183
2026-07-17 10:06:00,638.64,639.14,638.4044,638.725,31730
2026-07-17 10:07:00,638.73,638.87,637,637.665,49605
2026-07-17 10:08:00,637.78,638.04,636.1,636.51,56493
2026-07-17 10:09:00,636.52,636.52,634,635.105,111340
2026-07-17 10:10:00,635.185,635.36,634.14,634.265,63288
2026-07-17 10:11:00,634.2,635.93,633.88,635.8,62582
2026-07-17 10:12:00,635.8,637.41,635.63,637.04,49973
2026-07-17 10:13:00,637,637.16,636.02,636.06,32207
2026-07-17 10:14:00,636.225,636.5,635.26,636.35,56715
2026-07-17 10:15:00,636.35,637.7198,636.1,637.37,26570
2026-07-17 10:16:00,637.28,637.71,633.33,634.6,144067
2026-07-17 10:17:00,634.75,635.17,632.18,632.56,161400
2026-07-17 10:18:00,632.7718,633.68,632.02,632.79,117169
2026-07-17 10:19:00,632.84,633.78,632.66,633,30175
2026-07-17 10:20:00,633.5,633.5,632.19,632.52,30693
2026-07-17 10:21:00,632.325,633.21,632.01,633.07,53284
2026-07-17 10:22:00,633.02,634.9599,632.5001,634.46,85280
2026-07-17 10:23:00,634.1385,634.9,633.4,634.09,40959
2026-07-17 10:24:00,634.13,637,633.9001,636.625,50726
2026-07-17 10:25:00,636.76,637.08,635.13,635.48,36210
2026-07-17 10:26:00,635.44,636.08,635.11,635.855,19242
2026-07-17 10:27:00,635.938,636.05,635.16,635.32,15308
2026-07-17 10:28:00,635.385,635.99,634.4801,634.94,24420
2026-07-17 10:29:00,634.95,635.13,634,634.57,29216
2026-07-17 10:30:00,634.6,634.8299,633.5,633.9151,17871
2026-07-17 10:31:00,633.8841,634.57,633.6,633.895,17682
2026-07-17 10:32:00,633.89,633.89,632.8,633.56,36527
2026-07-17 10:33:00,633.665,633.94,632.64,632.77,26728
2026-07-17 10:34:00,632.765,633.7,632.74,633.58,21790
2026-07-17 10:35:00,633.69,634.4399,633.6,634.095,20505
2026-07-17 10:36:00,634.1,634.56,633.73,633.735,19017
2026-07-17 10:37:00,633.67,634.99,633.5,634.82,33957
2026-07-17 10:38:00,634.76,635.25,634.46,635.25,17496
2026-07-17 10:39:00,635.13,636.02,635.125,635.96,20083
2026-07-17 10:40:00,636.02,636.33,634.8775,635.15,14160
2026-07-17 10:41:00,635.16,635.44,634.93,635.16,10435
2026-07-17 10:42:00,635.16,635.5998,634.5,634.895,12172
2026-07-17 10:43:00,634.895,634.895,634.035,634.52,9916
2026-07-17 10:44:00,634.44,634.7099,634.02,634.495,7963
2026-07-17 10:45:00,634.495,634.78,633.51,634.78,40184
2026-07-17 10:46:00,634.57,634.57,633.9068,634.095,6978
2026-07-17 10:47:00,634.42,634.685,634.15,634.325,8995
2026-07-17 10:48:00,634.325,634.325,633.47,633.475,13341
2026-07-17 10:49:00,633.475,633.49,632.42,632.5,32869
2026-07-17 10:50:00,632.34,632.6099,631.4001,631.4001,36818
2026-07-17 10:51:00,631.495,631.71,630.41,630.47,42536
2026-07-17 10:52:00,630.65,630.9,630.165,630.58,33753
2026-07-17 10:53:00,630.345,630.835,629.95,630,44528
2026-07-17 10:54:00,630.09,630.49,629.92,630.15,25987
2026-07-17 10:55:00,630.155,631.21,630.135,630.62,19725
2026-07-17 10:56:00,630.61,630.61,629.05,629.135,37515
2026-07-17 10:57:00,629.135,629.2599,628.65,628.92,41184
2026-07-17 10:58:00,628.8802,628.8802,627.29,627.42,46432
2026-07-17 10:59:00,627.61,627.65,626.135,626.66,66436
2026-07-17 11:00:00,626.75,627.23,626.28,626.43,40066
2026-07-17 11:01:00,626.42,627.49,626,627.395,46959
2026-07-17 11:02:00,627.49,628.45,627.12,627.5,33054
2026-07-17 11:03:00,627.45,627.76,626.8634,626.885,20496
2026-07-17 11:04:00,626.885,627.55,626.5801,627.36,29745
2026-07-17 11:05:00,627.36,628.79,627.03,628.565,25980
2026-07-17 11:06:00,628.565,628.99,628.37,628.635,34800
2026-07-17 11:07:00,628.635,629.19,628.2,628.81,24048
2026-07-17 11:08:00,629.02,629.03,628.16,628.5,27938
2026-07-17 11:09:00,628.47,628.95,628.34,628.6598,13573
2026-07-17 11:10:00,628.6851,629.2,628.38,628.64,17948
2026-07-17 11:11:00,628.6,628.97,628.17,628.24,24479
2026-07-17 11:12:00,628.245,628.54,628,628.11,23152
2026-07-17 11:13:00,628.065,628.41,627.0001,627.38,11038
2026-07-17 11:14:00,627.42,628.555,627.42,628.5375,27917
2026-07-17 11:15:00,628.5475,629.09,628.08,628.83,19358
2026-07-17 11:16:00,628.7325,628.88,628,628.085,17192
2026-07-17 11:17:00,628.0005,629.0999,627.84,628.9015,17197
2026-07-17 11:18:00,628.93,630.28,628.93,630.15,35732
2026-07-17 11:19:00,629.9301,630.635,629.2,629.28,18820
2026-07-17 11:20:00,629.25,629.28,628.5,629,15074
2026-07-17 11:21:00,629.165,629.57,628.92,629.295,24040
2026-07-17 11:22:00,629.32,629.58,629.13,629.175,15590
2026-07-17 11:23:00,629.17,629.715,628.67,629.05,14687
2026-07-17 11:24:00,628.74,628.94,628,628.26,22034
2026-07-17 11:25:00,628.34,629.21,628.02,629.025,22143
2026-07-17 11:26:00,629.01,629.01,628.2505,628.7425,9080
2026-07-17 11:27:00,628.81,628.96,628.201,628.47,10212
2026-07-17 11:28:00,628.47,628.95,628.25,628.57,6581
2026-07-17 11:29:00,628.6194,630,628.4,629.92,18183
2026-07-17 11:30:00,629.99,631,629.74,630.9,24723
2026-07-17 11:31:00,630.895,631.7899,630.54,631.47,32761
2026-07-17 11:32:00,631.47,631.77,630.45,630.94,33770
2026-07-17 11:33:00,631,631.16,630.5,630.82,10067
2026-07-17 11:34:00,630.7469,630.9367,630.1,630.53,11477
2026-07-17 11:35:00,630.41,630.44,628.19,628.685,24724
2026-07-17 11:36:00,628.68,629.23,628.51,628.95,25250
2026-07-17 11:37:00,628.96,629.32,628.7,628.84,7577
2026-07-17 11:38:00,628.87,629.9,628.73,629.9,10033
2026-07-17 11:39:00,629.9,630.3,629.84,630.22,10874
2026-07-17 11:40:00,630.28,630.6399,629.88,629.965,23854
2026-07-17 11:41:00,629.965,631.16,629.965,630.8794,38648
2026-07-17 11:42:00,630.785,631.0099,630.21,630.51,24651
2026-07-17 11:43:00,630.53,630.705,629.7726,630.065,14449
2026-07-17 11:44:00,630.16,630.61,629.9,630.49,10158
2026-07-17 11:45:00,630.53,630.85,630.3,630.475,30889
2026-07-17 11:46:00,630.5985,631.18,630.145,630.83,46735
2026-07-17 11:47:00,630.71,631.05,630.25,631.03,10727
2026-07-17 11:48:00,631.08,631.4,630.68,630.72,38654
2026-07-17 11:49:00,630.82,630.93,629.79,629.95,21007
2026-07-17 11:50:00,629.83,629.94,629.19,629.875,11955
2026-07-17 11:51:00,629.78,630.5,629.78,630.155,22875
2026-07-17 11:52:00,630.155,630.19,629.26,629.73,9321
2026-07-17 11:53:00,629.63,630.24,629.51,630.19,12778
2026-07-17 11:54:00,630.19,630.74,630.05,630.565,11468
2026-07-17 11:55:00,630.565,631.87,630.49,631.735,25955
2026-07-17 11:56:00,631.84,632.12,631.28,632,22223
2026-07-17 11:57:00,632,632.81,631.9019,632.665,37543
2026-07-17 11:58:00,632.665,632.83,632.08,632.2,28126
2026-07-17 11:59:00,632.0901,632.86,632.0901,632.86,14810
2026-07-17 12:00:00,632.795,633.07,632.185,632.185,32789
2026-07-17 12:01:00,632.32,632.535,630.58,630.9,39927
2026-07-17 12:02:00,630.69,631.115,630.32,631.115,17790
2026-07-17 12:03:00,631.1534,631.655,630.9,631.465,9523
2026-07-17 12:04:00,631.49,631.64,631.07,631.6,8942
2026-07-17 12:05:00,631.65,632.05,631.3658,631.855,12106
2026-07-17 12:06:00,631.85,632.52,631.72,632.355,11454
2026-07-17 12:07:00,632.57,632.57,631.25,631.985,13321
2026-07-17 12:08:00,631.83,632.46,631.56,632.285,10737
2026-07-17 12:09:00,632.43,633.23,632.43,633.1499,18855
2026-07-17 12:10:00,632.935,633.4699,632.83,633.005,12049
2026-07-17 12:11:00,633.005,633.57,633.0001,633.315,13389
2026-07-17 12:12:00,633.244,633.54,633.1401,633.2701,6786
2026-07-17 12:13:00,633.355,633.53,633.03,633.36,20976
2026-07-17 12:14:00,633.49,633.76,633.3301,633.64,25399
2026-07-17 12:15:00,633.635,634.3,633.43,634.23,26617
2026-07-17 12:16:00,634.27,634.3,633.31,633.78,24869
2026-07-17 12:17:00,633.76,643.29,633.645,642.55,362038
2026-07-17 12:18:00,642.77,647,641.2,645.535,406286
2026-07-17 12:19:00,645.97,646.33,642.15,644.57,227038
2026-07-17 12:20:00,644.57,645.71,642.89,644.3412,195810
2026-07-17 12:21:00,644.56,645.32,642.03,643.3775,155665
2026-07-17 12:22:00,643.43,646,643.13,644.5,180565
2026-07-17 12:23:00,644.6,645.37,643.0801,643.725,90115
2026-07-17 12:24:00,643.89,644.1,641.2,643.1,114739
2026-07-17 12:25:00,643.33,643.33,641.0001,642.67,82510
2026-07-17 12:26:00,642.73,645.5,642.07,644.835,112165
2026-07-17 12:27:00,645.03,647.76,644.19,646.1,165455
2026-07-17 12:28:00,645.83,648.65,644.81,645.25,145882
2026-07-17 12:29:00,645.24,645.89,643.18,643.53,83227
2026-07-17 12:30:00,643.84,643.84,638.3802,639.025,120933
2026-07-17 12:31:00,639.3399,640.8938,638.35,640.43,88484
2026-07-17 12:32:00,640.6816,641.99,640.1201,641.41,54691
2026-07-17 12:33:00,641.41,641.62,639,640.81,53678
2026-07-17 12:34:00,640.95,641.68,639.7,640.86,42466
2026-07-17 12:35:00,640.6,642.09,640.42,641.63,34222
2026-07-17 12:36:00,641.93,643.68,641.23,643.55,50634
2026-07-17 12:37:00,643.51,643.6627,642.17,642.39,27552
2026-07-17 12:38:00,642.69,643.87,642.17,643.71,33551
2026-07-17 12:39:00,643.95,645.64,643.7,645.485,87757
2026-07-17 12:40:00,645.33,645.69,644.29,645.115,46881
2026-07-17 12:41:00,645.12,646.3,644,644.265,42645
2026-07-17 12:42:00,644.4134,646.62,644.195,646.04,45690
2026-07-17 12:43:00,646.045,647.2395,646,646.645,45132
2026-07-17 12:44:00,646.645,646.98,644.62,644.82,51785
2026-07-17 12:45:00,644.84,646.29,644.68,645.405,55252
2026-07-17 12:46:00,645.45,646.29,645.33,645.98,19927
2026-07-17 12:47:00,645.78,647.445,645.56,647.165,54634
2026-07-17 12:48:00,647.39,648.96,647.2,648.2219,75941
2026-07-17 12:49:00,648.185,649.5,648,648.81,49661
2026-07-17 12:50:00,648.85,649.36,648.27,649.2,67124
2026-07-17 12:51:00,649.2,649.37,648.66,648.885,73201
2026-07-17 12:52:00,648.895,649.37,648.31,649.3,34099
2026-07-17 12:53:00,649.3,649.85,647.61,647.8922,109020
2026-07-17 12:54:00,648.1,648.43,647.15,647.965,29009
2026-07-17 12:55:00,648.21,649,648.1101,648.215,30393
2026-07-17 12:56:00,648.215,648.69,647.49,648.61,42126
2026-07-17 12:57:00,648.595,648.595,647.5832,648.25,17804
2026-07-17 12:58:00,648.25,650.39,648.25,649.6782,70502
2026-07-17 12:59:00,649.63,650.45,649.5,649.61,60396
2026-07-17 13:00:00,649.61,651.64,649.61,651.6,67293
2026-07-17 13:01:00,651.45,651.87,651.2,651.6516,50881
2026-07-17 13:02:00,651.82,651.95,650.92,651.155,40125
2026-07-17 13:03:00,651.05,651.76,650.89,651.75,25760
2026-07-17 13:04:00,651.835,651.98,651.2201,651.405,43808
2026-07-17 13:05:00,651.41,651.56,650.58,650.8698,42175
2026-07-17 13:06:00,650.69,651.3,650.22,650.2701,30807
2026-07-17 13:07:00,650.42,651.44,650.2701,651.105,41551
2026-07-17 13:08:00,651.3,651.43,649.86,649.95,35542
2026-07-17 13:09:00,649.86,650.13,649.58,649.62,27690
2026-07-17 13:10:00,649.61,649.8,649.05,649.59,56759
2026-07-17 13:11:00,649.59,650.6,649.45,650.505,24470
2026-07-17 13:12:00,650.58,651.5,649.3,650,26924
2026-07-17 13:13:00,649.885,649.89,648.4201,649.28,42909
2026-07-17 13:14:00,649.28,649.28,648.72,648.825,27555
2026-07-17 13:15:00,648.825,649.61,648.61,649.61,31546
2026-07-17 13:16:00,649.58,650.635,649.2701,649.505,47721
2026-07-17 13:17:00,649.5,649.91,649.09,649.395,30846
2026-07-17 13:18:00,649.395,649.83,648.885,648.885,9891
2026-07-17 13:19:00,648.885,648.885,647.56,648.42,29386
2026-07-17 13:20:00,648.42,648.5099,647.84,648.155,32465
2026-07-17 13:21:00,648.05,648.56,647.63,648.21,31348
2026-07-17 13:22:00,648.29,648.52,646.75,647.52,29085
2026-07-17 13:23:00,647.76,648.095,647.2,647.2975,19987
2026-07-17 13:24:00,647.265,647.78,647.2,647.6,21478
2026-07-17 13:25:00,647.54,648.35,647.25,648.35,17950
2026-07-17 13:26:00,648.11,649.12,648.11,648.925,12753
2026-07-17 13:27:00,649.11,649.38,648.5601,649.38,11798
2026-07-17 13:28:00,649.215,651.13,649.21,651.05,51079
2026-07-17 13:29:00,651.05,652.17,650.735,651.9,59135
2026-07-17 13:30:00,651.9,652.2,651.2516,651.735,45553
2026-07-17 13:31:00,651.76,651.92,650.63,651.18,18491
2026-07-17 13:32:00,651.175,651.3,650.19,650.37,30050
2026-07-17 13:33:00,650.19,650.38,649.74,650.1,23258
2026-07-17 13:34:00,650,651,649.5,650,30540
2026-07-17 13:35:00,650.06,650.39,649.4582,649.55,11377
2026-07-17 13:36:00,649.69,649.8299,649.02,649.66,21594
2026-07-17 13:37:00,649.5025,650.21,649.465,649.52,18005
2026-07-17 13:38:00,649.51,649.845,649.09,649.405,14221
2026-07-17 13:39:00,649.53,650.19,649.25,650.05,10901
2026-07-17 13:40:00,650.05,650.19,649.01,649.135,11578
2026-07-17 13:41:00,649.135,650.01,649.01,649.73,17679
2026-07-17 13:42:00,649.73,650.06,648.01,648.01,23763
2026-07-17 13:43:00,648.21,648.74,648.01,648.545,15472
2026-07-17 13:44:00,648.35,648.575,646.78,647.05,30951
2026-07-17 13:45:00,647.2699,647.67,646.83,647.665,18034
2026-07-17 13:46:00,647.665,648.16,647.36,647.8,23990
2026-07-17 13:47:00,647.91,648.73,647.52,648.3,20183
2026-07-17 13:48:00,648.48,648.75,647.395,647.655,39672
2026-07-17 13:49:00,647.68,647.85,647.23,647.85,18895
2026-07-17 13:50:00,647.925,648,647.53,647.71,10191
2026-07-17 13:51:00,647.71,647.73,647.12,647.255,12035
2026-07-17 13:52:00,647.25,647.44,646.4278,646.4416,14463
2026-07-17 13:53:00,646.49,646.61,645.81,646.18,26067
2026-07-17 13:54:00,646.145,647.96,646.145,647.805,24460
2026-07-17 13:55:00,647.87,648.91,647.75,648.8,12474
2026-07-17 13:56:00,648.91,649,648.3712,648.6,24215
2026-07-17 13:57:00,648.64,649.025,648.42,648.89,17019
2026-07-17 13:58:00,648.89,649.34,648.32,649.21,18788
2026-07-17 13:59:00,649.1285,649.67,649.1285,649.51,13975
2026-07-17 14:00:00,649.465,650,649.33,649.525,16995
2026-07-17 14:01:00,649.61,649.875,649.11,649.585,19226
2026-07-17 14:02:00,649.585,649.99,649.45,649.9477,20970
2026-07-17 14:03:00,649.94,649.99,649.37,649.485,15534
2026-07-17 14:04:00,649.485,649.705,648.62,648.815,15746
2026-07-17 14:05:00,648.815,648.83,648.32,648.755,14278
2026-07-17 14:06:00,648.7,648.7,647.22,647.705,50800
2026-07-17 14:07:00,647.77,647.78,646.13,647.045,88369
2026-07-17 14:08:00,646.58,647.19,645.73,647.19,41465
2026-07-17 14:09:00,647.3095,647.3095,646.28,646.87,18849
2026-07-17 14:10:00,646.86,647.63,646.85,646.905,14326
2026-07-17 14:11:00,646.76,647.1034,646.4,646.72,13601
2026-07-17 14:12:00,646.67,647.235,646.42,646.94,13060
2026-07-17 14:13:00,646.94,647.1499,646.54,646.955,7907
2026-07-17 14:14:00,647.15,647.3,646.74,647.085,14729
2026-07-17 14:15:00,647.085,647.09,646.42,646.8,15494
2026-07-17 14:16:00,646.735,646.8426,646.31,646.345,23159
2026-07-17 14:17:00,646.28,646.605,646.06,646.21,14907
2026-07-17 14:18:00,646.21,646.62,646.0766,646.55,17304
2026-07-17 14:19:00,646.43,646.76,646.21,646.76,16106
2026-07-17 14:20:00,646.71,647.31,646.58,647.235,18148
2026-07-17 14:21:00,647.3,647.41,647.02,647.145,12306
2026-07-17 14:22:00,647.2,647.48,646.86,647.45,9250
2026-07-17 14:23:00,647.48,647.8255,647.17,647.785,19647
2026-07-17 14:24:00,647.785,647.81,646.57,646.83,34630
2026-07-17 14:25:00,646.825,647.3,646.64,647.19,9492
2026-07-17 14:26:00,647.07,647.23,646.76,646.98,10937
2026-07-17 14:27:00,646.75,647,646.5,646.82,17887
2026-07-17 14:28:00,646.79,646.99,646.68,646.835,8218
2026-07-17 14:29:00,646.835,647.03,646.68,647.02,9260
2026-07-17 14:30:00,646.99,647.46,646.85,647.185,14369
2026-07-17 14:31:00,647.185,647.4,646.95,646.95,22477
2026-07-17 14:32:00,646.94,647.57,646.78,647.2613,16965
2026-07-17 14:33:00,647.28,647.82,647.19,647.48,24478
2026-07-17 14:34:00,647.57,648.265,647.54,648.2,18811
2026-07-17 14:35:00,648.02,648.1198,647.66,647.98,8182
2026-07-17 14:36:00,647.66,647.9999,647.64,647.74,9622
2026-07-17 14:37:00,647.68,647.88,647.52,647.88,8627
2026-07-17 14:38:00,647.785,647.9,647.57,647.75,5658
2026-07-17 14:39:00,647.8,647.8,647.12,647.14,9527
2026-07-17 14:40:00,647.225,647.29,646.2701,646.555,12065
2026-07-17 14:41:00,646.6299,646.67,646.22,646.22,8880
2026-07-17 14:42:00,646.367,646.44,645.985,646.32,12818
2026-07-17 14:43:00,646.48,646.48,645.9,646.31,13329
2026-07-17 14:44:00,646.27,646.51,645.99,646.4699,12834
2026-07-17 14:45:00,646.37,646.38,645.33,646.0105,32016
2026-07-17 14:46:00,646.15,646.6,645.8167,646.41,19301
2026-07-17 14:47:00,646.455,646.8965,646.1801,646.665,9677
2026-07-17 14:48:00,646.665,647.42,646.56,647.37,13293
2026-07-17 14:49:00,647.355,647.73,647.3267,647.495,8952
2026-07-17 14:50:00,647.495,648.34,647.36,648.15,16683
2026-07-17 14:51:00,648.23,648.34,647.79,647.94,33597
2026-07-17 14:52:00,647.96,647.99,647.42,647.42,11606
2026-07-17 14:53:00,647.3805,647.43,647.12,647.245,9372
2026-07-17 14:54:00,647.34,647.4799,646.81,647.01,8725
2026-07-17 14:55:00,647.01,647.06,646.62,646.755,7990
2026-07-17 14:56:00,646.66,646.89,646.58,646.82,8708
2026-07-17 14:57:00,646.83,646.876,646.42,646.63,7726
2026-07-17 14:58:00,646.63,646.63,645.6801,645.985,11161
2026-07-17 14:59:00,646.18,646.36,645.8802,645.94,14560
2026-07-17 15:00:00,645.84,646.06,645.22,645.665,30838
2026-07-17 15:01:00,645.665,645.96,645.22,645.63,31702
2026-07-17 15:02:00,645.44,645.77,644.47,644.64,38086
2026-07-17 15:03:00,644.98,645.0683,644.2301,644.63,61662
2026-07-17 15:04:00,644.471,644.75,644,644.2,23828
2026-07-17 15:05:00,644.345,644.8199,643.84,644.7,18532
2026-07-17 15:06:00,644.58,644.7794,644,644.115,12301
2026-07-17 15:07:00,644.23,644.39,643.96,643.96,9642
2026-07-17 15:08:00,644.07,644.34,643.95,644.15,11313
2026-07-17 15:09:00,644.04,644.212,643.67,643.67,16639
2026-07-17 15:10:00,643.645,643.76,642.55,642.58,21254
2026-07-17 15:11:00,642.57,642.67,642.02,642.17,28704
2026-07-17 15:12:00,642.27,642.5199,641.89,641.9301,23808
2026-07-17 15:13:00,642.025,642.35,641.64,642.33,33084
2026-07-17 15:14:00,642.21,642.21,641.63,641.7,13757
2026-07-17 15:15:00,641.735,641.755,641.1101,641.745,20123
2026-07-17 15:16:00,641.84,642.65,641.69,642.12,26662
2026-07-17 15:17:00,642.2288,642.3899,641.99,642.1,19430
2026-07-17 15:18:00,642.135,642.2,641.76,641.85,12046
2026-07-17 15:19:00,641.925,642.85,641.76,642.68,20106
2026-07-17 15:20:00,642.705,643.02,642.39,642.955,29069
2026-07-17 15:21:00,642.98,643.265,642.52,642.975,22105
2026-07-17 15:22:00,642.925,643.38,642.925,643.07,10409
2026-07-17 15:23:00,642.95,643.53,642.63,643.38,33778
2026-07-17 15:24:00,643.425,643.7,643,643.06,12341
2026-07-17 15:25:00,643,643.08,642.62,642.73,10406
2026-07-17 15:26:00,642.78,643.175,642.74,643.115,30848
2026-07-17 15:27:00,643.15,643.47,642.88,643.465,35631
2026-07-17 15:28:00,643.32,643.9895,643.1401,643.765,24517
2026-07-17 15:29:00,643.61,644.16,643.51,643.885,19690
2026-07-17 15:30:00,643.885,644.52,643.885,643.97,28168
2026-07-17 15:31:00,644.01,644.08,643.67,643.86,15610
2026-07-17 15:32:00,643.95,643.95,643.42,643.435,17547
2026-07-17 15:33:00,643.3,643.52,643.08,643.44,21682
2026-07-17 15:34:00,643.235,644.48,643.17,644.315,22345
2026-07-17 15:35:00,644.43,644.6,643.66,643.9201,15958
2026-07-17 15:36:00,643.9625,644.15,643.11,643.11,14999
2026-07-17 15:37:00,643.12,643.63,642.96,643,20476
2026-07-17 15:38:00,643.07,643.09,642.39,642.83,23438
2026-07-17 15:39:00,642.87,643.04,641.29,642.165,37186
2026-07-17 15:40:00,642.165,643.09,641.99,643.0658,22274
2026-07-17 15:41:00,642.95,642.96,642.49,642.58,21384
2026-07-17 15:42:00,642.585,642.78,642.22,642.715,21292
2026-07-17 15:43:00,642.8,643.18,642.74,642.835,16126
2026-07-17 15:44:00,642.84,643.06,642.255,642.6,29019
2026-07-17 15:45:00,642.6,643.55,642.46,643.275,32156
2026-07-17 15:46:00,643.2,643.5,641.08,643.41,52982
2026-07-17 15:47:00,643.29,643.42,642.8,643.075,44780
2026-07-17 15:48:00,643.06,644,642.93,643.77,46507
2026-07-17 15:49:00,643.83,644.2,643.45,644.135,50995
2026-07-17 15:50:00,644.08,645.47,644.06,644.41,55263
2026-07-17 15:51:00,644.47,646.08,644.435,646.08,50759
2026-07-17 15:52:00,646.03,646.61,645.67,645.9,64075
2026-07-17 15:53:00,645.85,646.485,645.5,646.24,43208
2026-07-17 15:54:00,646.205,648,646.2,647.875,64072
2026-07-17 15:55:00,647.875,648.15,646.3,646.67,108864
2026-07-17 15:56:00,646.66,647.7,646.62,647.18,80016
2026-07-17 15:57:00,647.15,647.63,646.58,646.67,92901
2026-07-17 15:58:00,646.67,646.959,645.95,646.08,129723
2026-07-17 15:59:00,646.08,646.74,645.54,646.01,281687
2026-07-17 16:00:00,646.01,646.04,644.55,645,1611659
2026-07-17 16:01:00,645.42,645.42,645,645.155,400
2026-07-17 16:02:00,645.5,645.87,645.5,645.87,231
2026-07-17 16:03:00,645.06,645.4568,645,645,943
2026-07-17 16:04:00,645.4627,645.4627,645.04,645.04,115
2026-07-17 16:05:00,645.38,645.38,645,645.04,159
2026-07-17 16:06:00,644.94,645.18,644.4,644.4,218
2026-07-17 16:07:00,644.46,645.3211,644.4004,644.99,1108
2026-07-17 16:08:00,644.493,644.924,644.493,644.924,500
2026-07-17 16:09:00,645,645,644.7,644.7785,354
2026-07-17 16:10:00,644.7854,644.7854,644.7854,644.7854,100
2026-07-17 16:11:00,644.8,644.8,643.02,643.02,2248
2026-07-17 16:12:00,643.34,643.5,643.06,643.06,670
2026-07-17 16:13:00,643,643.5,643,643.162,1027
2026-07-17 16:14:00,643.68,643.68,643.12,643.5,234
2026-07-17 16:15:00,643.5,643.5,643.1,643.1,127
2026-07-17 16:16:00,643.3853,643.8,643.3853,643.39,1143
2026-07-17 16:17:00,643.35,643.7,643.1,643.5006,1655
2026-07-17 16:18:00,643.51,643.68,643.51,643.68,192
2026-07-17 16:19:00,643.5,643.66,643.1,643.57,491
2026-07-17 16:20:00,643.43,643.43,642.93,642.93,1975
2026-07-17 16:21:00,642.8568,643.1,642.5,643,429
2026-07-17 16:23:00,642.5,642.51,642.5,642.5,2061
2026-07-17 16:24:00,642.5,643,642.5,643,227
2026-07-17 16:25:00,643.7675,643.78,642.616,643.78,280
2026-07-17 16:26:00,643.02,643.02,643,643,542
2026-07-17 16:27:00,642.8,642.8,642.8,642.8,250
2026-07-17 16:29:00,643,643.1,642.5928,642.8,1124
2026-07-17 16:30:00,643.1,643.1,643.1,643.1,142
2026-07-17 16:31:00,643.27,643.68,643.27,643.68,174
2026-07-17 16:33:00,644,644,644,644,100
2026-07-17 16:34:00,643.3662,643.5,643.3662,643.5,301
2026-07-17 16:36:00,643.75,644.37,643.75,644.37,570
2026-07-17 16:38:00,644,644,644,644,52
2026-07-17 16:39:00,644.34,645,644.04,645,407
2026-07-17 16:40:00,644,644,644,644,100
2026-07-17 16:41:00,644.5,644.68,644.5,644.68,640
2026-07-17 16:42:00,644.9613,644.9613,644.792,644.792,746
2026-07-17 16:43:00,644.75,644.75,644.75,644.75,61
2026-07-17 16:45:00,644.85,644.85,644.85,644.85,169
2026-07-17 16:46:00,644.9768,644.9768,644.9768,644.9768,100
2026-07-17 16:48:00,644.9768,644.9768,644.92,644.92,203
2026-07-17 16:49:00,644.9892,645.35,644.9892,645.35,970
2026-07-17 16:53:00,645,645,644.92,644.92,201
2026-07-17 16:56:00,644.5,644.5,644.05,644.05,138
2026-07-17 16:59:00,644.13,644.13,644.0297,644.0297,180
2026-07-17 17:01:00,644.1,644.1,644,644,239
2026-07-17 17:02:00,643.68,643.68,643.68,643.68,40
2026-07-17 17:03:00,643.5085,644.53,643.5085,644.5,2410
2026-07-17 17:04:00,643.7294,643.7294,643.7294,643.7294,60
2026-07-17 17:05:00,644.47,644.47,644.47,644.47,76
2026-07-17 17:06:00,644.5,644.6,644.5,644.6,413
2026-07-17 17:08:00,644.5,644.5,644.5,644.5,666
2026-07-17 17:09:00,644.5,644.84,644.5,644.82,537
2026-07-17 17:11:00,644.7535,644.8,644.7535,644.8,250
2026-07-17 17:16:00,644.56,644.56,644.5,644.5,276
2026-07-17 17:19:00,644.64,644.64,644.64,644.64,47
2026-07-17 17:22:00,644.94,644.94,644.69,644.69,180
2026-07-17 17:23:00,644.58,644.58,644.58,644.58,100
2026-07-17 17:26:00,644.6,644.9,644.6,644.9,140
2026-07-17 17:27:00,644.58,644.58,644.58,644.58,100
2026-07-17 17:29:00,644.9,644.9,644.9,644.9,41
2026-07-17 17:31:00,644.8858,644.9,644.8858,644.9,219
2026-07-17 17:32:00,644.94,644.96,644.94,644.9481,231
2026-07-17 17:34:00,645,645,645,645,59
2026-07-17 17:37:00,645.2,645.2,645.2,645.2,200
2026-07-17 17:39:00,644.92,644.92,644.92,644.92,77
2026-07-17 17:44:00,645.0387,645.0387,645.0387,645.0387,50
2026-07-17 17:45:00,645.2,645.3,645.2,645.3,672
2026-07-17 17:46:00,645.28,645.28,645.02,645.02,80
2026-07-17 17:47:00,645,645.29,645,645.0324,252
2026-07-17 17:48:00,645.12,645.27,645,645.03,240
2026-07-17 17:49:00,645.28,645.29,645.01,645.27,260
2026-07-17 17:50:00,645.0652,645.0652,645.0652,645.0652,60
2026-07-17 17:51:00,645.3,645.3,645.3,645.3,52
2026-07-17 17:53:00,645.19,645.3,645.19,645.3,132
2026-07-17 17:54:00,645.21,645.28,645.13,645.28,120
2026-07-17 17:55:00,645.11,645.28,645.11,645.19,160
2026-07-17 17:56:00,645,645,645,645,150
2026-07-17 17:57:00,644.93,644.93,644.78,644.78,80
2026-07-17 17:58:00,644.94,644.94,644.81,644.81,80
2026-07-17 18:03:00,644.86,644.9,644.86,644.9,374
2026-07-17 18:05:00,644.89,644.89,644.89,644.89,100
2026-07-17 18:06:00,644.75,644.75,644.75,644.75,279
2026-07-17 18:08:00,644.6,644.6,644.58,644.58,157
2026-07-17 18:09:00,644.6039,644.6039,644.6039,644.6039,45
2026-07-17 18:10:00,644.69,644.69,644.66,644.66,80
2026-07-17 18:12:00,644.5,644.5,644.5,644.5,193
2026-07-17 18:13:00,644.8,644.8,644.8,644.8,200
2026-07-17 18:14:00,644.64,644.64,644.59,644.59,80
2026-07-17 18:15:00,644.77,644.77,644.77,644.77,40
2026-07-17 18:16:00,644.86,644.9,644.86,644.9,90
2026-07-17 18:17:00,644.88,645.28,644.69,645.28,1045
2026-07-17 18:18:00,644.79,645.1938,644.79,644.84,202
2026-07-17 18:19:00,645.14,645.18,644.8,645.18,200
2026-07-17 18:20:00,644.84,645.258,644.83,644.93,300
2026-07-17 18:21:00,645.18,645.22,644.86,645.06,200
2026-07-17 18:22:00,645.17,645.17,645.17,645.17,40
2026-07-17 18:23:00,645.01,645.01,645.01,645.01,40
2026-07-17 18:24:00,644.6926,644.6926,644.6926,644.6926,1000
2026-07-17 18:25:00,644.88,644.9997,644.5023,644.9997,777
2026-07-17 18:26:00,644.61,644.61,644.61,644.61,40
2026-07-17 18:27:00,644.81,644.81,644.6,644.79,200
2026-07-17 18:28:00,644.61,644.91,644.61,644.64,200
2026-07-17 18:29:00,644.97,645.01,644.97,645.01,80
2026-07-17 18:31:00,645.26,645.26,645.0908,645.0908,174
2026-07-17 18:32:00,645.0768,645.0768,645.0768,645.0768,57
2026-07-17 18:34:00,644.95,644.95,644.95,644.95,153
2026-07-17 18:35:00,644.65,644.98,644.65,644.66,359
2026-07-17 18:36:00,644.98,644.98,644.68,644.97,120
2026-07-17 18:37:00,644.5,644.88,644.5,644.82,315
2026-07-17 18:38:00,644.85,645.13,644.85,645,130
2026-07-17 18:39:00,645,645,645,645,202
2026-07-17 18:42:00,645.05,645.14,645.04,645.14,180
2026-07-17 18:43:00,645.06,645.06,645.06,645.06,40
2026-07-17 18:44:00,645.01,645.02,645.01,645.02,353
2026-07-17 18:48:00,645.12,645.12,644.95,644.95,293
2026-07-17 18:49:00,644.85,644.85,644,644,964
2026-07-17 18:50:00,644.4295,644.4295,644.26,644.26,540
2026-07-17 18:51:00,644,644,644,644,50
2026-07-17 18:53:00,644.1162,644.5,644.1162,644.5,240
2026-07-17 18:54:00,644.39,644.39,643.48,643.48,588
2026-07-17 18:55:00,643.25,643.7678,642.59,643.7678,580
2026-07-17 18:57:00,643.67,643.67,643.67,643.67,50
2026-07-17 18:58:00,643.5,643.5,643.5,643.5,200
2026-07-17 19:00:00,643.51,643.52,643.51,643.51,140
2026-07-17 19:01:00,643.78,643.78,643.62,643.62,120
2026-07-17 19:02:00,643.81,643.81,643.5,643.51,919
2026-07-17 19:03:00,643.5,644,643.14,644,1795
2026-07-17 19:04:00,643.55,643.55,643.53,643.53,120
2026-07-17 19:06:00,643.54,643.54,643.54,643.54,40
2026-07-17 19:07:00,643.5,643.951,642.49,643.951,4104
2026-07-17 19:08:00,643.11,643.11,642.9,642.9,80
2026-07-17 19:10:00,643,643,642.4037,642.4037,768
2026-07-17 19:11:00,642.44,642.44,642,642.2,552
2026-07-17 19:12:00,641.94,641.94,640,640.5,2475
2026-07-17 19:13:00,640.5,640.5,640.4461,640.5,1032
2026-07-17 19:14:00,640.5,640.5,640.5,640.5,386
2026-07-17 19:15:00,640.5,640.5,640.5,640.5,790
2026-07-17 19:16:00,640.5,640.5,640.3225,640.5,410
2026-07-17 19:17:00,640.5,640.5,640.5,640.5,80
2026-07-17 19:18:00,640.3623,640.3623,640.32,640.32,160
2026-07-17 19:19:00,640.395,640.395,640.395,640.395,40
2026-07-17 19:20:00,640.32,640.32,640.01,640.01,231
2026-07-17 19:22:00,640.04,640.11,640,640.1,537
2026-07-17 19:23:00,639.9542,639.9542,639.9542,639.9542,100
2026-07-17 19:25:00,639.995,640.1,639.995,640.1,1170
2026-07-17 19:26:00,640.4585,640.46,640.1,640.42,1130
2026-07-17 19:27:00,640.21,640.49,640.14,640.41,727
2026-07-17 19:28:00,640.23,640.44,640.23,640.33,240
2026-07-17 19:29:00,640.48,640.5,640.34,640.39,433
2026-07-17 19:30:00,640.47,640.49,640.32,640.32,200
2026-07-17 19:31:00,640.45,640.45,640.4,640.4,80
2026-07-17 19:32:00,640.26,640.46,640.26,640.46,80
2026-07-17 19:33:00,640.26,640.46,640.26,640.2913,180
2026-07-17 19:34:00,640.4,640.4,640.1197,640.1197,150
2026-07-17 19:35:00,640.25,640.25,640.25,640.25,47
2026-07-17 19:37:00,640.25,640.25,640.25,640.25,1000
2026-07-17 19:38:00,640.25,640.25,639.9,639.9,457
2026-07-17 19:39:00,640.13,640.13,639.12,640.12,560
2026-07-17 19:40:00,640.23,640.23,639.2797,639.65,576
2026-07-17 19:41:00,640.16,640.2257,639.95,640.02,221
2026-07-17 19:42:00,640.1179,640.24,639.76,639.76,150
2026-07-17 19:43:00,640.24,640.24,639.93,639.93,100
2026-07-17 19:44:00,639.9792,639.9792,639.51,639.7,663
2026-07-17 19:45:00,639.99,640,639.82,640,378
2026-07-17 19:48:00,640.081,640.081,640,640.03,293
2026-07-17 19:49:00,639.7236,639.7236,639.7236,639.7236,50
2026-07-17 19:50:00,640,640.0246,640,640.0246,100
2026-07-17 19:51:00,640.22,640.22,640,640.2,178
2026-07-17 19:52:00,640.25,640.25,640.25,640.25,350
2026-07-17 19:54:00,640.0001,640.0001,640.0001,640.0001,297
2026-07-17 19:55:00,640.09,640.25,640.09,640.23,146
2026-07-17 19:56:00,640.25,640.25,640.1,640.1,197
2026-07-17 19:57:00,640.225,640.225,640.225,640.225,40
2026-07-17 19:58:00,640.2036,640.25,640.125,640.25,728
2026-07-17 19:59:00,640.0373,640.25,640.0373,640.25,782
2026-07-20 04:00:00,644.0834,645.0652,642.07,644.46,1144
2026-07-20 04:01:00,644.54,645,642.35,642.96,1500
2026-07-20 04:02:00,642.6,645.01,642.29,644.53,4745
2026-07-20 04:03:00,645.29,645.75,644.99,644.99,263
2026-07-20 04:05:00,642.71,644.46,642.71,644.46,130
2026-07-20 04:06:00,645.01,645.05,644.42,644.42,853
2026-07-20 04:07:00,645.25,645.25,645.25,645.25,195
2026-07-20 04:08:00,645.2672,645.2672,645.26,645.26,918
2026-07-20 04:12:00,644.7,644.7,644.7,644.7,99
2026-07-20 04:15:00,644.62,644.62,644.62,644.62,398
2026-07-20 04:16:00,644.26,644.26,643.94,643.94,385
2026-07-20 04:18:00,643.52,643.55,643.52,643.55,128
2026-07-20 04:20:00,643.55,643.55,643.484,643.484,601
2026-07-20 04:21:00,643.73,643.73,643.73,643.73,50
2026-07-20 04:22:00,642.5,642.5,642.5,642.5,1065
2026-07-20 04:30:00,642.61,642.61,642.61,642.61,40
2026-07-20 04:32:00,643.3,643.3,643.3,643.3,120
2026-07-20 04:33:00,643.24,643.3,643.24,643.3,206
2026-07-20 04:34:00,642.77,642.77,642.77,642.77,52
2026-07-20 04:35:00,643.19,643.19,643.19,643.19,50
2026-07-20 04:38:00,643.19,643.35,643.19,643.35,226
2026-07-20 04:40:00,643.91,644,643.91,643.99,210
2026-07-20 04:44:00,643.79,643.79,643.79,643.79,1005
2026-07-20 05:01:00,643.199,643.199,643.199,643.199,300
2026-07-20 05:12:00,642.9548,643.175,642.9548,643.175,103
2026-07-20 05:16:00,643.08,643.08,643.08,643.08,614
2026-07-20 05:17:00,642.95,642.95,642.95,642.95,106
2026-07-20 05:25:00,643.75,643.75,643.75,643.75,258
2026-07-20 05:29:00,644.25,644.25,643.89,643.9,193
2026-07-20 05:32:00,644,644,644,644,50
2026-07-20 05:34:00,643.94,643.99,643.94,643.99,190
2026-07-20 05:35:00,644,644.25,644,644.25,519
2026-07-20 05:38:00,644.8,644.8,644.8,644.8,105
2026-07-20 05:39:00,644.58,644.58,644.58,644.58,66
2026-07-20 05:40:00,644.51,644.7,644.51,644.7,159
2026-07-20 05:46:00,644.52,644.52,644.52,644.52,41
2026-07-20 05:47:00,643.9,643.9,643.9,643.9,57
2026-07-20 05:51:00,643.65,643.65,643.65,643.65,59
2026-07-20 05:52:00,643.5,643.5,643.5,643.5,40
2026-07-20 06:00:00,643.04,643.04,643.03,643.03,222
2026-07-20 06:19:00,642.5542,642.5542,642.5542,642.5542,56
2026-07-20 06:23:00,643,643.4,643,643.4,1009
2026-07-20 06:24:00,643.12,643.12,643.12,643.12,40
2026-07-20 06:29:00,643.3,643.3,643.3,643.3,90
2026-07-20 06:30:00,643.77,643.77,643.77,643.77,200
2026-07-20 06:31:00,643.06,643.06,642.6,642.6,122
2026-07-20 06:35:00,642.64,642.86,642.64,642.86,121
2026-07-20 06:36:00,642.8,642.8,642.8,642.8,40
2026-07-20 06:37:00,642.71,642.71,642.71,642.71,59
2026-07-20 06:44:00,642.56,642.56,642.56,642.56,46
2026-07-20 06:53:00,642.59,642.59,642.59,642.59,50
2026-07-20 06:54:00,642.69,642.69,642.69,642.69,93
2026-07-20 06:55:00,643,643,643,643,469
2026-07-20 06:56:00,643,643,643,643,500
2026-07-20 06:59:00,643.99,643.99,643.99,643.99,180
2026-07-20 07:00:00,644.01,644.11,643,643.7,1090
2026-07-20 07:01:00,643.6162,643.6162,643,643,997
2026-07-20 07:02:00,642.71,642.71,642.71,642.71,400
2026-07-20 07:06:00,643.0268,643.0268,643.0268,643.0268,373
2026-07-20 07:07:00,643.75,644,643.75,644,1123
2026-07-20 07:10:00,643.5,643.5,643.5,643.5,101
2026-07-20 07:11:00,643.55,643.55,643.55,643.55,42
2026-07-20 07:12:00,643.4,643.51,643.32,643.51,177
2026-07-20 07:14:00,643.95,643.95,643.7,643.7,150
2026-07-20 07:15:00,644,644.08,643.99,644.08,267
2026-07-20 07:16:00,644.4,644.4,644.4,644.4,50
2026-07-20 07:17:00,644,644.34,644,644.34,1161
2026-07-20 07:18:00,644.5,645,644.5,645,162
2026-07-20 07:19:00,644.65,644.97,644.64,644.97,688
2026-07-20 07:20:00,644.6,644.6,644.6,644.6,76
2026-07-20 07:21:00,644,644.4469,644,644.4469,400
2026-07-20 07:22:00,644.3,644.4615,644.3,644.4615,111
2026-07-20 07:23:00,644.01,644.06,644.01,644.06,250
2026-07-20 07:25:00,644.01,644.01,644.01,644.01,60
2026-07-20 07:26:00,644,644,644,644,244
2026-07-20 07:27:00,644.17,644.17,644.17,644.17,280
2026-07-20 07:28:00,644.15,644.4,644.15,644.29,949
2026-07-20 07:30:00,644.5,645,644.5,645,3527
2026-07-20 07:31:00,644.96,645.87,644.96,645.87,459
2026-07-20 07:32:00,645.8,646.01,645.8,646.01,774
2026-07-20 07:33:00,646.5,646.88,646.4,646.5,1084
2026-07-20 07:34:00,646.39,646.4,645.85,646.25,658
2026-07-20 07:35:00,646.3886,646.88,646.0713,646.8154,933
2026-07-20 07:36:00,646.07,646.87,646.07,646.87,648
2026-07-20 07:37:00,646.472,646.64,646.472,646.6,588
2026-07-20 07:38:00,646.6564,647.33,646.6564,647.33,1617
2026-07-20 07:39:00,647.62,647.62,647.62,647.62,50
2026-07-20 07:40:00,646.85,646.85,646.85,646.85,50
2026-07-20 07:41:00,648,648,648,648,3000
2026-07-20 07:42:00,648,648.1169,647.73,648.1169,600
2026-07-20 07:43:00,647.5,649.2,647.5,649.2,369
2026-07-20 07:44:00,649.0078,649.0078,648.9,648.9,169
2026-07-20 07:45:00,648.67,648.67,648.5,648.5,1040
2026-07-20 07:46:00,647.9764,647.9764,647.9764,647.9764,50
2026-07-20 07:47:00,647.97,647.97,647.55,647.55,267
2026-07-20 07:49:00,647,647,647,647,100
2026-07-20 07:51:00,647,647,646.95,646.95,209
2026-07-20 07:53:00,647.4625,648,647.2,648,2781
2026-07-20 07:54:00,648.169,648.169,648.169,648.169,500
2026-07-20 07:55:00,648.03,648.03,648,648,114
2026-07-20 07:56:00,647.94,648.17,647.94,648.17,2108
2026-07-20 07:57:00,648.13,648.13,648,648,553
2026-07-20 07:58:00,648.45,648.45,647.6767,648,185
2026-07-20 08:00:00,648.22,648.22,648.21,648.21,120
2026-07-20 08:01:00,648.2,648.2,648.05,648.05,611
2026-07-20 08:02:00,647.51,647.51,646.5,646.5,2191
2026-07-20 08:03:00,646.88,646.88,646.88,646.88,50
2026-07-20 08:06:00,647,647.4,647,647.4,412
2026-07-20 08:07:00,647.3,647.3,647.0901,647.0901,144
2026-07-20 08:08:00,647,647.6204,647,647,419
2026-07-20 08:09:00,647.36,647.43,647.36,647.43,270
2026-07-20 08:10:00,647,647.4427,646.71,646.71,1141
2026-07-20 08:11:00,647.36,647.36,647.2593,647.2593,150
2026-07-20 08:12:00,647.11,647.11,646.71,646.8,427
2026-07-20 08:13:00,646.3,646.3,646.03,646.3,542
2026-07-20 08:15:00,646.4,646.5,646.4,646.5,350
2026-07-20 08:17:00,646.99,646.99,646.99,646.99,100
2026-07-20 08:19:00,646.7,646.7,646.7,646.7,135
2026-07-20 08:20:00,647,647,646.5,646.5,1400
2026-07-20 08:22:00,646.1084,646.1084,646.1084,646.1084,50
2026-07-20 08:24:00,646.4,646.4,646.3462,646.3462,164
2026-07-20 08:25:00,646.1,646.1,646.1,646.1,50
2026-07-20 08:26:00,646.1736,646.92,646.1736,646.92,150
2026-07-20 08:27:00,646.5,646.5,646.5,646.5,250
2026-07-20 08:28:00,646.5762,646.93,646.5762,646.8026,417
2026-07-20 08:29:00,647.49,647.4997,647.49,647.4997,550
2026-07-20 08:30:00,647.35,647.35,647.35,647.35,100
2026-07-20 08:31:00,647.59,647.6591,647.59,647.6591,400
2026-07-20 08:33:00,647.25,647.25,647.25,647.25,108
2026-07-20 08:35:00,647.06,647.16,647,647,1340
2026-07-20 08:37:00,647,647,647,647,211
2026-07-20 08:39:00,647.26,647.26,647,647,1125
2026-07-20 08:40:00,647,647.26,647,647,1149
2026-07-20 08:41:00,646.9874,646.9874,646.9874,646.9874,130
2026-07-20 08:42:00,646.5,647,646.5,647,193
2026-07-20 08:43:00,647.08,647.08,647.08,647.08,100
2026-07-20 08:44:00,646.5,646.5,646.5,646.5,747
2026-07-20 08:46:00,646.58,646.87,646.58,646.82,220
2026-07-20 08:47:00,646.88,646.88,646.88,646.88,187
2026-07-20 08:48:00,647.31,647.31,647.31,647.31,80
2026-07-20 08:49:00,647.25,647.25,647.1,647.1,396
2026-07-20 08:50:00,646.56,646.56,646.5,646.5,330
2026-07-20 08:51:00,646.65,646.65,646.65,646.65,47
2026-07-20 08:52:00,647,647,647,647,496
2026-07-20 08:53:00,646.65,646.68,646.5,646.68,237
2026-07-20 08:54:00,646.5894,646.65,646.5894,646.65,170
2026-07-20 08:55:00,646.5,646.5,646.5,646.5,179
2026-07-20 08:59:00,646.78,646.78,646.78,646.78,199
2026-07-20 09:00:00,646.97,646.98,646.65,646.65,283
2026-07-20 09:01:00,646.6,646.6,646.6,646.6,50
2026-07-20 09:02:00,646.4514,646.4514,646.18,646.39,145
2026-07-20 09:03:00,646.2,646.2,646.2,646.2,56
2026-07-20 09:04:00,646.3267,646.45,646.2172,646.45,491
2026-07-20 09:05:00,646.8999,646.99,646.8999,646.99,210
2026-07-20 09:06:00,646.88,647.78,646.88,647.6,2279
2026-07-20 09:08:00,647.34,647.34,647.03,647.03,148
2026-07-20 09:09:00,647.03,647.03,647.03,647.03,40
2026-07-20 09:10:00,647.25,647.25,646.46,646.5,503
2026-07-20 09:11:00,646.12,646.705,646.11,646.705,849
2026-07-20 09:12:00,646.9,646.9,646.9,646.9,50
2026-07-20 09:14:00,647.18,647.18,647.18,647.18,100
2026-07-20 09:15:00,646.5,646.5,646,646,1724
2026-07-20 09:16:00,645.655,646,645.5,646,2514
2026-07-20 09:17:00,645.56,646.23,645.39,645.5,1767
2026-07-20 09:18:00,645.22,645.22,645,645,404
2026-07-20 09:19:00,645,645.2616,644.41,644.41,1674
2026-07-20 09:20:00,644.72,644.72,644,644,220
2026-07-20 09:21:00,645,645.09,644.41,644.45,1017
2026-07-20 09:22:00,645,645,644.94,645,297
2026-07-20 09:23:00,644.51,645.27,644.51,645.27,395
2026-07-20 09:24:00,644.713,645.3,644.713,645.3,240
2026-07-20 09:25:00,646.49,646.5,646.49,646.5,659
2026-07-20 09:26:00,646.38,646.38,646.38,646.38,50
2026-07-20 09:27:00,646.82,646.82,646.82,646.82,84
2026-07-20 09:28:00,646.04,646.6,646.04,646.6,532
2026-07-20 09:29:00,646.78,648.3,646.78,647.78,1652
2026-07-20 09:30:00,646.95,646.95,640.33,643.34,237613
2026-07-20 09:31:00,643.88,645.99,641.15,641.58,46813
2026-07-20 09:32:00,641.75,643.79,640.64,643.52,35005
2026-07-20 09:33:00,643.4636,645.42,642.65,642.871,26937
2026-07-20 09:34:00,642.8,643.325,640.52,642.03,25728
2026-07-20 09:35:00,641.7,641.85,638.41,640.02,48615
2026-07-20 09:36:00,639.8,640.5,638.8,639.085,30678
2026-07-20 09:37:00,639.255,640.3,638.8575,639.75,19427
2026-07-20 09:38:00,639.75,641.97,639.75,641.075,25774
2026-07-20 09:39:00,641.2,642.85,639.45,642.68,24133
2026-07-20 09:40:00,642.49,644.85,641.86,643.335,68073
2026-07-20 09:41:00,643.33,644.32,643.14,643.62,27985
2026-07-20 09:42:00,643.715,643.75,641.97,643.27,15111
2026-07-20 09:43:00,643.27,644.49,643.255,644.01,20134
2026-07-20 09:44:00,644.31,645.83,644.31,644.71,19387
2026-07-20 09:45:00,644.57,645.59,643.7025,643.865,39940
2026-07-20 09:46:00,644.16,645.77,643.56,644.308,28494
2026-07-20 09:47:00,643.8891,644.75,643.08,643.97,19180
2026-07-20 09:48:00,644.105,644.925,642.6328,642.9,24790
2026-07-20 09:49:00,642.98,643.8199,642.265,643.4499,18331
2026-07-20 09:50:00,643.26,643.265,641.62,641.98,27689
2026-07-20 09:51:00,641.925,642.77,641.4534,641.4534,26359
2026-07-20 09:52:00,641.62,641.68,640.25,640.57,18162
2026-07-20 09:53:00,640.585,641.2899,640.385,640.54,15282
2026-07-20 09:54:00,640.57,640.96,640.0951,640.26,17147
2026-07-20 09:55:00,640.295,640.82,639.99,640.275,26891
2026-07-20 09:56:00,640.275,640.28,636.57,636.67,61405
2026-07-20 09:57:00,636.78,638.8,636.0105,638.205,49546
2026-07-20 09:58:00,638.26,638.55,637.36,637.575,26348
2026-07-20 09:59:00,637.64,638.28,637.13,637.86,33713
2026-07-20 10:00:00,637.625,637.86,636.27,637.07,32908
2026-07-20 10:01:00,637.17,637.71,636.81,637.19,26731
2026-07-20 10:02:00,637.15,638.43,636.63,638.18,23953
2026-07-20 10:03:00,638.2,638.71,638,638.29,22548
2026-07-20 10:04:00,638.415,638.9,638.1042,638.5,21173
2026-07-20 10:05:00,638.36,639.57,638.35,639.15,24844
2026-07-20 10:06:00,639.045,639.55,638.8,638.83,9406
2026-07-20 10:07:00,638.935,640.27,638.935,640,15572
2026-07-20 10:08:00,640,641.22,639.54,640.94,21316
2026-07-20 10:09:00,640.77,642.01,640.1101,641.3154,17294
2026-07-20 10:10:00,641.22,641.88,640.83,641.615,13416
2026-07-20 10:11:00,641.4102,642.5,641.4102,642,18678
2026-07-20 10:12:00,642,642.85,641.75,641.88,22010
2026-07-20 10:13:00,642.05,642.34,641,642.2275,21259
2026-07-20 10:14:00,642.235,642.91,642.07,642.68,19368
2026-07-20 10:15:00,642.76,645.3543,642.58,645.025,40714
2026-07-20 10:16:00,645.025,645.48,644.2696,644.41,37722
2026-07-20 10:17:00,644.505,644.61,643.2766,643.85,24334
2026-07-20 10:18:00,643.91,644.4999,643.18,643.18,17316
2026-07-20 10:19:00,643.3643,643.63,642.68,643.3,19200
2026-07-20 10:20:00,643.2751,643.79,642.1001,643.365,13439
2026-07-20 10:21:00,643.365,643.48,642.6906,642.78,8394
2026-07-20 10:22:00,642.77,643,641.66,641.95,12364
2026-07-20 10:23:00,641.95,642.45,641.24,641.75,31365
2026-07-20 10:24:00,641.8644,642.41,641.38,641.85,14580
2026-07-20 10:25:00,641.9314,642.02,641.21,641.72,11803
2026-07-20 10:26:00,641.735,642.36,641.37,642.36,10357
2026-07-20 10:27:00,642.36,642.52,642.01,642.52,7653
2026-07-20 10:28:00,642.37,642.48,642.02,642.02,4962
2026-07-20 10:29:00,642.02,642.32,641.511,641.99,11908
2026-07-20 10:30:00,642.17,643.039,641.91,642.995,8246
2026-07-20 10:31:00,643.01,643.04,642.55,642.7657,6425
2026-07-20 10:32:00,642.83,643.2,642.43,642.9,30633
2026-07-20 10:33:00,642.84,643.31,642.61,642.64,28802
2026-07-20 10:34:00,642.61,643.54,642.57,642.755,22585
2026-07-20 10:35:00,642.88,642.97,642.5005,642.94,7797
2026-07-20 10:36:00,642.83,643.58,642.57,642.57,64078
2026-07-20 10:37:00,642.685,643.28,642.33,643.27,20386
2026-07-20 10:38:00,643.4,644.1,643.16,643.9231,10922
2026-07-20 10:39:00,644,644.16,643.68,643.7875,18250
2026-07-20 10:40:00,643.82,644.77,643.82,644.36,23078
2026-07-20 10:41:00,644.26,644.38,643,643.12,14336
2026-07-20 10:42:00,643.24,643.5,643.0077,643.32,10398
2026-07-20 10:43:00,643.32,643.8599,642.82,642.84,5582
2026-07-20 10:44:00,642.95,643.22,642.7,642.915,6063
2026-07-20 10:45:00,642.92,642.92,641.92,642.7,11350
2026-07-20 10:46:00,642.99,643.77,642.665,643.64,7435
2026-07-20 10:47:00,643.64,643.75,643.05,643.3,5619
2026-07-20 10:48:00,643.06,643.38,642.6601,643.15,9801
2026-07-20 10:49:00,643.06,643.18,642.29,642.655,7644
2026-07-20 10:50:00,642.71,643.2094,642.55,642.7,16716
2026-07-20 10:51:00,642.7,643.52,642.47,643.22,11278
2026-07-20 10:52:00,643.28,644.86,643.24,644.65,15372
2026-07-20 10:53:00,644.3701,644.8698,644.13,644.66,18615
2026-07-20 10:54:00,644.4801,645.81,644.4801,645.43,22090
2026-07-20 10:55:00,645.5,646.14,645.18,645.49,19777
2026-07-20 10:56:00,645.405,645.405,644.28,644.77,6213
2026-07-20 10:57:00,644.85,645.2,644.44,645.11,8722
2026-07-20 10:58:00,645.31,645.51,644.74,645.205,7975
2026-07-20 10:59:00,645.13,645.9398,645.0001,645.01,14777
2026-07-20 11:00:00,645,645.4599,644.73,645.2,7724
2026-07-20 11:01:00,645.21,646.1,644.27,646.08,15244
2026-07-20 11:02:00,645.91,646.4,645.1196,645.62,18600
2026-07-20 11:03:00,645.8995,645.99,645.46,645.55,6719
2026-07-20 11:04:00,645.61,646.76,645.46,646.73,21087
2026-07-20 11:05:00,646.88,647.39,646.43,646.66,32905
2026-07-20 11:06:00,646.485,646.665,645.7801,646.02,8732
2026-07-20 11:07:00,646.37,646.99,646.01,646.72,17908
2026-07-20 11:08:00,646.72,647.18,645.98,646.47,12518
2026-07-20 11:09:00,646.2,647.41,646.2,647.2,12983
2026-07-20 11:10:00,647.2,647.25,646.69,646.83,12475
2026-07-20 11:11:00,647.01,647.35,646.7,646.7073,13484
2026-07-20 11:12:00,646.77,647.2,646.6401,646.725,9609
2026-07-20 11:13:00,646.73,647.75,646.3912,647.665,11182
2026-07-20 11:14:00,647.75,647.75,647.12,647.625,14030
2026-07-20 11:15:00,647.625,648.26,647.2501,648.175,19016
2026-07-20 11:16:00,648.175,648.175,647.59,647.82,8718
2026-07-20 11:17:00,647.87,648.1,647.52,647.915,11268
2026-07-20 11:18:00,647.91,648.0599,647.5,647.745,14644
2026-07-20 11:19:00,647.745,648.21,647.595,648.09,9565
2026-07-20 11:20:00,648.075,648.24,647.6574,647.97,11213
2026-07-20 11:21:00,647.97,648.96,647.97,648.75,14574
2026-07-20 11:22:00,648.6,648.97,647.33,647.56,18734
2026-07-20 11:23:00,647.6733,647.69,646.67,647.11,12295
2026-07-20 11:24:00,647.145,647.97,646.96,647.92,15582
2026-07-20 11:25:00,647.81,648.31,647.62,647.7,14511
2026-07-20 11:26:00,647.65,647.8799,647.44,647.44,13304
2026-07-20 11:27:00,647.535,647.79,646.82,646.88,11605
2026-07-20 11:28:00,646.87,647.08,646.38,646.705,10706
2026-07-20 11:29:00,646.58,648.04,646.58,648,12383
2026-07-20 11:30:00,648.0625,648.77,647.82,648.48,19966
2026-07-20 11:31:00,648.5086,648.5086,647.5945,647.895,9794
2026-07-20 11:32:00,647.895,647.895,647.56,647.88,6224
2026-07-20 11:33:00,647.88,648.26,647.66,648.1124,6606
2026-07-20 11:34:00,648.2299,648.2299,647.8,647.895,7643
2026-07-20 11:35:00,647.87,648.38,647.87,648.27,9896
2026-07-20 11:36:00,648.165,648.49,648.05,648.21,8314
2026-07-20 11:37:00,648.11,648.12,647.58,647.76,4548
2026-07-20 11:38:00,647.79,648.42,647.72,648.42,4253
2026-07-20 11:39:00,648.49,648.95,648.38,648.46,13718
2026-07-20 11:40:00,648.46,648.92,648.35,648.86,9347
2026-07-20 11:41:00,648.795,649.5799,648.65,649.4591,23641
2026-07-20 11:42:00,649.53,649.7699,649.13,649.13,17324
2026-07-20 11:43:00,649.08,649.19,648.4001,648.605,14818
2026-07-20 11:44:00,648.53,648.67,647.985,648.04,12035
2026-07-20 11:45:00,648.115,648.78,648.115,648.545,21812
2026-07-20 11:46:00,648.6192,648.68,648.01,648.135,10266
2026-07-20 11:47:00,648.28,648.89,648.195,648.37,23054
2026-07-20 11:48:00,648.44,648.5,647.73,647.885,12885
2026-07-20 11:49:00,647.8325,647.9099,647.26,647.31,19295
2026-07-20 11:50:00,647.17,647.87,647,647.51,66825
2026-07-20 11:51:00,647.37,648.035,646.97,647.785,27709
2026-07-20 11:52:00,647.79,648,647.24,647.6101,14930
2026-07-20 11:53:00,647.61,647.9535,647.48,647.91,13812
2026-07-20 11:54:00,647.87,647.9812,647.61,647.76,7595
2026-07-20 11:55:00,647.86,647.9,647.42,647.69,13455
2026-07-20 11:56:00,647.65,647.65,646.96,647.23,12750
2026-07-20 11:57:00,647.23,647.33,646.7205,647.18,36201
2026-07-20 11:58:00,647.18,647.41,646.97,647,9823
2026-07-20 11:59:00,646.975,647.33,646.975,647.29,2447
2026-07-20 12:00:00,647.22,647.5,646.9,646.91,9574
2026-07-20 12:01:00,647.05,647.63,646.86,647.15,17111
2026-07-20 12:02:00,647.305,647.305,646.87,647.0505,9698
2026-07-20 12:03:00,646.86,647.93,646.86,647.6394,13269
2026-07-20 12:04:00,647.64,647.91,647.425,647.815,27662
2026-07-20 12:05:00,647.815,648.025,647.55,647.865,16228
2026-07-20 12:06:00,647.865,648.5,647.7,648.3275,35290
2026-07-20 12:07:00,648.26,648.26,647.7201,648,10316
2026-07-20 12:08:00,648.03,648.39,647.89,648.28,32275
2026-07-20 12:09:00,648.27,648.5,647.85,647.85,16169
2026-07-20 12:10:00,647.955,648.19,647.6,648.035,11719
2026-07-20 12:11:00,648.0351,648.34,648,648.1,15157
2026-07-20 12:12:00,648.01,648.24,647.83,647.87,6829
2026-07-20 12:13:00,647.98,648.05,647.6,647.77,10719
2026-07-20 12:14:00,647.785,647.98,647.49,647.74,10836
2026-07-20 12:15:00,647.8,647.84,647.305,647.305,4470
2026-07-20 12:16:00,647.22,647.885,647.22,647.885,20884
2026-07-20 12:17:00,647.8,647.99,647.3024,647.71,12231
2026-07-20 12:18:00,647.72,647.9,647.38,647.51,12384
2026-07-20 12:19:00,647.625,647.77,647.3,647.7,24544
2026-07-20 12:20:00,647.57,647.95,647.56,647.815,4695
2026-07-20 12:21:00,647.815,649.12,647.815,649.005,17287
2026-07-20 12:22:00,649.005,650.06,648.93,649.73,37190
2026-07-20 12:23:00,649.62,650.83,649.5702,650.4001,17723
2026-07-20 12:24:00,650.49,650.99,650.4,650.82,16865
2026-07-20 12:25:00,650.82,651.27,650.57,650.92,14526
2026-07-20 12:26:00,650.92,651.3,650.62,651.2,11162
2026-07-20 12:27:00,651.2,651.62,650.85,651.44,19105
2026-07-20 12:28:00,651.51,651.79,651.03,651.19,16088
2026-07-20 12:29:00,651.19,652.15,651.18,652.075,14684
2026-07-20 12:30:00,652.075,653.3,652,652.13,39151
2026-07-20 12:31:00,652.34,652.37,651.801,652.3,9674
2026-07-20 12:32:00,652.3,652.43,651.1501,651.94,11745
2026-07-20 12:33:00,652.02,652.12,651.01,651.195,12869
2026-07-20 12:34:00,651.2,652.4999,651.04,652.1099,12901
2026-07-20 12:35:00,651.81,652.34,651.0801,652.34,10102
2026-07-20 12:36:00,652.27,652.27,651.7,651.78,6038
2026-07-20 12:37:00,651.78,651.96,651.46,651.76,10819
2026-07-20 12:38:00,651.95,652.17,651.6701,652.07,7901
2026-07-20 12:39:00,652.07,652.7499,652.01,652.31,11232
2026-07-20 12:40:00,652.185,652.81,652.1001,652.705,11220
2026-07-20 12:41:00,652.705,652.75,650.47,651.87,32272
2026-07-20 12:42:00,651.865,652.06,651.2707,651.6,28297
2026-07-20 12:43:00,651.52,652.27,651.26,651.8713,36245
2026-07-20 12:44:00,651.96,652.29,651.4605,651.59,14031
2026-07-20 12:45:00,651.7,652.07,651.17,651.4092,14944
2026-07-20 12:46:00,651.505,652.473,651.3652,652.41,6878
2026-07-20 12:47:00,652.5,652.565,651.48,651.786,10123
2026-07-20 12:48:00,651.84,652.15,651.825,652,3568
2026-07-20 12:49:00,651.774,652.22,651.625,652.12,9882
2026-07-20 12:50:00,652.1198,652.22,651.47,651.66,10065
2026-07-20 12:51:00,651.655,651.905,651.47,651.565,5146
2026-07-20 12:52:00,651.595,651.595,651.16,651.4001,7962
2026-07-20 12:53:00,651.425,651.83,651.38,651.65,8034
2026-07-20 12:54:00,651.43,651.75,650.9553,651.45,8006
2026-07-20 12:55:00,651.57,651.81,651.44,651.6538,6105
2026-07-20 12:56:00,651.585,651.88,651.475,651.8,9959
2026-07-20 12:57:00,651.695,651.99,651.47,651.84,8333
2026-07-20 12:58:00,651.83,652,651.7,651.7,5796
2026-07-20 12:59:00,651.8,651.85,651.4901,651.6725,3904
2026-07-20 13:00:00,651.81,651.91,651.42,651.72,8551
2026-07-20 13:01:00,651.6031,651.72,651.21,651.315,12800
2026-07-20 13:02:00,651.37,651.689,651.19,651.56,5163
2026-07-20 13:03:00,651.585,651.63,651.2,651.415,10847
2026-07-20 13:04:00,651.415,651.415,650.97,651.22,9661
2026-07-20 13:05:00,651.145,651.38,651.04,651.265,4190
2026-07-20 13:06:00,651.3899,651.3899,650.3305,650.695,13219
2026-07-20 13:07:00,650.8,650.84,650.12,650.4,9905
2026-07-20 13:08:00,650.4,650.63,650.05,650.54,14111
2026-07-20 13:09:00,650.585,650.86,650.48,650.645,6973
2026-07-20 13:10:00,650.48,650.64,650.36,650.585,5083
2026-07-20 13:11:00,650.7,650.7,650,650.095,6718
2026-07-20 13:12:00,650.11,650.32,649.97,650.27,6879
2026-07-20 13:13:00,650.27,650.55,650.12,650.435,9612
2026-07-20 13:14:00,650.31,650.3825,649.97,650.2,7188
2026-07-20 13:15:00,650.18,650.18,649.67,649.795,11742
2026-07-20 13:16:00,649.81,649.91,648.65,648.85,18089
2026-07-20 13:17:00,648.83,649.48,648.675,649.395,13783
2026-07-20 13:18:00,649.43,649.8296,649.19,649.54,10712
2026-07-20 13:19:00,649.415,649.4196,648.84,648.975,8956
2026-07-20 13:20:00,648.84,649,648.56,648.855,8768
2026-07-20 13:21:00,648.76,648.9699,648.58,648.7,5684
2026-07-20 13:22:00,648.62,649.47,648.6001,649.46,11649
2026-07-20 13:23:00,649.46,649.46,648.7,649.02,7177
2026-07-20 13:24:00,649.01,649.05,648.52,648.705,6994
2026-07-20 13:25:00,648.51,648.8446,648.328,648.735,5521
2026-07-20 13:26:00,648.84,649.12,648.62,649.04,10946
2026-07-20 13:27:00,649.04,649.14,648.8,648.985,6554
2026-07-20 13:28:00,649.14,649.99,648.88,649.845,9158
2026-07-20 13:29:00,649.91,650,649.66,649.775,13263
2026-07-20 13:30:00,649.79,650.15,649.3,649.42,15120
2026-07-20 13:31:00,649.3,649.68,649.3,649.385,7932
2026-07-20 13:32:00,649.43,649.58,649.34,649.53,4280
2026-07-20 13:33:00,649.53,649.53,648.8,648.995,14578
2026-07-20 13:34:00,649.03,649.14,648.81,648.98,11353
2026-07-20 13:35:00,648.925,649,648.75,648.89,8394
2026-07-20 13:36:00,648.885,648.99,648.39,648.62,7684
2026-07-20 13:37:00,648.505,648.72,648.35,648.72,5865
2026-07-20 13:38:00,648.63,648.8,648.01,648.01,8795
2026-07-20 13:39:00,648.08,648.3,647.86,648.1898,19735
2026-07-20 13:40:00,648.1,648.4,647.96,648.205,22012
2026-07-20 13:41:00,648.08,648.14,647.6,648.02,10080
2026-07-20 13:42:00,647.86,648.5399,647.85,648.5,6717
2026-07-20 13:43:00,648.51,648.8,648.27,648.8,4325
2026-07-20 13:44:00,648.67,648.925,648.555,648.82,9306
2026-07-20 13:45:00,648.81,648.8391,648.05,648.4301,16751
2026-07-20 13:46:00,648.46,648.46,647.36,647.55,12277
2026-07-20 13:47:00,647.565,648.17,647.5468,648.16,6821
2026-07-20 13:48:00,648.175,648.3799,647.93,648.12,1504
2026-07-20 13:49:00,648.0287,648.16,647.6916,647.89,6641
2026-07-20 13:50:00,647.99,648.37,647.95,648.37,4946
2026-07-20 13:51:00,648.39,648.785,648.36,648.77,7133
2026-07-20 13:52:00,648.91,648.91,648.38,648.44,4285
2026-07-20 13:53:00,648.54,649,648.51,649,6822
2026-07-20 13:54:00,648.82,649.05,648.48,648.59,4187
2026-07-20 13:55:00,648.41,648.58,648.05,648.11,4780
2026-07-20 13:56:00,648.11,648.22,647.65,647.805,4638
2026-07-20 13:57:00,647.7672,648.05,647.61,647.79,7914
2026-07-20 13:58:00,647.88,648.07,647.75,647.93,4571
2026-07-20 13:59:00,648.12,648.2,647.8604,648.2,5366
2026-07-20 14:00:00,648.25,648.53,648.25,648.53,3178
2026-07-20 14:01:00,648.54,648.78,648.17,648.465,7544
2026-07-20 14:02:00,648.3,648.41,648.1601,648.385,2373
2026-07-20 14:03:00,648.32,648.55,648,648.47,8263
2026-07-20 14:04:00,648.43,648.56,648,648.24,4965
2026-07-20 14:05:00,648.24,648.27,648.03,648.17,4199
2026-07-20 14:06:00,648.17,648.42,648,648.32,9508
2026-07-20 14:07:00,648.32,648.42,648.09,648.38,9040
2026-07-20 14:08:00,648.36,648.7499,648.24,648.395,6480
2026-07-20 14:09:00,648.27,648.82,648.26,648.755,2950
2026-07-20 14:10:00,648.755,649.2099,648.49,648.9601,6321
2026-07-20 14:11:00,649.145,649.35,649,649.17,7113
2026-07-20 14:12:00,649.27,649.3399,649.08,649.2,10197
2026-07-20 14:13:00,649.14,649.27,648.64,648.8081,6397
2026-07-20 14:14:00,648.775,648.88,648.67,648.7,1187
2026-07-20 14:15:00,648.84,648.8899,648.561,648.65,10571
2026-07-20 14:16:00,648.58,648.65,648.14,648.5,17484
2026-07-20 14:17:00,648.61,649.655,648.535,649.38,12989
2026-07-20 14:18:00,649.395,649.5186,648.85,649.045,8959
2026-07-20 14:19:00,649.045,649.53,649.045,649.33,4617
2026-07-20 14:20:00,649.38,649.56,649.14,649.21,7061
2026-07-20 14:21:00,649.21,649.21,648.14,648.1505,24212
2026-07-20 14:22:00,648.15,648.39,648,648.16,9055
2026-07-20 14:23:00,648.11,648.2,647.78,648.1649,9018
2026-07-20 14:24:00,647.95,648.2,647.55,647.61,5087
2026-07-20 14:25:00,647.52,647.94,647.3651,647.87,4568
2026-07-20 14:26:00,647.885,648.645,647.78,648.3915,15209
2026-07-20 14:27:00,648.495,648.64,648.29,648.47,3986
2026-07-20 14:28:00,648.385,648.55,648.27,648.35,3371
2026-07-20 14:29:00,648.36,648.69,648.19,648.26,3706
2026-07-20 14:30:00,648.315,648.37,647.95,648.035,4880
2026-07-20 14:31:00,648,648.08,647.8,648.08,6750
2026-07-20 14:32:00,648.13,648.37,647.88,648.37,5420
2026-07-20 14:33:00,648.39,648.39,648.1,648.305,4579
2026-07-20 14:34:00,648.315,648.44,648.09,648.165,5518
2026-07-20 14:35:00,648.165,648.795,648.165,648.65,4184
2026-07-20 14:36:00,648.65,648.8599,648.5,648.765,7897
2026-07-20 14:37:00,648.86,648.89,648.42,648.75,8249
2026-07-20 14:38:00,648.745,648.96,648.5053,648.73,5358
2026-07-20 14:39:00,648.73,648.74,648.53,648.56,2764
2026-07-20 14:40:00,648.53,648.5581,647.5401,647.5401,25239
2026-07-20 14:41:00,647.35,647.5,646.91,647.235,22506
2026-07-20 14:42:00,647.235,647.235,646.5,646.79,14744
2026-07-20 14:43:00,646.72,647.04,646.4318,646.66,10971
2026-07-20 14:44:00,646.66,646.74,645.8101,646.135,29322
2026-07-20 14:45:00,646.24,646.68,646.05,646.445,11981
2026-07-20 14:46:00,646.68,647.04,646.5988,646.87,4780
2026-07-20 14:47:00,646.82,646.9302,646.56,646.655,4757
2026-07-20 14:48:00,646.52,647,646.4323,646.99,7400
2026-07-20 14:49:00,647,647.1,646.65,646.995,20818
2026-07-20 14:50:00,646.82,647.25,646.82,647.085,10075
2026-07-20 14:51:00,646.96,647.15,646.8,646.96,3798
2026-07-20 14:52:00,646.98,647.52,646.955,647.3474,2343
2026-07-20 14:53:00,647.385,647.53,647.14,647.37,5472
2026-07-20 14:54:00,647.39,647.88,647.3101,647.755,7157
2026-07-20 14:55:00,647.85,647.9,647.48,647.67,5811
2026-07-20 14:56:00,647.72,647.7853,647.3,647.58,3895
2026-07-20 14:57:00,647.44,647.76,647.3,647.58,8479
2026-07-20 14:58:00,647.4401,647.8899,647.4401,647.715,6082
2026-07-20 14:59:00,647.71,648.4,647.66,648.31,13801
2026-07-20 15:00:00,648.31,648.72,648.22,648.685,4806
2026-07-20 15:01:00,648.62,649.35,648.62,649.35,6997
2026-07-20 15:02:00,649.28,649.29,648.94,649.08,9235
2026-07-20 15:03:00,649.16,649.16,648.4701,648.7895,13728
2026-07-20 15:04:00,648.635,648.84,648.48,648.84,5845
2026-07-20 15:05:00,648.9,649.15,648.6925,648.845,14357
2026-07-20 15:06:00,648.74,648.8802,648.39,648.85,8067
2026-07-20 15:07:00,648.8899,648.99,648.71,648.85,7600
2026-07-20 15:08:00,648.795,649.08,648.65,649.05,14547
2026-07-20 15:09:00,649.17,649.3995,649.11,649.28,7189
2026-07-20 15:10:00,649.28,649.67,649.21,649.35,10794
2026-07-20 15:11:00,649.46,649.46,649.1005,649.405,7519
2026-07-20 15:12:00,649.4375,649.62,649.06,649.26,11031
2026-07-20 15:13:00,649.24,649.64,649.1,649.45,7000
2026-07-20 15:14:00,649.45,649.8099,649.02,649.02,9510
2026-07-20 15:15:00,648.92,648.96,648.61,648.76,11071
2026-07-20 15:16:00,648.84,648.88,648.27,648.54,17955
2026-07-20 15:17:00,648.555,648.75,648.0001,648.295,14859
2026-07-20 15:18:00,648.4,648.765,648.23,648.7625,10826
2026-07-20 15:19:00,648.79,648.79,647.81,647.97,10642
2026-07-20 15:20:00,647.92,648.425,647.845,648.4,15330
2026-07-20 15:21:00,648.45,648.62,648,648.17,11374
2026-07-20 15:22:00,648.03,648.535,647.93,648.535,7126
2026-07-20 15:23:00,648.5,648.73,648.11,648.565,7756
2026-07-20 15:24:00,648.67,649.18,648.4811,649.05,7895
2026-07-20 15:25:00,648.97,649.11,648.82,648.872,6980
2026-07-20 15:26:00,648.78,648.78,648.49,648.555,2973
2026-07-20 15:27:00,648.59,648.76,648.25,648.58,12068
2026-07-20 15:28:00,648.56,648.59,648.39,648.54,4171
2026-07-20 15:29:00,648.505,649.2,648.43,648.76,15180
2026-07-20 15:30:00,648.87,649.42,648.8,649.34,12228
2026-07-20 15:31:00,649.26,649.93,649.26,649.81,11508
2026-07-20 15:32:00,649.86,650.25,649.79,650.095,13401
2026-07-20 15:33:00,650.16,650.22,649.61,649.74,5301
2026-07-20 15:34:00,649.79,649.9,649.49,649.8,7458
2026-07-20 15:35:00,649.73,649.88,649.61,649.66,6559
2026-07-20 15:36:00,649.67,649.9,649.62,649.65,12184
2026-07-20 15:37:00,649.618,649.71,649.39,649.46,7386
2026-07-20 15:38:00,649.37,649.86,649.25,649.858,9190
2026-07-20 15:39:00,649.86,649.97,649.8,649.84,6065
2026-07-20 15:40:00,649.84,650.32,649.77,650.2436,9461
2026-07-20 15:41:00,650.21,650.95,650.21,650.875,15060
2026-07-20 15:42:00,650.8001,651.035,650.3,650.565,13943
2026-07-20 15:43:00,650.565,650.63,650.3055,650.555,4827
2026-07-20 15:44:00,650.64,650.69,650.36,650.44,6159
2026-07-20 15:45:00,650.52,650.52,649.91,649.99,27748
2026-07-20 15:46:00,649.9676,650.26,649.59,650.145,14185
2026-07-20 15:47:00,650.145,650.24,649.71,649.71,9294
2026-07-20 15:48:00,649.71,650,649.31,650,15479
2026-07-20 15:49:00,649.95,650.42,649.75,650.215,17182
2026-07-20 15:50:00,650.15,650.23,648.11,648.405,36759
2026-07-20 15:51:00,648.47,648.51,647.61,647.885,15156
2026-07-20 15:52:00,647.89,647.89,647.12,647.25,20575
2026-07-20 15:53:00,647.35,647.62,647.11,647.37,24861
2026-07-20 15:54:00,647.33,647.36,646.12,646.27,43258
2026-07-20 15:55:00,646.26,646.75,645.68,646.735,50750
2026-07-20 15:56:00,646.75,646.96,646.38,646.54,37622
2026-07-20 15:57:00,646.55,646.62,645.53,645.53,56886
2026-07-20 15:58:00,645.5,645.9,645.32,645.685,95616
2026-07-20 15:59:00,645.64,646,645.26,645.86,176613
2026-07-20 16:00:00,645.86,646.18,645.85,645.97,1358966
2026-07-20 16:01:00,646.06,646.06,645.85,645.9,1545
2026-07-20 16:02:00,646.02,646.02,646.02,646.02,200
2026-07-20 16:03:00,646.01,646.05,646.01,646.05,139
2026-07-20 16:04:00,646.02,646.09,645.99,646.08,438
2026-07-20 16:05:00,646.11,646.11,646.11,646.11,40
2026-07-20 16:06:00,646.15,646.29,646.15,646.29,230
2026-07-20 16:07:00,646.1,646.47,645.77,646.47,1535
2026-07-20 16:08:00,645.86,646.5,645.86,645.97,320
2026-07-20 16:09:00,645.85,645.85,645.85,645.85,80
2026-07-20 16:11:00,645.5858,645.5858,645.5858,645.5858,100
2026-07-20 16:13:00,645.2338,645.2338,645.2338,645.2338,40
2026-07-20 16:14:00,645.85,645.86,645.85,645.86,130
2026-07-20 16:15:00,645.85,645.86,645.85,645.86,188
2026-07-20 16:16:00,645.85,645.97,645.82,645.85,1392
2026-07-20 16:17:00,645.85,645.85,645.65,645.81,365
2026-07-20 16:19:00,645.31,645.31,645.27,645.27,80
2026-07-20 16:20:00,645.24,645.5,645.24,645.29,120
2026-07-20 16:21:00,645.29,645.45,645.25,645.43,230
2026-07-20 16:22:00,645.3113,645.34,645.25,645.34,141
2026-07-20 16:23:00,645.14,645.17,645.1,645.1,163
2026-07-20 16:24:00,645.125,645.15,645.09,645.15,241
2026-07-20 16:25:00,645.45,645.66,645.18,645.18,307
2026-07-20 16:26:00,645.08,645.1,644,644.4,2294
2026-07-20 16:27:00,644.08,645,644.08,645,217
2026-07-20 16:28:00,644.89,645,644.89,645,110
2026-07-20 16:29:00,645.44,645.44,645.05,645.05,80
2026-07-20 16:30:00,645.6,645.6,645.15,645.15,80
2026-07-20 16:31:00,645.37,645.46,645.3,645.3,1139
2026-07-20 16:33:00,645.5,645.5,645.5,645.5,80
2026-07-20 16:34:00,645.675,645.675,645.675,645.675,147
2026-07-20 16:35:00,645.5,645.5163,645.5,645.5163,300
2026-07-20 16:36:00,645.5118,645.5118,645.5118,645.5118,90
2026-07-20 16:37:00,645.85,645.85,645.85,645.85,400
2026-07-20 16:38:00,645.62,645.64,645.62,645.64,335
2026-07-20 16:39:00,645.5542,645.5542,645.5542,645.5542,40
2026-07-20 16:40:00,645.5,645.84,645.5,645.8,336
2026-07-20 16:41:00,645.53,645.53,645.53,645.53,40
2026-07-20 16:44:00,645.6,645.6,645.55,645.55,140
2026-07-20 16:46:00,645.6,645.8,645.6,645.8,80
2026-07-20 16:47:00,645.71,645.71,645.55,645.55,180
2026-07-20 16:48:00,645.8262,645.8262,645.72,645.8,200
2026-07-20 16:49:00,645.77,645.78,645.77,645.78,90
2026-07-20 16:52:00,645.55,645.55,645.55,645.55,120
2026-07-20 16:55:00,645.78,645.78,645.69,645.69,80
2026-07-20 16:56:00,645.63,645.7,645.6,645.7,815
2026-07-20 16:58:00,645.55,645.5765,645.55,645.5765,165
2026-07-20 17:03:00,645.77,645.77,645.57,645.57,80
2026-07-20 17:04:00,645.61,645.61,645.61,645.61,40
2026-07-20 17:06:00,645.74,645.76,645.61,645.76,120
2026-07-20 17:07:00,645.5602,645.75,645.5602,645.75,400
2026-07-20 17:08:00,645.69,645.74,645.55,645.74,362
2026-07-20 17:11:00,645.55,645.6,645.55,645.6,90
2026-07-20 17:12:00,645.43,645.58,645.43,645.48,160
2026-07-20 17:13:00,645.37,645.37,645.37,645.37,40
2026-07-20 17:16:00,645.5012,645.5012,645.5012,645.5012,60
2026-07-20 17:17:00,645.5,645.5,645.5,645.5,402
2026-07-20 17:19:00,645.3,645.41,645.3,645.41,80
2026-07-20 17:21:00,645.31,645.31,645.31,645.31,40
2026-07-20 17:22:00,645.46,645.46,645.46,645.46,40
2026-07-20 17:23:00,645.3,645.49,645.3,645.49,80
2026-07-20 17:25:00,645.35,645.49,645.35,645.49,120
2026-07-20 17:26:00,645.49,645.55,645.48,645.55,275
2026-07-20 17:27:00,645.6,645.6718,645.6,645.6718,309
2026-07-20 17:28:00,645.465,645.66,645.31,645.54,251
2026-07-20 17:29:00,645.51,645.51,645.5,645.5001,297
2026-07-20 17:30:00,645.64,645.67,645.31,645.65,280
2026-07-20 17:31:00,645.3,645.67,645.3,645.45,200
2026-07-20 17:35:00,645.36,645.36,645.2,645.2,546
2026-07-20 17:36:00,645.32,645.33,645.17,645.2,160
2026-07-20 17:37:00,645.25,645.36,645.21,645.35,600
2026-07-20 17:38:00,645.24,645.33,645.2,645.33,160
2026-07-20 17:39:00,645.36,645.36,645.36,645.36,48
2026-07-20 17:40:00,645.36,645.36,645.36,645.36,52
2026-07-20 17:42:00,645.11,645.11,645.11,645.11,50
2026-07-20 17:43:00,645.57,645.65,645.2,645.65,120
2026-07-20 17:44:00,645.37,645.37,645.37,645.37,40
2026-07-20 17:45:00,645.6407,645.6407,645.6407,645.6407,150
2026-07-20 17:47:00,645.5,645.5,645.36,645.36,80
2026-07-20 17:48:00,645.5,645.5,645.5,645.5,40
2026-07-20 17:49:00,645.46,645.6,645.46,645.6,80
2026-07-20 17:50:00,645.53,645.7,645.53,645.7,89
2026-07-20 17:56:00,645.56,645.56,645.56,645.56,300
2026-07-20 17:58:00,645.53,645.53,645.53,645.53,57
2026-07-20 18:00:00,645.21,645.21,645.21,645.21,40
2026-07-20 18:02:00,645.08,645.08,644.35,644.35,378
2026-07-20 18:03:00,644.83,644.83,644.37,644.37,80
2026-07-20 18:07:00,643,643,643,643,317
2026-07-20 18:08:00,643.3667,643.3667,643.3667,643.3667,48
2026-07-20 18:10:00,643.8522,643.8522,643.3,643.3,250
2026-07-20 18:12:00,643.8,643.8,643.55,643.55,90
2026-07-20 18:13:00,643.63,643.63,643.5,643.5,80
2026-07-20 18:14:00,643.8,643.8,643.5,643.5,220
2026-07-20 18:15:00,643.76,643.76,643.76,643.76,40
2026-07-20 18:17:00,643.93,644.01,643.93,644.01,369
2026-07-20 18:18:00,643.68,643.73,643.64,643.64,191
2026-07-20 18:19:00,644.01,644.01,643.66,643.66,80
2026-07-20 18:20:00,644.06,644.06,643.51,644.01,240
2026-07-20 18:21:00,643.6703,643.6703,643.52,643.52,90
2026-07-20 18:22:00,643.58,643.84,643.58,643.84,80
2026-07-20 18:23:00,643.96,643.96,643.5,643.5,186
2026-07-20 18:24:00,643.97,643.97,643.5,643.5,80
2026-07-20 18:25:00,643.5,643.87,643.5,643.5,367
2026-07-20 18:27:00,643.72,643.93,643.72,643.93,80
2026-07-20 18:29:00,643.5,643.5,643.5,643.5,54
2026-07-20 18:30:00,643.69,643.69,643.2,643.2,80
2026-07-20 18:31:00,643.4,643.4,643.4,643.4,50
2026-07-20 18:33:00,643.41,643.41,642.61,642.93,1035
2026-07-20 18:34:00,643.1,643.1,642.76,642.76,80
2026-07-20 18:35:00,642.5,642.5,642.5,642.5,40
2026-07-20 18:39:00,643.25,643.25,642.8,642.8,80
2026-07-20 18:40:00,643.17,643.17,643,643,80
2026-07-20 18:41:00,643.1023,643.1023,643.1023,643.1023,50
2026-07-20 18:43:00,643.32,643.32,643.32,643.32,70
2026-07-20 18:45:00,643.21,643.21,643.21,643.21,40
2026-07-20 18:46:00,643.2,643.2,643.2,643.2,40
2026-07-20 18:47:00,643.2,643.2,643.17,643.17,80
2026-07-20 18:49:00,643,643,643,643,439
2026-07-20 18:51:00,643.5,643.5,642.6502,642.9,896
2026-07-20 18:52:00,643.12,643.12,642.6805,642.6805,130
2026-07-20 18:53:00,642.68,642.68,642.65,642.65,100
2026-07-20 18:54:00,642.764,642.77,642.764,642.77,186
2026-07-20 18:56:00,643.48,643.48,643,643,95
2026-07-20 18:57:00,643.14,643.38,643.04,643.3,200
2026-07-20 18:58:00,643.02,643.5,643.02,643.5,120
2026-07-20 18:59:00,643.1501,643.35,643.1501,643.35,340
2026-07-20 19:00:00,643.2,643.2,643.2,643.2,173
2026-07-20 19:01:00,642.73,642.96,642.73,642.96,80
2026-07-20 19:02:00,642.7,642.7,642.7,642.7,325
2026-07-20 19:05:00,643,643,643,643,40
2026-07-20 19:06:00,643.43,643.43,643.43,643.43,40
2026-07-20 19:08:00,643.66,643.66,643.66,643.66,50
2026-07-20 19:09:00,643.66,644,643.64,644,576
2026-07-20 19:13:00,644.01,644.01,644.01,644.01,65
2026-07-20 19:14:00,644.39,644.39,644.39,644.39,109
2026-07-20 19:15:00,644.38,644.98,644.38,644.7,701
2026-07-20 19:16:00,644.51,644.81,644.51,644.65,120
2026-07-20 19:17:00,644.25,644.25,644.01,644.06,320
2026-07-20 19:18:00,644.52,644.64,644.1,644.5,240
2026-07-20 19:19:00,644.98,644.98,644.47,644.94,239
2026-07-20 19:21:00,644.75,644.75,644.75,644.75,110
2026-07-20 19:24:00,645.01,645.01,644.94,644.94,140
2026-07-20 19:25:00,645.04,645.04,644.01,644.01,140
2026-07-20 19:26:00,645.15,645.15,645.15,645.15,40
2026-07-20 19:27:00,644.99,645.05,644.88,644.88,120
2026-07-20 19:28:00,645.09,645.09,644,644,620
2026-07-20 19:29:00,644.28,644.28,644.28,644.28,2339
2026-07-20 19:30:00,644.27,644.27,644.27,644.27,50
2026-07-20 19:31:00,644.0475,644.0475,644.0475,644.0475,50
2026-07-20 19:32:00,644.12,644.28,644.12,644.28,140
2026-07-20 19:33:00,644.28,644.28,644.1219,644.2,250
2026-07-20 19:36:00,644.12,644.18,643.9,644.18,1606
2026-07-20 19:37:00,643.84,644.18,643.75,643.8,200
2026-07-20 19:38:00,643,643,643,643,40
2026-07-20 19:39:00,643.99,643.99,643.96,643.96,80
2026-07-20 19:43:00,644,644,644,644,40
2026-07-20 19:44:00,644,644,644,644,40
2026-07-20 19:45:00,644.23,644.23,643.99,643.99,80
2026-07-20 19:46:00,644.28,644.28,644.1,644.1,318
2026-07-20 19:47:00,644.28,644.28,644.13,644.25,120
2026-07-20 19:48:00,644.25,644.25,644.13,644.13,88
2026-07-20 19:49:00,644.25,644.25,644.25,644.25,500
2026-07-20 19:50:00,643.75,644.28,643.75,643.96,250
2026-07-20 19:51:00,643.98,643.98,643.98,643.98,40
2026-07-20 19:52:00,643.52,643.52,642.8,642.8,904
2026-07-20 19:53:00,642.77,643.6,642.76,643.47,709
2026-07-20 19:54:00,643.23,643.23,643.23,643.23,40
2026-07-20 19:55:00,643.44,643.44,643.3422,643.3422,80
2026-07-20 19:56:00,643.45,643.45,643.45,643.45,40
2026-07-20 19:57:00,643.66,643.66,643.66,643.66,40
2026-07-20 19:59:00,643.62,643.65,643.62,643.65,80
2026-07-21 04:00:00,650,650.01,646.17,646.6,10119
2026-07-21 04:01:00,648.49,650,646.06,649.32,4206
2026-07-21 04:02:00,649.61,650.61,648.02,648.21,3485
2026-07-21 04:03:00,648.44,648.44,648.43,648.43,200
2026-07-21 04:04:00,648.43,648.43,648.43,648.43,120
2026-07-21 04:05:00,647.97,647.97,647.97,647.97,166
2026-07-21 04:06:00,647.81,647.9,647.79,647.9,262
2026-07-21 04:07:00,646.75,647.53,646.66,647.53,450
2026-07-21 04:08:00,647.76,647.76,647.76,647.76,80
2026-07-21 04:09:00,647.9,647.9,647.9,647.9,75
2026-07-21 04:10:00,647.88,647.88,647.6,647.6,116
2026-07-21 04:11:00,647.98,648.09,647.98,648.04,690
2026-07-21 04:13:00,648.15,648.44,648.13,648.44,217
2026-07-21 04:14:00,648.49,648.49,648.49,648.49,60
2026-07-21 04:15:00,648.24,648.9,648.24,648.9,1106
2026-07-21 04:16:00,648.62,648.62,647.56,647.56,728
2026-07-21 04:18:00,647.5,647.5,647.5,647.5,50
2026-07-21 04:19:00,647.56,647.56,647.56,647.56,50
2026-07-21 04:21:00,647.2,647.85,647.2,647.85,90
2026-07-21 04:22:00,647.85,647.85,647.82,647.82,97
2026-07-21 04:24:00,647.83,647.93,647.83,647.93,126
2026-07-21 04:25:00,647.83,647.83,647.83,647.83,50
2026-07-21 04:26:00,647.77,647.77,647.77,647.77,178
2026-07-21 04:27:00,647.5,647.5,647.5,647.5,50
2026-07-21 04:28:00,647.75,647.75,647.75,647.75,89
2026-07-21 04:31:00,647.05,647.05,647.05,647.05,50
2026-07-21 04:33:00,647.08,647.08,647.08,647.08,104
2026-07-21 04:35:00,647.71,648.04,647.71,648.04,1732
2026-07-21 04:37:00,647.84,647.84,647.43,647.43,138
2026-07-21 04:38:00,647.79,647.94,647.79,647.94,200
2026-07-21 04:39:00,647.92,647.92,647.92,647.92,50
2026-07-21 04:40:00,647.7,647.7,647.68,647.68,469
2026-07-21 04:41:00,647.7,647.74,647.3916,647.7,1261
2026-07-21 04:42:00,647.69,647.7,647.69,647.69,192
2026-07-21 04:44:00,647.7,647.7,647.7,647.7,40
2026-07-21 04:45:00,647.7,647.7,647.7,647.7,40
2026-07-21 04:46:00,647.7,647.7,647.6,647.6,90
2026-07-21 04:52:00,647.57,647.57,647.57,647.57,86
2026-07-21 04:53:00,647.7,647.7,647.7,647.7,200
2026-07-21 04:54:00,647.7,647.7,647.7,647.7,47
2026-07-21 04:55:00,647.99,647.99,647.99,647.99,80
2026-07-21 04:56:00,648,648,648,648,100
2026-07-21 05:01:00,648.4746,648.4746,648.4746,648.4746,100
2026-07-21 05:03:00,648.31,648.31,648.31,648.31,58
2026-07-21 05:04:00,648.3,648.3,648.3,648.3,468
2026-07-21 05:07:00,647.97,647.97,647.97,647.97,52
2026-07-21 05:08:00,647.79,647.79,647.79,647.79,48
2026-07-21 05:09:00,647.5,647.5,647,647,1365
2026-07-21 05:15:00,647.26,647.26,647.2,647.2,200
2026-07-21 05:16:00,647.35,647.35,647.35,647.35,100
2026-07-21 05:17:00,647.01,647.01,646.1913,646.1913,1492
2026-07-21 05:19:00,646.95,646.98,646.95,646.98,142
2026-07-21 05:20:00,647,647.11,647,647.11,110
2026-07-21 05:30:00,647.37,647.37,647.37,647.37,50
2026-07-21 05:48:00,648.13,648.13,648.13,648.13,40
2026-07-21 05:49:00,648.55,648.55,648.55,648.55,50
2026-07-21 05:50:00,648.45,648.54,648.45,648.54,154
2026-07-21 05:51:00,648.56,648.56,648.56,648.56,50
2026-07-21 05:52:00,648.55,648.61,648.44,648.44,184
2026-07-21 05:55:00,648.69,648.69,648.69,648.69,40
2026-07-21 05:56:00,648.67,648.67,648.47,648.47,124
2026-07-21 05:57:00,648.44,648.44,648.44,648.44,40
2026-07-21 05:58:00,648.43,648.44,648.43,648.44,310
2026-07-21 05:59:00,648.29,648.29,648.29,648.29,80
2026-07-21 06:00:00,648.29,648.29,648.29,648.29,121
2026-07-21 06:01:00,648.29,648.29,648.29,648.29,80
2026-07-21 06:02:00,648.29,648.45,648.24,648.44,406
2026-07-21 06:03:00,648.45,648.45,648.45,648.45,70
2026-07-21 06:04:00,648.2,648.2,648.2,648.2,163
2026-07-21 06:05:00,648.36,648.36,648.36,648.36,104
2026-07-21 06:06:00,647.9,647.9,647.9,647.9,100
2026-07-21 06:07:00,647.9,647.9,647.9,647.9,200
2026-07-21 06:08:00,648.4,648.4,648.4,648.4,50
2026-07-21 06:13:00,648.96,648.96,648.95,648.95,1200
2026-07-21 06:14:00,648.62,648.62,648.57,648.57,113
2026-07-21 06:15:00,648.57,648.57,648.57,648.57,89
2026-07-21 06:16:00,648.8716,648.8716,648.8716,648.8716,40
2026-07-21 06:18:00,648.85,648.85,648.85,648.85,100
2026-07-21 06:23:00,648.5,649.92,648.5,649.92,1116
2026-07-21 06:25:00,648.98,648.98,648.98,648.98,77
2026-07-21 06:26:00,648.72,648.72,648,648,5115
2026-07-21 06:32:00,648.51,648.51,648.51,648.51,86
2026-07-21 06:37:00,649.88,650,649.88,650,578
2026-07-21 06:38:00,649.88,649.88,649.88,649.88,50
2026-07-21 06:40:00,649.24,649.24,649.24,649.24,69
2026-07-21 06:43:00,649.74,649.74,649.74,649.74,76
2026-07-21 06:44:00,649.6,649.6,649.6,649.6,236
2026-07-21 06:46:00,649.32,649.32,649.11,649.11,1055
2026-07-21 06:51:00,648.421,648.421,648.421,648.421,49
2026-07-21 06:52:00,648.42,648.42,648.42,648.42,40
2026-07-21 06:55:00,649.46,649.46,649.46,649.46,50
2026-07-21 07:00:00,648.48,649.33,648.48,649.296,9389
2026-07-21 07:01:00,648.77,649,648.77,649,630
2026-07-21 07:02:00,648.44,648.6,648.0125,648.6,474
2026-07-21 07:03:00,648.5,648.5,647.9,647.9,660
2026-07-21 07:04:00,648.47,648.47,648.47,648.47,60
2026-07-21 07:06:00,647.69,647.69,647.69,647.69,55
2026-07-21 07:07:00,647.75,647.75,647.75,647.75,150
2026-07-21 07:08:00,647.51,647.51,647.5,647.5,389
2026-07-21 07:09:00,647.5,647.5,647.37,647.3885,304
2026-07-21 07:10:00,647.6828,647.7,647.6828,647.7,90
2026-07-21 07:13:00,647.085,647.085,647.085,647.085,63
2026-07-21 07:14:00,647.61,647.65,647.61,647.65,218
2026-07-21 07:15:00,648,648,648,648,45
2026-07-21 07:19:00,647.61,647.8739,647,647.59,688
2026-07-21 07:20:00,647.2,647.2,647,647,140
2026-07-21 07:21:00,646.96,646.96,646.87,646.87,890
2026-07-21 07:23:00,646.8,646.8,646.8,646.8,155
2026-07-21 07:24:00,647.21,647.45,647.03,647.03,176
2026-07-21 07:25:00,647.49,647.5,647.4084,647.4084,152
2026-07-21 07:26:00,647,647,647,647,50
2026-07-21 07:29:00,647.05,647.3105,647.05,647.3105,167
2026-07-21 07:31:00,647.31,647.31,647.31,647.31,50
2026-07-21 07:33:00,647.353,647.65,647.29,647.65,859
2026-07-21 07:34:00,647.8875,647.8875,647.7,647.7,564
2026-07-21 07:38:00,647.847,647.847,647.847,647.847,1500
2026-07-21 07:39:00,647.4782,647.4782,647.4782,647.4782,56
2026-07-21 07:40:00,647.75,647.75,647.6,647.6,250
2026-07-21 07:41:00,647.6,647.6,647.6,647.6,60
2026-07-21 07:42:00,647.37,647.37,646.75,646.75,1588
2026-07-21 07:47:00,646,646.7,646,646.35,251
2026-07-21 07:49:00,646.8402,647,646.8402,647,169
2026-07-21 07:50:00,647,647,647,647,95
2026-07-21 07:51:00,646.26,646.26,646.25,646.25,1039
2026-07-21 07:52:00,646,646,645.87,645.87,710
2026-07-21 07:53:00,645.81,646,645.81,645.87,1113
2026-07-21 07:54:00,645.8,645.8,645.8,645.8,100
2026-07-21 07:55:00,645.6883,646.3,645.6883,646.3,350
2026-07-21 07:56:00,646.35,646.48,646.35,646.48,147
2026-07-21 07:57:00,646.858,646.858,646,646,250
2026-07-21 07:58:00,646.24,646.24,646,646.16,200
2026-07-21 07:59:00,646.3,646.3,646.3,646.3,50
2026-07-21 08:00:00,646.15,646.15,645.5678,645.65,194
2026-07-21 08:03:00,646.5,646.5,646.5,646.5,96
2026-07-21 08:04:00,646.41,646.767,646.41,646.767,240
2026-07-21 08:07:00,646.66,646.7,646.66,646.7,3557
2026-07-21 08:08:00,646.7,646.7,646.7,646.7,150
2026-07-21 08:09:00,646.5,646.6,646.3398,646.3398,1343
2026-07-21 08:11:00,646.51,649.3698,646.51,649.3698,7940
2026-07-21 08:12:00,648.73,649.19,648.73,648.77,523
2026-07-21 08:13:00,649.12,650.5,648.98,649.41,12647
2026-07-21 08:14:00,649.41,651,649.11,650.5,5671
2026-07-21 08:15:00,650,650,649,649,184
2026-07-21 08:16:00,649,649,649,649,50
2026-07-21 08:17:00,649.9,649.9,649.7,649.7,503
2026-07-21 08:18:00,648.63,648.63,648.55,648.55,280
2026-07-21 08:19:00,648.89,649.02,648.89,649.02,676
2026-07-21 08:20:00,649,649.5,649,649.5,491
2026-07-21 08:22:00,649.45,649.5235,649.45,649.51,636
2026-07-21 08:23:00,649.77,650.5,649.77,650.5,150
2026-07-21 08:25:00,650.15,650.15,649.73,649.73,200
2026-07-21 08:26:00,649.8,649.8,649.8,649.8,200
2026-07-21 08:27:00,649.75,649.75,649.75,649.75,40
2026-07-21 08:28:00,649.9179,649.9179,649.8621,649.8621,278
2026-07-21 08:29:00,649.8997,649.8997,649.2701,649.2701,138
2026-07-21 08:30:00,649.68,649.69,649.68,649.69,102
2026-07-21 08:31:00,649.2664,649.85,649.2664,649.85,99
2026-07-21 08:32:00,649.39,649.4,649.39,649.4,180
2026-07-21 08:34:00,648.89,648.89,648.89,648.89,180
2026-07-21 08:35:00,649.7721,649.7721,649.7721,649.7721,78
2026-07-21 08:36:00,649.64,649.81,649.53,649.53,596
2026-07-21 08:37:00,649.63,649.69,649.63,649.69,147
2026-07-21 08:38:00,649.45,649.824,649.45,649.824,146
2026-07-21 08:39:00,649.68,649.8048,649.68,649.8048,170
2026-07-21 08:40:00,649.8698,649.8698,649.0006,649.0006,540
2026-07-21 08:42:00,649.7274,649.7539,649.7274,649.7539,189
2026-07-21 08:43:00,649.24,649.87,649.24,649.87,648
2026-07-21 08:44:00,649.82,649.82,649,649,300
2026-07-21 08:47:00,649.59,650,649.59,650,578
2026-07-21 08:48:00,650.4999,650.5,650.49,650.5,255
2026-07-21 08:49:00,650.84,650.84,650.25,650.25,142
2026-07-21 08:50:00,651,651.88,650.72,651.18,2534
2026-07-21 08:51:00,651,652,650.89,651.8347,2045
2026-07-21 08:52:00,651.75,652.27,651.75,652.25,643
2026-07-21 08:53:00,652,652.25,651.54,652.25,420
2026-07-21 08:54:00,651.99,651.99,651.777,651.777,577
2026-07-21 08:56:00,651.8,651.8,651.3,651.65,959
2026-07-21 08:57:00,651.5,651.7324,651.5,651.7324,546
2026-07-21 08:58:00,651.56,651.56,651.56,651.56,110
2026-07-21 09:01:00,651.5,651.629,651.5,651.629,200
2026-07-21 09:02:00,651,651,650.8,650.8,1120
2026-07-21 09:03:00,651.12,651.12,651.12,651.12,100
2026-07-21 09:04:00,650.52,650.52,650.1,650.1,466
2026-07-21 09:05:00,651.12,651.12,650.8,650.8,92
2026-07-21 09:07:00,650.38,650.5,650.11,650.1724,872
2026-07-21 09:08:00,650.65,650.65,650.65,650.65,100
2026-07-21 09:09:00,650.99,650.99,650.75,650.75,639
2026-07-21 09:11:00,650.75,650.75,650.75,650.75,46
2026-07-21 09:12:00,651,651,651,651,50
2026-07-21 09:14:00,650.9346,650.9346,650.9346,650.9346,500
2026-07-21 09:16:00,650.46,650.46,650.2,650.3,656
2026-07-21 09:17:00,650.25,650.25,650.05,650.25,747
2026-07-21 09:18:00,650.22,650.22,650.05,650.05,1334
2026-07-21 09:19:00,650.42,650.8702,650.42,650.8702,130
2026-07-21 09:20:00,651,651,651,651,50
2026-07-21 09:21:00,650.52,650.52,650.1534,650.1534,140
2026-07-21 09:22:00,650.7959,650.7959,650.7959,650.7959,100
2026-07-21 09:23:00,650.29,650.49,650.2,650.4623,792
2026-07-21 09:24:00,650.25,650.25,649.21,649.5,14787
2026-07-21 09:25:00,649.99,649.99,649.2821,649.29,561
2026-07-21 09:26:00,649.2,650,649.03,649.2,1238
2026-07-21 09:27:00,649.09,651.1,649.0022,651,2067
2026-07-21 09:28:00,651.99,654.38,651.99,654.38,2868
2026-07-21 09:29:00,654.43,654.43,654,654.29,169
2026-07-21 09:30:00,654.29,655.88,649.6,651.1,161038
2026-07-21 09:31:00,650.66,651.06,646.54,646.54,27147
2026-07-21 09:32:00,646.85,648.04,644.29,644.41,52997
2026-07-21 09:33:00,644.5305,645.765,643.2,643.22,39028
2026-07-21 09:34:00,643.5575,646.3,643.21,645.81,25785
2026-07-21 09:35:00,645.735,646.285,644.51,645.01,25154
2026-07-21 09:36:00,645.14,645.99,644.35,644.3712,35461
2026-07-21 09:37:00,644.465,646.17,643.52,645.1,56101
2026-07-21 09:38:00,645.669,645.865,644.35,644.73,41167
2026-07-21 09:39:00,644.73,645.505,643.6,644.105,40321
2026-07-21 09:40:00,644.188,648.03,643.93,647.2705,48920
2026-07-21 09:41:00,647.545,648.2,646.14,647.485,45021
2026-07-21 09:42:00,647.59,648.89,646.4,646.78,40417
2026-07-21 09:43:00,646.785,647.83,646.37,647.4,37626
2026-07-21 09:44:00,647.4,649.73,646.8303,648.79,25743
2026-07-21 09:45:00,648.995,649.77,647.77,647.955,24977
2026-07-21 09:46:00,647.76,649.2582,647.52,649.0251,19965
2026-07-21 09:47:00,649.025,649.9,648.27,648.945,21430
2026-07-21 09:48:00,649.185,651.145,648.29,649.525,26798
2026-07-21 09:49:00,649.31,649.91,648.9,649.27,17557
2026-07-21 09:50:00,649.255,650.275,648.6898,648.805,15104
2026-07-21 09:51:00,649.22,649.2475,647.58,648.8,17887
2026-07-21 09:52:00,648.8,648.85,647.58,648.475,10027
2026-07-21 09:53:00,648.64,649.77,648.27,649.655,11370
2026-07-21 09:54:00,649.6931,649.91,648.73,649.19,8064
2026-07-21 09:55:00,649.02,649.37,648.18,648.2,9349
2026-07-21 09:56:00,648.15,648.74,647.17,647.555,21676
2026-07-21 09:57:00,647.54,648.9,647.31,648.22,10229
2026-07-21 09:58:00,648.04,648.2,647.1,647.55,11504
2026-07-21 09:59:00,647.54,648.78,647.54,648.5,7639
2026-07-21 10:00:00,648.47,648.605,647.61,647.665,7383
2026-07-21 10:01:00,647.68,648.51,647.65,648.315,7407
2026-07-21 10:02:00,648.32,649,647.85,648.54,13570
2026-07-21 10:03:00,648.57,648.99,648.2501,648.62,17065
2026-07-21 10:04:00,648.82,649.38,648.5558,648.67,9525
2026-07-21 10:05:00,649,649.1537,648.53,648.72,5545
2026-07-21 10:06:00,648.73,649.06,647.901,648.93,7635
2026-07-21 10:07:00,648.68,649.88,648.61,648.73,16428
2026-07-21 10:08:00,648.5401,648.82,647.6942,648.815,4140
2026-07-21 10:09:00,648.69,649.49,648.06,648.23,16789
2026-07-21 10:10:00,648.16,648.2,646.74,647.5,12763
2026-07-21 10:11:00,647.63,647.68,645.3113,646.35,17102
2026-07-21 10:12:00,646.49,647.3,646.19,646.6,5928
2026-07-21 10:13:00,646.2501,646.51,645.69,646.345,12541
2026-07-21 10:14:00,646.355,647.0106,646.355,646.775,8119
2026-07-21 10:15:00,646.64,646.64,644.73,645.6864,12943
2026-07-21 10:16:00,645.95,646.1099,645.365,646.1099,10328
2026-07-21 10:17:00,645.6714,645.99,645.3505,645.3505,8324
2026-07-21 10:18:00,645.72,646.14,645.23,645.98,9184
2026-07-21 10:19:00,645.84,647.095,645.32,646.67,11932
2026-07-21 10:20:00,647.095,647.815,646.8334,647.65,12371
2026-07-21 10:21:00,647.5,647.61,646.1305,646.39,8910
2026-07-21 10:22:00,646.39,647.07,646.38,646.93,8196
2026-07-21 10:23:00,646.82,647.86,646.82,647.75,5405
2026-07-21 10:24:00,647.67,647.975,647.3459,647.825,10890
2026-07-21 10:25:00,647.77,647.8015,647.11,647.68,10458
2026-07-21 10:26:00,647.69,647.96,647.305,647.305,4217
2026-07-21 10:27:00,647.4394,647.81,647.19,647.495,7386
2026-07-21 10:28:00,647.685,648.04,646.81,647.025,10263
2026-07-21 10:29:00,647.055,647.26,646.5736,646.8,7316
2026-07-21 10:30:00,646.59,647.345,646.455,647.345,9216
2026-07-21 10:31:00,647.35,647.52,647,647.32,6127
2026-07-21 10:32:00,647.2885,647.2985,646.83,647,4094
2026-07-21 10:33:00,647.15,647.75,647.045,647.75,5182
2026-07-21 10:34:00,647.6256,647.6306,646.82,647.235,7932
2026-07-21 10:35:00,647.235,647.5,646.64,647.06,3474
2026-07-21 10:36:00,647.005,647.27,646.53,647.045,8380
2026-07-21 10:37:00,647.13,647.61,647.07,647.53,2837
2026-07-21 10:38:00,647.545,647.545,646.62,646.92,4337
2026-07-21 10:39:00,646.68,647.49,646.68,647.39,3751
2026-07-21 10:40:00,647.2201,647.69,646.86,647.585,35497
2026-07-21 10:41:00,647.74,647.7699,647.04,647.06,10128
2026-07-21 10:42:00,647.27,647.27,646.46,646.61,10590
2026-07-21 10:43:00,646.61,647,646.42,646.47,16091
2026-07-21 10:44:00,646.9522,646.9522,646.09,646.275,9844
2026-07-21 10:45:00,646.275,647.45,646.275,647.45,8369
2026-07-21 10:46:00,647.45,647.85,647.37,647.635,3225
2026-07-21 10:47:00,647.8388,648.59,647.53,648.555,11747
2026-07-21 10:48:00,648.555,648.99,648.41,648.78,8584
2026-07-21 10:49:00,648.77,649.37,648.45,649.34,12081
2026-07-21 10:50:00,649.225,649.404,648.87,649.325,7382
2026-07-21 10:51:00,649.22,649.6599,649.08,649.64,10823
2026-07-21 10:52:00,649.52,649.6,648.8,649,5654
2026-07-21 10:53:00,648.92,649.02,648.555,648.7,4803
2026-07-21 10:54:00,648.57,648.76,648.05,648.36,4051
2026-07-21 10:55:00,648.37,648.56,647.8802,648.495,6771
2026-07-21 10:56:00,648.575,648.99,648.37,648.41,5693
2026-07-21 10:57:00,648.49,648.664,647.5805,647.7105,3889
2026-07-21 10:58:00,647.86,647.93,647.17,647.55,8895
2026-07-21 10:59:00,647.48,647.774,647.3,647.475,6253
2026-07-21 11:00:00,647.475,647.6784,646.69,647.325,20950
2026-07-21 11:01:00,647.38,647.54,646.13,646.91,14890
2026-07-21 11:02:00,647.07,647.5199,646,646.12,17594
2026-07-21 11:03:00,646.13,646.3,645.5,646.24,11319
2026-07-21 11:04:00,646.08,646.23,645.6555,646.19,5714
2026-07-21 11:05:00,646.095,646.2,645.58,645.97,8758
2026-07-21 11:06:00,646.035,646.76,645.94,646.75,15581
2026-07-21 11:07:00,646.59,647.42,646.59,647.3893,5391
2026-07-21 11:08:00,647.11,647.49,646.8,647.285,5309
2026-07-21 11:09:00,647.48,648,647.338,647.7,6922
2026-07-21 11:10:00,647.72,648.27,647.58,647.89,9798
2026-07-21 11:11:00,648.105,648.18,647.645,648.02,6102
2026-07-21 11:12:00,648,648.3422,647.78,647.87,6301
2026-07-21 11:13:00,648.23,648.23,647.4,647.4,7885
2026-07-21 11:14:00,647.48,648.0699,647.48,647.54,5424
2026-07-21 11:15:00,647.705,647.92,647.29,647.47,4998
2026-07-21 11:16:00,647.47,647.61,646.99,647.365,6056
2026-07-21 11:17:00,647.28,647.6615,647.07,647.07,4435
2026-07-21 11:18:00,647,647.44,646.81,647.18,10605
2026-07-21 11:19:00,647.165,647.39,646.86,646.9,8122
2026-07-21 11:20:00,647.21,647.68,646.7501,647.49,12433
2026-07-21 11:21:00,647.495,648.2,647.35,647.61,13878
2026-07-21 11:22:00,647.62,647.94,647.49,647.51,10811
2026-07-21 11:23:00,647.53,647.53,646.77,647.08,6129
2026-07-21 11:24:00,647.1,647.33,647.04,647.185,6925
2026-07-21 11:25:00,647.12,647.38,647.08,647.18,9269
2026-07-21 11:26:00,647.32,647.49,647.09,647.25,6641
2026-07-21 11:27:00,647.36,647.89,647.29,647.77,9825
2026-07-21 11:28:00,647.77,647.77,647.18,647.53,10345
2026-07-21 11:29:00,647.525,647.9,647.32,647.88,6146
2026-07-21 11:30:00,647.87,648.24,647.64,648.13,4658
2026-07-21 11:31:00,648.2608,648.69,648.18,648.62,7845
2026-07-21 11:32:00,648.52,648.88,647.96,648.645,12629
2026-07-21 11:33:00,648.73,648.73,648,648.17,6900
2026-07-21 11:34:00,648.3099,648.5,648.03,648.03,2908
2026-07-21 11:35:00,648.06,648.18,647.57,647.745,10752
2026-07-21 11:36:00,647.7901,648.14,647.49,648.015,5684
2026-07-21 11:37:00,648.05,648.3199,647.85,648.065,4418
2026-07-21 11:38:00,648.01,648.34,647.69,648.19,3308
2026-07-21 11:39:00,648.19,648.42,648.12,648.12,2311
2026-07-21 11:40:00,648.22,648.2799,647.84,648.17,6910
2026-07-21 11:41:00,648.17,648.6,648.15,648.38,7111
2026-07-21 11:42:00,648.48,648.48,647.87,648.06,3908
2026-07-21 11:43:00,648.099,648.4199,647.77,648.4199,6899
2026-07-21 11:44:00,648.42,648.79,648.3,648.6,4338
2026-07-21 11:45:00,648.52,648.66,648.1,648.18,5825
2026-07-21 11:46:00,648.1,648.38,647.69,647.81,5770
2026-07-21 11:47:00,647.75,647.8,647.31,647.655,6658
2026-07-21 11:48:00,647.54,647.93,647.35,647.58,5582
2026-07-21 11:49:00,647.58,647.82,647.53,647.54,2651
2026-07-21 11:50:00,647.6603,647.71,647.42,647.71,9641
2026-07-21 11:51:00,647.7099,647.88,647.47,647.76,5142
2026-07-21 11:52:00,647.5622,648.24,647.5622,648.11,5455
2026-07-21 11:53:00,648.27,648.27,647.8501,648.025,3819
2026-07-21 11:54:00,648.02,648.13,647.5501,647.89,5417
2026-07-21 11:55:00,647.82,648.34,647.805,648.23,5910
2026-07-21 11:56:00,648.35,648.8,648.21,648.7599,4896
2026-07-21 11:57:00,648.5575,648.6,648.1036,648.33,7795
2026-07-21 11:58:00,648.33,648.48,647.62,648.0099,4103
2026-07-21 11:59:00,647.78,647.7901,647.17,647.3,7419
2026-07-21 12:00:00,647.345,647.75,647.345,647.6574,4276
2026-07-21 12:01:00,647.82,647.95,647.1601,647.385,4453
2026-07-21 12:02:00,647.385,647.79,647.29,647.52,6008
2026-07-21 12:03:00,647.34,647.8,647.16,647.8,11814
2026-07-21 12:04:00,647.6375,647.83,647.32,647.4694,2567
2026-07-21 12:05:00,647.47,647.74,647.1905,647.1905,6923
2026-07-21 12:06:00,647.39,647.59,647.125,647.25,5813
2026-07-21 12:07:00,647.18,647.36,646.94,647.095,5190
2026-07-21 12:08:00,647.095,647.47,646.78,646.98,10746
2026-07-21 12:09:00,646.98,647.09,646.66,647.09,10694
2026-07-21 12:10:00,646.85,647.07,646.54,646.78,16905
2026-07-21 12:11:00,646.77,647.7099,646.77,647.32,7639
2026-07-21 12:12:00,647.41,647.51,646.775,647.245,10033
2026-07-21 12:13:00,647.32,647.4399,647.04,647.185,2784
2026-07-21 12:14:00,647.12,647.2,646.95,646.95,3426
2026-07-21 12:15:00,647.07,647.09,646.725,646.9,3982
2026-07-21 12:16:00,646.87,646.975,646.55,646.68,8393
2026-07-21 12:17:00,646.67,646.825,645.911,646.25,15619
2026-07-21 12:18:00,646.32,646.9199,646.23,646.8,5749
2026-07-21 12:19:00,646.8203,647.3,646.68,647.27,4574
2026-07-21 12:20:00,647.27,647.3,646.98,647.0835,8374
2026-07-21 12:21:00,647.02,647.17,646.93,647.14,6327
2026-07-21 12:22:00,647.1625,647.24,646.75,646.8,9875
2026-07-21 12:23:00,646.93,647.26,646.61,647.25,3138
2026-07-21 12:24:00,647.25,647.52,646.99,647.32,2926
2026-07-21 12:25:00,647.335,647.625,646.87,647.385,7647
2026-07-21 12:26:00,647.54,647.67,647.34,647.61,2827
2026-07-21 12:27:00,647.45,647.71,647.22,647.41,4661
2026-07-21 12:28:00,647.345,647.46,647.3,647.46,6299
2026-07-21 12:29:00,647.6,647.6,647.3301,647.445,3138
2026-07-21 12:30:00,647.43,647.47,647.2,647.445,6592
2026-07-21 12:31:00,647.435,647.54,646.73,646.885,13140
2026-07-21 12:32:00,646.89,647.72,646.885,647.515,20852
2026-07-21 12:33:00,647.515,647.9,647.5,647.5,8722
2026-07-21 12:34:00,647.685,647.87,647.4,647.425,10231
2026-07-21 12:35:00,647.445,647.64,647.1201,647.35,5301
2026-07-21 12:36:00,647.245,647.76,647.245,647.47,5830
2026-07-21 12:37:00,647.615,648.39,647.45,647.86,24877
2026-07-21 12:38:00,647.935,648.17,647.81,648.065,8104
2026-07-21 12:39:00,648.055,648.08,647.84,647.905,4156
2026-07-21 12:40:00,647.89,648.24,647.8101,647.93,12305
2026-07-21 12:41:00,647.965,648.26,647.82,648.07,23729
2026-07-21 12:42:00,648.07,648.66,648.02,648.455,13852
2026-07-21 12:43:00,648.38,648.5199,647.89,647.99,18221
2026-07-21 12:44:00,647.98,648.1358,647.83,648.07,4549
2026-07-21 12:45:00,648.07,648.28,647.93,648.14,6640
2026-07-21 12:46:00,648.065,648.26,647.72,648.175,11614
2026-07-21 12:47:00,648.165,648.5,647.95,648.49,5380
2026-07-21 12:48:00,648.385,648.39,648.16,648.26,2611
2026-07-21 12:49:00,648.31,648.34,648.1101,648.18,8209
2026-07-21 12:50:00,648.27,648.27,647.82,647.99,5572
2026-07-21 12:51:00,648.06,648.2,647.94,648.14,4019
2026-07-21 12:52:00,648.13,648.36,647.82,648.1599,7797
2026-07-21 12:53:00,648.01,648.5963,647.91,648.5963,7634
2026-07-21 12:54:00,648.305,650.27,648.305,650.13,28935
2026-07-21 12:55:00,650.115,650.5,649.82,650.315,15404
2026-07-21 12:56:00,650.2358,650.445,649.83,650.125,11446
2026-07-21 12:57:00,649.99,650.78,649.86,650.08,16665
2026-07-21 12:58:00,650.08,650.3,649.08,649.2277,10048
2026-07-21 12:59:00,649.16,649.19,647.8,648.03,14234
2026-07-21 13:00:00,647.86,648.6299,647.61,648.5105,12728
2026-07-21 13:01:00,648.341,648.6299,648.02,648.5,6392
2026-07-21 13:02:00,648.26,648.48,648.06,648.36,7705
2026-07-21 13:03:00,648.44,648.46,647.6008,647.78,11609
2026-07-21 13:04:00,647.84,647.84,646.58,646.8,27941
2026-07-21 13:05:00,646.6,646.81,645.69,645.69,21166
2026-07-21 13:06:00,645.7,645.89,645.395,645.47,16271
2026-07-21 13:07:00,645.46,646.5,645.46,645.96,14659
2026-07-21 13:08:00,646.185,646.66,645.91,646.635,6757
2026-07-21 13:09:00,646.7972,646.81,646.0401,646.23,4447
2026-07-21 13:10:00,646.265,646.66,646,646.46,6568
2026-07-21 13:11:00,646.41,646.46,646.12,646.15,2787
2026-07-21 13:12:00,646.19,646.81,646.15,646.445,5199
2026-07-21 13:13:00,646.3,646.61,646.2,646.61,2669
2026-07-21 13:14:00,646.66,646.66,646.4,646.56,4109
2026-07-21 13:15:00,646.48,646.62,646.1101,646.24,8038
2026-07-21 13:16:00,646.24,646.3,645.7,646.035,9807
2026-07-21 13:17:00,646.055,646.2799,646,646.0523,3366
2026-07-21 13:18:00,646.1,646.1,645.72,645.925,5401
2026-07-21 13:19:00,645.925,646.59,645.925,646.57,11233
2026-07-21 13:20:00,646.44,646.46,645.8,645.935,3896
2026-07-21 13:21:00,645.94,646.12,645.4684,645.53,7131
2026-07-21 13:22:00,645.57,645.85,645.4301,645.72,20534
2026-07-21 13:23:00,645.78,646.19,645.6401,646.095,6073
2026-07-21 13:24:00,646.24,646.63,646.23,646.47,5128
2026-07-21 13:25:00,646.51,646.63,646.36,646.4452,4454
2026-07-21 13:26:00,646.445,646.72,646.38,646.49,5096
2026-07-21 13:27:00,646.5274,646.665,646.32,646.665,13011
2026-07-21 13:28:00,646.595,646.87,646.56,646.64,6965
2026-07-21 13:29:00,646.72,646.725,646.43,646.685,4192
2026-07-21 13:30:00,646.685,646.685,646.12,646.34,8827
2026-07-21 13:31:00,646.305,646.42,646.21,646.32,4825
2026-07-21 13:32:00,646.345,646.35,645.78,645.93,4831
2026-07-21 13:33:00,645.95,645.95,645.16,645.17,10505
2026-07-21 13:34:00,645.1601,645.4099,644.69,645.32,22711
2026-07-21 13:35:00,645.31,645.8,645.25,645.415,20136
2026-07-21 13:36:00,645.4546,646.78,645.415,646.72,12244
2026-07-21 13:37:00,646.79,646.98,646.33,646.54,9289
2026-07-21 13:38:00,646.6306,646.8099,646.42,646.645,2338
2026-07-21 13:39:00,646.64,647.06,646.46,647.05,7831
2026-07-21 13:40:00,647.08,648.49,646.9201,648.25,59217
2026-07-21 13:41:00,648.41,648.72,647.855,648.32,15265
2026-07-21 13:42:00,648.43,648.82,648.12,648.27,10859
2026-07-21 13:43:00,648.27,648.43,648.12,648.25,4148
2026-07-21 13:44:00,648.25,648.25,647.88,648.1,4378
2026-07-21 13:45:00,648.1,648.25,647.51,647.72,10370
2026-07-21 13:46:00,647.72,647.785,647.42,647.42,3790
2026-07-21 13:47:00,647.48,647.5,646.36,647.045,22411
2026-07-21 13:48:00,646.92,647.18,646.774,647.05,9252
2026-07-21 13:49:00,647.08,647.18,646.83,647.09,4022
2026-07-21 13:50:00,647.21,647.6,647.09,647.47,4933
2026-07-21 13:51:00,647.325,647.44,646.77,646.77,4476
2026-07-21 13:52:00,646.77,647.17,646.7,647.04,5399
2026-07-21 13:53:00,647.135,647.52,647.135,647.31,4157
2026-07-21 13:54:00,647.3346,647.79,647.18,647.56,6220
2026-07-21 13:55:00,647.715,647.83,647.12,647.32,7801
2026-07-21 13:56:00,647.12,647.33,647,647.11,2371
2026-07-21 13:57:00,647.215,647.445,647.06,647.18,6976
2026-07-21 13:58:00,647.05,647.24,646.94,647.1952,9178
2026-07-21 13:59:00,647.1,647.725,647.1,647.455,8470
2026-07-21 14:00:00,647.455,647.67,647.15,647.36,7431
2026-07-21 14:01:00,647.45,647.53,647.14,647.2501,4219
2026-07-21 14:02:00,647.45,647.6612,647.13,647.31,8348
2026-07-21 14:03:00,647.24,647.3,647.1,647.21,3554
2026-07-21 14:04:00,647.29,647.56,647.1,647.13,7810
2026-07-21 14:05:00,647.19,647.325,646.76,646.82,3563
2026-07-21 14:06:00,646.75,647.09,646.6,646.87,11712
2026-07-21 14:07:00,646.86,647.139,646.49,646.49,10115
2026-07-21 14:08:00,646.6,646.93,646.6,646.85,7988
2026-07-21 14:09:00,646.815,647.18,646.74,647.045,5894
2026-07-21 14:10:00,646.84,647,646.54,646.755,2395
2026-07-21 14:11:00,646.8,646.9834,646.61,646.79,5415
2026-07-21 14:12:00,646.795,646.8,646.258,646.29,5674
2026-07-21 14:13:00,646.49,646.9,646.345,646.88,8501
2026-07-21 14:14:00,646.78,646.92,646.42,646.77,10114
2026-07-21 14:15:00,646.77,647.1404,646.7,647,8477
2026-07-21 14:16:00,647.095,647.1599,646.86,647.06,22933
2026-07-21 14:17:00,647.06,647.32,647.035,647.04,8777
2026-07-21 14:18:00,647.01,647.09,646.75,647.09,5083
2026-07-21 14:19:00,647.11,647.2,646.8917,647.2,2659
2026-07-21 14:20:00,647.11,647.18,646.95,647.02,7493
2026-07-21 14:21:00,647.115,647.52,646.96,647.52,4840
2026-07-21 14:22:00,647.55,647.6485,647.35,647.37,4636
2026-07-21 14:23:00,647.37,647.5076,647.24,647.41,3405
2026-07-21 14:24:00,647.33,647.41,646.9901,647.07,11300
2026-07-21 14:25:00,646.975,647.38,646.95,647.2,7593
2026-07-21 14:26:00,647.17,647.32,647.0401,647.1,5070
2026-07-21 14:27:00,647.185,647.5399,647.02,647.44,9207
2026-07-21 14:28:00,647.53,647.55,647.348,647.55,3305
2026-07-21 14:29:00,647.445,647.69,647.36,647.59,7117
2026-07-21 14:30:00,647.69,647.82,647.34,647.34,20992
2026-07-21 14:31:00,647.49,647.5242,647.125,647.3151,2197
2026-07-21 14:32:00,647.34,647.47,647.3,647.385,3030
2026-07-21 14:33:00,647.27,647.62,647.27,647.61,5725
2026-07-21 14:34:00,647.625,647.71,647.04,647.21,15990
2026-07-21 14:35:00,647.12,647.26,647,647.16,5311
2026-07-21 14:36:00,647.23,647.25,646.42,646.645,14291
2026-07-21 14:37:00,646.645,646.79,646.22,646.79,9572
2026-07-21 14:38:00,646.68,646.84,646.335,646.335,5187
2026-07-21 14:39:00,646.35,646.56,646.29,646.39,5925
2026-07-21 14:40:00,646.47,646.96,646.38,646.835,15586
2026-07-21 14:41:00,646.95,647,646.49,646.59,4604
2026-07-21 14:42:00,646.6,647.24,646.36,647.165,6059
2026-07-21 14:43:00,647.23,647.29,647.09,647.2,5634
2026-07-21 14:44:00,647.215,647.6,647.12,647.4201,10027
2026-07-21 14:45:00,647.51,647.68,647.43,647.555,13865
2026-07-21 14:46:00,647.555,647.76,647.42,647.6,10458
2026-07-21 14:47:00,647.44,647.59,647.135,647.19,7057
2026-07-21 14:48:00,647.19,647.42,647.19,647.38,4797
2026-07-21 14:49:00,647.4074,647.45,647.26,647.355,4938
2026-07-21 14:50:00,647.355,647.45,647.09,647.22,8189
2026-07-21 14:51:00,647.205,647.549,647,647.47,9580
2026-07-21 14:52:00,647.361,647.6899,647.36,647.45,7626
2026-07-21 14:53:00,647.37,647.45,647.01,647.1551,5811
2026-07-21 14:54:00,647.02,647.28,646.93,647.2,27316
2026-07-21 14:55:00,647.25,647.385,647.2,647.375,2426
2026-07-21 14:56:00,647.28,647.36,646.98,647.29,7275
2026-07-21 14:57:00,647.36,647.36,647.04,647.04,10361
2026-07-21 14:58:00,647.05,647.16,646.47,646.835,22205
2026-07-21 14:59:00,646.67,646.98,646.66,646.96,6352
2026-07-21 15:00:00,647.07,647.1,646.42,646.81,3952
2026-07-21 15:01:00,646.74,647.47,646.48,647.46,10201
2026-07-21 15:02:00,647.3825,647.56,647.2966,647.35,6336
2026-07-21 15:03:00,647.4,647.5,647.28,647.29,1509
2026-07-21 15:04:00,647.33,647.59,647.27,647.52,5081
2026-07-21 15:05:00,647.51,648.1,647.3101,647.9256,10692
2026-07-21 15:06:00,647.985,648.15,647.86,648.07,20758
2026-07-21 15:07:00,647.96,648.11,647.85,648.03,5980
2026-07-21 15:08:00,648.035,648.56,647.98,648.435,24564
2026-07-21 15:09:00,648.44,648.7,648.36,648.64,6374
2026-07-21 15:10:00,648.64,648.7253,648.4305,648.65,4671
2026-07-21 15:11:00,648.6651,648.6742,648.21,648.32,4553
2026-07-21 15:12:00,648.32,648.32,647.9,647.9605,6763
2026-07-21 15:13:00,648.0218,648.25,647.865,647.975,14275
2026-07-21 15:14:00,647.89,648.22,647.87,648.141,7268
2026-07-21 15:15:00,648.14,648.22,648.05,648.18,8175
2026-07-21 15:16:00,648.1025,648.29,648.07,648.11,14394
2026-07-21 15:17:00,648.26,648.29,648.05,648.18,7280
2026-07-21 15:18:00,648.14,648.2,647.89,648.0001,7532
2026-07-21 15:19:00,648,648.07,647.86,647.99,5044
2026-07-21 15:20:00,647.995,648.16,647.89,647.99,12382
2026-07-21 15:21:00,648.05,648.28,648.02,648.16,5583
2026-07-21 15:22:00,648.165,648.4397,648.11,648.4,9782
2026-07-21 15:23:00,648.32,648.4652,648.23,648.35,6408
2026-07-21 15:24:00,648.37,649.15,648.23,649.01,15004
2026-07-21 15:25:00,649.02,649.85,648.84,649.785,15547
2026-07-21 15:26:00,649.73,650,649.71,649.83,13095
2026-07-21 15:27:00,649.83,649.99,649.52,649.585,6557
2026-07-21 15:28:00,649.64,649.7199,649.12,649.1851,8321
2026-07-21 15:29:00,649.14,649.65,649,649.29,17761
2026-07-21 15:30:00,649.495,649.81,649.49,649.66,11440
2026-07-21 15:31:00,649.635,649.8499,649.39,649.655,10390
2026-07-21 15:32:00,649.64,649.8399,647.2,647.345,29740
2026-07-21 15:33:00,647.33,647.33,645.32,645.34,46081
2026-07-21 15:34:00,645.435,647.3799,644.664,647.1,34709
2026-07-21 15:35:00,647.21,647.35,646.58,647.1,12159
2026-07-21 15:36:00,646.91,647.66,646.91,647.33,11193
2026-07-21 15:37:00,647.55,647.748,647,647.31,17767
2026-07-21 15:38:00,647.165,647.35,647.0401,647.195,6985
2026-07-21 15:39:00,647.195,647.34,647.04,647.305,15880
2026-07-21 15:40:00,647.305,647.7,647.25,647.575,8840
2026-07-21 15:41:00,647.48,648.04,647.39,647.735,13483
2026-07-21 15:42:00,647.74,648.04,647.61,647.9,9873
2026-07-21 15:43:00,647.81,648.24,647.72,648.04,9107
2026-07-21 15:44:00,648.06,648.39,647.73,648.31,7844
2026-07-21 15:45:00,648.32,648.38,648.04,648.05,7871
2026-07-21 15:46:00,648.105,648.3,647.9175,647.965,7576
2026-07-21 15:47:00,647.97,648.295,647.56,647.82,31833
2026-07-21 15:48:00,647.79,647.8,647.2,647.295,16263
2026-07-21 15:49:00,647.295,647.49,647.04,647.375,8799
2026-07-21 15:50:00,647.22,647.225,646.4201,646.6501,21585
2026-07-21 15:51:00,646.72,646.82,646.2401,646.59,14077
2026-07-21 15:52:00,646.51,646.55,646.15,646.25,15229
2026-07-21 15:53:00,646.39,646.42,645.53,645.79,27052
2026-07-21 15:54:00,645.87,646.05,645.0001,645.535,27131
2026-07-21 15:55:00,645.59,645.8,644.38,644.66,42103
2026-07-21 15:56:00,644.715,644.75,644.18,644.54,44756
2026-07-21 15:57:00,644.54,644.61,644.11,644.185,51330
2026-07-21 15:58:00,644.24,644.26,643.89,643.9,77968
2026-07-21 15:59:00,643.9,644.17,643.39,643.44,178843
2026-07-21 16:00:00,643.81,644.25,643.39,643.39,1305649
2026-07-21 16:01:00,644,644,643.273,643.39,1637
2026-07-21 16:02:00,643.33,643.81,643.33,643.65,735
2026-07-21 16:03:00,643.25,643.25,641.81,642.79,1841
2026-07-21 16:04:00,642.6,643.7599,635,635,6550
2026-07-21 16:05:00,640.14,642,640,642,2428
2026-07-21 16:06:00,642,642,641.8915,641.8915,200
2026-07-21 16:07:00,642,642.59,642,642.59,661
2026-07-21 16:08:00,642.26,642.53,642.25,642.53,172
2026-07-21 16:09:00,642.53,642.53,642.53,642.53,50
2026-07-21 16:10:00,642.57,642.57,642.5187,642.5187,139
2026-07-21 16:11:00,642.4,642.4,642.4,642.4,114
2026-07-21 16:12:00,642.46,642.5,642.16,642.5,316
2026-07-21 16:13:00,642.5728,642.5728,642.32,642.32,90
2026-07-21 16:14:00,642.59,642.59,642.45,642.45,478
2026-07-21 16:15:00,642.31,642.31,642.31,642.31,72
2026-07-21 16:16:00,642.31,642.35,642.31,642.35,272
2026-07-21 16:17:00,642.21,642.36,642.21,642.32,130
2026-07-21 16:18:00,642.57,642.57,642.57,642.57,85
2026-07-21 16:19:00,642.2899,642.2899,642.25,642.25,100
2026-07-21 16:20:00,642.3,642.3,642.3,642.3,68
2026-07-21 16:21:00,642.3,642.3,642.3,642.3,58
2026-07-21 16:22:00,642.45,642.45,642.3,642.3,1038
2026-07-21 16:23:00,642.5297,642.5297,642.5297,642.5297,50
2026-07-21 16:24:00,642.35,643.81,642.35,643.81,17848
2026-07-21 16:25:00,642.57,642.57,642.51,642.51,457
2026-07-21 16:26:00,642.51,642.51,642.3,642.3,243
2026-07-21 16:27:00,642.35,642.45,642.35,642.45,80
2026-07-21 16:28:00,642.32,642.73,642.32,642.38,120
2026-07-21 16:29:00,642.5,642.5,642.5,642.5,40
2026-07-21 16:30:00,642.3,642.3,642.3,642.3,40
2026-07-21 16:31:00,642.26,642.67,642.26,642.67,338
2026-07-21 16:32:00,642.37,642.38,642.37,642.38,80
2026-07-21 16:33:00,642.27,642.27,642.27,642.27,56
2026-07-21 16:34:00,642.16,642.16,642.16,642.16,100
2026-07-21 16:35:00,642.1601,642.18,642.0432,642.0432,916
2026-07-21 16:36:00,642,642.39,642,642.39,248
2026-07-21 16:37:00,642,642.0001,642,642,279
2026-07-21 16:38:00,642.0515,642.4,642.01,642.05,287
2026-07-21 16:39:00,642,642.4,641.98,642.06,1640
2026-07-21 16:40:00,642.38,642.4,642.03,642.4,996
2026-07-21 16:41:00,642.19,642.39,642.19,642.19,303
2026-07-21 16:42:00,642.33,642.4,642.25,642.25,828
2026-07-21 16:43:00,642.37,642.37,642.07,642.07,80
2026-07-21 16:44:00,642.35,642.38,642.07,642.07,587
2026-07-21 16:45:00,642.05,642.25,641.8204,641.95,630
2026-07-21 16:46:00,642,642.1,642,642.1,182
2026-07-21 16:48:00,642.3211,642.3211,642.3211,642.3211,50
2026-07-21 16:49:00,642.0226,642.0226,642,642,112
2026-07-21 16:50:00,641.7,641.7,641.7,641.7,70
2026-07-21 16:51:00,642.09,642.09,641.91,641.91,100
2026-07-21 16:52:00,642.12,642.17,642.02,642.17,200
2026-07-21 16:54:00,642.25,642.25,642.25,642.25,100
2026-07-21 16:55:00,642.05,642.05,642.05,642.05,77
2026-07-21 16:56:00,642.1,642.1,642.1,642.1,120
2026-07-21 16:57:00,642.0301,642.0301,642.0301,642.0301,50
2026-07-21 16:58:00,642.22,642.22,642.01,642.01,297
2026-07-21 16:59:00,642.22,642.22,642,642.05,1292
2026-07-21 17:00:00,642.0435,642.25,642.0432,642.25,195
2026-07-21 17:01:00,642.2498,642.2498,642.2498,642.2498,300
2026-07-21 17:02:00,642.15,642.15,642.0378,642.0378,600
2026-07-21 17:04:00,642.18,642.21,642,642,139
2026-07-21 17:05:00,642.0526,642.0526,642.0526,642.0526,50
2026-07-21 17:06:00,642.25,642.99,642.25,642.99,975
2026-07-21 17:07:00,642.39,642.39,642.39,642.39,50
2026-07-21 17:08:00,642.35,642.35,642.35,642.35,50
2026-07-21 17:11:00,642.25,642.2501,642.25,642.2501,150
2026-07-21 17:13:00,642.25,642.25,642.25,642.25,1227
2026-07-21 17:14:00,642.1,642.1,642.1,642.1,370
2026-07-21 17:17:00,642.0229,642.11,642.0229,642.11,463
2026-07-21 17:18:00,642.14,642.14,642.14,642.14,50
2026-07-21 17:19:00,642.06,642.06,642.06,642.06,50
2026-07-21 17:20:00,642.12,642.12,642.0001,642.0001,355
2026-07-21 17:22:00,642.28,642.28,642.28,642.28,70
2026-07-21 17:23:00,642.15,642.99,642.04,642.35,815
2026-07-21 17:24:00,642.34,642.34,642.06,642.19,300
2026-07-21 17:25:00,642.2752,642.2752,642.21,642.21,90
2026-07-21 17:26:00,642.22,642.22,642.11,642.11,100
2026-07-21 17:27:00,642.1,642.1,642.1,642.1,170
2026-07-21 17:28:00,642.22,642.22,642.04,642.12,499
2026-07-21 17:29:00,642.15,642.26,642.14,642.14,391
2026-07-21 17:30:00,642,642,642,642,42
2026-07-21 17:31:00,642.19,643,642.11,642.11,1768
2026-07-21 17:33:00,642.11,642.1425,642.11,642.1425,110
2026-07-21 17:37:00,642.19,642.31,642.19,642.31,100
2026-07-21 17:39:00,642.45,642.5,642.41,642.41,431
2026-07-21 17:42:00,642.3,642.3,642.3,642.3,199
2026-07-21 17:43:00,642.1477,642.3,642.1477,642.3,117
2026-07-21 17:48:00,643,643,643,643,100
2026-07-21 17:49:00,642.28,642.28,642.2063,642.26,150
2026-07-21 17:50:00,642.4,642.7,642.4,642.7,80
2026-07-21 17:51:00,642.5,642.5,642.5,642.5,300
2026-07-21 17:53:00,642.5,642.5,642.5,642.5,140
2026-07-21 17:54:00,642.6,642.6,642.5,642.5,89
2026-07-21 17:55:00,642.53,642.8901,642.53,642.75,725
2026-07-21 17:56:00,642.59,642.6,642.5,642.5,409
2026-07-21 17:59:00,642.32,642.4,642.32,642.4,217
2026-07-21 18:01:00,642.2,642.2,642.2,642.2,71
2026-07-21 18:02:00,642.67,642.67,642.67,642.67,120
2026-07-21 18:03:00,642.67,642.67,642.19,642.4074,395
2026-07-21 18:04:00,642.09,642.1703,642.09,642.1703,148
2026-07-21 18:07:00,642.54,642.54,642.16,642.16,100
2026-07-21 18:08:00,642.25,642.25,642.25,642.25,100
2026-07-21 18:09:00,642.0536,642.8443,642.05,642.8443,753
2026-07-21 18:12:00,642.08,642.09,642.05,642.09,142
2026-07-21 18:19:00,642.0502,642.1,642.05,642.05,504
2026-07-21 18:20:00,642,642.05,642,642.05,827
2026-07-21 18:21:00,642.01,642.02,641.8422,641.8422,139
2026-07-21 18:23:00,641.95,642.1,641.8,642.1,400
2026-07-21 18:24:00,641.5279,642.02,641.5279,642.02,194
2026-07-21 18:25:00,641.55,641.55,641.55,641.55,89
2026-07-21 18:26:00,641.9,641.9,641.34,641.34,158
2026-07-21 18:27:00,641.86,641.86,641.86,641.86,150
2026-07-21 18:28:00,641.5695,641.5695,641.5,641.5,429
2026-07-21 18:29:00,642,642,642,642,200
2026-07-21 18:30:00,641.3,641.3,641.3,641.3,1257
2026-07-21 18:32:00,641,641.25,641,641.25,100
2026-07-21 18:33:00,641.09,641.09,641.06,641.06,91
2026-07-21 18:34:00,641.75,641.75,641.75,641.75,50
2026-07-21 18:35:00,641.53,641.59,641.32,641.59,191
2026-07-21 18:36:00,641.8,641.8,641.03,641.03,241
2026-07-21 18:37:00,641.63,641.63,641.18,641.5,200
2026-07-21 18:38:00,641.04,641.49,641.02,641.2,271
2026-07-21 18:39:00,641.23,641.71,641.04,641.04,370
2026-07-21 18:40:00,641.55,641.55,641.06,641.26,199
2026-07-21 18:41:00,640.82,640.82,640.82,640.82,50
2026-07-21 18:42:00,640.8,640.986,640.8,640.8,1150
2026-07-21 18:44:00,641.412,641.412,641.073,641.073,165
2026-07-21 18:54:00,640.76,640.91,640.69,640.87,200
2026-07-21 18:55:00,640.8,640.8,640.69,640.8,429
2026-07-21 18:56:00,640.4452,640.4452,640.4452,640.4452,50
2026-07-21 18:57:00,640.4439,640.4439,640.4439,640.4439,400
2026-07-21 18:58:00,640.4854,640.4854,640.4854,640.4854,76
2026-07-21 18:59:00,640.97,640.97,640.6,640.6,150
2026-07-21 19:00:00,640.75,640.75,640.75,640.75,50
2026-07-21 19:02:00,641,641.8,641,641.8,2325
2026-07-21 19:03:00,640.61,640.61,640.61,640.61,60
2026-07-21 19:04:00,640.8,641.39,640.8,640.95,150
2026-07-21 19:05:00,641.27,641.27,640.61,640.61,160
2026-07-21 19:06:00,641.21,641.22,641.21,641.22,296
2026-07-21 19:07:00,640.87,640.87,640.87,640.87,68
2026-07-21 19:08:00,641,641.22,640.6,641.1,933
2026-07-21 19:09:00,641.22,641.22,640.96,640.96,194
2026-07-21 19:10:00,640.9762,640.9762,640.9762,640.9762,50
2026-07-21 19:11:00,640.96,640.96,640.96,640.96,200
2026-07-21 19:12:00,640.99,641,640.5,640.5,1461
2026-07-21 19:13:00,640.69,640.9,640.69,640.9,100
2026-07-21 19:14:00,640.5916,640.67,640.5916,640.67,205
2026-07-21 19:15:00,640.88,640.99,640.72,640.99,184
2026-07-21 19:17:00,640.95,640.99,640.53,640.63,300
2026-07-21 19:18:00,640.7,640.96,640.7,640.71,575
2026-07-21 19:19:00,640.58,640.98,640.56,640.83,893
2026-07-21 19:20:00,640.98,640.98,640.93,640.93,200
2026-07-21 19:21:00,640.98,640.99,640.98,640.99,94
2026-07-21 19:22:00,640.99,641.7007,640.99,641.7007,628
2026-07-21 19:23:00,641.2,641.2,641.2,641.2,50
2026-07-21 19:24:00,641.24,641.57,641.23,641.23,143
2026-07-21 19:25:00,641.74,641.74,641.39,641.39,200
2026-07-21 19:26:00,641.4,641.4,641.4,641.4,100
2026-07-21 19:27:00,641.32,641.39,641.21,641.39,140
2026-07-21 19:28:00,641.21,641.28,641.21,641.28,101
2026-07-21 19:30:00,641.8534,641.8534,641.8534,641.8534,59
2026-07-21 19:31:00,640.7978,640.7978,640.7978,640.7978,50
2026-07-21 19:33:00,641.05,641.1,641.05,641.1,100
2026-07-21 19:34:00,641.1644,641.31,641.1644,641.31,160
2026-07-21 19:35:00,641.3,641.9349,640.76,640.84,667
2026-07-21 19:38:00,640.52,640.52,640.52,640.52,159
2026-07-21 19:40:00,641.01,641.01,640.61,640.61,173
2026-07-21 19:41:00,642,642,640.51,640.51,246
2026-07-21 19:42:00,641.19,641.19,640.7463,640.7463,179
2026-07-21 19:44:00,641,641,641,641,40
2026-07-21 19:46:00,640.87,641.4828,640.5,641.4828,290
2026-07-21 19:47:00,641.13,641.73,640.58,641.73,759
2026-07-21 19:48:00,640.81,641.5,640.81,641.5,254
2026-07-21 19:49:00,641.15,641.65,641.15,641.65,100
2026-07-21 19:50:00,641.29,641.64,641.29,641.64,100
2026-07-21 19:51:00,641.16,641.49,641.01,641.0844,325
2026-07-21 19:52:00,641.5,641.5,641.5,641.5,50
2026-07-21 19:53:00,641.07,641.07,641.07,641.07,50
2026-07-21 19:55:00,641.28,641.28,641.1,641.1,96
2026-07-21 19:56:00,641.02,641.11,641.02,641.11,100
2026-07-21 19:58:00,641.24,641.65,641.24,641.65,100
2026-07-21 19:59:00,641.845,641.845,641.845,641.845,100
2026-07-22 04:00:00,640.64,642.997,640.64,641.95,5126
2026-07-22 04:01:00,641.98,643.26,641.98,643.24,4254
2026-07-22 04:02:00,643.69,643.7,641,641.61,4524
2026-07-22 04:03:00,641.76,642.3,641.61,642.3,199
2026-07-22 04:06:00,642,642,642,642,70
2026-07-22 04:07:00,642.44,642.44,642.44,642.44,62
2026-07-22 04:08:00,642.48,642.5,642.48,642.5,667
2026-07-22 04:12:00,642.19,642.2,642.01,642.01,253
2026-07-22 04:18:00,642,642,641.5,641.5,223
2026-07-22 04:19:00,641.88,642,641.88,642,292
2026-07-22 04:26:00,642.58,642.62,642.58,642.62,181
2026-07-22 04:28:00,642.82,642.82,642.82,642.82,55
2026-07-22 04:29:00,642.5,642.81,642.26,642.81,200
2026-07-22 04:30:00,642.99,643,642.99,642.99,319
2026-07-22 04:38:00,642.9,642.9,642.9,642.9,51
2026-07-22 04:39:00,642.83,642.83,642.83,642.83,44
2026-07-22 04:40:00,642.99,642.99,642.9,642.9,673
2026-07-22 04:42:00,642.94,642.94,642.94,642.94,73
2026-07-22 04:53:00,643.72,643.72,643.72,643.72,100
2026-07-22 05:01:00,643.61,643.61,643.61,643.61,46
2026-07-22 05:02:00,643.77,643.77,643.69,643.69,145
2026-07-22 05:03:00,643.85,643.85,643.85,643.85,163
2026-07-22 05:07:00,643.8,643.88,643.8,643.88,146
2026-07-22 05:08:00,643.83,643.83,643.81,643.81,170
2026-07-22 05:16:00,643.01,643.01,643.01,643.01,50
2026-07-22 05:29:00,643.41,643.41,643.41,643.41,40
2026-07-22 05:30:00,643.44,643.44,643.4,643.4,112
2026-07-22 05:53:00,643,643,643,643,41
2026-07-22 05:56:00,643.37,643.37,643.37,643.37,95
2026-07-22 06:00:00,643.06,643.06,643.02,643.02,128
2026-07-22 06:01:00,643.8,643.8,643.8,643.8,80
2026-07-22 06:20:00,644.1,644.16,644.1,644.16,1260
2026-07-22 06:34:00,644.15,644.15,644.15,644.15,150
2026-07-22 06:46:00,644.48,644.48,644.48,644.48,178
2026-07-22 06:48:00,644.98,644.98,644.98,644.98,200
2026-07-22 06:49:00,645.3,645.3,645.3,645.3,280
2026-07-22 06:56:00,644.7,644.7,644.7,644.7,100
2026-07-22 06:59:00,645,645,645,645,300
2026-07-22 07:00:00,644.5,644.56,641.99,643,11549
2026-07-22 07:01:00,642,642.5235,642,642.17,289
2026-07-22 07:02:00,642,642.52,642,642.52,919
2026-07-22 07:05:00,642.72,642.72,642.72,642.72,40
2026-07-22 07:08:00,642.7,643.19,642.7,643.19,80
2026-07-22 07:09:00,643,643.376,643,643.376,580
2026-07-22 07:10:00,643.21,643.21,643.21,643.21,40
2026-07-22 07:11:00,643.4452,643.4452,643,643.1,1979
2026-07-22 07:12:00,643.4,643.4,643.06,643.1,171
2026-07-22 07:14:00,642.7359,642.7359,642.7359,642.7359,40
2026-07-22 07:15:00,642.99,643.3,642.99,643.3,836
2026-07-22 07:17:00,643.1,643.1,643.1,643.1,56
2026-07-22 07:20:00,642.83,643.18,642.83,643.18,100
2026-07-22 07:21:00,643.09,643.43,643.09,643.43,100
2026-07-22 07:22:00,642.7867,642.7867,642.7867,642.7867,550
2026-07-22 07:27:00,643,643,643,643,43
2026-07-22 07:28:00,642.8261,642.8261,642.8261,642.8261,51
2026-07-22 07:30:00,642.93,643,642.8,643,308
2026-07-22 07:31:00,642.96,642.96,642.8,642.8,386
2026-07-22 07:33:00,643.14,643.14,643.14,643.14,1500
2026-07-22 07:35:00,643.49,643.856,643.49,643.856,681
2026-07-22 07:36:00,643.967,643.967,643.46,643.46,305
2026-07-22 07:37:00,643.84,643.976,643.84,643.976,640
2026-07-22 07:38:00,644.02,644.02,643.9779,643.9779,840
2026-07-22 07:39:00,643.99,644,643.82,643.99,322
2026-07-22 07:40:00,644.08,644.08,644.08,644.08,50
2026-07-22 07:41:00,644.19,644.5689,644.19,644.5689,348
2026-07-22 07:42:00,644.2,644.49,644.2,644.49,130
2026-07-22 07:43:00,643.8,643.8,643.8,643.8,260
2026-07-22 07:44:00,643.5235,644.46,643.5235,644.44,851
2026-07-22 07:45:00,643.85,644.45,643.85,644.45,240
2026-07-22 07:47:00,644.99,645,644.99,645,537
2026-07-22 07:48:00,645,645.784,645,645.784,341
2026-07-22 07:49:00,645,645.28,644.08,645.28,347
2026-07-22 07:50:00,644.99,644.99,644.99,644.99,75
2026-07-22 07:51:00,644.97,644.97,644.25,644.25,215
2026-07-22 07:53:00,644.58,644.58,644.58,644.58,119
2026-07-22 07:55:00,645.1001,646,644.58,645.54,5378
2026-07-22 07:56:00,645.44,645.44,645.44,645.44,400
2026-07-22 08:00:00,645.3,645.3,644.6864,644.6864,260
2026-07-22 08:01:00,644.6833,644.6833,644.6833,644.6833,100
2026-07-22 08:03:00,644.55,644.99,644.5,644.99,963
2026-07-22 08:04:00,645,645,644.82,644.82,495
2026-07-22 08:05:00,644.5994,644.5994,644.5994,644.5994,183
2026-07-22 08:06:00,645,645.38,645,645.38,1415
2026-07-22 08:09:00,645,645,645,645,100
2026-07-22 08:11:00,644.5,645.46,644.5,645.46,875
2026-07-22 08:12:00,645.5,645.54,645.5,645.54,152
2026-07-22 08:13:00,645.63,645.66,645.63,645.66,100
2026-07-22 08:14:00,645.98,645.99,645.98,645.99,254
2026-07-22 08:15:00,645.498,645.498,645.38,645.38,201
2026-07-22 08:16:00,645.28,645.28,645.18,645.18,115
2026-07-22 08:18:00,645.4,645.82,645.4,645.82,200
2026-07-22 08:21:00,645.25,645.25,645,645,941
2026-07-22 08:23:00,645.23,645.25,644.6,645.24,225
2026-07-22 08:24:00,644.99,644.99,644.99,644.99,43
2026-07-22 08:26:00,644.6916,644.6916,644.6916,644.6916,40
2026-07-22 08:27:00,645.01,645.01,645.01,645.01,180
2026-07-22 08:28:00,645.21,645.21,645.21,645.21,232
2026-07-22 08:31:00,645.48,645.48,645.48,645.48,40
2026-07-22 08:32:00,645.04,645.04,644.71,644.71,245
2026-07-22 08:33:00,645.6,645.61,645.272,645.272,261
2026-07-22 08:34:00,645.28,645.454,645.16,645.16,249
2026-07-22 08:37:00,645,645,645,645,120
2026-07-22 08:38:00,645,645.14,645,645,574
2026-07-22 08:40:00,645.25,645.25,645.22,645.22,275
2026-07-22 08:41:00,645.4,645.42,645.4,645.42,203
2026-07-22 08:45:00,645.71,645.8,645.71,645.8,300
2026-07-22 08:46:00,645.7,645.7,645.7,645.7,100
2026-07-22 08:47:00,645.7898,645.7898,645.7898,645.7898,100
2026-07-22 08:49:00,645.51,645.51,645.5,645.5,190
2026-07-22 08:50:00,645.43,645.43,645.43,645.43,180
2026-07-22 08:51:00,645.2053,645.2053,645.2053,645.2053,100
2026-07-22 08:52:00,645.41,645.41,645.39,645.39,305
2026-07-22 08:53:00,645.45,645.45,645.45,645.45,349
2026-07-22 08:54:00,645.44,645.45,645.4,645.4,494
2026-07-22 08:56:00,645.32,645.32,644.01,644.01,2308
2026-07-22 08:57:00,644.05,644.05,644,644,583
2026-07-22 08:58:00,643.5442,643.74,643.5,643.74,592
2026-07-22 08:59:00,643.83,644.12,643.83,644.12,480
2026-07-22 09:00:00,644.12,644.22,644.12,644.22,398
2026-07-22 09:02:00,644.56,644.62,644.56,644.62,160
2026-07-22 09:03:00,644.9,644.9,644.8733,644.9,320
2026-07-22 09:05:00,645,645,645,645,55
2026-07-22 09:06:00,644.81,644.84,644.5,644.84,360
2026-07-22 09:07:00,644.99,644.99,644.99,644.99,45
2026-07-22 09:08:00,645,645.13,644.5,645.13,788
2026-07-22 09:09:00,645.24,645.24,645.24,645.24,643
2026-07-22 09:10:00,645.56,645.78,645.56,645.78,140
2026-07-22 09:12:00,645.64,645.64,645.5,645.5,358
2026-07-22 09:15:00,645.78,645.78,645.78,645.78,750
2026-07-22 09:16:00,645.98,645.98,645.72,645.72,408
2026-07-22 09:17:00,645.7,646,645.7,646,489
2026-07-22 09:18:00,645.8601,645.8601,645.5641,645.5641,427
2026-07-22 09:19:00,645.9,645.95,645.9,645.95,533
2026-07-22 09:20:00,646.1415,646.1415,646.1415,646.1415,51
2026-07-22 09:21:00,645.8,645.8,645.8,645.8,278
2026-07-22 09:22:00,645.85,645.86,645.85,645.86,130
2026-07-22 09:23:00,645.55,645.63,645.55,645.63,140
2026-07-22 09:24:00,645.2026,645.2026,645.2026,645.2026,41
2026-07-22 09:25:00,645.88,646.61,645.88,646.54,312
2026-07-22 09:26:00,646,647,646,647,623
2026-07-22 09:27:00,647.035,647.49,646,646,3912
2026-07-22 09:28:00,646.44,646.44,646.14,646.14,129
2026-07-22 09:30:00,647.26,648.998,641.76,642.47,138793
2026-07-22 09:31:00,642.84,642.84,637.89,638.11,38388
2026-07-22 09:32:00,637.89,639.39,637.2927,638.565,56865
2026-07-22 09:33:00,638.565,639.76,637,638.43,30563
2026-07-22 09:34:00,638.43,638.8,636.95,637.4194,27304
2026-07-22 09:35:00,637.345,638.74,636.16,638.5625,35125
2026-07-22 09:36:00,638.32,639.9295,638,639.595,32081
2026-07-22 09:37:00,639.41,640.256,639.13,639.88,20705
2026-07-22 09:38:00,639.83,639.88,637.42,637.82,32299
2026-07-22 09:39:00,637.93,638.15,634.88,635.38,62644
2026-07-22 09:40:00,635.39,635.51,632.265,633.48,64967
2026-07-22 09:41:00,633.52,634.9298,633.05,634.585,62068
2026-07-22 09:42:00,634.69,635.28,633.79,634.52,40981
2026-07-22 09:43:00,634.42,634.92,633.6,634.23,28904
2026-07-22 09:44:00,634.2,635.3496,634.04,634.93,18218
2026-07-22 09:45:00,634.92,636.2799,634.92,635.55,31442
2026-07-22 09:46:00,635.42,636.57,634.44,635.065,29156
2026-07-22 09:47:00,634.9,634.965,634.07,634.18,19029
2026-07-22 09:48:00,634.25,634.73,633.6,633.6,29106
2026-07-22 09:49:00,633.52,633.74,632.59,633.62,30728
2026-07-22 09:50:00,633.62,633.75,632.8,632.93,20893
2026-07-22 09:51:00,632.93,633.38,631.6901,631.7,33686
2026-07-22 09:52:00,631.75,632.61,630.32,630.85,40944
2026-07-22 09:53:00,630.6801,632.9699,630.35,631.79,42762
2026-07-22 09:54:00,631.86,632.63,631.82,632.62,23910
2026-07-22 09:55:00,632.49,633.3099,632.49,633.185,35812
2026-07-22 09:56:00,633.185,633.3,631.58,632.025,32360
2026-07-22 09:57:00,632.03,632.65,632,632.5,31775
2026-07-22 09:58:00,632.39,633.96,632.39,633.715,21697
2026-07-22 09:59:00,633.725,634.03,632.305,633.27,25614
2026-07-22 10:00:00,633.21,633.7199,632.66,633.33,28502
2026-07-22 10:01:00,633.51,634.59,633.33,634.26,32721
2026-07-22 10:02:00,634.36,634.5,633.72,634.28,29038
2026-07-22 10:03:00,634.32,634.8,633.81,633.92,25666
2026-07-22 10:04:00,634.035,635.68,634.02,635.57,23866
2026-07-22 10:05:00,635.57,636.48,635.4,635.435,31758
2026-07-22 10:06:00,635.56,635.725,634.47,634.5,19290
2026-07-22 10:07:00,634.47,634.895,633.67,634.75,20054
2026-07-22 10:08:00,634.75,635.13,634.43,634.52,19963
2026-07-22 10:09:00,634.54,634.64,634.05,634.5,7456
2026-07-22 10:10:00,634.6,634.8,634.29,634.375,5680
2026-07-22 10:11:00,634.51,634.67,634.0201,634.2,5417
2026-07-22 10:12:00,634.066,634.505,633.74,633.94,14693
2026-07-22 10:13:00,633.74,633.9,633,633.05,17121
2026-07-22 10:14:00,633.04,633.239,632.11,632.27,17472
2026-07-22 10:15:00,632.27,632.78,632,632.5685,17468
2026-07-22 10:16:00,632.64,632.78,632,632.02,12298
2026-07-22 10:17:00,632,632.372,629.49,629.87,127125
2026-07-22 10:18:00,630.02,630.7,629.73,630.14,25889
2026-07-22 10:19:00,630.13,630.36,629.83,629.83,23132
2026-07-22 10:20:00,630.03,630.2,629.33,629.95,49591
2026-07-22 10:21:00,629.84,630.05,629.46,629.5106,13521
2026-07-22 10:22:00,629.42,629.64,628.8,628.875,36447
2026-07-22 10:23:00,628.9395,629.5675,628.09,629.43,30015
2026-07-22 10:24:00,629.4,630.19,629.4,629.94,29348
2026-07-22 10:25:00,629.94,630.36,629.8,630.0796,19080
2026-07-22 10:26:00,630.145,630.3,629.39,629.4174,14445
2026-07-22 10:27:00,629.34,629.49,629.05,629.1601,7863
2026-07-22 10:28:00,629.24,629.82,629.195,629.37,14620
2026-07-22 10:29:00,629.37,629.9,629.22,629.8986,9771
2026-07-22 10:30:00,629.7,629.83,629.31,629.55,10285
2026-07-22 10:31:00,629.575,630.18,629.4801,630.05,11909
2026-07-22 10:32:00,630.11,630.44,630.11,630.37,19976
2026-07-22 10:33:00,630.37,630.8,630.03,630.13,36843
2026-07-22 10:34:00,630.3,630.669,629.865,630.21,12574
2026-07-22 10:35:00,630.16,630.72,629.7,630.665,11089
2026-07-22 10:36:00,630.5905,631.6,630.4736,631.21,20307
2026-07-22 10:37:00,631.07,631.17,630.0201,630.3418,12598
2026-07-22 10:38:00,630.185,630.5197,629.75,629.9784,14959
2026-07-22 10:39:00,630.005,630.39,629.64,629.88,19158
2026-07-22 10:40:00,630.03,630.12,629.81,630.035,6878
2026-07-22 10:41:00,629.81,630,629.33,629.37,11160
2026-07-22 10:42:00,629.41,629.525,628.8978,629.34,24150
2026-07-22 10:43:00,629.38,629.89,629.33,629.67,18694
2026-07-22 10:44:00,629.67,629.85,629.46,629.46,9671
2026-07-22 10:45:00,629.44,629.6599,629.0692,629.36,10772
2026-07-22 10:46:00,629.61,630,629.41,629.85,8316
2026-07-22 10:47:00,629.835,629.9599,629.405,629.6,11073
2026-07-22 10:48:00,629.615,629.81,629.17,629.32,11261
2026-07-22 10:49:00,629.32,629.57,628.9,629.57,21463
2026-07-22 10:50:00,629.7,629.86,629.4,629.77,5907
2026-07-22 10:51:00,629.75,629.86,629.3874,629.76,11579
2026-07-22 10:52:00,629.88,630.6,629.79,630.05,14778
2026-07-22 10:53:00,630.04,630.48,629.56,629.88,15239
2026-07-22 10:54:00,629.79,630,629.52,629.52,14780
2026-07-22 10:55:00,629.57,629.645,629.12,629.34,8867
2026-07-22 10:56:00,629.415,629.78,629.0201,629.39,19923
2026-07-22 10:57:00,629.41,629.71,628.86,629.51,46104
2026-07-22 10:58:00,629.505,630.02,629.4,629.95,22096
2026-07-22 10:59:00,630.015,630.0999,629.51,629.68,17293
2026-07-22 11:00:00,629.57,630,629.19,629.27,19041
2026-07-22 11:01:00,629.11,629.31,628.74,629.17,53160
2026-07-22 11:02:00,629.18,629.22,628.82,629.08,10647
2026-07-22 11:03:00,629.005,629.25,628.69,629.125,26128
2026-07-22 11:04:00,629.26,629.39,629.05,629.05,8175
2026-07-22 11:05:00,629.13,629.38,628.65,629.04,10865
2026-07-22 11:06:00,628.965,628.965,628.65,628.87,7167
2026-07-22 11:07:00,628.76,628.9,628.57,628.72,8823
2026-07-22 11:08:00,628.74,628.74,628.02,628.335,28787
2026-07-22 11:09:00,628.335,628.83,628.33,628.43,17576
2026-07-22 11:10:00,628.36,629.17,628.36,629.115,15939
2026-07-22 11:11:00,629.05,629.23,627.8,628.165,34964
2026-07-22 11:12:00,628.16,628.32,627.94,628.12,20045
2026-07-22 11:13:00,628.09,628.38,627.99,628.35,17279
2026-07-22 11:14:00,628.345,628.71,628.1,628.16,17904
2026-07-22 11:15:00,628.07,628.36,628,628.17,11232
2026-07-22 11:16:00,628.17,628.3495,627.96,628.15,22930
2026-07-22 11:17:00,628.1,628.51,628,628.24,21367
2026-07-22 11:18:00,628.14,628.36,628,628.11,12304
2026-07-22 11:19:00,628.11,628.52,628.085,628.505,4711
2026-07-22 11:20:00,628.58,629.5,628.28,629.5,10388
2026-07-22 11:21:00,629.46,629.5999,628.11,628.305,23693
2026-07-22 11:22:00,628.11,628.83,627.931,628.83,21103
2026-07-22 11:23:00,628.685,629.3,628.68,629.15,18394
2026-07-22 11:24:00,629.155,629.4,628.95,629.31,22966
2026-07-22 11:25:00,629.24,629.43,628.885,629.26,12580
2026-07-22 11:26:00,629.19,629.5,629.19,629.21,12973
2026-07-22 11:27:00,629.2528,629.3999,629.03,629.365,15913
2026-07-22 11:28:00,629.3,629.72,629.3,629.52,17449
2026-07-22 11:29:00,629.42,629.8,629.32,629.64,23621
2026-07-22 11:30:00,629.64,629.83,629.3,629.64,15570
2026-07-22 11:31:00,629.5927,629.83,629.3501,629.475,10198
2026-07-22 11:32:00,629.4239,629.705,629.33,629.405,16854
2026-07-22 11:33:00,629.5,629.63,629.0304,629.13,17625
2026-07-22 11:34:00,629.02,629.135,628.55,629.04,12370
2026-07-22 11:35:00,628.92,629.04,628.63,628.67,11448
2026-07-22 11:36:00,628.655,629.0526,628.525,628.92,13851
2026-07-22 11:37:00,628.78,629.69,628.67,629.5507,19121
2026-07-22 11:38:00,629.715,630.25,629.5,629.855,18509
2026-07-22 11:39:00,629.855,629.9499,629.56,629.7,4663
2026-07-22 11:40:00,629.71,630.5,629.52,630.3901,17033
2026-07-22 11:41:00,630.445,630.55,629.95,629.95,11899
2026-07-22 11:42:00,630.26,630.5396,630.0963,630.13,15696
2026-07-22 11:43:00,630.105,630.105,629.8005,629.87,3761
2026-07-22 11:44:00,630.05,630.24,629.59,630.155,12948
2026-07-22 11:45:00,630.29,630.96,630.25,630.83,14104
2026-07-22 11:46:00,630.9,630.9,630.18,630.355,9079
2026-07-22 11:47:00,630.4674,630.9,630.27,630.43,15845
2026-07-22 11:48:00,630.51,630.66,630.0005,630.17,14531
2026-07-22 11:49:00,630.17,630.24,629.835,630.11,11176
2026-07-22 11:50:00,630.19,630.4399,630.18,630.26,7733
2026-07-22 11:51:00,630.265,630.6,630.17,630.52,9792
2026-07-22 11:52:00,630.52,630.53,630,630.115,13400
2026-07-22 11:53:00,630.1,630.3547,630.01,630.26,9133
2026-07-22 11:54:00,630.3396,630.5,629.14,629.21,34129
2026-07-22 11:55:00,629.14,629.6526,628.74,629.6,22930
2026-07-22 11:56:00,629.37,629.57,629.08,629.5,9695
2026-07-22 11:57:00,629.52,629.55,628.84,628.9912,13908
2026-07-22 11:58:00,628.99,629.37,628.99,629.25,6325
2026-07-22 11:59:00,629.25,629.25,628.59,628.95,8829
2026-07-22 12:00:00,628.82,629.06,628.63,628.815,6207
2026-07-22 12:01:00,628.805,629.015,628.3,628.535,22463
2026-07-22 12:02:00,628.53,628.72,628.32,628.47,9876
2026-07-22 12:03:00,628.675,628.675,628.33,628.5591,8514
2026-07-22 12:04:00,628.53,628.67,628.32,628.625,10685
2026-07-22 12:05:00,628.625,628.73,628.13,628.67,8751
2026-07-22 12:06:00,628.72,628.77,628.535,628.7024,5305
2026-07-22 12:07:00,628.7697,629.04,628.6,628.95,5016
2026-07-22 12:08:00,628.9,629.05,628.7,628.79,7472
2026-07-22 12:09:00,628.78,629.24,628.71,629.24,12262
2026-07-22 12:10:00,629.24,629.99,629.055,629.9726,24975
2026-07-22 12:11:00,629.92,630.22,629.71,630.11,15948
2026-07-22 12:12:00,630.16,630.35,629.9566,630.092,12965
2026-07-22 12:13:00,629.9,630.19,629.85,630.08,5292
2026-07-22 12:14:00,630.08,630.38,629.84,629.89,7547
2026-07-22 12:15:00,629.96,630.04,629.6,629.615,6577
2026-07-22 12:16:00,629.615,629.87,629.53,629.735,5260
2026-07-22 12:17:00,629.6,629.83,629.44,629.44,3957
2026-07-22 12:18:00,629.44,629.4591,628.9,629.02,10746
2026-07-22 12:19:00,629.16,629.3,628.89,629.205,5083
2026-07-22 12:20:00,629.08,629.21,628.88,629.21,7365
2026-07-22 12:21:00,629.27,629.41,629.13,629.21,3295
2026-07-22 12:22:00,629.32,629.87,629.29,629.68,5282
2026-07-22 12:23:00,629.69,629.8099,629.58,629.8,5102
2026-07-22 12:24:00,629.6648,629.8,628.89,629.6173,10310
2026-07-22 12:25:00,629.5,629.78,629.2604,629.665,5502
2026-07-22 12:26:00,629.52,629.6,629.1,629.365,5377
2026-07-22 12:27:00,629.36,629.365,628.9,629.1255,5759
2026-07-22 12:28:00,628.91,629.36,628.91,629.36,6277
2026-07-22 12:29:00,629.355,629.6198,629.11,629.255,3460
2026-07-22 12:30:00,629.255,629.38,628.91,629.02,3266
2026-07-22 12:31:00,629.12,629.1626,628.89,629.11,3868
2026-07-22 12:32:00,628.9728,629.1,628.84,628.84,5283
2026-07-22 12:33:00,628.98,629.1,628.8,628.99,18788
2026-07-22 12:34:00,628.99,629.285,628.9108,629.14,8014
2026-07-22 12:35:00,629.22,629.3,628.69,628.9,9194
2026-07-22 12:36:00,628.8,629,628.7201,628.86,3559
2026-07-22 12:37:00,628.8,628.83,628.316,628.515,18020
2026-07-22 12:38:00,628.515,628.595,628.165,628.53,22880
2026-07-22 12:39:00,628.53,629.25,628.53,629.25,10856
2026-07-22 12:40:00,629.25,629.27,628.61,628.81,12391
2026-07-22 12:41:00,628.87,629.08,628.76,628.98,3997
2026-07-22 12:42:00,629,629.18,628.83,629.105,8238
2026-07-22 12:43:00,629.03,629.15,628.7,628.97,4060
2026-07-22 12:44:00,628.97,629.2899,628.885,629.185,4731
2026-07-22 12:45:00,629.26,629.68,629.06,629.65,7570
2026-07-22 12:46:00,629.5284,630,629.5,629.8426,12451
2026-07-22 12:47:00,629.865,629.95,629.66,629.8,4921
2026-07-22 12:48:00,629.68,629.92,629.36,629.51,4090
2026-07-22 12:49:00,629.51,629.69,629.3601,629.525,5142
2026-07-22 12:50:00,629.59,629.93,629.4801,629.78,7042
2026-07-22 12:51:00,629.77,629.96,629.55,629.63,6972
2026-07-22 12:52:00,629.63,629.97,629.5301,629.96,3180
2026-07-22 12:53:00,629.959,629.99,629.5,629.5,3797
2026-07-22 12:54:00,629.52,629.59,629.08,629.0901,4810
2026-07-22 12:55:00,629.215,629.62,629.05,629.5675,5236
2026-07-22 12:56:00,629.63,630,629.555,629.7444,10349
2026-07-22 12:57:00,629.85,629.9,629.59,629.8978,6179
2026-07-22 12:58:00,629.775,629.94,629.65,629.855,4347
2026-07-22 12:59:00,629.93,630.25,629.75,630.16,7372
2026-07-22 13:00:00,630.1355,630.24,629.91,629.945,11967
2026-07-22 13:01:00,629.9074,630.01,629.68,629.7373,8072
2026-07-22 13:02:00,629.845,629.91,629.64,629.765,5876
2026-07-22 13:03:00,629.83,629.85,629.53,629.65,4958
2026-07-22 13:04:00,629.6314,629.75,629.04,629.19,6892
2026-07-22 13:05:00,629.18,629.62,629.175,629.46,6751
2026-07-22 13:06:00,629.55,630.09,629.48,629.96,12989
2026-07-22 13:07:00,629.8001,630.5,629.8001,630.35,7213
2026-07-22 13:08:00,630.325,630.43,630.01,630.19,3914
2026-07-22 13:09:00,630.195,630.7,630.1,630.175,4568
2026-07-22 13:10:00,630.26,630.298,629.89,630.095,6857
2026-07-22 13:11:00,630.0283,630.51,630.0283,630.2,4204
2026-07-22 13:12:00,630.2,630.34,630,630.23,3168
2026-07-22 13:13:00,630.11,630.305,629.95,630.04,6325
2026-07-22 13:14:00,630.035,630.36,629.94,630.36,4141
2026-07-22 13:15:00,630.275,630.43,630.02,630.02,8184
2026-07-22 13:16:00,630.11,630.32,629.92,630.04,6425
2026-07-22 13:17:00,630.03,630.14,629.72,629.93,7026
2026-07-22 13:18:00,629.835,630.11,629.74,629.84,7336
2026-07-22 13:19:00,629.84,630.05,629.52,629.5575,9450
2026-07-22 13:20:00,629.5,629.56,629.1,629.1104,12900
2026-07-22 13:21:00,629.11,629.24,628.77,628.965,18819
2026-07-22 13:22:00,628.88,629.1,628.5,628.92,13799
2026-07-22 13:23:00,629.02,629.54,629.02,629.24,4695
2026-07-22 13:24:00,629.23,629.4,628.41,628.77,19592
2026-07-22 13:25:00,628.77,628.84,628.52,628.78,9444
2026-07-22 13:26:00,628.79,628.9,628.41,628.74,8416
2026-07-22 13:27:00,628.605,628.78,628.55,628.68,4151
2026-07-22 13:28:00,628.61,628.88,628.55,628.685,4738
2026-07-22 13:29:00,628.63,628.6901,628.11,628.2,11342
2026-07-22 13:30:00,628.2,628.29,627.85,628,23460
2026-07-22 13:31:00,628,628.32,627.67,627.83,25745
2026-07-22 13:32:00,627.899,627.92,627.5,627.73,15712
2026-07-22 13:33:00,627.725,627.91,627.65,627.735,21293
2026-07-22 13:34:00,627.73,627.79,627.23,627.23,15149
2026-07-22 13:35:00,627.25,627.52,627.17,627.339,9593
2026-07-22 13:36:00,627.29,627.34,627.07,627.33,13064
2026-07-22 13:37:00,627.235,627.44,627.14,627.405,7896
2026-07-22 13:38:00,627.44,627.63,627.3,627.3,6050
2026-07-22 13:39:00,627.46,627.66,627.3,627.66,7850
2026-07-22 13:40:00,627.52,627.73,627.26,627.72,4321
2026-07-22 13:41:00,627.6,627.6842,627.07,627.2201,9053
2026-07-22 13:42:00,627.32,627.465,627.15,627.15,7893
2026-07-22 13:43:00,627.3,627.39,627.07,627.15,5200
2026-07-22 13:44:00,627.24,627.28,627.05,627.195,2523
2026-07-22 13:45:00,627.11,627.5,627,627.44,20863
2026-07-22 13:46:00,627.38,627.52,627.34,627.39,4745
2026-07-22 13:47:00,627.515,627.525,627.0301,627.165,8054
2026-07-22 13:48:00,627.165,627.49,627.1164,627.4,3430
2026-07-22 13:49:00,627.405,627.48,626.9,627.18,6616
2026-07-22 13:50:00,627.14,627.14,626.85,626.94,9927
2026-07-22 13:51:00,626.85,627.0099,626.72,626.78,9566
2026-07-22 13:52:00,626.8167,626.9895,626.58,626.58,6638
2026-07-22 13:53:00,626.68,626.77,626.5,626.5251,12628
2026-07-22 13:54:00,626.55,626.62,626.09,626.11,12707
2026-07-22 13:55:00,626.22,626.22,625.55,625.7,39375
2026-07-22 13:56:00,625.84,625.92,625.25,625.315,12080
2026-07-22 13:57:00,625.31,625.5,625.0401,625.45,14240
2026-07-22 13:58:00,625.49,625.49,625.212,625.39,5879
2026-07-22 13:59:00,625.42,625.5,625.11,625.5,7089
2026-07-22 14:00:00,625.53,625.62,625.34,625.56,9055
2026-07-22 14:01:00,625.57,625.58,625.1104,625.24,8656
2026-07-22 14:02:00,625.24,625.61,625.14,625.6,6278
2026-07-22 14:03:00,625.555,626.6099,625.555,626.1,18740
2026-07-22 14:04:00,626.1786,626.52,625.94,626.23,36994
2026-07-22 14:05:00,626.34,626.78,626.34,626.55,16124
2026-07-22 14:06:00,626.56,626.62,626.1701,626.62,12981
2026-07-22 14:07:00,626.52,626.71,626.25,626.62,8434
2026-07-22 14:08:00,626.625,626.66,626.22,626.52,6086
2026-07-22 14:09:00,626.4948,626.53,626,626.35,11421
2026-07-22 14:10:00,626.17,626.45,625.91,626.39,8719
2026-07-22 14:11:00,626.45,626.6,626.3001,626.49,5914
2026-07-22 14:12:00,626.395,626.49,626.15,626.25,5889
2026-07-22 14:13:00,626.25,626.42,626.1501,626.265,10450
2026-07-22 14:14:00,626.38,626.39,626.09,626.09,4783
2026-07-22 14:15:00,626.09,626.12,625.86,625.9,2641
2026-07-22 14:16:00,625.91,626.2,625.9,625.9,11336
2026-07-22 14:17:00,625.9,625.91,625.6,625.75,3930
2026-07-22 14:18:00,625.7694,626.14,625.7,626.0203,7809
2026-07-22 14:19:00,625.9801,626.21,625.95,626.21,8063
2026-07-22 14:20:00,626.15,626.4081,626.15,626.28,4087
2026-07-22 14:21:00,626.28,626.42,626.23,626.23,6739
2026-07-22 14:22:00,626.3375,626.3999,626.02,626.035,2873
2026-07-22 14:23:00,626.11,626.3099,626.0001,626.165,5445
2026-07-22 14:24:00,626.23,626.31,625.92,625.97,7152
2026-07-22 14:25:00,625.97,626.15,625.91,626.105,3703
2026-07-22 14:26:00,626.105,626.51,626.0707,626.3501,9301
2026-07-22 14:27:00,626.445,626.76,626.3124,626.7,7669
2026-07-22 14:28:00,626.7,626.8999,626.65,626.7776,9575
2026-07-22 14:29:00,626.77,626.86,626.6,626.6,14709
2026-07-22 14:30:00,626.6,626.63,626.31,626.5,10300
2026-07-22 14:31:00,626.5,626.64,626.46,626.525,6502
2026-07-22 14:32:00,626.525,626.525,626.02,626.075,10051
2026-07-22 14:33:00,626.07,626.16,625.58,625.64,23796
2026-07-22 14:34:00,625.64,626.075,625.5,625.915,18688
2026-07-22 14:35:00,625.76,626.25,625.75,626.07,21119
2026-07-22 14:36:00,625.93,626.4,625.7301,626.4,17201
2026-07-22 14:37:00,626.44,626.46,626.26,626.33,3614
2026-07-22 14:38:00,626.33,626.33,625.7,625.925,8238
2026-07-22 14:39:00,626.02,626.1198,625.78,626.11,8624
2026-07-22 14:40:00,626.02,626.1099,625.93,626.015,3799
2026-07-22 14:41:00,626.02,626.18,625.92,626.105,4160
2026-07-22 14:42:00,626.105,626.2595,625.85,626.035,13378
2026-07-22 14:43:00,626.06,626.06,625.74,625.8,4781
2026-07-22 14:44:00,625.805,625.8616,625.7,625.775,3849
2026-07-22 14:45:00,625.77,626.12,625.74,626.0781,2851
2026-07-22 14:46:00,626.11,626.25,625.97,626.1865,3329
2026-07-22 14:47:00,626.155,626.26,625.9001,626.06,1650
2026-07-22 14:48:00,626.11,626.37,625.9876,626.1,7226
2026-07-22 14:49:00,626.0934,626.3,625.98,626.29,5733
2026-07-22 14:50:00,626.245,626.4,625.68,625.77,9312
2026-07-22 14:51:00,625.81,625.95,625.68,625.7,6364
2026-07-22 14:52:00,625.775,625.8,625.565,625.705,6574
2026-07-22 14:53:00,625.78,626.11,625.755,626.075,4170
2026-07-22 14:54:00,626.025,626.54,626,626.44,12412
2026-07-22 14:55:00,626.4,626.64,626.19,626.43,9306
2026-07-22 14:56:00,626.43,626.64,626.18,626.34,7632
2026-07-22 14:57:00,626.24,626.55,626.24,626.48,3919
2026-07-22 14:58:00,626.48,626.5059,626.15,626.15,6982
2026-07-22 14:59:00,626.16,626.46,626.1,626.455,6801
2026-07-22 15:00:00,626.45,626.5,626.3,626.365,3867
2026-07-22 15:01:00,626.2328,626.5,625.94,626.07,7936
2026-07-22 15:02:00,625.97,626.23,625.9601,626.14,5676
2026-07-22 15:03:00,626.04,626.5,626.04,626.44,7059
2026-07-22 15:04:00,626.49,626.9298,626.49,626.71,15978
2026-07-22 15:05:00,626.7311,627.2899,626.64,627.195,10306
2026-07-22 15:06:00,627.195,627.805,627.17,627.68,29087
2026-07-22 15:07:00,627.61,627.84,627.56,627.77,11460
2026-07-22 15:08:00,627.756,627.95,627.0901,627.0901,20754
2026-07-22 15:09:00,627.26,627.4,627.08,627.3,16596
2026-07-22 15:10:00,627.305,627.6,627.22,627.415,15040
2026-07-22 15:11:00,627.375,627.42,626.9,626.93,13449
2026-07-22 15:12:00,626.98,627.12,626.8,627.05,8301
2026-07-22 15:13:00,627.005,627.11,626.7,626.74,17445
2026-07-22 15:14:00,626.795,626.97,626.65,626.85,67180
2026-07-22 15:15:00,626.85,627.1499,626.6,626.62,14562
2026-07-22 15:16:00,626.64,626.74,626.16,626.195,13389
2026-07-22 15:17:00,626.18,626.28,626.0201,626.12,5990
2026-07-22 15:18:00,626.12,626.67,626.12,626.44,13222
2026-07-22 15:19:00,626.3428,626.55,626.1801,626.23,25821
2026-07-22 15:20:00,626.27,626.83,626.005,626.39,24091
2026-07-22 15:21:00,626.38,626.57,626.26,626.425,4952
2026-07-22 15:22:00,626.425,626.65,626.19,626.5235,9175
2026-07-22 15:23:00,626.5,626.98,626.5,626.6909,16033
2026-07-22 15:24:00,626.735,627.08,626.735,626.955,7028
2026-07-22 15:25:00,626.925,627.1,626.73,626.895,8017
2026-07-22 15:26:00,627,627.3,626.93,627.09,8814
2026-07-22 15:27:00,627.03,627.49,627,627.45,6446
2026-07-22 15:28:00,627.45,627.55,627.17,627.2162,12311
2026-07-22 15:29:00,627.22,627.33,627.0702,627.195,4592
2026-07-22 15:30:00,627.08,627.2,626.96,627.02,12388
2026-07-22 15:31:00,626.95,627,626.4201,626.69,7573
2026-07-22 15:32:00,626.69,627.12,626.65,626.93,9190
2026-07-22 15:33:00,626.96,627.05,626.72,626.73,15714
2026-07-22 15:34:00,626.705,626.8,626.11,626.26,16964
2026-07-22 15:35:00,626.195,626.205,625.84,625.9225,16749
2026-07-22 15:36:00,625.875,625.92,625.6,625.815,12315
2026-07-22 15:37:00,625.88,625.92,625.41,625.41,16529
2026-07-22 15:38:00,625.505,625.9071,625.3,625.4,14013
2026-07-22 15:39:00,625.251,625.46,625.19,625.265,7462
2026-07-22 15:40:00,625.2776,626,625.15,625.965,15146
2026-07-22 15:41:00,625.965,626.65,625.915,626.65,16833
2026-07-22 15:42:00,626.545,626.66,626.4002,626.515,15031
2026-07-22 15:43:00,626.56,626.6386,626.45,626.57,7428
2026-07-22 15:44:00,626.575,626.81,626.38,626.5,20635
2026-07-22 15:45:00,626.38,626.56,625.3001,625.44,29344
2026-07-22 15:46:00,625.35,625.6,625.01,625.24,26899
2026-07-22 15:47:00,625.36,625.51,625.26,625.37,9575
2026-07-22 15:48:00,625.37,625.435,624.58,624.6101,50198
2026-07-22 15:49:00,624.87,624.89,624,624.31,49407
2026-07-22 15:50:00,624.45,625.37,624.315,624.635,38905
2026-07-22 15:51:00,624.55,625.33,624.43,625.28,35414
2026-07-22 15:52:00,625.2217,625.53,625.06,625.49,30246
2026-07-22 15:53:00,625.5,625.54,624.928,625.19,29679
2026-07-22 15:54:00,625.19,626.25,625,626.11,36601
2026-07-22 15:55:00,626.13,628.19,626.13,628.16,97605
2026-07-22 15:56:00,628.16,628.87,628.06,628.66,68614
2026-07-22 15:57:00,628.66,628.72,628.14,628.255,67582
2026-07-22 15:58:00,628.255,628.3,627.28,627.51,89389
2026-07-22 15:59:00,627.61,627.74,626.94,627.07,198431
2026-07-22 16:00:00,627.06,627.58,627.03,627.17,1317256
2026-07-22 16:01:00,627.48,627.48,626,626.16,3135
2026-07-22 16:02:00,627,629.98,625,629,4214
2026-07-22 16:03:00,629.59,629.79,627.41,628.5,1054
2026-07-22 16:04:00,628.24,628.44,626,626,544
2026-07-22 16:05:00,625.98,627.17,625.01,625.28,1750
2026-07-22 16:06:00,626,626,624,625,2750
2026-07-22 16:07:00,625,625.51,624,625.5,4805
2026-07-22 16:08:00,625.0775,625.5,625.0775,625.46,1439
2026-07-22 16:09:00,625.5,625.5,625.3,625.4999,850
2026-07-22 16:10:00,625.4,625.5,625.1,625.263,1452
2026-07-22 16:11:00,625.35,625.5,625.35,625.5,1828
2026-07-22 16:12:00,625.5,626.09,625.45,625.48,3900
2026-07-22 16:13:00,625.83,626.45,625.7456,625.7456,669
2026-07-22 16:14:00,626.73,627.17,626.04,627.17,1143
2026-07-22 16:15:00,627.41,628,627,627.0414,5809
2026-07-22 16:16:00,626.98,627.77,626.24,626.4,2714
2026-07-22 16:17:00,626.5,626.83,626.5,626.83,3820
2026-07-22 16:18:00,626.75,626.75,626.56,626.56,809
2026-07-22 16:19:00,626.5,626.75,626.5,626.71,772
2026-07-22 16:20:00,626.75,626.75,626,626,986
2026-07-22 16:21:00,626.34,626.34,625.56,625.56,598
2026-07-22 16:22:00,625.94,626,625.8,625.8,1148
2026-07-22 16:23:00,625.9,625.997,625.76,625.76,819
2026-07-22 16:24:00,625.9,625.99,625.662,625.662,266
2026-07-22 16:26:00,625.6,625.72,625.25,625.25,743
2026-07-22 16:27:00,625.11,625.19,624.85,625,1079
2026-07-22 16:28:00,624.84,624.95,624.3234,624.5,416
2026-07-22 16:29:00,624.5458,624.7,624.25,624.25,1601
2026-07-22 16:30:00,624.7,624.7,624.5,624.7,319
2026-07-22 16:31:00,624.531,624.59,624.25,624.25,750
2026-07-22 16:32:00,624.5,624.7,624.25,624.7,679
2026-07-22 16:33:00,624.7,624.7,624.7,624.7,240
2026-07-22 16:34:00,624.5,624.5,624,624,1679
2026-07-22 16:35:00,624.0197,624.07,623.5,623.5,3114
2026-07-22 16:36:00,623.73,623.94,623.73,623.75,700
2026-07-22 16:37:00,623.7496,623.75,623.5,623.75,1002
2026-07-22 16:38:00,623.63,624,623.63,623.75,1302
2026-07-22 16:39:00,624,624,623.75,623.75,690
2026-07-22 16:40:00,623.85,623.85,623.61,623.61,519
2026-07-22 16:41:00,623.62,623.62,623.48,623.5,1064
2026-07-22 16:42:00,623.68,623.9,623.68,623.9,459
2026-07-22 16:43:00,623.6704,624.23,623.6704,624.23,870
2026-07-22 16:44:00,624,624.24,624,624,571
2026-07-22 16:45:00,624,624,623.5,623.688,1837
2026-07-22 16:46:00,623.5,623.5,623.18,623.48,561
2026-07-22 16:47:00,623.3817,623.438,623.1,623.1,709
2026-07-22 16:48:00,623.1,623.1,623.1,623.1,550
2026-07-22 16:49:00,623,623,622.2873,622.52,2383
2026-07-22 16:50:00,622.6,623.2084,622.6,623.2084,160
2026-07-22 16:51:00,623.2448,623.2448,622.7558,622.7558,650
2026-07-22 16:52:00,622.76,623.2,622.76,622.86,1750
2026-07-22 16:53:00,622.76,622.97,622.76,622.97,400
2026-07-22 16:54:00,622.9022,623,622.9022,623,516
2026-07-22 16:55:00,623.2,623.2,623.2,623.2,204
2026-07-22 16:56:00,623.09,623.13,622.75,622.75,550
2026-07-22 16:57:00,622.7058,622.79,622.23,622.2334,1570
2026-07-22 16:58:00,622.48,622.79,622,622.25,1619
2026-07-22 16:59:00,622.83,622.83,621.56,621.97,3023
2026-07-22 17:00:00,621.99,622,620.56,620.72,7202
2026-07-22 17:01:00,620.72,621,619.25,619.25,15515
2026-07-22 17:02:00,619.11,619.93,617.2,617.5,6593
2026-07-22 17:03:00,618.05,619.7629,618.05,619.01,2377
2026-07-22 17:04:00,619.35,619.781,618.8,618.8,1741
2026-07-22 17:05:00,618.8,619.83,618.8,619.83,460
2026-07-22 17:06:00,619,619.76,618.61,618.92,5291
2026-07-22 17:07:00,619,619.4,618.92,619,7448
2026-07-22 17:08:00,618.93,618.93,617.8,618.25,3183
2026-07-22 17:09:00,618.13,618.99,618,618.99,2401
2026-07-22 17:10:00,618.34,618.5,618,618.2877,1283
2026-07-22 17:11:00,618.53,620.5,618.52,620.5,9429
2026-07-22 17:12:00,619.96,619.96,619.33,619.71,245
2026-07-22 17:13:00,619.63,620,619,619,1771
2026-07-22 17:14:00,619.63,619.63,618.4134,618.4134,7203
2026-07-22 17:15:00,618.57,619.86,618,619.29,13220
2026-07-22 17:16:00,619.38,619.58,619.28,619.58,1290
2026-07-22 17:17:00,619.53,620.3255,619.53,619.65,3025
2026-07-22 17:18:00,619.53,619.53,619.33,619.42,1333
2026-07-22 17:19:00,619.1634,619.6,619.01,619.41,1092
2026-07-22 17:20:00,619.61,619.9,619.01,619.01,1502
2026-07-22 17:21:00,619.37,619.37,618.15,618.7887,8898
2026-07-22 17:22:00,619,619,618.75,618.75,1608
2026-07-22 17:23:00,618.75,619.3,618.26,618.4849,10005
2026-07-22 17:24:00,618.25,618.5,618,618.25,1365
2026-07-22 17:25:00,618.325,618.75,618.26,618.7,1982
2026-07-22 17:26:00,618.57,618.75,618.5,618.5,1812
2026-07-22 17:27:00,618.3,618.5,618,618,1831
2026-07-22 17:28:00,618.11,618.49,618.11,618.33,2505
2026-07-22 17:29:00,618.2,618.2,617.07,617.07,4574
2026-07-22 17:30:00,617.01,618.25,617.01,617.5,1476
2026-07-22 17:31:00,618.45,618.5,618.1,618.1,1632
2026-07-22 17:32:00,618.15,619,618.15,618.9027,1457
2026-07-22 17:33:00,618.6,619,618.6,619,560
2026-07-22 17:34:00,619,619,619,619,540
2026-07-22 17:35:00,618.5905,618.72,618.5,618.5,615
2026-07-22 17:36:00,618.61,618.61,617.4527,618.07,1445
2026-07-22 17:37:00,618.1225,618.5,618.12,618.12,375
2026-07-22 17:38:00,618.85,618.85,618.84,618.84,180
2026-07-22 17:39:00,618.84,619,618.84,619,419
2026-07-22 17:40:00,619.45,619.45,619.2,619.2,786
2026-07-22 17:41:00,619,619,619,619,95
2026-07-22 17:42:00,619,619,618.76,618.86,681
2026-07-22 17:43:00,618.8645,618.8645,618.34,618.34,357
2026-07-22 17:44:00,618.5,618.68,618,618,1132
2026-07-22 17:45:00,618.03,618.07,617.98,618,300
2026-07-22 17:46:00,617.9354,618.1,617.7,618.1,862
2026-07-22 17:47:00,617.9,617.9,617.9,617.9,40
2026-07-22 17:48:00,618.42,618.45,618,618.03,1035
2026-07-22 17:49:00,618.47,618.47,618.0814,618.0814,836
2026-07-22 17:50:00,618.5,618.5,618.3224,618.5,265
2026-07-22 17:52:00,618.4721,618.48,618.463,618.48,148
2026-07-22 17:53:00,618.5,618.5,618.4746,618.4915,1231
2026-07-22 17:54:00,618.5,618.51,618.46,618.46,1706
2026-07-22 17:55:00,618.5,619,618.5,618.85,1053
2026-07-22 17:56:00,619,619,618.8001,619,493
2026-07-22 17:57:00,618.5,618.5,618.5,618.5,40
2026-07-22 17:58:00,619,619.97,619,619.97,665
2026-07-22 17:59:00,619.3,619.97,619.3,619.3,929
2026-07-22 18:00:00,620,620.43,619.93,620.41,1076
2026-07-22 18:01:00,619.76,620.5,619.15,620,2542
2026-07-22 18:02:00,619.02,619.15,619.02,619.15,166
2026-07-22 18:03:00,619.12,619.52,619.12,619.45,290
2026-07-22 18:04:00,619,619.3412,619,619,557
2026-07-22 18:05:00,619.01,619.01,618.68,618.7,1314
2026-07-22 18:06:00,618.51,618.51,618.37,618.51,1056
2026-07-22 18:07:00,618.93,619.425,618.93,619.425,1700
2026-07-22 18:08:00,619,619,619,619,75
2026-07-22 18:09:00,619.0682,619.0682,618.61,618.98,493
2026-07-22 18:10:00,618.53,619,618.5,618.99,2504
2026-07-22 18:11:00,618.7,618.7,618.7,618.7,175
2026-07-22 18:12:00,619,619.11,618.73,619.11,456
2026-07-22 18:13:00,619.11,619.11,618.99,619.02,1100
2026-07-22 18:14:00,619.14,619.94,619.14,619.67,231
2026-07-22 18:15:00,619.11,619.67,619.11,619.33,200
2026-07-22 18:16:00,619.65,619.65,619.05,619.48,150
2026-07-22 18:17:00,619.34,619.4,618.8744,619.12,298
2026-07-22 18:18:00,619.39,619.44,618.75,618.75,669
2026-07-22 18:20:00,619.5613,619.5613,619.5131,619.5131,310
2026-07-22 18:22:00,619.4,619.48,619.25,619.25,260
2026-07-22 18:23:00,619.3,619.46,619.3,619.46,794
2026-07-22 18:24:00,619.07,619.49,619.0661,619.49,533
2026-07-22 18:25:00,619.24,619.24,619.24,619.24,50
2026-07-22 18:26:00,619.41,619.41,619,619,200
2026-07-22 18:28:00,619,619.07,619,619,1789
2026-07-22 18:29:00,619.608,619.608,619.608,619.608,50
2026-07-22 18:30:00,619,619.5495,619,619.15,450
2026-07-22 18:31:00,619.16,619.22,619.16,619.22,157
2026-07-22 18:32:00,619.11,619.95,619.11,619.95,1566
2026-07-22 18:34:00,619.95,619.95,619.03,619.03,3589
2026-07-22 18:35:00,619.8281,619.8281,619.5,619.5,141
2026-07-22 18:36:00,619.39,619.39,619.39,619.39,110
2026-07-22 18:37:00,619.77,619.77,619.1,619.61,192
2026-07-22 18:38:00,619.24,619.24,618.66,618.66,495
2026-07-22 18:40:00,618.5269,618.5269,618.4688,618.4688,170
2026-07-22 18:41:00,618.6,618.98,618.6,618.98,1799
2026-07-22 18:42:00,618.6,619,618.6,619,367
2026-07-22 18:43:00,618.99,619,618.662,619,1275
2026-07-22 18:44:00,618.6,618.6,618.6,618.6,100
2026-07-22 18:45:00,619,619,618.9999,619,230
2026-07-22 18:46:00,618.99,618.99,618.8333,618.8333,170
2026-07-22 18:47:00,619,619,618.904,619,220
2026-07-22 18:48:00,619.32,619.32,619.07,619.07,150
2026-07-22 18:49:00,619.29,619.75,619.29,619.75,152
2026-07-22 18:51:00,619.91,620,619.91,620,872
2026-07-22 18:52:00,620,620,619.0366,619.0366,600
2026-07-22 18:54:00,620,620,620,620,80
2026-07-22 18:55:00,620,620,620,620,86
2026-07-22 18:56:00,620.19,620.5,620.19,620.5,140
2026-07-22 18:57:00,620.9981,620.9981,620.89,620.89,2099
2026-07-22 18:58:00,621,621,620.82,620.82,304
2026-07-22 18:59:00,620.1433,620.54,620.1433,620.54,900
2026-07-22 19:00:00,620.8604,620.8604,620.8604,620.8604,100
2026-07-22 19:01:00,620.39,620.43,620.3,620.43,600
2026-07-22 19:02:00,620.71,620.97,620.54,620.97,186
2026-07-22 19:04:00,621,621,621,621,100
2026-07-22 19:05:00,620.4,620.4,620.1029,620.11,1980
2026-07-22 19:06:00,620.2,620.2,620.2,620.2,41
2026-07-22 19:07:00,620.55,620.55,620.44,620.47,276
2026-07-22 19:08:00,620.3,620.32,620.3,620.32,143
2026-07-22 19:09:00,620.5,620.5,620.5,620.5,100
2026-07-22 19:10:00,620.46,620.6499,620.16,620.54,300
2026-07-22 19:11:00,620.14,620.27,620.1275,620.27,200
2026-07-22 19:12:00,620.63,620.63,620.28,620.39,282
2026-07-22 19:13:00,620.77,620.77,620.77,620.77,49
2026-07-22 19:14:00,620.65,620.65,620.65,620.65,55
2026-07-22 19:15:00,620.85,620.85,620.3,620.85,209
2026-07-22 19:16:00,620.54,620.54,620,620,1042
2026-07-22 19:19:00,619.39,619.47,619.39,619.47,80
2026-07-22 19:20:00,619.28,619.28,618.4485,618.4485,1058
2026-07-22 19:21:00,618.6952,618.9767,618.69,618.9767,1664
2026-07-22 19:22:00,618.75,618.84,618.75,618.79,159
2026-07-22 19:25:00,619,619,619,619,80
2026-07-22 19:27:00,619,619.474,619,619.474,200
2026-07-22 19:28:00,619,619.5,619,619.25,435
2026-07-22 19:29:00,619.49,619.49,619.38,619.38,165
2026-07-22 19:31:00,619.4,619.5,619.2558,619.5,170
2026-07-22 19:33:00,619.49,619.49,619.49,619.49,50
2026-07-22 19:36:00,619.38,619.39,619.18,619.32,337
2026-07-22 19:37:00,619.3,619.3,619.3,619.3,400
2026-07-22 19:38:00,619.37,619.49,619.18,619.48,1302
2026-07-22 19:39:00,619.1369,619.48,619.1369,619.19,1098
2026-07-22 19:40:00,619.25,619.49,619.228,619.49,190
2026-07-22 19:41:00,619.3429,619.46,619.3,619.43,700
2026-07-22 19:42:00,619.2004,619.25,619.1993,619.25,675
2026-07-22 19:43:00,619.23,619.23,619.11,619.11,3101
2026-07-22 19:44:00,619,619.0001,618.99,618.99,282
2026-07-22 19:45:00,619.18,619.18,619.18,619.18,332
2026-07-22 19:46:00,619.01,619.5,619,619.44,2385
2026-07-22 19:47:00,619.4388,619.48,619.4388,619.48,110
2026-07-22 19:48:00,619.39,619.39,619.39,619.39,50
2026-07-22 19:49:00,619.5,619.5,619.4,619.5,1169
2026-07-22 19:50:00,619.5,619.5,618.84,618.84,140
2026-07-22 19:51:00,619.3132,619.4,619.3132,619.4,98
2026-07-22 19:52:00,619.5,619.5,619.5,619.5,90
2026-07-22 19:54:00,619.4,619.5,619.4,619.4082,731
2026-07-22 19:55:00,619.4,619.4,619.3,619.3,1229
2026-07-22 19:56:00,619.3,619.3,618.92,619.0208,1299
2026-07-22 19:57:00,619.3,619.3,619.3,619.3,690
2026-07-22 19:58:00,619.5,619.8,619.31,619.8,259
2026-07-22 19:59:00,620,620,619.61,619.6314,297
2026-07-23 04:00:00,619.99,620.9,619.35,619.73,1038
2026-07-23 04:01:00,619.63,621.09,618.68,620.52,4389
2026-07-23 04:02:00,620.5,620.9,617.3,619.71,8620
2026-07-23 04:03:00,618.0,618.52,618.0,618.02,719
2026-07-23 04:04:00,618.02,618.06,618.02,618.06,100
2026-07-23 04:05:00,618.23,618.58,618.23,618.58,184
2026-07-23 04:08:00,618.06,618.06,617.79,617.79,501
2026-07-23 04:09:00,617.94,618.21,617.72,617.84,200
2026-07-23 04:11:00,617.5,617.5,617.5,617.5,330
2026-07-23 04:14:00,617.0,617.07,616.8,616.99,1517
2026-07-23 04:15:00,617.09,617.09,616.8,616.8,237
2026-07-23 04:16:00,617.59,617.59,617.59,617.59,50
2026-07-23 04:17:00,617.18,617.18,617.18,617.18,60
2026-07-23 04:19:00,617.58,618.5,617.58,618.0,3085
2026-07-23 04:20:00,617.5,617.5,617.5,617.5,100
2026-07-23 04:21:00,617.88,617.88,617.7,617.7,100
2026-07-23 04:22:00,617.7,617.7,617.7,617.7,62
2026-07-23 04:23:00,617.15,617.515,617.15,617.515,370
2026-07-23 04:24:00,617.1905,617.1905,617.1905,617.1905,100
2026-07-23 04:30:00,617.5,617.5,617.5,617.5,1551
2026-07-23 04:31:00,617.5,617.5,617.5,617.5,195
2026-07-23 04:32:00,617.65,617.65,617.65,617.65,50
2026-07-23 04:33:00,617.61,618.0,617.6,618.0,609
2026-07-23 04:34:00,617.77,618.44,617.5,618.06,1377
2026-07-23 04:35:00,618.0,618.4193,618.0,618.4193,746
2026-07-23 04:36:00,618.07,618.38,618.04,618.38,602
2026-07-23 04:37:00,618.05,618.05,618.05,618.05,300
2026-07-23 04:38:00,618.22,618.22,618.22,618.22,460
2026-07-23 04:39:00,617.78,617.78,617.78,617.78,120
2026-07-23 04:49:00,617.56,617.56,617.5,617.5,290
2026-07-23 04:50:00,617.74,617.83,617.74,617.83,110
2026-07-23 04:51:00,617.54,617.54,617.54,617.54,40
2026-07-23 04:52:00,617.73,617.73,617.73,617.73,49
2026-07-23 04:59:00,617.7,617.7,617.7,617.7,310
2026-07-23 05:01:00,617.68,617.68,617.68,617.68,50
2026-07-23 05:03:00,617.68,617.99,617.68,617.99,218
2026-07-23 05:05:00,618.0,618.0,617.8948,617.8948,200
2026-07-23 05:09:00,617.99,617.99,617.99,617.99,50
2026-07-23 05:10:00,617.55,617.55,617.55,617.55,100
2026-07-23 05:12:00,617.94,617.94,617.94,617.94,40
2026-07-23 05:15:00,617.75,617.75,617.75,617.75,60
2026-07-23 05:16:00,617.5,617.5,617.5,617.5,50
2026-07-23 05:17:00,617.5,617.5,617.5,617.5,60
2026-07-23 05:22:00,617.51,617.51,617.51,617.51,57
2026-07-23 05:24:00,617.74,617.74,617.74,617.74,40
2026-07-23 05:26:00,617.45,617.6,617.45,617.6,1657
2026-07-23 05:29:00,617.72,617.85,617.72,617.8,711
2026-07-23 05:31:00,617.8,617.8,617.8,617.8,62
2026-07-23 05:33:00,617.94,617.94,617.94,617.94,47
2026-07-23 05:34:00,617.99,618.0,617.46,617.46,845
2026-07-23 05:35:00,617.5,617.5,617.5,617.5,57
2026-07-23 05:37:00,617.74,617.79,617.74,617.79,100
2026-07-23 05:39:00,617.45,617.46,617.45,617.46,257
2026-07-23 05:42:00,617.45,617.45,617.45,617.45,164
2026-07-23 05:44:00,617.0,617.0,617.0,617.0,100
2026-07-23 05:47:00,617.0,617.0,617.0,617.0,50
2026-07-23 05:49:00,616.91,616.91,616.91,616.91,40
2026-07-23 05:50:00,616.87,616.87,616.74,616.74,80
2026-07-23 05:51:00,616.5,616.5,616.05,616.05,433
2026-07-23 05:52:00,616.1,616.1,616.0,616.0,574
2026-07-23 05:53:00,616.0,616.0,616.0,616.0,45
2026-07-23 05:55:00,615.77,615.83,615.77,615.82,310
2026-07-23 05:59:00,615.8,615.8,615.8,615.8,164
2026-07-23 06:03:00,616.06,616.06,616.06,616.06,50
2026-07-23 06:05:00,616.0,616.0,616.0,616.0,100
2026-07-23 06:12:00,616.74,617.0,616.74,617.0,1249
2026-07-23 06:13:00,616.9,616.9,616.9,616.9,684
2026-07-23 06:16:00,616.8,616.8,616.8,616.8,50
2026-07-23 06:18:00,616.67,616.8,616.67,616.8,260
2026-07-23 06:26:00,617.26,617.26,617.26,617.26,55
2026-07-23 06:27:00,617.19,617.19,617.15,617.15,140
2026-07-23 06:30:00,617.53,622.44,617.5,620.4,22204
2026-07-23 06:31:00,621.2,623.8,620.6524,622.6,4287
2026-07-23 06:33:00,620.6,624.0,620.0,624.0,2686
2026-07-23 06:34:00,623.89,623.89,620.41,620.41,1315
2026-07-23 06:35:00,621.0,622.1,621.0,621.5,1019
2026-07-23 06:36:00,621.4,622.0,621.01,622.0,158
2026-07-23 06:37:00,622.0,622.0,622.0,622.0,87
2026-07-23 06:38:00,620.0,620.0,620.0,620.0,360
2026-07-23 06:39:00,620.0,620.0,619.8,619.8,200
2026-07-23 06:41:00,619.49,620.34,619.49,620.1,5098
2026-07-23 06:42:00,621.53,621.8,621.5,621.5,818
2026-07-23 06:45:00,620.29,620.5,620.29,620.5,142
2026-07-23 06:48:00,619.13,620.5,619.13,620.5,500
2026-07-23 06:50:00,619.2,619.2,619.13,619.13,298
2026-07-23 06:52:00,619.13,619.13,619.13,619.13,40
2026-07-23 06:53:00,619.88,620.0,619.88,620.0,879
2026-07-23 06:54:00,619.92,619.92,619.92,619.92,76
2026-07-23 06:55:00,620.19,620.28,620.19,620.28,700
2026-07-23 06:57:00,619.14,619.14,619.14,619.14,602
2026-07-23 07:00:00,619.35,619.6,619.15,619.15,314
2026-07-23 07:01:00,618.77,618.77,618.0906,618.0906,5100
2026-07-23 07:02:00,618.23,619.4267,618.0,618.384,7964
2026-07-23 07:03:00,618.02,618.06,617.5,617.7,976
2026-07-23 07:04:00,617.8,618.75,617.77,618.5,1262
2026-07-23 07:05:00,618.75,618.98,618.5,618.98,3353
2026-07-23 07:06:00,618.9999,618.9999,618.22,618.55,310
2026-07-23 07:07:00,618.5,618.5,618.5,618.5,50
2026-07-23 07:08:00,618.55,619.3,618.55,619.3,3665
2026-07-23 07:09:00,619.54,619.59,618.66,619.1,1665
2026-07-23 07:10:00,619.67,619.67,619.1,619.1347,311
2026-07-23 07:11:00,619.47,619.47,618.42,618.42,3392
2026-07-23 07:12:00,618.7,618.71,618.21,618.41,1263
2026-07-23 07:13:00,618.49,618.71,618.41,618.71,553
2026-07-23 07:16:00,618.38,618.9177,618.21,618.45,1403
2026-07-23 07:17:00,618.3406,618.3406,618.25,618.25,95
2026-07-23 07:18:00,618.58,618.63,618.42,618.42,531
2026-07-23 07:19:00,618.3257,618.3257,618.3257,618.3257,50
2026-07-23 07:20:00,618.59,618.59,618.59,618.59,400
2026-07-23 07:21:00,618.35,618.3729,618.35,618.35,300
2026-07-23 07:22:00,618.46,618.46,618.46,618.46,90
2026-07-23 07:23:00,618.36,618.36,617.0,617.0,9312
2026-07-23 07:24:00,617.0,617.4023,616.6,616.6,900
2026-07-23 07:25:00,616.65,616.65,616.65,616.65,56
2026-07-23 07:26:00,617.02,617.49,617.0,617.49,1012
2026-07-23 07:28:00,617.3,618.6,617.25,617.33,2202
2026-07-23 07:29:00,617.75,617.75,617.75,617.75,200
2026-07-23 07:30:00,618.0,618.0512,618.0,618.0512,99
2026-07-23 07:31:00,617.75,618.0,617.32,618.0,1422
2026-07-23 07:32:00,618.1454,618.1454,618.1454,618.1454,500
2026-07-23 07:34:00,617.85,617.85,617.85,617.85,50
2026-07-23 07:35:00,617.3,617.3,616.85,617.1,860
2026-07-23 07:36:00,617.2874,617.2874,616.85,616.85,3078
2026-07-23 07:37:00,616.85,617.0,616.17,616.48,2983
2026-07-23 07:38:00,616.55,616.81,616.0,616.81,1893
2026-07-23 07:39:00,616.56,616.7,616.3197,616.5,372
2026-07-23 07:40:00,616.66,616.7,616.1,616.1,452
2026-07-23 07:41:00,616.3,616.3,615.8,615.99,955
2026-07-23 07:42:00,615.87,616.0,615.75,615.75,1524
2026-07-23 07:43:00,616.16,617.3,616.16,616.32,350
2026-07-23 07:44:00,616.42,616.48,616.0,616.0,782
2026-07-23 07:45:00,616.0,616.0,615.77,615.77,2209
2026-07-23 07:46:00,615.79,615.96,615.66,615.69,992
2026-07-23 07:47:00,615.92,616.0,615.55,616.0,1280
2026-07-23 07:48:00,615.85,615.85,615.25,615.55,1239
2026-07-23 07:49:00,615.6,615.6,615.01,615.6,2911
2026-07-23 07:50:00,615.3,615.4101,614.99,615.4101,2272
2026-07-23 07:51:00,615.0,615.49,614.26,615.48,1707
2026-07-23 07:52:00,615.44,615.6,615.0,615.0,1798
2026-07-23 07:53:00,615.0,615.0,614.9613,615.0,880
2026-07-23 07:54:00,615.69,615.75,615.0,615.0,1939
2026-07-23 07:55:00,615.0,615.0,613.98,613.98,1200
2026-07-23 07:56:00,614.39,615.0,613.6769,613.99,973
2026-07-23 07:57:00,614.0,614.0,612.99,613.2,2627
2026-07-23 07:58:00,613.62,614.0,613.2458,614.0,1035
2026-07-23 07:59:00,614.0,614.0,613.4,613.9034,1111
2026-07-23 08:00:00,613.25,613.36,611.88,612.25,2654
2026-07-23 08:01:00,612.19,612.81,612.06,612.3958,1558
2026-07-23 08:02:00,612.81,613.6,612.54,613.6,1393
2026-07-23 08:03:00,613.5,613.69,613.5,613.63,560
2026-07-23 08:04:00,613.69,614.0,613.69,613.75,1548
2026-07-23 08:05:00,614.0,615.75,613.5,615.69,2585
2026-07-23 08:06:00,615.0,615.1492,615.0,615.0,729
2026-07-23 08:07:00,614.66,615.36,614.66,615.36,2857
2026-07-23 08:08:00,615.7183,615.7183,615.0,615.0,600
2026-07-23 08:09:00,615.0,615.47,614.6936,615.47,2314
2026-07-23 08:10:00,615.1129,616.0,615.1129,615.5775,951
2026-07-23 08:11:00,615.51,615.56,615.5,615.5,358
2026-07-23 08:12:00,615.5,615.55,615.17,615.3899,421
2026-07-23 08:13:00,615.28,616.0,615.28,615.75,2682
2026-07-23 08:14:00,615.99,616.0,615.76,616.0,265
2026-07-23 08:16:00,616.0,616.0,615.0,615.0,1476
2026-07-23 08:17:00,615.47,615.47,614.76,614.76,1407
2026-07-23 08:18:00,614.82,614.82,614.8,614.8,493
2026-07-23 08:19:00,614.02,615.1,614.02,614.3412,1012
2026-07-23 08:20:00,614.02,614.78,613.0,614.0,5025
2026-07-23 08:21:00,614.06,614.56,614.0,614.4007,745
2026-07-23 08:22:00,615.29,615.3834,615.25,615.27,466
2026-07-23 08:23:00,615.0,615.07,614.3311,614.6,818
2026-07-23 08:24:00,614.74,614.74,613.8,614.51,1285
2026-07-23 08:25:00,614.04,614.04,613.475,614.03,1717
2026-07-23 08:26:00,613.3452,614.59,613.0,613.0,208
2026-07-23 08:27:00,613.85,613.9887,613.0,613.5999,1838
2026-07-23 08:28:00,613.3,613.84,613.01,613.0899,1740
2026-07-23 08:29:00,613.18,613.24,613.01,613.01,2594
2026-07-23 08:30:00,613.02,613.05,612.82,612.89,1897
2026-07-23 08:31:00,612.91,612.92,612.66,612.69,2174
2026-07-23 08:32:00,612.66,612.78,612.09,612.57,2550
2026-07-23 08:33:00,612.19,612.452,611.12,611.14,2874
2026-07-23 08:34:00,611.14,611.89,610.84,611.12,2919
2026-07-23 08:35:00,611.11,611.5,611.11,611.49,3874
2026-07-23 08:36:00,611.4644,612.49,611.4644,612.36,1414
2026-07-23 08:37:00,612.0,612.0,611.52,611.71,825
2026-07-23 08:38:00,611.5873,612.42,611.5873,612.25,1397
2026-07-23 08:39:00,612.44,612.4736,612.44,612.4442,150
2026-07-23 08:40:00,611.98,612.3,611.96,611.96,1487
2026-07-23 08:41:00,612.11,612.5,612.11,612.5,334
2026-07-23 08:42:00,612.51,612.92,612.08,612.63,6801
2026-07-23 08:43:00,612.63,612.91,612.3272,612.5,438
2026-07-23 08:44:00,612.53,612.89,612.53,612.89,340
2026-07-23 08:45:00,612.8015,612.9,612.55,612.55,3520
2026-07-23 08:46:00,612.4,612.63,612.29,612.31,298
2026-07-23 08:47:00,612.52,612.77,612.19,612.43,1152
2026-07-23 08:48:00,612.15,612.21,611.11,612.13,4046
2026-07-23 08:49:00,611.35,612.0,611.23,612.0,984
2026-07-23 08:50:00,611.67,612.0938,611.58,612.0,800
2026-07-23 08:51:00,611.65,612.37,611.65,611.65,1992
2026-07-23 08:52:00,611.64,611.98,611.27,611.98,194
2026-07-23 08:53:00,611.27,612.37,611.27,611.99,2184
2026-07-23 08:54:00,612.3,612.3,610.28,610.9029,6759
2026-07-23 08:55:00,610.508,611.31,610.508,610.88,1535
2026-07-23 08:57:00,610.79,611.37,610.79,611.0,1190
2026-07-23 08:58:00,611.01,611.3558,611.01,611.15,398
2026-07-23 08:59:00,611.0642,611.814,611.01,611.814,1153
2026-07-23 09:00:00,611.7,611.99,611.7,611.9377,628
2026-07-23 09:01:00,611.99,612.0,611.99,612.0,576
2026-07-23 09:02:00,611.8217,612.0,611.6057,612.0,2446
2026-07-23 09:03:00,611.75,612.0,611.75,612.0,514
2026-07-23 09:04:00,612.0,612.0,611.76,611.7935,370
2026-07-23 09:05:00,611.9,611.97,611.0,611.01,2449
2026-07-23 09:06:00,611.3,611.727,611.1,611.68,1643
2026-07-23 09:07:00,611.66,612.0,611.6282,611.98,1456
2026-07-23 09:08:00,611.9,611.9,611.58,611.61,523
2026-07-23 09:09:00,612.0,612.0,611.64,611.9,610
2026-07-23 09:10:00,611.9,612.0,611.37,611.37,200
2026-07-23 09:11:00,611.72,611.9,610.76,610.91,1619
2026-07-23 09:12:00,610.3584,611.23,610.3584,610.9,1709
2026-07-23 09:13:00,611.3,611.3,610.91,610.91,609
2026-07-23 09:14:00,611.0,611.0,609.07,609.76,10331
2026-07-23 09:15:00,609.99,609.99,609.02,609.02,4630
2026-07-23 09:16:00,609.48,609.9785,609.4298,609.9785,1074
2026-07-23 09:17:00,609.5,609.94,609.2,609.66,2980
2026-07-23 09:18:00,610.0,610.0,609.32,609.9802,1433
2026-07-23 09:19:00,609.99,610.0,609.54,610.0,3025
2026-07-23 09:20:00,610.88,610.93,610.54,610.56,515
2026-07-23 09:21:00,610.68,610.68,610.0,610.31,2755
2026-07-23 09:22:00,610.26,610.31,609.11,609.6,2642
2026-07-23 09:23:00,609.5,610.0,609.5,609.66,250
2026-07-23 09:24:00,609.8,610.86,609.76,610.0,833
2026-07-23 09:25:00,610.0,610.87,609.51,609.51,2795
2026-07-23 09:26:00,610.0,611.0,609.51,611.0,4926
2026-07-23 09:27:00,610.55,610.71,609.5,609.5,881
2026-07-23 09:28:00,609.12,609.13,608.02,608.56,3479
2026-07-23 09:29:00,608.65,609.13,608.55,608.56,1836
2026-07-23 09:30:00,608.71,611.06,607.0605,609.26,255871
2026-07-23 09:31:00,609.25,610.3,607.69,608.04,49635
2026-07-23 09:32:00,607.83,608.285,606.05,606.268,54574
2026-07-23 09:33:00,606.1394,608.95,606.06,607.01,47206
2026-07-23 09:34:00,607.045,608.39,607.0,607.39,36776
2026-07-23 09:35:00,607.44,607.75,606.1,607.41,77231
2026-07-23 09:36:00,607.7352,608.19,605.58,606.0125,59280
2026-07-23 09:37:00,605.97,607.0245,605.35,606.51,50366
2026-07-23 09:38:00,606.68,608.8,606.68,607.21,42696
2026-07-23 09:39:00,607.03,608.0,606.77,607.23,48247
2026-07-23 09:40:00,607.2171,610.7,606.84,610.3048,62028
2026-07-23 09:41:00,610.22,613.28,609.75,613.28,81783
2026-07-23 09:42:00,613.14,614.65,612.17,614.42,58812
2026-07-23 09:43:00,614.1,614.33,612.81,614.03,43797
2026-07-23 09:44:00,613.86,614.25,612.0,612.06,34761
2026-07-23 09:45:00,612.24,613.8299,612.05,612.11,33019
2026-07-23 09:46:00,612.11,614.12,611.0,613.56,64470
2026-07-23 09:47:00,613.555,613.6379,612.13,612.35,25161
2026-07-23 09:48:00,612.26,612.58,610.25,612.27,37275
2026-07-23 09:49:00,612.25,612.25,611.09,611.635,52460
2026-07-23 09:50:00,611.77,612.77,611.5,611.8592,43543
2026-07-23 09:51:00,611.98,612.46,611.56,611.97,21854
2026-07-23 09:52:00,612.115,612.15,611.32,611.44,23290
2026-07-23 09:53:00,611.6999,612.18,610.38,610.965,27673
2026-07-23 09:54:00,610.965,611.475,610.33,610.54,22928
2026-07-23 09:55:00,610.54,611.2,610.1,610.49,26623
2026-07-23 09:56:00,610.3,610.43,609.08,609.08,28616
2026-07-23 09:57:00,609.09,610.51,608.55,610.42,29497
2026-07-23 09:58:00,610.31,611.7094,609.74,611.7094,22743
2026-07-23 09:59:00,611.685,611.75,610.51,610.55,11550
2026-07-23 10:00:00,610.74,611.0,610.22,610.39,16419
2026-07-23 10:01:00,610.34,610.5775,609.0,609.4,22236
2026-07-23 10:02:00,609.4,609.98,608.93,609.63,24758
2026-07-23 10:03:00,609.7,609.98,609.01,609.225,19379
2026-07-23 10:04:00,609.225,609.99,609.13,609.8,16469
2026-07-23 10:05:00,609.8,609.96,609.02,609.505,30955
2026-07-23 10:06:00,609.43,609.59,608.41,608.935,24585
2026-07-23 10:07:00,608.9021,609.035,608.28,608.52,15941
2026-07-23 10:08:00,608.52,608.52,607.03,607.43,23800
2026-07-23 10:09:00,607.21,607.505,606.2,606.25,21325
2026-07-23 10:10:00,606.34,607.46,606.2,606.38,34248
2026-07-23 10:11:00,606.6175,607.045,606.19,607.045,28022
2026-07-23 10:12:00,607.04,607.5,606.63,607.5,30900
2026-07-23 10:13:00,607.8698,607.89,606.8,607.425,18094
2026-07-23 10:14:00,607.475,607.6688,606.32,606.81,24158
2026-07-23 10:15:00,606.7757,607.01,606.37,606.83,17650
2026-07-23 10:16:00,606.76,607.01,605.99,606.435,35379
2026-07-23 10:17:00,606.4,606.6599,605.7,605.8344,14345
2026-07-23 10:18:00,605.89,606.99,605.8,606.825,30973
2026-07-23 10:19:00,606.67,606.8,605.86,606.39,15762
2026-07-23 10:20:00,606.25,606.37,605.5,605.8053,24905
2026-07-23 10:21:00,605.7605,606.0442,605.22,605.4475,21248
2026-07-23 10:22:00,605.455,606.6,605.24,606.4295,22763
2026-07-23 10:23:00,606.43,606.5016,605.44,605.44,22680
2026-07-23 10:24:00,605.76,605.87,604.95,605.27,45676
2026-07-23 10:25:00,605.345,605.8999,604.84,605.52,25152
2026-07-23 10:26:00,605.3,605.415,604.51,605.27,30998
2026-07-23 10:27:00,605.25,605.75,604.35,605.685,15571
2026-07-23 10:28:00,605.82,606.99,605.67,606.31,22050
2026-07-23 10:29:00,606.31,607.89,606.13,607.68,26694
2026-07-23 10:30:00,607.61,607.7951,606.34,606.65,18089
2026-07-23 10:31:00,606.9,607.85,606.66,607.3426,19985
2026-07-23 10:32:00,607.355,607.62,606.65,606.79,15796
2026-07-23 10:33:00,606.68,606.89,605.02,605.45,17726
2026-07-23 10:34:00,605.45,606.234,604.88,605.63,25743
2026-07-23 10:35:00,605.83,605.9,604.53,604.9,34662
2026-07-23 10:36:00,604.9,605.0999,604.12,604.1302,64019
2026-07-23 10:37:00,604.21,606.5099,604.12,606.285,49278
2026-07-23 10:38:00,606.21,607.2284,605.71,606.87,23767
2026-07-23 10:39:00,607.0,607.995,606.77,606.935,27308
2026-07-23 10:40:00,606.73,607.29,606.5,606.51,15684
2026-07-23 10:41:00,606.51,606.83,605.64,606.18,15929
2026-07-23 10:42:00,606.01,606.22,605.81,606.08,12185
2026-07-23 10:43:00,606.1398,606.2073,604.61,604.63,18540
2026-07-23 10:44:00,604.785,605.81,604.51,605.31,20672
2026-07-23 10:45:00,605.568,605.568,604.89,605.025,7789
2026-07-23 10:46:00,605.19,605.41,604.5,605.02,21244
2026-07-23 10:47:00,604.99,605.34,604.53,604.58,20719
2026-07-23 10:48:00,604.62,605.095,604.26,604.26,9272
2026-07-23 10:49:00,604.385,604.385,602.9,603.075,37005
2026-07-23 10:50:00,603.045,603.34,602.69,603.27,20506
2026-07-23 10:51:00,603.08,603.3795,602.66,603.245,25379
2026-07-23 10:52:00,603.2855,603.61,603.12,603.485,15345
2026-07-23 10:53:00,603.53,604.2,603.26,603.94,31121
2026-07-23 10:54:00,604.04,604.12,603.31,603.76,19651
2026-07-23 10:55:00,603.595,604.26,603.55,603.56,15393
2026-07-23 10:56:00,603.78,604.04,603.44,603.62,27447
2026-07-23 10:57:00,603.52,603.72,603.05,603.255,16478
2026-07-23 10:58:00,603.148,603.24,602.38,602.66,26045
2026-07-23 10:59:00,602.66,602.9,602.03,602.03,22216
2026-07-23 11:00:00,602.03,602.8,601.62,601.74,50728
2026-07-23 11:01:00,601.965,602.185,601.035,601.145,61620
2026-07-23 11:02:00,601.13,601.18,600.3,600.38,65827
2026-07-23 11:03:00,600.37,601.867,600.2,601.42,58909
2026-07-23 11:04:00,601.415,601.96,601.3,601.41,30921
2026-07-23 11:05:00,601.68,601.68,600.6,600.98,32421
2026-07-23 11:06:00,601.015,601.54,600.53,600.91,25164
2026-07-23 11:07:00,600.78,601.515,600.19,601.075,82782
2026-07-23 11:08:00,601.03,601.1699,600.24,600.24,28301
2026-07-23 11:09:00,600.2,600.48,599.0,599.0276,158561
2026-07-23 11:10:00,598.945,599.8599,598.19,599.62,56132
2026-07-23 11:11:00,599.69,599.6999,599.14,599.45,17372
2026-07-23 11:12:00,599.6,600.69,599.6,600.18,19057
2026-07-23 11:13:00,600.17,600.75,599.96,600.75,16587
2026-07-23 11:14:00,600.75,600.85,600.39,600.63,17468
2026-07-23 11:15:00,600.7,601.24,600.4,601.11,20193
2026-07-23 11:16:00,601.13,601.4399,600.76,601.28,24951
2026-07-23 11:17:00,601.15,601.5,600.71,601.1,14460
2026-07-23 11:18:00,601.16,601.25,600.46,600.74,11396
2026-07-23 11:19:00,600.73,601.63,600.73,601.5,20154
2026-07-23 11:20:00,601.51,601.75,601.26,601.53,22794
2026-07-23 11:21:00,601.59,601.65,601.15,601.235,8018
2026-07-23 11:22:00,601.285,601.91,601.0,601.18,26353
2026-07-23 11:23:00,601.18,601.62,600.89,600.96,8939
2026-07-23 11:24:00,600.96,601.09,599.41,599.485,49376
2026-07-23 11:25:00,599.6,599.66,599.0,599.105,36375
2026-07-23 11:26:00,599.0567,599.51,598.8,599.415,46834
2026-07-23 11:27:00,599.405,600.12,599.29,600.095,49281
2026-07-23 11:28:00,600.15,600.38,599.26,599.27,47741
2026-07-23 11:29:00,599.44,599.87,598.85,599.28,28397
2026-07-23 11:30:00,599.08,599.3698,598.48,598.51,23356
2026-07-23 11:31:00,598.5406,598.93,598.12,598.625,51870
2026-07-23 11:32:00,598.5,598.94,598.15,598.3,22744
2026-07-23 11:33:00,598.19,598.67,597.82,598.25,28999
2026-07-23 11:34:00,598.2484,598.25,597.7701,598.17,18486
2026-07-23 11:35:00,598.2235,598.652,597.96,598.26,24241
2026-07-23 11:36:00,598.12,598.34,597.6,597.735,34938
2026-07-23 11:37:00,597.76,598.19,597.5,597.89,71714
2026-07-23 11:38:00,597.885,598.17,597.68,598.0,24297
2026-07-23 11:39:00,598.005,598.0351,597.59,597.93,16029
2026-07-23 11:40:00,597.93,598.8199,597.68,598.7,31477
2026-07-23 11:41:00,598.61,598.91,598.54,598.765,25410
2026-07-23 11:42:00,598.765,598.91,597.64,597.7875,16697
2026-07-23 11:43:00,597.785,597.95,597.26,597.42,15570
2026-07-23 11:44:00,597.27,597.88,597.27,597.75,12760
2026-07-23 11:45:00,597.78,597.8495,597.22,597.55,13869
2026-07-23 11:46:00,597.705,598.2715,597.5,598.0902,12668
2026-07-23 11:47:00,598.06,598.08,597.69,597.9,9358
2026-07-23 11:48:00,597.93,599.49,597.93,599.28,21518
2026-07-23 11:49:00,599.29,599.99,599.031,599.54,27727
2026-07-23 11:50:00,599.53,599.66,599.11,599.5796,17706
2026-07-23 11:51:00,599.58,600.02,599.3,599.83,28678
2026-07-23 11:52:00,599.755,600.0,599.55,599.935,26703
2026-07-23 11:53:00,599.98,600.2599,599.71,600.0,27653
2026-07-23 11:54:00,600.0,601.19,599.96,601.0494,20307
2026-07-23 11:55:00,601.06,601.2,600.76,600.7763,15760
2026-07-23 11:56:00,600.92,601.57,600.8202,601.52,44137
2026-07-23 11:57:00,601.46,601.885,601.06,601.7806,18998
2026-07-23 11:58:00,601.7801,602.44,601.4,601.7,17514
2026-07-23 11:59:00,601.85,601.9,601.295,601.5216,12281
2026-07-23 12:00:00,601.38,601.6,601.151,601.495,11989
2026-07-23 12:01:00,601.495,602.4999,601.3725,602.3995,19593
2026-07-23 12:02:00,602.42,602.7299,601.9101,602.31,12225
2026-07-23 12:03:00,602.11,602.11,601.23,601.67,19237
2026-07-23 12:04:00,601.72,601.83,601.3275,601.62,10348
2026-07-23 12:05:00,601.5982,601.73,601.3,601.45,7856
2026-07-23 12:06:00,601.39,601.9695,601.37,601.66,8118
2026-07-23 12:07:00,601.645,602.43,601.6131,602.38,7842
2026-07-23 12:08:00,602.41,602.41,601.05,601.57,73273
2026-07-23 12:09:00,601.75,602.5324,601.32,602.465,12319
2026-07-23 12:10:00,602.28,602.56,601.73,602.16,10060
2026-07-23 12:11:00,602.02,602.65,602.01,602.12,17297
2026-07-23 12:12:00,602.12,602.485,602.0,602.05,11009
2026-07-23 12:13:00,602.02,602.02,601.6,601.81,8823
2026-07-23 12:14:00,601.705,602.64,601.705,602.43,8581
2026-07-23 12:15:00,602.49,602.88,602.4759,602.59,14324
2026-07-23 12:16:00,602.5,603.12,602.49,603.02,16237
2026-07-23 12:17:00,602.99,603.3,602.851,602.92,14397
2026-07-23 12:18:00,603.14,603.63,603.06,603.5,12782
2026-07-23 12:19:00,603.56,603.56,602.86,603.385,47516
2026-07-23 12:20:00,603.52,603.53,602.95,603.2,9767
2026-07-23 12:21:00,603.265,604.0,603.015,603.42,24179
2026-07-23 12:22:00,603.59,603.59,603.07,603.31,6593
2026-07-23 12:23:00,603.35,603.73,603.12,603.715,17748
2026-07-23 12:24:00,603.725,604.3872,603.725,604.2966,14111
2026-07-23 12:25:00,604.24,604.2499,603.885,604.11,6176
2026-07-23 12:26:00,603.96,603.96,603.61,603.865,12905
2026-07-23 12:27:00,603.78,604.45,603.78,604.265,24360
2026-07-23 12:28:00,604.3,604.79,604.19,604.19,24807
2026-07-23 12:29:00,604.19,604.59,604.0,604.4,19200
2026-07-23 12:30:00,604.38,605.305,604.36,605.305,31237
2026-07-23 12:31:00,605.4,605.5,604.2301,605.125,15927
2026-07-23 12:32:00,605.25,605.81,605.17,605.55,12510
2026-07-23 12:33:00,605.5,605.61,604.08,604.08,42389
2026-07-23 12:34:00,604.08,604.49,603.0001,603.07,55881
2026-07-23 12:35:00,603.04,603.21,601.34,602.15,66767
2026-07-23 12:36:00,602.1042,602.81,601.475,602.69,18658
2026-07-23 12:37:00,602.65,602.9999,601.7,601.965,21866
2026-07-23 12:38:00,602.0565,602.4168,601.7,601.815,10566
2026-07-23 12:39:00,601.7,602.98,601.7,602.855,23594
2026-07-23 12:40:00,602.8,603.21,602.3,602.515,27410
2026-07-23 12:41:00,602.515,603.0599,602.5,602.52,20761
2026-07-23 12:42:00,602.6,603.07,602.23,602.46,14892
2026-07-23 12:43:00,602.46,603.39,602.41,603.3005,14186
2026-07-23 12:44:00,603.39,603.444,603.08,603.1803,14175
2026-07-23 12:45:00,603.07,603.21,602.7,602.915,15349
2026-07-23 12:46:00,602.8372,603.14,602.62,602.786,13621
2026-07-23 12:47:00,602.75,602.9987,602.3761,602.87,10778
2026-07-23 12:48:00,602.82,602.8599,602.61,602.74,5399
2026-07-23 12:49:00,602.74,603.05,602.71,602.915,15289
2026-07-23 12:50:00,602.81,603.69,602.72,603.475,12527
2026-07-23 12:51:00,603.69,604.0,603.29,603.585,19832
2026-07-23 12:52:00,603.5575,604.5,603.415,604.32,19520
2026-07-23 12:53:00,604.35,605.55,604.095,605.455,31833
2026-07-23 12:54:00,605.455,605.97,605.0201,605.775,20058
2026-07-23 12:55:00,605.6845,606.3199,605.5901,606.14,16131
2026-07-23 12:56:00,606.239,606.239,605.83,605.915,10995
2026-07-23 12:57:00,605.915,606.0,604.49,604.64,32375
2026-07-23 12:58:00,604.71,605.13,604.2,604.3,21883
2026-07-23 12:59:00,604.27,605.43,604.2,605.26,19990
2026-07-23 13:00:00,605.455,605.53,604.68,604.84,12966
2026-07-23 13:01:00,604.86,605.3999,604.73,605.22,21655
2026-07-23 13:02:00,605.285,605.98,604.84,605.87,19433
2026-07-23 13:03:00,605.79,605.97,605.45,605.87,9235
2026-07-23 13:04:00,605.87,606.33,605.87,606.255,12789
2026-07-23 13:05:00,606.255,606.61,606.16,606.58,24402
2026-07-23 13:06:00,606.595,606.71,605.96,605.96,25482
2026-07-23 13:07:00,605.95,606.31,605.725,606.035,16021
2026-07-23 13:08:00,606.08,606.23,605.14,606.01,18800
2026-07-23 13:09:00,606.06,606.9795,605.81,606.805,10679
2026-07-23 13:10:00,606.805,607.2,606.49,606.56,19348
2026-07-23 13:11:00,606.56,606.71,606.0901,606.25,9155
2026-07-23 13:12:00,606.35,606.5,606.1,606.435,14405
2026-07-23 13:13:00,606.435,606.435,606.12,606.14,8787
2026-07-23 13:14:00,606.2,606.58,606.185,606.38,9568
2026-07-23 13:15:00,606.34,606.61,606.3,606.475,15323
2026-07-23 13:16:00,606.35,606.75,605.891,605.905,12660
2026-07-23 13:17:00,605.92,606.17,605.5,605.62,12936
2026-07-23 13:18:00,605.584,605.92,605.44,605.615,14881
2026-07-23 13:19:00,605.4401,605.93,605.44,605.835,9233
2026-07-23 13:20:00,605.99,606.49,605.84,606.39,7441
2026-07-23 13:21:00,606.48,606.8,606.22,606.38,12084
2026-07-23 13:22:00,606.38,606.626,606.25,606.405,6276
2026-07-23 13:23:00,606.56,607.0,606.08,606.83,10367
2026-07-23 13:24:00,607.0,607.22,606.91,606.95,15216
2026-07-23 13:25:00,607.025,607.16,606.6,606.605,20611
2026-07-23 13:26:00,606.5201,606.66,606.21,606.505,23679
2026-07-23 13:27:00,606.5,606.62,606.02,606.16,16818
2026-07-23 13:28:00,606.16,606.39,606.1,606.21,7381
2026-07-23 13:29:00,606.225,606.225,605.84,605.92,13159
2026-07-23 13:30:00,605.8401,605.93,605.21,605.21,19775
2026-07-23 13:31:00,605.2,605.43,604.3,604.31,43630
2026-07-23 13:32:00,604.46,604.6,604.165,604.355,34112
2026-07-23 13:33:00,604.36,604.93,604.19,604.77,37052
2026-07-23 13:34:00,604.77,605.9298,604.77,605.77,9873
2026-07-23 13:35:00,605.84,606.34,605.45,605.45,20318
2026-07-23 13:36:00,605.37,605.88,605.32,605.6401,15064
2026-07-23 13:37:00,605.785,605.89,605.53,605.89,4465
2026-07-23 13:38:00,605.9,606.15,605.69,605.775,11521
2026-07-23 13:39:00,605.67,605.92,605.63,605.781,5070
2026-07-23 13:40:00,605.83,606.13,605.58,605.735,13788
2026-07-23 13:41:00,605.58,605.8,605.5,605.8,5459
2026-07-23 13:42:00,605.89,606.1,605.83,606.03,6783
2026-07-23 13:43:00,606.04,606.71,606.035,606.68,7106
2026-07-23 13:44:00,606.71,607.1,606.68,606.92,12229
2026-07-23 13:45:00,606.85,607.7,606.79,607.7,5856
2026-07-23 13:46:00,607.6601,607.88,607.35,607.5395,12337
2026-07-23 13:47:00,607.54,607.55,607.04,607.4026,19773
2026-07-23 13:48:00,607.415,607.43,607.11,607.18,11733
2026-07-23 13:49:00,607.3,607.33,606.62,606.765,12006
2026-07-23 13:50:00,606.78,607.01,606.67,606.95,9379
2026-07-23 13:51:00,606.93,607.03,606.75,607.03,12484
2026-07-23 13:52:00,607.05,607.09,606.8,606.98,7385
2026-07-23 13:53:00,606.84,607.36,606.84,607.14,11982
2026-07-23 13:54:00,606.99,607.13,606.61,607.0,9313
2026-07-23 13:55:00,607.0,607.0,606.2,606.615,5909
2026-07-23 13:56:00,606.615,606.905,606.48,606.905,6728
2026-07-23 13:57:00,606.98,606.98,606.3209,606.33,7839
2026-07-23 13:58:00,606.44,606.67,606.23,606.67,11374
2026-07-23 13:59:00,606.61,606.92,606.36,606.37,9048
2026-07-23 14:00:00,606.23,606.55,606.12,606.255,14945
2026-07-23 14:01:00,606.275,606.275,605.55,605.675,19998
2026-07-23 14:02:00,605.675,605.8,605.281,605.8,14576
2026-07-23 14:03:00,606.0,606.14,605.745,605.99,5996
2026-07-23 14:04:00,605.99,606.3099,605.75,606.185,7122
2026-07-23 14:05:00,606.3,606.33,606.08,606.32,4232
2026-07-23 14:06:00,606.21,606.775,606.1,606.765,12693
2026-07-23 14:07:00,606.61,606.71,606.33,606.425,21026
2026-07-23 14:08:00,606.46,606.47,606.12,606.12,4448
2026-07-23 14:09:00,606.13,606.63,606.13,606.57,3599
2026-07-23 14:10:00,606.615,606.9399,606.54,606.75,7839
2026-07-23 14:11:00,606.75,606.94,606.49,606.87,5715
2026-07-23 14:12:00,606.88,606.95,606.5901,606.76,13407
2026-07-23 14:13:00,606.9799,606.9799,606.19,606.77,10376
2026-07-23 14:14:00,606.85,606.85,606.3698,606.4,6379
2026-07-23 14:15:00,606.4,606.52,606.26,606.28,11249
2026-07-23 14:16:00,606.26,606.7199,606.26,606.565,7008
2026-07-23 14:17:00,606.565,606.74,606.14,606.215,7310
2026-07-23 14:18:00,606.205,606.53,606.14,606.365,8006
2026-07-23 14:19:00,606.43,606.5,606.18,606.3,6409
2026-07-23 14:20:00,606.23,606.38,605.99,606.0,7075
2026-07-23 14:21:00,606.01,606.34,605.82,606.015,13413
2026-07-23 14:22:00,606.015,606.24,605.4,605.4,15879
2026-07-23 14:23:00,605.5,606.03,605.41,605.6,19821
2026-07-23 14:24:00,605.805,605.97,605.62,605.715,4817
2026-07-23 14:25:00,605.79,606.05,605.52,605.625,10759
2026-07-23 14:26:00,605.575,605.81,605.38,605.44,7763
2026-07-23 14:27:00,605.45,605.7828,605.45,605.6125,7232
2026-07-23 14:28:00,605.5,606.0,605.5,605.8825,12799
2026-07-23 14:29:00,605.92,606.19,605.87,606.14,5466
2026-07-23 14:30:00,606.14,606.14,605.83,606.03,7664
2026-07-23 14:31:00,606.02,606.09,605.75,605.75,6653
2026-07-23 14:32:00,605.815,605.815,605.39,605.46,7862
2026-07-23 14:33:00,605.51,605.61,605.29,605.33,14303
2026-07-23 14:34:00,605.45,605.51,605.2,605.34,8681
2026-07-23 14:35:00,605.34,605.6,605.34,605.495,5833
2026-07-23 14:36:00,605.495,605.52,605.35,605.435,3062
2026-07-23 14:37:00,605.435,605.56,605.3,605.34,7546
2026-07-23 14:38:00,605.38,605.38,605.1,605.38,9430
2026-07-23 14:39:00,605.39,605.97,605.18,605.49,10252
2026-07-23 14:40:00,605.49,605.75,605.49,605.65,6169
2026-07-23 14:41:00,605.72,605.72,605.1,605.23,5131
2026-07-23 14:42:00,605.23,605.79,605.15,605.71,7271
2026-07-23 14:43:00,605.735,606.33,605.735,606.31,8113
2026-07-23 14:44:00,606.27,606.33,606.18,606.245,5072
2026-07-23 14:45:00,606.245,607.0,606.245,606.89,10259
2026-07-23 14:46:00,606.9,607.18,606.8567,607.14,8628
2026-07-23 14:47:00,607.055,607.49,606.95,607.4051,9591
2026-07-23 14:48:00,607.31,607.405,607.09,607.195,9068
2026-07-23 14:49:00,607.3,607.45,607.1,607.38,6173
2026-07-23 14:50:00,607.45,607.6599,607.24,607.2917,13597
2026-07-23 14:51:00,607.36,607.36,607.0901,607.14,7761
2026-07-23 14:52:00,607.15,607.51,607.05,607.38,10984
2026-07-23 14:53:00,607.38,607.66,607.26,607.64,14900
2026-07-23 14:54:00,607.62,607.66,607.16,607.235,10770
2026-07-23 14:55:00,607.2592,607.41,606.85,606.92,11641
2026-07-23 14:56:00,606.92,607.05,606.53,607.03,16312
2026-07-23 14:57:00,606.97,607.0439,606.49,606.59,8972
2026-07-23 14:58:00,606.69,606.79,606.4,606.71,7402
2026-07-23 14:59:00,606.65,606.6674,606.13,606.495,16075
2026-07-23 15:00:00,606.495,606.7851,606.34,606.65,8993
2026-07-23 15:01:00,606.58,606.58,606.3,606.335,10027
2026-07-23 15:02:00,606.33,606.42,606.24,606.365,4306
2026-07-23 15:03:00,606.41,606.5128,606.06,606.195,8442
2026-07-23 15:04:00,606.11,606.28,606.06,606.1,5664
2026-07-23 15:05:00,606.065,606.255,605.88,605.88,13783
2026-07-23 15:06:00,605.86,605.86,605.65,605.71,6852
2026-07-23 15:07:00,605.71,605.85,605.5297,605.555,14993
2026-07-23 15:08:00,605.555,605.6599,605.4306,605.61,10074
2026-07-23 15:09:00,605.66,605.79,605.3,605.45,13169
2026-07-23 15:10:00,605.48,605.54,604.85,604.95,17177
2026-07-23 15:11:00,604.95,605.48,604.8175,605.23,30751
2026-07-23 15:12:00,605.22,606.095,605.22,605.86,12431
2026-07-23 15:13:00,605.82,605.9,605.44,605.625,19802
2026-07-23 15:14:00,605.73,605.79,605.54,605.73,9223
2026-07-23 15:15:00,605.74,606.36,605.7,606.23,17542
2026-07-23 15:16:00,606.25,606.75,606.205,606.696,27400
2026-07-23 15:17:00,606.65,607.4099,606.56,606.89,27187
2026-07-23 15:18:00,606.98,606.98,606.61,606.92,12005
2026-07-23 15:19:00,606.95,607.03,606.45,606.6,28100
2026-07-23 15:20:00,606.71,607.23,606.68,606.98,20586
2026-07-23 15:21:00,606.945,607.75,606.945,607.365,24511
2026-07-23 15:22:00,607.42,607.52,607.17,607.43,14829
2026-07-23 15:23:00,607.43,607.5,607.1804,607.35,11495
2026-07-23 15:24:00,607.35,607.46,606.9806,607.23,12478
2026-07-23 15:25:00,607.23,607.45,607.09,607.09,17568
2026-07-23 15:26:00,607.235,607.64,607.1944,607.53,13014
2026-07-23 15:27:00,607.51,607.99,607.495,607.9785,19219
2026-07-23 15:28:00,607.95,608.135,607.7,607.73,35641
2026-07-23 15:29:00,607.77,607.81,607.27,607.3001,15193
2026-07-23 15:30:00,607.43,607.51,607.17,607.41,24359
2026-07-23 15:31:00,607.28,607.305,606.65,606.88,24194
2026-07-23 15:32:00,606.82,607.03,606.13,606.42,20586
2026-07-23 15:33:00,606.36,607.2636,606.32,606.98,35969
2026-07-23 15:34:00,607.1675,607.31,605.9,605.9,15479
2026-07-23 15:35:00,606.13,606.2899,605.4,605.44,19269
2026-07-23 15:36:00,605.3501,605.515,604.73,604.995,33553
2026-07-23 15:37:00,604.995,605.39,604.83,605.01,25508
2026-07-23 15:38:00,605.01,605.3,604.58,604.915,19540
2026-07-23 15:39:00,604.915,605.07,604.58,604.81,25588
2026-07-23 15:40:00,604.945,605.14,604.6,604.88,21957
2026-07-23 15:41:00,604.94,605.4598,604.71,605.31,25174
2026-07-23 15:42:00,605.28,605.305,604.87,604.87,19308
2026-07-23 15:43:00,604.86,605.12,604.78,604.8875,18756
2026-07-23 15:44:00,604.8,604.97,604.3,604.38,25955
2026-07-23 15:45:00,604.31,604.74,604.0,604.21,37682
2026-07-23 15:46:00,604.215,604.22,603.39,603.59,43120
2026-07-23 15:47:00,603.505,604.19,603.22,603.395,44171
2026-07-23 15:48:00,603.395,603.7599,603.04,603.31,39900
2026-07-23 15:49:00,603.31,603.78,603.1463,603.73,24375
2026-07-23 15:50:00,603.73,605.0,603.28,604.74,43847
2026-07-23 15:51:00,604.825,604.95,604.41,604.81,49303
2026-07-23 15:52:00,604.81,605.26,604.66,605.025,43005
2026-07-23 15:53:00,605.09,605.27,604.8,605.155,43143
2026-07-23 15:54:00,605.22,606.19,605.21,605.79,58657
2026-07-23 15:55:00,605.87,607.425,605.87,607.41,82756
2026-07-23 15:56:00,607.41,607.69,607.26,607.645,63391
2026-07-23 15:57:00,607.63,607.63,606.635,607.015,96866
2026-07-23 15:58:00,607.015,607.35,606.75,606.83,104977
2026-07-23 15:59:00,606.83,606.83,605.79,606.03,247965
2026-07-23 16:00:00,605.932,606.1,605.54,605.54,2302593
2026-07-23 16:01:00,606.1,607.0,606.1,607.0,525
2026-07-23 16:02:00,606.26,606.51,606.11,606.11,549
2026-07-23 16:03:00,606.7528,606.9,606.7528,606.9,275
2026-07-23 16:04:00,606.9,606.9,605.53,605.53,1029
2026-07-23 16:05:00,605.06,605.06,605.01,605.01,121
2026-07-23 16:06:00,604.6,605.01,604.6,605.0,535
2026-07-23 16:07:00,605.09,605.25,604.71,605.04,319
2026-07-23 16:08:00,605.0,605.0,604.57,604.57,134
2026-07-23 16:09:00,604.71,604.98,604.106,604.23,842
2026-07-23 16:10:00,604.2,606.1,604.2,606.0,2752
2026-07-23 16:11:00,606.1,606.2,606.0,606.2,830
2026-07-23 16:12:00,606.2,606.4977,606.2,606.2,521
2026-07-23 16:13:00,606.0,606.0,605.48,605.88,369
2026-07-23 16:14:00,605.59,605.59,605.04,605.07,202
2026-07-23 16:15:00,605.49,605.49,605.32,605.48,210
2026-07-23 16:16:00,605.09,605.34,605.0888,605.18,405
2026-07-23 16:17:00,605.1,605.23,605.07,605.12,177
2026-07-23 16:18:00,605.65,605.65,605.16,605.18,320
2026-07-23 16:19:00,605.01,605.41,605.01,605.25,1054
2026-07-23 16:20:00,605.18,605.89,605.18,605.89,140
2026-07-23 16:21:00,605.22,605.8869,605.22,605.8869,240
2026-07-23 16:22:00,605.8373,606.1,605.55,605.56,82618
2026-07-23 16:23:00,605.78,605.88,605.55,605.88,1306
2026-07-23 16:24:00,605.88,605.88,605.88,605.88,416
2026-07-23 16:25:00,605.977,606.0,605.977,606.0,551
2026-07-23 16:26:00,606.1154,606.1154,606.1154,606.1154,65
2026-07-23 16:27:00,606.38,606.38,606.24,606.3,135
2026-07-23 16:28:00,606.111,606.2911,606.1,606.29,235
2026-07-23 16:30:00,606.2,606.29,606.2,606.29,148
2026-07-23 16:31:00,606.1137,606.38,606.1137,606.38,934
2026-07-23 16:32:00,606.3,606.3,606.3,606.3,500
2026-07-23 16:33:00,606.89,606.89,606.36,606.89,144
2026-07-23 16:34:00,606.89,606.89,606.8688,606.8688,300
2026-07-23 16:35:00,607.0,607.5,606.9,607.5,2683
2026-07-23 16:37:00,607.0,607.2,607.0,607.2,154
2026-07-23 16:38:00,607.282,607.282,606.59,606.59,830
2026-07-23 16:39:00,606.59,606.8,606.59,606.6,297
2026-07-23 16:40:00,606.7,606.7,606.7,606.7,40
2026-07-23 16:41:00,606.59,606.65,606.59,606.6,219
2026-07-23 16:42:00,606.59,606.63,606.4,606.59,191
2026-07-23 16:43:00,606.5,606.99,606.4,606.99,657
2026-07-23 16:44:00,606.7,606.94,606.36,606.48,380
2026-07-23 16:45:00,606.72,606.72,606.37,606.45,260
2026-07-23 16:46:00,606.8,606.8,606.42,606.64,330
2026-07-23 16:47:00,606.9381,606.9381,606.48,606.61,230
2026-07-23 16:48:00,606.8,606.8,606.5,606.5,961
2026-07-23 16:49:00,606.42,606.8521,606.01,606.16,604
2026-07-23 16:50:00,606.21,606.8521,606.1,606.3,262
2026-07-23 16:51:00,606.69,606.69,606.1,606.1232,426
2026-07-23 16:52:00,606.1,606.1,606.0,606.0,170
2026-07-23 16:53:00,606.0,606.68,606.0,606.68,420
2026-07-23 16:54:00,606.19,606.67,606.19,606.35,334
2026-07-23 16:55:00,606.22,606.37,606.21,606.21,320
2026-07-23 16:56:00,606.2,606.9665,606.2,606.9665,690
2026-07-23 16:57:00,606.52,606.52,606.26,606.26,90
2026-07-23 16:58:00,606.2,606.2,606.2,606.2,42
2026-07-23 17:02:00,606.3488,606.3488,606.24,606.24,100
2026-07-23 17:03:00,606.35,606.35,606.35,606.35,103
2026-07-23 17:07:00,606.25,606.25,606.2,606.2,424
2026-07-23 17:08:00,606.2,606.2,606.2,606.2,125
2026-07-23 17:09:00,606.2,606.2,606.2,606.2,50
2026-07-23 17:10:00,606.2,606.2,606.2,606.2,977
2026-07-23 17:11:00,606.34,606.34,606.09,606.09,100
2026-07-23 17:12:00,606.07,606.1,606.07,606.1,100
2026-07-23 17:13:00,606.1956,606.1956,606.17,606.17,575
2026-07-23 17:14:00,606.17,606.17,606.17,606.17,249
2026-07-23 17:15:00,606.1,606.11,605.6,606.1,383
2026-07-23 17:16:00,606.28,606.28,606.13,606.13,100
2026-07-23 17:17:00,605.89,606.31,605.8734,606.05,270
2026-07-23 17:18:00,605.6828,606.22,605.6828,605.84,413
2026-07-23 17:19:00,606.15,606.32,605.8661,606.24,453
2026-07-23 17:20:00,606.06,606.36,606.01,606.36,449
2026-07-23 17:21:00,606.08,606.08,606.08,606.08,50
2026-07-23 17:25:00,606.35,606.35,606.35,606.35,50
2026-07-23 17:26:00,606.31,606.34,606.11,606.11,200
2026-07-23 17:27:00,606.27,606.27,606.15,606.15,100
2026-07-23 17:28:00,606.12,606.1201,606.1,606.1,210
2026-07-23 17:30:00,605.99,605.99,605.99,605.99,45
2026-07-23 17:32:00,605.76,605.76,605.76,605.76,40
2026-07-23 17:33:00,605.9,605.9,605.9,605.9,50
2026-07-23 17:34:00,605.89,605.89,605.78,605.78,100
2026-07-23 17:36:00,605.71,605.71,605.71,605.71,60
2026-07-23 17:41:00,605.7,605.9,605.7,605.9,150
2026-07-23 17:42:00,605.67,605.78,605.67,605.78,96
2026-07-23 17:46:00,605.5206,605.5206,605.5206,605.5206,80
2026-07-23 17:47:00,605.9,605.9,605.9,605.9,140
2026-07-23 17:48:00,605.5108,605.5108,605.5,605.5,142
2026-07-23 17:50:00,605.5,606.0,605.5,606.0,153
2026-07-23 17:51:00,605.5777,605.5777,605.5777,605.5777,53
2026-07-23 17:52:00,605.557,605.557,605.557,605.557,80
2026-07-23 17:53:00,605.6,605.6,605.6,605.6,130
2026-07-23 17:54:00,605.8,606.0,605.8,606.0,97
2026-07-23 17:56:00,605.93,606.01,605.93,606.01,664
2026-07-23 17:57:00,606.05,606.36,606.05,606.36,199
2026-07-23 17:58:00,606.35,606.38,605.98,605.98,277
2026-07-23 17:59:00,606.31,606.31,606.06,606.06,100
2026-07-23 18:00:00,606.28,606.35,606.03,606.35,250
2026-07-23 18:01:00,606.21,606.21,606.21,606.21,50
2026-07-23 18:04:00,605.6995,606.12,605.6995,606.12,90
2026-07-23 18:05:00,605.93,605.93,605.93,605.93,50
2026-07-23 18:06:00,605.88,605.88,605.88,605.88,50
2026-07-23 18:07:00,605.72,605.72,605.72,605.72,50
2026-07-23 18:08:00,605.593,605.593,605.593,605.593,40
2026-07-23 18:09:00,606.08,606.08,605.92,605.92,100
2026-07-23 18:10:00,606.1,606.1,605.98,605.98,150
2026-07-23 18:11:00,605.96,605.96,605.96,605.96,50
2026-07-23 18:13:00,606.02,606.02,605.98,605.98,90
2026-07-23 18:14:00,606.1,606.26,606.1,606.26,317
2026-07-23 18:17:00,605.655,605.655,605.5,605.5,90
2026-07-23 18:18:00,606.49,606.49,606.0002,606.0002,90
2026-07-23 18:21:00,606.4,606.4,606.4,606.4,274
2026-07-23 18:22:00,606.0317,606.0317,606.0317,606.0317,63
2026-07-23 18:23:00,606.5,606.5,606.47,606.47,101
2026-07-23 18:24:00,606.6,606.6,606.38,606.38,100
2026-07-23 18:28:00,606.9122,606.9122,606.57,606.57,150
2026-07-23 18:29:00,606.66,606.66,606.66,606.66,100
2026-07-23 18:30:00,606.68,606.68,606.68,606.68,100
2026-07-23 18:32:00,607.25,607.25,607.25,607.25,101
2026-07-23 18:33:00,607.08,607.08,607.08,607.08,69
2026-07-23 18:34:00,607.43,607.5,607.11,607.39,1385
2026-07-23 18:35:00,607.4,607.4,607.4,607.4,250
2026-07-23 18:36:00,607.25,607.25,607.25,607.25,50
2026-07-23 18:37:00,607.3045,607.3045,607.3045,607.3045,100
2026-07-23 18:38:00,607.5,607.5,607.5,607.5,50
2026-07-23 18:41:00,607.25,607.25,607.0,607.0,200
2026-07-23 18:42:00,606.3,606.3,606.3,606.3,150
2026-07-23 18:43:00,607.01,607.01,607.01,607.01,80
2026-07-23 18:46:00,607.0,607.0,607.0,607.0,68
2026-07-23 18:51:00,607.18,607.19,607.18,607.19,100
2026-07-23 18:52:00,607.0,607.0,607.0,607.0,239
2026-07-23 18:53:00,607.3218,607.3218,607.3218,607.3218,200
2026-07-23 18:55:00,607.14,607.2,607.1028,607.2,150
2026-07-23 18:56:00,607.2,607.2,607.2,607.2,50
2026-07-23 18:57:00,607.15,607.3,607.15,607.3,134
2026-07-23 18:58:00,607.14,607.36,607.14,607.36,242
2026-07-23 18:59:00,607.39,607.39,607.39,607.39,112
2026-07-23 19:00:00,607.5,607.51,607.19,607.51,205
2026-07-23 19:01:00,607.5,607.5,607.31,607.31,293
2026-07-23 19:03:00,607.55,607.7682,607.26,607.26,400
2026-07-23 19:04:00,607.65,607.65,607.24,607.24,200
2026-07-23 19:08:00,607.14,607.14,607.0116,607.0116,940
2026-07-23 19:09:00,607.0,607.0,607.0,607.0,86
2026-07-23 19:10:00,606.95,606.95,606.95,606.95,100
2026-07-23 19:11:00,607.0486,607.24,607.0486,607.24,90
2026-07-23 19:14:00,606.96,606.96,606.96,606.96,382
2026-07-23 19:15:00,606.96,606.96,606.96,606.96,50
2026-07-23 19:16:00,606.96,606.9923,606.96,606.9923,250
2026-07-23 19:20:00,606.9577,606.9577,606.9577,606.9577,325
2026-07-23 19:21:00,607.0,607.0,607.0,607.0,40
2026-07-23 19:25:00,607.02,607.29,607.02,607.29,200
2026-07-23 19:26:00,607.05,607.31,607.05,607.15,200
2026-07-23 19:27:00,607.25,607.25,607.2,607.2,100
2026-07-23 19:28:00,607.25,607.25,607.25,607.25,182
2026-07-23 19:29:00,607.19,607.19,607.13,607.13,140
2026-07-23 19:30:00,607.16,607.45,607.16,607.16,250
2026-07-23 19:31:00,607.15,607.43,607.1,607.43,150
2026-07-23 19:32:00,607.33,607.33,607.2,607.2,200
2026-07-23 19:33:00,607.29,607.29,607.2,607.2,129
2026-07-23 19:34:00,607.21,607.21,607.21,607.21,50
2026-07-23 19:35:00,607.42,607.46,607.21,607.21,398
2026-07-23 19:36:00,607.46,607.49,607.22,607.24,450
2026-07-23 19:37:00,607.2,607.256,607.2,607.256,100
2026-07-23 19:38:00,607.2,607.2,607.2,607.2,48
2026-07-23 19:39:00,606.9959,607.0,606.73,606.73,438
2026-07-23 19:40:00,606.99,606.99,606.44,606.44,556
2026-07-23 19:41:00,606.92,606.93,606.43,606.55,381
2026-07-23 19:42:00,606.73,606.9,606.54,606.57,422
2026-07-23 19:43:00,606.75,606.75,606.75,606.75,50
2026-07-23 19:44:00,606.8,606.8,606.62,606.62,100
2026-07-23 19:45:00,607.0,607.0,607.0,607.0,54
2026-07-23 19:47:00,606.64,606.75,606.64,606.75,349
2026-07-23 19:49:00,606.7638,606.7638,606.7638,606.7638,400
2026-07-23 19:51:00,606.7524,606.85,606.7524,606.85,130
2026-07-23 19:52:00,606.8344,606.8344,606.75,606.75,100
2026-07-23 19:53:00,606.7584,606.7584,606.75,606.75,400
2026-07-23 19:54:00,606.7,606.7,606.4199,606.48,250
2026-07-23 19:55:00,606.67,606.67,606.41,606.41,360
2026-07-23 19:56:00,606.53,606.73,606.53,606.6,510
2026-07-23 19:59:00,606.85,606.8647,606.85,606.8647,98
