timestamp,open,high,low,close,volume
2026-07-07 04:00:00,387.84,389.7474,387.26,389.18,35602
2026-07-07 04:01:00,389.38,389.6,387.5,389.6,6954
2026-07-07 04:02:00,389.93,390.5,389.93,390.49,3091
2026-07-07 04:03:00,390.15,390.3,387.4,388.5,9761
2026-07-07 04:04:00,388.82,390.4,387.6,388.51,14402
2026-07-07 04:05:00,388.41,390.5,387.88,389.17,17513
2026-07-07 04:06:00,389.5,390.5736,388.29,390.5,4244
2026-07-07 04:07:00,388.82,390.99,388.82,390.99,1268
2026-07-07 04:08:00,390.8963,390.8963,390.8963,390.8963,156
2026-07-07 04:09:00,390.98,390.98,389.45,389.45,742
2026-07-07 04:10:00,390.98,391.25,390.95,391,2701
2026-07-07 04:11:00,391.36,391.8,391.28,391.6,1885
2026-07-07 04:12:00,391.58,391.9108,391.38,391.8,3127
2026-07-07 04:13:00,391.67,391.77,391.61,391.77,1601
2026-07-07 04:14:00,391.77,391.77,391.6373,391.7003,249
2026-07-07 04:15:00,391.72,391.75,391.61,391.7469,663
2026-07-07 04:16:00,391.52,391.7,391.5,391.5,274
2026-07-07 04:17:00,391.39,391.54,391.28,391.3176,1159
2026-07-07 04:18:00,391.6,391.6,391.6,391.6,1249
2026-07-07 04:19:00,391.61,391.61,391.54,391.6,536
2026-07-07 04:20:00,391.5,391.5,391.49,391.5,412
2026-07-07 04:21:00,391.45,391.45,391.3,391.3,141
2026-07-07 04:22:00,391.44,391.5,391.43,391.43,200
2026-07-07 04:23:00,391.3013,391.37,391.2,391.35,754
2026-07-07 04:24:00,391.35,391.45,391.2,391.45,1224
2026-07-07 04:25:00,391.45,391.7,391.45,391.7,1994
2026-07-07 04:26:00,391.8,391.88,391.79,391.8536,1824
2026-07-07 04:27:00,391.8578,391.8578,391.7456,391.75,777
2026-07-07 04:28:00,391.77,391.88,391.74,391.88,825
2026-07-07 04:29:00,391.95,392.38,391.95,392.04,2322
2026-07-07 04:30:00,392.28,392.28,392,392.24,1192
2026-07-07 04:31:00,392.04,392.24,392,392.24,984
2026-07-07 04:32:00,392.22,392.22,392.01,392.16,610
2026-07-07 04:33:00,392.07,392.07,392,392,455
2026-07-07 04:34:00,391.8351,391.91,391.8351,391.91,180
2026-07-07 04:35:00,391.93,391.93,391.88,391.897,462
2026-07-07 04:36:00,391.85,391.89,391.8,391.89,384
2026-07-07 04:38:00,391.89,391.98,391.87,391.98,170
2026-07-07 04:39:00,392.1485,392.1485,391.98,392.06,590
2026-07-07 04:40:00,392.02,392.15,391.9856,392.14,993
2026-07-07 04:41:00,391.98,391.98,391.92,391.98,688
2026-07-07 04:42:00,391.83,391.83,391.7,391.7183,245
2026-07-07 04:43:00,391.56,391.56,391.56,391.56,250
2026-07-07 04:44:00,391.74,391.8,391.74,391.8,365
2026-07-07 04:45:00,391.6,391.72,391.59,391.72,223
2026-07-07 04:46:00,391.57,391.6,391.4,391.5,213
2026-07-07 04:47:00,391.8,391.8,391.3916,391.3916,500
2026-07-07 04:48:00,391.6,391.8,391.6,391.8,200
2026-07-07 04:49:00,391.72,391.72,391.69,391.7,230
2026-07-07 04:50:00,391.8,392.17,391.7,392.07,2567
2026-07-07 04:51:00,392.27,392.4,392.27,392.3109,642
2026-07-07 04:52:00,392.09,392.09,391.98,391.98,601
2026-07-07 04:53:00,391.86,392,391.86,392,90
2026-07-07 04:54:00,392,392,392,392,65
2026-07-07 04:55:00,392.08,392.08,392.08,392.08,51
2026-07-07 04:56:00,391.98,392.22,391.92,392.22,288
2026-07-07 04:57:00,392.32,392.395,392.3,392.3,506
2026-07-07 04:58:00,392.32,392.4,392.32,392.4,190
2026-07-07 04:59:00,392.28,392.35,392.24,392.299,974
2026-07-07 05:01:00,392.18,392.55,392.18,392.55,1401
2026-07-07 05:02:00,392.47,392.47,392.47,392.47,56
2026-07-07 05:03:00,392.47,392.8,392.47,392.8,260
2026-07-07 05:04:00,392.6874,393,392.6874,392.85,1364
2026-07-07 05:05:00,392.8372,392.91,392.83,392.86,959
2026-07-07 05:06:00,392.9,392.97,392.88,392.91,1379
2026-07-07 05:07:00,393,393,392.96,392.96,1784
2026-07-07 05:08:00,392.88,392.88,392.87,392.87,88
2026-07-07 05:09:00,392.97,393,392.82,392.86,1109
2026-07-07 05:10:00,392.8,392.86,392.8,392.86,410
2026-07-07 05:11:00,392.9,393.165,392.9,393.165,2950
2026-07-07 05:12:00,393.0346,393.23,393.0346,393.23,383
2026-07-07 05:13:00,393.2,393.2,393.01,393.01,1643
2026-07-07 05:14:00,392.91,392.9253,392.81,392.9253,245
2026-07-07 05:15:00,392.82,392.82,392.68,392.81,976
2026-07-07 05:16:00,392.66,392.7,392.6,392.68,781
2026-07-07 05:17:00,392.5,392.54,392.47,392.47,2740
2026-07-07 05:18:00,392.32,392.4,392.3,392.4,2067
2026-07-07 05:19:00,392.43,392.6508,392.1692,392.6508,287
2026-07-07 05:20:00,392.5,392.5,392.4,392.5,611
2026-07-07 05:21:00,392.72,392.72,392.7,392.7,180
2026-07-07 05:22:00,392.53,392.59,392.5,392.5,337
2026-07-07 05:23:00,392.74,392.74,392.4,392.67,800
2026-07-07 05:24:00,392.2,392.3,392.1304,392.3,679
2026-07-07 05:25:00,392.45,392.45,392.2365,392.2365,151
2026-07-07 05:26:00,392.663,392.663,392.47,392.47,427
2026-07-07 05:27:00,392.53,392.74,392.47,392.73,2058
2026-07-07 05:28:00,392.75,392.95,392.75,392.95,1342
2026-07-07 05:29:00,393,393.03,392.85,392.85,1143
2026-07-07 05:30:00,392.96,393,392.85,392.97,2083
2026-07-07 05:31:00,393,393.1225,392.95,393.1225,653
2026-07-07 05:32:00,392.95,393.1387,392.95,393.03,1958
2026-07-07 05:33:00,393.04,393.2979,392.85,393.26,21390
2026-07-07 05:34:00,392.95,393.04,392.86,393.04,408
2026-07-07 05:35:00,393.26,393.26,393.12,393.16,452
2026-07-07 05:36:00,392.89,393.0389,392.89,393,895
2026-07-07 05:37:00,393,393,393,393,200
2026-07-07 05:38:00,393.07,393.07,392.86,393.01,343
2026-07-07 05:39:00,393.01,393.02,393.01,393.01,431
2026-07-07 05:40:00,393.3,393.3,393.23,393.28,178
2026-07-07 05:41:00,393.3,393.42,393.3,393.42,550
2026-07-07 05:42:00,393.37,393.42,393.23,393.23,465
2026-07-07 05:43:00,393.37,393.37,393.2679,393.2679,260
2026-07-07 05:44:00,393.26,393.26,393.25,393.25,322
2026-07-07 05:45:00,393.33,393.33,393.0852,393.0852,691
2026-07-07 05:46:00,393.15,393.15,393,393,2928
2026-07-07 05:47:00,392.8777,393.19,392.8777,393,670
2026-07-07 05:49:00,392.95,392.95,392.94,392.95,1097
2026-07-07 05:50:00,393.02,393.02,393,393,86
2026-07-07 05:51:00,393.06,393.17,393,393,417
2026-07-07 05:52:00,393.0296,393.06,392.83,392.85,2154
2026-07-07 05:53:00,392.86,392.86,392.5,392.5,1166
2026-07-07 05:54:00,392.5224,392.84,392.5224,392.84,285
2026-07-07 05:55:00,392.6002,392.84,392.6002,392.84,213
2026-07-07 05:56:00,392.63,392.71,392.63,392.71,597
2026-07-07 05:57:00,392.7556,392.83,392.48,392.48,767
2026-07-07 05:58:00,392.6452,392.66,392.6452,392.66,90
2026-07-07 05:59:00,392.66,392.67,392.65,392.67,159
2026-07-07 06:00:00,392.48,392.611,392.48,392.611,399
2026-07-07 06:01:00,392.52,392.52,392.3,392.34,309
2026-07-07 06:02:00,392.35,392.35,392.32,392.32,244
2026-07-07 06:03:00,392.14,392.2,392.0846,392.15,426
2026-07-07 06:04:00,392.25,392.27,392.25,392.27,138
2026-07-07 06:05:00,392.28,392.41,392.12,392.41,380
2026-07-07 06:06:00,392.5,392.5,392.41,392.48,152
2026-07-07 06:08:00,392.3,392.3,392.3,392.3,320
2026-07-07 06:09:00,392.31,392.31,392.2,392.2,359
2026-07-07 06:11:00,392.22,392.22,392.1533,392.21,413
2026-07-07 06:12:00,392.17,392.17,392.1,392.1,589
2026-07-07 06:13:00,392.05,392.05,392.02,392.02,425
2026-07-07 06:14:00,392.04,392.06,392.02,392.06,795
2026-07-07 06:15:00,392.03,392.05,391.81,391.81,609
2026-07-07 06:16:00,391.88,392.05,391.88,392.05,393
2026-07-07 06:17:00,392.02,392.18,392,392.18,611
2026-07-07 06:18:00,392.18,392.394,392.15,392.15,359
2026-07-07 06:19:00,392.05,392.36,392.04,392.35,1694
2026-07-07 06:20:00,392.34,392.5,392.34,392.5,803
2026-07-07 06:21:00,392.44,392.55,392.35,392.44,1608
2026-07-07 06:22:00,392.2,392.35,392.2,392.3,1240
2026-07-07 06:23:00,392.33,392.56,392.32,392.55,1442
2026-07-07 06:24:00,392.5,392.8033,392.5,392.8033,182
2026-07-07 06:25:00,392.6,392.7,392.6,392.7,313
2026-07-07 06:26:00,392.6,392.8,392,392,6968
2026-07-07 06:27:00,392.33,392.45,392.21,392.37,2789
2026-07-07 06:28:00,392.16,392.45,392.01,392.45,1494
2026-07-07 06:29:00,392.3,392.3,392.292,392.292,160
2026-07-07 06:30:00,392.24,392.28,392.16,392.16,214
2026-07-07 06:31:00,392.23,392.45,392,392,2062
2026-07-07 06:32:00,392.1214,392.1214,392.1214,392.1214,109
2026-07-07 06:33:00,392.37,392.37,392.37,392.37,80
2026-07-07 06:34:00,392.44,392.45,392.023,392.45,357
2026-07-07 06:35:00,392.4,392.4,392.4,392.4,380
2026-07-07 06:36:00,392.36,392.4,392.25,392.4,444
2026-07-07 06:37:00,392.49,392.5,392.47,392.49,599
2026-07-07 06:38:00,392.39,392.39,392.39,392.39,154
2026-07-07 06:39:00,392.4,392.7,392.2973,392.57,3275
2026-07-07 06:40:00,392.6,392.85,392.59,392.85,1917
2026-07-07 06:41:00,392.7,392.7,392.7,392.7,240
2026-07-07 06:43:00,392.62,392.62,392.62,392.62,42
2026-07-07 06:44:00,392.6,392.62,392.5,392.5,971
2026-07-07 06:45:00,392.55,392.55,392.49,392.49,183
2026-07-07 06:46:00,392.39,392.39,392.39,392.39,90
2026-07-07 06:47:00,392.39,392.4,392.39,392.4,147
2026-07-07 06:48:00,392.39,392.39,392.35,392.35,600
2026-07-07 06:49:00,392.34,392.34,392.32,392.32,201
2026-07-07 06:50:00,392.34,392.34,392.3,392.3,126
2026-07-07 06:51:00,392.35,392.36,392.29,392.29,420
2026-07-07 06:52:00,392.175,392.24,392.1,392.1,761
2026-07-07 06:53:00,392.16,392.17,392.1,392.17,277
2026-07-07 06:54:00,392.1,392.1,392.1,392.1,80
2026-07-07 06:55:00,392.11,392.11,392.11,392.11,40
2026-07-07 06:56:00,392.05,392.05,392,392,178
2026-07-07 06:57:00,392.24,392.24,391.86,391.86,371
2026-07-07 06:58:00,391.81,391.81,391.68,391.74,1055
2026-07-07 06:59:00,391.76,391.76,391.6,391.6,739
2026-07-07 07:00:00,391.61,392.24,391.6,392,13793
2026-07-07 07:01:00,392.2,392.79,392.16,392.79,6816
2026-07-07 07:02:00,392.92,393.04,392.57,392.57,5010
2026-07-07 07:03:00,392.918,393.26,392.65,393,4375
2026-07-07 07:04:00,393,393.158,392.4648,392.72,1310
2026-07-07 07:05:00,392.91,393.1093,392.6532,393.1093,1216
2026-07-07 07:06:00,393.1878,393.35,393.17,393.1952,1620
2026-07-07 07:07:00,393.2017,393.69,392.99,393.69,5988
2026-07-07 07:08:00,393.34,393.39,393.047,393.15,933
2026-07-07 07:09:00,393.17,393.17,393,393.15,1212
2026-07-07 07:10:00,393.13,393.32,392.91,392.91,1670
2026-07-07 07:11:00,392.94,393.1973,392.91,393.1973,703
2026-07-07 07:12:00,393.14,393.19,393,393.09,2176
2026-07-07 07:13:00,393.0397,393.1,393.03,393.05,644
2026-07-07 07:14:00,393.03,393.28,392.98,393.1,2025
2026-07-07 07:15:00,393.09,393.09,392.57,392.57,1751
2026-07-07 07:16:00,392.6047,393,392.6047,393,2373
2026-07-07 07:17:00,393.0067,393.1,392.8,393,741
2026-07-07 07:18:00,392.99,393.15,392.6621,392.96,2685
2026-07-07 07:19:00,393.13,393.19,393,393.17,11330
2026-07-07 07:20:00,393.17,393.17,393,393,1051
2026-07-07 07:21:00,393.02,393.02,392.95,392.95,1506
2026-07-07 07:22:00,392.96,392.97,392.7193,392.9,2195
2026-07-07 07:23:00,392.94,392.94,392.8,392.85,193
2026-07-07 07:24:00,392.73,392.73,392.5807,392.61,1623
2026-07-07 07:25:00,392.6767,392.7,392.6,392.7,3907
2026-07-07 07:26:00,392.5702,392.66,392.57,392.6491,1597
2026-07-07 07:27:00,392.64,392.64,392.5701,392.5946,7999
2026-07-07 07:28:00,392.59,392.59,392.5235,392.5235,1254
2026-07-07 07:29:00,392.57,392.57,392.2282,392.35,1713
2026-07-07 07:30:00,392.43,392.645,392.4,392.55,834
2026-07-07 07:31:00,392.62,392.68,392.5,392.5,521
2026-07-07 07:32:00,392.59,392.59,392.59,392.59,105
2026-07-07 07:33:00,392.83,392.83,392.72,392.7238,533
2026-07-07 07:34:00,392.77,392.77,392.51,392.51,484
2026-07-07 07:35:00,392.68,392.68,392.67,392.67,235
2026-07-07 07:36:00,392.6156,392.74,392.28,392.6128,1893
2026-07-07 07:37:00,392.58,392.58,392.3072,392.3342,978
2026-07-07 07:38:00,392.49,392.53,392.49,392.53,356
2026-07-07 07:39:00,392.5,392.52,392.5,392.52,439
2026-07-07 07:40:00,392.416,392.86,392.416,392.85,2305
2026-07-07 07:41:00,392.8,392.89,392.7837,392.88,738
2026-07-07 07:42:00,392.8,392.975,392.6904,392.91,1281
2026-07-07 07:43:00,392.9,392.9993,392.9,392.98,957
2026-07-07 07:44:00,392.99,393.15,392.77,393.06,4103
2026-07-07 07:45:00,392.7058,392.91,392.7058,392.75,625
2026-07-07 07:46:00,392.8,392.88,392.8,392.87,705
2026-07-07 07:47:00,392.8,392.9427,392.8,392.8101,697
2026-07-07 07:48:00,392.882,393.1,392.882,393.021,1647
2026-07-07 07:49:00,393.01,393.1,393,393.1,3151
2026-07-07 07:50:00,393.1509,393.1509,392.95,393,5997
2026-07-07 07:51:00,393,393.0128,392.61,392.64,3662
2026-07-07 07:52:00,392.61,392.8,392.21,392.21,10642
2026-07-07 07:53:00,392.2351,392.51,392.2351,392.51,2047
2026-07-07 07:54:00,392.2607,392.58,392.2607,392.49,968
2026-07-07 07:55:00,392.4657,392.48,392.2927,392.48,338
2026-07-07 07:56:00,392.46,392.46,392.32,392.33,610
2026-07-07 07:57:00,392.35,392.44,392.35,392.3732,570
2026-07-07 07:58:00,392.48,392.65,392.41,392.52,2263
2026-07-07 07:59:00,392.6,392.6,392.32,392.32,643
2026-07-07 08:00:00,392.4661,392.4661,391.85,391.85,13656
2026-07-07 08:01:00,391.75,392,391.48,391.53,10384
2026-07-07 08:02:00,391.67,391.83,391.67,391.83,1918
2026-07-07 08:03:00,391.8,391.81,391.37,391.6235,2838
2026-07-07 08:04:00,391.6,391.75,391.6,391.7,1995
2026-07-07 08:05:00,391.75,391.9,391.75,391.82,1506
2026-07-07 08:06:00,391.8899,391.8899,391.7698,391.7698,208
2026-07-07 08:07:00,391.82,391.9487,391.71,391.85,2698
2026-07-07 08:08:00,391.86,391.86,391.81,391.81,192
2026-07-07 08:09:00,391.8136,391.99,391.7,391.91,4349
2026-07-07 08:10:00,391.91,392,391.79,391.86,1237
2026-07-07 08:11:00,391.9183,391.9183,391.73,391.79,586
2026-07-07 08:12:00,391.82,391.85,391.7268,391.75,995
2026-07-07 08:13:00,391.9,391.9,391.6,391.6,1519
2026-07-07 08:14:00,391.48,391.5622,391.3,391.5515,3148
2026-07-07 08:15:00,391.5101,391.72,391.5,391.72,566
2026-07-07 08:16:00,391.68,391.72,391.65,391.7,1128
2026-07-07 08:17:00,391.68,391.79,391.65,391.79,1498
2026-07-07 08:18:00,391.75,391.8,391.75,391.79,3377
2026-07-07 08:19:00,391.7793,391.8,391.74,391.77,3283
2026-07-07 08:20:00,391.79,391.8,391.7,391.7,797
2026-07-07 08:21:00,391.7,391.8,391.65,391.7,1211
2026-07-07 08:22:00,391.71,392.13,391.71,392.13,8426
2026-07-07 08:23:00,392.01,392.01,391.7,391.77,3424
2026-07-07 08:24:00,391.7409,391.87,391.72,391.751,1596
2026-07-07 08:25:00,391.78,391.86,391.78,391.82,522
2026-07-07 08:26:00,391.8,391.8,391.8,391.8,92
2026-07-07 08:27:00,391.75,391.78,391.7,391.7,1087
2026-07-07 08:28:00,391.74,391.77,391.67,391.74,1153
2026-07-07 08:29:00,391.5559,391.6831,391.5269,391.6,600
2026-07-07 08:30:00,391.66,391.66,391.5434,391.5434,587
2026-07-07 08:31:00,391.59,391.7,391.5601,391.5601,1011
2026-07-07 08:32:00,391.61,391.91,391.52,391.91,11140
2026-07-07 08:33:00,392.06,392.06,391.91,391.91,405
2026-07-07 08:34:00,391.99,392,391.9786,391.98,597
2026-07-07 08:35:00,391.98,392.1,391.98,392.1,1866
2026-07-07 08:36:00,392.0957,392.0957,391.89,391.89,2090
2026-07-07 08:37:00,391.89,391.89,391.76,391.87,796
2026-07-07 08:38:00,391.76,391.7601,391.76,391.7601,505
2026-07-07 08:39:00,391.7691,391.7691,391.6,391.6158,776
2026-07-07 08:40:00,391.65,391.6592,391.6,391.6,292
2026-07-07 08:41:00,391.58,391.63,391.58,391.58,1529
2026-07-07 08:42:00,391.57,391.63,391.5,391.5,1097
2026-07-07 08:43:00,391.52,391.65,391.5,391.61,1285
2026-07-07 08:44:00,391.6,391.78,391.6,391.78,1718
2026-07-07 08:45:00,391.8,391.9,391.8,391.9,706
2026-07-07 08:46:00,391.89,392,391.89,392,1127
2026-07-07 08:47:00,392.08,392.14,391.9917,391.9917,1644
2026-07-07 08:48:00,391.9302,392.79,391.9302,392.72,3959
2026-07-07 08:49:00,392.61,392.67,392.47,392.5,1585
2026-07-07 08:50:00,392.47,392.55,392.47,392.48,787
2026-07-07 08:51:00,392.5069,392.5069,392.45,392.47,1356
2026-07-07 08:52:00,392.38,392.38,392.27,392.34,537
2026-07-07 08:53:00,392.4,392.4,392.3,392.3,685
2026-07-07 08:54:00,392.36,392.52,392.2701,392.52,1603
2026-07-07 08:55:00,392.51,392.5274,392.44,392.46,1127
2026-07-07 08:56:00,392.43,392.7,392.302,392.69,775
2026-07-07 08:57:00,392.78,392.8235,392.76,392.78,1859
2026-07-07 08:58:00,392.79,392.8,392.53,392.53,913
2026-07-07 08:59:00,392.664,392.664,392.49,392.66,303
2026-07-07 09:00:00,392.516,392.71,392.4317,392.71,698
2026-07-07 09:01:00,392.6317,392.91,392.63,392.85,1206
2026-07-07 09:02:00,392.94,393.68,392.85,393.46,7837
2026-07-07 09:03:00,393.58,393.58,393,393,3687
2026-07-07 09:04:00,393,393.11,392.98,392.98,476
2026-07-07 09:05:00,392.7,393.03,392.7,393,1235
2026-07-07 09:06:00,393.0276,393.0276,392.5826,392.59,2635
2026-07-07 09:07:00,392.88,392.88,392.52,392.75,3041
2026-07-07 09:08:00,392.52,392.7,392.4,392.4,1090
2026-07-07 09:09:00,392.4019,392.5,392.4019,392.45,1475
2026-07-07 09:10:00,392.4,392.42,392.32,392.411,1896
2026-07-07 09:11:00,392.4091,392.57,392.4091,392.4864,895
2026-07-07 09:12:00,392.6,392.7023,392.56,392.6301,2334
2026-07-07 09:13:00,392.73,393,392.6791,392.87,2196
2026-07-07 09:14:00,392.79,392.9135,392.75,392.7949,220
2026-07-07 09:15:00,392.7858,392.7858,392.5735,392.64,1306
2026-07-07 09:16:00,392.65,392.81,392.5808,392.8,2561
2026-07-07 09:17:00,392.73,392.83,392.73,392.82,620
2026-07-07 09:18:00,392.73,392.77,392.61,392.74,792
2026-07-07 09:19:00,392.66,392.9056,392.66,392.8,1395
2026-07-07 09:20:00,392.85,392.95,392.8,392.95,1725
2026-07-07 09:21:00,392.93,392.93,392.7,392.79,1509
2026-07-07 09:22:00,392.7584,392.77,392.59,392.65,3580
2026-07-07 09:23:00,392.74,392.93,392.74,392.7558,1175
2026-07-07 09:24:00,392.74,392.7468,392.37,392.37,3828
2026-07-07 09:25:00,392.48,392.48,392.3,392.4281,3268
2026-07-07 09:26:00,392.43,392.94,392.41,392.86,2420
2026-07-07 09:27:00,392.87,393.18,392.48,393.16,7500
2026-07-07 09:28:00,392.41,392.64,392.24,392.24,4749
2026-07-07 09:29:00,392.39,392.87,392.23,392.53,4924
2026-07-07 09:30:00,392.56,393,391.32,392.33,627400
2026-07-07 09:31:00,392.29,392.9,391.74,392.55,174556
2026-07-07 09:32:00,392.62,393.93,392.3601,393.82,179895
2026-07-07 09:33:00,393.82,394.59,393.67,394.1105,208954
2026-07-07 09:34:00,394.145,394.22,392.19,392.74,178474
2026-07-07 09:35:00,392.76,393.87,392.76,393.565,124515
2026-07-07 09:36:00,393.61,394.02,392.36,392.76,192055
2026-07-07 09:37:00,392.7925,393.18,392.03,392.9,179191
2026-07-07 09:38:00,392.99,393.99,392.75,392.885,89847
2026-07-07 09:39:00,392.89,393.71,392.62,393.36,90986
2026-07-07 09:40:00,393.3844,393.519,392.15,392.7299,83282
2026-07-07 09:41:00,392.67,392.67,391.16,391.32,92060
2026-07-07 09:42:00,391.25,391.25,388.99,389.05,133365
2026-07-07 09:43:00,389.075,390.47,388.52,390.375,100870
2026-07-07 09:44:00,390.36,390.7799,390.04,390.28,63911
2026-07-07 09:45:00,390.29,391.12,389.88,390.94,81923
2026-07-07 09:46:00,390.935,391.89,390.81,391.5245,97223
2026-07-07 09:47:00,391.548,392.048,391.265,391.375,98081
2026-07-07 09:48:00,391.385,392.14,391.23,391.955,76599
2026-07-07 09:49:00,391.935,392.33,391.67,391.67,69934
2026-07-07 09:50:00,391.7572,392.27,391.47,392.25,56770
2026-07-07 09:51:00,392.1101,392.43,391.715,391.97,40765
2026-07-07 09:52:00,391.97,392.7199,391.95,392.676,60833
2026-07-07 09:53:00,392.62,393.429,392.58,393.4252,84441
2026-07-07 09:54:00,393.385,393.75,393.04,393.45,97135
2026-07-07 09:55:00,393.55,393.98,393.315,393.78,66938
2026-07-07 09:56:00,393.74,394.21,393.37,393.97,95037
2026-07-07 09:57:00,393.96,394.09,393.3,393.8728,66571
2026-07-07 09:58:00,393.875,394.75,393.81,394.06,142479
2026-07-07 09:59:00,394.135,394.2699,392.84,393.44,133280
2026-07-07 10:00:00,393.46,393.46,392.51,393.08,84718
2026-07-07 10:01:00,392.9801,393.22,392.25,392.385,54604
2026-07-07 10:02:00,392.38,392.92,391.8205,392.09,94490
2026-07-07 10:03:00,392.11,392.33,391.57,391.57,55069
2026-07-07 10:04:00,391.54,392.49,391.5,392.49,57734
2026-07-07 10:05:00,392.43,392.4895,392.155,392.38,38931
2026-07-07 10:06:00,392.38,392.57,392.01,392.5127,66843
2026-07-07 10:07:00,392.49,392.73,392.18,392.265,50446
2026-07-07 10:08:00,392.34,392.46,391.93,391.935,44477
2026-07-07 10:09:00,391.985,392.14,391.52,391.64,94212
2026-07-07 10:10:00,391.645,392.81,391.55,392.78,48999
2026-07-07 10:11:00,392.72,392.92,392.27,392.3328,49811
2026-07-07 10:12:00,392.3001,392.79,391.98,392.555,40770
2026-07-07 10:13:00,392.6,393.37,392.5748,393.07,121258
2026-07-07 10:14:00,393.12,393.25,392.65,392.99,66659
2026-07-07 10:15:00,392.945,393.32,392.45,393.28,83406
2026-07-07 10:16:00,393.32,394,393.1723,393.79,61677
2026-07-07 10:17:00,393.84,394.16,393.64,394.005,82134
2026-07-07 10:18:00,394,394.49,394,394.4,82314
2026-07-07 10:19:00,394.4,395.1107,394,395.1107,188406
2026-07-07 10:20:00,395.06,395.57,394.775,394.775,116415
2026-07-07 10:21:00,394.79,395.01,393.86,393.93,97854
2026-07-07 10:22:00,393.88,394,393.54,393.975,72794
2026-07-07 10:23:00,393.955,394.12,393.419,393.6895,57668
2026-07-07 10:24:00,393.69,394.4299,393.65,394.3599,86402
2026-07-07 10:25:00,394.39,394.39,393.72,393.77,87460
2026-07-07 10:26:00,393.82,393.83,393.05,393.22,84617
2026-07-07 10:27:00,393.32,393.71,393.235,393.535,62980
2026-07-07 10:28:00,393.56,393.84,393.4,393.65,56746
2026-07-07 10:29:00,393.6026,393.98,393.402,393.92,69281
2026-07-07 10:30:00,393.8775,394.24,393.7901,394.09,53850
2026-07-07 10:31:00,394.06,394.3,393.8,393.875,47756
2026-07-07 10:32:00,393.865,394.14,393.65,393.91,44074
2026-07-07 10:33:00,394,394.39,393.6,394.295,55153
2026-07-07 10:34:00,394.2401,394.88,393.9506,394.135,117715
2026-07-07 10:35:00,394.135,394.33,393.98,394.185,66326
2026-07-07 10:36:00,394.23,394.64,393.9001,393.97,47850
2026-07-07 10:37:00,394.02,394.11,392.59,392.82,152487
2026-07-07 10:38:00,392.7502,393.37,392.6701,393.182,58810
2026-07-07 10:39:00,393.21,393.3,392.7,392.75,58971
2026-07-07 10:40:00,392.71,393.49,392.709,393.44,52153
2026-07-07 10:41:00,393.43,393.57,393.05,393.05,46080
2026-07-07 10:42:00,393.0315,393.17,392.54,392.8099,45161
2026-07-07 10:43:00,392.69,393.23,392.35,393.16,60586
2026-07-07 10:44:00,393.19,393.96,393.18,393.945,67782
2026-07-07 10:45:00,393.945,394.17,393.6822,394.09,50377
2026-07-07 10:46:00,394.08,394.27,393.6269,393.67,48397
2026-07-07 10:47:00,393.7,393.705,392.3316,392.365,48757
2026-07-07 10:48:00,392.38,392.56,391.79,391.93,41435
2026-07-07 10:49:00,391.88,392.82,391.88,392.735,61215
2026-07-07 10:50:00,392.7899,393.1,392.61,393.079,77743
2026-07-07 10:51:00,393.1,393.24,392.72,392.765,57272
2026-07-07 10:52:00,392.765,392.765,392.21,392.25,46435
2026-07-07 10:53:00,392.27,392.38,391.5201,391.615,90775
2026-07-07 10:54:00,391.615,391.88,391.47,391.83,70035
2026-07-07 10:55:00,391.825,392.25,391.71,392.215,39217
2026-07-07 10:56:00,392.18,392.48,392.02,392.26,63405
2026-07-07 10:57:00,392.27,392.76,392.27,392.5305,46530
2026-07-07 10:58:00,392.555,392.71,392.01,392.055,43538
2026-07-07 10:59:00,392.055,392.06,391.76,391.9,63876
2026-07-07 11:00:00,391.93,392.25,391.785,392.19,63363
2026-07-07 11:01:00,392.13,392.52,392.13,392.345,68656
2026-07-07 11:02:00,392.345,393.17,392.345,392.854,77893
2026-07-07 11:03:00,392.835,393.13,392.805,393.04,44607
2026-07-07 11:04:00,393.065,393.18,392.805,392.942,45465
2026-07-07 11:05:00,392.9551,393.795,392.88,393.795,61548
2026-07-07 11:06:00,393.81,394.08,393.31,393.3703,77031
2026-07-07 11:07:00,393.4,393.48,392.9252,392.93,57525
2026-07-07 11:08:00,392.9,393.1599,392.835,392.91,33641
2026-07-07 11:09:00,392.95,393.5935,392.86,393.215,31655
2026-07-07 11:10:00,393.19,393.22,392.58,392.58,32886
2026-07-07 11:11:00,392.63,392.99,392.595,392.78,21076
2026-07-07 11:12:00,392.79,392.87,392.48,392.685,34103
2026-07-07 11:13:00,392.69,392.95,392.47,392.67,37553
2026-07-07 11:14:00,392.71,392.71,391.9239,391.975,55733
2026-07-07 11:15:00,391.975,392.255,391.89,392.13,26899
2026-07-07 11:16:00,392.18,392.71,392.18,392.64,25428
2026-07-07 11:17:00,392.64,393,392.5328,392.755,31464
2026-07-07 11:18:00,392.8,393.02,392.66,392.96,18893
2026-07-07 11:19:00,392.945,393.36,392.9,393.2,72958
2026-07-07 11:20:00,393.24,393.41,392.96,393.21,36471
2026-07-07 11:21:00,393.21,393.7899,393.205,393.6,63729
2026-07-07 11:22:00,393.58,393.75,393.4,393.425,64884
2026-07-07 11:23:00,393.425,393.66,393.2,393.5,29080
2026-07-07 11:24:00,393.55,393.74,393.47,393.5299,19284
2026-07-07 11:25:00,393.53,393.66,393.36,393.58,31926
2026-07-07 11:26:00,393.53,393.71,393.32,393.646,22957
2026-07-07 11:27:00,393.6409,393.6999,393.37,393.45,24012
2026-07-07 11:28:00,393.45,393.53,393.17,393.325,49767
2026-07-07 11:29:00,393.37,393.54,393.28,393.38,24838
2026-07-07 11:30:00,393.39,393.54,393.01,393.3638,46446
2026-07-07 11:31:00,393.3883,393.86,393.3883,393.86,41021
2026-07-07 11:32:00,393.85,393.87,393.56,393.68,24366
2026-07-07 11:33:00,393.69,393.71,392.9,392.98,62065
2026-07-07 11:34:00,392.948,393.04,392.5,392.595,64820
2026-07-07 11:35:00,392.57,392.85,392.5,392.81,69428
2026-07-07 11:36:00,392.81,392.89,392.6,392.7,31999
2026-07-07 11:37:00,392.7299,393.17,392.63,393.055,53074
2026-07-07 11:38:00,393.055,393.0699,392.9101,393.015,14183
2026-07-07 11:39:00,393.015,393.13,392.74,392.76,21719
2026-07-07 11:40:00,392.71,393.43,392.61,393.15,36958
2026-07-07 11:41:00,393.15,393.33,393.045,393.21,20694
2026-07-07 11:42:00,393.2175,393.23,393.04,393.09,24739
2026-07-07 11:43:00,393.11,393.12,392.79,392.995,35678
2026-07-07 11:44:00,392.995,393.41,392.8905,393.395,24403
2026-07-07 11:45:00,393.38,393.5,393.21,393.29,56090
2026-07-07 11:46:00,393.285,393.4,393.06,393.095,29213
2026-07-07 11:47:00,393.095,393.39,393.05,393.39,25720
2026-07-07 11:48:00,393.39,393.67,393.3,393.635,40413
2026-07-07 11:49:00,393.66,393.72,393.3,393.445,32218
2026-07-07 11:50:00,393.4303,393.58,393.3,393.335,46330
2026-07-07 11:51:00,393.335,393.61,393.33,393.435,21704
2026-07-07 11:52:00,393.4203,393.63,393.1,393.15,22689
2026-07-07 11:53:00,393.14,393.18,392.9,393.14,40382
2026-07-07 11:54:00,393.16,393.24,392.9,393.0395,34296
2026-07-07 11:55:00,393.06,393.49,392.83,393.44,67138
2026-07-07 11:56:00,393.4601,393.698,393.43,393.6425,45003
2026-07-07 11:57:00,393.6451,393.99,393.5618,393.8707,52453
2026-07-07 11:58:00,393.865,394.15,393.73,393.82,68005
2026-07-07 11:59:00,393.8,394,393.69,393.725,38110
2026-07-07 12:00:00,393.725,393.93,393.66,393.92,32411
2026-07-07 12:01:00,393.92,394.12,393.76,393.875,21783
2026-07-07 12:02:00,393.875,393.97,393.71,393.97,32563
2026-07-07 12:03:00,393.9645,393.9645,393.52,393.54,45105
2026-07-07 12:04:00,393.575,393.61,393.29,393.44,32472
2026-07-07 12:05:00,393.445,393.87,393.37,393.86,31825
2026-07-07 12:06:00,393.84,394.0499,393.71,393.895,45024
2026-07-07 12:07:00,393.8758,393.94,393.735,393.7501,23665
2026-07-07 12:08:00,393.79,394.05,393.775,393.79,35029
2026-07-07 12:09:00,393.8389,394.02,393.76,393.975,20387
2026-07-07 12:10:00,393.975,393.99,393.58,393.86,23002
2026-07-07 12:11:00,393.8999,394.27,393.86,394.095,32293
2026-07-07 12:12:00,394.095,394.095,393.5,393.64,27629
2026-07-07 12:13:00,393.64,393.71,393.35,393.41,13677
2026-07-07 12:14:00,393.41,393.48,393.05,393.215,23228
2026-07-07 12:15:00,393.215,393.28,393.05,393.28,21744
2026-07-07 12:16:00,393.265,393.38,393.0701,393.11,22997
2026-07-07 12:17:00,393.15,393.16,392.95,393.015,18101
2026-07-07 12:18:00,393.06,393.14,392.98,393,18405
2026-07-07 12:19:00,392.9601,394.4,392.71,393.39,169672
2026-07-07 12:20:00,393.425,394.26,393.17,394.18,84979
2026-07-07 12:21:00,394.29,394.29,393.53,393.695,45689
2026-07-07 12:22:00,393.74,393.85,393.49,393.74,31052
2026-07-07 12:23:00,393.755,394.1382,393.755,394.08,29526
2026-07-07 12:24:00,394.05,394.22,393.9138,394.17,34928
2026-07-07 12:25:00,394.2,394.34,394.05,394.21,28798
2026-07-07 12:26:00,394.195,394.29,394,394.2425,26980
2026-07-07 12:27:00,394.2701,394.2701,393.74,393.835,25143
2026-07-07 12:28:00,393.83,394.28,393.8,394.09,39026
2026-07-07 12:29:00,394.13,394.17,393.96,394.12,21197
2026-07-07 12:30:00,394.13,394.33,393.95,394.15,75307
2026-07-07 12:31:00,394.1987,394.1987,393.5786,393.9601,42096
2026-07-07 12:32:00,393.98,393.98,393.69,393.7475,32111
2026-07-07 12:33:00,393.7999,393.91,393.63,393.7387,20235
2026-07-07 12:34:00,393.74,394.17,393.71,393.76,35856
2026-07-07 12:35:00,393.85,394.01,393.6911,393.875,29848
2026-07-07 12:36:00,393.83,394.06,393.77,393.77,23631
2026-07-07 12:37:00,393.785,394.2699,393.75,394.09,29218
2026-07-07 12:38:00,394.09,394.8365,394.08,394.58,80519
2026-07-07 12:39:00,394.525,394.82,394.4101,394.59,59859
2026-07-07 12:40:00,394.615,394.7999,394.57,394.685,33822
2026-07-07 12:41:00,394.66,394.825,394.485,394.75,56378
2026-07-07 12:42:00,394.785,394.85,394.43,394.485,33224
2026-07-07 12:43:00,394.475,394.82,394.43,394.665,52859
2026-07-07 12:44:00,394.6301,394.78,394.18,394.225,26152
2026-07-07 12:45:00,394.23,394.25,394.03,394.15,25956
2026-07-07 12:46:00,394.105,394.5,394.08,394.35,27407
2026-07-07 12:47:00,394.3499,394.44,394.15,394.19,17648
2026-07-07 12:48:00,394.19,394.51,394.16,394.45,15213
2026-07-07 12:49:00,394.4513,394.65,394.38,394.57,22428
2026-07-07 12:50:00,394.6199,394.64,394.12,394.1496,28440
2026-07-07 12:51:00,394.1401,394.46,394.14,394.24,26624
2026-07-07 12:52:00,394.265,394.34,393.95,393.9604,22427
2026-07-07 12:53:00,393.95,394.09,393.93,394.03,24174
2026-07-07 12:54:00,394,394.25,393.96,394.25,19797
2026-07-07 12:55:00,394.28,394.58,394.2496,394.555,23734
2026-07-07 12:56:00,394.555,394.555,394.38,394.51,15531
2026-07-07 12:57:00,394.5,394.529,394.2,394.23,30850
2026-07-07 12:58:00,394.12,394.15,393.95,394.09,24087
2026-07-07 12:59:00,394.0901,394.21,393.94,394.05,46192
2026-07-07 13:00:00,394.095,394.095,393.81,393.94,16496
2026-07-07 13:01:00,393.9001,394.27,393.86,394.17,17711
2026-07-07 13:02:00,394.165,394.31,394.05,394.07,14750
2026-07-07 13:03:00,394.07,394.28,394.04,394.21,23108
2026-07-07 13:04:00,394.205,394.31,394.11,394.225,38861
2026-07-07 13:05:00,394.225,394.29,393.95,394.045,26989
2026-07-07 13:06:00,394.045,394.21,393.84,393.84,24236
2026-07-07 13:07:00,393.85,393.9779,393.49,393.49,37155
2026-07-07 13:08:00,393.49,393.74,393.35,393.72,27956
2026-07-07 13:09:00,393.72,393.86,393.52,393.64,24466
2026-07-07 13:10:00,393.625,394.135,393.57,394.11,22863
2026-07-07 13:11:00,394.08,394.29,393.91,393.93,27324
2026-07-07 13:12:00,393.8755,393.98,393.6805,393.6805,20792
2026-07-07 13:13:00,393.74,393.9259,393.69,393.88,13877
2026-07-07 13:14:00,393.83,393.87,393.44,393.55,31675
2026-07-07 13:15:00,393.53,393.5748,393.37,393.42,23945
2026-07-07 13:16:00,393.42,393.56,393.19,393.19,25953
2026-07-07 13:17:00,393.18,393.25,392.95,393.06,31259
2026-07-07 13:18:00,393.09,393.21,393.0619,393.15,25517
2026-07-07 13:19:00,393.15,393.43,393.1101,393.39,31519
2026-07-07 13:20:00,393.42,393.64,393.33,393.395,28092
2026-07-07 13:21:00,393.38,393.57,393.3,393.35,37931
2026-07-07 13:22:00,393.34,393.72,393.31,393.545,28035
2026-07-07 13:23:00,393.58,393.78,393.44,393.77,13962
2026-07-07 13:24:00,393.775,393.85,393.52,393.535,37909
2026-07-07 13:25:00,393.595,393.73,393.5,393.66,27427
2026-07-07 13:26:00,393.71,393.72,393.36,393.45,26464
2026-07-07 13:27:00,393.45,393.7,393.4,393.6301,14847
2026-07-07 13:28:00,393.68,393.7008,393.5247,393.615,14672
2026-07-07 13:29:00,393.67,393.79,393.48,393.595,17030
2026-07-07 13:30:00,393.595,393.595,393.31,393.455,16817
2026-07-07 13:31:00,393.455,393.49,393.07,393.125,23585
2026-07-07 13:32:00,393.125,393.2,392.89,392.915,26590
2026-07-07 13:33:00,392.9,393.08,392.76,393.04,39238
2026-07-07 13:34:00,393.015,393.03,392.76,392.8313,21060
2026-07-07 13:35:00,392.8,393.04,392.74,392.935,27087
2026-07-07 13:36:00,392.935,392.9789,392.85,392.93,16025
2026-07-07 13:37:00,392.9001,393.32,392.9,393.24,23142
2026-07-07 13:38:00,393.24,393.32,392.93,392.935,24603
2026-07-07 13:39:00,392.93,393.03,392.85,392.975,17651
2026-07-07 13:40:00,392.975,393.31,392.94,393.23,21920
2026-07-07 13:41:00,393.25,393.34,393.17,393.24,21196
2026-07-07 13:42:00,393.19,393.33,392.99,393.045,20663
2026-07-07 13:43:00,393.045,393.15,393.005,393.115,15711
2026-07-07 13:44:00,393.115,393.14,392.9925,393.047,15193
2026-07-07 13:45:00,393.04,393.13,393.01,393.06,22204
2026-07-07 13:46:00,393.06,393.07,392.7501,392.81,27048
2026-07-07 13:47:00,392.88,393.005,392.83,392.845,17182
2026-07-07 13:48:00,392.854,392.86,392.63,392.72,28015
2026-07-07 13:49:00,392.74,392.78,392.55,392.675,20580
2026-07-07 13:50:00,392.675,392.7592,392.55,392.75,13269
2026-07-07 13:51:00,392.75,392.835,392.51,392.5699,15914
2026-07-07 13:52:00,392.54,392.6199,392.37,392.565,28336
2026-07-07 13:53:00,392.55,392.58,392.4,392.4,16156
2026-07-07 13:54:00,392.4,392.58,392.4,392.485,17696
2026-07-07 13:55:00,392.5,392.5251,392.27,392.47,23864
2026-07-07 13:56:00,392.47,392.6,392.46,392.59,22771
2026-07-07 13:57:00,392.57,392.71,392.48,392.6,27930
2026-07-07 13:58:00,392.61,392.89,392.56,392.86,26635
2026-07-07 13:59:00,392.885,393.04,392.75,392.815,64945
2026-07-07 14:00:00,392.81,393.16,392.77,392.98,37016
2026-07-07 14:01:00,392.95,393.18,392.83,393.05,60412
2026-07-07 14:02:00,393.05,393.16,392.97,393.14,26217
2026-07-07 14:03:00,393.16,393.26,393.06,393.23,25678
2026-07-07 14:04:00,393.21,393.37,393.15,393.195,32022
2026-07-07 14:05:00,393.15,393.39,393.12,393.345,22440
2026-07-07 14:06:00,393.345,393.345,392.98,393.0499,23504
2026-07-07 14:07:00,393.005,393.0299,392.91,392.97,24137
2026-07-07 14:08:00,392.95,392.97,392.67,392.7,29850
2026-07-07 14:09:00,392.76,392.78,392.6,392.745,27853
2026-07-07 14:10:00,392.745,392.84,392.68,392.77,38757
2026-07-07 14:11:00,392.77,392.78,392.56,392.7112,26042
2026-07-07 14:12:00,392.7112,392.859,392.5601,392.615,21263
2026-07-07 14:13:00,392.66,392.84,392.66,392.8,12909
2026-07-07 14:14:00,392.8,392.86,392.56,392.64,29626
2026-07-07 14:15:00,392.65,392.86,392.56,392.6,25413
2026-07-07 14:16:00,392.615,392.86,392.57,392.795,20723
2026-07-07 14:17:00,392.789,393.1,392.71,393.07,23551
2026-07-07 14:18:00,393.07,393.0999,392.76,392.86,18247
2026-07-07 14:19:00,392.88,393.03,392.76,392.775,42867
2026-07-07 14:20:00,392.81,392.81,392.61,392.67,25080
2026-07-07 14:21:00,392.69,392.73,392.62,392.69,11539
2026-07-07 14:22:00,392.67,392.75,392.55,392.725,15011
2026-07-07 14:23:00,392.725,392.725,392.24,392.37,37060
2026-07-07 14:24:00,392.35,392.37,392.15,392.1654,16721
2026-07-07 14:25:00,392.155,392.16,391.83,391.95,32869
2026-07-07 14:26:00,391.95,392,391.79,391.81,23417
2026-07-07 14:27:00,391.8103,391.95,391.8,391.8398,20771
2026-07-07 14:28:00,391.84,391.9199,391.75,391.765,23656
2026-07-07 14:29:00,391.75,391.8799,391.7101,391.835,25493
2026-07-07 14:30:00,391.85,391.85,391.4401,391.46,38721
2026-07-07 14:31:00,391.44,391.71,391.42,391.685,45370
2026-07-07 14:32:00,391.71,391.79,391.53,391.535,25565
2026-07-07 14:33:00,391.54,391.75,391.535,391.61,23167
2026-07-07 14:34:00,391.61,391.8,391.55,391.59,22835
2026-07-07 14:35:00,391.61,392,391.59,391.89,45159
2026-07-07 14:36:00,391.91,392.0537,391.85,392.02,24035
2026-07-07 14:37:00,392.01,392.04,391.8301,391.85,24137
2026-07-07 14:38:00,391.85,391.87,391.75,391.8,13683
2026-07-07 14:39:00,391.835,391.86,391.73,391.795,18555
2026-07-07 14:40:00,391.82,391.89,391.73,391.88,18323
2026-07-07 14:41:00,391.88,392.03,391.8601,391.8601,23881
2026-07-07 14:42:00,391.885,391.98,391.7,391.87,23142
2026-07-07 14:43:00,391.8854,391.89,391.72,391.785,13204
2026-07-07 14:44:00,391.81,391.89,391.73,391.785,13453
2026-07-07 14:45:00,391.81,391.89,391.72,391.735,14696
2026-07-07 14:46:00,391.72,391.75,391.6,391.7,25190
2026-07-07 14:47:00,391.7,391.84,391.61,391.84,33059
2026-07-07 14:48:00,391.84,391.84,391.29,391.305,24567
2026-07-07 14:49:00,391.3199,391.3595,390.9001,391.175,48109
2026-07-07 14:50:00,391.21,391.22,390.9533,391.0021,21632
2026-07-07 14:51:00,391.01,391.06,390.74,390.925,31760
2026-07-07 14:52:00,390.96,390.98,390.66,390.8199,27882
2026-07-07 14:53:00,390.8178,390.9,390.72,390.76,19782
2026-07-07 14:54:00,390.765,391,390.76,390.9601,22707
2026-07-07 14:55:00,390.98,390.98,390.77,390.88,16108
2026-07-07 14:56:00,390.874,391.2,390.855,391.13,40544
2026-07-07 14:57:00,391.13,391.1799,390.85,390.9,34192
2026-07-07 14:58:00,390.885,391.03,390.85,390.92,27699
2026-07-07 14:59:00,390.94,391.1,390.92,391.02,15929
2026-07-07 15:00:00,391.02,391.06,390.62,390.64,30133
2026-07-07 15:01:00,390.65,391.01,390.545,390.935,27618
2026-07-07 15:02:00,390.935,390.95,390.7563,390.8201,17376
2026-07-07 15:03:00,390.85,390.89,390.72,390.8599,21195
2026-07-07 15:04:00,390.79,390.81,390.61,390.705,14955
2026-07-07 15:05:00,390.72,390.72,390.43,390.4903,42298
2026-07-07 15:06:00,390.5,390.63,390.37,390.56,26878
2026-07-07 15:07:00,390.55,390.69,390.53,390.645,27763
2026-07-07 15:08:00,390.645,390.66,390.34,390.385,28382
2026-07-07 15:09:00,390.3601,390.47,390.28,390.31,23594
2026-07-07 15:10:00,390.32,390.34,390.12,390.305,36820
2026-07-07 15:11:00,390.32,390.435,390.2,390.405,30544
2026-07-07 15:12:00,390.42,390.44,390.11,390.12,25665
2026-07-07 15:13:00,390.135,390.24,389.97,390.175,55196
2026-07-07 15:14:00,390.175,390.2099,389.85,389.88,41386
2026-07-07 15:15:00,389.8801,389.91,389.55,389.6,34134
2026-07-07 15:16:00,389.54,389.79,389.4301,389.53,31509
2026-07-07 15:17:00,389.54,389.78,389.4325,389.7,41364
2026-07-07 15:18:00,389.74,389.76,389.52,389.7,45593
2026-07-07 15:19:00,389.7,389.9,389.4101,389.82,40458
2026-07-07 15:20:00,389.7921,389.99,389.75,389.96,49743
2026-07-07 15:21:00,389.96,390.06,389.83,390.025,49755
2026-07-07 15:22:00,390.05,390.05,389.9,389.98,47719
2026-07-07 15:23:00,389.98,390.03,389.86,389.905,35408
2026-07-07 15:24:00,389.905,390.3999,389.8301,390.3999,60108
2026-07-07 15:25:00,390.355,390.36,389.96,390,52511
2026-07-07 15:26:00,390.0143,390.0143,389.73,389.775,30212
2026-07-07 15:27:00,389.79,389.86,389.57,389.67,56905
2026-07-07 15:28:00,389.655,389.655,389.46,389.48,16426
2026-07-07 15:29:00,389.53,389.65,389.46,389.5,33618
2026-07-07 15:30:00,389.54,389.63,389.35,389.595,50751
2026-07-07 15:31:00,389.595,389.595,389.21,389.56,56005
2026-07-07 15:32:00,389.56,390.02,389.5101,389.845,40472
2026-07-07 15:33:00,389.845,390.07,389.7701,390.0128,28210
2026-07-07 15:34:00,390.02,390.1,389.9188,389.945,28311
2026-07-07 15:35:00,389.92,390.16,389.85,389.85,37107
2026-07-07 15:36:00,389.85,389.855,389.5501,389.72,33708
2026-07-07 15:37:00,389.74,389.83,389.66,389.79,33867
2026-07-07 15:38:00,389.79,389.8,389.55,389.6677,39514
2026-07-07 15:39:00,389.62,389.7,389.55,389.665,28862
2026-07-07 15:40:00,389.6799,389.84,389.655,389.7,42839
2026-07-07 15:41:00,389.72,389.7499,389.48,389.6,43023
2026-07-07 15:42:00,389.615,389.63,389.41,389.42,40651
2026-07-07 15:43:00,389.43,389.4399,389.19,389.195,38886
2026-07-07 15:44:00,389.2,389.22,389.05,389.13,32363
2026-07-07 15:45:00,389.12,389.41,389.12,389.365,49616
2026-07-07 15:46:00,389.35,389.39,388.89,388.9,45676
2026-07-07 15:47:00,388.93,388.93,388.54,388.63,53705
2026-07-07 15:48:00,388.63,388.8699,388.56,388.64,34501
2026-07-07 15:49:00,388.67,388.82,388.635,388.75,38778
2026-07-07 15:50:00,388.77,389.04,388.68,388.71,84404
2026-07-07 15:51:00,388.73,389.12,388.7,389.02,73756
2026-07-07 15:52:00,389.05,389.06,388.73,388.73,67495
2026-07-07 15:53:00,388.73,388.87,388.62,388.675,53894
2026-07-07 15:54:00,388.66,388.95,388.48,388.91,88349
2026-07-07 15:55:00,388.88,388.97,388.5,388.63,77087
2026-07-07 15:56:00,388.6,389.105,388.58,388.995,77735
2026-07-07 15:57:00,389.0099,389.14,388.82,388.97,101822
2026-07-07 15:58:00,388.97,389.11,388.85,389.03,113687
2026-07-07 15:59:00,389.04,389.05,388.22,388.83,537316
2026-07-07 16:00:00,388.84,389.3,388.67,389,3298659
2026-07-07 16:01:00,388.9,389.1247,388.4,388.4,2577
2026-07-07 16:02:00,388.9019,388.9019,388.79,388.79,486
2026-07-07 16:03:00,388.72,388.83,388.465,388.74,981
2026-07-07 16:04:00,388.79,388.83,388.6598,388.83,504
2026-07-07 16:05:00,388.81,388.88,388.6647,388.81,859
2026-07-07 16:06:00,388.825,388.825,388.76,388.76,1682
2026-07-07 16:07:00,388.85,388.8679,388.72,388.72,1872
2026-07-07 16:09:00,388.84,388.89,388.83,388.89,298
2026-07-07 16:10:00,388.84,388.9288,388.84,388.9288,6421
2026-07-07 16:11:00,388.86,388.88,388.86,388.88,150
2026-07-07 16:12:00,388.95,388.9529,388.95,388.9529,150
2026-07-07 16:13:00,388.9,388.9572,388.85,388.9,534
2026-07-07 16:14:00,388.84,388.84,388.73,388.82,4606
2026-07-07 16:15:00,388.8,388.8,388.8,388.8,100
2026-07-07 16:16:00,388.8,388.92,388.8,388.92,225
2026-07-07 16:17:00,388.7357,388.83,388.73,388.74,826
2026-07-07 16:18:00,388.73,388.73,388.7,388.7,95
2026-07-07 16:20:00,388.6098,388.65,388.6,388.6,466
2026-07-07 16:21:00,388.71,388.71,388.6003,388.6003,90
2026-07-07 16:22:00,388.72,388.72,388.72,388.72,100
2026-07-07 16:23:00,388.68,388.7,388.6058,388.6058,309
2026-07-07 16:24:00,388.6121,388.68,388.6121,388.67,707
2026-07-07 16:25:00,388.62,388.6966,388.62,388.6966,150
2026-07-07 16:26:00,388.7,388.7,388.62,388.6292,840
2026-07-07 16:27:00,388.6755,388.68,388.6291,388.6291,400
2026-07-07 16:28:00,388.62,388.6652,388.62,388.6652,360
2026-07-07 16:29:00,388.68,388.79,388.59,388.59,12827
2026-07-07 16:30:00,388.5211,388.68,388.5,388.6124,3150
2026-07-07 16:31:00,388.6,388.6,388.6,388.6,100
2026-07-07 16:32:00,388.6,388.6,388.542,388.6,1040
2026-07-07 16:33:00,388.6,388.6,388.5395,388.6,462
2026-07-07 16:34:00,388.56,388.5743,388.56,388.5743,238
2026-07-07 16:35:00,388.6029,388.6029,388.6029,388.6029,40
2026-07-07 16:36:00,388.67,388.67,388.6,388.63,520
2026-07-07 16:37:00,388.63,388.67,388.63,388.67,477
2026-07-07 16:38:00,388.67,388.67,388.67,388.67,150
2026-07-07 16:39:00,388.65,388.65,388.6,388.6,445
2026-07-07 16:40:00,388.68,388.68,388.68,388.68,100
2026-07-07 16:41:00,388.71,388.7284,388.69,388.7284,1205
2026-07-07 16:42:00,388.7285,388.8,388.7285,388.7984,282
2026-07-07 16:43:00,388.77,388.8,388.71,388.78,426
2026-07-07 16:44:00,388.7801,388.7992,388.7801,388.7992,300
2026-07-07 16:45:00,388.79,388.8,388.79,388.8,175
2026-07-07 16:46:00,388.79,388.8,388.79,388.8,301
2026-07-07 16:47:00,388.8005,388.85,388.8005,388.85,400
2026-07-07 16:48:00,388.85,388.85,388.82,388.85,1656
2026-07-07 16:49:00,388.8461,388.8461,388.8461,388.8461,50
2026-07-07 16:50:00,388.84,388.84,388.82,388.82,7859
2026-07-07 16:52:00,388.85,388.85,388.83,388.8392,920
2026-07-07 16:53:00,388.95,388.95,388.86,388.9,682
2026-07-07 16:55:00,388.86,388.8999,388.86,388.89,199
2026-07-07 16:56:00,388.9,389.05,388.9,389.05,1191
2026-07-07 16:57:00,389.05,389.05,388.99,388.99,252
2026-07-07 16:59:00,389,389,388.9,389,523
2026-07-07 17:00:00,389.03,389.13,389.03,389.13,280
2026-07-07 17:01:00,389.1173,389.19,389.09,389.14,755
2026-07-07 17:02:00,389.2646,389.2646,389.2646,389.2646,53
2026-07-07 17:03:00,389.2,389.2,389.2,389.2,335
2026-07-07 17:04:00,389.1301,389.1516,389.1301,389.1336,591
2026-07-07 17:05:00,389.13,389.48,389.13,389.48,10034
2026-07-07 17:08:00,389.38,389.39,389.38,389.39,389
2026-07-07 17:09:00,389.278,389.278,389.278,389.278,136
2026-07-07 17:10:00,389.25,389.4,389.25,389.4,560
2026-07-07 17:11:00,389.4,389.51,389.3812,389.44,680
2026-07-07 17:12:00,389.4,389.45,389.4,389.45,133
2026-07-07 17:13:00,389.5,389.52,389.5,389.51,700
2026-07-07 17:14:00,389.56,389.56,389.51,389.54,600
2026-07-07 17:15:00,389.57,389.58,389.57,389.58,1430
2026-07-07 17:16:00,389.46,389.6349,389.46,389.6349,322
2026-07-07 17:17:00,389.49,389.5,389.4038,389.44,878
2026-07-07 17:18:00,389.6335,389.6335,389.43,389.5,1116
2026-07-07 17:19:00,389.5,389.5,389.5,389.5,564
2026-07-07 17:20:00,389.5779,389.5779,389.49,389.5,899
2026-07-07 17:21:00,389.5,389.5,389.5,389.5,244
2026-07-07 17:22:00,389.49,389.5026,389.49,389.5026,320
2026-07-07 17:23:00,389.5081,389.53,389.5006,389.5006,254
2026-07-07 17:24:00,389.5031,389.6,389.42,389.59,882
2026-07-07 17:25:00,389.5,389.5,389.45,389.5,595
2026-07-07 17:26:00,389.42,389.46,389.42,389.46,137
2026-07-07 17:27:00,389.47,389.5,389.4381,389.45,1678
2026-07-07 17:28:00,389.4201,389.49,389.4201,389.49,1086
2026-07-07 17:29:00,389.51,389.52,389.51,389.52,100
2026-07-07 17:30:00,389.4868,389.4868,389.48,389.48,428
2026-07-07 17:31:00,389.58,389.58,389.48,389.48,140
2026-07-07 17:32:00,389.5,389.5,389.5,389.5,92
2026-07-07 17:33:00,389.5,389.54,389.5,389.54,320
2026-07-07 17:34:00,389.48,389.48,389.48,389.48,100
2026-07-07 17:35:00,389.6,389.6,389.6,389.6,60
2026-07-07 17:36:00,389.48,389.5,389.48,389.4808,508
2026-07-07 17:37:00,389.5,389.5,389.5,389.5,50
2026-07-07 17:38:00,389.6,389.6,389.5501,389.6,321
2026-07-07 17:39:00,389.55,389.5501,389.55,389.5501,92
2026-07-07 17:40:00,389.6,389.61,389.5,389.5,588
2026-07-07 17:41:00,389.51,389.51,389.5,389.5,1160
2026-07-07 17:42:00,389.66,389.66,389.5,389.5,1080
2026-07-07 17:43:00,389.495,389.5,389.495,389.5,858
2026-07-07 17:45:00,389.5,389.5,389.5,389.5,100
2026-07-07 17:46:00,389.5,389.5,389.5,389.5,129
2026-07-07 17:47:00,389.5429,389.5429,389.5429,389.5429,128
2026-07-07 17:48:00,389.54,389.54,389.4836,389.4836,329
2026-07-07 17:49:00,389.5,389.5,389.5,389.5,100
2026-07-07 17:50:00,389.49,389.49,389.49,389.49,40
2026-07-07 17:51:00,389.5,389.5438,389.48,389.5438,454
2026-07-07 17:53:00,389.4891,389.4891,389.4891,389.4891,400
2026-07-07 17:54:00,389.4801,389.5,389.4801,389.5,2818
2026-07-07 17:55:00,389.67,389.67,389.67,389.67,100
2026-07-07 17:56:00,389.48,389.48,389.48,389.48,101
2026-07-07 17:57:00,389.55,389.55,389.55,389.55,182
2026-07-07 17:58:00,389.67,389.67,389.5256,389.64,516
2026-07-07 17:59:00,389.632,389.632,389.632,389.632,50
2026-07-07 18:00:00,389.63,389.63,389.36,389.36,417
2026-07-07 18:01:00,389.4,389.47,389.4,389.47,1392
2026-07-07 18:02:00,389.57,389.61,389.57,389.61,100
2026-07-07 18:03:00,389.45,389.45,389.45,389.45,100
2026-07-07 18:04:00,389.41,389.45,389,389.41,16314
2026-07-07 18:05:00,389.24,389.39,389,389.39,299
2026-07-07 18:06:00,389.01,389.01,388.6,388.6,20790
2026-07-07 18:07:00,388.66,388.89,388.62,388.89,1249
2026-07-07 18:08:00,388.89,388.9,388.5,388.63,3635
2026-07-07 18:09:00,388.59,388.74,388.59,388.74,122
2026-07-07 18:10:00,388.75,388.75,388.65,388.65,365
2026-07-07 18:11:00,388.65,388.65,388.64,388.64,110
2026-07-07 18:12:00,388.6,388.621,388.38,388.39,1665
2026-07-07 18:13:00,388.38,388.6,388.38,388.6,300
2026-07-07 18:15:00,388.77,388.77,388.77,388.77,100
2026-07-07 18:16:00,388.7297,388.7297,388.48,388.48,375
2026-07-07 18:17:00,388.28,388.39,388.28,388.35,200
2026-07-07 18:18:00,388.29,388.3256,388.29,388.3256,140
2026-07-07 18:19:00,388.4,388.4,388.4,388.4,100
2026-07-07 18:20:00,388.45,388.45,388.4002,388.4002,1080
2026-07-07 18:21:00,388.4171,388.4171,388.4171,388.4171,150
2026-07-07 18:22:00,388.58,388.58,388.55,388.55,383
2026-07-07 18:23:00,388.52,388.52,388.4001,388.4001,776
2026-07-07 18:24:00,388.4001,388.5,388.4,388.5,600
2026-07-07 18:25:00,388.6238,388.6238,388.6238,388.6238,50
2026-07-07 18:27:00,388.45,388.45,388.45,388.45,40
2026-07-07 18:28:00,388.45,388.45,388.45,388.45,87
2026-07-07 18:29:00,388.5,388.5,388.5,388.5,40
2026-07-07 18:30:00,388.44,388.44,388.44,388.44,100
2026-07-07 18:31:00,388.4,388.4,388.34,388.34,237
2026-07-07 18:32:00,388.2631,388.2631,388.2631,388.2631,100
2026-07-07 18:33:00,388.39,388.48,388.2823,388.2823,841
2026-07-07 18:34:00,388.47,388.47,388.2744,388.2744,218
2026-07-07 18:35:00,388.31,388.5,388.23,388.5,308
2026-07-07 18:37:00,388.29,388.29,388.29,388.29,200
2026-07-07 18:38:00,388.29,388.29,388.23,388.25,456
2026-07-07 18:39:00,388.29,388.29,388.29,388.29,77
2026-07-07 18:40:00,388.45,388.45,388.4,388.45,281
2026-07-07 18:42:00,388.33,388.33,388.23,388.23,179
2026-07-07 18:43:00,388.24,388.25,388.11,388.12,1389
2026-07-07 18:44:00,388.1929,388.1929,388.1929,388.1929,120
2026-07-07 18:45:00,388.3,388.3,388.3,388.3,146
2026-07-07 18:46:00,388.29,388.29,388.11,388.11,379
2026-07-07 18:47:00,388.19,388.19,388.15,388.15,273
2026-07-07 18:48:00,388.12,388.14,388.12,388.14,180
2026-07-07 18:50:00,388.19,388.19,388.16,388.16,129
2026-07-07 18:52:00,388.1944,388.2,388.1944,388.2,95
2026-07-07 18:53:00,388.45,388.49,388.14,388.14,2721
2026-07-07 18:54:00,388.5,388.5,388.5,388.5,100
2026-07-07 18:55:00,388.2,388.3,388.2,388.3,1100
2026-07-07 18:56:00,388.32,388.32,388.3,388.3,700
2026-07-07 18:57:00,388.28,388.7699,388.28,388.28,748
2026-07-07 18:58:00,388.35,388.47,388.3,388.47,175
2026-07-07 18:59:00,388.4,388.4,388.4,388.4,50
2026-07-07 19:01:00,388.7,388.7,388.7,388.7,50
2026-07-07 19:02:00,388.301,388.301,388.08,388.08,11847
2026-07-07 19:04:00,388.12,388.12,388.08,388.08,117
2026-07-07 19:05:00,388.18,388.27,388.18,388.27,585
2026-07-07 19:06:00,388.27,388.7,388.05,388.7,2974
2026-07-07 19:08:00,388.48,388.48,388.48,388.48,81
2026-07-07 19:10:00,388.35,388.35,388.35,388.35,400
2026-07-07 19:11:00,388.5,388.5,388.5,388.5,128
2026-07-07 19:12:00,388.49,388.53,388.2,388.2,6147
2026-07-07 19:13:00,388.21,388.55,388.21,388.55,174
2026-07-07 19:14:00,388.52,388.52,388.31,388.48,352
2026-07-07 19:15:00,388.54,388.54,388.54,388.54,253
2026-07-07 19:16:00,388.31,388.58,388.31,388.4,1427
2026-07-07 19:17:00,388.51,388.62,388.51,388.62,345
2026-07-07 19:18:00,388.69,388.7633,388.69,388.7633,203
2026-07-07 19:19:00,388.84,388.84,388.55,388.55,190
2026-07-07 19:20:00,388.81,388.81,388.55,388.79,296
2026-07-07 19:21:00,388.71,388.74,388.71,388.74,200
2026-07-07 19:22:00,388.67,388.67,388.65,388.65,330
2026-07-07 19:23:00,388.6,388.6,388.6,388.6,100
2026-07-07 19:24:00,388.6609,388.67,388.6,388.6,379
2026-07-07 19:25:00,388.6,388.6,388.6,388.6,50
2026-07-07 19:26:00,388.6,388.6,388.5308,388.5308,944
2026-07-07 19:27:00,388.51,388.61,388.49,388.61,362
2026-07-07 19:28:00,388.61,388.61,388.58,388.58,139
2026-07-07 19:29:00,388.61,388.61,388.59,388.59,185
2026-07-07 19:30:00,388.4,388.58,388.31,388.58,988
2026-07-07 19:33:00,388.67,388.67,388.6479,388.6479,220
2026-07-07 19:34:00,388.55,388.55,388.5,388.5,150
2026-07-07 19:35:00,388.49,388.5,388.49,388.5,120
2026-07-07 19:36:00,388.51,388.51,388.5,388.5,1139
2026-07-07 19:37:00,388.34,388.541,388.31,388.541,270
2026-07-07 19:38:00,388.35,388.35,388.34,388.34,121
2026-07-07 19:39:00,388.4274,388.4274,388.25,388.25,305
2026-07-07 19:40:00,388.44,388.75,388.44,388.75,2170
2026-07-07 19:41:00,388.75,388.75,388.75,388.75,300
2026-07-07 19:42:00,388.45,388.45,388.32,388.32,289
2026-07-07 19:45:00,388.32,388.43,388.32,388.43,165
2026-07-07 19:46:00,388.38,388.4011,388.3,388.4011,1148
2026-07-07 19:47:00,388.3246,388.3246,388.3131,388.3131,200
2026-07-07 19:48:00,388.32,388.3298,388.32,388.3286,195
2026-07-07 19:49:00,388.25,388.25,388.25,388.25,50
2026-07-07 19:50:00,388.27,388.33,388.23,388.25,284
2026-07-07 19:51:00,388.201,388.201,388.08,388.2,1591
2026-07-07 19:52:00,388.21,388.21,388.21,388.21,200
2026-07-07 19:53:00,388.24,388.35,388.24,388.34,446
2026-07-07 19:54:00,388.31,388.4121,388.31,388.4121,130
2026-07-07 19:55:00,388.42,388.42,388.4033,388.4033,125
2026-07-07 19:56:00,388.43,388.43,388.3,388.331,1250
2026-07-07 19:57:00,388.4,388.4,388.3017,388.349,982
2026-07-07 19:58:00,388.4,388.43,388.0037,388.08,5942
2026-07-07 19:59:00,388.3,388.42,388.07,388.19,699
2026-07-08 04:00:00,389.3,390.54,388,388.68,21368
2026-07-08 04:01:00,389.15,390.21,388.13,388.92,1969
2026-07-08 04:02:00,388.97,389,388.8368,389,765
2026-07-08 04:03:00,388.12,389.24,388,388.23,4237
2026-07-08 04:04:00,388.25,390.49,388.01,388.95,13286
2026-07-08 04:05:00,388.85,390.51,388.5,389.67,18011
2026-07-08 04:06:00,389.96,389.98,388.92,388.924,1092
2026-07-08 04:07:00,388.98,389.07,388.98,389.07,281
2026-07-08 04:08:00,389.18,389.58,389.18,389.58,1225
2026-07-08 04:09:00,389.51,389.51,389.34,389.45,939
2026-07-08 04:10:00,389.51,390.49,388.33,388.35,1029
2026-07-08 04:11:00,389.43,389.52,389.38,389.42,375
2026-07-08 04:12:00,389.57,389.57,389.38,389.38,1088
2026-07-08 04:13:00,389.2,389.3945,388.85,389.05,796
2026-07-08 04:14:00,388.95,389.1,388.67,388.94,791
2026-07-08 04:15:00,388.62,388.62,388.57,388.57,266
2026-07-08 04:16:00,388.3,388.3,387.86,388,1873
2026-07-08 04:17:00,388.07,388.07,387.7,387.7,1839
2026-07-08 04:18:00,387.51,387.7139,387.51,387.7,1430
2026-07-08 04:19:00,387.65,388.6,387.59,388.6,1569
2026-07-08 04:20:00,387.93,387.93,387.6855,387.6855,786
2026-07-08 04:21:00,387.61,387.824,387.5,387.695,1143
2026-07-08 04:22:00,387.5,387.5,387.0814,387.1011,1762
2026-07-08 04:23:00,387.22,387.3,386.75,386.75,1970
2026-07-08 04:24:00,386.75,386.99,386.06,386.2961,3202
2026-07-08 04:25:00,386.3,386.6,385.6,386.09,4467
2026-07-08 04:26:00,386,386.1,386,386.0516,1323
2026-07-08 04:27:00,386.06,386.2,385.5712,386.14,1569
2026-07-08 04:28:00,385.9269,386.24,385.61,385.64,1103
2026-07-08 04:29:00,385.86,386,385.54,385.58,3784
2026-07-08 04:30:00,385.52,386,385.31,386,1160
2026-07-08 04:31:00,385.78,385.99,385.21,385.68,1674
2026-07-08 04:32:00,385.99,386,385.4,385.53,2706
2026-07-08 04:33:00,385.89,386,385.6024,386,2188
2026-07-08 04:34:00,385.9152,386.1,385.76,386.02,2673
2026-07-08 04:35:00,385.8684,385.8684,385.45,385.45,2086
2026-07-08 04:36:00,385.25,385.415,385,385.13,2732
2026-07-08 04:37:00,385.2535,385.36,385.05,385.05,3159
2026-07-08 04:38:00,385.0776,385.0776,384.4588,384.7,3442
2026-07-08 04:39:00,384.6636,384.79,384.5,384.5,1654
2026-07-08 04:40:00,384.47,384.52,384,384.08,4665
2026-07-08 04:41:00,384.07,384.5,384.07,384.13,2262
2026-07-08 04:42:00,384.13,384.45,384,384.03,3543
2026-07-08 04:43:00,384.1347,384.44,384.1347,384.28,1027
2026-07-08 04:44:00,384.3,384.52,384.01,384.5,1515
2026-07-08 04:45:00,384.5,384.5,384.2,384.2,889
2026-07-08 04:46:00,384.24,384.4,384.24,384.28,670
2026-07-08 04:47:00,384.32,384.98,384.28,384.98,2067
2026-07-08 04:48:00,384.85,384.89,384.72,384.89,1021
2026-07-08 04:49:00,384.73,384.8,384.14,384.14,893
2026-07-08 04:50:00,384.61,384.68,384.14,384.41,1547
2026-07-08 04:51:00,384.68,384.86,384.62,384.84,691
2026-07-08 04:52:00,384.79,384.85,384.52,384.75,1058
2026-07-08 04:53:00,384.79,384.96,384.79,384.96,667
2026-07-08 04:54:00,384.88,384.88,384.49,384.5,403
2026-07-08 04:55:00,384.42,384.73,384.09,384.35,4032
2026-07-08 04:56:00,384.25,384.5,384,384.1,3195
2026-07-08 04:57:00,384.17,384.37,383.842,383.842,2402
2026-07-08 04:58:00,383.93,383.95,383.36,383.36,3008
2026-07-08 04:59:00,383.4246,383.58,382.705,382.705,6620
2026-07-08 05:00:00,383,383.55,382.98,383.5,1546
2026-07-08 05:01:00,383.62,383.8,383.24,383.66,1050
2026-07-08 05:02:00,383.8,384,383.51,383.68,1434
2026-07-08 05:03:00,383.54,383.6,383.5,383.52,801
2026-07-08 05:04:00,383.52,383.6,383.22,383.47,2380
2026-07-08 05:05:00,383.27,383.32,383.15,383.15,1338
2026-07-08 05:06:00,383.0524,383.25,383,383.25,4296
2026-07-08 05:07:00,383.03,383.26,383.03,383.2078,640
2026-07-08 05:08:00,383.25,383.25,382.99,382.99,1161
2026-07-08 05:09:00,382.99,383.7,382.967,383.7,3033
2026-07-08 05:10:00,383.45,383.6,382.5,383.6,4343
2026-07-08 05:11:00,382.66,383.2,382.62,382.63,1529
2026-07-08 05:12:00,382.7,383,382.09,382.52,1431
2026-07-08 05:13:00,382.49,382.94,382.36,382.79,1112
2026-07-08 05:14:00,382.56,382.73,382.2028,382.2028,1196
2026-07-08 05:15:00,382.12,382.55,382.12,382.4,2725
2026-07-08 05:16:00,382.17,382.73,382.17,382.66,1496
2026-07-08 05:17:00,382.58,382.7334,381.8182,382,2647
2026-07-08 05:18:00,382.04,382.49,381.9865,382.49,1951
2026-07-08 05:19:00,382.44,382.6899,382.12,382.4,2451
2026-07-08 05:20:00,382.22,383,382.22,382.52,2348
2026-07-08 05:21:00,382.75,383.3385,382.5,382.5,2297
2026-07-08 05:22:00,382.37,382.69,382.36,382.69,810
2026-07-08 05:23:00,382.46,382.46,382.46,382.46,40
2026-07-08 05:24:00,382.59,382.67,382.4199,382.67,1661
2026-07-08 05:25:00,382.48,382.9,382.44,382.9,812
2026-07-08 05:26:00,382.76,382.98,382.56,382.98,949
2026-07-08 05:27:00,383.27,383.39,383,383.05,1066
2026-07-08 05:28:00,382.89,383,382.77,382.99,1304
2026-07-08 05:29:00,383,383.3,383,383.12,1613
2026-07-08 05:30:00,383.2966,383.5,383.15,383.15,1660
2026-07-08 05:31:00,382.94,383,382.52,383,4135
2026-07-08 05:32:00,382.61,383.22,382.61,383.22,2814
2026-07-08 05:33:00,383.0338,383.22,383,383,314
2026-07-08 05:34:00,383.22,383.4819,382.75,383.08,1243
2026-07-08 05:35:00,383.2236,383.68,383.2236,383.55,1002
2026-07-08 05:36:00,383.6,383.8,383.6,383.7,1651
2026-07-08 05:37:00,383.62,383.9741,383.3,383.3,2250
2026-07-08 05:38:00,383.03,383.3,382.91,382.91,333
2026-07-08 05:39:00,383.06,383.06,382.99,382.99,110
2026-07-08 05:40:00,383.02,383.32,383.02,383.1,700
2026-07-08 05:41:00,383.11,383.12,383.11,383.12,159
2026-07-08 05:42:00,383.01,383.08,382.835,382.88,615
2026-07-08 05:43:00,383.02,383.02,382.85,382.92,2499
2026-07-08 05:44:00,382.89,383.2563,382.89,383.2537,3138
2026-07-08 05:45:00,383.26,383.32,383.07,383.32,659
2026-07-08 05:46:00,383.13,383.13,383.03,383.03,172
2026-07-08 05:47:00,382.91,382.91,382.81,382.866,1238
2026-07-08 05:48:00,382.87,383,382.87,383,1458
2026-07-08 05:49:00,383.32,383.44,383.15,383.22,655
2026-07-08 05:50:00,383.26,383.5,383.02,383.5,998
2026-07-08 05:51:00,383.4,383.4,383.0892,383.0892,523
2026-07-08 05:52:00,383.04,383.06,383.04,383.06,374
2026-07-08 05:53:00,383.18,383.18,383.14,383.14,310
2026-07-08 05:54:00,383.18,383.18,382.98,382.98,1186
2026-07-08 05:55:00,382.8404,383.13,382.8404,383.07,968
2026-07-08 05:56:00,383,383.16,383,383.16,416
2026-07-08 05:57:00,383.26,383.34,382.92,383.17,445
2026-07-08 05:58:00,383.03,383.0335,383.03,383.0335,150
2026-07-08 05:59:00,383.07,383.11,383.0503,383.11,233
2026-07-08 06:00:00,383.14,383.4,382.88,383,981
2026-07-08 06:01:00,383.02,383.02,382.9,382.9,279
2026-07-08 06:02:00,382.77,382.77,382.77,382.77,285
2026-07-08 06:03:00,382.9939,382.9939,382.9939,382.9939,60
2026-07-08 06:04:00,382.8,382.8,382.77,382.79,184
2026-07-08 06:05:00,382.63,382.63,382.32,382.42,628
2026-07-08 06:06:00,382.47,382.6,382.47,382.6,152
2026-07-08 06:07:00,382.2595,382.4,382.2595,382.31,2038
2026-07-08 06:08:00,382.3588,382.4,382.3588,382.4,425
2026-07-08 06:09:00,382.37,382.4,382.34,382.4,621
2026-07-08 06:10:00,382.4,382.7017,382.26,382.32,536
2026-07-08 06:11:00,382.31,382.5,382.3,382.3,475
2026-07-08 06:12:00,382.26,382.38,382.2,382.35,391
2026-07-08 06:13:00,382.4,382.55,382.3714,382.52,622
2026-07-08 06:14:00,382.6128,382.6128,382.36,382.36,240
2026-07-08 06:15:00,382.36,382.36,382.23,382.36,1224
2026-07-08 06:16:00,382.25,382.35,382.25,382.35,493
2026-07-08 06:17:00,382.2,382.29,382.2,382.28,849
2026-07-08 06:18:00,382.42,382.42,382.2,382.34,195
2026-07-08 06:19:00,382.56,382.67,382.41,382.41,168
2026-07-08 06:20:00,382.7,382.7,382.56,382.56,150
2026-07-08 06:21:00,382.7,382.7,382.56,382.56,146
2026-07-08 06:22:00,382.51,382.6,382.3,382.56,1651
2026-07-08 06:24:00,382.13,382.13,381.7346,382,1037
2026-07-08 06:26:00,382.2,382.27,382.2,382.26,434
2026-07-08 06:27:00,382.35,382.5,382.01,382.01,294
2026-07-08 06:28:00,382.49,382.49,382.4,382.4,150
2026-07-08 06:29:00,382.59,382.97,382.59,382.9,1948
2026-07-08 06:30:00,382.69,382.8407,382.69,382.8407,533
2026-07-08 06:31:00,382.74,382.95,382.74,382.95,1197
2026-07-08 06:32:00,382.73,382.83,382.73,382.83,144
2026-07-08 06:33:00,382.88,383,382.83,382.92,1057
2026-07-08 06:34:00,383.04,383.16,382.99,383.156,1113
2026-07-08 06:35:00,382.62,383.04,382.62,383.04,396
2026-07-08 06:36:00,383,383.1,383,383.1,90
2026-07-08 06:37:00,383,383.19,382.99,383.17,685
2026-07-08 06:38:00,383.1868,383.4123,383.1868,383.4123,1552
2026-07-08 06:39:00,383.41,383.48,383.21,383.2126,1365
2026-07-08 06:40:00,383.12,383.12,383.08,383.08,867
2026-07-08 06:41:00,383.14,383.29,383.14,383.24,682
2026-07-08 06:42:00,383.1527,383.37,383.1284,383.37,275
2026-07-08 06:44:00,383.24,383.5,383.24,383.3973,321
2026-07-08 06:45:00,383.12,383.5,383.12,383.5,282
2026-07-08 06:46:00,383.4523,383.4523,383.4523,383.4523,52
2026-07-08 06:47:00,383.12,383.2517,383.12,383.1382,710
2026-07-08 06:48:00,383.35,383.35,383.304,383.35,202
2026-07-08 06:49:00,383.13,383.1452,383.11,383.1452,577
2026-07-08 06:50:00,383.2892,383.35,383.2892,383.35,303
2026-07-08 06:51:00,383.22,383.37,383.08,383.31,2350
2026-07-08 06:52:00,383.5,383.5,383.4,383.4,1184
2026-07-08 06:54:00,383.5,383.71,383.5,383.71,514
2026-07-08 06:55:00,383.7,383.88,383.7,383.88,1877
2026-07-08 06:56:00,383.79,383.9665,383.78,383.9665,1338
2026-07-08 06:57:00,383.82,384,383.78,383.99,859
2026-07-08 06:58:00,383.955,383.99,383.78,383.83,1932
2026-07-08 06:59:00,383.74,383.74,383.64,383.64,210
2026-07-08 07:00:00,383.9,383.909,383.3,383.45,3016
2026-07-08 07:01:00,383.69,383.69,383.5,383.5,489
2026-07-08 07:02:00,383.6,383.66,383.05,383.4,1367
2026-07-08 07:03:00,383.1,383.2,383.06,383.19,790
2026-07-08 07:04:00,383.04,383.22,383,383,1166
2026-07-08 07:05:00,383.1,383.66,383.1,383.66,800
2026-07-08 07:06:00,383.3702,383.7,383.3702,383.7,1305
2026-07-08 07:07:00,383.7,384,383.7,384,599
2026-07-08 07:08:00,383.58,383.63,383.5,383.5,713
2026-07-08 07:09:00,383.55,383.75,383.3,383.3,1586
2026-07-08 07:10:00,383.19,383.2,383.03,383.03,845
2026-07-08 07:11:00,383.0149,383.0981,382.93,383.02,3724
2026-07-08 07:12:00,383.05,383.16,382.9,382.9146,544
2026-07-08 07:13:00,383.0001,383.0001,383.0001,383.0001,1000
2026-07-08 07:14:00,383.18,383.2034,383.18,383.2034,993
2026-07-08 07:15:00,383.15,383.19,382.88,383,2687
2026-07-08 07:16:00,382.84,383,382.84,383,403
2026-07-08 07:17:00,382.8868,383.1,382.8868,383.1,826
2026-07-08 07:18:00,383.21,383.3,383.21,383.3,379
2026-07-08 07:19:00,383.4,383.49,383.4,383.487,687
2026-07-08 07:20:00,383.4999,383.4999,383.23,383.23,445
2026-07-08 07:21:00,383.33,383.33,383.33,383.33,60
2026-07-08 07:22:00,383.2,383.25,383.11,383.11,298
2026-07-08 07:23:00,383.11,383.2,383.1,383.2,514
2026-07-08 07:24:00,383.1195,383.25,383.0436,383.0436,2967
2026-07-08 07:25:00,383.25,383.25,383.25,383.25,266
2026-07-08 07:26:00,383.474,383.5,383.3,383.5,339
2026-07-08 07:27:00,383.66,383.75,383.25,383.39,2452
2026-07-08 07:28:00,383.12,383.2134,382.71,382.71,5936
2026-07-08 07:29:00,382.9849,382.9849,382.71,382.71,239
2026-07-08 07:30:00,382.71,382.9562,382.71,382.9562,692
2026-07-08 07:31:00,382.73,383,382.73,382.99,1342
2026-07-08 07:32:00,382.84,382.9,382.8,382.8,983
2026-07-08 07:33:00,382.75,382.85,382.75,382.85,270
2026-07-08 07:34:00,383,383.4,382.85,383.4,5896
2026-07-08 07:35:00,383.78,383.78,383.3,383.3,2455
2026-07-08 07:37:00,383.4673,383.7436,383.4673,383.7436,321
2026-07-08 07:38:00,383.38,383.38,383.3,383.35,825
2026-07-08 07:39:00,383.5225,383.5225,383.32,383.32,522
2026-07-08 07:40:00,383.36,383.38,383.322,383.35,202
2026-07-08 07:41:00,383.32,383.44,383.3,383.42,993
2026-07-08 07:42:00,383.4,383.4001,383.3,383.3,1049
2026-07-08 07:43:00,383.55,384.44,383.44,384.44,4837
2026-07-08 07:44:00,384.11,384.11,383.83,383.97,848
2026-07-08 07:45:00,384,384.4,383.4784,384.39,9616
2026-07-08 07:46:00,383.92,384.38,383.7,383.7,10128
2026-07-08 07:47:00,383.7317,383.76,383.69,383.76,334
2026-07-08 07:48:00,383.98,384.05,383.95,384,923
2026-07-08 07:49:00,384.17,384.39,383.99,384.05,3692
2026-07-08 07:50:00,383.71,383.99,383.51,383.56,3770
2026-07-08 07:51:00,383.52,383.62,383.5,383.62,1872
2026-07-08 07:52:00,384,384,383.92,383.92,160
2026-07-08 07:53:00,383.9824,384,383.7025,384,580
2026-07-08 07:54:00,383.82,384.4,383.82,384.4,1591
2026-07-08 07:55:00,384.0532,384.3827,384,384.22,461
2026-07-08 07:56:00,384.21,384.21,384.0304,384.21,945
2026-07-08 07:57:00,384.15,384.32,383.94,384,2913
2026-07-08 07:58:00,383.8241,384.19,383.8241,384.19,210
2026-07-08 07:59:00,384,384.01,383.85,383.85,365
2026-07-08 08:00:00,384,384.06,384,384,430
2026-07-08 08:01:00,384.0822,384.0822,383.8016,383.8016,1512
2026-07-08 08:02:00,383.83,384,383.772,384,713
2026-07-08 08:03:00,384,384,383.8,383.8,250
2026-07-08 08:04:00,383.9692,383.9697,383.9692,383.9697,350
2026-07-08 08:05:00,383.99,384.31,383.99,384.31,1472
2026-07-08 08:06:00,384.23,384.4,384.23,384.3043,1323
2026-07-08 08:07:00,384.378,384.81,384.378,384.38,2029
2026-07-08 08:08:00,384.44,384.44,384.202,384.32,226
2026-07-08 08:09:00,384.25,384.58,384.15,384.5,3149
2026-07-08 08:10:00,384.69,384.69,384.5622,384.5622,550
2026-07-08 08:11:00,384.51,384.5499,384.49,384.49,1100
2026-07-08 08:12:00,384.6,384.6,384.58,384.6,235
2026-07-08 08:13:00,384.6,384.73,384.6,384.6,439
2026-07-08 08:14:00,384.69,384.69,384.415,384.415,573
2026-07-08 08:15:00,384.5,384.5,384.4227,384.4227,643
2026-07-08 08:16:00,384.46,384.6,384.46,384.5286,434
2026-07-08 08:17:00,384.54,384.54,384.5103,384.5103,675
2026-07-08 08:18:00,384.61,384.676,384.5388,384.55,476
2026-07-08 08:19:00,384.51,384.68,384.32,384.51,1566
2026-07-08 08:20:00,384.4,384.4,384.3397,384.3397,600
2026-07-08 08:21:00,384.32,384.34,384.32,384.34,278
2026-07-08 08:22:00,384.4,384.5497,384.3,384.5497,726
2026-07-08 08:23:00,384.4,384.4,384.4,384.4,588
2026-07-08 08:24:00,384.23,384.23,384.0742,384.0742,486
2026-07-08 08:25:00,384.0517,384.09,383.98,384,2853
2026-07-08 08:26:00,384.1,384.1,384.1,384.1,100
2026-07-08 08:27:00,384.17,384.21,384,384.21,1902
2026-07-08 08:28:00,384.21,384.21,384.1,384.1,232
2026-07-08 08:29:00,384.2,384.22,384.2,384.22,138
2026-07-08 08:30:00,384.26,384.5,384.26,384.4846,682
2026-07-08 08:31:00,384.25,384.5,384.25,384.5,847
2026-07-08 08:32:00,384.41,384.55,384.41,384.55,1337
2026-07-08 08:33:00,384.4974,384.4974,384.32,384.32,90
2026-07-08 08:35:00,384.42,384.45,384.3,384.3,873
2026-07-08 08:36:00,384.29,384.3,383.93,383.975,1652
2026-07-08 08:37:00,383.93,383.96,383.91,383.94,1240
2026-07-08 08:38:00,383.95,384.14,383.85,384.14,1486
2026-07-08 08:39:00,384.13,384.13,384.13,384.13,69
2026-07-08 08:40:00,384.14,384.16,384.0236,384.1,338
2026-07-08 08:41:00,384.2,384.25,384.14,384.25,1921
2026-07-08 08:42:00,384.2588,384.54,384.2588,384.54,6546
2026-07-08 08:43:00,384.46,384.52,384.45,384.5,1857
2026-07-08 08:44:00,384.49,384.55,384.49,384.54,1542
2026-07-08 08:45:00,384.54,384.6,384.4,384.4,664
2026-07-08 08:46:00,384.5305,384.5758,384.4,384.5,1962
2026-07-08 08:47:00,384.4,384.4,384.339,384.339,460
2026-07-08 08:48:00,384.4,384.4384,384.35,384.35,447
2026-07-08 08:49:00,384.3,384.4,384.25,384.4,2863
2026-07-08 08:50:00,384.06,384.06,384.01,384.01,215
2026-07-08 08:51:00,384.07,384.07,383.88,383.88,1022
2026-07-08 08:52:00,384,384,383.55,383.7967,2140
2026-07-08 08:53:00,383.8,383.8,383.6,383.8,953
2026-07-08 08:54:00,383.8485,383.8485,383.6245,383.8339,2373
2026-07-08 08:55:00,383.71,383.8,383.7,383.8,565
2026-07-08 08:56:00,383.8,383.85,383.3,383.3,3692
2026-07-08 08:57:00,383.3,383.65,383.29,383.54,1892
2026-07-08 08:58:00,383.61,383.62,383.31,383.5,1942
2026-07-08 08:59:00,383.5,383.5,383.2,383.34,1489
2026-07-08 09:00:00,383.29,383.5,383.28,383.3,1264
2026-07-08 09:01:00,383.297,383.5,383.25,383.48,540
2026-07-08 09:02:00,383.36,383.7942,383.36,383.5172,701
2026-07-08 09:03:00,383.5301,383.6,383.03,383.168,2870
2026-07-08 09:04:00,383.21,383.21,383.0617,383.0638,881
2026-07-08 09:05:00,383.0505,383.16,382.82,382.82,3103
2026-07-08 09:06:00,382.86,383,382.58,382.7,3139
2026-07-08 09:07:00,382.8167,382.8167,382.6,382.7146,1216
2026-07-08 09:08:00,382.8,382.96,382.7,382.96,989
2026-07-08 09:09:00,382.95,383,382.69,382.72,6649
2026-07-08 09:10:00,382.8354,382.8354,382.6,382.64,3962
2026-07-08 09:11:00,382.67,382.67,382.5,382.5,3534
2026-07-08 09:12:00,382.5,382.95,382.5,382.94,6912
2026-07-08 09:13:00,382.98,383.01,382.9,382.94,1258
2026-07-08 09:14:00,382.93,382.95,382.5886,382.5886,1363
2026-07-08 09:15:00,382.71,382.85,382.55,382.85,768
2026-07-08 09:16:00,382.66,382.85,382.5,382.8496,3446
2026-07-08 09:17:00,382.5504,382.85,382.5504,382.65,1039
2026-07-08 09:18:00,382.85,382.85,382.5495,382.77,1055
2026-07-08 09:19:00,382.8,382.8,382.6028,382.7,725
2026-07-08 09:20:00,382.54,382.54,382.11,382.11,4769
2026-07-08 09:21:00,382.1204,382.57,382.1204,382.51,1850
2026-07-08 09:22:00,382.5,382.51,382.1203,382.1203,3688
2026-07-08 09:23:00,382.25,382.32,381.89,382.03,3636
2026-07-08 09:24:00,382,382.52,382,382.49,2194
2026-07-08 09:25:00,382.1,382.52,382.05,382.4,2885
2026-07-08 09:26:00,382.48,382.85,382.4,382.69,2457
2026-07-08 09:27:00,382.61,383.25,382.06,382.21,7391
2026-07-08 09:28:00,382.79,383.79,382.79,383.51,5173
2026-07-08 09:29:00,383.5,384.43,383.02,384,16714
2026-07-08 09:30:00,384.03,384.59,382.2901,382.455,693421
2026-07-08 09:31:00,382.43,383.6798,381.68,382.95,180371
2026-07-08 09:32:00,383.05,384.4,383,383.72,158635
2026-07-08 09:33:00,383.72,384.07,383.455,383.64,73499
2026-07-08 09:34:00,383.68,383.79,382.92,382.99,71757
2026-07-08 09:35:00,383.12,383.29,382.36,382.545,71958
2026-07-08 09:36:00,382.53,383.06,382.1,382.885,96157
2026-07-08 09:37:00,382.88,384.39,382.79,384.03,106315
2026-07-08 09:38:00,383.958,384.33,383.694,383.96,105215
2026-07-08 09:39:00,383.955,384.78,383.8,384.695,89980
2026-07-08 09:40:00,384.64,385.31,384.39,384.67,131542
2026-07-08 09:41:00,384.6,384.7445,383.71,384.06,89035
2026-07-08 09:42:00,383.985,384.82,383.77,384.8,64825
2026-07-08 09:43:00,384.8359,385.029,383.88,384.405,69229
2026-07-08 09:44:00,384.41,384.6553,384.0982,384.445,46326
2026-07-08 09:45:00,384.445,384.71,383.67,383.98,72793
2026-07-08 09:46:00,383.925,384.25,383.55,383.97,55738
2026-07-08 09:47:00,383.895,383.895,383.2,383.66,50296
2026-07-08 09:48:00,383.7,383.879,383.51,383.6,49245
2026-07-08 09:49:00,383.64,383.71,383.32,383.6596,40764
2026-07-08 09:50:00,383.67,383.98,383.56,383.84,40115
2026-07-08 09:51:00,383.83,384.1,383.33,383.355,51004
2026-07-08 09:52:00,383.38,383.4189,382.88,383.123,47606
2026-07-08 09:53:00,383.1254,383.59,382.88,383.035,50597
2026-07-08 09:54:00,383.06,383.22,382.51,382.5519,48303
2026-07-08 09:55:00,382.6015,383.02,382.33,382.99,81322
2026-07-08 09:56:00,382.99,383.23,382.71,383.1,37893
2026-07-08 09:57:00,383.12,384.1622,383.105,383.91,56107
2026-07-08 09:58:00,383.86,383.9299,383.18,383.33,33780
2026-07-08 09:59:00,383.44,383.57,383.1,383.2,43082
2026-07-08 10:00:00,383.15,383.4,382.93,383.4,85876
2026-07-08 10:01:00,383.4,383.97,383.25,383.345,55986
2026-07-08 10:02:00,383.35,383.74,383.25,383.406,40713
2026-07-08 10:03:00,383.55,383.74,383.05,383.68,33132
2026-07-08 10:04:00,383.66,383.75,383.28,383.36,23377
2026-07-08 10:05:00,383.3,384.02,383.3,383.855,50523
2026-07-08 10:06:00,383.855,384.22,383.8001,384.175,33508
2026-07-08 10:07:00,384.1301,384.47,383.96,384.04,31942
2026-07-08 10:08:00,384.04,384.51,383.965,384.18,38552
2026-07-08 10:09:00,384.19,384.305,383.85,384.06,31426
2026-07-08 10:10:00,384.03,384.05,383.28,383.49,31305
2026-07-08 10:11:00,383.48,383.71,383.43,383.68,40069
2026-07-08 10:12:00,383.64,383.77,383.31,383.35,49689
2026-07-08 10:13:00,383.35,383.84,383.05,383.12,56777
2026-07-08 10:14:00,383.0978,383.22,382.35,382.35,62341
2026-07-08 10:15:00,382.34,382.3896,381.8101,381.88,80041
2026-07-08 10:16:00,381.88,381.8999,381.34,381.34,75741
2026-07-08 10:17:00,381.37,382.11,381.33,382.045,75744
2026-07-08 10:18:00,382.04,382.37,381.89,382.15,73232
2026-07-08 10:19:00,382.11,382.28,381.9701,382.2,86720
2026-07-08 10:20:00,382.14,383.07,382.1,382.8425,61049
2026-07-08 10:21:00,382.805,383.03,382.335,382.96,72256
2026-07-08 10:22:00,382.9,383.04,382.67,382.86,43665
2026-07-08 10:23:00,382.86,382.95,382.6,382.73,58885
2026-07-08 10:24:00,382.77,382.94,382.64,382.935,38393
2026-07-08 10:25:00,382.96,383.16,382.79,382.965,53680
2026-07-08 10:26:00,383,383.12,382.62,382.74,43117
2026-07-08 10:27:00,382.65,382.94,382.35,382.92,50127
2026-07-08 10:28:00,382.86,382.88,382.08,382.11,59851
2026-07-08 10:29:00,382.1485,382.47,382.07,382.26,39374
2026-07-08 10:30:00,382.22,382.56,382.15,382.385,49534
2026-07-08 10:31:00,382.385,382.49,382.24,382.24,31639
2026-07-08 10:32:00,382.24,382.67,382.21,382.625,40581
2026-07-08 10:33:00,382.58,382.65,382.22,382.48,29855
2026-07-08 10:34:00,382.46,382.7799,382.33,382.69,29007
2026-07-08 10:35:00,382.68,382.68,382.09,382.1,54528
2026-07-08 10:36:00,382.08,382.13,381.8,381.85,104261
2026-07-08 10:37:00,381.84,382.59,381.73,382.32,50582
2026-07-08 10:38:00,382.365,382.62,382.19,382.27,35460
2026-07-08 10:39:00,382.29,382.37,381.935,381.96,51830
2026-07-08 10:40:00,382.0191,382.29,381.94,382.25,19648
2026-07-08 10:41:00,382.26,382.6,382.12,382.565,25317
2026-07-08 10:42:00,382.565,382.84,382.48,382.69,37800
2026-07-08 10:43:00,382.68,383.0999,382.64,382.925,54375
2026-07-08 10:44:00,382.93,383.09,382.8464,382.92,27884
2026-07-08 10:45:00,382.94,383.18,382.6,382.78,48370
2026-07-08 10:46:00,382.74,382.85,382.62,382.77,30506
2026-07-08 10:47:00,382.785,383.33,382.7,383.215,36608
2026-07-08 10:48:00,383.2125,383.41,383.1,383.41,24669
2026-07-08 10:49:00,383.39,383.4817,383.03,383.185,29714
2026-07-08 10:50:00,383.185,383.49,383.18,383.265,49730
2026-07-08 10:51:00,383.29,383.5,383.245,383.46,25099
2026-07-08 10:52:00,383.465,383.8395,383.37,383.805,27911
2026-07-08 10:53:00,383.7792,383.85,383.44,383.54,33114
2026-07-08 10:54:00,383.505,383.68,383.28,383.61,35696
2026-07-08 10:55:00,383.6,383.64,383.24,383.24,18875
2026-07-08 10:56:00,383.295,383.57,383.08,383.175,25606
2026-07-08 10:57:00,383.1245,383.2,382.88,383.11,27664
2026-07-08 10:58:00,383.105,383.16,382.95,383.16,40782
2026-07-08 10:59:00,383.11,383.26,382.9801,383.165,20572
2026-07-08 11:00:00,383.17,383.28,382.8201,382.96,22687
2026-07-08 11:01:00,383,383,382.78,382.835,22633
2026-07-08 11:02:00,382.78,382.99,382.7,382.945,39316
2026-07-08 11:03:00,382.94,382.97,382.74,382.9451,20291
2026-07-08 11:04:00,382.99,383.12,382.61,382.68,19944
2026-07-08 11:05:00,382.63,382.85,382.5,382.81,29358
2026-07-08 11:06:00,382.77,382.9,382.5793,382.72,26646
2026-07-08 11:07:00,382.715,383.01,382.52,382.97,34213
2026-07-08 11:08:00,383.005,383.14,382.61,382.76,30590
2026-07-08 11:09:00,382.74,382.83,382.55,382.58,14931
2026-07-08 11:10:00,382.58,382.73,382.47,382.65,24872
2026-07-08 11:11:00,382.5892,382.91,382.42,382.795,45098
2026-07-08 11:12:00,382.72,383.14,382.67,383.035,47584
2026-07-08 11:13:00,383.09,383.15,382.73,383.065,31185
2026-07-08 11:14:00,383.065,383.14,382.645,382.885,36453
2026-07-08 11:15:00,382.88,383.1152,382.78,382.86,40638
2026-07-08 11:16:00,382.83,382.91,382.73,382.82,22312
2026-07-08 11:17:00,382.7989,382.93,382.65,382.78,43092
2026-07-08 11:18:00,382.75,382.77,382.46,382.51,45448
2026-07-08 11:19:00,382.55,382.6299,382.33,382.47,21905
2026-07-08 11:20:00,382.435,383,382.42,382.9225,55133
2026-07-08 11:21:00,382.945,383.12,382.69,382.7,37312
2026-07-08 11:22:00,382.695,382.75,382.46,382.5301,25906
2026-07-08 11:23:00,382.555,382.75,382.285,382.3,26124
2026-07-08 11:24:00,382.3,382.61,382.29,382.32,37278
2026-07-08 11:25:00,382.32,382.39,382.14,382.25,37508
2026-07-08 11:26:00,382.26,382.46,382.1,382.225,39357
2026-07-08 11:27:00,382.225,382.46,382.17,382.22,23969
2026-07-08 11:28:00,382.26,382.48,382.17,382.25,22553
2026-07-08 11:29:00,382.27,382.37,382.03,382.03,22023
2026-07-08 11:30:00,382.0675,382.08,381.56,381.76,47511
2026-07-08 11:31:00,381.7896,381.81,381.57,381.68,32713
2026-07-08 11:32:00,381.76,381.8,381.62,381.7107,39767
2026-07-08 11:33:00,381.71,382.01,381.69,381.83,43682
2026-07-08 11:34:00,381.8,382.16,381.72,382.14,35180
2026-07-08 11:35:00,382.11,382.41,381.9601,382.395,19237
2026-07-08 11:36:00,382.42,382.42,382.0624,382.195,18488
2026-07-08 11:37:00,382.245,382.52,382.18,382.4658,33228
2026-07-08 11:38:00,382.33,382.5,382.266,382.335,29528
2026-07-08 11:39:00,382.37,382.59,382.25,382.29,22631
2026-07-08 11:40:00,382.3,382.62,382.295,382.6,18749
2026-07-08 11:41:00,382.53,382.63,382.33,382.3501,17977
2026-07-08 11:42:00,382.36,382.37,382,382.0001,18937
2026-07-08 11:43:00,382.05,382.3284,382,382.155,20412
2026-07-08 11:44:00,382.155,382.28,382.12,382.2,17348
2026-07-08 11:45:00,382.195,382.31,382.11,382.3,17948
2026-07-08 11:46:00,382.33,382.47,382.06,382.1,21440
2026-07-08 11:47:00,382.095,382.36,382.04,382.33,16586
2026-07-08 11:48:00,382.36,382.52,382.3242,382.48,35074
2026-07-08 11:49:00,382.48,382.56,382.36,382.56,32053
2026-07-08 11:50:00,382.545,382.63,382.3,382.48,27841
2026-07-08 11:51:00,382.48,382.5099,382.26,382.3599,18687
2026-07-08 11:52:00,382.325,382.38,382.26,382.34,14813
2026-07-08 11:53:00,382.33,382.64,382.29,382.62,17627
2026-07-08 11:54:00,382.61,382.76,382.52,382.745,20892
2026-07-08 11:55:00,382.77,382.93,382.71,382.725,19709
2026-07-08 11:56:00,382.71,382.77,382.51,382.575,13456
2026-07-08 11:57:00,382.5679,382.71,382.5401,382.68,12205
2026-07-08 11:58:00,382.71,382.934,382.6601,382.9,12619
2026-07-08 11:59:00,382.94,382.94,382.66,382.7,11359
2026-07-08 12:00:00,382.74,382.93,382.65,382.82,20404
2026-07-08 12:01:00,382.81,382.94,382.66,382.755,18787
2026-07-08 12:02:00,382.75,382.8376,382.6,382.75,23049
2026-07-08 12:03:00,382.73,382.754,382.5,382.5577,12399
2026-07-08 12:04:00,382.56,382.59,382.45,382.535,11065
2026-07-08 12:05:00,382.5487,382.76,382.5,382.68,9316
2026-07-08 12:06:00,382.69,382.84,382.6,382.65,20180
2026-07-08 12:07:00,382.68,382.79,382.64,382.76,12008
2026-07-08 12:08:00,382.76,382.97,382.6801,382.71,10755
2026-07-08 12:09:00,382.71,382.79,382.5201,382.625,26328
2026-07-08 12:10:00,382.67,382.6976,382.52,382.63,12520
2026-07-08 12:11:00,382.64,382.84,382.62,382.71,22780
2026-07-08 12:12:00,382.735,382.79,382.61,382.68,13478
2026-07-08 12:13:00,382.68,382.68,382.3302,382.39,40331
2026-07-08 12:14:00,382.39,382.61,382.33,382.61,14662
2026-07-08 12:15:00,382.61,382.81,382.59,382.62,24211
2026-07-08 12:16:00,382.62,382.77,382.6,382.6,9104
2026-07-08 12:17:00,382.66,382.85,382.64,382.6714,17206
2026-07-08 12:18:00,382.69,382.7785,382.66,382.67,9731
2026-07-08 12:19:00,382.71,382.71,382.53,382.565,12851
2026-07-08 12:20:00,382.57,382.62,382.41,382.4855,13486
2026-07-08 12:21:00,382.51,382.51,382.3001,382.3001,18422
2026-07-08 12:22:00,382.345,382.3799,382.03,382.15,22194
2026-07-08 12:23:00,382.17,382.46,382.15,382.42,17265
2026-07-08 12:24:00,382.38,382.45,382.24,382.42,16513
2026-07-08 12:25:00,382.45,382.5,382.33,382.42,9196
2026-07-08 12:26:00,382.42,382.42,382.21,382.26,16047
2026-07-08 12:27:00,382.27,382.49,382.27,382.36,19422
2026-07-08 12:28:00,382.36,382.45,382.33,382.395,8188
2026-07-08 12:29:00,382.39,382.52,382.355,382.49,14625
2026-07-08 12:30:00,382.44,382.69,382.4,382.68,19962
2026-07-08 12:31:00,382.675,382.9,382.675,382.78,26291
2026-07-08 12:32:00,382.76,383.0799,382.76,383.055,36358
2026-07-08 12:33:00,383.0597,383.24,383.05,383.14,28677
2026-07-08 12:34:00,383.1684,383.1684,382.65,382.67,22510
2026-07-08 12:35:00,382.63,382.97,382.53,382.53,22548
2026-07-08 12:36:00,382.53,382.54,382.35,382.42,15528
2026-07-08 12:37:00,382.415,382.4495,382.1,382.15,16608
2026-07-08 12:38:00,382.18,382.34,382.12,382.325,14212
2026-07-08 12:39:00,382.325,382.69,382.27,382.57,20050
2026-07-08 12:40:00,382.49,383.21,382.4,383.045,16807
2026-07-08 12:41:00,383.06,383.17,382.545,382.6,13478
2026-07-08 12:42:00,382.6,382.81,382.59,382.725,13951
2026-07-08 12:43:00,382.715,382.7899,382.63,382.68,18151
2026-07-08 12:44:00,382.64,382.86,382.49,382.73,57274
2026-07-08 12:45:00,382.7101,382.89,382.555,382.76,32194
2026-07-08 12:46:00,382.76,382.9695,382.73,382.85,13132
2026-07-08 12:47:00,382.845,382.875,382.7,382.82,10968
2026-07-08 12:48:00,382.82,382.96,382.7601,382.84,13218
2026-07-08 12:49:00,382.84,382.84,382.72,382.79,26117
2026-07-08 12:50:00,382.795,382.91,382.56,382.5951,21825
2026-07-08 12:51:00,382.57,382.845,382.53,382.75,27061
2026-07-08 12:52:00,382.78,382.82,382.53,382.605,13585
2026-07-08 12:53:00,382.63,382.78,382.5,382.74,24746
2026-07-08 12:54:00,382.745,382.745,382.52,382.59,12829
2026-07-08 12:55:00,382.5899,382.6899,382.45,382.586,29272
2026-07-08 12:56:00,382.595,382.66,382.33,382.43,15931
2026-07-08 12:57:00,382.46,382.55,382.145,382.24,48641
2026-07-08 12:58:00,382.26,382.34,382.2,382.21,26353
2026-07-08 12:59:00,382.245,382.28,382.041,382.08,33989
2026-07-08 13:00:00,382.1,382.1,381.7,381.83,73344
2026-07-08 13:01:00,381.855,381.88,381.64,381.7,39969
2026-07-08 13:02:00,381.7,381.86,381.67,381.84,39369
2026-07-08 13:03:00,381.86,381.95,381.76,381.9,24554
2026-07-08 13:04:00,381.92,381.96,381.82,381.89,13600
2026-07-08 13:05:00,381.89,381.91,381.74,381.825,16987
2026-07-08 13:06:00,381.83,382.0099,381.75,381.97,36862
2026-07-08 13:07:00,381.96,381.96,381.7901,381.9,22146
2026-07-08 13:08:00,381.9293,381.9293,381.55,381.575,30542
2026-07-08 13:09:00,381.55,381.75,381.55,381.622,26413
2026-07-08 13:10:00,381.61,382.24,381.61,382.16,42928
2026-07-08 13:11:00,382.16,382.19,382.0109,382.14,20352
2026-07-08 13:12:00,382.16,382.17,382.05,382.145,19216
2026-07-08 13:13:00,382.13,382.5599,382.12,382.54,51974
2026-07-08 13:14:00,382.56,382.67,382.46,382.4735,24709
2026-07-08 13:15:00,382.52,382.97,382.48,382.91,36297
2026-07-08 13:16:00,382.89,382.9,382.68,382.7104,21085
2026-07-08 13:17:00,382.74,382.745,382.56,382.6,12689
2026-07-08 13:18:00,382.6,382.74,382.5001,382.7378,12589
2026-07-08 13:19:00,382.74,382.89,382.67,382.8799,13004
2026-07-08 13:20:00,382.85,382.98,382.76,382.95,18823
2026-07-08 13:21:00,382.95,383.21,382.9,383.1818,29705
2026-07-08 13:22:00,383.2001,383.28,383.11,383.13,51216
2026-07-08 13:23:00,383.17,383.39,383.1306,383.375,15705
2026-07-08 13:24:00,383.39,383.44,383.2401,383.37,28136
2026-07-08 13:25:00,383.355,383.47,383.25,383.32,31998
2026-07-08 13:26:00,383.35,383.53,383.34,383.4807,18071
2026-07-08 13:27:00,383.55,383.59,383.33,383.36,12816
2026-07-08 13:28:00,383.38,383.5,383.32,383.475,14819
2026-07-08 13:29:00,383.48,383.56,383.455,383.49,14625
2026-07-08 13:30:00,383.49,383.64,383.42,383.53,21958
2026-07-08 13:31:00,383.61,383.65,383.45,383.47,20085
2026-07-08 13:32:00,383.47,383.5499,383.44,383.5149,26210
2026-07-08 13:33:00,383.515,383.68,383.51,383.535,16808
2026-07-08 13:34:00,383.52,383.6168,383.39,383.39,32302
2026-07-08 13:35:00,383.405,383.47,383.24,383.315,47126
2026-07-08 13:36:00,383.32,383.44,383.3,383.44,20969
2026-07-08 13:37:00,383.4,383.4,383.12,383.135,12065
2026-07-08 13:38:00,383.14,383.38,383.12,383.29,23798
2026-07-08 13:39:00,383.24,383.25,383.025,383.075,23893
2026-07-08 13:40:00,383.075,383.1999,382.995,383.09,20317
2026-07-08 13:41:00,383.06,383.18,383.04,383.06,22770
2026-07-08 13:42:00,383.09,383.43,383.08,383.41,18412
2026-07-08 13:43:00,383.405,383.494,383.34,383.3469,18357
2026-07-08 13:44:00,383.37,383.55,383.32,383.44,25110
2026-07-08 13:45:00,383.4,383.47,383.2401,383.295,18737
2026-07-08 13:46:00,383.295,383.65,383.23,383.505,40883
2026-07-08 13:47:00,383.54,383.58,383.3601,383.42,14040
2026-07-08 13:48:00,383.395,383.5299,383.395,383.5299,8458
2026-07-08 13:49:00,383.505,383.65,383.49,383.63,11216
2026-07-08 13:50:00,383.6161,383.78,383.49,383.635,34811
2026-07-08 13:51:00,383.63,383.7,383.51,383.7,13982
2026-07-08 13:52:00,383.6317,383.67,383.5101,383.5101,16165
2026-07-08 13:53:00,383.545,383.61,383.46,383.51,13828
2026-07-08 13:54:00,383.525,383.634,383.47,383.6,11833
2026-07-08 13:55:00,383.595,383.6196,383.41,383.52,20393
2026-07-08 13:56:00,383.52,383.59,383.44,383.59,14500
2026-07-08 13:57:00,383.58,383.59,383.37,383.57,31730
2026-07-08 13:58:00,383.555,383.63,383.36,383.59,73527
2026-07-08 13:59:00,383.59,383.63,383.48,383.48,14495
2026-07-08 14:00:00,383.48,383.58,383.2303,383.425,26838
2026-07-08 14:01:00,383.48,383.82,383.4,383.76,37829
2026-07-08 14:02:00,383.755,383.84,383.7,383.725,34817
2026-07-08 14:03:00,383.73,383.95,383.725,383.8001,37038
2026-07-08 14:04:00,383.835,383.9199,383.78,383.87,27418
2026-07-08 14:05:00,383.87,383.97,383.76,383.8,25985
2026-07-08 14:06:00,383.78,383.9799,383.775,383.935,15910
2026-07-08 14:07:00,383.935,384.04,383.88,383.9499,24391
2026-07-08 14:08:00,383.915,383.94,383.85,383.8701,18311
2026-07-08 14:09:00,383.9,383.9699,383.82,383.85,14123
2026-07-08 14:10:00,383.83,383.84,383.6485,383.705,20147
2026-07-08 14:11:00,383.69,383.88,383.68,383.865,15378
2026-07-08 14:12:00,383.8671,384.02,383.79,383.92,20869
2026-07-08 14:13:00,383.9,383.96,383.8301,383.96,12420
2026-07-08 14:14:00,383.935,383.96,383.7701,383.8312,36676
2026-07-08 14:15:00,383.8492,384.02,383.84,383.96,23989
2026-07-08 14:16:00,383.9705,383.9705,383.76,383.8,26290
2026-07-08 14:17:00,383.795,383.9599,383.78,383.9199,17517
2026-07-08 14:18:00,383.85,383.93,383.76,383.76,17378
2026-07-08 14:19:00,383.7999,383.81,383.62,383.69,19425
2026-07-08 14:20:00,383.64,383.71,383.6,383.65,12620
2026-07-08 14:21:00,383.59,383.64,383.4611,383.57,15095
2026-07-08 14:22:00,383.585,383.77,383.4317,383.75,42571
2026-07-08 14:23:00,383.7144,384,383.7144,383.92,26658
2026-07-08 14:24:00,383.89,384.05,383.814,383.9,26452
2026-07-08 14:25:00,383.88,383.93,383.83,383.86,12463
2026-07-08 14:26:00,383.89,383.93,383.76,383.795,13937
2026-07-08 14:27:00,383.8299,383.95,383.76,383.895,16286
2026-07-08 14:28:00,383.895,384,383.825,383.83,17851
2026-07-08 14:29:00,383.835,383.89,383.79,383.83,14308
2026-07-08 14:30:00,383.83,383.864,383.57,383.57,21554
2026-07-08 14:31:00,383.575,383.72,383.52,383.68,24680
2026-07-08 14:32:00,383.655,383.79,383.575,383.62,30712
2026-07-08 14:33:00,383.61,383.66,383.53,383.6,9322
2026-07-08 14:34:00,383.61,383.66,383.56,383.65,14304
2026-07-08 14:35:00,383.65,383.71,383.55,383.6099,16389
2026-07-08 14:36:00,383.56,383.77,383.5201,383.735,15327
2026-07-08 14:37:00,383.745,384,383.745,383.965,20070
2026-07-08 14:38:00,383.965,384.03,383.87,384.01,18448
2026-07-08 14:39:00,383.99,384.55,383.98,384.515,45996
2026-07-08 14:40:00,384.53,384.56,384.42,384.515,24429
2026-07-08 14:41:00,384.515,384.55,384.08,384.15,54792
2026-07-08 14:42:00,384.16,384.29,384.1,384.185,14755
2026-07-08 14:43:00,384.185,384.2699,384.13,384.22,27333
2026-07-08 14:44:00,384.22,384.37,384.12,384.2226,24392
2026-07-08 14:45:00,384.21,384.44,384.21,384.4,16124
2026-07-08 14:46:00,384.44,384.47,384.27,384.31,19011
2026-07-08 14:47:00,384.27,384.37,384.21,384.2324,21054
2026-07-08 14:48:00,384.245,384.25,384.07,384.17,72335
2026-07-08 14:49:00,384.1414,384.25,384.11,384.1999,25039
2026-07-08 14:50:00,384.16,384.16,383.6201,383.718,17821
2026-07-08 14:51:00,383.71,383.74,383.55,383.715,24372
2026-07-08 14:52:00,383.715,383.96,383.66,383.935,18038
2026-07-08 14:53:00,383.96,384,383.56,383.56,18663
2026-07-08 14:54:00,383.63,383.8863,383.57,383.855,22773
2026-07-08 14:55:00,383.855,383.855,383.6741,383.72,16978
2026-07-08 14:56:00,383.72,383.75,383.58,383.64,19363
2026-07-08 14:57:00,383.62,383.77,383.56,383.725,22238
2026-07-08 14:58:00,383.74,383.94,383.7105,383.905,25435
2026-07-08 14:59:00,383.895,383.94,383.8149,383.89,11355
2026-07-08 15:00:00,383.92,383.95,383.74,383.8501,29766
2026-07-08 15:01:00,383.85,383.89,383.57,383.625,20166
2026-07-08 15:02:00,383.625,383.7028,383.46,383.5499,22966
2026-07-08 15:03:00,383.52,383.53,383.39,383.43,14682
2026-07-08 15:04:00,383.4,383.43,383.24,383.295,15626
2026-07-08 15:05:00,383.3,383.45,383.24,383.425,40426
2026-07-08 15:06:00,383.4,383.63,383.27,383.605,31497
2026-07-08 15:07:00,383.64,383.7,383.41,383.41,17753
2026-07-08 15:08:00,383.35,383.39,383.23,383.375,18855
2026-07-08 15:09:00,383.375,383.4,383.225,383.275,24596
2026-07-08 15:10:00,383.275,383.33,383.09,383.15,13822
2026-07-08 15:11:00,383.11,383.28,383.04,383.11,20399
2026-07-08 15:12:00,383.1595,383.25,383.075,383.11,23100
2026-07-08 15:13:00,383.12,383.12,382.96,383.03,15152
2026-07-08 15:14:00,383.025,383.06,382.98,383.04,11925
2026-07-08 15:15:00,383.015,383.06,382.96,383.01,16727
2026-07-08 15:16:00,383.025,383.05,382.65,382.67,19130
2026-07-08 15:17:00,382.705,382.95,382.705,382.95,34653
2026-07-08 15:18:00,382.95,383.04,382.92,382.97,12892
2026-07-08 15:19:00,382.95,383.04,382.91,383,23782
2026-07-08 15:20:00,383,383.18,382.9701,383.155,30508
2026-07-08 15:21:00,383.1795,383.1795,383.02,383.085,15444
2026-07-08 15:22:00,383.085,383.17,383,383.0679,21320
2026-07-08 15:23:00,383.065,383.19,383.05,383.16,11564
2026-07-08 15:24:00,383.19,383.3,383.1167,383.3,16504
2026-07-08 15:25:00,383.3,383.39,383.25,383.3201,25656
2026-07-08 15:26:00,383.35,383.3699,383.19,383.235,18383
2026-07-08 15:27:00,383.235,383.38,383.22,383.3499,20127
2026-07-08 15:28:00,383.325,383.52,383.3,383.52,24844
2026-07-08 15:29:00,383.5,383.57,383.43,383.445,18791
2026-07-08 15:30:00,383.45,383.67,383.41,383.64,34628
2026-07-08 15:31:00,383.67,383.74,383.57,383.68,31653
2026-07-08 15:32:00,383.685,383.685,383.31,383.335,29578
2026-07-08 15:33:00,383.335,383.39,383.2,383.325,18386
2026-07-08 15:34:00,383.3375,383.3375,383.17,383.28,27740
2026-07-08 15:35:00,383.29,383.6,383.29,383.485,32925
2026-07-08 15:36:00,383.5,383.63,383.4,383.54,35261
2026-07-08 15:37:00,383.51,383.53,383.3,383.315,18975
2026-07-08 15:38:00,383.3,383.33,383.2,383.22,24714
2026-07-08 15:39:00,383.26,383.53,383.22,383.49,18397
2026-07-08 15:40:00,383.49,383.66,383.46,383.54,24234
2026-07-08 15:41:00,383.55,383.62,383.49,383.54,30079
2026-07-08 15:42:00,383.52,383.5799,383.39,383.425,20595
2026-07-08 15:43:00,383.45,383.49,383.37,383.47,22502
2026-07-08 15:44:00,383.46,383.5,383.34,383.435,28235
2026-07-08 15:45:00,383.43,383.49,383.29,383.455,67324
2026-07-08 15:46:00,383.4201,383.73,383.3848,383.4698,43881
2026-07-08 15:47:00,383.46,383.47,383.04,383.1,57299
2026-07-08 15:48:00,383.1,383.43,383.08,383.4,34614
2026-07-08 15:49:00,383.41,383.5,383.35,383.39,36402
2026-07-08 15:50:00,383.41,383.73,383.3,383.51,61692
2026-07-08 15:51:00,383.49,383.55,383.295,383.53,54095
2026-07-08 15:52:00,383.54,383.59,383.27,383.33,50365
2026-07-08 15:53:00,383.36,383.5,383.26,383.31,75051
2026-07-08 15:54:00,383.31,383.334,382.65,382.72,103317
2026-07-08 15:55:00,382.742,383.41,382.742,382.92,97927
2026-07-08 15:56:00,382.91,383.28,382.74,383.27,86810
2026-07-08 15:57:00,383.27,383.38,383.05,383.36,120284
2026-07-08 15:58:00,383.36,383.445,383.25,383.375,132068
2026-07-08 15:59:00,383.36,383.44,382.93,383.05,444146
2026-07-08 16:00:00,383.05,383.35,383.04,383.32,3219813
2026-07-08 16:01:00,383.32,383.32,383.01,383.1743,2227
2026-07-08 16:02:00,383.2,383.2,383,383,1096
2026-07-08 16:03:00,382.954,383,382.9081,382.9081,387
2026-07-08 16:04:00,382.9,382.9853,382.8064,382.8064,535
2026-07-08 16:05:00,382.88,382.9,382.8,382.85,944
2026-07-08 16:06:00,382.86,382.95,382.83,382.9425,501
2026-07-08 16:07:00,382.95,382.95,382.9475,382.95,1685
2026-07-08 16:08:00,382.95,383.34,382.95,383,14054
2026-07-08 16:09:00,383,383,382.9989,382.9999,2034
2026-07-08 16:10:00,382.97,383,382.95,382.96,339
2026-07-08 16:11:00,382.95,383,382.85,382.85,1235
2026-07-08 16:12:00,382.95,382.96,382.95,382.96,699
2026-07-08 16:13:00,382.94,382.94,382.94,382.94,110
2026-07-08 16:14:00,382.95,383,382.95,383,170
2026-07-08 16:16:00,382.94,382.94,382.8,382.86,1420
2026-07-08 16:17:00,382.77,382.77,382.6,382.7,871
2026-07-08 16:18:00,382.5485,382.82,382.52,382.82,565
2026-07-08 16:19:00,382.8,382.86,382.8,382.85,514
2026-07-08 16:20:00,382.8,382.86,382.8,382.86,350
2026-07-08 16:21:00,382.826,382.826,382.826,382.826,100
2026-07-08 16:22:00,382.8002,382.83,382.8,382.83,734
2026-07-08 16:23:00,382.8,382.9,382.8,382.9,380
2026-07-08 16:24:00,382.85,382.85,382.85,382.85,149
2026-07-08 16:25:00,382.99,382.9964,382.9,382.9,370
2026-07-08 16:26:00,383,383,382.98,382.98,140
2026-07-08 16:27:00,382.85,382.85,382.85,382.85,80
2026-07-08 16:29:00,382.9,382.96,382.9,382.96,361
2026-07-08 16:30:00,382.97,383,382.97,383,467
2026-07-08 16:31:00,382.9,382.9,382.84,382.84,120
2026-07-08 16:32:00,382.87,383,382.87,383,1426
2026-07-08 16:33:00,382.94,382.94,382.81,382.81,1230
2026-07-08 16:34:00,382.9,382.9,382.9,382.9,100
2026-07-08 16:35:00,382.8,382.8204,382.8,382.8,480
2026-07-08 16:36:00,382.5325,382.5325,382.51,382.51,118
2026-07-08 16:37:00,382.7499,382.7499,382.28,382.55,1079
2026-07-08 16:38:00,382.47,382.5,382.47,382.5,285
2026-07-08 16:39:00,382.4509,382.4509,382.4509,382.4509,175
2026-07-08 16:40:00,382.588,382.588,382.45,382.54,748
2026-07-08 16:41:00,382.48,382.56,382.453,382.56,287
2026-07-08 16:42:00,382.5616,383,382.5616,383,3333
2026-07-08 16:44:00,383.34,383.34,383.34,383.34,17495
2026-07-08 16:45:00,382.6612,382.939,382.65,382.65,148
2026-07-08 16:47:00,382.97,382.97,382.97,382.97,54
2026-07-08 16:49:00,382.91,383.04,382.6885,383,505
2026-07-08 16:51:00,383,383.34,383,383.2,1034
2026-07-08 16:56:00,383.2675,383.2675,383.15,383.15,150
2026-07-08 16:57:00,383.2237,383.24,383.2237,383.24,362
2026-07-08 16:59:00,383.2133,383.2133,383.05,383.05,473
2026-07-08 17:02:00,383.12,383.2,383.12,383.12,295
2026-07-08 17:04:00,383.1,383.233,383.1,383.233,280
2026-07-08 17:05:00,383.102,383.24,383.1,383.24,180
2026-07-08 17:06:00,383.24,383.24,383.24,383.24,1000
2026-07-08 17:08:00,383.22,383.2397,383.22,383.2397,360
2026-07-08 17:11:00,383.11,383.2244,383.11,383.2244,140
2026-07-08 17:12:00,383.1236,383.1236,383.1236,383.1236,70
2026-07-08 17:13:00,383.12,383.12,383.12,383.12,550
2026-07-08 17:14:00,383.13,383.15,383.1,383.15,845
2026-07-08 17:15:00,383.1076,383.1076,383.1076,383.1076,90
2026-07-08 17:17:00,383.165,383.165,383.16,383.165,160
2026-07-08 17:18:00,383.15,383.15,383.13,383.13,338
2026-07-08 17:20:00,383.1498,383.15,383.1,383.15,499
2026-07-08 17:22:00,383.12,383.12,383.0446,383.0446,1141
2026-07-08 17:23:00,383.05,383.05,383.03,383.03,346
2026-07-08 17:24:00,383.01,383.01,383,383,390
2026-07-08 17:25:00,383,383.15,383,383.15,359
2026-07-08 17:26:00,383.05,383.05,383.05,383.05,360
2026-07-08 17:30:00,383.1109,383.1109,383,383,168
2026-07-08 17:32:00,383.15,383.15,383.15,383.15,50
2026-07-08 17:33:00,383.15,383.3,383.15,383.29,3744
2026-07-08 17:34:00,383.29,383.29,383.29,383.29,150
2026-07-08 17:35:00,383.2,383.2,383.2,383.2,92
2026-07-08 17:39:00,383.26,383.26,383.25,383.25,107
2026-07-08 17:40:00,383.25,383.25,383.25,383.25,122
2026-07-08 17:43:00,383.25,383.25,383.25,383.25,78
2026-07-08 17:46:00,383.1763,383.1763,383.1763,383.1763,40
2026-07-08 17:47:00,383.1,383.1,383.05,383.05,940
2026-07-08 17:48:00,383.05,383.05,383.05,383.05,50
2026-07-08 17:49:00,383.05,383.05,383.05,383.05,200
2026-07-08 17:50:00,383.1669,383.1669,383.1669,383.1669,50
2026-07-08 17:51:00,383.18,383.18,383.18,383.18,100
2026-07-08 17:53:00,383.14,383.14,383.14,383.14,40
2026-07-08 17:54:00,383.11,383.12,383.1,383.115,320
2026-07-08 17:55:00,383.11,383.11,383.11,383.11,40
2026-07-08 17:56:00,383.05,383.05,383.05,383.05,1000
2026-07-08 17:58:00,383.1738,383.1738,383.1738,383.1738,50
2026-07-08 17:59:00,383.115,383.115,383.1094,383.1094,90
2026-07-08 18:00:00,383.05,383.11,383.05,383.11,217
2026-07-08 18:03:00,383.18,383.34,383.18,383.34,1606
2026-07-08 18:04:00,383.4,383.4,383.2,383.2,419
2026-07-08 18:05:00,383.4092,383.45,383.3941,383.45,1100
2026-07-08 18:06:00,383.43,383.43,383.43,383.43,100
2026-07-08 18:07:00,383.35,383.4248,383.3,383.3,308
2026-07-08 18:08:00,383.3,383.3,383.3,383.3,114
2026-07-08 18:09:00,383.32,383.34,383.3,383.3,230
2026-07-08 18:10:00,383.42,383.425,383.35,383.35,441
2026-07-08 18:11:00,383.05,383.05,383.05,383.05,100
2026-07-08 18:13:00,383.21,383.21,383.21,383.21,40
2026-07-08 18:14:00,383.27,383.27,383.27,383.27,40
2026-07-08 18:15:00,383.25,383.25,383.25,383.25,42
2026-07-08 18:16:00,383.26,383.3,383.26,383.28,1405
2026-07-08 18:17:00,383.27,383.42,383.27,383.42,135
2026-07-08 18:18:00,383.37,383.37,383.35,383.36,150
2026-07-08 18:19:00,383.45,383.45,383.45,383.45,53
2026-07-08 18:22:00,383.3,383.3,383.3,383.3,131
2026-07-08 18:25:00,383.25,383.25,383.25,383.25,78
2026-07-08 18:26:00,383.2,383.2,383.2,383.2,40
2026-07-08 18:28:00,383.2,383.2,383.2,383.2,80
2026-07-08 18:30:00,383.2,383.2,383.2,383.2,77
2026-07-08 18:31:00,383.0755,383.36,383.0755,383.36,138
2026-07-08 18:33:00,383.3,383.3,383.3,383.3,100
2026-07-08 18:34:00,383.4,383.4,383.26,383.26,80
2026-07-08 18:36:00,383.4073,383.4123,383.4073,383.4123,143
2026-07-08 18:38:00,383.25,383.25,383.25,383.25,50
2026-07-08 18:39:00,383.41,383.41,383.41,383.41,50
2026-07-08 18:41:00,383.34,383.41,383.34,383.41,99
2026-07-08 18:42:00,383.32,383.32,383.32,383.32,40
2026-07-08 18:43:00,383.365,383.365,383.33,383.33,96
2026-07-08 18:44:00,383.26,383.3144,383.26,383.3144,200
2026-07-08 18:45:00,383.23,383.23,383.23,383.23,651
2026-07-08 18:47:00,383.2156,383.2156,383.2156,383.2156,75
2026-07-08 18:48:00,383.33,383.33,383.234,383.234,200
2026-07-08 18:51:00,383.33,383.33,383.33,383.33,302
2026-07-08 18:54:00,383.33,383.35,383.33,383.35,340
2026-07-08 18:55:00,383.39,383.39,383.2467,383.2467,128
2026-07-08 18:58:00,383.41,383.41,383.41,383.41,41
2026-07-08 18:59:00,383.4009,383.4009,383.34,383.34,140
2026-07-08 19:00:00,383.3523,383.36,383.34,383.34,685
2026-07-08 19:03:00,383.265,383.265,383.265,383.265,90
2026-07-08 19:05:00,383.29,383.29,383.29,383.29,80
2026-07-08 19:06:00,383.3,383.32,383.3,383.32,185
2026-07-08 19:07:00,383.4,383.4,383.3,383.31,401
2026-07-08 19:09:00,383.3099,383.3099,383.3099,383.3099,43
2026-07-08 19:10:00,383.41,383.46,383.41,383.45,1519
2026-07-08 19:11:00,383.35,383.3712,383.35,383.3712,202
2026-07-08 19:12:00,383.4001,383.46,383.4001,383.46,1740
2026-07-08 19:13:00,383.4695,383.4695,383.4695,383.4695,50
2026-07-08 19:14:00,383.5,383.5,383.5,383.5,156
2026-07-08 19:15:00,383.5538,383.5538,383.5538,383.5538,50
2026-07-08 19:16:00,383.5,383.5,383.5,383.5,293
2026-07-08 19:17:00,383.5,383.5,383.31,383.31,150
2026-07-08 19:19:00,383.49,383.51,383.49,383.51,128
2026-07-08 19:20:00,383.5,383.5,383.5,383.5,78
2026-07-08 19:21:00,383.445,383.5,383.445,383.5,1000
2026-07-08 19:22:00,383.5092,383.53,383.5092,383.53,145
2026-07-08 19:24:00,383.3883,383.3883,383.3883,383.3883,40
2026-07-08 19:26:00,383.37,383.37,383.37,383.37,52
2026-07-08 19:29:00,383.4,383.4,383.4,383.4,585
2026-07-08 19:31:00,383.3,383.3,383.3,383.3,100
2026-07-08 19:33:00,383.375,383.48,383.35,383.48,540
2026-07-08 19:34:00,383.41,383.41,383.41,383.41,150
2026-07-08 19:35:00,383.41,383.75,383.41,383.75,3227
2026-07-08 19:37:00,383.65,383.65,383.65,383.65,140
2026-07-08 19:38:00,383.3,383.3,383.3,383.3,40
2026-07-08 19:39:00,383.32,383.32,383.32,383.32,455
2026-07-08 19:40:00,383.41,383.41,383.41,383.41,40
2026-07-08 19:41:00,383.51,383.5283,383.51,383.5283,175
2026-07-08 19:43:00,383.63,383.63,383.63,383.63,278
2026-07-08 19:44:00,383.6,383.6,383.4803,383.4803,298
2026-07-08 19:45:00,383.63,383.98,383.5403,383.98,1362
2026-07-08 19:46:00,383.99,383.99,383.9,383.9,374
2026-07-08 19:47:00,384,384,383.6103,383.6103,921
2026-07-08 19:49:00,383.7,383.7,383.66,383.66,188
2026-07-08 19:50:00,383.6,383.6,383.6,383.6,500
2026-07-08 19:51:00,383.7,383.7,383.3658,383.515,806
2026-07-08 19:53:00,383.7,383.7,383.454,383.454,220
2026-07-08 19:54:00,383.5,383.5,383.45,383.45,200
2026-07-08 19:55:00,383.69,383.69,383.69,383.69,500
2026-07-08 19:56:00,383.595,383.6479,383.55,383.6479,288
2026-07-08 19:57:00,383.64,383.64,383.57,383.64,490
2026-07-08 19:58:00,383.69,383.71,383.69,383.71,246
2026-07-08 19:59:00,383.9467,383.9555,383.59,383.9555,1500
2026-07-09 04:00:00,384.48,385.0333,383.34,384,31653
2026-07-09 04:01:00,383.48,385,383.38,383.38,2975
2026-07-09 04:02:00,383.61,384.63,383.33,384.4,3129
2026-07-09 04:03:00,384.4,385,383.35,384.39,12770
2026-07-09 04:04:00,384.43,384.72,383.05,383.05,10090
2026-07-09 04:05:00,383.05,383.1043,382.5,383.06,2921
2026-07-09 04:06:00,382.8098,382.8098,382.8098,382.8098,40
2026-07-09 04:07:00,382.65,382.727,382.52,382.727,677
2026-07-09 04:08:00,382.7109,382.75,382.48,382.5406,1779
2026-07-09 04:09:00,382.55,382.84,382.45,382.84,3431
2026-07-09 04:10:00,383.03,383.03,382.59,382.61,321
2026-07-09 04:11:00,382.65,382.67,382.46,382.46,270
2026-07-09 04:12:00,382.53,382.53,382.5,382.5,672
2026-07-09 04:13:00,382.5,382.5,382.25,382.25,2129
2026-07-09 04:15:00,382.3704,382.4,382.3704,382.4,2364
2026-07-09 04:17:00,382.455,382.455,382.39,382.4,276
2026-07-09 04:18:00,382.5,382.5,382,382,1060
2026-07-09 04:19:00,382,382.1036,381.99,382.1036,461
2026-07-09 04:20:00,382.4,382.4,382.11,382.11,341
2026-07-09 04:21:00,382.31,382.31,382.26,382.26,114
2026-07-09 04:22:00,382.26,382.35,382.26,382.35,427
2026-07-09 04:23:00,382.23,382.23,382.23,382.23,204
2026-07-09 04:24:00,382.31,382.31,382.31,382.31,96
2026-07-09 04:25:00,382.3,382.4,382.2,382.2,367
2026-07-09 04:26:00,382.25,382.25,382.25,382.25,100
2026-07-09 04:27:00,382.15,382.15,382.15,382.15,40
2026-07-09 04:28:00,382.25,382.3,382.25,382.3,210
2026-07-09 04:29:00,382.3,382.63,382.3,382.3,1054
2026-07-09 04:30:00,382.49,382.5,382.49,382.5,250
2026-07-09 04:31:00,382.57,382.57,382.38,382.38,255
2026-07-09 04:33:00,382.53,382.53,382.53,382.53,690
2026-07-09 04:34:00,382.26,382.26,382.15,382.22,770
2026-07-09 04:35:00,382.14,382.14,382,382,160
2026-07-09 04:36:00,382,382.14,381.99,381.99,720
2026-07-09 04:37:00,381.98,382.12,381.98,382.1,622
2026-07-09 04:38:00,381.88,381.89,381.67,381.67,1391
2026-07-09 04:39:00,381.6119,381.6119,381.6119,381.6119,100
2026-07-09 04:40:00,381.6,381.82,381.6,381.8199,13801
2026-07-09 04:41:00,381.69,381.72,381.69,381.72,230
2026-07-09 04:43:00,381.62,381.63,381.5,381.63,471
2026-07-09 04:44:00,381.63,381.63,381.5,381.57,846
2026-07-09 04:45:00,381.43,381.43,381.2,381.3226,2334
2026-07-09 04:46:00,381.3236,381.36,381.23,381.23,646
2026-07-09 04:47:00,381.31,381.4,381.3,381.4,10063
2026-07-09 04:48:00,381.37,381.5807,381.23,381.5807,2333
2026-07-09 04:49:00,381.1,381.3402,381,381,1280
2026-07-09 04:50:00,380.97,381.05,380,381,2668
2026-07-09 04:51:00,380.9,381.09,380.81,381.09,422
2026-07-09 04:52:00,381.13,381.2,381.04,381.04,173
2026-07-09 04:53:00,381.27,381.28,381,381,827
2026-07-09 04:55:00,381.21,381.22,381.2,381.2,461
2026-07-09 04:56:00,381.288,381.288,381.25,381.25,342
2026-07-09 04:57:00,381.21,381.21,381.1,381.11,323
2026-07-09 04:58:00,381.07,381.21,381.07,381.21,483
2026-07-09 04:59:00,381.2,381.35,381.2,381.2,1139
2026-07-09 05:00:00,381.32,381.32,381.1,381.1,363
2026-07-09 05:02:00,381.36,381.54,381.36,381.54,918
2026-07-09 05:03:00,381.52,381.616,381.52,381.616,550
2026-07-09 05:04:00,381.31,381.31,381.3,381.3,130
2026-07-09 05:05:00,381.5,381.5,381.5,381.5,74
2026-07-09 05:07:00,381.6,381.6,381.4,381.4,150
2026-07-09 05:08:00,381.23,381.23,381.23,381.23,800
2026-07-09 05:09:00,381.3,381.4,381.22,381.4,977
2026-07-09 05:10:00,381.23,381.43,381.23,381.43,255
2026-07-09 05:11:00,381.2,381.2,381.2,381.2,45
2026-07-09 05:12:00,381.24,381.37,381.24,381.37,557
2026-07-09 05:13:00,381.27,381.27,381.27,381.27,40
2026-07-09 05:14:00,381.26,381.26,381.26,381.26,43
2026-07-09 05:15:00,381.19,381.19,381.1,381.1,877
2026-07-09 05:17:00,381.03,381.03,381,381,1298
2026-07-09 05:18:00,381.01,381.01,381,381,332
2026-07-09 05:19:00,381,381.015,381,381,220
2026-07-09 05:20:00,380.83,380.83,380.83,380.83,254
2026-07-09 05:21:00,380.97,380.97,380.97,380.97,42
2026-07-09 05:22:00,380.9,380.9,380.9,380.9,75
2026-07-09 05:23:00,381,381.0963,380.99,381,600
2026-07-09 05:24:00,380.9771,381,380.9771,381,387
2026-07-09 05:25:00,381,381,381,381,142
2026-07-09 05:26:00,381.02,381.14,381,381,412
2026-07-09 05:27:00,381.0691,381.15,381.0691,381.15,832
2026-07-09 05:28:00,381.32,381.4089,381.14,381.4089,302
2026-07-09 05:29:00,381.25,381.25,381.19,381.2,542
2026-07-09 05:31:00,381.12,381.15,381,381,391
2026-07-09 05:33:00,381.2004,381.2004,381.2004,381.2004,50
2026-07-09 05:34:00,381.33,381.33,381.33,381.33,191
2026-07-09 05:36:00,381.22,381.22,381.2,381.2,841
2026-07-09 05:37:00,381.4,381.4,381.4,381.4,100
2026-07-09 05:39:00,381.08,381.1,381.04,381.1,303
2026-07-09 05:40:00,381.2,381.2,381,381,450
2026-07-09 05:41:00,380.96,380.96,380.79,380.79,715
2026-07-09 05:42:00,380.6,380.6,380.6,380.6,185
2026-07-09 05:43:00,380.68,380.9,380.61,380.88,1410
2026-07-09 05:44:00,380.88,380.88,380.88,380.88,155
2026-07-09 05:45:00,380.98,381.2195,380.98,381.2195,200
2026-07-09 05:47:00,381.0306,381.0306,381,381,217
2026-07-09 05:48:00,381.02,381.04,380.95,380.96,615
2026-07-09 05:49:00,381.05,381.1,381.05,381.1,564
2026-07-09 05:52:00,381.4,381.4,381.4,381.4,100
2026-07-09 05:53:00,381.28,381.31,381.28,381.31,188
2026-07-09 05:54:00,381.06,381.06,381.01,381.01,220
2026-07-09 05:55:00,381.3,381.3,381.01,381.01,230
2026-07-09 05:57:00,381.2,381.22,381.2,381.22,300
2026-07-09 05:58:00,381.2,381.2,381.2,381.2,40
2026-07-09 05:59:00,381.18,381.22,381.18,381.2,167
2026-07-09 06:01:00,381.195,381.195,381.195,381.195,80
2026-07-09 06:02:00,381.39,381.4,381.39,381.4,106
2026-07-09 06:03:00,381.43,381.66,381.43,381.66,720
2026-07-09 06:04:00,381.66,381.66,381.65,381.65,394
2026-07-09 06:05:00,381.66,381.66,381.5,381.5,1589
2026-07-09 06:06:00,381.5,381.5,381.5,381.5,63
2026-07-09 06:08:00,381.38,381.45,381.38,381.45,140
2026-07-09 06:10:00,381.45,381.55,381.45,381.55,418
2026-07-09 06:11:00,381.58,381.66,381.58,381.6487,409
2026-07-09 06:12:00,381.66,381.66,381.6,381.6,255
2026-07-09 06:13:00,381.32,381.32,381.32,381.32,40
2026-07-09 06:15:00,381.47,381.47,381.47,381.47,396
2026-07-09 06:16:00,381.32,381.32,380.02,380.38,7408
2026-07-09 06:17:00,380.75,380.75,380.15,380.15,1463
2026-07-09 06:18:00,380.06,380.19,379.38,380.03,9014
2026-07-09 06:19:00,380.02,380.02,379.84,379.84,1578
2026-07-09 06:20:00,380.2,380.2,379.99,380.2,560
2026-07-09 06:22:00,380.35,380.35,380.25,380.25,140
2026-07-09 06:23:00,380.79,380.79,380.25,380.26,353
2026-07-09 06:24:00,380.28,380.8,380.28,380.32,430
2026-07-09 06:25:00,380.21,380.26,380.2,380.26,873
2026-07-09 06:26:00,380.25,380.31,380.2,380.3,646
2026-07-09 06:27:00,380.33,380.58,380.33,380.58,389
2026-07-09 06:28:00,380.58,380.6,380.58,380.6,389
2026-07-09 06:29:00,380.78,380.78,380.7248,380.7248,673
2026-07-09 06:30:00,380.6,380.6,380.5,380.5,493
2026-07-09 06:31:00,380.4,380.59,380.4,380.4301,314
2026-07-09 06:32:00,380.8444,380.8444,380.3967,380.7,516
2026-07-09 06:34:00,380.65,380.7,380.65,380.7,248
2026-07-09 06:35:00,380.89,380.89,380.47,380.47,711
2026-07-09 06:36:00,380.33,380.33,380.33,380.33,1739
2026-07-09 06:37:00,380.36,380.36,380.27,380.33,730
2026-07-09 06:38:00,380.21,380.21,380.03,380.16,522
2026-07-09 06:39:00,380.06,380.06,379.9,379.92,1599
2026-07-09 06:40:00,379.71,379.71,379.58,379.6,2466
2026-07-09 06:41:00,379.57,379.91,379.5157,379.73,2026
2026-07-09 06:42:00,379.6287,379.75,379.5,379.5,2135
2026-07-09 06:43:00,379.32,379.5,379.32,379.5,1350
2026-07-09 06:44:00,379.46,379.5,379.46,379.5,935
2026-07-09 06:45:00,379.5,380,379.5,380,2334
2026-07-09 06:46:00,380,380,379.75,379.75,458
2026-07-09 06:47:00,379.97,379.97,379.76,379.9077,1177
2026-07-09 06:48:00,379.69,379.85,379.63,379.85,397
2026-07-09 06:49:00,379.8,379.8,379.57,379.57,1068
2026-07-09 06:50:00,379.57,379.73,379.44,379.7,4307
2026-07-09 06:51:00,379.48,379.48,378.769,379,2891
2026-07-09 06:52:00,379,379.03,378.62,378.8,2014
2026-07-09 06:53:00,378.62,379.01,378.62,378.86,2719
2026-07-09 06:54:00,378.98,379.02,378.98,379.02,1088
2026-07-09 06:55:00,379.04,379.52,379.04,379.35,2097
2026-07-09 06:56:00,379.37,379.37,379.2443,379.35,385
2026-07-09 06:57:00,379.35,379.5,379.3,379.4279,865
2026-07-09 06:58:00,379.5,379.5,379.5,379.5,520
2026-07-09 06:59:00,379.5,379.95,379.5,379.95,522
2026-07-09 07:00:00,379.95,380,379.3,379.4,11764
2026-07-09 07:01:00,379.48,379.48,379.04,379.1792,8504
2026-07-09 07:02:00,379.1765,379.3,379.04,379.1,2820
2026-07-09 07:03:00,379.1,379.24,378.95,378.99,7622
2026-07-09 07:04:00,378.989,379.23,378.96,379,2360
2026-07-09 07:05:00,379.226,379.4,379.0824,379.24,515
2026-07-09 07:06:00,379,379,378.78,378.8,2190
2026-07-09 07:07:00,378.8,379.3309,378.75,379.3309,1246
2026-07-09 07:08:00,379.0756,379.0756,379,379.02,1002
2026-07-09 07:09:00,379.02,379.15,379.02,379.11,510
2026-07-09 07:10:00,379,379.15,378.93,379.15,3541
2026-07-09 07:11:00,379.01,379.41,378.9,379.41,2186
2026-07-09 07:12:00,379.16,379.16,379.16,379.16,40
2026-07-09 07:13:00,379.31,379.4,379.2,379.4,593
2026-07-09 07:14:00,379.33,379.3671,379.25,379.3565,446
2026-07-09 07:15:00,379.3322,379.3322,378.85,378.85,2981
2026-07-09 07:16:00,378.85,379.1412,378.8,378.84,2950
2026-07-09 07:17:00,378.9,378.9,378.66,378.76,2131
2026-07-09 07:18:00,378.79,379.23,378.7289,378.82,888
2026-07-09 07:19:00,379.25,379.25,378.51,378.51,858
2026-07-09 07:20:00,378.56,379,378.501,379,4977
2026-07-09 07:21:00,378.81,379,378.81,379,1371
2026-07-09 07:22:00,379,379.1146,378.25,378.8,10123
2026-07-09 07:23:00,378.5,378.97,378.39,378.5001,1827
2026-07-09 07:24:00,378.75,378.8,377.95,378.1446,19293
2026-07-09 07:25:00,378.065,378.3995,378.0018,378.21,3171
2026-07-09 07:26:00,378.3,378.5,378.3,378.48,745
2026-07-09 07:27:00,378.5,378.5,378,378,4185
2026-07-09 07:28:00,378.0623,378.0623,377.37,377.46,4431
2026-07-09 07:29:00,377.4014,377.52,377.4014,377.52,1790
2026-07-09 07:30:00,377.62,377.88,377.47,377.51,2985
2026-07-09 07:31:00,377.69,377.87,377.5,377.55,3444
2026-07-09 07:32:00,377.68,377.8509,377.61,377.8509,1229
2026-07-09 07:33:00,377.8,377.8,377.39,377.47,5754
2026-07-09 07:34:00,377.5831,377.5831,377.33,377.4935,3851
2026-07-09 07:35:00,377.45,377.54,377.4,377.4,4599
2026-07-09 07:36:00,377.4592,377.4592,377.21,377.3,3761
2026-07-09 07:37:00,377.5,377.5,377.2813,377.3,2507
2026-07-09 07:38:00,377.2508,377.5,377.2505,377.5,3045
2026-07-09 07:39:00,377.6494,377.69,377.07,377.14,8030
2026-07-09 07:40:00,377.29,377.3637,376.97,377.13,8807
2026-07-09 07:41:00,377.13,377.54,377,377.23,745
2026-07-09 07:42:00,377.27,377.65,377.24,377.455,1689
2026-07-09 07:43:00,377.66,377.66,377.34,377.34,1519
2026-07-09 07:44:00,377.5,377.5,377.25,377.32,910
2026-07-09 07:45:00,377.3408,377.5448,377.3408,377.5,904
2026-07-09 07:46:00,377.5,377.5,377.3,377.317,4016
2026-07-09 07:47:00,377.32,377.4675,377.16,377.16,4953
2026-07-09 07:48:00,377.31,377.4562,377.16,377.16,1075
2026-07-09 07:49:00,377.17,377.44,376.94,377.43,4241
2026-07-09 07:50:00,377.18,377.2509,376.38,376.5,8215
2026-07-09 07:51:00,376.5,376.9589,376,376.1,7163
2026-07-09 07:52:00,376.1,376.31,376.04,376.3,4108
2026-07-09 07:53:00,376.21,376.543,376.2,376.543,5039
2026-07-09 07:54:00,376.5596,376.862,376.3285,376.84,3703
2026-07-09 07:55:00,376.8588,376.87,376.51,376.6,2677
2026-07-09 07:56:00,376.7,376.8382,376.51,376.5501,987
2026-07-09 07:57:00,376.74,376.9,376.51,376.8,4455
2026-07-09 07:58:00,376.6,376.75,376.6,376.64,995
2026-07-09 07:59:00,376.7,376.84,376.5,376.84,7668
2026-07-09 08:00:00,376.87,376.9999,376.763,376.9,1724
2026-07-09 08:01:00,377,377,376.73,376.7833,4161
2026-07-09 08:02:00,376.7,376.8,376.7,376.75,1819
2026-07-09 08:03:00,376.85,377,376.3,376.31,9330
2026-07-09 08:04:00,376.4999,376.4999,376.16,376.46,10449
2026-07-09 08:05:00,376.54,376.8,376.4,376.4867,3590
2026-07-09 08:06:00,376.5,376.94,376.49,376.76,5056
2026-07-09 08:07:00,376.8315,376.94,376.775,376.85,2970
2026-07-09 08:08:00,376.963,377,376.5,376.6,10617
2026-07-09 08:09:00,376.942,376.942,376.5,376.51,1752
2026-07-09 08:10:00,376.5,376.8393,376.42,376.5626,2353
2026-07-09 08:11:00,376.56,376.674,376,376.24,9029
2026-07-09 08:12:00,376.09,376.1,375.68,375.68,7419
2026-07-09 08:13:00,375.65,375.7987,375.4,375.745,5152
2026-07-09 08:14:00,375.7,375.8,375.3579,375.36,6478
2026-07-09 08:15:00,375.69,375.7,375.2926,375.42,8049
2026-07-09 08:16:00,375.4209,375.5,375.1497,375.15,5608
2026-07-09 08:17:00,375.24,376.4,375.03,376.3493,22664
2026-07-09 08:18:00,376.01,376.25,375.554,376.2384,2506
2026-07-09 08:19:00,376.0825,376.38,376,376.2,5097
2026-07-09 08:20:00,376.2,376.38,376.2,376.2515,2651
2026-07-09 08:21:00,376.2504,376.2918,376.104,376.2,2661
2026-07-09 08:22:00,376.29,376.32,376,376,15685
2026-07-09 08:23:00,376.2,376.2,376.06,376.1,2383
2026-07-09 08:24:00,376.15,376.27,376.15,376.2,1075
2026-07-09 08:25:00,376.21,376.41,375.96,376.04,16555
2026-07-09 08:26:00,376.079,376.27,375.75,376.22,2875
2026-07-09 08:27:00,376,376.37,376,376.37,3126
2026-07-09 08:28:00,376.37,376.4,376,376.01,7609
2026-07-09 08:29:00,376.0087,376.08,375.99,376.08,7000
2026-07-09 08:30:00,376.13,376.25,376.1,376.25,2148
2026-07-09 08:31:00,376.25,376.25,375.8,375.8,3218
2026-07-09 08:32:00,376.0228,376.0228,375.8,375.8,3862
2026-07-09 08:33:00,375.8,375.9414,375.6,375.9414,2592
2026-07-09 08:34:00,375.85,375.9818,375.85,375.9052,850
2026-07-09 08:35:00,375.99,376.1,375.99,376.05,2379
2026-07-09 08:36:00,376.1,376.1,376.0285,376.09,3202
2026-07-09 08:37:00,376.0001,376.1,376,376.07,2401
2026-07-09 08:38:00,376.0667,376.3,376.05,376.2468,5170
2026-07-09 08:39:00,376.25,376.4628,376.24,376.4628,770
2026-07-09 08:40:00,376.448,376.49,376.095,376.228,4203
2026-07-09 08:41:00,376.1794,376.1987,376.02,376.1,1499
2026-07-09 08:42:00,376.082,376.1,376.0225,376.0983,2515
2026-07-09 08:43:00,376.094,376.094,376,376.0499,5111
2026-07-09 08:44:00,376.0487,376.2,376.04,376.09,1976
2026-07-09 08:45:00,376.17,376.25,376.163,376.2,1560
2026-07-09 08:46:00,376.2,376.25,376.15,376.249,1953
2026-07-09 08:47:00,376.25,376.55,376.24,376.55,3308
2026-07-09 08:48:00,376.37,376.55,376.37,376.5,3715
2026-07-09 08:49:00,376.4948,376.55,376.46,376.55,3087
2026-07-09 08:50:00,376.53,376.6,376.46,376.46,4215
2026-07-09 08:51:00,376.46,376.52,376.2,376.2,4367
2026-07-09 08:52:00,376.2,376.2,375.9,375.9844,7063
2026-07-09 08:53:00,375.9692,376.1,375.77,375.9678,5113
2026-07-09 08:54:00,375.9765,376,375.75,375.79,1366
2026-07-09 08:55:00,375.9407,375.961,375.65,375.8,2987
2026-07-09 08:56:00,375.8,375.9843,375.6,375.8,3313
2026-07-09 08:57:00,375.79,375.8,375.76,375.8,2100
2026-07-09 08:58:00,375.8,375.8,375.64,375.66,4344
2026-07-09 08:59:00,375.71,375.8,375.32,375.32,9506
2026-07-09 09:00:00,375.485,375.5853,375.28,375.28,3161
2026-07-09 09:01:00,375.3,375.54,375.26,375.52,3821
2026-07-09 09:02:00,375.5378,375.6,375.5,375.6,5157
2026-07-09 09:03:00,375.67,375.7,375.28,375.3487,13383
2026-07-09 09:04:00,375.36,375.6022,375.3,375.5,2747
2026-07-09 09:05:00,375.45,375.61,375.14,375.2125,6702
2026-07-09 09:06:00,375.21,375.39,375.21,375.39,859
2026-07-09 09:07:00,375.35,375.5422,375.2484,375.42,4756
2026-07-09 09:08:00,375.39,375.39,375.15,375.15,7554
2026-07-09 09:09:00,375.14,375.3,375.12,375.3,2303
2026-07-09 09:10:00,375.35,375.35,374.68,374.9,26990
2026-07-09 09:11:00,374.96,375,374.8958,375,6871
2026-07-09 09:12:00,375,375,374.51,374.51,10992
2026-07-09 09:13:00,374.85,375,374.73,374.89,7886
2026-07-09 09:14:00,374.9,375,374.8,375,8738
2026-07-09 09:15:00,374.86,375,374.74,374.85,6239
2026-07-09 09:16:00,374.88,375,374.8,374.8,2008
2026-07-09 09:17:00,374.99,375.4,374.9001,375.4,13150
2026-07-09 09:18:00,375.32,375.5,375.31,375.3778,6016
2026-07-09 09:19:00,375.43,375.49,375.31,375.43,3215
2026-07-09 09:20:00,375.43,375.59,375,375.35,3682
2026-07-09 09:21:00,375.256,375.256,375,375.12,3980
2026-07-09 09:22:00,375.12,375.61,375.12,375.57,3837
2026-07-09 09:23:00,375.61,375.8,375.61,375.79,4896
2026-07-09 09:24:00,375.8,376.27,375.8,376.09,10653
2026-07-09 09:25:00,376.09,376.5,375.8,375.8613,10416
2026-07-09 09:26:00,375.83,375.9049,375.3754,375.78,5473
2026-07-09 09:27:00,375.67,375.84,375.35,375.35,4809
2026-07-09 09:28:00,375,375.19,374.25,374.44,15333
2026-07-09 09:29:00,374.45,374.5,374,374.5,25477
2026-07-09 09:30:00,374.46,375.5499,373.51,374.45,931725
2026-07-09 09:31:00,374.51,374.81,373.35,373.675,168521
2026-07-09 09:32:00,373.68,374.13,373.38,373.99,157041
2026-07-09 09:33:00,373.99,374.56,373.68,374.22,159069
2026-07-09 09:34:00,374.22,375.95,374.0901,375.79,170724
2026-07-09 09:35:00,375.84,376.5,375.63,376.125,106136
2026-07-09 09:36:00,376.075,376.35,375.7,376.265,94368
2026-07-09 09:37:00,376.265,377.06,376.265,376.355,133837
2026-07-09 09:38:00,376.355,376.67,376.04,376.21,75531
2026-07-09 09:39:00,376.21,376.44,375.92,376.1,131736
2026-07-09 09:40:00,376.115,376.8,376.115,376.47,119157
2026-07-09 09:41:00,376.515,377.49,376.43,377.37,97144
2026-07-09 09:42:00,377.385,377.74,377.01,377.13,85899
2026-07-09 09:43:00,377.13,378.5,377.13,378.095,197386
2026-07-09 09:44:00,378.05,378.335,377.6001,378.33,80839
2026-07-09 09:45:00,378.36,379.07,378.316,378.88,142638
2026-07-09 09:46:00,378.834,378.88,377.72,378.11,73696
2026-07-09 09:47:00,378.08,378.62,378.05,378.5799,66184
2026-07-09 09:48:00,378.525,378.6599,377.92,378.43,70085
2026-07-09 09:49:00,378.43,378.4991,377.83,378.27,67967
2026-07-09 09:50:00,378.22,378.23,377.33,377.4899,46283
2026-07-09 09:51:00,377.49,377.96,377.13,377.91,59185
2026-07-09 09:52:00,377.92,378.17,377.8415,377.88,35831
2026-07-09 09:53:00,377.885,378.44,377.86,378.25,68402
2026-07-09 09:54:00,378.3,378.47,377.89,378.455,45536
2026-07-09 09:55:00,378.455,378.5,378.02,378.08,51474
2026-07-09 09:56:00,378.155,378.27,377.5,377.63,46335
2026-07-09 09:57:00,377.658,378.69,377.658,378.6,56025
2026-07-09 09:58:00,378.61,379.05,378.43,379.05,50886
2026-07-09 09:59:00,378.97,379.32,378.56,378.59,83326
2026-07-09 10:00:00,378.66,378.7919,378.16,378.54,55954
2026-07-09 10:01:00,378.56,378.68,377.84,378.02,63603
2026-07-09 10:02:00,378.045,378.21,377.61,378.1699,63356
2026-07-09 10:03:00,378.06,378.105,377.32,377.705,72716
2026-07-09 10:04:00,377.705,377.7999,377.38,377.56,56800
2026-07-09 10:05:00,377.565,377.9,377.47,377.63,46299
2026-07-09 10:06:00,377.63,377.76,377.21,377.25,88083
2026-07-09 10:07:00,377.275,377.44,377.01,377.33,86657
2026-07-09 10:08:00,377.3597,377.5,377,377.245,96958
2026-07-09 10:09:00,377.25,377.39,376.92,377.1325,74533
2026-07-09 10:10:00,377.1,377.1,376.61,376.82,92195
2026-07-09 10:11:00,376.84,376.8451,376.22,376.74,83707
2026-07-09 10:12:00,376.78,376.92,376.5,376.69,70898
2026-07-09 10:13:00,376.67,376.76,376.52,376.66,62576
2026-07-09 10:14:00,376.615,376.715,376.11,376.22,70228
2026-07-09 10:15:00,376.21,376.35,375.7701,375.855,103768
2026-07-09 10:16:00,375.93,375.93,375.7,375.74,78520
2026-07-09 10:17:00,375.71,375.7455,375.2,375.44,128662
2026-07-09 10:18:00,375.44,375.7,375.26,375.58,60357
2026-07-09 10:19:00,375.58,375.63,375.15,375.31,111335
2026-07-09 10:20:00,375.31,375.64,375.185,375.5,96344
2026-07-09 10:21:00,375.53,375.85,375.43,375.81,69584
2026-07-09 10:22:00,375.79,376.08,375.77,376.045,62030
2026-07-09 10:23:00,376.0642,376.17,375.66,375.98,52282
2026-07-09 10:24:00,375.99,376.14,375.88,376.12,50459
2026-07-09 10:25:00,376.12,376.4499,376,376.155,63912
2026-07-09 10:26:00,376.16,376.3,375.98,376.17,47935
2026-07-09 10:27:00,376.185,376.38,375.97,376.345,54372
2026-07-09 10:28:00,376.345,376.54,376.06,376.305,64741
2026-07-09 10:29:00,376.29,376.92,376.29,376.545,38478
2026-07-09 10:30:00,376.545,376.61,376.1,376.43,48094
2026-07-09 10:31:00,376.38,376.4299,376.1501,376.36,30934
2026-07-09 10:32:00,376.36,376.86,376.29,376.86,63393
2026-07-09 10:33:00,376.85,377.04,376.72,376.865,32795
2026-07-09 10:34:00,376.84,376.93,376.6601,376.7,23002
2026-07-09 10:35:00,376.75,377.11,376.72,377.0048,58254
2026-07-09 10:36:00,377,377.22,376.3385,377.1028,60299
2026-07-09 10:37:00,377.11,377.14,376.75,376.89,48924
2026-07-09 10:38:00,376.885,376.98,376.83,376.8975,24273
2026-07-09 10:39:00,376.9399,377.54,376.91,377.495,29858
2026-07-09 10:40:00,377.54,377.5999,377.21,377.31,21079
2026-07-09 10:41:00,377.34,377.39,376.29,377.265,23831
2026-07-09 10:42:00,377.27,377.52,377.21,377.375,38948
2026-07-09 10:43:00,377.37,377.39,377.095,377.375,33567
2026-07-09 10:44:00,377.37,377.37,376.91,377.08,29903
2026-07-09 10:45:00,377.045,377.28,376.97,377.21,33288
2026-07-09 10:46:00,377.24,377.5,377.2,377.41,35908
2026-07-09 10:47:00,377.4332,377.6315,377.27,377.365,27277
2026-07-09 10:48:00,377.365,377.56,377.29,377.29,31034
2026-07-09 10:49:00,377.3,377.35,377.01,377.035,34629
2026-07-09 10:50:00,377.035,377.32,377.01,377.305,32151
2026-07-09 10:51:00,377.33,377.48,377.12,377.45,65964
2026-07-09 10:52:00,377.455,377.64,377.25,377.36,31209
2026-07-09 10:53:00,377.35,377.82,377.27,377.77,44511
2026-07-09 10:54:00,377.795,377.89,377.595,377.86,52247
2026-07-09 10:55:00,377.85,377.93,377.67,377.79,30714
2026-07-09 10:56:00,377.79,377.81,377.45,377.5775,29496
2026-07-09 10:57:00,377.565,378.2,377.565,378.185,68068
2026-07-09 10:58:00,378.185,378.5298,378.12,378.465,45104
2026-07-09 10:59:00,378.47,378.94,378.29,378.94,56184
2026-07-09 11:00:00,378.95,379.49,378.83,379.455,74032
2026-07-09 11:01:00,379.48,379.8,379.4001,379.76,53483
2026-07-09 11:02:00,379.77,379.96,379.46,379.492,68009
2026-07-09 11:03:00,379.49,379.7999,379.32,379.49,50494
2026-07-09 11:04:00,379.48,379.58,379.1801,379.52,41007
2026-07-09 11:05:00,379.47,379.52,379.17,379.46,43878
2026-07-09 11:06:00,379.455,379.62,379.18,379.495,40683
2026-07-09 11:07:00,379.4505,379.52,379.1501,379.31,34164
2026-07-09 11:08:00,379.31,379.38,379.02,379.0201,37506
2026-07-09 11:09:00,379.055,379.3556,378.96,379.235,35118
2026-07-09 11:10:00,379.265,379.49,379.265,379.29,47177
2026-07-09 11:11:00,379.25,379.4,379.14,379.185,38025
2026-07-09 11:12:00,379.185,379.52,379.15,379.225,32369
2026-07-09 11:13:00,379.19,379.3,379.09,379.21,37035
2026-07-09 11:14:00,379.18,379.27,378.95,379.08,43631
2026-07-09 11:15:00,379.09,379.73,379.08,379.5301,53417
2026-07-09 11:16:00,379.57,379.75,379.55,379.73,29332
2026-07-09 11:17:00,379.71,379.75,379.47,379.68,31337
2026-07-09 11:18:00,379.66,379.72,379.34,379.49,27250
2026-07-09 11:19:00,379.48,379.68,379.4,379.665,28361
2026-07-09 11:20:00,379.675,379.675,379.42,379.42,26085
2026-07-09 11:21:00,379.4163,379.75,379.38,379.7,30014
2026-07-09 11:22:00,379.6301,380.08,379.6301,380.035,48556
2026-07-09 11:23:00,380.045,380.15,379.9101,379.97,34118
2026-07-09 11:24:00,379.94,380.16,379.91,379.99,33397
2026-07-09 11:25:00,380.01,380.28,379.92,380.105,53455
2026-07-09 11:26:00,380.14,380.23,379.9301,380.05,37683
2026-07-09 11:27:00,380.045,380.18,380.045,380.145,32930
2026-07-09 11:28:00,380.12,380.19,380.02,380.11,27590
2026-07-09 11:29:00,380.135,380.26,380.04,380.125,30309
2026-07-09 11:30:00,380.13,380.24,380.06,380.1295,29344
2026-07-09 11:31:00,380.13,380.31,380.08,380.16,27332
2026-07-09 11:32:00,380.13,380.1899,379.84,379.95,31953
2026-07-09 11:33:00,379.89,380,379.82,379.885,29868
2026-07-09 11:34:00,379.895,379.95,379.83,379.89,20142
2026-07-09 11:35:00,379.895,380.31,379.892,380.31,46490
2026-07-09 11:36:00,380.31,380.33,380.05,380.16,36526
2026-07-09 11:37:00,380.13,380.25,380.09,380.145,32039
2026-07-09 11:38:00,380.15,380.42,380.15,380.34,31670
2026-07-09 11:39:00,380.34,380.4,380.27,380.3551,27074
2026-07-09 11:40:00,380.365,380.39,380.1901,380.3,32198
2026-07-09 11:41:00,380.25,380.44,380.14,380.37,29301
2026-07-09 11:42:00,380.36,380.38,380.2001,380.23,17752
2026-07-09 11:43:00,380.24,380.42,380.21,380.26,19867
2026-07-09 11:44:00,380.27,380.34,380.1548,380.165,17962
2026-07-09 11:45:00,380.2,380.34,380.1801,380.2801,24669
2026-07-09 11:46:00,380.285,380.48,380.25,380.4375,30580
2026-07-09 11:47:00,380.45,380.6,380.43,380.54,31153
2026-07-09 11:48:00,380.54,380.57,380.15,380.245,45824
2026-07-09 11:49:00,380.265,380.59,380.2,380.59,25853
2026-07-09 11:50:00,380.59,380.59,380.31,380.46,28450
2026-07-09 11:51:00,380.4899,380.4899,380.17,380.32,25884
2026-07-09 11:52:00,380.29,380.34,380.07,380.075,16640
2026-07-09 11:53:00,380.075,380.15,379.92,379.985,22960
2026-07-09 11:54:00,379.97,380.18,379.97,380.115,25530
2026-07-09 11:55:00,380.115,380.5103,380.1108,380.5103,19357
2026-07-09 11:56:00,380.495,380.53,380.16,380.2012,20528
2026-07-09 11:57:00,380.175,380.2,380.06,380.12,35057
2026-07-09 11:58:00,380.13,380.19,380.05,380.08,22949
2026-07-09 11:59:00,380.06,380.15,379.9298,380.095,32758
2026-07-09 12:00:00,380.1,380.2,379.94,379.94,22182
2026-07-09 12:01:00,379.965,380,379.64,379.64,25995
2026-07-09 12:02:00,379.64,380,379.61,379.985,22042
2026-07-09 12:03:00,379.99,380.14,379.97,380.02,16540
2026-07-09 12:04:00,379.995,380.17,379.82,380.05,21250
2026-07-09 12:05:00,380.09,380.16,380.02,380.06,15777
2026-07-09 12:06:00,380.055,380.11,379.87,380,18162
2026-07-09 12:07:00,380,380.1,379.85,379.97,27541
2026-07-09 12:08:00,379.98,380.04,379.82,379.82,13356
2026-07-09 12:09:00,379.855,379.87,379.55,379.65,34502
2026-07-09 12:10:00,379.65,379.78,379.64,379.7175,23555
2026-07-09 12:11:00,379.73,379.73,379.57,379.645,17629
2026-07-09 12:12:00,379.645,379.72,379.36,379.38,45973
2026-07-09 12:13:00,379.44,379.53,379.37,379.44,15125
2026-07-09 12:14:00,379.44,379.53,379.38,379.435,35356
2026-07-09 12:15:00,379.41,379.46,379.2,379.38,32342
2026-07-09 12:16:00,379.375,379.51,379.35,379.46,32418
2026-07-09 12:17:00,379.47,379.54,379.3,379.35,18434
2026-07-09 12:18:00,379.38,379.38,379.05,379.05,19737
2026-07-09 12:19:00,379.05,379.17,378.9501,379.11,22744
2026-07-09 12:20:00,379.05,379.27,379.04,379.255,20577
2026-07-09 12:21:00,379.255,379.65,379.215,379.615,27947
2026-07-09 12:22:00,379.62,379.71,379.495,379.685,23805
2026-07-09 12:23:00,379.685,379.77,379.5,379.64,20099
2026-07-09 12:24:00,379.635,379.68,379.39,379.5,17057
2026-07-09 12:25:00,379.5,379.87,379.475,379.85,17165
2026-07-09 12:26:00,379.84,379.86,379.66,379.76,29977
2026-07-09 12:27:00,379.74,379.78,379.64,379.67,22941
2026-07-09 12:28:00,379.67,379.6706,379.5146,379.64,19139
2026-07-09 12:29:00,379.66,379.79,379.63,379.665,20157
2026-07-09 12:30:00,379.62,379.87,379.6,379.656,25987
2026-07-09 12:31:00,379.69,379.705,379.57,379.595,15188
2026-07-09 12:32:00,379.56,379.68,379.5,379.655,16715
2026-07-09 12:33:00,379.63,379.86,379.605,379.8204,17780
2026-07-09 12:34:00,379.82,379.91,379.725,379.73,11762
2026-07-09 12:35:00,379.72,379.86,379.71,379.79,13978
2026-07-09 12:36:00,379.773,379.91,379.7,379.86,18328
2026-07-09 12:37:00,379.84,379.91,379.83,379.83,10447
2026-07-09 12:38:00,379.855,379.96,379.855,379.96,17953
2026-07-09 12:39:00,379.96,380.13,379.96,380.1,22791
2026-07-09 12:40:00,380.09,380.15,379.945,379.945,19926
2026-07-09 12:41:00,379.945,380.06,379.85,380.04,33611
2026-07-09 12:42:00,380.06,380.08,379.9,379.91,11616
2026-07-09 12:43:00,379.915,379.96,379.8,379.92,14125
2026-07-09 12:44:00,379.89,379.89,379.607,379.66,21405
2026-07-09 12:45:00,379.68,379.88,379.66,379.685,20046
2026-07-09 12:46:00,379.7,379.7,379.51,379.54,27749
2026-07-09 12:47:00,379.56,379.65,379.52,379.54,29395
2026-07-09 12:48:00,379.55,379.57,379.36,379.4,28167
2026-07-09 12:49:00,379.4,379.52,379.25,379.52,23116
2026-07-09 12:50:00,379.53,379.62,379.35,379.58,32324
2026-07-09 12:51:00,379.58,379.66,379.45,379.45,18267
2026-07-09 12:52:00,379.485,379.62,379.4201,379.525,10684
2026-07-09 12:53:00,379.5291,379.61,379.31,379.35,20607
2026-07-09 12:54:00,379.32,379.33,379.17,379.28,27515
2026-07-09 12:55:00,379.27,379.38,379.19,379.3515,27381
2026-07-09 12:56:00,379.35,379.44,379.3,379.395,18138
2026-07-09 12:57:00,379.416,379.57,379.23,379.57,27493
2026-07-09 12:58:00,379.57,379.63,379.46,379.5701,23607
2026-07-09 12:59:00,379.6,379.63,379.41,379.42,33323
2026-07-09 13:00:00,379.44,379.75,379.4,379.73,50669
2026-07-09 13:01:00,379.73,379.9292,379.63,379.9292,45861
2026-07-09 13:02:00,379.915,379.9399,379.6805,379.72,39024
2026-07-09 13:03:00,379.71,379.81,379.65,379.78,43425
2026-07-09 13:04:00,379.78,379.83,379.7,379.75,29713
2026-07-09 13:05:00,379.77,379.81,379.72,379.8,17530
2026-07-09 13:06:00,379.78,379.78,379.64,379.67,29685
2026-07-09 13:07:00,379.67,379.73,379.59,379.605,13993
2026-07-09 13:08:00,379.605,379.78,379.6,379.74,17499
2026-07-09 13:09:00,379.74,379.79,379.58,379.6,18341
2026-07-09 13:10:00,379.6,379.68,379.56,379.6199,18880
2026-07-09 13:11:00,379.59,379.73,379.54,379.695,20699
2026-07-09 13:12:00,379.7,379.9,379.65,379.87,23407
2026-07-09 13:13:00,379.885,379.885,379.67,379.74,27228
2026-07-09 13:14:00,379.74,379.76,379.55,379.56,16020
2026-07-09 13:15:00,379.59,379.92,379.53,379.9175,52257
2026-07-09 13:16:00,379.93,380.28,379.9,380.11,46422
2026-07-09 13:17:00,380.08,380.19,380,380.115,21787
2026-07-09 13:18:00,380.135,380.27,380.02,380.06,27766
2026-07-09 13:19:00,380.05,380.26,380.05,380.26,30740
2026-07-09 13:20:00,380.26,380.525,380.26,380.52,26535
2026-07-09 13:21:00,380.52,380.58,380.39,380.485,32742
2026-07-09 13:22:00,380.48,380.72,380.44,380.54,33975
2026-07-09 13:23:00,380.54,380.66,380.41,380.645,20561
2026-07-09 13:24:00,380.64,380.68,380.5301,380.55,22205
2026-07-09 13:25:00,380.55,380.65,380.52,380.56,14853
2026-07-09 13:26:00,380.55,380.6627,380.5,380.66,19814
2026-07-09 13:27:00,380.65,380.8399,380.6,380.74,22655
2026-07-09 13:28:00,380.76,380.784,380.68,380.775,21836
2026-07-09 13:29:00,380.76,380.91,380.725,380.825,21912
2026-07-09 13:30:00,380.81,380.835,380.52,380.57,15494
2026-07-09 13:31:00,380.59,380.63,380.42,380.53,19517
2026-07-09 13:32:00,380.505,380.7599,380.45,380.71,19527
2026-07-09 13:33:00,380.71,380.9,380.69,380.82,32189
2026-07-09 13:34:00,380.82,380.91,380.69,380.79,20595
2026-07-09 13:35:00,380.79,380.81,380.65,380.68,15783
2026-07-09 13:36:00,380.68,380.685,380.28,380.36,40434
2026-07-09 13:37:00,380.44,380.75,380.44,380.53,35871
2026-07-09 13:38:00,380.53,380.554,380.335,380.5,36189
2026-07-09 13:39:00,380.49,380.56,380.28,380.375,22041
2026-07-09 13:40:00,380.375,380.4583,380.2538,380.39,43895
2026-07-09 13:41:00,380.425,380.64,380.418,380.56,42303
2026-07-09 13:42:00,380.59,380.66,380.5,380.62,36396
2026-07-09 13:43:00,380.55,380.67,380.5403,380.595,27895
2026-07-09 13:44:00,380.61,380.65,380.5501,380.58,31093
2026-07-09 13:45:00,380.605,380.66,380.53,380.6,27373
2026-07-09 13:46:00,380.615,380.63,380.51,380.6254,15864
2026-07-09 13:47:00,380.625,380.66,380.45,380.59,28782
2026-07-09 13:48:00,380.6,380.6,380.45,380.545,13132
2026-07-09 13:49:00,380.52,380.63,380.43,380.585,25291
2026-07-09 13:50:00,380.59,380.66,380.55,380.59,23143
2026-07-09 13:51:00,380.57,380.63,380.47,380.53,13935
2026-07-09 13:52:00,380.53,380.6699,380.45,380.655,28228
2026-07-09 13:53:00,380.64,380.75,380.51,380.66,38368
2026-07-09 13:54:00,380.68,380.72,380.52,380.575,12285
2026-07-09 13:55:00,380.575,380.64,380.5,380.55,17436
2026-07-09 13:56:00,380.55,380.64,380.5,380.585,21513
2026-07-09 13:57:00,380.56,380.62,380.5,380.5799,13585
2026-07-09 13:58:00,380.52,380.64,380.3,380.56,52257
2026-07-09 13:59:00,380.54,380.68,380.5,380.65,29156
2026-07-09 14:00:00,380.69,380.7,380.52,380.61,23609
2026-07-09 14:01:00,380.59,380.77,380.51,380.67,22375
2026-07-09 14:02:00,380.729,380.93,380.65,380.8,30397
2026-07-09 14:03:00,380.87,381.11,380.85,381.055,38910
2026-07-09 14:04:00,381.06,381.15,380.94,381.11,31382
2026-07-09 14:05:00,381.11,381.13,380.86,380.925,41311
2026-07-09 14:06:00,380.89,381.01,380.755,380.91,27866
2026-07-09 14:07:00,380.91,380.95,380.77,380.85,16348
2026-07-09 14:08:00,380.82,380.82,380.6505,380.71,14779
2026-07-09 14:09:00,380.71,380.77,380.52,380.56,16781
2026-07-09 14:10:00,380.53,380.755,380.51,380.67,16992
2026-07-09 14:11:00,380.68,380.98,380.67,380.965,17622
2026-07-09 14:12:00,380.96,380.96,380.79,380.8,13246
2026-07-09 14:13:00,380.805,381.25,380.805,381.25,29313
2026-07-09 14:14:00,381.25,381.25,380.955,381.025,27221
2026-07-09 14:15:00,380.98,381.1,380.83,380.91,22399
2026-07-09 14:16:00,380.9,380.96,380.78,380.8,23992
2026-07-09 14:17:00,380.81,380.84,380.62,380.66,38673
2026-07-09 14:18:00,380.66,380.705,380.47,380.63,17403
2026-07-09 14:19:00,380.605,380.7064,380.5871,380.68,19653
2026-07-09 14:20:00,380.65,380.71,380.54,380.6499,30310
2026-07-09 14:21:00,380.6,380.75,380.56,380.67,17372
2026-07-09 14:22:00,380.67,380.75,380.63,380.69,12234
2026-07-09 14:23:00,380.68,380.77,380.665,380.705,10636
2026-07-09 14:24:00,380.6799,380.74,380.635,380.655,13019
2026-07-09 14:25:00,380.68,380.81,380.64,380.7,16656
2026-07-09 14:26:00,380.74,380.75,380.49,380.52,26559
2026-07-09 14:27:00,380.59,380.64,380.5,380.52,11051
2026-07-09 14:28:00,380.53,380.71,380.37,380.595,20646
2026-07-09 14:29:00,380.585,380.71,380.5,380.64,23184
2026-07-09 14:30:00,380.66,380.77,380.57,380.58,23138
2026-07-09 14:31:00,380.6,380.83,380.53,380.81,22364
2026-07-09 14:32:00,380.79,380.81,380.59,380.66,21449
2026-07-09 14:33:00,380.67,380.705,380.5601,380.64,17626
2026-07-09 14:34:00,380.6451,380.72,380.57,380.635,26576
2026-07-09 14:35:00,380.625,380.8,380.6,380.785,22095
2026-07-09 14:36:00,380.785,380.87,380.6901,380.8,15947
2026-07-09 14:37:00,380.82,380.8499,380.74,380.76,17492
2026-07-09 14:38:00,380.78,380.83,380.68,380.73,14523
2026-07-09 14:39:00,380.74,380.8,380.59,380.66,20947
2026-07-09 14:40:00,380.655,380.92,380.65,380.84,12257
2026-07-09 14:41:00,380.87,380.9,380.72,380.8,21892
2026-07-09 14:42:00,380.83,380.94,380.52,380.63,33635
2026-07-09 14:43:00,380.62,380.79,380.5608,380.79,16837
2026-07-09 14:44:00,380.775,380.81,380.69,380.795,11851
2026-07-09 14:45:00,380.76,380.8,380.7,380.75,18622
2026-07-09 14:46:00,380.73,380.75,380.61,380.68,32450
2026-07-09 14:47:00,380.685,380.71,380.51,380.595,34903
2026-07-09 14:48:00,380.595,380.84,380.595,380.8,19743
2026-07-09 14:49:00,380.78,380.885,380.73,380.885,28933
2026-07-09 14:50:00,380.885,380.9,380.7,380.755,20966
2026-07-09 14:51:00,380.755,380.78,380.56,380.65,28814
2026-07-09 14:52:00,380.66,380.79,380.58,380.7601,43201
2026-07-09 14:53:00,380.73,380.75,380.44,380.505,38559
2026-07-09 14:54:00,380.505,380.7,380.42,380.63,34143
2026-07-09 14:55:00,380.635,380.7199,380.53,380.645,35974
2026-07-09 14:56:00,380.65,380.75,380.6441,380.73,24487
2026-07-09 14:57:00,380.71,380.82,380.66,380.706,28648
2026-07-09 14:58:00,380.725,380.87,380.7,380.75,29269
2026-07-09 14:59:00,380.77,380.86,380.76,380.79,25298
2026-07-09 15:00:00,380.786,380.92,380.74,380.87,24455
2026-07-09 15:01:00,380.89,381.22,380.89,381.21,31371
2026-07-09 15:02:00,381.23,381.43,381.13,381.37,48484
2026-07-09 15:03:00,381.4,381.89,381.38,381.8,47827
2026-07-09 15:04:00,381.805,381.88,381.63,381.7499,23083
2026-07-09 15:05:00,381.73,381.76,381.54,381.65,37588
2026-07-09 15:06:00,381.63,381.63,381.51,381.57,23896
2026-07-09 15:07:00,381.575,381.575,381.35,381.455,25524
2026-07-09 15:08:00,381.46,381.46,381.31,381.415,15427
2026-07-09 15:09:00,381.42,381.61,381.42,381.5,22966
2026-07-09 15:10:00,381.51,381.76,381.49,381.74,23919
2026-07-09 15:11:00,381.74,381.75,381.5,381.52,14661
2026-07-09 15:12:00,381.52,381.75,381.52,381.71,17650
2026-07-09 15:13:00,381.705,381.73,381.6,381.64,22744
2026-07-09 15:14:00,381.64,381.6501,381.4,381.4615,16350
2026-07-09 15:15:00,381.46,381.76,381.445,381.71,36637
2026-07-09 15:16:00,381.75,381.75,381.56,381.6499,25030
2026-07-09 15:17:00,381.61,381.72,381.6,381.7,12481
2026-07-09 15:18:00,381.7,381.84,381.66,381.72,32376
2026-07-09 15:19:00,381.745,381.745,381.5501,381.615,17964
2026-07-09 15:20:00,381.61,381.65,381.4101,381.5593,22780
2026-07-09 15:21:00,381.575,381.78,381.5613,381.72,28580
2026-07-09 15:22:00,381.75,381.76,381.65,381.73,21519
2026-07-09 15:23:00,381.75,381.77,381.6,381.75,16776
2026-07-09 15:24:00,381.765,381.85,381.74,381.77,31193
2026-07-09 15:25:00,381.775,381.97,381.775,381.9599,24855
2026-07-09 15:26:00,381.95,382.065,381.82,381.945,41073
2026-07-09 15:27:00,381.955,382.22,381.885,382.08,29039
2026-07-09 15:28:00,382.09,382.31,382.09,382.275,21843
2026-07-09 15:29:00,382.29,382.4299,382.25,382.385,47643
2026-07-09 15:30:00,382.385,382.874,382.35,382.635,69428
2026-07-09 15:31:00,382.635,382.75,382.55,382.685,31413
2026-07-09 15:32:00,382.72,382.75,382.65,382.74,27267
2026-07-09 15:33:00,382.74,383.05,382.722,382.965,68943
2026-07-09 15:34:00,382.98,383.2,382.95,383.16,41175
2026-07-09 15:35:00,383.18,383.35,383.15,383.28,74016
2026-07-09 15:36:00,383.3,383.5,383.16,383.455,63687
2026-07-09 15:37:00,383.43,383.4368,382.905,383.1887,43823
2026-07-09 15:38:00,383.16,383.16,382.81,382.96,32296
2026-07-09 15:39:00,382.965,383.25,382.95,383.07,46257
2026-07-09 15:40:00,383.05,383.1668,382.9456,383,46108
2026-07-09 15:41:00,382.985,383.14,382.91,383.07,24978
2026-07-09 15:42:00,383.05,383.07,382.9,382.905,17528
2026-07-09 15:43:00,382.905,383.1,382.9,383.01,31339
2026-07-09 15:44:00,383,383.35,382.93,383.34,41656
2026-07-09 15:45:00,383.32,383.36,383.07,383.18,59189
2026-07-09 15:46:00,383.2,383.59,383.165,383.43,87569
2026-07-09 15:47:00,383.425,383.65,383.39,383.51,65946
2026-07-09 15:48:00,383.51,383.55,383.34,383.42,81838
2026-07-09 15:49:00,383.415,383.46,383.31,383.4,48640
2026-07-09 15:50:00,383.42,384.23,383.32,384.175,162378
2026-07-09 15:51:00,384.175,384.32,383.94,384.298,84655
2026-07-09 15:52:00,384.3,384.55,384.16,384.16,93462
2026-07-09 15:53:00,384.16,384.48,383.79,384.29,83604
2026-07-09 15:54:00,384.31,384.57,384.159,384.52,102451
2026-07-09 15:55:00,384.52,384.63,383.9301,384.25,121295
2026-07-09 15:56:00,384.28,384.32,384.0487,384.28,89353
2026-07-09 15:57:00,384.3,384.65,384.2293,384.38,133993
2026-07-09 15:58:00,384.38,384.49,384.03,384.08,218916
2026-07-09 15:59:00,384.06,384.36,383.92,384.33,492659
2026-07-09 16:00:00,384.315,384.43,383.86,384.21,5959356
2026-07-09 16:01:00,384.19,384.35,383.88,384,1844
2026-07-09 16:02:00,383.8242,384,383.8,384,2170
2026-07-09 16:03:00,384,384.24,384,384.02,1677
2026-07-09 16:04:00,384.0101,384.24,383.6826,383.6826,4565
2026-07-09 16:05:00,383.847,384.05,383.8,384.05,1977
2026-07-09 16:06:00,384,384.05,383.78,383.9483,1476
2026-07-09 16:07:00,383.85,384,383.85,383.96,1399
2026-07-09 16:08:00,383.962,384.0196,383.65,384.0196,1733
2026-07-09 16:09:00,384,384.36,384,384.36,121645
2026-07-09 16:10:00,384.16,384.47,384.0455,384.47,681
2026-07-09 16:11:00,384.27,384.59,384.27,384.59,1569
2026-07-09 16:12:00,384.3,384.4112,384.1,384.1195,580
2026-07-09 16:13:00,384.17,384.25,384,384.14,1169
2026-07-09 16:14:00,384.3,384.36,384.25,384.36,2129
2026-07-09 16:15:00,384.01,384.2,384.01,384.2,747
2026-07-09 16:16:00,384.21,384.3,384.0772,384.17,3247
2026-07-09 16:17:00,384.2,384.2,384,384,215
2026-07-09 16:18:00,384.2324,384.2324,384.06,384.15,599
2026-07-09 16:19:00,384,384.1442,384,384.1442,1015
2026-07-09 16:20:00,384.17,384.17,384,384,150
2026-07-09 16:21:00,384.1479,384.17,384.085,384.17,668
2026-07-09 16:22:00,384.17,384.17,384.05,384.05,300
2026-07-09 16:23:00,384.17,384.17,384.15,384.15,300
2026-07-09 16:24:00,384.1,384.15,384.05,384.1,324
2026-07-09 16:25:00,384.12,384.12,384.063,384.063,599
2026-07-09 16:26:00,384.0587,384.16,384.0587,384.16,94
2026-07-09 16:27:00,384.1599,384.17,384.1599,384.17,150
2026-07-09 16:28:00,384.2,384.2,384.2,384.2,71
2026-07-09 16:29:00,384.3,384.4,384.1895,384.4,299
2026-07-09 16:30:00,384.0501,384.2,384.0501,384.2,380
2026-07-09 16:31:00,384.1258,384.1258,384.1258,384.1258,105
2026-07-09 16:32:00,384.35,384.35,384.1,384.16,660
2026-07-09 16:33:00,384.3,384.333,384.14,384.2,531
2026-07-09 16:34:00,384.3,384.36,384.28,384.29,3271
2026-07-09 16:35:00,384.285,384.285,384.28,384.28,323
2026-07-09 16:36:00,384.26,384.28,384.05,384.2501,295
2026-07-09 16:37:00,384.28,384.28,384.11,384.11,227
2026-07-09 16:38:00,384.2376,384.2376,384.2376,384.2376,55
2026-07-09 16:39:00,384.1182,384.25,384.1182,384.25,190
2026-07-09 16:40:00,384.23,384.24,384.16,384.16,540
2026-07-09 16:41:00,384.21,384.21,384.1,384.1,905
2026-07-09 16:42:00,384.11,384.24,384.11,384.2,185
2026-07-09 16:43:00,384.25,384.25,384.11,384.13,348
2026-07-09 16:44:00,384.26,384.26,384.26,384.26,184
2026-07-09 16:45:00,384.13,384.13,384.13,384.13,80
2026-07-09 16:46:00,384.13,384.25,384.05,384.15,2037
2026-07-09 16:47:00,384.05,384.1,384.05,384.1,197
2026-07-09 16:48:00,384.1128,384.14,384.05,384.083,226
2026-07-09 16:49:00,384.13,384.225,384.13,384.225,215
2026-07-09 16:50:00,384.2001,384.26,384.0528,384.17,2745
2026-07-09 16:51:00,384.219,384.219,384.219,384.219,50
2026-07-09 16:52:00,384.25,384.25,384.185,384.185,385
2026-07-09 16:53:00,384.18,384.2396,384.18,384.18,1621
2026-07-09 16:54:00,384.2,384.21,384.18,384.18,440
2026-07-09 16:55:00,384.1502,384.1502,384.05,384.05,298
2026-07-09 16:56:00,384.0098,384.1365,383.9,383.9582,4489
2026-07-09 16:57:00,383.91,384.0079,383.91,384,220
2026-07-09 16:59:00,384.17,384.2,384.09,384.15,561
2026-07-09 17:00:00,384.12,384.18,384.0104,384.18,390
2026-07-09 17:01:00,384.1934,384.2,384.19,384.2,274
2026-07-09 17:02:00,384.2,384.2,384.2,384.2,50
2026-07-09 17:03:00,384.24,384.25,384.22,384.25,329
2026-07-09 17:04:00,384.2426,384.27,384.2426,384.27,689
2026-07-09 17:05:00,384.3148,384.3148,384.31,384.31,165
2026-07-09 17:06:00,384.34,384.3482,384.32,384.32,362
2026-07-09 17:07:00,384.3212,384.3212,384.18,384.2042,292
2026-07-09 17:08:00,384.3,384.3,384.3,384.3,77
2026-07-09 17:09:00,384.24,384.24,384.228,384.228,290
2026-07-09 17:10:00,384.25,384.25,384.25,384.25,101
2026-07-09 17:12:00,384.2577,384.26,384.2577,384.26,148
2026-07-09 17:13:00,384.25,384.2518,384.25,384.2518,333
2026-07-09 17:14:00,384.26,384.26,384.18,384.18,726
2026-07-09 17:15:00,384.28,384.28,384.28,384.28,1025
2026-07-09 17:16:00,384.263,384.263,384.2,384.21,250
2026-07-09 17:18:00,384.2,384.2,384.2,384.2,100
2026-07-09 17:19:00,384.28,384.28,384.2104,384.2104,325
2026-07-09 17:20:00,384.2,384.26,384.2,384.2036,376
2026-07-09 17:21:00,384.25,384.25,384.2065,384.2499,245
2026-07-09 17:22:00,384.22,384.22,384.21,384.2179,406
2026-07-09 17:23:00,384.2,384.2,384.18,384.2,1623
2026-07-09 17:24:00,384.1807,384.1807,384.1807,384.1807,100
2026-07-09 17:25:00,384.18,384.18,384.18,384.18,75
2026-07-09 17:26:00,384.1994,384.1994,384.1994,384.1994,200
2026-07-09 17:27:00,384.1995,384.1999,384.1813,384.1999,511
2026-07-09 17:28:00,384.18,384.1974,384.08,384.08,2037
2026-07-09 17:29:00,384.18,384.18,384.04,384.04,370
2026-07-09 17:30:00,384.0748,384.08,384.0413,384.07,750
2026-07-09 17:31:00,384.07,384.07,384,384,347
2026-07-09 17:32:00,384,384,383.9,383.95,2925
2026-07-09 17:34:00,383.88,383.88,383.85,383.85,842
2026-07-09 17:35:00,383.8997,383.9482,383.89,383.9,1124
2026-07-09 17:36:00,383.98,383.98,383.9769,383.9769,185
2026-07-09 17:37:00,383.97,383.98,383.85,383.85,1122
2026-07-09 17:38:00,383.9427,383.98,383.9427,383.9768,1090
2026-07-09 17:39:00,383.98,383.98,383.98,383.98,46
2026-07-09 17:40:00,383.9,383.98,383.9,383.98,146
2026-07-09 17:42:00,383.95,383.98,383.935,383.9354,1329
2026-07-09 17:43:00,383.9,383.9,383.9,383.9,193
2026-07-09 17:44:00,383.8,383.8,383.8,383.8,245
2026-07-09 17:45:00,383.6539,383.6539,383.6539,383.6539,100
2026-07-09 17:46:00,383.85,383.85,383.7803,383.7803,831
2026-07-09 17:48:00,383.85,383.85,383.83,383.83,749
2026-07-09 17:49:00,383.95,383.95,383.9499,383.9499,587
2026-07-09 17:50:00,383.8542,383.8542,383.8542,383.8542,50
2026-07-09 17:53:00,383.6792,383.93,383.6792,383.93,329
2026-07-09 17:54:00,383.81,383.9399,383.6401,383.899,3374
2026-07-09 17:55:00,383.6799,383.88,383.6799,383.88,450
2026-07-09 17:56:00,383.84,383.84,383.84,383.84,233
2026-07-09 17:57:00,383.88,383.88,383.88,383.88,100
2026-07-09 17:58:00,383.8525,383.8525,383.6712,383.6712,391
2026-07-09 18:00:00,383.7171,383.85,383.7171,383.85,168
2026-07-09 18:01:00,383.94,383.94,383.91,383.91,170
2026-07-09 18:02:00,383.91,383.95,383.81,383.95,745
2026-07-09 18:03:00,383.95,383.95,383.95,383.95,186
2026-07-09 18:04:00,383.95,383.95,383.9287,383.9287,462
2026-07-09 18:06:00,383.9299,383.9299,383.87,383.9297,194
2026-07-09 18:07:00,383.95,384,383.95,384,1172
2026-07-09 18:09:00,384.1065,384.11,384,384,1088
2026-07-09 18:10:00,383.93,384.0731,383.93,384.0731,235
2026-07-09 18:11:00,384,384.03,384,384,271
2026-07-09 18:12:00,383.9248,383.97,383.9,383.94,724
2026-07-09 18:13:00,383.858,383.858,383.72,383.72,102
2026-07-09 18:14:00,383.66,383.9,383.64,383.9,1424
2026-07-09 18:15:00,383.63,383.71,383.63,383.71,164
2026-07-09 18:16:00,383.63,383.84,383.63,383.6912,305
2026-07-09 18:17:00,383.63,383.6764,383.63,383.6764,510
2026-07-09 18:18:00,383.63,383.7,383.63,383.7,93
2026-07-09 18:19:00,383.64,384,383.41,383.51,1490
2026-07-09 18:20:00,383.56,383.6,383.5588,383.5588,134
2026-07-09 18:21:00,383.55,383.55,383.38,383.38,137
2026-07-09 18:23:00,383.45,383.6,383.45,383.53,160
2026-07-09 18:24:00,383.53,383.55,383.41,383.41,236
2026-07-09 18:25:00,383.57,383.58,383.57,383.58,98
2026-07-09 18:26:00,383.59,383.59,383.5695,383.5695,790
2026-07-09 18:27:00,383.5,383.5625,383.5,383.5,374
2026-07-09 18:29:00,383.56,383.59,383.56,383.59,517
2026-07-09 18:31:00,383.9136,383.9136,383.9136,383.9136,70
2026-07-09 18:32:00,383.6084,383.98,383.6084,383.98,140
2026-07-09 18:33:00,383.64,383.64,383.61,383.61,108
2026-07-09 18:34:00,383.62,383.62,383.56,383.56,80
2026-07-09 18:36:00,383.6808,383.6808,383.6808,383.6808,76
2026-07-09 18:37:00,383.6143,383.63,383.6143,383.63,240
2026-07-09 18:38:00,383.94,383.94,383.8507,383.8507,92
2026-07-09 18:40:00,383.8914,383.8914,383.7,383.7,276
2026-07-09 18:42:00,383.745,383.745,383.745,383.745,80
2026-07-09 18:43:00,383.62,383.62,383.61,383.61,130
2026-07-09 18:44:00,383.81,383.81,383.6,383.6044,215
2026-07-09 18:45:00,383.75,383.75,383.75,383.75,85
2026-07-09 18:46:00,383.7748,383.7748,383.7748,383.7748,100
2026-07-09 18:47:00,383.78,383.78,383.755,383.755,253
2026-07-09 18:48:00,383.68,383.75,383.68,383.75,323
2026-07-09 18:49:00,383.68,383.68,383.68,383.68,55
2026-07-09 18:50:00,383.87,383.87,383.8004,383.8004,300
2026-07-09 18:51:00,383.8,383.94,383.8,383.94,124
2026-07-09 18:52:00,383.77,383.77,383.77,383.77,75
2026-07-09 18:53:00,383.72,383.85,383.72,383.85,121
2026-07-09 18:54:00,383.762,383.785,383.72,383.72,183
2026-07-09 18:55:00,383.72,383.72,383.63,383.63,315
2026-07-09 18:56:00,383.8,383.8,383.8,383.8,100
2026-07-09 18:57:00,383.74,383.74,383.74,383.74,80
2026-07-09 18:59:00,383.7,383.8,383.7,383.8,248
2026-07-09 19:00:00,383.8499,383.85,383.8499,383.85,360
2026-07-09 19:01:00,383.6475,383.6475,383.6475,383.6475,75
2026-07-09 19:02:00,383.8499,383.8499,383.8499,383.8499,520
2026-07-09 19:05:00,383.6,383.6997,383.6,383.6,430
2026-07-09 19:06:00,383.7,383.7,383.7,383.7,300
2026-07-09 19:09:00,383.5,383.6999,383.5,383.6999,1768
2026-07-09 19:10:00,383.7,383.7,383.64,383.64,230
2026-07-09 19:11:00,383.67,383.78,383.6125,383.78,527
2026-07-09 19:12:00,383.78,383.78,383.78,383.78,110
2026-07-09 19:14:00,383.83,383.84,383.83,383.84,91
2026-07-09 19:15:00,383.88,383.89,383.7816,383.7816,260
2026-07-09 19:17:00,383.89,383.9,383.89,383.9,150
2026-07-09 19:18:00,383.99,384,383.783,383.783,1846
2026-07-09 19:19:00,384,384,384,384,40
2026-07-09 19:20:00,384,384,383.78,383.78,366
2026-07-09 19:21:00,383.98,383.98,383.98,383.98,400
2026-07-09 19:22:00,384.1,384.1,384.1,384.1,1600
2026-07-09 19:23:00,383.99,383.99,383.8,383.8,104
2026-07-09 19:24:00,383.78,384.14,383.78,384.1108,332
2026-07-09 19:25:00,384.1052,384.1052,384.1052,384.1052,91
2026-07-09 19:27:00,384,384,384,384,99
2026-07-09 19:28:00,384.0174,384.1909,384.0174,384.1909,294
2026-07-09 19:29:00,384.2,384.2486,384.2,384.2065,700
2026-07-09 19:30:00,384.2483,384.25,384.2104,384.2104,905
2026-07-09 19:31:00,384.11,384.185,384.11,384.15,2360
2026-07-09 19:32:00,384.15,384.5,384.15,384.5,3134
2026-07-09 19:33:00,384.35,384.4,384.2501,384.36,460
2026-07-09 19:34:00,384.2,384.21,384.12,384.12,330
2026-07-09 19:37:00,384.21,384.21,384.21,384.21,100
2026-07-09 19:38:00,384.4,384.4,384.23,384.3,236
2026-07-09 19:39:00,384.22,384.3897,384.21,384.21,330
2026-07-09 19:40:00,384.2,384.2,384.15,384.15,115
2026-07-09 19:41:00,384.2,384.2,384.2,384.2,200
2026-07-09 19:42:00,384.1,384.11,384.1,384.1001,379
2026-07-09 19:43:00,384.11,384.17,384.1,384.17,377
2026-07-09 19:45:00,384.25,384.29,384.1,384.29,1680
2026-07-09 19:46:00,384.22,384.22,384.15,384.15,309
2026-07-09 19:47:00,384.1668,384.2799,384.16,384.16,947
2026-07-09 19:48:00,384.21,384.25,384.01,384.01,1009
2026-07-09 19:49:00,384.01,384.14,383.91,384.13,469
2026-07-09 19:50:00,384,384.1831,384,384.1831,244
2026-07-09 19:51:00,384.232,384.24,384.2295,384.24,284
2026-07-09 19:52:00,384.2241,384.25,383.85,384.25,463
2026-07-09 19:53:00,384.25,384.25,384.25,384.25,93
2026-07-09 19:54:00,384.198,384.25,384.111,384.111,284
2026-07-09 19:55:00,384.06,384.175,384.06,384.14,578
2026-07-09 19:56:00,384.25,384.25,384.2318,384.2318,250
2026-07-09 19:57:00,384.2,384.25,384.2,384.25,372
2026-07-09 19:58:00,384.225,384.25,384.105,384.25,315
2026-07-09 19:59:00,384.1,384.23,384.1,384.12,140
2026-07-10 04:00:00,385.4,385.9495,383.8538,384.16,9599
2026-07-10 04:01:00,385.62,385.95,383.83,385.81,20838
2026-07-10 04:02:00,385.77,385.94,384.94,385.55,3954
2026-07-10 04:03:00,385.77,386.03,385.77,386.03,1346
2026-07-10 04:04:00,386.1903,386.63,386.07,386.5,1283
2026-07-10 04:05:00,386.64,386.97,386.61,386.97,1152
2026-07-10 04:06:00,386.97,387.61,385.01,387.5,1960
2026-07-10 04:07:00,387.5,387.6,386.93,387.08,716
2026-07-10 04:08:00,387.14,387.14,387.06,387.14,538
2026-07-10 04:09:00,387.16,387.16,386.91,387,1480
2026-07-10 04:10:00,387.05,387.6,387.03,387.6,797
2026-07-10 04:11:00,387.43,387.43,387.26,387.26,467
2026-07-10 04:12:00,387.4,387.5,387.29,387.5,799
2026-07-10 04:14:00,387.51,387.84,387.41,387.65,1286
2026-07-10 04:16:00,387.73,387.73,387,387,2720
2026-07-10 04:17:00,387,387,387,387,237
2026-07-10 04:18:00,387,387,386.983,386.983,90
2026-07-10 04:19:00,387,387.08,386.97,386.97,297
2026-07-10 04:20:00,387.39,387.39,387.03,387.3,296
2026-07-10 04:21:00,387.11,387.32,387.11,387.32,432
2026-07-10 04:22:00,387.51,387.51,387.11,387.28,919
2026-07-10 04:24:00,387.36,387.45,387.36,387.45,120
2026-07-10 04:25:00,387.514,387.514,387.45,387.45,174
2026-07-10 04:26:00,387.46,387.46,387.46,387.46,80
2026-07-10 04:27:00,387.49,387.49,387.46,387.46,143
2026-07-10 04:28:00,387.5,387.69,387.5,387.69,271
2026-07-10 04:29:00,387.69,387.69,387.55,387.65,796
2026-07-10 04:31:00,387.57,387.57,387.57,387.57,87
2026-07-10 04:32:00,387.69,387.77,387.69,387.77,428
2026-07-10 04:33:00,387.84,387.9,387.81,387.9,545
2026-07-10 04:34:00,387.99,389.0922,387.99,389.0922,3236
2026-07-10 04:35:00,389.09,389.2507,388.48,388.48,2161
2026-07-10 04:36:00,388.56,388.56,388.52,388.53,809
2026-07-10 04:37:00,388.76,388.97,388.27,388.27,1276
2026-07-10 04:38:00,388.58,388.8,388.36,388.63,1038
2026-07-10 04:39:00,388.46,388.46,388.18,388.18,300
2026-07-10 04:40:00,388.21,388.5,388.21,388.3,2338
2026-07-10 04:41:00,388.34,388.34,388.1811,388.1811,260
2026-07-10 04:42:00,388.16,388.2,388.0315,388.14,462
2026-07-10 04:43:00,388.16,388.2,388.09,388.09,1072
2026-07-10 04:44:00,388.11,388.31,388,388.31,1113
2026-07-10 04:45:00,388.2665,388.32,388.25,388.25,804
2026-07-10 04:46:00,388.27,388.27,388.0848,388.0848,914
2026-07-10 04:47:00,388.13,388.13,388.13,388.13,50
2026-07-10 04:48:00,388.11,388.11,387.91,387.91,530
2026-07-10 04:49:00,387.84,387.84,387.74,387.74,1235
2026-07-10 04:51:00,387.6689,387.8509,387.6689,387.73,1337
2026-07-10 04:52:00,387.61,387.77,387.61,387.77,300
2026-07-10 04:53:00,387.75,387.75,387.75,387.75,130
2026-07-10 04:54:00,387.88,387.88,387.88,387.88,100
2026-07-10 04:56:00,387.82,387.83,387.82,387.83,124
2026-07-10 04:57:00,387.87,387.87,387.825,387.855,299
2026-07-10 04:58:00,387.855,388.28,387.855,388.25,1349
2026-07-10 04:59:00,388.45,388.49,388.2,388.2,1075
2026-07-10 05:00:00,388.284,388.29,388.22,388.22,296
2026-07-10 05:01:00,388.3,388.3,387.88,387.88,773
2026-07-10 05:02:00,387.95,387.95,387.95,387.95,190
2026-07-10 05:03:00,388.06,388.1,388.01,388.1,527
2026-07-10 05:04:00,388.0948,388.1,388.0948,388.1,310
2026-07-10 05:05:00,388.2003,388.235,388.2003,388.235,118
2026-07-10 05:06:00,388.3,388.35,388.2763,388.3,496
2026-07-10 05:07:00,388.35,388.5,388.35,388.41,305
2026-07-10 05:08:00,388.4885,388.4885,388.35,388.46,975
2026-07-10 05:09:00,388.5,388.5,388.3764,388.4932,2831
2026-07-10 05:10:00,388.4938,388.5,388.38,388.5,926
2026-07-10 05:11:00,388.5,388.5,388.5,388.5,140
2026-07-10 05:12:00,388.598,388.598,388.598,388.598,258
2026-07-10 05:13:00,388.5,388.5,388.4012,388.4012,311
2026-07-10 05:14:00,388.37,388.45,388.29,388.3,521
2026-07-10 05:16:00,388.23,388.23,388.23,388.23,189
2026-07-10 05:17:00,388.2,388.2,388.2,388.2,125
2026-07-10 05:18:00,388.13,388.13,388.13,388.13,50
2026-07-10 05:19:00,388.23,388.23,388.22,388.23,221
2026-07-10 05:21:00,388.1958,388.2,388.17,388.2,334
2026-07-10 05:22:00,388.15,388.15,388.04,388.1,617
2026-07-10 05:25:00,388.19,388.29,388.04,388.29,1257
2026-07-10 05:26:00,388.28,388.5,388.28,388.5,507
2026-07-10 05:27:00,388.5,388.5,388.2,388.2,413
2026-07-10 05:28:00,388.2,388.4591,388,388,1410
2026-07-10 05:29:00,388.1,388.1,388.07,388.07,391
2026-07-10 05:30:00,388.07,388.265,388.048,388.048,412
2026-07-10 05:31:00,388.09,388.1,388.09,388.09,341
2026-07-10 05:33:00,388.08,388.1815,388.08,388.1815,526
2026-07-10 05:34:00,388.11,388.12,388.11,388.12,218
2026-07-10 05:35:00,388.08,388.11,388.08,388.11,112
2026-07-10 05:36:00,388.0604,388.26,388.05,388.05,289
2026-07-10 05:37:00,388.05,388.08,388.05,388.07,284
2026-07-10 05:38:00,388.1,388.1,388.06,388.06,534
2026-07-10 05:39:00,388.09,388.1782,388.06,388.1782,366
2026-07-10 05:40:00,388.05,388.05,387.9,387.93,978
2026-07-10 05:42:00,387.92,387.9336,387.8,387.8,617
2026-07-10 05:43:00,387.7,387.7,387.5,387.55,2134
2026-07-10 05:45:00,387.63,387.63,387.63,387.63,97
2026-07-10 05:46:00,387.6,387.6,387.34,387.34,565
2026-07-10 05:47:00,387.36,387.36,387.31,387.31,252
2026-07-10 05:48:00,387.4582,387.4582,387.23,387.23,92
2026-07-10 05:49:00,387.25,387.26,387.25,387.26,182
2026-07-10 05:51:00,387.48,387.5,387.3353,387.3353,636
2026-07-10 05:54:00,387.49,387.63,387.49,387.63,202
2026-07-10 05:55:00,387.55,387.5589,387.55,387.5589,319
2026-07-10 05:56:00,387.58,387.58,387.54,387.54,376
2026-07-10 05:57:00,387.52,387.64,387.52,387.64,638
2026-07-10 05:59:00,387.58,387.58,387.56,387.57,507
2026-07-10 06:00:00,387.57,387.59,387.56,387.56,389
2026-07-10 06:01:00,387.58,387.6,387.58,387.6,128
2026-07-10 06:02:00,387.7,387.79,387.7,387.7899,382
2026-07-10 06:03:00,387.72,387.72,387.67,387.72,275
2026-07-10 06:04:00,387.79,387.79,387.79,387.79,77
2026-07-10 06:06:00,387.76,387.76,387.69,387.7,296
2026-07-10 06:08:00,387.88,388,387.88,388,1036
2026-07-10 06:09:00,387.8166,387.96,387.8166,387.96,258
2026-07-10 06:10:00,388.03,388.08,388.01,388.08,249
2026-07-10 06:11:00,388.06,388.08,388.01,388.01,661
2026-07-10 06:12:00,388.1557,388.16,388.1557,388.16,135
2026-07-10 06:13:00,388.1,388.13,388.09,388.11,444
2026-07-10 06:14:00,388.1,388.1,388.1,388.1,80
2026-07-10 06:15:00,388.105,388.2,388.1,388.2,683
2026-07-10 06:16:00,388.16,388.16,388,388,798
2026-07-10 06:17:00,388.02,388.1207,388,388.12,362
2026-07-10 06:18:00,388.09,388.3,388.09,388.3,1012
2026-07-10 06:19:00,388.2,388.33,388.2,388.33,484
2026-07-10 06:20:00,388.38,388.68,388.38,388.68,1467
2026-07-10 06:21:00,388.65,388.75,388.6,388.75,530
2026-07-10 06:22:00,388.8,388.85,388.59,388.65,481
2026-07-10 06:24:00,388.68,388.68,388.65,388.65,450
2026-07-10 06:25:00,388.65,388.65,388.35,388.35,726
2026-07-10 06:26:00,388.58,388.65,388.57,388.65,856
2026-07-10 06:27:00,388.64,388.64,388.6,388.6,238
2026-07-10 06:28:00,388.6766,388.6766,388.35,388.35,1707
2026-07-10 06:29:00,388.54,388.64,388.54,388.64,150
2026-07-10 06:30:00,388.42,388.52,388.37,388.37,566
2026-07-10 06:31:00,388.52,388.52,388.3,388.3,713
2026-07-10 06:32:00,388.17,388.5232,388.16,388.17,367
2026-07-10 06:33:00,388.3,388.3,388.3,388.3,690
2026-07-10 06:34:00,388.1,388.1,387.95,387.95,986
2026-07-10 06:35:00,388,388,388,388,163
2026-07-10 06:36:00,388.1,388.18,387.95,387.95,2741
2026-07-10 06:39:00,388.1,388.11,388.1,388.11,114
2026-07-10 06:40:00,388.17,388.193,388.14,388.14,660
2026-07-10 06:41:00,388.11,388.15,388.07,388.08,246
2026-07-10 06:43:00,388.15,388.15,388.11,388.11,144
2026-07-10 06:45:00,388.1,388.1,388.1,388.1,218
2026-07-10 06:46:00,388.05,388.0939,388.05,388.0939,295
2026-07-10 06:47:00,388.0335,388.0919,388.0335,388.08,311
2026-07-10 06:48:00,388.08,388.08,388.05,388.05,275
2026-07-10 06:49:00,388.06,388.08,388.0009,388.0009,811
2026-07-10 06:50:00,388.02,388.02,387.95,387.95,283
2026-07-10 06:51:00,387.8,387.81,387.78,387.81,546
2026-07-10 06:52:00,387.78,388.0637,387.78,388.0637,103
2026-07-10 06:53:00,387.91,387.91,387.91,387.91,176
2026-07-10 06:54:00,387.96,387.96,387.8928,387.8928,114
2026-07-10 06:55:00,387.86,387.86,387.86,387.86,228
2026-07-10 06:56:00,388.1,388.1,387.87,387.87,273
2026-07-10 06:57:00,387.8,387.82,387.63,387.63,334
2026-07-10 06:58:00,387.66,387.66,387.4,387.4,1979
2026-07-10 06:59:00,387.37,387.43,387.3,387.43,652
2026-07-10 07:00:00,387.29,387.38,387.0304,387.2816,3817
2026-07-10 07:01:00,387.0615,387.2,386.89,387,3704
2026-07-10 07:02:00,386.81,386.9341,386.57,386.9219,1613
2026-07-10 07:03:00,386.7,386.79,386.59,386.6,2197
2026-07-10 07:04:00,386.6,386.63,386.52,386.53,1382
2026-07-10 07:05:00,386.56,386.59,386.56,386.58,708
2026-07-10 07:06:00,386.6,386.6,386.26,386.4,1196
2026-07-10 07:07:00,386.26,386.5,386.26,386.5,1734
2026-07-10 07:08:00,386.47,386.47,386.32,386.32,255
2026-07-10 07:09:00,386.4892,386.4892,386.34,386.3501,1256
2026-07-10 07:10:00,386.4,386.63,386.39,386.63,2752
2026-07-10 07:11:00,386.6895,387,386.6,386.99,4553
2026-07-10 07:12:00,386.83,386.83,386.26,386.5,1742
2026-07-10 07:13:00,386.4278,386.6318,386.36,386.52,797
2026-07-10 07:14:00,386.52,386.52,385.89,385.89,7236
2026-07-10 07:15:00,385.87,386,385.5125,385.5125,11423
2026-07-10 07:16:00,385.53,385.8,385.5,385.5636,815
2026-07-10 07:17:00,385.6,385.8,385.4704,385.8,2134
2026-07-10 07:18:00,385.59,385.59,384.8,384.83,16073
2026-07-10 07:19:00,384.99,385.18,384.8213,385.02,6150
2026-07-10 07:20:00,385.09,385.2,385.05,385.1,2396
2026-07-10 07:21:00,385.46,385.6,385.1501,385.4114,4993
2026-07-10 07:22:00,385.4294,385.44,385.3,385.3,773
2026-07-10 07:23:00,385.4057,385.5,385.3,385.3,1652
2026-07-10 07:24:00,385.3,385.5531,385.3,385.5531,285
2026-07-10 07:25:00,385.45,385.7661,385.45,385.6478,1543
2026-07-10 07:26:00,385.7,386.31,385.6,386.1,6303
2026-07-10 07:27:00,386.29,386.35,386.2,386.2,264
2026-07-10 07:28:00,386.28,386.4,385.74,385.9295,3662
2026-07-10 07:29:00,385.75,385.75,385.75,385.75,40
2026-07-10 07:30:00,385.76,386.3,385.65,386.3,9962
2026-07-10 07:31:00,386.34,386.34,386.05,386.32,811
2026-07-10 07:32:00,386.2,386.32,386.1617,386.29,743
2026-07-10 07:33:00,386.1,386.1,385.73,386,877
2026-07-10 07:34:00,386,386,385.72,385.9825,1640
2026-07-10 07:35:00,385.91,386,385.78,385.78,930
2026-07-10 07:36:00,385.9,385.99,385.9,385.99,482
2026-07-10 07:37:00,385.763,386,385.763,385.85,2197
2026-07-10 07:38:00,385.86,385.86,385.85,385.85,2000
2026-07-10 07:39:00,385.76,385.98,385.76,385.98,327
2026-07-10 07:40:00,385.95,385.99,385.95,385.99,181
2026-07-10 07:41:00,385.97,385.98,385.95,385.95,1181
2026-07-10 07:42:00,385.8,385.8,385.8,385.8,50
2026-07-10 07:43:00,385.79,385.79,385.79,385.79,296
2026-07-10 07:44:00,385.88,385.9,385.88,385.9,264
2026-07-10 07:45:00,385.78,386,385.76,386,898
2026-07-10 07:46:00,385.9,385.9,385.8,385.8,408
2026-07-10 07:47:00,385.82,386,385.82,385.99,807
2026-07-10 07:48:00,385.98,386.06,385.96,385.994,2893
2026-07-10 07:49:00,386.04,386.2,386.0092,386.2,1738
2026-07-10 07:50:00,386.2,386.3,386.2,386.3,1601
2026-07-10 07:51:00,386.3039,386.3039,386.2162,386.2162,740
2026-07-10 07:52:00,386.2182,386.6545,386.2182,386.3921,1023
2026-07-10 07:53:00,386.54,386.7,386.54,386.5608,672
2026-07-10 07:54:00,386.7,387.04,386.7,387.035,1399
2026-07-10 07:55:00,386.92,387.2,386.8,386.8325,2109
2026-07-10 07:56:00,386.8001,386.89,386.8001,386.89,216
2026-07-10 07:57:00,386.8,386.92,386.7,386.86,333
2026-07-10 07:58:00,386.7,386.704,386.5583,386.704,2584
2026-07-10 07:59:00,386.72,386.7499,386.7,386.7,290
2026-07-10 08:00:00,386.58,386.58,386.58,386.58,100
2026-07-10 08:02:00,386.8,386.8,386.631,386.631,497
2026-07-10 08:03:00,386.63,386.72,386.6,386.72,290
2026-07-10 08:04:00,386.78,386.8,386.66,386.75,1512
2026-07-10 08:05:00,386.87,386.97,386.34,386.36,3911
2026-07-10 08:07:00,386.5553,386.5553,386.32,386.34,266
2026-07-10 08:08:00,386.3808,386.79,386.3808,386.64,1012
2026-07-10 08:09:00,386.89,386.9,386.4709,386.8426,741
2026-07-10 08:10:00,386.67,386.8639,386.67,386.86,432
2026-07-10 08:11:00,386.7,386.7,386.55,386.55,1115
2026-07-10 08:12:00,386.55,386.58,386.5297,386.58,334
2026-07-10 08:13:00,386.5268,387.38,386.5,387.38,3523
2026-07-10 08:14:00,387.05,387.4,386.59,387.2,1541
2026-07-10 08:15:00,387,387.013,387,387,3200
2026-07-10 08:16:00,386.99,386.99,386.78,386.78,701
2026-07-10 08:17:00,387,387.3,386.783,387.25,3455
2026-07-10 08:18:00,386.95,386.99,386.95,386.99,174
2026-07-10 08:19:00,386.728,386.728,386.66,386.66,175
2026-07-10 08:20:00,386.8559,386.8559,386.84,386.84,1150
2026-07-10 08:21:00,386.95,387.15,386.95,387.13,1988
2026-07-10 08:22:00,387.0501,387.25,387.0501,387.15,1092
2026-07-10 08:23:00,387.07,387.2,387.05,387.13,731
2026-07-10 08:24:00,387.1,387.1,387.0501,387.1,1397
2026-07-10 08:25:00,387.1,387.15,387.05,387.09,1486
2026-07-10 08:26:00,387.1161,387.2,387.03,387.03,4224
2026-07-10 08:27:00,386.96,387.08,386.96,387.08,91
2026-07-10 08:28:00,386.99,387.08,386.87,386.87,1160
2026-07-10 08:29:00,386.95,387,386.64,387,1643
2026-07-10 08:30:00,387,387,386.95,386.95,408
2026-07-10 08:31:00,386.99,387,386.9,387,319
2026-07-10 08:32:00,386.99,386.99,386.98,386.98,161
2026-07-10 08:33:00,387.07,387.15,387.07,387.15,1668
2026-07-10 08:34:00,387.15,387.4519,387.1228,387.4519,1552
2026-07-10 08:35:00,387.16,387.2,387,387.1885,719
2026-07-10 08:36:00,387.2,387.5,387.2,387.5,2538
2026-07-10 08:37:00,387.44,387.5,387.44,387.5,327
2026-07-10 08:38:00,387.45,387.7994,387.45,387.7994,1778
2026-07-10 08:39:00,387.85,387.88,387.52,387.8305,1079
2026-07-10 08:40:00,387.76,387.8208,387.5,387.66,1161
2026-07-10 08:41:00,387.4,387.57,387.4,387.5,1081
2026-07-10 08:42:00,387.58,387.67,387.4,387.67,1704
2026-07-10 08:43:00,387.5,387.55,387.5,387.55,440
2026-07-10 08:44:00,387.5,387.5455,387.37,387.37,992
2026-07-10 08:45:00,387.5346,387.62,387.4125,387.4125,337
2026-07-10 08:46:00,387.63,387.8,387.63,387.8,905
2026-07-10 08:47:00,387.8,388,387.65,388,2865
2026-07-10 08:48:00,387.8044,387.92,387.8,387.92,1631
2026-07-10 08:49:00,387.65,387.8487,387.65,387.8487,197
2026-07-10 08:50:00,387.6275,387.9,387.6275,387.8,1038
2026-07-10 08:51:00,387.75,387.81,387.75,387.79,4099
2026-07-10 08:52:00,387.75,387.85,387.7,387.81,1511
2026-07-10 08:53:00,387.84,388.11,387.84,388.11,3252
2026-07-10 08:54:00,388.13,388.13,387.95,387.95,550
2026-07-10 08:55:00,387.88,387.88,387.8,387.88,892
2026-07-10 08:56:00,387.66,387.66,387.66,387.66,50
2026-07-10 08:57:00,387.66,387.67,387.61,387.61,516
2026-07-10 08:58:00,387.61,387.7519,387.5001,387.5001,648
2026-07-10 08:59:00,387.7177,388,387.7177,387.94,2359
2026-07-10 09:00:00,388.048,388.048,388.01,388.01,190
2026-07-10 09:01:00,388.018,388.1,387.77,387.95,1271
2026-07-10 09:02:00,388.1,388.33,388.06,388.06,4600
2026-07-10 09:03:00,388.21,388.27,387.9,388.27,1912
2026-07-10 09:04:00,388.26,388.33,388.13,388.33,1239
2026-07-10 09:05:00,388.3499,388.48,388.12,388.3,1309
2026-07-10 09:06:00,388.1001,388.3,388.1001,388.3,1221
2026-07-10 09:07:00,388.46,388.77,388.42,388.674,4577
2026-07-10 09:08:00,388.5108,388.69,388.5108,388.69,1064
2026-07-10 09:09:00,388.8,389.31,388.7947,389.12,9085
2026-07-10 09:10:00,389.12,389.12,388.8266,388.959,3792
2026-07-10 09:11:00,388.82,388.82,388.25,388.25,5211
2026-07-10 09:12:00,388.59,388.74,388.28,388.28,1949
2026-07-10 09:13:00,388.28,388.5,388.28,388.4974,1257
2026-07-10 09:14:00,388.4914,388.54,388.4914,388.51,1523
2026-07-10 09:15:00,388.5341,388.58,388.25,388.25,1079
2026-07-10 09:16:00,388.3,388.4,388.25,388.25,632
2026-07-10 09:17:00,388.2914,388.4,388.1,388.2,2492
2026-07-10 09:18:00,388.1264,388.34,388.1101,388.17,558
2026-07-10 09:19:00,388.13,388.31,388.12,388.13,1054
2026-07-10 09:20:00,388.11,388.43,388,388.43,2049
2026-07-10 09:21:00,388.27,388.81,388.27,388.64,1705
2026-07-10 09:22:00,388.54,388.54,388.14,388.285,1332
2026-07-10 09:23:00,388.33,388.75,388.31,388.75,1376
2026-07-10 09:24:00,388.37,388.37,388.171,388.25,469
2026-07-10 09:25:00,388.15,388.26,388,388.08,1561
2026-07-10 09:26:00,388.0162,388.24,388.0162,388.24,270
2026-07-10 09:27:00,388.24,388.69,387.25,387.35,5091
2026-07-10 09:28:00,387.47,388.21,387.36,387.38,530
2026-07-10 09:29:00,387.42,387.6,387.36,387.6,2959
2026-07-10 09:30:00,387.8,388.38,386.5,387.625,663811
2026-07-10 09:31:00,387.625,388.38,386.355,388.3,82833
2026-07-10 09:32:00,388.3,389.98,388.18,389.865,161646
2026-07-10 09:33:00,389.865,390.11,388.895,388.895,190787
2026-07-10 09:34:00,388.91,389.7,388.53,389.54,90139
2026-07-10 09:35:00,389.462,390.3,389.15,389.87,131932
2026-07-10 09:36:00,389.875,391,389.485,390.6,182723
2026-07-10 09:37:00,390.65,391.8401,390.43,391.49,104796
2026-07-10 09:38:00,391.49,391.91,391.12,391.36,121289
2026-07-10 09:39:00,391.4,391.45,389.84,389.9995,121816
2026-07-10 09:40:00,389.8786,390.09,389.02,389.155,98660
2026-07-10 09:41:00,389.23,389.61,387.45,387.5,72583
2026-07-10 09:42:00,387.62,387.9095,386.57,386.99,66257
2026-07-10 09:43:00,387,387.49,386.7628,387.39,84053
2026-07-10 09:44:00,387.3912,387.415,386.75,386.82,65841
2026-07-10 09:45:00,386.88,386.9499,386.405,386.69,86606
2026-07-10 09:46:00,386.65,386.67,386.05,386.66,76067
2026-07-10 09:47:00,386.59,386.7352,386.2,386.435,47171
2026-07-10 09:48:00,386.49,386.51,386.1,386.43,70977
2026-07-10 09:49:00,386.43,386.72,385.66,385.67,65405
2026-07-10 09:50:00,385.73,385.742,384.86,385.035,72811
2026-07-10 09:51:00,385,385.65,384.76,385.4,63750
2026-07-10 09:52:00,385.35,386.12,385.2,386.1192,60240
2026-07-10 09:53:00,386.06,386.26,385.71,386.2134,74321
2026-07-10 09:54:00,386.185,386.46,385.695,385.72,41494
2026-07-10 09:55:00,385.715,386.1,385.55,385.96,35496
2026-07-10 09:56:00,385.985,386.3699,385.9,386.21,44642
2026-07-10 09:57:00,386.28,386.4774,385.54,385.6,46817
2026-07-10 09:58:00,385.56,386.06,385.4,385.68,56994
2026-07-10 09:59:00,385.665,385.73,385.02,385.05,41463
2026-07-10 10:00:00,385.05,385.19,384.42,384.662,110454
2026-07-10 10:01:00,384.69,384.94,384.47,384.625,59672
2026-07-10 10:02:00,384.625,384.77,383.83,384,92640
2026-07-10 10:03:00,384,384.07,383.49,383.85,81776
2026-07-10 10:04:00,383.85,384.4,383.81,384.31,60470
2026-07-10 10:05:00,384.3226,384.84,384.27,384.7,86130
2026-07-10 10:06:00,384.62,384.68,384.35,384.4737,31059
2026-07-10 10:07:00,384.49,385.1,384.4,384.795,54500
2026-07-10 10:08:00,384.795,385.25,384.66,385.01,56569
2026-07-10 10:09:00,385.0821,385.33,384.655,384.88,45579
2026-07-10 10:10:00,384.91,385.1985,384.89,385.135,46581
2026-07-10 10:11:00,385.125,385.27,384.91,385,48229
2026-07-10 10:12:00,385.0289,385.63,384.97,385.4678,48176
2026-07-10 10:13:00,385.475,385.475,385.08,385.3101,49489
2026-07-10 10:14:00,385.355,385.41,384.9501,385,40165
2026-07-10 10:15:00,385,385.49,384.84,385.44,33777
2026-07-10 10:16:00,385.44,385.58,385.17,385.22,32497
2026-07-10 10:17:00,385.22,385.92,385.125,385.6404,41374
2026-07-10 10:18:00,385.678,385.72,385.1022,385.27,30468
2026-07-10 10:19:00,385.27,385.5,385.0801,385.25,30403
2026-07-10 10:20:00,385.3702,385.4472,385.04,385.25,21912
2026-07-10 10:21:00,385.255,385.43,384.75,384.75,39745
2026-07-10 10:22:00,384.745,384.86,384.51,384.53,34580
2026-07-10 10:23:00,384.6,384.68,384.3168,384.61,35617
2026-07-10 10:24:00,384.5701,384.6999,384.3201,384.485,24843
2026-07-10 10:25:00,384.475,384.49,383.85,384.0199,52581
2026-07-10 10:26:00,383.965,384.23,383.85,384.17,31030
2026-07-10 10:27:00,384.17,384.2172,383.95,384.1299,19941
2026-07-10 10:28:00,384.14,384.4899,384.09,384.44,37718
2026-07-10 10:29:00,384.4899,384.4899,384.15,384.32,46049
2026-07-10 10:30:00,384.36,384.6,384.12,384.16,59454
2026-07-10 10:31:00,384.185,384.4,384.08,384.27,29468
2026-07-10 10:32:00,384.25,384.25,382.5,382.6022,105735
2026-07-10 10:33:00,382.49,383.7,381.93,383.36,132448
2026-07-10 10:34:00,383.31,383.71,383.03,383.18,31586
2026-07-10 10:35:00,383.06,383.34,382.23,382.32,44152
2026-07-10 10:36:00,382.32,383.1,382.15,382.57,40485
2026-07-10 10:37:00,382.61,383.11,382.52,382.875,30380
2026-07-10 10:38:00,382.875,383.42,382.7301,383.28,34213
2026-07-10 10:39:00,383.29,383.29,382.63,382.94,24770
2026-07-10 10:40:00,382.91,382.9399,382.413,382.79,38981
2026-07-10 10:41:00,382.8,382.8,382.42,382.56,24939
2026-07-10 10:42:00,382.59,382.73,382.44,382.5,26118
2026-07-10 10:43:00,382.48,382.764,382.43,382.7,22981
2026-07-10 10:44:00,382.7,383.17,382.56,383.145,33901
2026-07-10 10:45:00,383.1137,383.21,382.77,383.025,28364
2026-07-10 10:46:00,383,383.03,382.75,382.7517,22379
2026-07-10 10:47:00,382.786,382.91,382.54,382.72,25315
2026-07-10 10:48:00,382.77,382.94,382.7,382.82,19280
2026-07-10 10:49:00,382.8,382.95,382.74,382.88,19470
2026-07-10 10:50:00,382.88,383.05,382.65,382.745,30555
2026-07-10 10:51:00,382.75,382.77,382.53,382.68,26963
2026-07-10 10:52:00,382.6401,382.9899,382.56,382.9,34598
2026-07-10 10:53:00,382.85,382.92,382.52,382.775,29361
2026-07-10 10:54:00,382.76,382.78,382.41,382.4651,40718
2026-07-10 10:55:00,382.46,382.65,382.31,382.37,34113
2026-07-10 10:56:00,382.36,382.61,382.32,382.49,26067
2026-07-10 10:57:00,382.485,382.6199,382.355,382.5575,27567
2026-07-10 10:58:00,382.56,382.61,382.3501,382.49,24660
2026-07-10 10:59:00,382.49,382.61,382.4501,382.535,20052
2026-07-10 11:00:00,382.57,382.59,382.255,382.44,42743
2026-07-10 11:01:00,382.49,382.59,382.1,382.17,23571
2026-07-10 11:02:00,382.175,382.35,382.09,382.16,34937
2026-07-10 11:03:00,382.145,382.24,382.04,382.14,22322
2026-07-10 11:04:00,382.1,382.1,381.77,381.78,42671
2026-07-10 11:05:00,381.76,382.03,381.5,381.88,44160
2026-07-10 11:06:00,381.87,381.95,381.63,381.88,29360
2026-07-10 11:07:00,381.86,382.33,381.77,382.31,41713
2026-07-10 11:08:00,382.27,382.4,382.15,382.3199,20061
2026-07-10 11:09:00,382.32,382.63,382.29,382.6,27036
2026-07-10 11:10:00,382.585,382.95,382.51,382.95,26586
2026-07-10 11:11:00,382.95,382.95,382.5,382.57,35849
2026-07-10 11:12:00,382.57,382.5854,382.33,382.365,17511
2026-07-10 11:13:00,382.31,382.4099,382.15,382.23,16501
2026-07-10 11:14:00,382.23,382.32,382.08,382.24,29986
2026-07-10 11:15:00,382.255,382.44,382.05,382.245,96449
2026-07-10 11:16:00,382.3,382.48,382.2,382.315,19565
2026-07-10 11:17:00,382.35,382.65,382.23,382.52,28710
2026-07-10 11:18:00,382.56,382.77,382.5001,382.77,36325
2026-07-10 11:19:00,382.74,382.77,382.445,382.65,17099
2026-07-10 11:20:00,382.63,382.7,382.29,382.6875,24755
2026-07-10 11:21:00,382.675,382.7,382.49,382.62,22617
2026-07-10 11:22:00,382.61,382.75,382.36,382.47,35045
2026-07-10 11:23:00,382.5,383.03,382.28,382.7695,46044
2026-07-10 11:24:00,382.8251,383.19,382.56,383.15,21106
2026-07-10 11:25:00,383.21,383.27,382.91,382.975,39071
2026-07-10 11:26:00,383.025,383.06,382.8302,382.885,17360
2026-07-10 11:27:00,382.8655,382.88,382.5358,382.555,13016
2026-07-10 11:28:00,382.59,382.68,382.37,382.575,27221
2026-07-10 11:29:00,382.6,382.92,382.5869,382.91,28018
2026-07-10 11:30:00,382.91,383.04,382.89,382.9714,20104
2026-07-10 11:31:00,383.03,383.51,383.015,383.44,26857
2026-07-10 11:32:00,383.4999,383.7,383.4225,383.5,39137
2026-07-10 11:33:00,383.5,383.69,383.4,383.69,29262
2026-07-10 11:34:00,383.665,383.88,383.58,383.68,51697
2026-07-10 11:35:00,383.66,383.89,383.58,383.81,40855
2026-07-10 11:36:00,383.825,384.6,383.79,384.35,50512
2026-07-10 11:37:00,384.41,384.73,384.33,384.555,49629
2026-07-10 11:38:00,384.555,384.67,384.42,384.42,27493
2026-07-10 11:39:00,384.42,384.4699,383.666,383.8,58761
2026-07-10 11:40:00,383.79,384.1799,383.585,384.14,47970
2026-07-10 11:41:00,384.145,384.145,383.76,383.91,53343
2026-07-10 11:42:00,383.9387,383.94,383.69,383.86,36024
2026-07-10 11:43:00,383.855,384.004,383.775,383.875,19046
2026-07-10 11:44:00,383.875,384.0078,383.73,383.96,17107
2026-07-10 11:45:00,383.9876,383.9876,383.5,383.63,21625
2026-07-10 11:46:00,383.6,383.67,383.49,383.645,12603
2026-07-10 11:47:00,383.6765,384.1,383.56,384.05,20254
2026-07-10 11:48:00,384.09,384.38,384.06,384.3684,17760
2026-07-10 11:49:00,384.335,384.35,383.95,383.98,21531
2026-07-10 11:50:00,383.975,384.12,383.975,384.04,11548
2026-07-10 11:51:00,384.0443,384.14,383.96,384.015,11517
2026-07-10 11:52:00,384.015,384.28,383.9901,384.19,16215
2026-07-10 11:53:00,384.18,384.43,384.18,384.345,14325
2026-07-10 11:54:00,384.345,384.5,384.0876,384.215,30540
2026-07-10 11:55:00,384.22,384.67,384.22,384.5075,21536
2026-07-10 11:56:00,384.53,384.65,384.495,384.57,15046
2026-07-10 11:57:00,384.58,384.71,384.455,384.59,27787
2026-07-10 11:58:00,384.59,384.59,384.19,384.215,39348
2026-07-10 11:59:00,384.225,384.225,384.05,384.145,19372
2026-07-10 12:00:00,384.17,384.37,384.04,384.125,54094
2026-07-10 12:01:00,384.125,384.16,383.86,383.9104,46012
2026-07-10 12:02:00,383.93,384,383.84,383.97,31777
2026-07-10 12:03:00,383.945,384.08,383.945,384,23528
2026-07-10 12:04:00,384.005,384.01,383.81,383.895,24495
2026-07-10 12:05:00,383.91,383.95,383.72,383.7201,51648
2026-07-10 12:06:00,383.775,383.8499,383.64,383.645,16737
2026-07-10 12:07:00,383.64,383.83,383.6117,383.82,31018
2026-07-10 12:08:00,383.83,383.92,383.66,383.915,21366
2026-07-10 12:09:00,383.93,384.1062,383.93,384.08,27004
2026-07-10 12:10:00,384.1,384.1972,383.98,384.12,32116
2026-07-10 12:11:00,384.14,384.16,383.9575,384.105,15078
2026-07-10 12:12:00,384.105,384.15,383.88,384.085,18195
2026-07-10 12:13:00,384.09,384.37,384.01,384.365,31611
2026-07-10 12:14:00,384.37,384.45,384.3,384.41,37606
2026-07-10 12:15:00,384.34,384.89,384.34,384.6868,50190
2026-07-10 12:16:00,384.705,385.0699,384.67,384.74,49528
2026-07-10 12:17:00,384.6701,384.8,384.4555,384.56,19030
2026-07-10 12:18:00,384.56,384.65,384.426,384.44,19468
2026-07-10 12:19:00,384.4584,384.475,384.25,384.41,16855
2026-07-10 12:20:00,384.38,384.4,384.04,384.19,19882
2026-07-10 12:21:00,384.21,384.2303,384.04,384.065,11154
2026-07-10 12:22:00,384.04,384.33,384,384.29,19786
2026-07-10 12:23:00,384.27,384.54,384.126,384.49,17489
2026-07-10 12:24:00,384.49,384.7,384.44,384.49,22316
2026-07-10 12:25:00,384.48,384.61,384.33,384.59,21140
2026-07-10 12:26:00,384.59,384.69,384.47,384.48,21243
2026-07-10 12:27:00,384.44,384.52,384.375,384.49,17442
2026-07-10 12:28:00,384.49,384.66,384.4301,384.63,38384
2026-07-10 12:29:00,384.595,384.72,384.53,384.565,34389
2026-07-10 12:30:00,384.6,384.8599,384.6,384.82,17601
2026-07-10 12:31:00,384.8,385.14,384.8,384.9687,34611
2026-07-10 12:32:00,384.955,385.22,384.8834,385.205,21622
2026-07-10 12:33:00,385.2051,385.28,384.88,384.94,26451
2026-07-10 12:34:00,384.9492,385.07,384.8001,384.88,21578
2026-07-10 12:35:00,384.89,384.99,384.73,384.77,32849
2026-07-10 12:36:00,384.785,384.83,384.45,384.4827,18370
2026-07-10 12:37:00,384.47,384.5966,384.28,384.5,26607
2026-07-10 12:38:00,384.495,384.68,384.48,384.6318,12814
2026-07-10 12:39:00,384.615,384.71,384.44,384.5,13459
2026-07-10 12:40:00,384.455,384.61,384.38,384.53,35151
2026-07-10 12:41:00,384.54,384.7,384.44,384.44,22364
2026-07-10 12:42:00,384.48,384.52,384.3,384.48,13941
2026-07-10 12:43:00,384.49,384.78,384.46,384.74,17884
2026-07-10 12:44:00,384.74,384.86,384.69,384.815,24007
2026-07-10 12:45:00,384.82,384.8543,384.65,384.685,15733
2026-07-10 12:46:00,384.685,384.87,384.66,384.8534,18600
2026-07-10 12:47:00,384.85,384.9,384.78,384.83,15691
2026-07-10 12:48:00,384.83,385.18,384.83,385.115,19944
2026-07-10 12:49:00,385.09,385.09,384.96,385.035,17969
2026-07-10 12:50:00,385.03,385.15,384.995,385.065,18127
2026-07-10 12:51:00,385.08,385.3,385.06,385.275,24418
2026-07-10 12:52:00,385.27,385.37,385.01,385.06,20052
2026-07-10 12:53:00,385.0696,385.17,384.9001,385.135,48254
2026-07-10 12:54:00,385.12,385.36,385.07,385.305,19528
2026-07-10 12:55:00,385.33,385.58,385.33,385.54,28966
2026-07-10 12:56:00,385.55,385.5693,385.4301,385.46,13295
2026-07-10 12:57:00,385.46,385.72,385.46,385.72,40256
2026-07-10 12:58:00,385.72,385.74,385.57,385.635,22125
2026-07-10 12:59:00,385.635,385.7,385.54,385.675,28833
2026-07-10 13:00:00,385.675,385.73,385.3601,385.51,24299
2026-07-10 13:01:00,385.5343,385.5499,385.43,385.49,25672
2026-07-10 13:02:00,385.47,385.65,385.44,385.6,15848
2026-07-10 13:03:00,385.62,385.76,385.53,385.715,22000
2026-07-10 13:04:00,385.705,385.75,385.66,385.71,14210
2026-07-10 13:05:00,385.71,385.76,385.57,385.61,15309
2026-07-10 13:06:00,385.62,385.67,385.45,385.46,19817
2026-07-10 13:07:00,385.46,385.5199,385.38,385.445,18810
2026-07-10 13:08:00,385.43,385.4551,385.31,385.34,20642
2026-07-10 13:09:00,385.34,385.41,385.21,385.3299,18101
2026-07-10 13:10:00,385.3185,385.32,385.0211,385.04,19843
2026-07-10 13:11:00,385.035,385.14,384.94,385.025,19879
2026-07-10 13:12:00,385.025,385.36,384.99,385.1682,22610
2026-07-10 13:13:00,385.14,385.19,385.0001,385.17,10753
2026-07-10 13:14:00,385.135,385.34,385.1,385.27,17576
2026-07-10 13:15:00,385.27,385.34,385.14,385.315,12582
2026-07-10 13:16:00,385.315,385.34,385.21,385.295,13587
2026-07-10 13:17:00,385.28,385.28,385.1503,385.22,11236
2026-07-10 13:18:00,385.205,385.3,385.12,385.17,13115
2026-07-10 13:19:00,385.22,385.22,384.89,384.93,10399
2026-07-10 13:20:00,384.925,385,384.72,384.77,19106
2026-07-10 13:21:00,384.77,384.7999,384.5,384.565,41978
2026-07-10 13:22:00,384.56,384.6,384.4925,384.555,16408
2026-07-10 13:23:00,384.555,384.5897,384.42,384.515,13063
2026-07-10 13:24:00,384.54,384.58,384.5,384.515,19231
2026-07-10 13:25:00,384.51,384.55,384.42,384.48,21587
2026-07-10 13:26:00,384.48,384.5,384.2,384.2478,35746
2026-07-10 13:27:00,384.23,384.28,384.1,384.24,24191
2026-07-10 13:28:00,384.2799,384.38,384.24,384.3442,12871
2026-07-10 13:29:00,384.33,384.36,384.1483,384.15,13547
2026-07-10 13:30:00,384.15,384.24,384.0301,384.14,14437
2026-07-10 13:31:00,384.095,384.22,384.05,384.0877,19851
2026-07-10 13:32:00,384.105,384.37,384.08,384.26,28341
2026-07-10 13:33:00,384.29,384.39,384.22,384.28,23135
2026-07-10 13:34:00,384.3039,384.47,384.25,384.45,20704
2026-07-10 13:35:00,384.45,384.51,384.345,384.41,12968
2026-07-10 13:36:00,384.4,384.56,384.36,384.455,24165
2026-07-10 13:37:00,384.4773,384.6,384.43,384.535,11214
2026-07-10 13:38:00,384.515,384.56,383.96,384.16,34015
2026-07-10 13:39:00,384.13,384.18,384.05,384.0899,12229
2026-07-10 13:40:00,384.035,384.13,383.95,383.95,14572
2026-07-10 13:41:00,383.965,383.9948,383.55,383.6,37463
2026-07-10 13:42:00,383.6,383.6495,383.26,383.28,13336
2026-07-10 13:43:00,383.3,383.51,383.1226,383.35,23604
2026-07-10 13:44:00,383.38,383.43,383.1901,383.2493,9927
2026-07-10 13:45:00,383.225,383.39,383.17,383.365,12756
2026-07-10 13:46:00,383.365,383.5,383.31,383.43,12960
2026-07-10 13:47:00,383.43,383.49,383.35,383.4075,14599
2026-07-10 13:48:00,383.405,383.531,383.38,383.385,12461
2026-07-10 13:49:00,383.35,383.3906,383.2701,383.315,9250
2026-07-10 13:50:00,383.32,383.34,383.27,383.31,9721
2026-07-10 13:51:00,383.31,383.51,383.28,383.51,12862
2026-07-10 13:52:00,383.49,383.5761,383.455,383.53,11137
2026-07-10 13:53:00,383.53,383.58,383.49,383.56,9213
2026-07-10 13:54:00,383.555,383.8,383.555,383.675,16664
2026-07-10 13:55:00,383.67,383.68,383.52,383.565,10849
2026-07-10 13:56:00,383.5899,383.59,383.5001,383.5556,6404
2026-07-10 13:57:00,383.51,383.5889,383.48,383.545,11809
2026-07-10 13:58:00,383.545,383.67,383.5,383.53,13503
2026-07-10 13:59:00,383.53,383.61,383.47,383.505,10696
2026-07-10 14:00:00,383.51,383.61,383.48,383.54,15255
2026-07-10 14:01:00,383.545,383.62,383.43,383.6,12325
2026-07-10 14:02:00,383.58,383.78,383.58,383.64,16708
2026-07-10 14:03:00,383.625,383.74,383.59,383.6501,11383
2026-07-10 14:04:00,383.66,383.73,383.63,383.72,25899
2026-07-10 14:05:00,383.715,383.9,383.63,383.89,27486
2026-07-10 14:06:00,383.9146,383.96,383.8101,383.94,15929
2026-07-10 14:07:00,383.95,383.9699,383.83,383.875,9246
2026-07-10 14:08:00,383.875,384.1,383.875,383.97,37825
2026-07-10 14:09:00,383.96,384.08,383.96,383.98,22746
2026-07-10 14:10:00,383.9938,384.18,383.81,383.85,27240
2026-07-10 14:11:00,383.875,384,383.8,383.85,19264
2026-07-10 14:12:00,383.84,384.03,383.75,384,21261
2026-07-10 14:13:00,384,384.05,383.94,383.96,17215
2026-07-10 14:14:00,383.96,383.99,383.8325,383.84,14489
2026-07-10 14:15:00,383.84,384.09,383.77,383.97,27667
2026-07-10 14:16:00,383.96,383.96,383.81,383.885,13826
2026-07-10 14:17:00,383.9099,383.92,383.78,383.78,9380
2026-07-10 14:18:00,383.78,383.92,383.7,383.9001,13297
2026-07-10 14:19:00,383.92,383.9565,383.82,383.89,32772
2026-07-10 14:20:00,383.93,384.06,383.87,384.0481,18681
2026-07-10 14:21:00,384.03,384.11,383.98,384.11,14278
2026-07-10 14:22:00,384.095,384.21,384.061,384.14,13184
2026-07-10 14:23:00,384.12,384.27,384.07,384.27,23981
2026-07-10 14:24:00,384.28,384.44,384.28,384.42,21210
2026-07-10 14:25:00,384.41,384.88,384.41,384.75,74819
2026-07-10 14:26:00,384.71,384.87,384.71,384.82,20493
2026-07-10 14:27:00,384.845,385.19,384.82,385.146,47652
2026-07-10 14:28:00,385.17,385.1859,384.98,385.15,17542
2026-07-10 14:29:00,385.1365,385.15,385.01,385.06,24931
2026-07-10 14:30:00,385.03,385.2,384.98,385.19,18604
2026-07-10 14:31:00,385.19,385.45,385.14,385.43,30498
2026-07-10 14:32:00,385.43,385.61,385.3701,385.53,25952
2026-07-10 14:33:00,385.52,385.56,385.46,385.49,25437
2026-07-10 14:34:00,385.505,385.52,385.2601,385.3351,20509
2026-07-10 14:35:00,385.335,385.36,385.24,385.3041,14246
2026-07-10 14:36:00,385.3,385.31,385.16,385.18,10773
2026-07-10 14:37:00,385.2001,385.31,385.1917,385.24,12347
2026-07-10 14:38:00,385.23,385.4495,385.23,385.43,22784
2026-07-10 14:39:00,385.43,385.4699,385.32,385.35,13347
2026-07-10 14:40:00,385.3201,385.3704,385.2801,385.335,10791
2026-07-10 14:41:00,385.35,385.44,385.235,385.275,17390
2026-07-10 14:42:00,385.275,385.4,385.2001,385.37,19795
2026-07-10 14:43:00,385.4,385.56,385.4,385.465,15454
2026-07-10 14:44:00,385.465,385.5,385.4,385.47,11844
2026-07-10 14:45:00,385.44,385.45,385.24,385.28,22819
2026-07-10 14:46:00,385.275,385.45,385.24,385.435,15423
2026-07-10 14:47:00,385.42,385.45,385.2401,385.3,17271
2026-07-10 14:48:00,385.3,385.44,385.25,385.3,14787
2026-07-10 14:49:00,385.32,385.32,385.175,385.19,16901
2026-07-10 14:50:00,385.16,385.17,384.9,384.91,26810
2026-07-10 14:51:00,384.92,384.99,384.8301,384.98,19404
2026-07-10 14:52:00,384.965,385.035,384.88,384.885,16282
2026-07-10 14:53:00,384.85,384.96,384.8113,384.86,23909
2026-07-10 14:54:00,384.81,384.97,384.81,384.945,16533
2026-07-10 14:55:00,384.945,384.9699,384.775,384.89,9745
2026-07-10 14:56:00,384.89,385.16,384.89,385.16,23595
2026-07-10 14:57:00,385.1401,385.19,385.11,385.13,14056
2026-07-10 14:58:00,385.14,385.1438,385.03,385.06,9452
2026-07-10 14:59:00,385.06,385.06,384.91,384.98,21756
2026-07-10 15:00:00,384.98,385.0199,384.87,384.925,15077
2026-07-10 15:01:00,384.925,385.21,384.925,385.125,22436
2026-07-10 15:02:00,385.1218,385.15,385.06,385.15,12537
2026-07-10 15:03:00,385.15,385.29,385.14,385.26,20290
2026-07-10 15:04:00,385.255,385.29,385.13,385.23,17547
2026-07-10 15:05:00,385.23,385.37,385.13,385.355,33016
2026-07-10 15:06:00,385.3405,385.43,385.3,385.35,23509
2026-07-10 15:07:00,385.36,385.39,385.28,385.2925,15059
2026-07-10 15:08:00,385.28,385.41,385.2735,385.34,17625
2026-07-10 15:09:00,385.3261,385.57,385.32,385.51,22089
2026-07-10 15:10:00,385.51,385.64,385.4852,385.5425,17236
2026-07-10 15:11:00,385.55,385.58,385.43,385.5,20083
2026-07-10 15:12:00,385.505,385.56,385.4001,385.4325,43046
2026-07-10 15:13:00,385.41,385.49,385.3101,385.44,17721
2026-07-10 15:14:00,385.435,385.45,385.345,385.3799,13063
2026-07-10 15:15:00,385.365,385.53,385.23,385.245,49809
2026-07-10 15:16:00,385.245,385.43,385.19,385.265,50862
2026-07-10 15:17:00,385.26,385.43,385.19,385.43,36530
2026-07-10 15:18:00,385.415,385.43,385.2648,385.41,35214
2026-07-10 15:19:00,385.41,385.43,385.335,385.341,9489
2026-07-10 15:20:00,385.3401,385.37,385.2002,385.27,25728
2026-07-10 15:21:00,385.27,385.35,385.27,385.315,29716
2026-07-10 15:22:00,385.325,385.36,385.25,385.28,25354
2026-07-10 15:23:00,385.25,385.31,385.2,385.225,18771
2026-07-10 15:24:00,385.225,385.29,385.1,385.145,20251
2026-07-10 15:25:00,385.1101,385.29,385.05,385.0652,31843
2026-07-10 15:26:00,385.07,385.22,385.07,385.155,18365
2026-07-10 15:27:00,385.17,385.3,385.14,385.28,24752
2026-07-10 15:28:00,385.275,385.3,385.2,385.24,19993
2026-07-10 15:29:00,385.23,385.249,385.09,385.12,21491
2026-07-10 15:30:00,385.1015,385.16,384.92,384.965,37887
2026-07-10 15:31:00,385,385.01,384.9,384.9,16857
2026-07-10 15:32:00,384.92,385.08,384.89,384.99,23280
2026-07-10 15:33:00,384.97,384.975,384.86,384.91,16837
2026-07-10 15:34:00,384.91,385.11,384.8801,385.075,20824
2026-07-10 15:35:00,385.09,385.14,384.98,385.05,23395
2026-07-10 15:36:00,385.05,385.13,385,385.085,32326
2026-07-10 15:37:00,385.08,385.35,385.02,385.32,27086
2026-07-10 15:38:00,385.325,385.34,385.13,385.18,25125
2026-07-10 15:39:00,385.16,385.26,385.16,385.165,22984
2026-07-10 15:40:00,385.165,385.1999,384.965,384.995,20356
2026-07-10 15:41:00,384.97,385.01,384.84,384.95,27046
2026-07-10 15:42:00,384.96,384.97,384.87,384.87,32399
2026-07-10 15:43:00,384.89,384.9298,384.78,384.92,35899
2026-07-10 15:44:00,384.93,385.01,384.86,384.88,29256
2026-07-10 15:45:00,384.86,385.12,384.785,385.12,30445
2026-07-10 15:46:00,385.09,385.267,385.09,385.205,33011
2026-07-10 15:47:00,385.21,385.26,385.06,385.1,18860
2026-07-10 15:48:00,385.08,385.19,384.945,385.145,25636
2026-07-10 15:49:00,385.14,385.14,384.9,384.98,27964
2026-07-10 15:50:00,384.99,385.22,384.98,385.0996,42515
2026-07-10 15:51:00,385.1,385.21,385.02,385.195,45170
2026-07-10 15:52:00,385.21,385.3,385.18,385.27,48468
2026-07-10 15:53:00,385.25,385.51,385.195,385.26,65426
2026-07-10 15:54:00,385.274,385.45,385,385.105,78994
2026-07-10 15:55:00,385.14,385.49,385.1,385.355,74637
2026-07-10 15:56:00,385.38,385.71,385.37,385.63,98552
2026-07-10 15:57:00,385.63,385.63,385.52,385.57,74753
2026-07-10 15:58:00,385.57,385.57,384.92,384.94,195527
2026-07-10 15:59:00,384.93,385.13,384.78,385.09,261971
2026-07-10 16:00:00,385.1,385.35,385.1,385.34,4278046
2026-07-10 16:01:00,385.34,385.35,385,385.35,5417
2026-07-10 16:02:00,385.5,385.5,385.25,385.4,1736
2026-07-10 16:03:00,385.37,385.41,385.3,385.3,882
2026-07-10 16:04:00,385.25,385.3358,385.25,385.3358,950
2026-07-10 16:05:00,385.25,385.3,385.1,385.1,2519
2026-07-10 16:06:00,385.1,385.1,385.1,385.1,78
2026-07-10 16:07:00,384.8,385.0012,384.8,385.0012,370
2026-07-10 16:08:00,385,385.1,385,385.05,1349
2026-07-10 16:09:00,385.08,385.1,385.05,385.05,843
2026-07-10 16:10:00,385.1115,385.18,385.1,385.1,881
2026-07-10 16:11:00,385.2499,385.41,385.2499,385.41,1543
2026-07-10 16:12:00,385.25,385.32,385.25,385.3,356
2026-07-10 16:13:00,385.4,385.4,385.2,385.2986,1128
2026-07-10 16:14:00,385.2169,385.2169,385.2,385.2,212
2026-07-10 16:15:00,385.3,385.47,385.2767,385.47,449
2026-07-10 16:16:00,385.47,385.5,385.3108,385.3455,776
2026-07-10 16:17:00,385.62,385.62,385.3022,385.3022,1347
2026-07-10 16:18:00,385.59,385.59,385.59,385.59,400
2026-07-10 16:19:00,385.5293,385.5293,385.5198,385.5198,348
2026-07-10 16:20:00,385.4,385.45,385.21,385.36,903
2026-07-10 16:21:00,385.374,385.374,385.374,385.374,50
2026-07-10 16:22:00,385.35,385.38,385.34,385.34,352
2026-07-10 16:23:00,385.358,385.5,385.358,385.5,384
2026-07-10 16:24:00,385.481,385.5,385.29,385.29,1119
2026-07-10 16:26:00,385.29,385.29,385.18,385.18,525
2026-07-10 16:28:00,385.2342,385.28,385.2342,385.28,281
2026-07-10 16:29:00,385.12,385.2,384.96,384.96,1958
2026-07-10 16:30:00,385.1,385.17,385.06,385.06,176
2026-07-10 16:31:00,385.14,385.2,384.95,384.95,1159
2026-07-10 16:32:00,385.14,385.2,385.01,385.1,495
2026-07-10 16:33:00,385.19,385.2,385.19,385.2,3144
2026-07-10 16:34:00,385.2,385.29,385.1,385.1,41990
2026-07-10 16:35:00,385.22,385.2538,385.22,385.2538,175
2026-07-10 16:36:00,385.2899,385.29,385.2899,385.29,140
2026-07-10 16:37:00,385.2076,385.2076,385.2076,385.2076,50
2026-07-10 16:38:00,385.27,385.29,385.24,385.24,646
2026-07-10 16:39:00,385.2841,385.2841,385.21,385.21,1246
2026-07-10 16:40:00,385.1247,385.24,385.1247,385.24,444
2026-07-10 16:41:00,385.2829,385.2829,385.19,385.19,177
2026-07-10 16:42:00,385.29,385.29,385.2812,385.2812,170
2026-07-10 16:43:00,385.2895,385.29,385.2,385.29,294
2026-07-10 16:44:00,385.1247,385.2757,385.1247,385.1394,290
2026-07-10 16:45:00,385.1302,385.1799,385.1302,385.1799,455
2026-07-10 16:46:00,385.28,385.28,385.28,385.28,48
2026-07-10 16:47:00,385.25,385.25,385.1805,385.21,277
2026-07-10 16:48:00,385.17,385.17,385.1,385.1,592
2026-07-10 16:49:00,385.2884,385.2884,385.1,385.1,160
2026-07-10 16:51:00,385.17,385.17,385.17,385.17,84
2026-07-10 16:52:00,385.29,385.29,385.28,385.28,185
2026-07-10 16:53:00,385.29,385.29,385.1749,385.1749,372
2026-07-10 16:54:00,385.21,385.29,385.21,385.29,273
2026-07-10 16:55:00,385.29,385.4,385.18,385.18,276
2026-07-10 16:56:00,385.49,385.49,385.4,385.4,133
2026-07-10 16:57:00,385.5,385.57,385.5,385.52,1308
2026-07-10 16:58:00,385.57,385.66,385.55,385.66,962
2026-07-10 16:59:00,385.68,385.82,385.68,385.82,201
2026-07-10 17:00:00,385.82,385.82,385.5,385.7899,1392
2026-07-10 17:01:00,385.7519,385.7519,385.51,385.7349,405
2026-07-10 17:02:00,385.6,385.6,385.5,385.52,370
2026-07-10 17:03:00,385.5,385.5,385.5,385.5,50
2026-07-10 17:04:00,385.454,385.454,385.454,385.454,50
2026-07-10 17:05:00,385.62,385.64,385.62,385.64,100
2026-07-10 17:06:00,385.6385,385.64,385.5999,385.64,490
2026-07-10 17:07:00,385.6,385.6,385.57,385.57,283
2026-07-10 17:08:00,385.57,385.57,385.55,385.55,326
2026-07-10 17:09:00,385.64,385.64,385.415,385.415,6452
2026-07-10 17:10:00,385.5396,385.5396,385.5396,385.5396,50
2026-07-10 17:11:00,385.46,385.4853,385.413,385.413,698
2026-07-10 17:13:00,385.427,385.45,385.427,385.45,184
2026-07-10 17:14:00,385.6153,385.6153,385.6153,385.6153,50
2026-07-10 17:15:00,385.6,385.64,385.5,385.5,2097
2026-07-10 17:17:00,385.64,385.64,385.64,385.64,53
2026-07-10 17:19:00,385.5,385.5,385.5,385.5,500
2026-07-10 17:20:00,385.48,385.5,385.3,385.3,2676
2026-07-10 17:21:00,385.39,385.4,385.3475,385.3988,6763
2026-07-10 17:22:00,385.4,385.4,385.313,385.3301,553
2026-07-10 17:23:00,385.3163,385.3163,385.3,385.3,640
2026-07-10 17:24:00,385.28,385.28,385.17,385.17,1804
2026-07-10 17:25:00,385.08,385.08,384.92,385.05,5040
2026-07-10 17:26:00,384.8,384.8,384.8,384.8,400
2026-07-10 17:28:00,384.8,385.14,384.8,385.14,200
2026-07-10 17:29:00,385.14,385.14,384.8,384.8,165
2026-07-10 17:30:00,384.81,384.81,384.81,384.81,350
2026-07-10 17:31:00,384.9714,385,384.9714,385,250
2026-07-10 17:32:00,385,385,385,385,550
2026-07-10 17:33:00,385,385,385,385,50
2026-07-10 17:34:00,385.12,385.12,385.11,385.11,99
2026-07-10 17:35:00,385.18,385.18,385.12,385.12,543
2026-07-10 17:36:00,385.2,385.2,385.2,385.2,350
2026-07-10 17:40:00,385.1985,385.1985,385.1985,385.1985,79
2026-07-10 17:41:00,385.2,385.2,385.2,385.2,191
2026-07-10 17:43:00,385.1066,385.1066,385.1066,385.1066,200
2026-07-10 17:44:00,385.1061,385.15,385.1061,385.15,125
2026-07-10 17:45:00,385.18,385.27,385.18,385.27,161
2026-07-10 17:46:00,385.27,385.3,385.193,385.3,276
2026-07-10 17:47:00,385.2894,385.2894,385.25,385.25,100
2026-07-10 17:49:00,385.2499,385.2499,385.2499,385.2499,100
2026-07-10 17:50:00,385.2065,385.2065,385.2,385.2,191
2026-07-10 17:51:00,385.2,385.2,385.2,385.2,190
2026-07-10 17:52:00,385.19,385.29,385.19,385.29,631
2026-07-10 17:53:00,385.29,385.29,385.29,385.29,462
2026-07-10 17:54:00,385.3,385.3,385.3,385.3,103
2026-07-10 17:56:00,385.21,385.21,385.21,385.21,90
2026-07-10 17:57:00,385.2797,385.2797,385.2797,385.2797,90
2026-07-10 17:58:00,385.26,385.26,385.26,385.26,53
2026-07-10 18:02:00,385.218,385.218,385.218,385.218,50
2026-07-10 18:04:00,385.25,385.25,385.25,385.25,120
2026-07-10 18:05:00,385.23,385.23,385.23,385.23,125
2026-07-10 18:06:00,385.2231,385.2231,385.2,385.2101,336
2026-07-10 18:07:00,385.23,385.25,385.23,385.25,140
2026-07-10 18:09:00,385.23,385.23,385.21,385.21,260
2026-07-10 18:10:00,385.2,385.2,385.2,385.2,1650
2026-07-10 18:11:00,385.25,385.25,385.25,385.25,410
2026-07-10 18:15:00,385.15,385.16,385.15,385.16,189
2026-07-10 18:17:00,385.14,385.14,385.14,385.14,140
2026-07-10 18:19:00,385.101,385.11,385.101,385.11,180
2026-07-10 18:20:00,385.11,385.11,385.11,385.11,45
2026-07-10 18:21:00,385.13,385.13,385.13,385.13,135
2026-07-10 18:24:00,385.1304,385.2,385.13,385.2,863
2026-07-10 18:27:00,385.14,385.2,385.14,385.2,785
2026-07-10 18:28:00,385.1407,385.1407,385.1407,385.1407,260
2026-07-10 18:29:00,385.14,385.25,385.14,385.25,1122
2026-07-10 18:30:00,385.2496,385.2496,385.2496,385.2496,100
2026-07-10 18:31:00,385.16,385.16,385.16,385.16,120
2026-07-10 18:33:00,385.15,385.15,385.15,385.15,100
2026-07-10 18:37:00,385.1662,385.17,385.1662,385.17,447
2026-07-10 18:38:00,385.17,385.25,385.17,385.25,200
2026-07-10 18:39:00,385.25,385.25,385.25,385.25,104
2026-07-10 18:42:00,385.25,385.25,385.2,385.2,130
2026-07-10 18:44:00,385.1722,385.2,385.1722,385.2,242
2026-07-10 18:45:00,385.25,385.25,385.25,385.25,57
2026-07-10 18:46:00,385.25,385.25,385.25,385.25,250
2026-07-10 18:47:00,385.2065,385.2065,385.2065,385.2065,500
2026-07-10 18:48:00,385.25,385.25,385.25,385.25,112
2026-07-10 18:49:00,385.22,385.22,385.22,385.22,80
2026-07-10 18:50:00,385.2,385.2,385.2,385.2,40
2026-07-10 18:51:00,385.2065,385.3,385.2065,385.25,538
2026-07-10 18:52:00,385.28,385.29,385.201,385.29,1402
2026-07-10 18:53:00,385.3,385.35,385.3,385.35,312
2026-07-10 18:54:00,385.3,385.3,385.3,385.3,98
2026-07-10 18:55:00,385.2878,385.2878,385.2878,385.2878,50
2026-07-10 18:56:00,385.28,385.28,385.28,385.28,100
2026-07-10 18:57:00,385.2819,385.2819,385.28,385.28,354
2026-07-10 18:58:00,385.28,385.28,385.28,385.28,662
2026-07-10 18:59:00,385.28,385.28,385.28,385.28,73
2026-07-10 19:00:00,385.28,385.28,385.28,385.28,309
2026-07-10 19:01:00,385.3705,385.3705,385.3705,385.3705,65
2026-07-10 19:03:00,385.2913,385.2913,385.2913,385.2913,150
2026-07-10 19:04:00,385.3,385.3,385.3,385.3,49
2026-07-10 19:05:00,385.4,385.4,385.4,385.4,500
2026-07-10 19:06:00,385.44,385.44,385.44,385.44,54
2026-07-10 19:08:00,385.35,385.35,385.35,385.35,300
2026-07-10 19:09:00,385.3,385.3,385.3,385.3,50
2026-07-10 19:10:00,385.3464,385.3464,385.3464,385.3464,50
2026-07-10 19:11:00,385.35,385.3995,385.35,385.3995,679
2026-07-10 19:12:00,385.28,385.28,385.28,385.28,50
2026-07-10 19:13:00,385.3008,385.3008,385.3008,385.3008,50
2026-07-10 19:14:00,385.4,385.4,385.4,385.4,137
2026-07-10 19:16:00,385.3009,385.3009,385.3009,385.3009,99
2026-07-10 19:20:00,385.2974,385.3,385.28,385.3,1026
2026-07-10 19:21:00,385.2987,385.2987,385.25,385.25,211
2026-07-10 19:23:00,385.25,385.2913,385.25,385.2913,277
2026-07-10 19:24:00,385.2946,385.2946,385.2565,385.2565,132
2026-07-10 19:25:00,385.2935,385.2935,385.2935,385.2935,40
2026-07-10 19:26:00,385.2519,385.2519,385.25,385.25,212
2026-07-10 19:27:00,385.25,385.25,385.25,385.25,40
2026-07-10 19:28:00,385.2501,385.2501,385.2501,385.2501,1000
2026-07-10 19:29:00,385.2514,385.29,385.2514,385.28,360
2026-07-10 19:30:00,385.28,385.28,385.1682,385.1682,1141
2026-07-10 19:32:00,385.1712,385.1712,385.15,385.15,907
2026-07-10 19:33:00,385.2894,385.2894,385.2894,385.2894,100
2026-07-10 19:35:00,385.17,385.1999,385.17,385.1999,181
2026-07-10 19:36:00,385.17,385.17,385.17,385.17,250
2026-07-10 19:37:00,385.26,385.26,385.26,385.26,200
2026-07-10 19:38:00,385.21,385.21,385.21,385.21,240
2026-07-10 19:39:00,385.2,385.3999,385.2,385.2101,439
2026-07-10 19:40:00,385.25,385.25,385.25,385.25,70
2026-07-10 19:41:00,385.3276,385.3276,385.3276,385.3276,50
2026-07-10 19:42:00,385.3851,385.4,385.3851,385.4,150
2026-07-10 19:44:00,385.37,385.4,385.35,385.35,880
2026-07-10 19:45:00,385.3367,385.387,385.3367,385.387,240
2026-07-10 19:46:00,385.3,385.35,385.3,385.3,384
2026-07-10 19:47:00,385.3,385.3,385.3,385.3,200
2026-07-10 19:48:00,385.3,385.3,385.3,385.3,460
2026-07-10 19:49:00,385.25,385.29,385.15,385.29,1244
2026-07-10 19:50:00,385.29,385.29,385.29,385.29,500
2026-07-10 19:52:00,385.29,385.29,385.15,385.25,458
2026-07-10 19:53:00,385.2895,385.2895,385.1869,385.274,449
2026-07-10 19:54:00,385.2831,385.3,385.2,385.3,284
2026-07-10 19:55:00,385.39,385.39,385.39,385.39,500
2026-07-10 19:56:00,385.38,385.38,385.3627,385.3627,149
2026-07-10 19:58:00,385.25,385.2532,385.25,385.2532,100
2026-07-10 19:59:00,385.31,385.38,385.31,385.38,349
2026-07-13 04:00:00,387.1,387.5239,384.5556,387.01,19837
2026-07-13 04:01:00,387.01,387.43,384.59,386.37,24998
2026-07-13 04:02:00,386.47,387.5,385.4,387.21,32447
2026-07-13 04:03:00,387.09,387.87,387.09,387.87,2820
2026-07-13 04:04:00,387.91,388.17,387.86,388.08,1484
2026-07-13 04:05:00,388.06,388.49,388.04,388.49,1566
2026-07-13 04:06:00,388.57,388.99,388.53,388.99,1156
2026-07-13 04:07:00,389,389,388.7,388.71,1681
2026-07-13 04:08:00,385.85,388.71,385.46,388.7,843
2026-07-13 04:09:00,388.59,388.71,388.5,388.71,1334
2026-07-13 04:11:00,388.5116,388.59,388.4333,388.4333,486
2026-07-13 04:12:00,388.61,388.76,388.59,388.67,861
2026-07-13 04:13:00,388.6076,388.62,388.6,388.62,684
2026-07-13 04:14:00,388.62,388.74,388.62,388.74,245
2026-07-13 04:15:00,388.65,388.7,388.6,388.6,1199
2026-07-13 04:16:00,388.4,388.4,388.3,388.3,177
2026-07-13 04:17:00,388.28,388.39,388.24,388.24,489
2026-07-13 04:18:00,388.06,388.06,388.06,388.06,130
2026-07-13 04:19:00,388.04,388.1412,388,388.1,1673
2026-07-13 04:20:00,387.8,387.98,387.7877,387.98,496
2026-07-13 04:21:00,387.93,387.93,387.93,387.93,191
2026-07-13 04:22:00,387.8,387.85,387.8,387.85,146
2026-07-13 04:23:00,387.84,387.9,387.84,387.9,520
2026-07-13 04:24:00,387.95,387.95,387.95,387.95,500
2026-07-13 04:25:00,387.85,387.85,387.78,387.78,245
2026-07-13 04:26:00,387.64,387.65,387.64,387.65,114
2026-07-13 04:27:00,387.65,387.7,387.64,387.7,684
2026-07-13 04:28:00,387.67,387.67,387.53,387.6087,199
2026-07-13 04:29:00,387.62,387.63,387.59,387.6,420
2026-07-13 04:30:00,387.64,387.79,387.64,387.79,523
2026-07-13 04:31:00,387.7,387.97,387.7,387.97,403
2026-07-13 04:32:00,387.97,387.97,387.97,387.97,100
2026-07-13 04:33:00,387.97,387.99,387.8,387.8,471
2026-07-13 04:35:00,388,388,387.9,387.93,365
2026-07-13 04:36:00,387.94,387.94,387.92,387.92,110
2026-07-13 04:37:00,387.91,387.91,387.91,387.91,80
2026-07-13 04:38:00,387.61,387.76,387.5,387.76,932
2026-07-13 04:40:00,387.77,387.77,387.41,387.41,149
2026-07-13 04:41:00,387.6616,387.6616,387.6616,387.6616,77
2026-07-13 04:42:00,387.62,387.82,387.62,387.7,868
2026-07-13 04:43:00,387.45,387.45,387.3,387.3,470
2026-07-13 04:44:00,387.08,387.08,387.05,387.07,183
2026-07-13 04:45:00,387.3,387.3,387.3,387.3,410
2026-07-13 04:46:00,387.1,387.15,387,387.15,840
2026-07-13 04:47:00,387.02,387.02,387.02,387.02,40
2026-07-13 04:48:00,387.12,387.12,387.05,387.05,98
2026-07-13 04:51:00,387.06,387.09,387.01,387.05,220
2026-07-13 04:52:00,387.05,387.1,387.05,387.1,413
2026-07-13 04:53:00,387.1,387.1,386.9886,386.9886,690
2026-07-13 04:54:00,386.92,386.92,386.66,386.66,381
2026-07-13 04:55:00,386.66,386.72,386.5721,386.72,219
2026-07-13 04:56:00,387.09,387.09,386.96,386.96,100
2026-07-13 04:57:00,387.1615,387.1615,386.76,386.76,1482
2026-07-13 04:58:00,387.1587,387.1587,387.1587,387.1587,56
2026-07-13 04:59:00,387,387,387,387,184
2026-07-13 05:00:00,387.1,387.13,387.1,387.13,82
2026-07-13 05:01:00,387.16,387.16,387.15,387.15,100
2026-07-13 05:04:00,387.1,387.11,387.06,387.06,171
2026-07-13 05:05:00,387.11,387.73,387.07,387.73,1021
2026-07-13 05:06:00,387.21,387.52,387.21,387.52,195
2026-07-13 05:07:00,387.52,387.7,387.44,387.7,420
2026-07-13 05:09:00,387.7254,387.7254,387.5,387.5,231
2026-07-13 05:13:00,387.52,387.52,387.52,387.52,150
2026-07-13 05:14:00,387.67,387.67,387.52,387.52,204
2026-07-13 05:15:00,387.8,387.8,387.8,387.8,100
2026-07-13 05:16:00,387.63,387.63,387.5535,387.5535,115
2026-07-13 05:17:00,387.47,387.51,387.46,387.51,305
2026-07-13 05:18:00,387.2,387.21,387.11,387.11,381
2026-07-13 05:21:00,387.03,387.03,387.03,387.03,100
2026-07-13 05:22:00,387.22,387.22,387.22,387.22,50
2026-07-13 05:25:00,387.23,387.23,387.2,387.21,548
2026-07-13 05:26:00,387.19,387.21,387.19,387.21,200
2026-07-13 05:27:00,387.21,387.3,387.21,387.3,472
2026-07-13 05:28:00,387.34,387.39,387.34,387.39,150
2026-07-13 05:29:00,387.37,387.37,387.37,387.37,55
2026-07-13 05:30:00,387.39,387.4,387.39,387.4,210
2026-07-13 05:31:00,387.36,387.36,387.36,387.36,60
2026-07-13 05:32:00,387.48,387.59,387.48,387.5,892
2026-07-13 05:33:00,387.5,387.5,387.3947,387.3947,505
2026-07-13 05:34:00,387.42,387.42,387.42,387.42,200
2026-07-13 05:35:00,387.49,387.49,387.4803,387.4803,90
2026-07-13 05:36:00,387.42,387.42,387.4,387.42,210
2026-07-13 05:37:00,387.42,387.43,387.42,387.43,89
2026-07-13 05:38:00,387.34,387.34,387.19,387.19,1313
2026-07-13 05:39:00,386.91,386.91,386.91,386.91,53
2026-07-13 05:40:00,387.0609,387.0609,387.0609,387.0609,51
2026-07-13 05:41:00,386.97,386.97,386.9143,386.97,201
2026-07-13 05:42:00,386.9,386.9001,386.9,386.9,284
2026-07-13 05:43:00,386.7101,386.7101,386.7101,386.7101,276
2026-07-13 05:44:00,386.96,386.96,386.96,386.96,50
2026-07-13 05:46:00,386.95,386.95,386.9,386.9,305
2026-07-13 05:47:00,386.69,386.69,386.69,386.69,100
2026-07-13 05:48:00,386.8,387.36,386.8,387.36,723
2026-07-13 05:49:00,387.41,387.47,387.41,387.47,98
2026-07-13 05:51:00,387.2,387.3,387.2,387.22,261
2026-07-13 05:54:00,387.59,387.59,387.59,387.59,118
2026-07-13 05:55:00,387.6,387.6,387.6,387.6,468
2026-07-13 05:56:00,387.69,387.69,387.69,387.69,254
2026-07-13 05:58:00,387.68,387.68,387.68,387.68,77
2026-07-13 06:00:00,387.48,387.48,387.44,387.44,179
2026-07-13 06:01:00,387.6,387.6,387.3,387.3,3139
2026-07-13 06:02:00,387.2,387.2,387.19,387.19,576
2026-07-13 06:05:00,387.2,387.2,387.2,387.2,87
2026-07-13 06:06:00,387.21,387.4,387.21,387.35,626
2026-07-13 06:08:00,387.39,387.39,387.38,387.38,179
2026-07-13 06:09:00,387.38,387.38,387.38,387.38,50
2026-07-13 06:10:00,387.48,387.48,387.35,387.35,100
2026-07-13 06:11:00,387.47,387.5,387.47,387.5,80
2026-07-13 06:12:00,387.5,387.6,387.5,387.6,495
2026-07-13 06:13:00,387.7,387.88,387.7,387.88,662
2026-07-13 06:14:00,387.88,387.88,387.85,387.85,470
2026-07-13 06:15:00,387.896,387.896,387.896,387.896,75
2026-07-13 06:17:00,387.83,387.83,387.83,387.83,100
2026-07-13 06:18:00,387.9,387.9,387.87,387.87,171
2026-07-13 06:21:00,387.99,387.99,387.99,387.99,100
2026-07-13 06:22:00,387.9,387.9,387.9,387.9,474
2026-07-13 06:24:00,387.88,387.96,387.88,387.96,143
2026-07-13 06:26:00,387.94,387.94,387.94,387.94,50
2026-07-13 06:27:00,388,388,388,388,545
2026-07-13 06:28:00,388,388.08,388,388.08,250
2026-07-13 06:29:00,388.08,388.08,388.0042,388.0042,124
2026-07-13 06:30:00,388.02,388.02,387.95,387.95,1955
2026-07-13 06:31:00,387.97,388.02,387.97,388.02,144
2026-07-13 06:32:00,387.98,387.98,387.98,387.98,47
2026-07-13 06:33:00,387.96,387.96,387.96,387.96,100
2026-07-13 06:34:00,387.9,387.9124,387.9,387.9,710
2026-07-13 06:35:00,387.9,387.9,387.9,387.9,40
2026-07-13 06:36:00,387.9,387.9,387.9,387.9,212
2026-07-13 06:37:00,387.91,387.91,387.91,387.91,46
2026-07-13 06:39:00,387.9,387.9,387.9,387.9,101
2026-07-13 06:40:00,387.8791,387.8791,387.8004,387.8004,449
2026-07-13 06:41:00,387.81,387.81,387.81,387.81,43
2026-07-13 06:43:00,387.81,387.9,387.7104,387.9,895
2026-07-13 06:44:00,387.9,387.99,387.9,387.99,193
2026-07-13 06:46:00,388,388.02,388,388.02,641
2026-07-13 06:47:00,387.82,387.82,387.82,387.82,467
2026-07-13 06:49:00,387.84,387.84,387.74,387.8,777
2026-07-13 06:51:00,387.73,387.73,387.69,387.69,553
2026-07-13 06:58:00,387.69,387.83,387.69,387.83,290
2026-07-13 06:59:00,387.74,387.74,387.71,387.71,150
2026-07-13 07:00:00,387.47,387.86,387.22,387.32,3175
2026-07-13 07:01:00,387.3,387.3,386.9,386.92,2308
2026-07-13 07:02:00,386.8,387.1,386.6278,387.1,4434
2026-07-13 07:03:00,387.14,387.14,386.43,386.9094,3652
2026-07-13 07:04:00,386.51,387.14,386.51,387,1346
2026-07-13 07:05:00,386.61,386.99,386.61,386.99,1209
2026-07-13 07:06:00,386.98,386.98,386.43,386.43,1156
2026-07-13 07:07:00,386.35,386.9024,386.27,386.9024,1592
2026-07-13 07:08:00,386.69,386.95,386.55,386.89,1268
2026-07-13 07:09:00,386.8,386.8,386.6009,386.75,1049
2026-07-13 07:10:00,386.55,386.5944,386.55,386.5944,354
2026-07-13 07:11:00,386.78,386.98,386.72,386.98,1248
2026-07-13 07:12:00,386.98,386.98,386.8068,386.8068,245
2026-07-13 07:13:00,387,387.15,387,387.15,174
2026-07-13 07:14:00,387.12,387.17,386.91,386.91,624
2026-07-13 07:15:00,386.92,387.01,386.92,387,384
2026-07-13 07:16:00,387,387.1505,387,387.1322,238
2026-07-13 07:17:00,387,387,386.95,386.99,208
2026-07-13 07:18:00,387,387,386.75,386.75,1283
2026-07-13 07:19:00,386.75,387.04,386.75,387.01,1989
2026-07-13 07:20:00,387.01,387.18,386.8028,387.12,2002
2026-07-13 07:21:00,387.18,387.3,387.08,387.3,827
2026-07-13 07:22:00,387.3,387.48,387.2,387.2,1038
2026-07-13 07:23:00,387.19,387.2,387,387.0012,494
2026-07-13 07:24:00,386.88,386.88,386.88,386.88,100
2026-07-13 07:25:00,386.92,387.16,386.92,386.939,531
2026-07-13 07:26:00,386.93,387.01,386.88,386.88,398
2026-07-13 07:27:00,386.84,386.9,386.82,386.82,387
2026-07-13 07:28:00,386.81,386.8931,386.7532,386.81,400
2026-07-13 07:29:00,386.626,386.8,386.626,386.7527,413
2026-07-13 07:30:00,386.751,386.751,386.6,386.6,1053
2026-07-13 07:31:00,386.55,386.55,386.5,386.5,734
2026-07-13 07:32:00,386.51,386.5459,386.51,386.51,215
2026-07-13 07:33:00,386.6136,386.6136,386.5129,386.55,566
2026-07-13 07:34:00,386.6,386.6,386.5,386.5,2060
2026-07-13 07:35:00,386.36,386.7,386.26,386.58,1938
2026-07-13 07:36:00,386.5,386.5,386.35,386.35,498
2026-07-13 07:37:00,386.35,386.45,386.26,386.26,158
2026-07-13 07:38:00,386.2,386.26,386.13,386.26,945
2026-07-13 07:39:00,386.01,386.01,386.01,386.01,40
2026-07-13 07:40:00,386.03,386.5,385.98,386.12,2868
2026-07-13 07:41:00,386.15,386.25,386,386.25,2080
2026-07-13 07:42:00,386.24,386.31,386.05,386.05,1409
2026-07-13 07:43:00,386.06,386.06,386.06,386.06,53
2026-07-13 07:44:00,386.05,386.34,386.05,386.34,1701
2026-07-13 07:45:00,386.36,386.45,386.35,386.45,711
2026-07-13 07:46:00,386.12,386.45,386.12,386.44,956
2026-07-13 07:47:00,386.5,386.89,386.5,386.89,605
2026-07-13 07:48:00,386.8,386.82,386.66,386.66,1117
2026-07-13 07:49:00,386.8253,386.915,386.6933,386.6933,1202
2026-07-13 07:50:00,387,387,386.84,386.8496,241
2026-07-13 07:51:00,386.83,386.9368,386.56,386.8,1108
2026-07-13 07:52:00,387,387,386.51,386.51,353
2026-07-13 07:53:00,386.565,386.87,386.51,386.51,543
2026-07-13 07:54:00,386.51,386.51,386.5,386.51,615
2026-07-13 07:55:00,386.72,386.8,386.55,386.721,1356
2026-07-13 07:56:00,386.62,386.6331,386.62,386.6331,215
2026-07-13 07:57:00,386.63,386.78,386.62,386.6564,913
2026-07-13 07:58:00,386.79,386.8,386.78,386.8,1167
2026-07-13 07:59:00,386.66,387,386.66,386.72,940
2026-07-13 08:00:00,386.9,386.9,386.7399,386.83,1538
2026-07-13 08:01:00,386.8237,387.01,386.75,387.01,6704
2026-07-13 08:02:00,387.04,387.04,386.966,387,258
2026-07-13 08:03:00,387.0307,387.15,386.95,387.05,899
2026-07-13 08:04:00,387.1,387.15,386.84,387.15,1208
2026-07-13 08:06:00,387,387.1281,387,387.1281,200
2026-07-13 08:07:00,387,387.05,386.84,386.84,916
2026-07-13 08:08:00,386.95,387.39,386.95,387.3292,2051
2026-07-13 08:09:00,387.17,387.4,387.15,387.3,8005
2026-07-13 08:10:00,387.4,387.5,387.4,387.47,1155
2026-07-13 08:11:00,387.35,387.35,387.17,387.17,108
2026-07-13 08:12:00,386.96,387.5015,386.85,387.1701,1035
2026-07-13 08:13:00,387.6506,387.6506,387.42,387.5,459
2026-07-13 08:14:00,387.44,387.44,387.2,387.2,449
2026-07-13 08:15:00,387.15,387.15,387.15,387.15,48
2026-07-13 08:16:00,387.19,387.19,387.19,387.19,40
2026-07-13 08:17:00,387.08,387.08,386.9781,386.9781,121
2026-07-13 08:18:00,387.19,387.25,387.09,387.25,628
2026-07-13 08:19:00,387.25,387.45,387.0561,387.45,1419
2026-07-13 08:20:00,387.38,387.435,387.0537,387.435,850
2026-07-13 08:21:00,387,387.5,387,387.5,471
2026-07-13 08:22:00,387.48,387.5,387.1064,387.32,2632
2026-07-13 08:23:00,387.5,387.5,387.5,387.5,240
2026-07-13 08:24:00,387.5,387.5,387.27,387.46,580
2026-07-13 08:25:00,387.32,387.5,387.32,387.5,789
2026-07-13 08:26:00,387.55,387.75,387.55,387.75,814
2026-07-13 08:27:00,387.65,387.76,387.65,387.76,1757
2026-07-13 08:28:00,387.77,387.99,387.65,387.98,4067
2026-07-13 08:29:00,387.9664,387.98,387.94,387.98,1284
2026-07-13 08:30:00,387.9793,387.98,387.89,387.95,1466
2026-07-13 08:31:00,387.9389,387.9389,387.78,387.87,2141
2026-07-13 08:32:00,387.86,387.86,387.6,387.7,1362
2026-07-13 08:33:00,387.31,387.52,387.31,387.52,167
2026-07-13 08:34:00,387.31,387.48,387.31,387.48,560
2026-07-13 08:35:00,387.4873,387.4873,387,387,1665
2026-07-13 08:36:00,387.23,387.23,387.1,387.1705,721
2026-07-13 08:37:00,387.08,387.2,387.01,387.2,397
2026-07-13 08:38:00,387.3,387.5,387,387.39,1492
2026-07-13 08:39:00,387.39,387.39,387.3,387.3,841
2026-07-13 08:40:00,387.33,387.33,387.3,387.3,135
2026-07-13 08:41:00,387.35,387.35,387.3,387.3,760
2026-07-13 08:42:00,387.3,387.3,387.3,387.3,346
2026-07-13 08:43:00,387.3817,387.3817,387.29,387.33,240
2026-07-13 08:44:00,387.3883,387.405,387.31,387.4,1330
2026-07-13 08:46:00,387.35,387.39,387.35,387.39,249
2026-07-13 08:47:00,387.35,387.5,387.35,387.5,251
2026-07-13 08:48:00,387.54,387.6,387.54,387.6,202
2026-07-13 08:49:00,387.7,387.9399,387.7,387.9399,148
2026-07-13 08:50:00,387.88,387.88,387.6,387.6,764
2026-07-13 08:51:00,387.64,387.64,387.64,387.64,40
2026-07-13 08:52:00,387.9,387.9,387.6194,387.7,337
2026-07-13 08:53:00,387.72,387.8807,387.72,387.8807,150
2026-07-13 08:54:00,387.69,387.69,387.67,387.67,204
2026-07-13 08:55:00,387.65,387.65,387.3,387.3,1808
2026-07-13 08:56:00,387.3,387.45,387.3,387.45,1543
2026-07-13 08:57:00,387.405,387.53,387.34,387.34,583
2026-07-13 08:58:00,387.54,387.55,387.54,387.55,90
2026-07-13 08:59:00,387.3825,387.46,387.1916,387.3,971
2026-07-13 09:00:00,387.31,387.4,387.1,387.3016,1242
2026-07-13 09:01:00,387.3016,387.3016,387.15,387.15,292
2026-07-13 09:02:00,387.15,387.31,387.15,387.21,825
2026-07-13 09:03:00,387.1494,387.5046,387.05,387.4698,1288
2026-07-13 09:04:00,387.15,387.15,387.03,387.0904,372
2026-07-13 09:05:00,387.0802,387.13,386.94,386.94,2913
2026-07-13 09:06:00,386.95,387,386.79,387,1765
2026-07-13 09:07:00,386.99,387.2,386.99,387.2,877
2026-07-13 09:08:00,387.22,387.22,387.1,387.1,290
2026-07-13 09:09:00,387.21,387.21,386.94,387.1,362
2026-07-13 09:10:00,387.0309,387.5,387.0309,387.5,708
2026-07-13 09:11:00,387.25,387.25,387.2,387.2,1200
2026-07-13 09:12:00,387.25,387.25,387.25,387.25,1065
2026-07-13 09:13:00,387.0302,387.2409,387.0302,387.19,469
2026-07-13 09:14:00,387.1,387.1,386.99,387,553
2026-07-13 09:15:00,386.94,386.94,386.79,386.7915,664
2026-07-13 09:16:00,386.89,386.89,386.6267,386.6267,850
2026-07-13 09:17:00,386.5069,386.51,386.22,386.22,656
2026-07-13 09:18:00,386.54,386.55,386.2111,386.2111,1327
2026-07-13 09:19:00,386.23,386.3,386.05,386.15,2345
2026-07-13 09:20:00,386.11,386.51,386.11,386.51,1488
2026-07-13 09:21:00,386.77,386.92,386.41,386.53,1586
2026-07-13 09:22:00,386.4465,386.52,386.23,386.25,5024
2026-07-13 09:23:00,386.66,386.66,386.2,386.4321,3342
2026-07-13 09:24:00,386.42,386.5,386.25,386.305,2074
2026-07-13 09:25:00,386.39,386.82,386.1,386.1,3155
2026-07-13 09:26:00,386.4393,386.5,386.1,386.5,4445
2026-07-13 09:27:00,386.42,387.6,386.42,386.87,3003
2026-07-13 09:28:00,387.16,387.58,387.16,387.41,2538
2026-07-13 09:29:00,387.54,387.88,387.28,387.76,3415
2026-07-13 09:30:00,387.67,389.94,387.55,389.66,489303
2026-07-13 09:31:00,389.66,391.07,389.09,389.33,219137
2026-07-13 09:32:00,389.435,389.87,388.26,388.34,103559
2026-07-13 09:33:00,388.35,388.35,386.21,386.855,112552
2026-07-13 09:34:00,386.855,387.62,386.41,387,72786
2026-07-13 09:35:00,387.12,388.43,386.91,388.26,79884
2026-07-13 09:36:00,388.29,388.92,388.23,388.73,69101
2026-07-13 09:37:00,388.73,389,388.3,388.46,74431
2026-07-13 09:38:00,388.4,389.06,388.27,388.9,72073
2026-07-13 09:39:00,388.99,389.67,388.918,389.41,72957
2026-07-13 09:40:00,389.4199,389.52,388.8,389.14,65239
2026-07-13 09:41:00,389.16,389.61,389.13,389.555,52878
2026-07-13 09:42:00,389.545,389.79,389.22,389.23,60895
2026-07-13 09:43:00,389.275,389.54,389.06,389.37,57168
2026-07-13 09:44:00,389.385,389.87,389.26,389.6899,59258
2026-07-13 09:45:00,389.65,389.65,388.22,388.47,94855
2026-07-13 09:46:00,388.44,388.98,388.3,388.64,54151
2026-07-13 09:47:00,388.57,388.75,388.13,388.666,58537
2026-07-13 09:48:00,388.5851,388.65,387.83,387.87,43513
2026-07-13 09:49:00,387.87,387.87,387.31,387.62,89467
2026-07-13 09:50:00,387.6895,387.6899,386.74,386.87,90244
2026-07-13 09:51:00,386.84,386.95,386.17,386.17,79356
2026-07-13 09:52:00,386.225,386.43,385.63,386.36,92389
2026-07-13 09:53:00,386.29,387.13,386.29,386.68,70143
2026-07-13 09:54:00,386.74,387.34,386.68,387.31,52377
2026-07-13 09:55:00,387.33,387.5,386.98,387.46,60689
2026-07-13 09:56:00,387.4141,387.94,387.17,387.18,59711
2026-07-13 09:57:00,387.22,387.47,387.17,387.31,44374
2026-07-13 09:58:00,387.31,387.64,387.0201,387.42,46619
2026-07-13 09:59:00,387.373,387.74,387.27,387.315,62632
2026-07-13 10:00:00,387.35,387.525,387.1,387.17,88292
2026-07-13 10:01:00,387.17,387.62,387.1201,387.28,46481
2026-07-13 10:02:00,387.31,387.71,387,387.29,54200
2026-07-13 10:03:00,387.32,387.36,387.0576,387.16,24823
2026-07-13 10:04:00,387.16,387.2399,386.54,386.89,40920
2026-07-13 10:05:00,386.86,387.15,386.57,386.635,44793
2026-07-13 10:06:00,386.63,386.6999,385.6501,385.87,62454
2026-07-13 10:07:00,385.87,386.2,385.6001,385.925,84665
2026-07-13 10:08:00,385.925,385.95,384.6,385.09,113360
2026-07-13 10:09:00,385.1,385.73,384.57,385.69,83392
2026-07-13 10:10:00,385.69,385.82,385.4001,385.775,52480
2026-07-13 10:11:00,385.82,385.86,385.51,385.57,41898
2026-07-13 10:12:00,385.605,385.97,385.25,385.84,56412
2026-07-13 10:13:00,385.825,386.18,385.77,386.115,39393
2026-07-13 10:14:00,386.115,386.28,385.66,385.845,46201
2026-07-13 10:15:00,385.91,386.43,385.85,386.14,45233
2026-07-13 10:16:00,386.06,386.1652,384.6,385.23,97224
2026-07-13 10:17:00,385.2741,385.52,384.48,385.14,73067
2026-07-13 10:18:00,385.14,385.34,384.58,385.34,49178
2026-07-13 10:19:00,385.26,385.6,385.22,385.53,51773
2026-07-13 10:20:00,385.53,385.72,385.31,385.4175,33824
2026-07-13 10:21:00,385.415,385.61,385.22,385.345,24302
2026-07-13 10:22:00,385.345,385.345,384.73,384.73,72067
2026-07-13 10:23:00,384.77,384.8499,384.25,384.25,97131
2026-07-13 10:24:00,384.31,384.59,384.17,384.57,66492
2026-07-13 10:25:00,384.55,384.67,384.15,384.18,56264
2026-07-13 10:26:00,384.23,384.81,384.18,384.62,40697
2026-07-13 10:27:00,384.645,385.07,384.53,385.07,29906
2026-07-13 10:28:00,385.045,385.55,385,385.45,41189
2026-07-13 10:29:00,385.45,385.85,385.42,385.6,59046
2026-07-13 10:30:00,385.6,385.84,385.42,385.475,33506
2026-07-13 10:31:00,385.475,385.9235,385.41,385.89,30938
2026-07-13 10:32:00,385.89,386.17,385.67,386,68478
2026-07-13 10:33:00,386,386.15,385.8,386.005,29752
2026-07-13 10:34:00,386.05,386.06,385.5201,385.62,46159
2026-07-13 10:35:00,385.62,386,385.561,385.64,31111
2026-07-13 10:36:00,385.64,386.06,385.57,385.9011,28187
2026-07-13 10:37:00,385.93,385.97,385.71,385.93,36369
2026-07-13 10:38:00,385.935,386.26,385.88,385.9424,39845
2026-07-13 10:39:00,385.935,386.05,385.845,385.95,21380
2026-07-13 10:40:00,385.95,386,385.73,385.88,24129
2026-07-13 10:41:00,385.875,385.98,385.71,385.9275,20284
2026-07-13 10:42:00,385.915,386.23,385.89,386.2,34658
2026-07-13 10:43:00,386.23,386.23,385.94,385.955,51522
2026-07-13 10:44:00,385.955,385.97,385.785,385.8325,19890
2026-07-13 10:45:00,385.8,386.24,385.58,386.115,45685
2026-07-13 10:46:00,386.13,386.46,385.8501,386.444,34532
2026-07-13 10:47:00,386.42,386.8,386.37,386.74,45060
2026-07-13 10:48:00,386.7137,387.5,386.65,387.445,62593
2026-07-13 10:49:00,387.4,388.4,387.35,388.365,105498
2026-07-13 10:50:00,388.41,388.45,388.13,388.31,46314
2026-07-13 10:51:00,388.32,388.74,388.22,388.25,146320
2026-07-13 10:52:00,388.24,388.38,388.05,388.245,43146
2026-07-13 10:53:00,388.29,388.7,388.2201,388.61,39257
2026-07-13 10:54:00,388.58,389.09,388.4301,389.045,45061
2026-07-13 10:55:00,389,389.1,388.91,389.035,45581
2026-07-13 10:56:00,389.035,389.65,388.98,389.59,81576
2026-07-13 10:57:00,389.585,389.69,389.0321,389.1351,47373
2026-07-13 10:58:00,389.1799,389.1799,388.92,389.0001,31379
2026-07-13 10:59:00,389.01,389.52,388.99,389.4275,34400
2026-07-13 11:00:00,389.47,389.86,389.31,389.735,65598
2026-07-13 11:01:00,389.735,390.0287,389.62,389.87,95781
2026-07-13 11:02:00,389.76,390.16,389.76,390.03,51743
2026-07-13 11:03:00,390.01,390.0752,389.66,389.805,45560
2026-07-13 11:04:00,389.8,389.86,389.36,389.51,49072
2026-07-13 11:05:00,389.52,389.62,389.42,389.62,28051
2026-07-13 11:06:00,389.64,389.99,389.59,389.97,53270
2026-07-13 11:07:00,389.969,390.05,389.79,389.84,70811
2026-07-13 11:08:00,389.85,390.15,389.79,389.86,64723
2026-07-13 11:09:00,389.86,390.28,389.86,390.04,64280
2026-07-13 11:10:00,390.07,390.61,390.01,390.57,56508
2026-07-13 11:11:00,390.57,390.65,390.27,390.65,46530
2026-07-13 11:12:00,390.58,390.64,390.11,390.415,40354
2026-07-13 11:13:00,390.395,390.4,389.94,389.96,40147
2026-07-13 11:14:00,389.97,389.99,389.76,389.81,34464
2026-07-13 11:15:00,389.81,389.96,389.6,389.94,33360
2026-07-13 11:16:00,389.8951,390.07,389.85,390.01,32350
2026-07-13 11:17:00,390.02,390.53,390.01,390.44,41390
2026-07-13 11:18:00,390.48,390.7,390.455,390.615,52123
2026-07-13 11:19:00,390.64,390.64,390.43,390.515,27106
2026-07-13 11:20:00,390.515,390.9,390.47,390.86,42301
2026-07-13 11:21:00,390.865,390.94,390.65,390.705,34019
2026-07-13 11:22:00,390.76,390.88,390.64,390.7,27391
2026-07-13 11:23:00,390.73,391.02,390.64,390.915,48980
2026-07-13 11:24:00,390.915,391.05,390.618,390.72,45138
2026-07-13 11:25:00,390.72,390.725,390.41,390.4925,28416
2026-07-13 11:26:00,390.495,390.74,390.4242,390.435,34326
2026-07-13 11:27:00,390.435,390.47,390.26,390.405,34390
2026-07-13 11:28:00,390.405,390.64,390.4,390.64,28715
2026-07-13 11:29:00,390.5898,391.14,390.5885,391.04,56182
2026-07-13 11:30:00,391.04,391.2495,390.89,390.945,30752
2026-07-13 11:31:00,390.9697,391.25,390.95,391.075,35155
2026-07-13 11:32:00,391.075,391.0751,390.6,390.765,33378
2026-07-13 11:33:00,390.75,390.85,390.65,390.85,37065
2026-07-13 11:34:00,390.81,391.06,390.6,390.635,44182
2026-07-13 11:35:00,390.635,390.74,390.5301,390.59,37372
2026-07-13 11:36:00,390.61,390.97,390.56,390.97,34857
2026-07-13 11:37:00,390.89,391.12,390.81,390.865,42091
2026-07-13 11:38:00,390.865,390.9,390.5,390.615,29471
2026-07-13 11:39:00,390.64,390.92,390.535,390.59,40095
2026-07-13 11:40:00,390.6599,390.8,390.53,390.71,20241
2026-07-13 11:41:00,390.69,390.73,390.5,390.73,25906
2026-07-13 11:42:00,390.69,390.95,390.63,390.936,47426
2026-07-13 11:43:00,390.9,391.05,390.87,391,32618
2026-07-13 11:44:00,391.005,391.21,390.92,390.97,32128
2026-07-13 11:45:00,390.97,391.12,390.91,391.095,18551
2026-07-13 11:46:00,391.095,391.095,390.78,390.805,27804
2026-07-13 11:47:00,390.81,390.91,390.7001,390.84,28767
2026-07-13 11:48:00,390.8,391,390.79,390.98,35741
2026-07-13 11:49:00,390.94,391.16,390.9,391.13,26480
2026-07-13 11:50:00,391.095,391.12,390.95,391.11,32842
2026-07-13 11:51:00,391.12,391.12,390.83,390.89,54419
2026-07-13 11:52:00,390.89,391.06,390.81,390.85,58355
2026-07-13 11:53:00,390.835,390.94,390.71,390.94,44333
2026-07-13 11:54:00,390.91,390.94,390.74,390.88,30482
2026-07-13 11:55:00,390.88,390.96,390.74,390.92,35785
2026-07-13 11:56:00,390.9001,391.01,390.76,390.975,34666
2026-07-13 11:57:00,390.975,391,390.5,390.64,42318
2026-07-13 11:58:00,390.665,390.68,390.38,390.51,47943
2026-07-13 11:59:00,390.52,390.64,390.41,390.57,42583
2026-07-13 12:00:00,390.56,390.77,390.43,390.58,35439
2026-07-13 12:01:00,390.69,390.89,390.61,390.855,30002
2026-07-13 12:02:00,390.89,390.95,390.69,390.87,42775
2026-07-13 12:03:00,390.87,390.98,390.6628,390.75,37205
2026-07-13 12:04:00,390.74,390.7985,390.31,390.3801,33775
2026-07-13 12:05:00,390.44,390.6,390.31,390.51,30950
2026-07-13 12:06:00,390.51,390.58,390.36,390.53,25186
2026-07-13 12:07:00,390.53,390.65,390.32,390.395,23075
2026-07-13 12:08:00,390.395,390.545,390.3718,390.53,23509
2026-07-13 12:09:00,390.495,390.62,390.34,390.49,45893
2026-07-13 12:10:00,390.535,390.64,390.49,390.6,30330
2026-07-13 12:11:00,390.54,390.62,390.44,390.5201,20065
2026-07-13 12:12:00,390.52,390.8965,390.43,390.8,48705
2026-07-13 12:13:00,390.825,390.9799,390.81,390.96,51278
2026-07-13 12:14:00,390.9584,391.01,390.68,390.76,76647
2026-07-13 12:15:00,390.72,391.365,390.72,391.365,91948
2026-07-13 12:16:00,391.305,391.45,390.67,390.69,61639
2026-07-13 12:17:00,390.72,391.02,390.65,390.9,27509
2026-07-13 12:18:00,390.895,391.02,390.83,390.96,27921
2026-07-13 12:19:00,390.96,391.42,390.85,391.325,50250
2026-07-13 12:20:00,391.37,391.41,391.09,391.355,33032
2026-07-13 12:21:00,391.318,391.495,391.14,391.36,30453
2026-07-13 12:22:00,391.36,392.1599,391.36,391.94,79890
2026-07-13 12:23:00,392.005,392.005,391.5801,391.9,52021
2026-07-13 12:24:00,391.9,392.23,391.71,392.21,70922
2026-07-13 12:25:00,392.21,392.445,392.1,392.27,63741
2026-07-13 12:26:00,392.215,392.26,391.75,392.19,67603
2026-07-13 12:27:00,392.19,392.22,391.835,392.17,39013
2026-07-13 12:28:00,392.19,392.39,392.13,392.3121,39106
2026-07-13 12:29:00,392.33,392.39,392.02,392.29,40267
2026-07-13 12:30:00,392.33,392.33,391.66,391.805,48057
2026-07-13 12:31:00,391.805,392.17,391.6501,392.17,40300
2026-07-13 12:32:00,392.17,392.22,391.9001,392.05,22878
2026-07-13 12:33:00,392.05,392.09,391.7401,392.03,23208
2026-07-13 12:34:00,391.9701,392.2,391.96,392.1,18137
2026-07-13 12:35:00,392.08,392.2,391.76,391.81,34437
2026-07-13 12:36:00,391.81,392.1,391.57,392.01,38611
2026-07-13 12:37:00,391.96,392.3499,391.96,392.245,40034
2026-07-13 12:38:00,392.245,392.71,392.2205,392.66,68043
2026-07-13 12:39:00,392.73,392.84,392.39,392.41,44374
2026-07-13 12:40:00,392.415,392.62,392.21,392.26,37813
2026-07-13 12:41:00,392.26,392.78,392.15,392.765,28455
2026-07-13 12:42:00,392.765,393.03,392.68,393.01,60974
2026-07-13 12:43:00,393.01,393.36,393.01,393.04,56933
2026-07-13 12:44:00,393.04,393.0899,392.59,392.68,46532
2026-07-13 12:45:00,392.68,393.08,392.67,392.8701,34100
2026-07-13 12:46:00,392.9199,392.93,392.731,392.78,50905
2026-07-13 12:47:00,392.785,392.8,392.46,392.5,39024
2026-07-13 12:48:00,392.545,392.8399,392.51,392.785,32400
2026-07-13 12:49:00,392.785,393.24,392.765,393.22,40867
2026-07-13 12:50:00,393.185,393.22,392.7,392.8,52537
2026-07-13 12:51:00,392.89,392.94,392.6188,392.76,26861
2026-07-13 12:52:00,392.78,392.78,392.6,392.77,20379
2026-07-13 12:53:00,392.75,392.83,392.61,392.685,33048
2026-07-13 12:54:00,392.685,392.87,392.57,392.57,35390
2026-07-13 12:55:00,392.58,392.85,392.47,392.7801,40877
2026-07-13 12:56:00,392.86,393.02,392.75,392.81,29284
2026-07-13 12:57:00,392.755,392.85,392.56,392.85,19319
2026-07-13 12:58:00,392.88,392.89,392.75,392.87,15290
2026-07-13 12:59:00,392.87,393.07,392.79,393.025,33431
2026-07-13 13:00:00,393.025,393.21,392.81,393.21,51447
2026-07-13 13:01:00,393.2,393.22,392.83,392.83,42193
2026-07-13 13:02:00,392.865,393.03,392.79,392.8599,36775
2026-07-13 13:03:00,392.815,393.1,392.7701,392.845,42960
2026-07-13 13:04:00,392.845,392.91,392.7,392.78,29693
2026-07-13 13:05:00,392.82,393.03,392.7501,392.9347,26857
2026-07-13 13:06:00,392.93,392.975,392.74,392.8067,24772
2026-07-13 13:07:00,392.76,392.965,392.76,392.8699,30278
2026-07-13 13:08:00,392.82,392.97,392.74,392.89,16536
2026-07-13 13:09:00,392.8703,393.3,392.85,393.28,39287
2026-07-13 13:10:00,393.2401,393.57,393.15,393.17,56087
2026-07-13 13:11:00,393.17,393.39,393.01,393.075,22032
2026-07-13 13:12:00,393.08,393.16,392.52,392.77,65874
2026-07-13 13:13:00,392.765,392.77,392.49,392.515,36028
2026-07-13 13:14:00,392.515,392.8,392.4,392.78,22070
2026-07-13 13:15:00,392.78,392.85,392.68,392.71,25997
2026-07-13 13:16:00,392.71,393.0299,392.62,393.01,28151
2026-07-13 13:17:00,393.004,393.08,392.86,393.055,38957
2026-07-13 13:18:00,393.05,393.17,393.01,393.085,24909
2026-07-13 13:19:00,393.075,393.1,392.67,392.67,25652
2026-07-13 13:20:00,392.67,392.71,392.52,392.555,19899
2026-07-13 13:21:00,392.555,392.84,392.51,392.84,32996
2026-07-13 13:22:00,392.7901,392.86,392.43,392.47,23360
2026-07-13 13:23:00,392.5,392.77,392.47,392.63,32814
2026-07-13 13:24:00,392.63,392.78,392.47,392.516,23071
2026-07-13 13:25:00,392.57,392.61,392.31,392.31,33951
2026-07-13 13:26:00,392.33,392.57,392.25,392.48,27880
2026-07-13 13:27:00,392.5,392.65,392.43,392.48,24086
2026-07-13 13:28:00,392.51,392.63,392.42,392.5801,27714
2026-07-13 13:29:00,392.615,392.65,392.48,392.535,20092
2026-07-13 13:30:00,392.57,392.66,392.43,392.58,22991
2026-07-13 13:31:00,392.5878,392.59,392.34,392.37,33965
2026-07-13 13:32:00,392.41,392.73,392.33,392.71,33973
2026-07-13 13:33:00,392.675,392.78,392.47,392.49,22675
2026-07-13 13:34:00,392.47,392.535,392.37,392.425,22049
2026-07-13 13:35:00,392.4292,392.4292,392.07,392.19,27289
2026-07-13 13:36:00,392.17,392.53,392.14,392.5299,27203
2026-07-13 13:37:00,392.53,392.6,392.38,392.5684,16678
2026-07-13 13:38:00,392.555,392.555,392.41,392.5,16271
2026-07-13 13:39:00,392.5,392.78,392.44,392.755,18932
2026-07-13 13:40:00,392.74,392.755,392.49,392.57,21633
2026-07-13 13:41:00,392.6,392.65,392.47,392.6498,32733
2026-07-13 13:42:00,392.65,392.73,392.39,392.44,21507
2026-07-13 13:43:00,392.455,392.54,392.37,392.445,21102
2026-07-13 13:44:00,392.445,392.45,392.31,392.31,17605
2026-07-13 13:45:00,392.345,392.6,392.32,392.6,20234
2026-07-13 13:46:00,392.565,392.63,392.39,392.49,20900
2026-07-13 13:47:00,392.48,392.56,392.23,392.35,25307
2026-07-13 13:48:00,392.35,392.38,392.08,392.17,30344
2026-07-13 13:49:00,392.165,392.33,392.161,392.205,22254
2026-07-13 13:50:00,392.205,392.28,391.91,391.92,48948
2026-07-13 13:51:00,391.91,391.93,391.66,391.695,29522
2026-07-13 13:52:00,391.68,391.7,391.56,391.63,30758
2026-07-13 13:53:00,391.65,391.72,391.37,391.65,37410
2026-07-13 13:54:00,391.64,391.92,391.53,391.83,37945
2026-07-13 13:55:00,391.8,391.8772,391.7,391.77,23944
2026-07-13 13:56:00,391.77,391.8,391.61,391.69,20450
2026-07-13 13:57:00,391.69,391.81,391.65,391.79,16375
2026-07-13 13:58:00,391.79,391.99,391.74,391.925,20403
2026-07-13 13:59:00,391.925,392.03,391.81,391.84,27594
2026-07-13 14:00:00,391.88,392.13,391.835,391.9741,20660
2026-07-13 14:01:00,392.01,392.115,391.94,392.02,19858
2026-07-13 14:02:00,392.04,392.38,392.02,392.3,23532
2026-07-13 14:03:00,392.31,392.349,392.21,392.325,19026
2026-07-13 14:04:00,392.34,392.57,392.25,392.305,21327
2026-07-13 14:05:00,392.28,392.49,392.2401,392.485,19695
2026-07-13 14:06:00,392.485,392.5604,392.23,392.265,28254
2026-07-13 14:07:00,392.265,392.35,392.17,392.18,25115
2026-07-13 14:08:00,392.17,392.17,392.01,392.045,25674
2026-07-13 14:09:00,392.0311,392.27,392.0311,392.27,20992
2026-07-13 14:10:00,392.26,392.38,391.97,392.0051,23866
2026-07-13 14:11:00,391.97,392.22,391.94,392.22,16872
2026-07-13 14:12:00,392.22,392.24,392.09,392.1775,20608
2026-07-13 14:13:00,392.1999,392.37,392.1,392.3,25076
2026-07-13 14:14:00,392.32,392.38,392.25,392.29,19408
2026-07-13 14:15:00,392.2516,392.2699,392.02,392.12,20825
2026-07-13 14:16:00,392.12,392.15,392.04,392.05,12803
2026-07-13 14:17:00,392.05,392.26,392.05,392.13,13795
2026-07-13 14:18:00,392.165,392.24,392.13,392.18,21255
2026-07-13 14:19:00,392.19,392.23,391.97,392.11,23125
2026-07-13 14:20:00,392.1,392.3199,392.04,392.29,21851
2026-07-13 14:21:00,392.29,392.43,392.2,392.315,27259
2026-07-13 14:22:00,392.315,392.37,392.22,392.235,19937
2026-07-13 14:23:00,392.235,392.38,392.045,392.045,22895
2026-07-13 14:24:00,392.09,392.27,391.95,392.265,15838
2026-07-13 14:25:00,392.28,392.3,392.07,392.23,26191
2026-07-13 14:26:00,392.225,392.38,392.21,392.245,23435
2026-07-13 14:27:00,392.2201,392.53,392.2201,392.47,21622
2026-07-13 14:28:00,392.445,392.51,392.32,392.345,21350
2026-07-13 14:29:00,392.34,392.41,392.26,392.37,22533
2026-07-13 14:30:00,392.37,392.385,392.15,392.285,27339
2026-07-13 14:31:00,392.285,392.44,392.17,392.42,30333
2026-07-13 14:32:00,392.42,392.66,392.42,392.485,31402
2026-07-13 14:33:00,392.485,392.5801,392.45,392.46,19945
2026-07-13 14:34:00,392.46,392.46,392.25,392.38,32435
2026-07-13 14:35:00,392.38,392.55,392.365,392.485,27543
2026-07-13 14:36:00,392.51,392.64,392.39,392.56,24365
2026-07-13 14:37:00,392.56,392.62,392.54,392.565,16437
2026-07-13 14:38:00,392.565,392.69,392.51,392.63,21049
2026-07-13 14:39:00,392.635,392.81,392.61,392.8,38649
2026-07-13 14:40:00,392.8,392.86,392.6405,392.85,31151
2026-07-13 14:41:00,392.85,392.97,392.6696,392.69,34172
2026-07-13 14:42:00,392.69,392.94,392.66,392.9051,58661
2026-07-13 14:43:00,392.94,393.11,392.86,392.86,50038
2026-07-13 14:44:00,392.87,393.02,392.7501,392.99,26902
2026-07-13 14:45:00,392.99,393.04,392.75,392.78,27166
2026-07-13 14:46:00,392.78,392.89,392.58,392.645,35438
2026-07-13 14:47:00,392.64,392.74,392.61,392.675,19231
2026-07-13 14:48:00,392.675,392.95,392.64,392.895,32778
2026-07-13 14:49:00,392.895,393.07,392.85,393.04,31705
2026-07-13 14:50:00,393.035,393.06,392.9,393,27061
2026-07-13 14:51:00,392.975,393.16,392.95,393.1125,39719
2026-07-13 14:52:00,393.115,393.15,392.98,393.125,39132
2026-07-13 14:53:00,393.11,393.22,393.01,393.2,38069
2026-07-13 14:54:00,393.2,393.31,393.1,393.125,45113
2026-07-13 14:55:00,393.125,393.5,393.125,393.39,51589
2026-07-13 14:56:00,393.37,393.65,393.25,393.295,99877
2026-07-13 14:57:00,393.28,393.34,393.1,393.19,23302
2026-07-13 14:58:00,393.2,393.28,393.15,393.175,25967
2026-07-13 14:59:00,393.175,393.175,392.84,392.9,89277
2026-07-13 15:00:00,392.9,393.01,392.64,392.7,73352
2026-07-13 15:01:00,392.73,392.86,392.67,392.79,38440
2026-07-13 15:02:00,392.8,392.92,392.76,392.88,25859
2026-07-13 15:03:00,392.88,392.92,392.68,392.74,20594
2026-07-13 15:04:00,392.74,392.85,392.71,392.81,38265
2026-07-13 15:05:00,392.81,393.145,392.74,393.0884,43465
2026-07-13 15:06:00,393.075,393.16,392.94,393.02,54137
2026-07-13 15:07:00,393.01,393.07,392.88,392.925,32319
2026-07-13 15:08:00,392.94,393.14,392.92,392.96,27708
2026-07-13 15:09:00,392.99,392.99,392.77,392.875,24685
2026-07-13 15:10:00,392.875,392.92,392.756,392.84,32608
2026-07-13 15:11:00,392.855,392.9,392.69,392.77,30430
2026-07-13 15:12:00,392.8,392.81,392.361,392.46,52497
2026-07-13 15:13:00,392.435,392.54,392.22,392.32,33595
2026-07-13 15:14:00,392.3,392.3,391.9501,392.0775,35337
2026-07-13 15:15:00,392.055,392.13,391.9,392.04,32226
2026-07-13 15:16:00,392.015,392.12,391.77,391.8,52107
2026-07-13 15:17:00,391.8,392.05,391.78,391.945,36300
2026-07-13 15:18:00,391.945,391.97,391.65,391.69,36031
2026-07-13 15:19:00,391.685,391.94,391.65,391.75,43434
2026-07-13 15:20:00,391.76,391.91,391.7,391.735,27759
2026-07-13 15:21:00,391.71,391.8,391.57,391.57,38225
2026-07-13 15:22:00,391.59,391.59,391.44,391.46,29266
2026-07-13 15:23:00,391.46,391.4899,391.22,391.33,49468
2026-07-13 15:24:00,391.3699,391.53,391.28,391.515,24448
2026-07-13 15:25:00,391.53,391.54,391.21,391.3,30350
2026-07-13 15:26:00,391.3,391.49,391.25,391.32,26725
2026-07-13 15:27:00,391.28,391.28,390.9,390.945,45994
2026-07-13 15:28:00,390.95,390.95,390.8,390.83,24904
2026-07-13 15:29:00,390.8,390.86,390.36,390.37,81401
2026-07-13 15:30:00,390.37,390.43,389.94,389.955,87563
2026-07-13 15:31:00,390.01,390.4204,389.96,390.4,63833
2026-07-13 15:32:00,390.4,390.45,390.17,390.195,48892
2026-07-13 15:33:00,390.23,390.25,389.82,389.855,46559
2026-07-13 15:34:00,389.85,389.98,389.74,389.86,38602
2026-07-13 15:35:00,389.86,390.03,389.78,389.985,45817
2026-07-13 15:36:00,389.9542,390.18,389.89,390.145,60006
2026-07-13 15:37:00,390.18,390.2199,389.9,390,48711
2026-07-13 15:38:00,389.985,390.04,389.63,389.77,56727
2026-07-13 15:39:00,389.76,389.92,389.59,389.85,76636
2026-07-13 15:40:00,389.85,390.4099,389.75,390.33,64950
2026-07-13 15:41:00,390.35,390.37,390.02,390.125,45984
2026-07-13 15:42:00,390.15,390.44,390.12,390.4,57128
2026-07-13 15:43:00,390.3851,390.52,390.29,390.4499,26330
2026-07-13 15:44:00,390.45,390.57,390.3801,390.515,30281
2026-07-13 15:45:00,390.52,390.88,390.49,390.77,59216
2026-07-13 15:46:00,390.74,390.8,390.58,390.68,36661
2026-07-13 15:47:00,390.69,390.76,390.54,390.545,39585
2026-07-13 15:48:00,390.54,390.61,390.21,390.31,51212
2026-07-13 15:49:00,390.29,390.45,390.25,390.4,42891
2026-07-13 15:50:00,390.39,390.46,390,390.44,117358
2026-07-13 15:51:00,390.41,390.62,390.346,390.48,81517
2026-07-13 15:52:00,390.48,390.69,390.34,390.46,60225
2026-07-13 15:53:00,390.455,390.51,389.855,389.94,67363
2026-07-13 15:54:00,389.92,390.55,389.8,389.91,121016
2026-07-13 15:55:00,389.92,390.93,389.91,390.875,128165
2026-07-13 15:56:00,390.875,391.055,390.69,390.895,91864
2026-07-13 15:57:00,390.895,391.47,390.895,391.425,125136
2026-07-13 15:58:00,391.42,391.64,391.32,391.55,191682
2026-07-13 15:59:00,391.53,391.55,390.9,391.02,437177
2026-07-13 16:00:00,391.0004,391.43,390.99,391.4,5226118
2026-07-13 16:01:00,391.37,391.43,390.78,390.78,2364
2026-07-13 16:02:00,390.5,390.595,390.485,390.49,960
2026-07-13 16:03:00,390.3998,390.51,390.3299,390.5,1551
2026-07-13 16:04:00,390.64,391.06,390.63,391.06,6252
2026-07-13 16:05:00,391.2,391.2,391.09,391.18,1100
2026-07-13 16:06:00,391.1,391.24,391,391,1182
2026-07-13 16:07:00,390.98,391.25,390.945,391.2,3978
2026-07-13 16:08:00,391.2,391.25,391.0063,391.0063,4672
2026-07-13 16:09:00,391.01,391.01,390.8824,390.8824,501
2026-07-13 16:10:00,390.94,390.94,390.6402,390.9088,3438
2026-07-13 16:11:00,390.7,390.7,390.6,390.7,527
2026-07-13 16:12:00,390.99,390.99,390.6,390.7288,25843
2026-07-13 16:13:00,390.6,390.6,390.18,390.18,373
2026-07-13 16:14:00,390.56,391,390.56,390.97,5817
2026-07-13 16:15:00,390.928,390.928,390.41,390.41,899
2026-07-13 16:16:00,390.54,390.58,390.35,390.41,405
2026-07-13 16:17:00,390.41,390.45,390.35,390.4,1386
2026-07-13 16:18:00,390.35,390.35,390.24,390.2853,2029
2026-07-13 16:19:00,390.2846,390.2846,390.12,390.19,541
2026-07-13 16:20:00,390.1139,390.2005,390.1139,390.2005,1139
2026-07-13 16:21:00,390.299,390.3,390.29,390.3,1065
2026-07-13 16:22:00,390.2,390.2,390.2,390.2,300
2026-07-13 16:23:00,390.22,390.74,390.22,390.74,140
2026-07-13 16:24:00,390.39,390.39,390.3,390.3,579
2026-07-13 16:25:00,390.3,390.4089,390.2445,390.2445,4420
2026-07-13 16:26:00,390.3993,390.3993,390.3993,390.3993,50
2026-07-13 16:27:00,390.3,390.3,390.24,390.24,100
2026-07-13 16:28:00,390.3762,390.38,390.32,390.38,377
2026-07-13 16:29:00,390.5,390.5,390.35,390.35,888
2026-07-13 16:30:00,390.26,390.3725,390.26,390.35,887
2026-07-13 16:31:00,390.2782,390.33,390.2782,390.33,90
2026-07-13 16:32:00,390.3,390.3,390.3,390.3,50
2026-07-13 16:33:00,390.27,390.3779,390.23,390.23,1350
2026-07-13 16:34:00,390.35,390.35,390.2412,390.2412,310
2026-07-13 16:35:00,390.3999,390.3999,390.2332,390.2332,500
2026-07-13 16:36:00,390.38,390.39,390.33,390.39,240
2026-07-13 16:37:00,390.23,390.4,390.23,390.4,1363
2026-07-13 16:38:00,390.49,390.49,390.49,390.49,86
2026-07-13 16:39:00,390.49,390.54,390.49,390.495,896
2026-07-13 16:40:00,390.48,390.53,390.46,390.49,314
2026-07-13 16:41:00,390.64,390.7876,390.64,390.77,180
2026-07-13 16:42:00,390.66,390.8,390.66,390.74,659
2026-07-13 16:43:00,390.7,390.7,390.7,390.7,100
2026-07-13 16:44:00,390.4156,390.78,390.4156,390.605,726
2026-07-13 16:45:00,390.61,390.79,390.53,390.78,954
2026-07-13 16:46:00,390.38,390.99,390.38,390.99,2088
2026-07-13 16:48:00,390.8,390.8,390.65,390.65,290
2026-07-13 16:49:00,390.61,390.844,390.61,390.844,163
2026-07-13 16:50:00,390.7007,390.75,390.7007,390.75,190
2026-07-13 16:51:00,390.73,390.73,390.7,390.7,131
2026-07-13 16:52:00,390.75,390.75,390.52,390.56,4115
2026-07-13 16:53:00,390.7252,390.7252,390.52,390.54,370
2026-07-13 16:54:00,390.52,390.75,390.52,390.75,303
2026-07-13 16:55:00,390.858,390.858,390.858,390.858,94
2026-07-13 16:56:00,390.6626,390.6626,390.6626,390.6626,100
2026-07-13 16:57:00,390.5965,390.5965,390.5,390.5,311
2026-07-13 16:58:00,390.44,390.44,390.44,390.44,50
2026-07-13 16:59:00,390.59,390.6,390.51,390.6,1447
2026-07-13 17:00:00,390.57,390.57,390.57,390.57,100
2026-07-13 17:02:00,390.61,390.61,390.57,390.57,651
2026-07-13 17:03:00,390.55,390.55,390.55,390.55,560
2026-07-13 17:05:00,390.5784,390.5784,390.5784,390.5784,99
2026-07-13 17:08:00,390.5501,390.65,390.5501,390.65,172
2026-07-13 17:09:00,390.7,390.7,390.7,390.7,100
2026-07-13 17:10:00,390.83,390.83,390.83,390.83,100
2026-07-13 17:11:00,390.83,390.83,390.65,390.65,147
2026-07-13 17:13:00,390.6,390.6893,390.6,390.6893,390
2026-07-13 17:14:00,390.65,390.65,390.65,390.65,65
2026-07-13 17:15:00,390.55,390.55,390.5,390.5,670
2026-07-13 17:17:00,390.4521,390.6,390.4521,390.6,165
2026-07-13 17:19:00,390.5,390.5,390.43,390.43,207
2026-07-13 17:20:00,390.4,390.4001,390.4,390.4001,98
2026-07-13 17:21:00,390.4326,390.45,390.4326,390.45,310
2026-07-13 17:22:00,390.45,390.465,390.45,390.465,668
2026-07-13 17:23:00,390.465,390.465,390.32,390.33,346
2026-07-13 17:25:00,390.4,390.65,390.4,390.65,3511
2026-07-13 17:26:00,390.3912,390.3912,390.3912,390.3912,43
2026-07-13 17:27:00,390.54,390.54,390.35,390.37,447
2026-07-13 17:29:00,390.46,390.46,390.46,390.46,40
2026-07-13 17:30:00,390.3425,390.3425,390.3425,390.3425,50
2026-07-13 17:31:00,390.45,390.45,390.45,390.45,77
2026-07-13 17:33:00,390.33,390.33,390.23,390.23,1872
2026-07-13 17:34:00,390.11,390.11,390.11,390.11,72
2026-07-13 17:39:00,390.1,390.1,390.01,390.01,884
2026-07-13 17:40:00,390,390,389.9388,389.9388,604
2026-07-13 17:42:00,390.0696,390.1,390.0696,390.1,393
2026-07-13 17:43:00,390,390,390,390,50
2026-07-13 17:44:00,389.91,389.91,389.91,389.91,80
2026-07-13 17:45:00,389.93,389.93,389.93,389.93,286
2026-07-13 17:46:00,389.95,389.95,389.85,389.85,739
2026-07-13 17:47:00,389.79,389.81,389.78,389.78,3870
2026-07-13 17:48:00,389.98,389.98,389.954,389.954,356
2026-07-13 17:49:00,389.98,389.98,389.9472,389.9472,150
2026-07-13 17:51:00,389.8,389.85,389.8,389.85,175
2026-07-13 17:53:00,389.85,389.9,389.85,389.875,179
2026-07-13 17:54:00,389.8,389.86,389.8,389.86,590
2026-07-13 17:55:00,389.86,389.86,389.83,389.86,484
2026-07-13 17:56:00,389.98,389.98,389.98,389.98,300
2026-07-13 17:57:00,389.96,389.96,389.89,389.89,120
2026-07-13 17:58:00,390,390,389.8396,389.8396,150
2026-07-13 17:59:00,389.8316,389.8316,389.8316,389.8316,500
2026-07-13 18:00:00,390,390.2,389.91,390.2,366
2026-07-13 18:02:00,390.17,390.17,390.14,390.14,4140
2026-07-13 18:08:00,390.03,390.045,390.03,390.045,180
2026-07-13 18:10:00,389.9837,389.9839,389.95,389.95,315
2026-07-13 18:11:00,389.9935,389.9935,389.885,389.885,392
2026-07-13 18:12:00,389.85,389.9,389.85,389.87,409
2026-07-13 18:13:00,389.8117,389.8117,389.8117,389.8117,200
2026-07-13 18:14:00,389.8855,389.8855,389.85,389.8842,210
2026-07-13 18:15:00,389.8893,389.8893,389.85,389.88,522
2026-07-13 18:16:00,389.84,389.84,389.84,389.84,60
2026-07-13 18:17:00,389.87,389.87,389.87,389.87,50
2026-07-13 18:18:00,389.85,390.08,389.84,390.08,1632
2026-07-13 18:19:00,390.09,390.1,390.09,390.1,934
2026-07-13 18:20:00,390.09,390.09,389.98,390.05,180
2026-07-13 18:21:00,390.02,390.1586,390.02,390.1586,118
2026-07-13 18:22:00,389.965,389.965,389.95,389.95,80
2026-07-13 18:23:00,390,390.06,390,390.06,180
2026-07-13 18:26:00,389.96,389.96,389.96,389.96,45
2026-07-13 18:29:00,389.99,390,389.9,390,366
2026-07-13 18:30:00,389.99,390.1138,389.96,389.96,170
2026-07-13 18:31:00,389.96,389.96,389.96,389.96,150
2026-07-13 18:32:00,389.96,389.96,389.96,389.96,70
2026-07-13 18:37:00,390.045,390.045,390,390,1000
2026-07-13 18:38:00,390.08,390.08,390,390,400
2026-07-13 18:39:00,390.02,390.02,390,390,590
2026-07-13 18:41:00,389.94,389.94,389.94,389.94,50
2026-07-13 18:42:00,389.955,389.955,389.955,389.955,40
2026-07-13 18:43:00,389.95,389.95,389.95,389.95,40
2026-07-13 18:45:00,389.92,389.96,389.92,389.96,124
2026-07-13 18:46:00,389.9,389.94,389.9,389.94,404
2026-07-13 18:47:00,389.92,389.92,389.89,389.89,298
2026-07-13 18:48:00,389.93,390.0512,389.93,390.0512,843
2026-07-13 18:50:00,389.9955,390,389.8816,389.8816,250
2026-07-13 18:52:00,389.81,389.83,389.63,389.63,604
2026-07-13 18:53:00,389.7,389.7,389.5,389.5,215
2026-07-13 18:54:00,389.61,389.61,389.5364,389.56,334
2026-07-13 18:55:00,389.5,389.5,389.34,389.34,1351
2026-07-13 18:56:00,389.38,389.38,389.2619,389.2619,151
2026-07-13 18:57:00,389.315,389.38,389.26,389.38,229
2026-07-13 18:58:00,389.38,389.38,389.38,389.38,189
2026-07-13 18:59:00,389.4,389.4,389.4,389.4,60
2026-07-13 19:01:00,389.48,389.48,389.48,389.48,40
2026-07-13 19:03:00,389.35,389.4,389.35,389.4,492
2026-07-13 19:04:00,389.2643,389.2643,389.2643,389.2643,50
2026-07-13 19:05:00,389.28,389.3,389.26,389.3,1501
2026-07-13 19:06:00,389.3,389.405,389.3,389.405,333
2026-07-13 19:07:00,389.3125,389.45,389.3125,389.4,999
2026-07-13 19:08:00,389.38,389.38,389.38,389.38,40
2026-07-13 19:09:00,389.45,389.45,389.26,389.26,843
2026-07-13 19:10:00,389.34,389.42,389.34,389.42,244
2026-07-13 19:11:00,389.45,389.49,389.45,389.49,250
2026-07-13 19:13:00,389.457,389.457,389.3057,389.3057,440
2026-07-13 19:14:00,389.27,389.27,389.27,389.27,50
2026-07-13 19:15:00,389.2986,389.2986,389.2986,389.2986,120
2026-07-13 19:17:00,389.42,389.42,389.4,389.4,429
2026-07-13 19:18:00,389.56,389.56,389.56,389.56,73
2026-07-13 19:19:00,389.32,389.32,389.32,389.32,46
2026-07-13 19:20:00,389.48,389.6415,389.48,389.6415,155
2026-07-13 19:21:00,389.3172,389.7,389.3172,389.7,200
2026-07-13 19:22:00,389.7,389.7,389.49,389.49,343
2026-07-13 19:23:00,389.27,389.27,389.27,389.27,50
2026-07-13 19:24:00,389.3864,389.52,389.3259,389.5,415
2026-07-13 19:26:00,389.3279,389.3279,389.3279,389.3279,43
2026-07-13 19:27:00,389.45,389.5094,389.3439,389.5094,357
2026-07-13 19:28:00,389.5,389.5,389.3148,389.5,396
2026-07-13 19:29:00,389.5,389.5,389.5,389.5,100
2026-07-13 19:30:00,389.38,389.38,389.37,389.37,550
2026-07-13 19:31:00,389.4003,389.4003,389.4003,389.4003,250
2026-07-13 19:32:00,389.4,389.5,389.4,389.5,840
2026-07-13 19:33:00,389.4021,389.4021,389.4021,389.4021,200
2026-07-13 19:35:00,389.45,389.45,389.45,389.45,100
2026-07-13 19:36:00,389.41,389.5,389.41,389.5,290
2026-07-13 19:37:00,389.4806,389.4806,389.4,389.4,4150
2026-07-13 19:38:00,389.4,389.413,389.4,389.413,90
2026-07-13 19:39:00,389.4844,389.4844,389.4844,389.4844,50
2026-07-13 19:40:00,389.4011,389.4011,389.4011,389.4011,50
2026-07-13 19:41:00,389.45,389.45,389.25,389.25,983
2026-07-13 19:42:00,389.19,389.25,389.19,389.25,440
2026-07-13 19:44:00,389.2,389.2,389.1,389.18,352
2026-07-13 19:45:00,389.17,389.25,389.1,389.1,486
2026-07-13 19:46:00,389.06,389.22,389.02,389.02,2775
2026-07-13 19:47:00,389.2,389.2,389.19,389.19,230
2026-07-13 19:48:00,389.026,389.1999,389.026,389.16,1180
2026-07-13 19:49:00,389.06,389.1,389.06,389.1,1004
2026-07-13 19:50:00,389.2,389.2,389.2,389.2,362
2026-07-13 19:51:00,389.25,389.25,389.25,389.25,1416
2026-07-13 19:52:00,389.3,389.405,389.152,389.152,1074
2026-07-13 19:53:00,389.33,389.33,389.33,389.33,40
2026-07-13 19:54:00,389.5,389.5,389.37,389.5,947
2026-07-13 19:55:00,389.5248,389.5248,389.3,389.3,1386
2026-07-13 19:56:00,389.62,389.7,389.34,389.34,287
2026-07-13 19:57:00,389.335,389.7,389.335,389.6,750
2026-07-13 19:58:00,389.69,390,389.61,390,710
2026-07-13 19:59:00,390,390,389.96,389.96,433
2026-07-14 04:00:00,386,389.87,386,386.55,29177
2026-07-14 04:01:00,386.85,389.95,386.26,389.69,13464
2026-07-14 04:02:00,389.66,389.88,386.1,386.78,23705
2026-07-14 04:03:00,386.05,386.27,385.6,385.91,2747
2026-07-14 04:04:00,385.8617,385.8617,385.8617,385.8617,313
2026-07-14 04:05:00,386.49,386.6,386.07,386.2,938
2026-07-14 04:06:00,386.2,386.2,386.19,386.19,145
2026-07-14 04:07:00,387.01,389.76,386.25,386.47,649
2026-07-14 04:08:00,386.25,386.49,386.25,386.49,90
2026-07-14 04:09:00,386.58,386.67,386.58,386.67,317
2026-07-14 04:10:00,386.58,386.9279,386.58,386.67,789
2026-07-14 04:11:00,386.7,387.0593,386.7,387.0593,938
2026-07-14 04:12:00,386.75,386.9167,386.75,386.9167,1041
2026-07-14 04:13:00,387.17,387.29,386.96,386.96,1139
2026-07-14 04:14:00,386.85,387.1139,386.85,387.1139,502
2026-07-14 04:16:00,387.28,387.28,387.02,387.02,353
2026-07-14 04:18:00,387.01,387.01,387.01,387.01,181
2026-07-14 04:19:00,386.98,386.98,386.8746,386.9,269
2026-07-14 04:20:00,387,387,386.86,386.86,556
2026-07-14 04:21:00,386.87,386.9911,386.87,386.9911,200
2026-07-14 04:22:00,387.26,387.44,387.26,387.44,430
2026-07-14 04:23:00,387.04,387.3979,387.04,387.3979,542
2026-07-14 04:24:00,387.25,387.3725,387.25,387.3725,543
2026-07-14 04:25:00,387.34,387.34,387.25,387.25,228
2026-07-14 04:26:00,387.09,387.1,387.09,387.1,535
2026-07-14 04:27:00,387.1,387.3508,387.1,387.3508,457
2026-07-14 04:28:00,387.08,387.08,386.8,386.8,1517
2026-07-14 04:29:00,386.8,386.9,386.7,386.79,1334
2026-07-14 04:30:00,386.7,386.89,386.7,386.87,556
2026-07-14 04:32:00,386.87,386.87,386.87,386.87,51
2026-07-14 04:33:00,386.73,386.75,386.61,386.75,378
2026-07-14 04:34:00,386.98,386.98,386.75,386.75,195
2026-07-14 04:35:00,386.65,386.65,386.55,386.55,274
2026-07-14 04:36:00,386.6,386.65,386.6,386.65,200
2026-07-14 04:37:00,386.52,386.52,386.52,386.52,53
2026-07-14 04:38:00,386.52,386.52,386.35,386.35,1135
2026-07-14 04:39:00,386.57,386.57,386.47,386.47,570
2026-07-14 04:40:00,386.56,386.92,386.56,386.92,762
2026-07-14 04:44:00,386.73,386.73,386.73,386.73,55
2026-07-14 04:46:00,386.75,386.75,386.62,386.62,105
2026-07-14 04:47:00,386.6,386.62,386.6,386.62,197
2026-07-14 04:48:00,386.52,386.85,386.52,386.72,757
2026-07-14 04:49:00,386.77,386.77,386.58,386.58,579
2026-07-14 04:50:00,386.55,386.55,386.5,386.5,155
2026-07-14 04:53:00,386.56,386.76,386.56,386.76,300
2026-07-14 04:54:00,386.7,386.98,386.7,386.98,240
2026-07-14 04:55:00,386.98,386.98,386.72,386.72,146
2026-07-14 04:57:00,386.75,386.86,386.72,386.72,359
2026-07-14 04:58:00,386.81,386.84,386.81,386.84,456
2026-07-14 04:59:00,386.98,386.98,386.8,386.84,307
2026-07-14 05:00:00,386.68,386.68,386.55,386.55,220
2026-07-14 05:01:00,386.82,386.82,386.82,386.82,50
2026-07-14 05:02:00,386.97,387.21,386.97,387.05,586
2026-07-14 05:03:00,387,387,387,387,50
2026-07-14 05:04:00,387.19,387.19,387.19,387.19,89
2026-07-14 05:08:00,387.11,387.18,387.11,387.18,178
2026-07-14 05:10:00,387.23,387.25,387.23,387.23,359
2026-07-14 05:11:00,387.32,387.3488,387.32,387.3488,205
2026-07-14 05:12:00,387.45,387.488,387.44,387.44,520
2026-07-14 05:15:00,387.28,387.28,387.07,387.07,319
2026-07-14 05:17:00,387.21,387.21,387.105,387.1754,199
2026-07-14 05:21:00,387.28,387.3,387.28,387.3,269
2026-07-14 05:22:00,387.4,387.41,387.4,387.41,190
2026-07-14 05:24:00,387.409,387.5,387.4,387.4,472
2026-07-14 05:26:00,387.5,387.5,387.5,387.5,50
2026-07-14 05:27:00,387.42,387.48,387.42,387.48,178
2026-07-14 05:28:00,387.45,387.45,387.45,387.45,200
2026-07-14 05:29:00,387.25,387.25,387.2,387.2,270
2026-07-14 05:30:00,387.38,387.42,387.38,387.41,356
2026-07-14 05:32:00,387.4344,387.4344,387.4344,387.4344,262
2026-07-14 05:33:00,387.3817,387.3817,387.3817,387.3817,100
2026-07-14 05:34:00,387.4,387.5325,387.4,387.5325,329
2026-07-14 05:35:00,387.5642,387.58,387.5642,387.58,140
2026-07-14 05:36:00,387.56,387.56,387.56,387.56,40
2026-07-14 05:40:00,387.5,387.6,387.5,387.6,240
2026-07-14 05:41:00,387.5,387.5,387.5,387.5,71
2026-07-14 05:42:00,387.68,387.68,387.58,387.58,200
2026-07-14 05:43:00,387.6858,387.6858,387.6858,387.6858,100
2026-07-14 05:45:00,387.52,387.52,387.5,387.5,139
2026-07-14 05:46:00,387.64,387.64,387.64,387.64,92
2026-07-14 05:47:00,387.53,387.53,387.4703,387.4703,100
2026-07-14 05:48:00,387.47,387.58,387.47,387.58,90
2026-07-14 05:49:00,387.58,387.6,387.47,387.54,925
2026-07-14 05:52:00,387.52,387.52,387.4268,387.5,331
2026-07-14 05:56:00,387.48,387.67,387.48,387.65,975
2026-07-14 05:58:00,387.456,387.456,387.456,387.456,300
2026-07-14 06:00:00,387.68,387.68,387.68,387.68,196
2026-07-14 06:01:00,387.7,387.7,387.7,387.7,96
2026-07-14 06:03:00,387.85,387.85,387.77,387.77,87
2026-07-14 06:04:00,387.85,388,387.85,388,275
2026-07-14 06:08:00,388.15,388.15,388.03,388.03,280
2026-07-14 06:10:00,388.13,388.18,388.13,388.18,200
2026-07-14 06:12:00,388.12,388.12,388.0081,388.0081,290
2026-07-14 06:13:00,388.05,388.05,388.05,388.05,49
2026-07-14 06:14:00,387.69,387.69,387.69,387.69,61
2026-07-14 06:15:00,387.83,387.83,387.79,387.79,99
2026-07-14 06:16:00,387.93,387.93,387.93,387.93,40
2026-07-14 06:17:00,387.95,387.95,387.95,387.95,43
2026-07-14 06:22:00,388,388,387.92,387.92,200
2026-07-14 06:25:00,387.93,387.99,387.93,387.99,157
2026-07-14 06:26:00,387.99,387.99,387.99,387.99,50
2026-07-14 06:27:00,387.7886,387.7886,387.7886,387.7886,50
2026-07-14 06:28:00,388.1078,388.1078,388.1078,388.1078,70
2026-07-14 06:29:00,388.0906,388.0906,388.0906,388.0906,150
2026-07-14 06:30:00,387.95,387.95,387.95,387.95,200
2026-07-14 06:31:00,387.91,387.91,387.5,387.5,182
2026-07-14 06:32:00,387.68,387.68,387.68,387.68,147
2026-07-14 06:33:00,387.68,387.69,387.67,387.67,276
2026-07-14 06:34:00,387.65,387.65,387.65,387.65,100
2026-07-14 06:35:00,387.8773,387.8773,387.675,387.675,102
2026-07-14 06:37:00,387.65,387.66,387.65,387.66,180
2026-07-14 06:39:00,387.8,387.8,387.8,387.8,100
2026-07-14 06:40:00,387.7,387.7,387.7,387.7,50
2026-07-14 06:43:00,387.7,387.7,387.4,387.4,300
2026-07-14 06:45:00,387.4451,387.4451,387.4451,387.4451,40
2026-07-14 06:47:00,387.47,387.47,387.4,387.4,249
2026-07-14 06:48:00,387.2065,387.2065,387.2065,387.2065,100
2026-07-14 06:49:00,387.47,387.47,387.45,387.45,157
2026-07-14 06:50:00,387.4,387.56,387.4,387.56,247
2026-07-14 06:51:00,387.53,387.53,387.4,387.5,271
2026-07-14 06:52:00,387.5,387.6,387.5,387.5,415
2026-07-14 06:53:00,387.5,387.5,387.5,387.5,430
2026-07-14 06:55:00,387.6,387.6,387.6,387.6,200
2026-07-14 06:56:00,387.5,387.6483,387.5,387.575,379
2026-07-14 06:57:00,387.48,387.57,387.48,387.52,404
2026-07-14 06:58:00,387.52,387.52,387.52,387.52,162
2026-07-14 06:59:00,387.74,387.74,387.74,387.74,61
2026-07-14 07:00:00,387.97,388.08,385.2,385.2,10911
2026-07-14 07:01:00,385.26,385.46,384.1,385.13,11790
2026-07-14 07:02:00,385,385.2,383.3,383.62,8825
2026-07-14 07:03:00,383.9,384.1999,383.03,383.745,6495
2026-07-14 07:04:00,384.05,384.39,383.06,383.4397,12630
2026-07-14 07:05:00,383.5355,383.5355,382.49,382.95,19910
2026-07-14 07:06:00,382.93,382.96,382.21,382.95,3133
2026-07-14 07:07:00,383.43,383.43,382.08,382.5539,7707
2026-07-14 07:08:00,382.68,382.84,381.1,381.37,26383
2026-07-14 07:09:00,381.27,381.8,381.11,381.4,10803
2026-07-14 07:10:00,381.25,381.25,379.89,380.06,29054
2026-07-14 07:11:00,380.01,381.1337,379.79,380.69,14025
2026-07-14 07:12:00,380.96,380.96,378.67,379,29946
2026-07-14 07:13:00,378.94,379,377.98,378.72,21585
2026-07-14 07:14:00,378.7,380.86,377.89,380,37701
2026-07-14 07:15:00,380.1,380.5,379.48,379.9536,14442
2026-07-14 07:16:00,379.87,380.269,379.5,379.99,6832
2026-07-14 07:17:00,380,380.16,379.25,380,12562
2026-07-14 07:18:00,379.8,379.9,379.3,379.36,12947
2026-07-14 07:19:00,379.52,379.52,378.8,379.25,6517
2026-07-14 07:20:00,379.01,379.1988,378,378.0339,16869
2026-07-14 07:21:00,378.4959,378.4959,378,378.2,8852
2026-07-14 07:22:00,378.5,379.55,378.49,379.4129,5424
2026-07-14 07:23:00,379.44,380,379.3013,379.8,7791
2026-07-14 07:24:00,379.9,380,379.5,379.8,8346
2026-07-14 07:25:00,379.82,380.13,379.74,379.8,5576
2026-07-14 07:26:00,379.83,380.4,379.6,379.6172,7602
2026-07-14 07:27:00,379.82,380.1349,379.6172,379.9,5114
2026-07-14 07:28:00,379.85,379.98,379.26,379.61,3248
2026-07-14 07:29:00,379.51,379.6,379.4966,379.5,2336
2026-07-14 07:30:00,379.63,379.9788,379.5,379.9788,3413
2026-07-14 07:31:00,379.9673,380.02,379.75,380.02,4923
2026-07-14 07:32:00,380.16,380.1684,379.83,380,13392
2026-07-14 07:33:00,379.93,380.17,379.8,379.99,6640
2026-07-14 07:34:00,380.1431,380.3856,379.75,380.3856,3775
2026-07-14 07:35:00,380.1,380.4,380.04,380.16,7995
2026-07-14 07:36:00,380.12,380.55,379.95,379.95,14433
2026-07-14 07:37:00,379.9,380.11,379,379.11,5915
2026-07-14 07:38:00,379.34,379.7999,379.13,379.48,5066
2026-07-14 07:39:00,379.6,379.8,379.22,379.563,9748
2026-07-14 07:40:00,379.71,380.4,379.5,379.83,8834
2026-07-14 07:41:00,380.02,380.02,379.3,379.51,4349
2026-07-14 07:42:00,379.4697,379.49,379.11,379.2,2934
2026-07-14 07:43:00,379.48,379.7,378.4988,378.4988,24147
2026-07-14 07:44:00,378.4973,379,378.4,378.81,6202
2026-07-14 07:45:00,378.51,379.46,378.51,379,4382
2026-07-14 07:46:00,378.96,379.09,377.99,378.7,11465
2026-07-14 07:47:00,378.27,378.7,378.27,378.55,4610
2026-07-14 07:48:00,378.66,378.88,378.5,378.82,3464
2026-07-14 07:49:00,378.8416,378.8416,377.8,378.27,7665
2026-07-14 07:50:00,378,378.41,377.8,378.41,5032
2026-07-14 07:51:00,378.41,378.74,378.2,378.5,2310
2026-07-14 07:52:00,378.66,378.75,378.55,378.75,2959
2026-07-14 07:53:00,378.7,379.16,378.7,378.7377,8117
2026-07-14 07:54:00,378.99,379.2,378.97,379.0957,12136
2026-07-14 07:55:00,379.0823,379.45,379.05,379.4258,2311
2026-07-14 07:56:00,379.4,379.4495,378.95,378.95,4426
2026-07-14 07:57:00,379,379,378.55,378.7,3975
2026-07-14 07:58:00,378.86,379.35,378.65,378.8,7976
2026-07-14 07:59:00,378.8,379.23,378.61,378.87,3538
2026-07-14 08:00:00,378.94,379.24,378.6795,379,3311
2026-07-14 08:01:00,379,379.25,378.8,378.8,2495
2026-07-14 08:02:00,378.8,379,378.55,378.9653,4121
2026-07-14 08:03:00,378.8,379.1268,378.55,378.56,7625
2026-07-14 08:04:00,378.79,378.8589,378.6,378.78,2137
2026-07-14 08:05:00,378.961,378.961,378.55,378.7,3486
2026-07-14 08:06:00,378.94,379,378.5,378.78,8169
2026-07-14 08:07:00,378.88,379.02,378.6,379.02,3567
2026-07-14 08:08:00,379.11,379.82,378.65,379.82,17664
2026-07-14 08:09:00,379.49,379.89,379.01,379.45,3492
2026-07-14 08:10:00,379.4065,379.4591,379,379,3452
2026-07-14 08:11:00,378.9,379.01,378.6,378.7,765
2026-07-14 08:12:00,378.89,379.29,378.5,379.29,6380
2026-07-14 08:13:00,379.12,379.2,378.92,379.03,1632
2026-07-14 08:14:00,378.92,379.1,378.5,378.53,6441
2026-07-14 08:15:00,378.97,379,378.25,378.3,12297
2026-07-14 08:16:00,378.31,378.98,378.283,378.8282,2393
2026-07-14 08:17:00,378.28,378.8,378.28,378.5476,1493
2026-07-14 08:18:00,378.3,378.78,378.28,378.6597,1407
2026-07-14 08:19:00,378.7,379,378.7,378.95,1462
2026-07-14 08:20:00,378.8349,379.29,378.8349,379.29,1955
2026-07-14 08:21:00,379.4675,379.4675,378.8,378.887,1650
2026-07-14 08:22:00,378.9,379,378.8905,378.99,4089
2026-07-14 08:23:00,379,379.5,378.99,379.33,2463
2026-07-14 08:24:00,379.23,379.35,378.9982,379,3067
2026-07-14 08:25:00,379,379.1,378.73,378.8,2367
2026-07-14 08:26:00,378.7922,378.9,378.5,378.82,4558
2026-07-14 08:27:00,378.9,379.46,378.9,379.25,2280
2026-07-14 08:28:00,379.3,379.3915,378.45,378.5805,9502
2026-07-14 08:29:00,378.68,379.22,378.45,379.21,8060
2026-07-14 08:30:00,379.092,381.2,379.092,381.03,28364
2026-07-14 08:31:00,381.37,381.43,380.02,380.16,17430
2026-07-14 08:32:00,380.01,380.7,380,380.68,8527
2026-07-14 08:33:00,380.67,380.9,379.5975,379.67,15826
2026-07-14 08:34:00,379.9,380,379.5,379.9545,3375
2026-07-14 08:35:00,379.97,380,379.59,379.95,5286
2026-07-14 08:36:00,379.77,379.98,379.65,379.95,3214
2026-07-14 08:37:00,379.86,379.99,379.25,379.47,7994
2026-07-14 08:38:00,379.5,379.86,379.3,379.31,8363
2026-07-14 08:39:00,379.621,379.98,379.3,379.3,5471
2026-07-14 08:40:00,379.44,379.45,378.42,378.85,18478
2026-07-14 08:41:00,378.76,378.8,378.27,378.4,6910
2026-07-14 08:42:00,378.4276,378.6,377.35,377.35,24257
2026-07-14 08:43:00,378,378.4,377.68,378.3,6545
2026-07-14 08:44:00,378.21,378.4,378.02,378.2,6913
2026-07-14 08:45:00,378.2,378.26,377.8,377.8,11422
2026-07-14 08:46:00,377.8,378.47,377.7,378.45,13638
2026-07-14 08:47:00,378.51,378.76,378.3,378.5,4427
2026-07-14 08:48:00,378.5107,379.12,378.5,379.12,4451
2026-07-14 08:49:00,378.89,379,378.5,378.68,8339
2026-07-14 08:50:00,378.6115,378.94,378.4108,378.7873,4564
2026-07-14 08:51:00,378.82,378.82,378.6,378.7271,14343
2026-07-14 08:52:00,378.82,379.005,378.71,379,4709
2026-07-14 08:53:00,378.9612,379.1192,378.31,378.64,9636
2026-07-14 08:54:00,378.7,378.9,378.56,378.6856,3185
2026-07-14 08:55:00,378.86,378.86,378.4,378.8019,3486
2026-07-14 08:56:00,378.66,378.7999,378.44,378.5,4271
2026-07-14 08:57:00,378.5,378.7,378.38,378.5,6426
2026-07-14 08:58:00,378.78,378.9,378.38,378.86,6147
2026-07-14 08:59:00,378.8673,379.28,378.8,379.25,6052
2026-07-14 09:00:00,379.2,379.5,379.15,379.46,10353
2026-07-14 09:01:00,379.4,379.76,379.4,379.65,10874
2026-07-14 09:02:00,379.5,379.6999,379.49,379.5375,4764
2026-07-14 09:03:00,379.7,379.7,379.2726,379.2726,4573
2026-07-14 09:04:00,379.3216,379.6,379.22,379.22,4231
2026-07-14 09:05:00,379.5467,379.8,379.2901,379.6901,3752
2026-07-14 09:06:00,379.7,379.9757,379.69,379.88,5006
2026-07-14 09:07:00,379.9499,379.99,379.67,379.9538,8066
2026-07-14 09:08:00,379.88,379.98,379.66,379.94,1484
2026-07-14 09:09:00,379.94,380.25,379.94,380.2375,7001
2026-07-14 09:10:00,380.2283,380.48,380.1,380.37,5633
2026-07-14 09:11:00,380.28,380.6329,380.15,380.5323,12795
2026-07-14 09:12:00,380.6,380.7,380.2,380.4,16747
2026-07-14 09:13:00,380.21,380.7,380.21,380.55,6425
2026-07-14 09:14:00,380.48,380.5,380.2,380.4493,5669
2026-07-14 09:15:00,380.4653,380.48,380,380.06,6193
2026-07-14 09:16:00,380.08,380.24,379.85,380,8217
2026-07-14 09:17:00,379.89,380.22,379.7,379.85,4519
2026-07-14 09:18:00,379.85,380.13,379.75,380,5533
2026-07-14 09:19:00,379.9641,379.99,379.3,379.54,7630
2026-07-14 09:20:00,379.51,379.8,379.32,379.7223,16360
2026-07-14 09:21:00,379.9444,380,379.58,379.86,2210
2026-07-14 09:22:00,379.86,379.94,379.7,379.86,1237
2026-07-14 09:23:00,379.94,380.1,379.69,380.1,4905
2026-07-14 09:24:00,380,380.5,380,380.5,4440
2026-07-14 09:25:00,380.5,381.45,380.5,381.15,25706
2026-07-14 09:26:00,381.15,381.15,380.17,380.47,10631
2026-07-14 09:27:00,380.49,382.66,380.02,382.24,25716
2026-07-14 09:28:00,382.6,383,381.79,381.98,11762
2026-07-14 09:29:00,382.16,382.82,381.76,382.82,15777
2026-07-14 09:30:00,382.82,382.82,379.22,380.54,757292
2026-07-14 09:31:00,380.43,380.88,379.7,380.275,169832
2026-07-14 09:32:00,380.32,380.44,378.65,379.15,158569
2026-07-14 09:33:00,379.25,380.06,378.65,379.96,101596
2026-07-14 09:34:00,380.06,381.19,380,381.025,135278
2026-07-14 09:35:00,381.08,381.11,379.73,381.0499,154078
2026-07-14 09:36:00,380.955,381.5899,380.44,380.44,102448
2026-07-14 09:37:00,380.44,381.63,380.32,381.38,85176
2026-07-14 09:38:00,381.3275,382.6091,381.28,382.46,133401
2026-07-14 09:39:00,382.38,382.69,382.17,382.3403,100896
2026-07-14 09:40:00,382.385,382.5,381.71,381.92,74191
2026-07-14 09:41:00,381.9425,382.89,381.88,382.86,70095
2026-07-14 09:42:00,382.87,383.5,382.66,382.865,82263
2026-07-14 09:43:00,382.865,383.4599,382.8364,383.06,64088
2026-07-14 09:44:00,383.16,383.3599,382.9,382.91,91490
2026-07-14 09:45:00,382.9,383.44,382.66,383.095,89176
2026-07-14 09:46:00,383.05,383.09,382.25,382.43,68038
2026-07-14 09:47:00,382.43,382.46,381.7,381.8511,93224
2026-07-14 09:48:00,381.85,383.14,381.7,383.085,59248
2026-07-14 09:49:00,383.17,383.47,382.79,383.39,71923
2026-07-14 09:50:00,383.39,383.7999,383.21,383.365,60701
2026-07-14 09:51:00,383.37,383.58,382.605,383.31,58213
2026-07-14 09:52:00,383.31,383.4,382.24,382.56,70988
2026-07-14 09:53:00,382.565,383.58,382.565,383.535,82818
2026-07-14 09:54:00,383.545,383.89,383.116,383.235,65264
2026-07-14 09:55:00,383.26,383.65,383,383.28,49536
2026-07-14 09:56:00,383.3,383.65,383.08,383.65,49615
2026-07-14 09:57:00,383.61,384.52,383.56,384.44,91952
2026-07-14 09:58:00,384.52,384.96,384.47,384.91,98318
2026-07-14 09:59:00,384.9,385.27,384.78,385.2425,147124
2026-07-14 10:00:00,385.235,385.6,384.99,385.06,101555
2026-07-14 10:01:00,385.06,385.32,384.7,384.9201,115717
2026-07-14 10:02:00,384.92,384.92,384.36,384.83,72277
2026-07-14 10:03:00,384.81,384.8905,383.89,383.95,152169
2026-07-14 10:04:00,383.99,384.06,383.35,383.58,90206
2026-07-14 10:05:00,383.7183,383.7183,382.8,383.63,160908
2026-07-14 10:06:00,383.66,384.02,383.55,383.91,46174
2026-07-14 10:07:00,383.93,384.19,383.61,383.88,56070
2026-07-14 10:08:00,383.89,383.99,383.3201,383.565,48889
2026-07-14 10:09:00,383.565,384.4,383.5301,384.265,50698
2026-07-14 10:10:00,384.265,384.265,383.54,383.595,44729
2026-07-14 10:11:00,383.54,383.61,383.26,383.465,42263
2026-07-14 10:12:00,383.465,383.99,383.43,383.535,49939
2026-07-14 10:13:00,383.55,384.16,383.55,384.15,70159
2026-07-14 10:14:00,384.17,384.76,383.98,384.72,56468
2026-07-14 10:15:00,384.725,384.741,383.815,383.85,124670
2026-07-14 10:16:00,383.83,383.83,383.38,383.465,53215
2026-07-14 10:17:00,383.5,383.68,383.37,383.58,44096
2026-07-14 10:18:00,383.56,383.76,383.26,383.39,55585
2026-07-14 10:19:00,383.39,383.56,383.03,383.425,63310
2026-07-14 10:20:00,383.4275,383.88,383.3601,383.88,46274
2026-07-14 10:21:00,383.905,383.93,383.49,383.505,59691
2026-07-14 10:22:00,383.51,384.2113,383.43,384.12,69526
2026-07-14 10:23:00,384.105,384.3,383.7,384.28,54283
2026-07-14 10:24:00,384.295,384.65,384.16,384.605,44627
2026-07-14 10:25:00,384.6236,384.72,384.0934,384.35,31895
2026-07-14 10:26:00,384.3075,384.62,384.06,384.315,46849
2026-07-14 10:27:00,384.27,384.42,384.02,384.365,30497
2026-07-14 10:28:00,384.36,384.57,384.2881,384.51,34279
2026-07-14 10:29:00,384.51,384.66,384.34,384.61,45036
2026-07-14 10:30:00,384.61,385.02,384.495,384.853,55953
2026-07-14 10:31:00,384.93,385.24,384.76,385.02,55806
2026-07-14 10:32:00,385.0161,385.1,384.82,384.98,40589
2026-07-14 10:33:00,384.93,385.7,384.91,385.45,44504
2026-07-14 10:34:00,385.39,386.52,385.28,385.7601,104251
2026-07-14 10:35:00,385.815,385.855,385.22,385.7,53781
2026-07-14 10:36:00,385.65,386.1396,385.55,385.55,49932
2026-07-14 10:37:00,385.585,385.59,385.25,385.5001,44097
2026-07-14 10:38:00,385.55,386.32,385.47,386.28,48097
2026-07-14 10:39:00,386.265,386.38,385.97,386.13,68610
2026-07-14 10:40:00,386.13,386.52,386.13,386.295,69680
2026-07-14 10:41:00,386.295,386.3599,385.66,385.91,47269
2026-07-14 10:42:00,385.824,386.17,385.77,386.12,50963
2026-07-14 10:43:00,386.07,386.18,385.74,385.88,34344
2026-07-14 10:44:00,385.93,386.04,385.57,385.89,29680
2026-07-14 10:45:00,385.89,386.31,385.8301,386.24,45939
2026-07-14 10:46:00,386.2,386.43,386.13,386.25,29998
2026-07-14 10:47:00,386.28,386.68,386.21,386.515,47226
2026-07-14 10:48:00,386.45,387,386.4428,386.78,53886
2026-07-14 10:49:00,386.7,386.78,386.44,386.78,33916
2026-07-14 10:50:00,386.71,386.73,386.206,386.365,31751
2026-07-14 10:51:00,386.36,386.52,386.095,386.27,28254
2026-07-14 10:52:00,386.27,386.55,386.2,386.48,20855
2026-07-14 10:53:00,386.46,386.88,386.39,386.8,25393
2026-07-14 10:54:00,386.72,386.97,386.65,386.915,26596
2026-07-14 10:55:00,386.915,387.06,386.6,387.0325,34601
2026-07-14 10:56:00,386.97,387.11,386.79,386.81,37605
2026-07-14 10:57:00,386.85,387.74,386.85,387.695,32051
2026-07-14 10:58:00,387.6299,387.7499,387.3298,387.405,26111
2026-07-14 10:59:00,387.405,387.63,387.28,387.46,45488
2026-07-14 11:00:00,387.49,387.66,387.17,387.235,28988
2026-07-14 11:01:00,387.205,387.33,387.03,387.065,26269
2026-07-14 11:02:00,387.08,387.16,386.81,386.81,20770
2026-07-14 11:03:00,386.81,386.81,386.24,386.67,61173
2026-07-14 11:04:00,386.621,387.5,386.5604,387.17,43225
2026-07-14 11:05:00,387.1,387.17,386.856,387,17587
2026-07-14 11:06:00,387.06,387.3,387.015,387.175,13774
2026-07-14 11:07:00,387.18,387.26,387.01,387.06,21535
2026-07-14 11:08:00,387.06,387.23,386.93,387.165,17454
2026-07-14 11:09:00,387.12,387.27,386.937,387.0175,23464
2026-07-14 11:10:00,386.97,387.13,386.43,386.44,30136
2026-07-14 11:11:00,386.45,386.61,386.17,386.425,41073
2026-07-14 11:12:00,386.43,386.5,386,386.25,30363
2026-07-14 11:13:00,386.22,386.46,386.02,386.23,43090
2026-07-14 11:14:00,386.24,386.41,386.01,386.05,38787
2026-07-14 11:15:00,386.09,386.2054,385.8421,386.035,43244
2026-07-14 11:16:00,386.09,386.1,385.9015,386.0225,26964
2026-07-14 11:17:00,386.02,386.2,385.94,385.98,35278
2026-07-14 11:18:00,385.965,386.17,385.8501,386.035,35577
2026-07-14 11:19:00,385.97,386.1579,385.75,385.765,21717
2026-07-14 11:20:00,385.7625,386.25,385.65,386.235,31372
2026-07-14 11:21:00,386.1667,386.23,386,386.05,28127
2026-07-14 11:22:00,386.07,386.17,385.94,385.96,24998
2026-07-14 11:23:00,385.96,386.17,385.88,386.135,20347
2026-07-14 11:24:00,386.135,386.18,385.88,386.085,24324
2026-07-14 11:25:00,386.085,386.2,385.65,385.68,39023
2026-07-14 11:26:00,385.7025,385.875,385.6001,385.62,24887
2026-07-14 11:27:00,385.7,385.77,385.45,385.7551,49665
2026-07-14 11:28:00,385.78,385.88,385.66,385.7308,19675
2026-07-14 11:29:00,385.7277,386,385.7,385.85,24172
2026-07-14 11:30:00,385.86,386.1,385.835,385.96,33715
2026-07-14 11:31:00,385.98,386.07,385.845,386.06,16818
2026-07-14 11:32:00,386.03,386.22,385.99,386.02,39915
2026-07-14 11:33:00,386,386.18,385.9,385.96,120533
2026-07-14 11:34:00,386,386.1599,385.81,385.965,33145
2026-07-14 11:35:00,385.965,386.16,385.71,385.765,26690
2026-07-14 11:36:00,385.82,385.82,385.2,385.205,37627
2026-07-14 11:37:00,385.14,385.59,385.1,385.4,36628
2026-07-14 11:38:00,385.445,385.55,385.27,385.515,24339
2026-07-14 11:39:00,385.54,385.76,385.42,385.73,30150
2026-07-14 11:40:00,385.73,385.7599,385.45,385.555,26947
2026-07-14 11:41:00,385.53,385.59,385.23,385.34,47615
2026-07-14 11:42:00,385.38,385.45,385.066,385.135,40801
2026-07-14 11:43:00,385.145,385.1787,384.7183,384.78,59312
2026-07-14 11:44:00,384.8,385,384.68,384.74,41967
2026-07-14 11:45:00,384.7159,384.75,384.41,384.42,29353
2026-07-14 11:46:00,384.46,384.77,384.42,384.6,31586
2026-07-14 11:47:00,384.5996,384.91,384.5996,384.91,31529
2026-07-14 11:48:00,384.88,384.91,384.57,384.81,43546
2026-07-14 11:49:00,384.81,384.82,384.53,384.73,36453
2026-07-14 11:50:00,384.73,384.9299,384.73,384.82,67145
2026-07-14 11:51:00,384.77,385.195,384.73,385.086,40156
2026-07-14 11:52:00,385.12,385.39,385.05,385.16,23685
2026-07-14 11:53:00,385.1525,385.43,385.1525,385.335,14588
2026-07-14 11:54:00,385.38,385.43,385.05,385.05,13810
2026-07-14 11:55:00,385.05,385.14,384.88,384.89,48664
2026-07-14 11:56:00,384.89,385.074,384.83,384.885,13278
2026-07-14 11:57:00,384.85,385.02,384.7,384.78,26607
2026-07-14 11:58:00,384.781,384.862,384.52,384.59,30326
2026-07-14 11:59:00,384.59,384.78,384.5,384.78,24063
2026-07-14 12:00:00,384.75,384.75,384.38,384.4343,24252
2026-07-14 12:01:00,384.39,384.57,384.24,384.365,21692
2026-07-14 12:02:00,384.325,384.48,384.26,384.34,20962
2026-07-14 12:03:00,384.32,384.3799,384.16,384.205,20313
2026-07-14 12:04:00,384.2,384.36,384.14,384.3299,18925
2026-07-14 12:05:00,384.28,384.4799,384.21,384.3,15947
2026-07-14 12:06:00,384.29,384.55,384.2,384.525,13552
2026-07-14 12:07:00,384.5,384.525,384.3,384.385,28967
2026-07-14 12:08:00,384.385,384.58,384.255,384.555,15018
2026-07-14 12:09:00,384.59,384.88,384.5,384.85,30928
2026-07-14 12:10:00,384.85,384.92,384.69,384.774,19764
2026-07-14 12:11:00,384.81,384.84,384.435,384.64,17295
2026-07-14 12:12:00,384.64,384.75,384.52,384.64,12411
2026-07-14 12:13:00,384.64,385.02,384.6,385,35810
2026-07-14 12:14:00,384.98,385.16,384.935,385.125,16542
2026-07-14 12:15:00,385.125,385.35,384.95,385.325,19147
2026-07-14 12:16:00,385.36,385.45,385.24,385.3,22352
2026-07-14 12:17:00,385.3,385.33,384.94,385.28,20111
2026-07-14 12:18:00,385.31,385.46,385.31,385.46,14415
2026-07-14 12:19:00,385.45,385.45,385.05,385.2368,15642
2026-07-14 12:20:00,385.274,385.43,385.2,385.325,24934
2026-07-14 12:21:00,385.325,385.39,385.15,385.245,20386
2026-07-14 12:22:00,385.245,385.55,385.18,385.425,24794
2026-07-14 12:23:00,385.425,385.81,385.425,385.81,28048
2026-07-14 12:24:00,385.77,386,385.72,385.9425,26392
2026-07-14 12:25:00,385.935,385.98,385.7,385.88,29522
2026-07-14 12:26:00,385.84,386.14,385.84,386.09,29204
2026-07-14 12:27:00,386.0505,386.42,386,386.42,35160
2026-07-14 12:28:00,386.39,386.49,386.2401,386.48,52044
2026-07-14 12:29:00,386.49,386.65,386.4,386.62,39886
2026-07-14 12:30:00,386.62,386.82,386.37,386.6654,34257
2026-07-14 12:31:00,386.695,386.805,386.519,386.68,16133
2026-07-14 12:32:00,386.64,386.81,386.541,386.7099,37125
2026-07-14 12:33:00,386.665,386.8083,386.61,386.78,19195
2026-07-14 12:34:00,386.81,386.96,386.68,386.96,31117
2026-07-14 12:35:00,386.93,387.3,386.84,387.265,29616
2026-07-14 12:36:00,387.28,387.5,387.26,387.44,29141
2026-07-14 12:37:00,387.42,387.47,387.21,387.225,21071
2026-07-14 12:38:00,387.2,387.25,386.96,387.17,21687
2026-07-14 12:39:00,387.12,387.31,387.07,387.23,24689
2026-07-14 12:40:00,387.1701,387.25,387.03,387.06,18694
2026-07-14 12:41:00,387.12,387.14,387,387.1186,20622
2026-07-14 12:42:00,387.07,387.18,386.99,387.155,24557
2026-07-14 12:43:00,387.16,387.19,386.97,387.01,51571
2026-07-14 12:44:00,387,387.06,386.73,386.82,44546
2026-07-14 12:45:00,386.87,387.02,386.8284,386.8856,24878
2026-07-14 12:46:00,386.9,386.95,386.71,386.94,12567
2026-07-14 12:47:00,386.95,387.14,386.91,387.1199,9438
2026-07-14 12:48:00,387.01,387.06,386.84,387.05,17525
2026-07-14 12:49:00,387.045,387.21,387.04,387.195,34111
2026-07-14 12:50:00,387.15,387.21,387,387.11,15691
2026-07-14 12:51:00,387.09,387.17,387,387.03,16063
2026-07-14 12:52:00,387.03,387.3299,387,387.315,30296
2026-07-14 12:53:00,387.3,387.42,387.25,387.3499,16181
2026-07-14 12:54:00,387.34,387.37,387.19,387.35,32213
2026-07-14 12:55:00,387.345,387.53,387.29,387.3999,22288
2026-07-14 12:56:00,387.34,387.5995,387.34,387.46,23290
2026-07-14 12:57:00,387.459,387.4774,387.255,387.3899,19467
2026-07-14 12:58:00,387.37,387.46,387.31,387.43,12844
2026-07-14 12:59:00,387.395,387.5599,387.38,387.53,19279
2026-07-14 13:00:00,387.5599,387.84,387.48,387.84,35331
2026-07-14 13:01:00,387.8399,388.17,387.6505,388.1499,42318
2026-07-14 13:02:00,388.11,388.19,387.915,387.95,33945
2026-07-14 13:03:00,387.9999,387.9999,387.57,387.63,35685
2026-07-14 13:04:00,387.6799,387.7,387.4,387.53,26334
2026-07-14 13:05:00,387.55,387.65,387.43,387.605,20258
2026-07-14 13:06:00,387.64,387.6499,387.37,387.505,35575
2026-07-14 13:07:00,387.5051,387.6,387.27,387.32,20847
2026-07-14 13:08:00,387.275,387.38,387.22,387.335,33966
2026-07-14 13:09:00,387.325,387.36,387.08,387.12,30513
2026-07-14 13:10:00,387.13,387.17,387.035,387.11,24052
2026-07-14 13:11:00,387.1,387.16,387.08,387.095,17718
2026-07-14 13:12:00,387.1699,387.1699,387,387,27684
2026-07-14 13:13:00,387,387.12,386.6201,386.675,105403
2026-07-14 13:14:00,386.685,386.685,386.41,386.49,20600
2026-07-14 13:15:00,386.53,386.64,386.2,386.55,46444
2026-07-14 13:16:00,386.545,386.66,386.49,386.57,11355
2026-07-14 13:17:00,386.565,386.6,386.43,386.495,13126
2026-07-14 13:18:00,386.5,386.56,386.39,386.465,12607
2026-07-14 13:19:00,386.485,386.65,386.46,386.5825,12667
2026-07-14 13:20:00,386.63,386.75,386.5,386.65,19117
2026-07-14 13:21:00,386.63,386.67,386.52,386.615,13171
2026-07-14 13:22:00,386.64,386.7197,386.52,386.675,13944
2026-07-14 13:23:00,386.68,386.74,386.53,386.71,12442
2026-07-14 13:24:00,386.7399,386.83,386.68,386.705,12040
2026-07-14 13:25:00,386.68,386.77,386.61,386.7,14310
2026-07-14 13:26:00,386.7,386.87,386.66,386.714,15283
2026-07-14 13:27:00,386.6701,386.72,386.565,386.67,13174
2026-07-14 13:28:00,386.632,386.76,386.59,386.68,16784
2026-07-14 13:29:00,386.7,386.77,386.63,386.71,13214
2026-07-14 13:30:00,386.72,386.75,386.4514,386.55,13450
2026-07-14 13:31:00,386.54,387.1,386.54,387.01,31870
2026-07-14 13:32:00,387.044,387.28,386.99,387.19,30686
2026-07-14 13:33:00,387.22,387.34,387.1,387.16,12010
2026-07-14 13:34:00,387.08,387.15,386.91,387.1077,21671
2026-07-14 13:35:00,387.08,387.08,386.7601,386.97,54652
2026-07-14 13:36:00,386.94,387.0899,386.77,386.79,28459
2026-07-14 13:37:00,386.824,386.97,386.71,386.81,13112
2026-07-14 13:38:00,386.81,386.95,386.75,386.9,24768
2026-07-14 13:39:00,386.8501,386.97,386.8,386.81,8168
2026-07-14 13:40:00,386.85,386.88,386.7005,386.72,16776
2026-07-14 13:41:00,386.745,386.9495,386.66,386.82,17516
2026-07-14 13:42:00,386.865,387.0907,386.8301,386.985,26510
2026-07-14 13:43:00,386.91,387.02,386.89,386.95,16171
2026-07-14 13:44:00,386.95,387.3,386.93,387.2909,15515
2026-07-14 13:45:00,387.265,387.2709,387.02,387.0875,16860
2026-07-14 13:46:00,387.1,387.11,387,387.05,21762
2026-07-14 13:47:00,387.07,387.14,387,387.1,28467
2026-07-14 13:48:00,387.12,387.26,387.12,387.24,18085
2026-07-14 13:49:00,387.27,387.3,387.12,387.12,15461
2026-07-14 13:50:00,387.11,387.14,387.02,387.09,15946
2026-07-14 13:51:00,387.12,387.2177,387.02,387.1785,15948
2026-07-14 13:52:00,387.2199,387.28,387,387.05,17576
2026-07-14 13:53:00,387.05,387.18,387,387.065,40126
2026-07-14 13:54:00,387.065,387.2299,387.01,387.2,15888
2026-07-14 13:55:00,387.23,387.23,387.05,387.0905,11096
2026-07-14 13:56:00,387.115,387.19,387.02,387.1411,18298
2026-07-14 13:57:00,387.16,387.3299,387.14,387.295,20663
2026-07-14 13:58:00,387.295,387.42,387.18,387.19,31452
2026-07-14 13:59:00,387.19,387.25,387.11,387.14,12799
2026-07-14 14:00:00,387.14,387.27,387.14,387.16,20460
2026-07-14 14:01:00,387.165,387.24,387.01,387.21,15594
2026-07-14 14:02:00,387.2,387.3531,387.19,387.29,34246
2026-07-14 14:03:00,387.295,387.63,387.27,387.49,37940
2026-07-14 14:04:00,387.51,387.5899,387.395,387.515,17322
2026-07-14 14:05:00,387.48,387.4971,387.21,387.35,13924
2026-07-14 14:06:00,387.36,387.47,387.3419,387.39,31306
2026-07-14 14:07:00,387.384,387.384,387.08,387.23,20717
2026-07-14 14:08:00,387.2219,387.23,387.09,387.1799,17787
2026-07-14 14:09:00,387.1,387.167,386.94,387.04,43356
2026-07-14 14:10:00,387.04,387.1599,387,387,14317
2026-07-14 14:11:00,387.04,387.04,386.68,386.79,32090
2026-07-14 14:12:00,386.76,386.85,386.71,386.735,12480
2026-07-14 14:13:00,386.71,386.96,386.71,386.875,25614
2026-07-14 14:14:00,386.8835,386.8835,386.72,386.77,19181
2026-07-14 14:15:00,386.74,386.84,386.68,386.8257,11420
2026-07-14 14:16:00,386.79,386.85,386.68,386.7899,21055
2026-07-14 14:17:00,386.71,386.79,386.58,386.5901,16858
2026-07-14 14:18:00,386.6,386.66,386.5,386.6,15820
2026-07-14 14:19:00,386.6,386.6295,386.36,386.4,16786
2026-07-14 14:20:00,386.36,386.44,386.26,386.434,22851
2026-07-14 14:21:00,386.352,386.5362,386.27,386.394,21295
2026-07-14 14:22:00,386.42,387.0295,386.385,387.02,26089
2026-07-14 14:23:00,387.03,387.2399,386.96,387.13,37269
2026-07-14 14:24:00,387.135,387.15,386.76,386.88,27331
2026-07-14 14:25:00,386.83,386.95,386.74,386.91,22644
2026-07-14 14:26:00,386.93,386.98,386.86,386.92,15521
2026-07-14 14:27:00,386.95,387.1,386.86,387.09,27392
2026-07-14 14:28:00,387.09,387.16,387.02,387.15,27069
2026-07-14 14:29:00,387.16,387.16,386.83,386.9,11663
2026-07-14 14:30:00,386.9,386.9168,386.71,386.815,11770
2026-07-14 14:31:00,386.8175,386.91,386.72,386.91,15357
2026-07-14 14:32:00,386.93,386.95,386.7,386.76,13140
2026-07-14 14:33:00,386.745,386.79,386.65,386.715,17531
2026-07-14 14:34:00,386.7,386.92,386.68,386.8,17365
2026-07-14 14:35:00,386.78,386.83,386.62,386.74,12335
2026-07-14 14:36:00,386.72,386.83,386.59,386.62,11056
2026-07-14 14:37:00,386.645,386.74,386.33,386.6801,31839
2026-07-14 14:38:00,386.68,386.68,386.5,386.55,17502
2026-07-14 14:39:00,386.54,386.66,386.5,386.63,16716
2026-07-14 14:40:00,386.62,386.62,386.5,386.51,17274
2026-07-14 14:41:00,386.51,386.57,386.01,386.38,80010
2026-07-14 14:42:00,386.38,386.42,386.2013,386.375,14103
2026-07-14 14:43:00,386.375,386.3908,386.2001,386.29,16770
2026-07-14 14:44:00,386.32,386.64,386.3,386.59,39156
2026-07-14 14:45:00,386.63,386.64,386.38,386.44,20753
2026-07-14 14:46:00,386.4,386.45,386.28,386.3799,24469
2026-07-14 14:47:00,386.35,386.44,386.2,386.44,20592
2026-07-14 14:48:00,386.4275,386.48,386.33,386.37,20289
2026-07-14 14:49:00,386.37,386.4299,386.08,386.1,16752
2026-07-14 14:50:00,386.1,386.135,385.815,385.87,22646
2026-07-14 14:51:00,385.83,386.06,385.7753,385.83,48093
2026-07-14 14:52:00,385.795,385.795,385.565,385.64,27535
2026-07-14 14:53:00,385.64,385.8299,385.6,385.64,14234
2026-07-14 14:54:00,385.64,385.6736,385.34,385.34,29571
2026-07-14 14:55:00,385.34,385.45,385.3,385.32,23960
2026-07-14 14:56:00,385.32,385.41,385.28,385.38,17485
2026-07-14 14:57:00,385.375,385.53,385.34,385.38,22996
2026-07-14 14:58:00,385.38,385.44,385.29,385.35,22666
2026-07-14 14:59:00,385.3799,385.3799,385.25,385.2731,18008
2026-07-14 15:00:00,385.315,385.6,385.26,385.26,33894
2026-07-14 15:01:00,385.29,385.38,385.22,385.23,22002
2026-07-14 15:02:00,385.2513,385.31,385.16,385.22,20216
2026-07-14 15:03:00,385.2499,385.2499,385.05,385.16,23860
2026-07-14 15:04:00,385.08,385.18,384.95,385,44843
2026-07-14 15:05:00,384.99,385.16,384.99,385.13,32661
2026-07-14 15:06:00,385.0801,385.27,385.06,385.25,50355
2026-07-14 15:07:00,385.2665,385.28,385.08,385.205,22564
2026-07-14 15:08:00,385.22,385.33,385.16,385.235,11406
2026-07-14 15:09:00,385.25,385.31,385.2,385.2,14233
2026-07-14 15:10:00,385.23,385.31,385.19,385.26,14265
2026-07-14 15:11:00,385.26,385.34,385.09,385.2,21698
2026-07-14 15:12:00,385.2,385.44,385.08,385.39,27729
2026-07-14 15:13:00,385.37,385.7189,385.37,385.6,46690
2026-07-14 15:14:00,385.63,385.82,385.61,385.7801,23225
2026-07-14 15:15:00,385.78,385.78,385.59,385.625,23596
2026-07-14 15:16:00,385.59,385.71,385.54,385.6555,29729
2026-07-14 15:17:00,385.68,385.8089,385.6708,385.73,27718
2026-07-14 15:18:00,385.73,385.81,385.5,385.7975,33085
2026-07-14 15:19:00,385.795,385.81,385.705,385.77,14769
2026-07-14 15:20:00,385.785,385.84,385.635,385.635,23672
2026-07-14 15:21:00,385.645,385.8351,385.62,385.795,20352
2026-07-14 15:22:00,385.8,385.88,385.67,385.73,15566
2026-07-14 15:23:00,385.715,385.85,385.715,385.82,27898
2026-07-14 15:24:00,385.805,385.95,385.78,385.94,17318
2026-07-14 15:25:00,385.94,385.97,385.8,385.86,26586
2026-07-14 15:26:00,385.83,385.87,385.73,385.84,22685
2026-07-14 15:27:00,385.84,386.35,385.8101,386.3205,38297
2026-07-14 15:28:00,386.335,386.335,386.06,386.12,26767
2026-07-14 15:29:00,386.125,386.1531,386.04,386.1304,18841
2026-07-14 15:30:00,386.105,386.16,385.77,386.03,45153
2026-07-14 15:31:00,386.05,386.05,385.7581,385.97,28184
2026-07-14 15:32:00,385.9601,386.07,385.76,385.8,31486
2026-07-14 15:33:00,385.83,385.99,385.73,385.735,36627
2026-07-14 15:34:00,385.735,385.7525,385.55,385.565,25557
2026-07-14 15:35:00,385.5795,385.72,385.5,385.71,29305
2026-07-14 15:36:00,385.71,385.72,385.575,385.72,25056
2026-07-14 15:37:00,385.71,385.72,385.5,385.54,29966
2026-07-14 15:38:00,385.525,385.58,385.345,385.345,75785
2026-07-14 15:39:00,385.3,385.4,385.2,385.26,30180
2026-07-14 15:40:00,385.3,385.39,384.91,384.92,52364
2026-07-14 15:41:00,384.92,385.03,384.83,384.88,34401
2026-07-14 15:42:00,384.8635,384.91,384.73,384.9,38342
2026-07-14 15:43:00,384.9,385.4406,384.85,385.394,48164
2026-07-14 15:44:00,385.4,385.48,385.35,385.445,28404
2026-07-14 15:45:00,385.445,385.56,385.25,385.295,47670
2026-07-14 15:46:00,385.31,385.49,385.16,385.34,37691
2026-07-14 15:47:00,385.295,385.35,385.21,385.305,24646
2026-07-14 15:48:00,385.305,385.6252,385.305,385.46,30439
2026-07-14 15:49:00,385.45,385.54,385.43,385.51,32897
2026-07-14 15:50:00,385.52,386.04,385.45,385.64,86135
2026-07-14 15:51:00,385.64,385.65,385.385,385.53,133676
2026-07-14 15:52:00,385.52,385.59,385.42,385.465,62978
2026-07-14 15:53:00,385.49,386.22,385.48,386.135,106474
2026-07-14 15:54:00,386.135,386.2295,384.86,385.11,186685
2026-07-14 15:55:00,385.11,385.54,384.8,385.17,165147
2026-07-14 15:56:00,385.155,385.43,384.94,385.12,179888
2026-07-14 15:57:00,385.11,385.42,385,385.19,147381
2026-07-14 15:58:00,385.19,385.52,385.19,385.28,298623
2026-07-14 15:59:00,385.275,385.33,384.87,384.94,427091
2026-07-14 16:00:00,384.93,385.38,384.73,385.0286,4843732
2026-07-14 16:01:00,385,385.09,385,385.09,6765
2026-07-14 16:02:00,385.145,385.19,385.08,385.1845,1577
2026-07-14 16:03:00,385.15,385.2,385.15,385.2,612
2026-07-14 16:04:00,385.22,385.26,385.22,385.26,1074
2026-07-14 16:05:00,385.215,385.49,385.18,385.19,2628
2026-07-14 16:06:00,385.21,385.24,385.21,385.24,100
2026-07-14 16:07:00,385.25,385.4,385.24,385.4,754
2026-07-14 16:08:00,385.2172,385.2172,385.2172,385.2172,41
2026-07-14 16:09:00,385.31,385.31,385.18,385.25,5978
2026-07-14 16:10:00,385.25,385.25,385.1,385.15,1542
2026-07-14 16:11:00,385.14,385.15,385,385.07,6682
2026-07-14 16:12:00,385.1,385.1,385.1,385.1,2633
2026-07-14 16:13:00,385.1,385.1,385.1,385.1,4739
2026-07-14 16:14:00,385.1753,385.18,385,385,1215
2026-07-14 16:15:00,385.09,385.09,385.09,385.09,88
2026-07-14 16:16:00,385.18,385.18,385.1504,385.1504,210
2026-07-14 16:17:00,385.15,385.15,385.14,385.15,674
2026-07-14 16:18:00,385.13,385.25,385.06,385.06,1300
2026-07-14 16:19:00,385.2183,385.22,385.2183,385.22,140
2026-07-14 16:21:00,385.15,385.15,385.1465,385.15,185
2026-07-14 16:22:00,385.2,385.2,385.2,385.2,132
2026-07-14 16:23:00,385.1264,385.13,384.93,384.93,2926
2026-07-14 16:25:00,385.2,385.2,385.2,385.2,45
2026-07-14 16:26:00,385.3,385.3,385.3,385.3,50
2026-07-14 16:27:00,385.3,385.3,385.12,385.25,149
2026-07-14 16:28:00,385.162,385.162,385.162,385.162,50
2026-07-14 16:29:00,385.3,385.3,385.3,385.3,362
2026-07-14 16:30:00,385.16,385.7,385.15,385.5,2624
2026-07-14 16:31:00,385.46,385.49,385.46,385.49,1300
2026-07-14 16:32:00,385.39,385.39,385.39,385.39,72
2026-07-14 16:33:00,385.4174,385.4174,385.4174,385.4174,100
2026-07-14 16:34:00,385.44,385.45,385.44,385.45,143
2026-07-14 16:35:00,385.38,385.4152,385.38,385.4152,198
2026-07-14 16:36:00,385.44,385.45,385.44,385.45,348
2026-07-14 16:37:00,385.45,385.45,385.45,385.45,106
2026-07-14 16:38:00,385.5,385.5,385.41,385.41,145
2026-07-14 16:39:00,385.45,385.45,385.45,385.45,281
2026-07-14 16:40:00,385.49,385.7,385.49,385.6,551
2026-07-14 16:41:00,385.5305,385.5305,385.5305,385.5305,50
2026-07-14 16:42:00,385.3294,385.48,385.308,385.48,664
2026-07-14 16:43:00,385.49,385.55,385.48,385.5,2201
2026-07-14 16:44:00,385.45,385.45,385.45,385.45,93
2026-07-14 16:45:00,385.4087,385.4087,385.31,385.31,304
2026-07-14 16:46:00,385.4,385.4,385.32,385.32,567
2026-07-14 16:47:00,385.31,385.3176,385.3,385.3176,520
2026-07-14 16:48:00,385.32,385.32,385.32,385.32,405
2026-07-14 16:49:00,385.31,385.31,385.29,385.29,847
2026-07-14 16:50:00,385.26,385.26,385.26,385.26,96
2026-07-14 16:51:00,385.26,385.26,385.26,385.26,1000
2026-07-14 16:52:00,385.2618,385.2618,385.2618,385.2618,201
2026-07-14 16:53:00,385.2995,385.2995,385.292,385.292,200
2026-07-14 16:54:00,385.3,385.32,385.29,385.29,261
2026-07-14 16:55:00,385.2901,385.2901,385.2901,385.2901,590
2026-07-14 16:56:00,385.32,385.32,385.305,385.32,324
2026-07-14 16:57:00,385.32,385.32,385.31,385.32,1003
2026-07-14 16:58:00,385.32,385.32,385.3159,385.32,787
2026-07-14 16:59:00,385.32,385.35,385.31,385.35,1834
2026-07-14 17:00:00,385.32,385.45,385.32,385.3365,247
2026-07-14 17:01:00,385.41,385.6,385.4,385.6,428
2026-07-14 17:02:00,385.49,385.5,385.47,385.47,220
2026-07-14 17:03:00,385.51,385.5789,385.51,385.55,451
2026-07-14 17:04:00,385.5065,385.59,385.5,385.59,291
2026-07-14 17:05:00,385.5,385.5,385.5,385.5,250
2026-07-14 17:06:00,385.57,385.59,385.57,385.5726,315
2026-07-14 17:07:00,385.58,385.6,385.58,385.6,935
2026-07-14 17:08:00,385.6221,385.6221,385.6221,385.6221,100
2026-07-14 17:09:00,385.65,385.65,385.65,385.65,50
2026-07-14 17:10:00,385.65,385.7346,385.6,385.6,1405
2026-07-14 17:11:00,385.6,385.63,385.6,385.63,355
2026-07-14 17:12:00,385.6,385.65,385.6,385.65,295
2026-07-14 17:13:00,385.65,385.65,385.65,385.65,55
2026-07-14 17:14:00,385.7,385.7,385.7,385.7,50
2026-07-14 17:15:00,385.71,385.71,385.7,385.7,140
2026-07-14 17:16:00,385.7479,385.7479,385.7479,385.7479,50
2026-07-14 17:17:00,385.73,385.76,385.6235,385.76,723
2026-07-14 17:20:00,385.7,385.76,385.7,385.76,798
2026-07-14 17:22:00,385.6,385.6,385.55,385.6,234
2026-07-14 17:24:00,385.58,385.58,385.4,385.4,2646
2026-07-14 17:25:00,385.4,385.4,385.39,385.4,539
2026-07-14 17:27:00,385.4,385.4,385.3501,385.3501,463
2026-07-14 17:28:00,385.36,385.36,385.35,385.35,548
2026-07-14 17:29:00,385.31,385.35,385.26,385.3,780
2026-07-14 17:30:00,385.2,385.2,385.1304,385.1304,243
2026-07-14 17:31:00,385.15,385.15,385.1,385.1,240
2026-07-14 17:32:00,385,385.07,385,385.01,1141
2026-07-14 17:33:00,385.07,385.1,385.0652,385.1,479
2026-07-14 17:34:00,385.1,385.1,385.08,385.08,540
2026-07-14 17:36:00,385.01,385.01,385.01,385.01,45
2026-07-14 17:37:00,385.1,385.1,385.1,385.1,127
2026-07-14 17:39:00,385.01,385.04,385.01,385.04,128
2026-07-14 17:40:00,385.092,385.092,384.9467,384.9467,1057
2026-07-14 17:41:00,384.94,384.9982,384.94,384.9982,3098
2026-07-14 17:42:00,384.99,384.99,384.99,384.99,133
2026-07-14 17:43:00,384.99,385,384.99,385,850
2026-07-14 17:44:00,384.95,384.98,384.94,384.94,662
2026-07-14 17:45:00,384.94,384.9417,384.94,384.9417,480
2026-07-14 17:46:00,384.94,384.94,384.88,384.88,240
2026-07-14 17:47:00,384.9,384.9,384.7834,384.7834,199
2026-07-14 17:48:00,384.92,385,384.92,385,453
2026-07-14 17:49:00,384.8268,385.2376,384.82,385.2376,1337
2026-07-14 17:50:00,385.2061,385.2061,385.2061,385.2061,300
2026-07-14 17:51:00,385.2041,385.2041,385,385,350
2026-07-14 17:54:00,385.05,385.1,385.05,385.0939,301
2026-07-14 17:55:00,385.1,385.1,385.1,385.1,360
2026-07-14 17:56:00,385.14,385.25,385.14,385.25,1254
2026-07-14 17:58:00,385.2064,385.2064,385.1401,385.1504,573
2026-07-14 17:59:00,385.1501,385.2109,385.1501,385.2109,890
2026-07-14 18:00:00,385.2,385.35,385.2,385.21,2043
2026-07-14 18:01:00,385.31,385.31,385.31,385.31,78
2026-07-14 18:02:00,385.51,385.58,385.31,385.31,256
2026-07-14 18:03:00,385.48,385.48,385.48,385.48,80
2026-07-14 18:04:00,385.48,385.5197,385.3614,385.3614,143
2026-07-14 18:05:00,385.4,385.4,385.4,385.4,100
2026-07-14 18:06:00,385.38,385.38,385.38,385.38,40
2026-07-14 18:07:00,385.39,385.4523,385.25,385.4523,593
2026-07-14 18:08:00,385.22,385.38,385.22,385.38,287
2026-07-14 18:09:00,385.2,385.39,385.2,385.39,303
2026-07-14 18:10:00,385.22,385.5899,385.2,385.5899,321
2026-07-14 18:11:00,385.2,385.2,385.07,385.07,1208
2026-07-14 18:12:00,385.1376,385.1376,385.1376,385.1376,40
2026-07-14 18:13:00,385.11,385.11,385.08,385.08,240
2026-07-14 18:14:00,385.07,385.07,385.07,385.07,120
2026-07-14 18:15:00,385,385,385,385,333
2026-07-14 18:16:00,384.95,385,384.95,385,620
2026-07-14 18:18:00,384.74,385.3,384.74,385.3,317
2026-07-14 18:19:00,385.4104,385.4104,385.4104,385.4104,50
2026-07-14 18:20:00,385.43,385.43,385.395,385.395,90
2026-07-14 18:22:00,385.4314,385.4314,385.4314,385.4314,205
2026-07-14 18:23:00,385.49,385.49,385.49,385.49,50
2026-07-14 18:24:00,385.4,385.4,385.4,385.4,50
2026-07-14 18:26:00,385.2513,385.2513,385.2513,385.2513,100
2026-07-14 18:27:00,385.3,385.32,385.3,385.32,1100
2026-07-14 18:28:00,385.35,385.35,385.35,385.35,800
2026-07-14 18:29:00,385.32,385.32,385.32,385.32,80
2026-07-14 18:30:00,385.34,385.3936,385.34,385.3936,663
2026-07-14 18:31:00,385.4,385.4,385.4,385.4,40
2026-07-14 18:32:00,385.3998,385.3998,385.3998,385.3998,100
2026-07-14 18:34:00,385.4,385.5,385.4,385.5,639
2026-07-14 18:35:00,385.5,385.56,385.5,385.56,544
2026-07-14 18:38:00,385.5,385.5,385.5,385.5,50
2026-07-14 18:39:00,385.6,385.63,385.6,385.63,827
2026-07-14 18:40:00,385.6431,385.6431,385.6431,385.6431,50
2026-07-14 18:41:00,385.7536,385.7536,385.7536,385.7536,45
2026-07-14 18:42:00,385.65,385.65,385.65,385.65,106
2026-07-14 18:43:00,385.63,385.63,385.63,385.63,226
2026-07-14 18:44:00,385.6326,385.6326,385.6326,385.6326,300
2026-07-14 18:45:00,385.7316,385.7316,385.7316,385.7316,130
2026-07-14 18:46:00,385.6411,385.6411,385.6411,385.6411,50
2026-07-14 18:47:00,385.63,385.63,385.6,385.6,235
2026-07-14 18:49:00,385.75,385.75,385.5062,385.5062,600
2026-07-14 18:51:00,385.52,385.52,385.41,385.41,142
2026-07-14 18:52:00,385.39,385.39,385.39,385.39,474
2026-07-14 18:54:00,385.75,385.75,385.75,385.75,42
2026-07-14 18:56:00,385.5141,385.5141,385.4,385.4,200
2026-07-14 18:57:00,385.5,385.5,385.3,385.3,449
2026-07-14 18:58:00,385.2036,385.25,385.2036,385.25,230
2026-07-14 19:00:00,385.35,385.3572,385.35,385.3572,200
2026-07-14 19:02:00,385.3,385.3,385.3,385.3,213
2026-07-14 19:03:00,385.1916,385.1916,385.1556,385.1716,300
2026-07-14 19:04:00,385.3,385.3,385.29,385.29,137
2026-07-14 19:06:00,385.22,385.22,385.22,385.22,47
2026-07-14 19:07:00,385.2997,385.2997,385.2997,385.2997,563
2026-07-14 19:08:00,385.3,385.3,385.2,385.2,560
2026-07-14 19:11:00,385.3,385.34,385.3,385.34,155
2026-07-14 19:12:00,385.3,385.44,385.3,385.44,285
2026-07-14 19:13:00,385.6915,385.6915,385.33,385.33,150
2026-07-14 19:14:00,385.6926,385.737,385.52,385.737,472
2026-07-14 19:16:00,385.55,385.55,385.55,385.55,60
2026-07-14 19:18:00,385.57,385.57,385.57,385.57,50
2026-07-14 19:19:00,385.6,385.6,385.36,385.36,293
2026-07-14 19:20:00,385.6,385.6,385.6,385.6,90
2026-07-14 19:21:00,385.2,385.2,385.2,385.2,100
2026-07-14 19:23:00,385.32,385.32,385.32,385.32,180
2026-07-14 19:25:00,385.35,385.75,385.31,385.66,1303
2026-07-14 19:26:00,385.71,385.72,385.71,385.72,180
2026-07-14 19:27:00,385.77,385.77,385.77,385.77,100
2026-07-14 19:28:00,385.77,385.85,385.77,385.8,681
2026-07-14 19:29:00,385.59,385.85,385.59,385.85,330
2026-07-14 19:30:00,385.85,385.85,385.85,385.85,2529
2026-07-14 19:31:00,385.7,386,385.7,386,226
2026-07-14 19:34:00,385.8715,385.8715,385.8,385.8,303
2026-07-14 19:35:00,385.5186,385.92,385.5186,385.92,446
2026-07-14 19:37:00,385.92,385.92,385.8149,385.8149,156
2026-07-14 19:38:00,385.909,385.909,385.909,385.909,50
2026-07-14 19:40:00,385.9,385.92,385.9,385.92,125
2026-07-14 19:41:00,385.9,385.9,385.9,385.9,151
2026-07-14 19:42:00,385.8401,386.1986,385.8401,386.1986,899
2026-07-14 19:43:00,385.8547,386.1091,385.8547,386,260
2026-07-14 19:44:00,386.1914,386.1914,386.1914,386.1914,500
2026-07-14 19:45:00,386.16,386.16,386.05,386.05,218
2026-07-14 19:46:00,386,386.04,385.78,385.78,370
2026-07-14 19:47:00,385.78,385.97,385.7,385.97,1557
2026-07-14 19:48:00,385.96,385.96,385.6216,385.75,794
2026-07-14 19:49:00,385.99,386,385.7999,385.956,744
2026-07-14 19:50:00,385.9,385.9704,385.6972,385.9704,184
2026-07-14 19:51:00,385.9,385.9,385.85,385.85,234
2026-07-14 19:52:00,385.99,385.99,385.95,385.95,401
2026-07-14 19:53:00,385.836,385.999,385.836,385.9,250
2026-07-14 19:54:00,385.9001,386.47,385.9001,386.47,1109
2026-07-14 19:55:00,386.0155,386.12,386.0155,386.12,600
2026-07-14 19:56:00,386.4,386.4,386.4,386.4,389
2026-07-14 19:57:00,386.28,386.4807,386.2464,386.2464,845
2026-07-14 19:58:00,386.49,386.81,386.36,386.43,3222
2026-07-14 19:59:00,386.4695,386.8696,386.4695,386.5,660
2026-07-15 04:00:00,384.89,386.99,383.9089,386.37,35310
2026-07-15 04:01:00,386.3,386.75,383.94,384.03,47117
2026-07-15 04:02:00,384.15,384.36,384.15,384.36,475
2026-07-15 04:03:00,384.64,384.88,384.64,384.84,916
2026-07-15 04:04:00,384.74,384.98,384.74,384.98,1342
2026-07-15 04:06:00,384.97,385.01,384.97,384.97,887
2026-07-15 04:07:00,384.97,386.71,384.97,386.59,1208
2026-07-15 04:08:00,385.07,385.07,384.88,384.88,150
2026-07-15 04:09:00,385.01,385.01,385.01,385.01,80
2026-07-15 04:11:00,385,385,384.97,384.98,528
2026-07-15 04:12:00,384.97,385,384.97,385,151
2026-07-15 04:13:00,385.32,385.7,385.32,385.7,753
2026-07-15 04:14:00,385.63,385.86,385.62,385.86,777
2026-07-15 04:15:00,385.8,385.88,385.77,385.88,475
2026-07-15 04:16:00,386,386.35,385.94,386.35,753
2026-07-15 04:17:00,386.4,386.5,386.4,386.5,726
2026-07-15 04:18:00,386.602,386.602,386.602,386.602,100
2026-07-15 04:19:00,386.61,386.8,386.61,386.8,214
2026-07-15 04:20:00,386.72,386.77,386.72,386.77,247
2026-07-15 04:21:00,386.61,386.8,386.61,386.78,1359
2026-07-15 04:22:00,386.63,386.63,386.6155,386.6155,225
2026-07-15 04:23:00,386.68,386.9361,386.68,386.9361,3979
2026-07-15 04:24:00,386.98,387.5,386.98,387.5,3641
2026-07-15 04:25:00,387.64,387.74,387.46,387.46,2646
2026-07-15 04:26:00,387.25,387.3,387.25,387.25,366
2026-07-15 04:27:00,387.25,387.25,387.18,387.18,849
2026-07-15 04:28:00,387.25,387.3,387.1639,387.1639,456
2026-07-15 04:29:00,387.46,387.51,387.15,387.25,1860
2026-07-15 04:30:00,387.05,387.05,386.67,386.86,1463
2026-07-15 04:32:00,387.01,387.27,386.91,387.27,610
2026-07-15 04:33:00,387.1782,387.1782,387.1782,387.1782,192
2026-07-15 04:34:00,386.99,386.99,386.99,386.99,57
2026-07-15 04:35:00,387,387,387,387,100
2026-07-15 04:37:00,386.7504,386.9085,386.7504,386.78,1797
2026-07-15 04:38:00,386.8,386.8,386.7,386.7,179
2026-07-15 04:40:00,386.87,386.87,386.78,386.8,1598
2026-07-15 04:41:00,386.7299,387,386.7299,387,564
2026-07-15 04:42:00,387,387,387,387,475
2026-07-15 04:45:00,387.15,387.15,387.01,387.01,386
2026-07-15 04:46:00,387.0507,387.0507,386.768,386.768,100
2026-07-15 04:48:00,386.9,387.13,386.9,387.13,889
2026-07-15 04:49:00,387,387.26,387,387.26,140
2026-07-15 04:50:00,387.05,387.12,386.77,386.77,254
2026-07-15 04:53:00,386.87,386.89,386.78,386.78,253
2026-07-15 04:54:00,386.756,386.756,386.756,386.756,77
2026-07-15 04:55:00,386.78,386.78,386.78,386.78,80
2026-07-15 04:57:00,386.78,386.79,386.7395,386.7395,305
2026-07-15 04:58:00,386.77,386.77,386.77,386.77,100
2026-07-15 04:59:00,386.53,386.53,386.53,386.53,40
2026-07-15 05:01:00,386.7,386.7,386.55,386.55,195
2026-07-15 05:02:00,386.45,386.46,386.35,386.35,158
2026-07-15 05:03:00,386.38,386.38,386.3024,386.3024,213
2026-07-15 05:05:00,386.06,386.3,386.06,386.0724,558
2026-07-15 05:06:00,386.26,386.26,386.26,386.26,100
2026-07-15 05:07:00,386.2,386.37,386.12,386.37,520
2026-07-15 05:14:00,386.95,386.95,386.95,386.95,50
2026-07-15 05:15:00,386.85,386.85,386.85,386.85,57
2026-07-15 05:18:00,386.62,386.62,386.6,386.61,968
2026-07-15 05:19:00,386.3,386.3,386.3,386.3,50
2026-07-15 05:20:00,386.5,386.5,386.5,386.5,57
2026-07-15 05:21:00,386.39,386.39,386.39,386.39,50
2026-07-15 05:23:00,386.35,386.4365,386.35,386.4365,92
2026-07-15 05:25:00,386.34,386.34,386.34,386.34,100
2026-07-15 05:26:00,386.52,386.52,386.52,386.52,80
2026-07-15 05:29:00,386.5,386.5,386.5,386.5,48
2026-07-15 05:34:00,386.78,386.78,386.78,386.78,50
2026-07-15 05:35:00,386.67,386.68,386.66,386.68,327
2026-07-15 05:36:00,386.66,386.66,386.66,386.66,50
2026-07-15 05:38:00,386.7,386.79,386.7,386.79,150
2026-07-15 05:40:00,386.93,386.93,386.93,386.93,478
2026-07-15 05:41:00,386.66,386.66,386.42,386.42,606
2026-07-15 05:42:00,386.37,386.37,386.3516,386.3516,350
2026-07-15 05:44:00,386.37,386.37,386.37,386.37,50
2026-07-15 05:45:00,386.41,386.42,386.35,386.42,747
2026-07-15 05:46:00,386.37,386.73,386.34,386.67,1119
2026-07-15 05:47:00,386.73,386.73,386.73,386.73,50
2026-07-15 05:48:00,386.7,386.7,386.7,386.7,121
2026-07-15 05:49:00,386.49,386.49,384.53,385.63,11004
2026-07-15 05:50:00,385.84,386.1,385.7,386.1,2955
2026-07-15 05:52:00,386.14,386.1897,386.14,386.1897,260
2026-07-15 05:53:00,386.17,386.19,386.17,386.19,538
2026-07-15 05:55:00,386.29,386.29,386.27,386.27,319
2026-07-15 05:58:00,386.3,386.4,386.3,386.4,754
2026-07-15 05:59:00,386.4,386.4,386.4,386.4,262
2026-07-15 06:01:00,386.41,386.41,386.41,386.41,72
2026-07-15 06:03:00,386.62,386.62,386.62,386.62,51
2026-07-15 06:04:00,386.75,386.75,386.52,386.75,297
2026-07-15 06:06:00,386.75,386.75,386.727,386.727,182
2026-07-15 06:08:00,386.42,386.42,386.41,386.41,228
2026-07-15 06:10:00,386.3457,386.3457,386.3,386.3,124
2026-07-15 06:12:00,386.25,386.25,386.25,386.25,70
2026-07-15 06:13:00,386.1,386.1,386.1,386.1,100
2026-07-15 06:14:00,386.3,386.3,386.3,386.3,240
2026-07-15 06:15:00,386.453,386.453,386.31,386.31,413
2026-07-15 06:17:00,386.14,386.14,386.14,386.14,65
2026-07-15 06:19:00,386.14,386.14,386.14,386.14,50
2026-07-15 06:22:00,386.37,386.37,386.37,386.37,91
2026-07-15 06:23:00,386.35,386.35,386.35,386.35,100
2026-07-15 06:25:00,386.4,386.4,386.4,386.4,50
2026-07-15 06:26:00,386.38,386.38,386.34,386.34,96
2026-07-15 06:27:00,386.38,386.8,384.5,385.6,10514
2026-07-15 06:28:00,384.98,385.37,384.88,385.37,323
2026-07-15 06:29:00,385.72,385.78,385.72,385.78,82
2026-07-15 06:30:00,385.68,385.83,385.3959,385.8,793
2026-07-15 06:31:00,385.7,385.7,385.7,385.7,41
2026-07-15 06:33:00,385.81,385.89,385.81,385.89,99
2026-07-15 06:36:00,385.76,385.76,385.76,385.76,50
2026-07-15 06:37:00,385.75,385.75,385.3221,385.3221,251
2026-07-15 06:39:00,385.66,385.66,385.66,385.66,196
2026-07-15 06:40:00,385.51,385.86,385.51,385.86,238
2026-07-15 06:41:00,385.89,386.1,385.89,386.1,510
2026-07-15 06:42:00,385.87,385.87,385.87,385.87,239
2026-07-15 06:45:00,386.02,386.02,386.02,386.02,73
2026-07-15 06:46:00,385.89,385.89,385.89,385.89,200
2026-07-15 06:47:00,386.01,386.01,385.7404,386,845
2026-07-15 06:48:00,386.1,386.1,386.1,386.1,50
2026-07-15 06:49:00,385.83,385.83,385.83,385.83,75
2026-07-15 06:51:00,386.09,386.09,385.95,385.95,400
2026-07-15 06:53:00,385.89,386.39,385.89,386.39,185
2026-07-15 06:55:00,385.75,385.75,385.5,385.5,362
2026-07-15 06:57:00,385.91,386,385.91,386,310
2026-07-15 06:58:00,385.97,385.97,385.97,385.97,80
2026-07-15 06:59:00,385.71,385.71,385.71,385.71,47
2026-07-15 07:00:00,385.91,386.03,385.71,386,1911
2026-07-15 07:01:00,385.91,386.03,385.91,386,434
2026-07-15 07:02:00,385.96,386.0437,385.9,386.04,1718
2026-07-15 07:03:00,385.85,386,385.85,385.9,1746
2026-07-15 07:04:00,386.15,386.15,386,386,90
2026-07-15 07:05:00,385.8,385.8,385.8,385.8,250
2026-07-15 07:06:00,385.72,385.72,385.7,385.7,1350
2026-07-15 07:07:00,385.93,385.93,385.6,385.6157,1450
2026-07-15 07:08:00,385.84,385.84,385.7,385.7,124
2026-07-15 07:09:00,385.6001,385.8,385.6001,385.7471,807
2026-07-15 07:10:00,385.6,385.7854,385.49,385.7854,235
2026-07-15 07:11:00,385.8,385.8,385.631,385.631,270
2026-07-15 07:12:00,385.7,385.7,385.7,385.7,100
2026-07-15 07:13:00,385.631,385.8,385.629,385.629,350
2026-07-15 07:14:00,385.74,385.74,385.74,385.74,40
2026-07-15 07:15:00,385.94,386,385.662,385.662,540
2026-07-15 07:17:00,386,386,386,386,57
2026-07-15 07:20:00,385.9493,385.9493,385.9493,385.9493,47
2026-07-15 07:21:00,385.9566,385.9566,385.9566,385.9566,50
2026-07-15 07:22:00,385.96,386,385.95,386,771
2026-07-15 07:24:00,386.2706,386.2706,386.11,386.11,555
2026-07-15 07:25:00,386.2,386.4,386.2,386.4,913
2026-07-15 07:27:00,386.42,386.65,386.3291,386.65,413
2026-07-15 07:28:00,386.4835,386.4835,386.35,386.3773,475
2026-07-15 07:29:00,386.4,386.5,386.37,386.37,340
2026-07-15 07:30:00,386.37,386.38,386.36,386.36,702
2026-07-15 07:31:00,386.31,386.5,386.14,386.14,345
2026-07-15 07:32:00,386.4362,386.4362,386.4362,386.4362,100
2026-07-15 07:35:00,386.5,386.5,386.45,386.49,278
2026-07-15 07:36:00,386.5,386.5,386.5,386.5,80
2026-07-15 07:37:00,386.5,386.5,386.27,386.27,222
2026-07-15 07:38:00,386.27,386.4297,386.25,386.25,468
2026-07-15 07:39:00,386.2272,386.2272,386.2272,386.2272,100
2026-07-15 07:40:00,386.2,386.43,386.19,386.28,409
2026-07-15 07:41:00,386.28,386.37,386.28,386.29,948
2026-07-15 07:42:00,386.29,386.43,386.29,386.43,255
2026-07-15 07:43:00,386.28,386.29,386.28,386.29,235
2026-07-15 07:44:00,386.28,386.35,386.28,386.28,1108
2026-07-15 07:45:00,386.28,386.4297,386.28,386.4297,2252
2026-07-15 07:46:00,386.28,386.4,386.28,386.4,405
2026-07-15 07:47:00,386.36,386.36,386.28,386.28,830
2026-07-15 07:48:00,386.28,386.28,386.28,386.28,129
2026-07-15 07:49:00,386.28,386.5,386.28,386.5,1029
2026-07-15 07:50:00,386.4467,386.53,386.4467,386.53,163
2026-07-15 07:51:00,386.53,386.53,386.46,386.46,150
2026-07-15 07:52:00,386.43,386.6,386.43,386.5577,561
2026-07-15 07:53:00,386.4,386.4,386.28,386.28,766
2026-07-15 07:54:00,386.4,386.4,386.28,386.28,535
2026-07-15 07:55:00,386.3079,386.3079,386.28,386.28,366
2026-07-15 07:56:00,386.28,386.28,386.28,386.28,40
2026-07-15 07:57:00,386.3,386.4,386.26,386.28,2221
2026-07-15 07:58:00,386.28,386.29,386.28,386.28,120
2026-07-15 07:59:00,386.28,386.28,386.1,386.1,1789
2026-07-15 08:00:00,386.2,386.24,386,386.24,1290
2026-07-15 08:01:00,386,386.1,386,386.1,240
2026-07-15 08:02:00,386,386.14,386,386.14,315
2026-07-15 08:03:00,386.11,386.15,386.11,386.15,382
2026-07-15 08:05:00,386.2846,386.3,386,386.27,357
2026-07-15 08:07:00,386.3,386.6,386.28,386.6,1238
2026-07-15 08:08:00,386.51,386.6,386.5,386.6,1127
2026-07-15 08:09:00,386.38,386.38,386.38,386.38,245
2026-07-15 08:10:00,386.5,386.5,386.28,386.28,231
2026-07-15 08:11:00,386.32,386.35,386.05,386.08,1981
2026-07-15 08:12:00,386.14,386.32,386.08,386.32,429
2026-07-15 08:13:00,386.05,386.16,386.05,386.16,503
2026-07-15 08:14:00,386.18,386.34,386.18,386.34,736
2026-07-15 08:15:00,386.4,386.4,386.1036,386.1036,987
2026-07-15 08:16:00,386.37,386.53,386.345,386.36,622
2026-07-15 08:17:00,386.36,386.5089,386.36,386.5089,101
2026-07-15 08:18:00,386.48,386.6,386.1676,386.1676,825
2026-07-15 08:19:00,386.53,386.53,386.44,386.44,152
2026-07-15 08:20:00,386.51,386.6,386.51,386.6,866
2026-07-15 08:21:00,386.6,386.66,386.3314,386.52,2525
2026-07-15 08:22:00,386.59,386.65,386.59,386.65,189
2026-07-15 08:23:00,386.66,386.8,386.462,386.8,2284
2026-07-15 08:24:00,386.8766,386.8766,386.545,386.731,458
2026-07-15 08:26:00,386.7613,386.8,386.7613,386.8,587
2026-07-15 08:27:00,386.65,386.65,386.51,386.51,478
2026-07-15 08:28:00,386.35,386.8,386.35,386.8,204
2026-07-15 08:29:00,386.2,386.5,386.2,386.5,1032
2026-07-15 08:30:00,386.8,387.212,386.76,386.87,1654
2026-07-15 08:31:00,386.81,387.2,386.81,387.1058,303
2026-07-15 08:32:00,386.82,387.2,386.82,387.13,911
2026-07-15 08:33:00,387,387,387,387,100
2026-07-15 08:34:00,386.96,387.2,386.96,387,292
2026-07-15 08:35:00,387.3,387.45,387.0024,387.21,695
2026-07-15 08:36:00,387.2,387.32,387.15,387.3,2341
2026-07-15 08:37:00,387.36,387.7,387.3028,387.7,3172
2026-07-15 08:38:00,388,388.17,387.45,387.99,5326
2026-07-15 08:39:00,387.8,388.2,387.8,388.19,1686
2026-07-15 08:40:00,388.08,388.19,388.06,388.1898,947
2026-07-15 08:41:00,388.4,388.59,388.04,388.59,1090
2026-07-15 08:42:00,388.68,388.6852,388.33,388.4,1743
2026-07-15 08:43:00,388.5,388.5,388.01,388.01,610
2026-07-15 08:44:00,388.06,388.42,388.06,388.3844,1400
2026-07-15 08:45:00,388.29,388.51,388.29,388.5058,2510
2026-07-15 08:46:00,388.5,388.541,388.2107,388.43,1528
2026-07-15 08:47:00,388.43,388.43,388.4,388.4,419
2026-07-15 08:48:00,388.268,388.4499,388.24,388.3,410
2026-07-15 08:49:00,388.32,388.5,388.0828,388.1984,747
2026-07-15 08:50:00,388.1483,388.5,388.02,388.153,2563
2026-07-15 08:51:00,388.08,388.5,388.08,388.1581,255
2026-07-15 08:52:00,388.1608,388.5,388.1608,388.358,1720
2026-07-15 08:53:00,388.26,388.26,388.26,388.26,48
2026-07-15 08:54:00,388.2225,388.2225,388.05,388.14,950
2026-07-15 08:55:00,388,388.2,388,388.2,1835
2026-07-15 08:56:00,388.19,388.19,388.01,388.01,280
2026-07-15 08:57:00,388.12,388.12,387.77,387.77,1367
2026-07-15 08:58:00,387.7701,387.7701,387.5548,387.6,425
2026-07-15 08:59:00,387.62,387.79,387.55,387.79,273
2026-07-15 09:00:00,387.68,387.79,387.68,387.7024,779
2026-07-15 09:01:00,388,388,387.9,387.94,846
2026-07-15 09:02:00,388.26,388.33,388.0733,388.0733,290
2026-07-15 09:03:00,388.06,388.18,388,388.18,150
2026-07-15 09:04:00,388,388.16,387.79,387.79,344
2026-07-15 09:05:00,388.13,388.14,388.04,388.14,399
2026-07-15 09:06:00,388,388.15,387.79,387.8,1654
2026-07-15 09:07:00,387.99,388.15,387.93,388,938
2026-07-15 09:08:00,387.95,388.13,387.95,387.9802,615
2026-07-15 09:09:00,388.2,388.2,388.0463,388.1,883
2026-07-15 09:10:00,388.1,388.1,388.1,388.1,54
2026-07-15 09:11:00,388.02,388.4,388.02,388.4,1855
2026-07-15 09:12:00,388.36,388.7,388.36,388.55,1198
2026-07-15 09:13:00,388.52,388.52,388.4,388.45,570
2026-07-15 09:14:00,388.4,388.44,388.35,388.4,407
2026-07-15 09:15:00,388.3,388.58,388.3,388.58,831
2026-07-15 09:16:00,388.532,388.69,388.4111,388.69,604
2026-07-15 09:17:00,388.69,388.73,388.561,388.6207,1976
2026-07-15 09:18:00,388.72,388.8,388.7,388.75,1666
2026-07-15 09:19:00,388.75,388.88,388.69,388.75,1262
2026-07-15 09:20:00,388.8,388.96,388.69,388.76,4945
2026-07-15 09:21:00,388.69,388.8,388.69,388.8,4550
2026-07-15 09:22:00,388.8521,389,388.7118,388.74,1425
2026-07-15 09:23:00,388.69,388.7,388.3,388.6,1887
2026-07-15 09:24:00,388.5758,389,388.3465,389,4768
2026-07-15 09:25:00,388.94,389.56,388.94,389.5386,6690
2026-07-15 09:26:00,389.5,389.5,389.15,389.31,2708
2026-07-15 09:27:00,389.48,390.1,387.7,387.8,16935
2026-07-15 09:28:00,387.02,388,386.64,387.48,28855
2026-07-15 09:29:00,387.2,387.58,386.88,387.43,8876
2026-07-15 09:30:00,387.8,389.85,386.85,389.33,534651
2026-07-15 09:31:00,389.325,389.55,386.805,387.32,114524
2026-07-15 09:32:00,387.43,389.14,387.34,389.03,108940
2026-07-15 09:33:00,389.01,389.8,388.77,389.5425,87076
2026-07-15 09:34:00,389.45,390.33,389.3201,390.26,117743
2026-07-15 09:35:00,390.36,390.75,389.755,390.26,137798
2026-07-15 09:36:00,390.42,391.28,390.19,391.03,158134
2026-07-15 09:37:00,391.04,391.38,390.33,390.3847,119358
2026-07-15 09:38:00,390.405,391.19,390.2113,390.825,77998
2026-07-15 09:39:00,390.825,391.18,389.575,389.93,191011
2026-07-15 09:40:00,389.91,390.39,389.5719,389.74,143400
2026-07-15 09:41:00,389.67,390.22,389.49,389.575,176840
2026-07-15 09:42:00,389.6,389.61,388.91,389.4,126741
2026-07-15 09:43:00,389.4,389.47,388.7,388.925,95481
2026-07-15 09:44:00,388.925,389.05,387.5,387.5151,66764
2026-07-15 09:45:00,387.47,387.61,386.4,387.52,87639
2026-07-15 09:46:00,387.495,388.28,387,388.255,81536
2026-07-15 09:47:00,388.255,388.71,387.99,388.71,96489
2026-07-15 09:48:00,388.695,389.29,388.37,389.025,81584
2026-07-15 09:49:00,389.02,389.14,388.575,388.58,111612
2026-07-15 09:50:00,388.58,389.09,388.27,388.985,59350
2026-07-15 09:51:00,389.07,389.47,388.85,389.46,58845
2026-07-15 09:52:00,389.4457,390.28,389.21,390.165,118135
2026-07-15 09:53:00,390.25,390.3696,389.6601,390.18,55715
2026-07-15 09:54:00,390.2405,390.8599,390.14,390.42,119226
2026-07-15 09:55:00,390.455,391.09,390.39,391.05,97463
2026-07-15 09:56:00,391.1,391.46,391,391.33,72729
2026-07-15 09:57:00,391.33,391.34,390.19,390.605,85243
2026-07-15 09:58:00,390.605,390.82,390.355,390.6606,57836
2026-07-15 09:59:00,390.71,390.71,389.36,389.54,139733
2026-07-15 10:00:00,389.6,390.85,389.545,390.765,57584
2026-07-15 10:01:00,390.7888,391.49,390.7888,391.415,61398
2026-07-15 10:02:00,391.42,391.9,390.8609,391.826,74147
2026-07-15 10:03:00,391.9095,392.3599,391.8,392.325,86735
2026-07-15 10:04:00,392.35,392.71,392.06,392.69,64129
2026-07-15 10:05:00,392.68,393.9,392.68,393.4,151086
2026-07-15 10:06:00,393.41,393.67,393.046,393.485,125610
2026-07-15 10:07:00,393.555,393.97,393.2516,393.495,77755
2026-07-15 10:08:00,393.5,393.54,393.16,393.32,62306
2026-07-15 10:09:00,393.32,393.7299,392.9402,393.69,69279
2026-07-15 10:10:00,393.67,394.05,393.53,393.78,107553
2026-07-15 10:11:00,393.73,394.37,393.73,394.24,87611
2026-07-15 10:12:00,394.24,394.68,394.068,394.68,147823
2026-07-15 10:13:00,394.65,394.93,394.4101,394.905,104352
2026-07-15 10:14:00,394.905,394.93,394.0716,394.16,68380
2026-07-15 10:15:00,394.14,394.2,393.53,393.7,83870
2026-07-15 10:16:00,393.68,394.16,393.39,394.1001,76187
2026-07-15 10:17:00,394.12,394.94,394.06,394.93,72836
2026-07-15 10:18:00,394.885,395.819,394.88,395.7429,161309
2026-07-15 10:19:00,395.775,396.39,395.63,396.03,221631
2026-07-15 10:20:00,396.05,396.55,395.84,396.37,108553
2026-07-15 10:21:00,396.375,397.61,396.375,397.5,137902
2026-07-15 10:22:00,397.5457,397.65,396.34,397.21,111372
2026-07-15 10:23:00,397.21,397.34,396.14,396.6,92800
2026-07-15 10:24:00,396.575,396.575,395.74,396.055,86163
2026-07-15 10:25:00,396.055,396.26,395.75,395.93,112731
2026-07-15 10:26:00,395.95,396.08,395.42,395.485,92549
2026-07-15 10:27:00,395.545,395.545,394.82,394.98,93398
2026-07-15 10:28:00,394.99,395.7336,394.9157,395.47,54347
2026-07-15 10:29:00,395.475,395.7399,394.91,395.04,70314
2026-07-15 10:30:00,395.01,395.78,394.97,395.605,65970
2026-07-15 10:31:00,395.6017,396.11,395.26,396.11,64699
2026-07-15 10:32:00,396.11,396.95,396.06,396.875,86907
2026-07-15 10:33:00,396.87,396.87,395.96,396.6999,64496
2026-07-15 10:34:00,396.655,396.8,396.14,396.295,52601
2026-07-15 10:35:00,396.35,397.28,396.35,397.26,77552
2026-07-15 10:36:00,397.1827,397.48,396.9875,397.05,72930
2026-07-15 10:37:00,396.98,397.64,396.87,396.87,72034
2026-07-15 10:38:00,396.88,397.56,396.82,397.365,62367
2026-07-15 10:39:00,397.37,397.7,397.05,397.085,58701
2026-07-15 10:40:00,397.115,397.79,397.0996,397.57,71302
2026-07-15 10:41:00,397.5625,397.75,397.19,397.475,67338
2026-07-15 10:42:00,397.47,397.5699,396.5011,396.6,91612
2026-07-15 10:43:00,396.56,396.91,396.415,396.69,84112
2026-07-15 10:44:00,396.75,397.16,396.08,396.26,71344
2026-07-15 10:45:00,396.26,396.74,396.08,396.37,140860
2026-07-15 10:46:00,396.39,396.46,395.5,395.5,72689
2026-07-15 10:47:00,395.48,395.91,395.24,395.5,97416
2026-07-15 10:48:00,395.56,396.1,395.4,395.905,53657
2026-07-15 10:49:00,395.905,395.91,395.18,395.39,95302
2026-07-15 10:50:00,395.43,395.44,394.91,395.385,75340
2026-07-15 10:51:00,395.41,395.53,395.08,395.2001,111344
2026-07-15 10:52:00,395.21,395.23,394.88,394.935,99154
2026-07-15 10:53:00,394.93,395.23,394.9,395.15,52823
2026-07-15 10:54:00,395.14,395.26,394.3026,394.32,59239
2026-07-15 10:55:00,394.42,394.44,393.78,393.899,73138
2026-07-15 10:56:00,393.81,394.42,393.6708,394.405,45431
2026-07-15 10:57:00,394.3801,394.9999,394.24,394.925,52804
2026-07-15 10:58:00,394.925,395.0499,394.2301,394.32,45579
2026-07-15 10:59:00,394.305,394.49,393.94,394.005,50355
2026-07-15 11:00:00,394.06,394.27,393.88,394.19,44527
2026-07-15 11:01:00,394.145,394.3499,394.01,394.01,59579
2026-07-15 11:02:00,394.01,394.3771,393.85,394.3,110332
2026-07-15 11:03:00,394.295,394.63,393.6501,393.865,85516
2026-07-15 11:04:00,393.865,394.42,393.815,394.27,54651
2026-07-15 11:05:00,394.265,394.745,394.19,394.74,54632
2026-07-15 11:06:00,394.725,395,394.66,394.815,51595
2026-07-15 11:07:00,394.815,395.02,394.315,394.335,79993
2026-07-15 11:08:00,394.39,394.87,394.24,394.85,40530
2026-07-15 11:09:00,394.81,395.3695,394.77,395.2504,55940
2026-07-15 11:10:00,395.235,395.85,395.22,395.81,65588
2026-07-15 11:11:00,395.8499,395.85,395.34,395.76,48102
2026-07-15 11:12:00,395.7,396.14,395.585,395.635,54762
2026-07-15 11:13:00,395.6,395.71,395.27,395.52,63850
2026-07-15 11:14:00,395.54,395.84,395.11,395.76,51869
2026-07-15 11:15:00,395.76,395.95,395.6101,395.95,55765
2026-07-15 11:16:00,395.98,396.32,395.9101,396.07,55166
2026-07-15 11:17:00,396.07,396.29,395.85,396.205,36208
2026-07-15 11:18:00,396.174,396.29,395.705,395.965,50937
2026-07-15 11:19:00,395.955,396.34,395.94,396.27,71306
2026-07-15 11:20:00,396.32,397.14,396.32,396.94,96130
2026-07-15 11:21:00,396.94,396.94,396.48,396.625,49550
2026-07-15 11:22:00,396.67,397.02,396.57,396.966,44996
2026-07-15 11:23:00,396.985,397.1,396.63,396.86,48642
2026-07-15 11:24:00,396.84,396.9499,396.6048,396.78,46350
2026-07-15 11:25:00,396.75,397.0199,396.59,396.905,44492
2026-07-15 11:26:00,396.905,397.48,396.9,397.46,47362
2026-07-15 11:27:00,397.45,397.66,397.09,397.66,68139
2026-07-15 11:28:00,397.66,397.91,397.21,397.245,86810
2026-07-15 11:29:00,397.245,397.28,396.6,396.75,61677
2026-07-15 11:30:00,396.78,396.96,396.46,396.93,72149
2026-07-15 11:31:00,396.9446,397.43,396.8503,397.35,55789
2026-07-15 11:32:00,397.35,397.48,396.9304,396.97,59379
2026-07-15 11:33:00,396.97,396.97,396.63,396.72,37004
2026-07-15 11:34:00,396.8,396.8,395.73,395.8395,161814
2026-07-15 11:35:00,395.815,396.61,395.7801,396.6,112609
2026-07-15 11:36:00,396.63,397,396.4,396.63,72730
2026-07-15 11:37:00,396.625,397.09,396.57,397.085,32282
2026-07-15 11:38:00,397.085,397.25,397,397.07,49522
2026-07-15 11:39:00,397.075,397.12,396.87,397.12,48249
2026-07-15 11:40:00,397.095,397.33,397.07,397.165,62078
2026-07-15 11:41:00,397.185,397.36,396.9,397.325,66956
2026-07-15 11:42:00,397.325,397.619,397.2988,397.3499,33501
2026-07-15 11:43:00,397.31,397.43,397,397.04,35863
2026-07-15 11:44:00,397.04,397.26,396.93,397.14,47127
2026-07-15 11:45:00,397.09,397.58,397.04,397.345,53032
2026-07-15 11:46:00,397.345,397.64,397.29,397.52,32053
2026-07-15 11:47:00,397.475,397.8891,397.38,397.8,47428
2026-07-15 11:48:00,397.8,397.83,397.37,397.47,42235
2026-07-15 11:49:00,397.46,397.47,397,397.1199,45769
2026-07-15 11:50:00,397.1199,397.4,397.09,397.26,38182
2026-07-15 11:51:00,397.26,397.45,397.06,397.295,50381
2026-07-15 11:52:00,397.28,397.46,397.1205,397.245,33242
2026-07-15 11:53:00,397.2283,397.78,397.13,397.7,43994
2026-07-15 11:54:00,397.665,397.78,397.3001,397.38,31546
2026-07-15 11:55:00,397.375,397.77,397.3001,397.735,33301
2026-07-15 11:56:00,397.735,397.84,397.41,397.555,52796
2026-07-15 11:57:00,397.6,397.6707,397.0624,397.17,31204
2026-07-15 11:58:00,397.145,397.25,396.85,397.1,43113
2026-07-15 11:59:00,397.095,397.36,397.095,397.3,30231
2026-07-15 12:00:00,397.27,397.42,397.14,397.1801,40767
2026-07-15 12:01:00,397.18,397.4999,397.11,397.2,34470
2026-07-15 12:02:00,397.21,397.39,397.09,397.39,36413
2026-07-15 12:03:00,397.4116,397.7,397.27,397.4001,55437
2026-07-15 12:04:00,397.44,397.66,397.2301,397.595,53899
2026-07-15 12:05:00,397.595,397.71,397.42,397.5,49440
2026-07-15 12:06:00,397.495,397.66,397.44,397.5301,40915
2026-07-15 12:07:00,397.58,397.78,397.49,397.645,36747
2026-07-15 12:08:00,397.65,397.975,397.49,397.935,63983
2026-07-15 12:09:00,397.905,398.33,397.87,397.8901,112721
2026-07-15 12:10:00,398.0017,398.74,397.865,398.74,62951
2026-07-15 12:11:00,398.76,398.91,398.48,398.635,78191
2026-07-15 12:12:00,398.64,398.93,398.49,398.7,58063
2026-07-15 12:13:00,398.73,398.96,398.39,398.63,51141
2026-07-15 12:14:00,398.7,398.81,398.3,398.36,59136
2026-07-15 12:15:00,398.36,398.66,397.81,397.87,73240
2026-07-15 12:16:00,397.89,398.24,397.8501,398.105,25047
2026-07-15 12:17:00,398.11,398.37,397.76,397.78,51553
2026-07-15 12:18:00,397.83,397.94,397.76,397.86,36680
2026-07-15 12:19:00,397.89,397.93,397.58,397.7,34060
2026-07-15 12:20:00,397.6201,398.1199,397.6201,397.825,50990
2026-07-15 12:21:00,397.86,398.06,397.44,397.505,42040
2026-07-15 12:22:00,397.5075,397.65,397.25,397.38,84434
2026-07-15 12:23:00,397.42,397.64,397.21,397.25,44914
2026-07-15 12:24:00,397.29,397.51,397.17,397.275,42835
2026-07-15 12:25:00,397.28,397.56,397.23,397.4,65892
2026-07-15 12:26:00,397.445,397.62,397.2701,397.4592,40208
2026-07-15 12:27:00,397.505,397.55,397.24,397.36,31567
2026-07-15 12:28:00,397.35,397.44,397.0501,397.41,59980
2026-07-15 12:29:00,397.44,397.74,397.44,397.655,63041
2026-07-15 12:30:00,397.69,397.83,397.4189,397.5725,33829
2026-07-15 12:31:00,397.58,397.63,397.33,397.41,62880
2026-07-15 12:32:00,397.38,397.44,396.36,396.4,114928
2026-07-15 12:33:00,396.375,396.76,396.375,396.6,39323
2026-07-15 12:34:00,396.57,396.65,396.32,396.41,76170
2026-07-15 12:35:00,396.493,396.55,396.05,396.22,42749
2026-07-15 12:36:00,396.18,396.33,396.04,396.24,44408
2026-07-15 12:37:00,396.21,396.32,395.92,395.98,72144
2026-07-15 12:38:00,396.035,396.42,395.95,396.295,39042
2026-07-15 12:39:00,396.285,396.83,396.265,396.81,49407
2026-07-15 12:40:00,396.805,396.96,396.7,396.875,63979
2026-07-15 12:41:00,396.875,397,396.39,396.44,96281
2026-07-15 12:42:00,396.45,396.4877,396.2,396.275,28897
2026-07-15 12:43:00,396.24,396.265,395.7701,395.85,41290
2026-07-15 12:44:00,395.845,396.2899,395.84,396.1451,34216
2026-07-15 12:45:00,396.21,396.24,395.67,395.74,29948
2026-07-15 12:46:00,395.75,396.01,394.99,395.245,92933
2026-07-15 12:47:00,395.19,395.38,394.72,394.72,31265
2026-07-15 12:48:00,394.76,395.02,394.65,394.855,57474
2026-07-15 12:49:00,394.9,394.909,394.62,394.78,34412
2026-07-15 12:50:00,394.745,395.65,394.7001,395.6299,47717
2026-07-15 12:51:00,395.575,395.65,395,395.075,84707
2026-07-15 12:52:00,395.075,395.31,394.83,394.8586,33775
2026-07-15 12:53:00,394.78,395.12,394.69,394.7,24182
2026-07-15 12:54:00,394.7327,394.91,394.625,394.68,40068
2026-07-15 12:55:00,394.65,394.82,394.55,394.605,36590
2026-07-15 12:56:00,394.605,394.854,394.53,394.56,56730
2026-07-15 12:57:00,394.51,394.54,394.202,394.26,36030
2026-07-15 12:58:00,394.26,394.42,394.16,394.355,44708
2026-07-15 12:59:00,394.355,394.64,394.3101,394.52,23670
2026-07-15 13:00:00,394.515,394.67,394.4,394.66,25806
2026-07-15 13:01:00,394.65,394.72,394.33,394.44,29374
2026-07-15 13:02:00,394.44,394.75,394.42,394.645,34391
2026-07-15 13:03:00,394.62,394.74,394.475,394.645,35432
2026-07-15 13:04:00,394.6,395.19,394.52,395.17,32005
2026-07-15 13:05:00,395.17,395.3899,395.0337,395.295,32277
2026-07-15 13:06:00,395.34,395.46,394.97,395.37,46426
2026-07-15 13:07:00,395.5,395.72,395.4001,395.575,55644
2026-07-15 13:08:00,395.565,395.565,395.39,395.49,28336
2026-07-15 13:09:00,395.49,395.54,395.365,395.49,19195
2026-07-15 13:10:00,395.475,395.7,395.4,395.45,33110
2026-07-15 13:11:00,395.4,395.76,395.4,395.73,30281
2026-07-15 13:12:00,395.76,395.8499,395.7,395.7739,24875
2026-07-15 13:13:00,395.785,395.95,395.78,395.83,29348
2026-07-15 13:14:00,395.82,396.07,395.71,395.895,22229
2026-07-15 13:15:00,395.895,396.06,395.86,395.94,19248
2026-07-15 13:16:00,395.94,396.05,395.78,395.995,21921
2026-07-15 13:17:00,396,396.18,395.7,395.73,41271
2026-07-15 13:18:00,395.725,396.08,395.61,395.98,40897
2026-07-15 13:19:00,395.96,396.09,395.555,395.6425,43602
2026-07-15 13:20:00,395.59,395.73,395.16,395.565,42005
2026-07-15 13:21:00,395.61,395.8,395.5144,395.75,20486
2026-07-15 13:22:00,395.755,395.87,395.37,395.51,14746
2026-07-15 13:23:00,395.47,395.65,395.42,395.49,20299
2026-07-15 13:24:00,395.49,395.69,395.39,395.445,20923
2026-07-15 13:25:00,395.445,395.57,395.4,395.5,26931
2026-07-15 13:26:00,395.5,395.59,395.31,395.33,16096
2026-07-15 13:27:00,395.36,395.745,395.2303,395.74,15560
2026-07-15 13:28:00,395.75,396.315,395.74,396.2,33490
2026-07-15 13:29:00,396.2396,396.5,396.07,396.445,38688
2026-07-15 13:30:00,396.4884,396.5,396.22,396.445,26724
2026-07-15 13:31:00,396.445,396.89,396.445,396.58,57663
2026-07-15 13:32:00,396.65,396.665,396.24,396.4499,29437
2026-07-15 13:33:00,396.405,396.4399,396.14,396.29,30476
2026-07-15 13:34:00,396.29,396.39,396.15,396.2498,22284
2026-07-15 13:35:00,396.22,396.28,396.05,396.24,18748
2026-07-15 13:36:00,396.24,396.2999,396.151,396.23,23759
2026-07-15 13:37:00,396.24,396.43,396.15,396.395,20490
2026-07-15 13:38:00,396.395,396.49,396.32,396.375,24744
2026-07-15 13:39:00,396.375,396.39,396.24,396.31,20612
2026-07-15 13:40:00,396.33,396.36,395.86,396.235,30456
2026-07-15 13:41:00,396.235,396.45,396.08,396.185,28372
2026-07-15 13:42:00,396.18,396.45,395.95,396.41,26393
2026-07-15 13:43:00,396.39,396.41,396.23,396.31,18432
2026-07-15 13:44:00,396.31,396.37,396.11,396.155,24545
2026-07-15 13:45:00,396.15,396.17,396.0201,396.09,25376
2026-07-15 13:46:00,396.09,396.21,395.945,396.045,151896
2026-07-15 13:47:00,396.06,396.3,395.851,395.851,28572
2026-07-15 13:48:00,395.94,395.9699,395.7155,395.805,20810
2026-07-15 13:49:00,395.8,396.16,395.78,395.95,36778
2026-07-15 13:50:00,395.95,396.06,395.6,395.76,39159
2026-07-15 13:51:00,395.76,395.83,395.2501,395.39,23529
2026-07-15 13:52:00,395.4001,395.67,395.25,395.65,30191
2026-07-15 13:53:00,395.64,396.19,395.64,396.115,23813
2026-07-15 13:54:00,396.115,396.32,396.115,396.255,15705
2026-07-15 13:55:00,396.275,396.32,395.61,395.61,28390
2026-07-15 13:56:00,395.675,395.83,395.61,395.76,15964
2026-07-15 13:57:00,395.85,395.91,395.48,395.6451,22414
2026-07-15 13:58:00,395.59,396.12,395.495,395.98,46606
2026-07-15 13:59:00,395.985,396.25,395.85,396.13,41481
2026-07-15 14:00:00,396.13,396.13,395.72,395.81,30849
2026-07-15 14:01:00,395.815,395.89,395.45,395.48,22733
2026-07-15 14:02:00,395.48,395.83,395.3614,395.4605,23794
2026-07-15 14:03:00,395.545,395.56,395.28,395.34,12635
2026-07-15 14:04:00,395.34,395.6599,395.34,395.5,23873
2026-07-15 14:05:00,395.512,395.8699,395.5,395.8495,25654
2026-07-15 14:06:00,395.87,395.96,395.725,395.94,25777
2026-07-15 14:07:00,395.96,396.045,395.78,396.035,42861
2026-07-15 14:08:00,396.02,396.07,395.815,395.925,21613
2026-07-15 14:09:00,395.89,396,395.82,396,18210
2026-07-15 14:10:00,395.96,396.25,395.93,396.2,36563
2026-07-15 14:11:00,396.195,396.47,396.11,396.165,69850
2026-07-15 14:12:00,396.17,396.29,396.05,396.26,91953
2026-07-15 14:13:00,396.255,396.66,396.25,396.5879,45018
2026-07-15 14:14:00,396.6008,396.6899,396.46,396.605,28042
2026-07-15 14:15:00,396.65,397.02,396.6201,396.97,42017
2026-07-15 14:16:00,396.91,397.12,396.8608,396.92,76510
2026-07-15 14:17:00,396.92,397,396.82,396.88,31716
2026-07-15 14:18:00,396.88,397.16,396.8001,396.995,42496
2026-07-15 14:19:00,396.995,397.075,396.53,396.56,28580
2026-07-15 14:20:00,396.6,396.77,396.29,396.33,150508
2026-07-15 14:21:00,396.33,396.5,396.03,396.35,156687
2026-07-15 14:22:00,396.35,396.96,396.22,396.93,77318
2026-07-15 14:23:00,396.94,397.08,396.74,396.94,43239
2026-07-15 14:24:00,396.9104,396.94,396.5,396.51,34121
2026-07-15 14:25:00,396.47,396.54,396.34,396.365,27492
2026-07-15 14:26:00,396.41,396.5524,396.365,396.5,15207
2026-07-15 14:27:00,396.53,396.76,396.49,396.715,24132
2026-07-15 14:28:00,396.715,396.73,396.55,396.705,18710
2026-07-15 14:29:00,396.705,396.75,396.42,396.5,33397
2026-07-15 14:30:00,396.5,396.61,396.415,396.445,18888
2026-07-15 14:31:00,396.456,396.65,396.45,396.58,27131
2026-07-15 14:32:00,396.61,396.79,396.58,396.6777,27027
2026-07-15 14:33:00,396.655,396.76,396.53,396.745,29714
2026-07-15 14:34:00,396.745,397,396.645,396.885,46787
2026-07-15 14:35:00,396.89,397.12,396.73,396.7551,102281
2026-07-15 14:36:00,396.755,397.07,396.755,396.835,30007
2026-07-15 14:37:00,396.835,396.87,396.745,396.775,16525
2026-07-15 14:38:00,396.775,397.11,396.7,396.99,36487
2026-07-15 14:39:00,396.99,396.99,396.77,396.84,18445
2026-07-15 14:40:00,396.845,396.93,396.595,396.68,18603
2026-07-15 14:41:00,396.7,396.77,396.54,396.63,17905
2026-07-15 14:42:00,396.63,396.69,396.46,396.57,22646
2026-07-15 14:43:00,396.57,396.78,396.57,396.6,24434
2026-07-15 14:44:00,396.6,396.7899,396.5,396.51,24254
2026-07-15 14:45:00,396.53,396.58,396.3,396.36,27160
2026-07-15 14:46:00,396.32,396.335,395.85,396.05,37816
2026-07-15 14:47:00,396.12,396.23,396.02,396.18,26976
2026-07-15 14:48:00,396.18,396.27,396.03,396.04,21523
2026-07-15 14:49:00,396.02,396.03,395.85,395.92,41252
2026-07-15 14:50:00,395.925,396.15,395.91,396.11,19131
2026-07-15 14:51:00,396.15,396.195,396.0099,396.08,40742
2026-07-15 14:52:00,396.12,396.45,396.08,396.31,45661
2026-07-15 14:53:00,396.29,396.34,396.17,396.255,22701
2026-07-15 14:54:00,396.255,396.255,395.7953,395.88,33156
2026-07-15 14:55:00,395.88,396,395.62,395.89,84090
2026-07-15 14:56:00,395.895,395.98,395.83,395.8301,18784
2026-07-15 14:57:00,395.84,396.02,395.83,395.91,23134
2026-07-15 14:58:00,395.91,396.08,395.835,395.9963,38741
2026-07-15 14:59:00,395.99,396.1,395.62,395.64,35102
2026-07-15 15:00:00,395.64,396,395.5401,395.7401,55645
2026-07-15 15:01:00,395.815,395.97,395.7,395.77,24723
2026-07-15 15:02:00,395.76,395.89,395.65,395.79,19611
2026-07-15 15:03:00,395.7601,395.83,395.56,395.69,19862
2026-07-15 15:04:00,395.69,395.74,395.53,395.615,21070
2026-07-15 15:05:00,395.64,395.7299,395.4401,395.485,49564
2026-07-15 15:06:00,395.485,395.485,395.27,395.34,35948
2026-07-15 15:07:00,395.34,395.64,395.33,395.6,26129
2026-07-15 15:08:00,395.615,395.75,395.5,395.62,23546
2026-07-15 15:09:00,395.62,395.92,395.6,395.66,39687
2026-07-15 15:10:00,395.705,395.8,395.5501,395.67,24736
2026-07-15 15:11:00,395.655,395.67,395.33,395.445,23853
2026-07-15 15:12:00,395.445,395.77,395.3917,395.66,41093
2026-07-15 15:13:00,395.72,395.72,395.345,395.345,18576
2026-07-15 15:14:00,395.39,395.48,395.25,395.4582,25645
2026-07-15 15:15:00,395.4612,395.4612,395.0701,395.105,26730
2026-07-15 15:16:00,395.1,395.15,394.88,394.905,25508
2026-07-15 15:17:00,394.905,395.06,394.83,394.985,30559
2026-07-15 15:18:00,394.985,395.58,394.95,395.58,58616
2026-07-15 15:19:00,395.555,395.64,395.4201,395.53,36043
2026-07-15 15:20:00,395.545,395.87,395.545,395.785,48302
2026-07-15 15:21:00,395.79,395.8451,395.65,395.72,21930
2026-07-15 15:22:00,395.75,395.825,395.66,395.76,31571
2026-07-15 15:23:00,395.76,395.84,395.72,395.81,26464
2026-07-15 15:24:00,395.81,395.86,395.53,395.59,28402
2026-07-15 15:25:00,395.63,395.87,395.53,395.83,32146
2026-07-15 15:26:00,395.82,395.94,395.62,395.67,27027
2026-07-15 15:27:00,395.67,395.77,395.5,395.7,23319
2026-07-15 15:28:00,395.725,395.78,395.65,395.67,63200
2026-07-15 15:29:00,395.67,395.8,395.54,395.5585,72952
2026-07-15 15:30:00,395.57,395.6,395.21,395.5376,50468
2026-07-15 15:31:00,395.505,395.71,395.36,395.4025,59871
2026-07-15 15:32:00,395.4299,395.536,395.2,395.31,37658
2026-07-15 15:33:00,395.3,395.65,395.3,395.55,40616
2026-07-15 15:34:00,395.53,395.62,395.44,395.46,36523
2026-07-15 15:35:00,395.475,395.83,395.41,395.79,37284
2026-07-15 15:36:00,395.805,396.12,395.73,396.03,41719
2026-07-15 15:37:00,396.035,396.07,395.74,395.8603,67322
2026-07-15 15:38:00,395.87,395.87,395.5,395.6401,118423
2026-07-15 15:39:00,395.68,396.02,395.68,395.89,35484
2026-07-15 15:40:00,395.88,396.3,395.85,396.255,89623
2026-07-15 15:41:00,396.25,396.39,396,396.1071,45339
2026-07-15 15:42:00,396.12,396.24,395.4,395.42,30598
2026-07-15 15:43:00,395.38,395.435,395.07,395.1699,26865
2026-07-15 15:44:00,395.1602,395.22,395.01,395.1201,27702
2026-07-15 15:45:00,395.11,395.5,395.0716,395.3225,55730
2026-07-15 15:46:00,395.3225,395.48,395.18,395.225,26982
2026-07-15 15:47:00,395.225,395.27,395.08,395.185,24533
2026-07-15 15:48:00,395.22,395.51,395.1,395.12,43875
2026-07-15 15:49:00,395.1,395.19,394.72,394.8,66970
2026-07-15 15:50:00,394.81,396.4,394.75,394.785,86906
2026-07-15 15:51:00,394.81,395.22,394.73,395.13,173619
2026-07-15 15:52:00,395.125,395.26,394.89,394.98,105301
2026-07-15 15:53:00,394.96,395,394.66,394.95,141291
2026-07-15 15:54:00,394.945,395.34,394.63,394.765,128283
2026-07-15 15:55:00,394.765,395.15,394.64,394.92,109159
2026-07-15 15:56:00,394.92,395.04,394.83,394.925,110375
2026-07-15 15:57:00,394.94,395.38,394.9,395.245,128740
2026-07-15 15:58:00,395.24,395.45,395.19,395.345,151212
2026-07-15 15:59:00,395.34,395.75,395.11,395.63,405237
2026-07-15 16:00:00,395.63,395.64,395.27,395.5,4347517
2026-07-15 16:01:00,395.58,395.59,395.5,395.5,1073
2026-07-15 16:02:00,395.58,395.6,395.45,395.45,1536
2026-07-15 16:03:00,395.5,395.6,395.37,395.6,1371
2026-07-15 16:04:00,395.59,395.59,395.3297,395.3297,588
2026-07-15 16:05:00,395.59,395.59,395.1402,395.5,823
2026-07-15 16:06:00,395.64,396.1,395.59,395.76,2971
2026-07-15 16:07:00,395.8,395.8,395.5,395.63,400
2026-07-15 16:08:00,395.68,395.68,395.68,395.68,101
2026-07-15 16:09:00,395.63,395.63,395.07,395.09,2765
2026-07-15 16:10:00,395.25,395.3,395.25,395.27,205
2026-07-15 16:11:00,395.27,395.63,395.166,395.166,207331
2026-07-15 16:12:00,395.34,395.35,395.02,395.02,2541
2026-07-15 16:13:00,395.19,395.4,395.19,395.4,203
2026-07-15 16:14:00,395.45,395.45,395.16,395.16,700
2026-07-15 16:16:00,395.2,395.2,395.09,395.09,200
2026-07-15 16:17:00,395.13,395.2,395.13,395.2,825
2026-07-15 16:19:00,395.1314,395.29,395.1314,395.29,635
2026-07-15 16:20:00,395.3,395.35,395.3,395.35,1022
2026-07-15 16:21:00,395.35,395.44,395.35,395.44,833
2026-07-15 16:22:00,395.425,395.45,395.4,395.45,726
2026-07-15 16:23:00,395.4014,395.45,395.4,395.45,529
2026-07-15 16:24:00,395.25,395.25,395.25,395.25,370
2026-07-15 16:25:00,395.35,395.45,395.35,395.4,273
2026-07-15 16:26:00,395.45,395.5,395.45,395.5,3176
2026-07-15 16:27:00,395.6303,395.6303,395.6303,395.6303,50
2026-07-15 16:28:00,395.7302,396.42,395.64,395.64,2858
2026-07-15 16:29:00,395.75,395.78,395.63,395.78,476
2026-07-15 16:30:00,395.7019,395.7155,395.7019,395.7155,100
2026-07-15 16:31:00,395.712,395.8,395.712,395.8,430
2026-07-15 16:32:00,395.9,395.9,395.8317,395.8317,164
2026-07-15 16:34:00,395.7307,395.7307,395.63,395.63,130
2026-07-15 16:35:00,395.6693,395.6693,395.63,395.63,1138
2026-07-15 16:36:00,395.665,395.7,395.64,395.64,347
2026-07-15 16:37:00,395.6306,395.665,395.63,395.63,717
2026-07-15 16:38:00,395.63,395.63,395.63,395.63,2306
2026-07-15 16:39:00,395.65,395.65,395.65,395.65,99
2026-07-15 16:40:00,395.6,395.6,395.6,395.6,50
2026-07-15 16:41:00,395.55,395.65,395.55,395.5732,246
2026-07-15 16:42:00,395.6107,395.67,395.6107,395.67,190
2026-07-15 16:43:00,395.67,395.67,395.62,395.65,1026
2026-07-15 16:44:00,395.4,395.4984,395.4,395.4,190
2026-07-15 16:45:00,395.4273,395.4273,395.4273,395.4273,45
2026-07-15 16:46:00,395.7,395.7,395.7,395.7,41
2026-07-15 16:47:00,395.6,395.7,395.6,395.7,2159
2026-07-15 16:48:00,395.7,395.7,395.7,395.7,80
2026-07-15 16:49:00,395.8,395.8,395.7,395.75,445
2026-07-15 16:50:00,395.8,396,395.75,395.92,2619
2026-07-15 16:51:00,396,396,395.96,395.96,113
2026-07-15 16:52:00,396,396.015,395.9961,395.9994,947
2026-07-15 16:53:00,396,396,395.92,395.93,1489
2026-07-15 16:54:00,395.975,395.975,395.96,395.96,270
2026-07-15 16:55:00,396,396,395.955,396,1097
2026-07-15 16:56:00,396.05,396.0995,396.05,396.09,395
2026-07-15 16:57:00,396,396.05,396,396,315
2026-07-15 16:59:00,396.09,396.1521,396.04,396.1521,507
2026-07-15 17:00:00,396.15,396.15,396.02,396.05,288
2026-07-15 17:01:00,396.0204,396.11,396,396,767
2026-07-15 17:02:00,396,396,395.96,396,1525
2026-07-15 17:03:00,396.01,396.01,396.005,396.01,735
2026-07-15 17:04:00,396.02,396.02,396.02,396.02,100
2026-07-15 17:05:00,396.02,396.02,396.02,396.02,72
2026-07-15 17:06:00,396.02,396.02,396.02,396.02,140
2026-07-15 17:07:00,396.225,396.33,396.08,396.08,238
2026-07-15 17:08:00,396.3,396.3,396.14,396.14,540
2026-07-15 17:09:00,396.12,396.12,396.12,396.12,89
2026-07-15 17:10:00,396.1,396.1512,396.1,396.15,364
2026-07-15 17:11:00,396.15,396.19,396.15,396.19,228
2026-07-15 17:12:00,396.209,396.25,396.209,396.25,960
2026-07-15 17:13:00,396.4468,396.4468,396.18,396.18,400
2026-07-15 17:14:00,396.18,396.45,396.1542,396.45,1040
2026-07-15 17:15:00,396.42,396.42,396.28,396.28,96
2026-07-15 17:16:00,396.2683,396.415,396.2683,396.35,257
2026-07-15 17:17:00,396.35,396.35,396.35,396.35,49
2026-07-15 17:20:00,396.43,396.52,396.43,396.52,5353
2026-07-15 17:21:00,396.3,396.3,396.3,396.3,50
2026-07-15 17:22:00,396.4994,396.5958,396.4994,396.5958,375
2026-07-15 17:23:00,396.5966,396.5966,396.3666,396.3666,150
2026-07-15 17:25:00,396.4,396.4,396.4,396.4,258
2026-07-15 17:26:00,396.4797,396.4797,396.4797,396.4797,825
2026-07-15 17:27:00,396.4,396.4,396.26,396.26,908
2026-07-15 17:29:00,396.28,396.28,396.25,396.25,583
2026-07-15 17:30:00,396.25,396.25,396.13,396.13,100
2026-07-15 17:31:00,396.1,396.1,396.1,396.1,45
2026-07-15 17:32:00,396.15,396.25,396.15,396.15,628
2026-07-15 17:33:00,396.3,396.3,396.15,396.15,335
2026-07-15 17:34:00,396.25,396.25,396.25,396.25,296
2026-07-15 17:35:00,396.24,396.25,396.1242,396.25,1243
2026-07-15 17:36:00,396.25,396.25,396.25,396.25,859
2026-07-15 17:38:00,396.17,396.17,396.17,396.17,100
2026-07-15 17:40:00,396.24,396.25,396.24,396.246,769
2026-07-15 17:42:00,396.21,396.23,396.21,396.21,205
2026-07-15 17:44:00,396.18,396.25,396.18,396.25,367
2026-07-15 17:45:00,396.25,396.25,396.22,396.22,362
2026-07-15 17:47:00,396.1,396.1,396.1,396.1,40
2026-07-15 17:48:00,396.25,396.25,396.25,396.25,200
2026-07-15 17:49:00,396.25,396.25,396.1,396.1,400
2026-07-15 17:51:00,396.1232,396.1261,396.12,396.1261,323
2026-07-15 17:52:00,396.13,396.13,396.1,396.1,279
2026-07-15 17:53:00,396.01,396.13,396.01,396.13,579
2026-07-15 17:54:00,396.01,396.01,396.01,396.01,78
2026-07-15 17:55:00,396.0179,396.0179,396.0179,396.0179,45
2026-07-15 17:56:00,396.05,396.05,396,396.05,1160
2026-07-15 17:57:00,396.0015,396.25,396.0015,396.25,1041
2026-07-15 17:59:00,396,396.0001,396,396.0001,140
2026-07-15 18:00:00,396.21,396.25,396.21,396.25,1054
2026-07-15 18:01:00,396.245,396.25,396.24,396.25,4734
2026-07-15 18:02:00,396.2648,396.4,396.2648,396.3,449
2026-07-15 18:03:00,396.24,396.48,396.24,396.48,194
2026-07-15 18:04:00,396.4662,396.5,396.4662,396.5,299
2026-07-15 18:05:00,396.81,396.81,396.81,396.81,75
2026-07-15 18:06:00,396.5446,396.75,396.5446,396.74,210
2026-07-15 18:07:00,396.65,396.75,396.65,396.75,200
2026-07-15 18:08:00,396.7,396.7,396.5001,396.5001,743
2026-07-15 18:09:00,396.5,396.8127,396.5,396.8127,278
2026-07-15 18:10:00,396.5915,396.5915,396.5,396.5,875
2026-07-15 18:11:00,396.5999,396.5999,396.5,396.57,445
2026-07-15 18:13:00,396.5,396.5,396.3,396.3,135
2026-07-15 18:14:00,396.5,396.5,396.45,396.45,100
2026-07-15 18:16:00,396.3,396.3,396.3,396.3,400
2026-07-15 18:18:00,396.5,396.5,396.4,396.4741,585
2026-07-15 18:19:00,396.5,396.6,396.5,396.51,474
2026-07-15 18:20:00,396.6,396.84,396.6,396.84,582
2026-07-15 18:21:00,396.81,396.87,396.6,396.6,832
2026-07-15 18:22:00,396.66,396.66,396.51,396.64,230
2026-07-15 18:24:00,396.6515,396.6515,396.6371,396.64,500
2026-07-15 18:25:00,396.6518,396.75,396.6518,396.75,346
2026-07-15 18:26:00,396.4604,396.7739,396.4604,396.7739,320
2026-07-15 18:27:00,396.77,396.88,396.77,396.8,2082
2026-07-15 18:29:00,396.86,396.86,396.85,396.85,240
2026-07-15 18:30:00,396.84,396.94,396.84,396.94,3399
2026-07-15 18:31:00,396.75,396.75,396.75,396.75,100
2026-07-15 18:32:00,396.7016,396.8,396.7016,396.8,547
2026-07-15 18:33:00,396.7008,396.75,396.7,396.7,425
2026-07-15 18:34:00,396.6,396.6,396.6,396.6,50
2026-07-15 18:35:00,396.627,396.792,396.627,396.7,514
2026-07-15 18:36:00,396.7,396.7,396.7,396.7,100
2026-07-15 18:37:00,396.725,396.725,396.69,396.69,219
2026-07-15 18:38:00,396.725,396.8,396.725,396.8,308
2026-07-15 18:39:00,396.725,396.7786,396.725,396.7786,420
2026-07-15 18:41:00,396.7992,396.8,396.66,396.78,756
2026-07-15 18:42:00,396.7,396.7763,396.65,396.65,767
2026-07-15 18:43:00,396.6732,396.6732,396.6732,396.6732,200
2026-07-15 18:44:00,396.8,396.8,396.7999,396.8,555
2026-07-15 18:45:00,396.8,396.8,396.8,396.8,832
2026-07-15 18:46:00,396.84,396.84,396.84,396.84,50
2026-07-15 18:47:00,396.94,396.94,396.94,396.94,50
2026-07-15 18:48:00,396.96,396.96,396.94,396.95,1146
2026-07-15 18:49:00,396.95,396.96,396.9,396.9,500
2026-07-15 18:50:00,396.9,396.9,396.9,396.9,398
2026-07-15 18:51:00,396.8985,396.9,396.8985,396.9,158
2026-07-15 18:52:00,396.8509,396.9,396.8509,396.89,450
2026-07-15 18:53:00,396.9,396.9,396.9,396.9,302
2026-07-15 18:54:00,396.9,396.96,396.8986,396.96,1949
2026-07-15 18:55:00,396.96,396.96,396.82,396.82,405
2026-07-15 18:56:00,396.6605,396.96,396.6605,396.96,1640
2026-07-15 18:57:00,396.96,396.96,396.96,396.96,353
2026-07-15 18:58:00,396.9592,396.96,396.9,396.9,521
2026-07-15 18:59:00,396.96,397.2923,396.96,397,1922
2026-07-15 19:00:00,397.15,397.4254,397.15,397.4254,250
2026-07-15 19:01:00,397.38,397.4426,397.28,397.35,595
2026-07-15 19:02:00,397.35,397.45,397.3,397.4,891
2026-07-15 19:03:00,397.36,397.3601,397.32,397.32,848
2026-07-15 19:05:00,397.314,397.314,397.12,397.23,842
2026-07-15 19:06:00,397.19,397.22,397.1158,397.22,650
2026-07-15 19:07:00,397.1119,397.2445,397.1115,397.1115,500
2026-07-15 19:08:00,397.12,397.12,397.12,397.12,100
2026-07-15 19:09:00,397.1231,397.25,397.0681,397.0681,346
2026-07-15 19:10:00,397.08,397.08,397.06,397.06,136
2026-07-15 19:11:00,397.07,397.07,397,397,1435
2026-07-15 19:12:00,397.06,397.1163,397.06,397.1163,80
2026-07-15 19:15:00,397.02,397.02,396.75,396.75,298
2026-07-15 19:16:00,396.812,396.812,396.75,396.75,240
2026-07-15 19:17:00,396.8,396.9695,396.8,396.9695,416
2026-07-15 19:18:00,396.8,396.8,396.75,396.75,114
2026-07-15 19:19:00,396.7961,396.98,396.75,396.84,2286
2026-07-15 19:21:00,396.86,396.86,396.86,396.86,40
2026-07-15 19:22:00,396.7838,396.7838,396.7838,396.7838,119
2026-07-15 19:23:00,396.86,396.86,396.86,396.86,60
2026-07-15 19:25:00,396.75,396.97,396.75,396.97,450
2026-07-15 19:28:00,396.85,396.85,396.85,396.85,200
2026-07-15 19:29:00,396.93,396.96,396.93,396.96,94
2026-07-15 19:32:00,396.98,397,396.98,397,155
2026-07-15 19:33:00,397,397,397,397,69
2026-07-15 19:34:00,396.9835,397,396.9835,397,575
2026-07-15 19:35:00,396.95,396.97,396.95,396.97,158
2026-07-15 19:37:00,397,397,397,397,103
2026-07-15 19:38:00,397,397,396.9999,397,560
2026-07-15 19:39:00,396.98,396.98,396.95,396.95,120
2026-07-15 19:40:00,396.95,397,396.95,396.98,360
2026-07-15 19:42:00,396.8968,397,396.8968,397,164
2026-07-15 19:43:00,396.9465,397,396.9465,396.99,303
2026-07-15 19:45:00,397,397,397,397,80
2026-07-15 19:46:00,397,397,397,397,1768
2026-07-15 19:47:00,397.05,397.05,397.05,397.05,300
2026-07-15 19:48:00,397.12,397.17,397.12,397.17,149
2026-07-15 19:50:00,397.0591,397.1004,397.0591,397.1004,265
2026-07-15 19:52:00,397.18,397.18,397.02,397.02,140
2026-07-15 19:53:00,397.18,397.18,397.1,397.1,90
2026-07-15 19:54:00,397.07,397.07,397.07,397.07,40
2026-07-15 19:55:00,397.0682,397.07,397.02,397.02,176
2026-07-15 19:57:00,397.0806,397.0806,397.0806,397.0806,200
2026-07-15 19:59:00,397.16,397.18,397.16,397.18,240
2026-07-16 04:00:00,398.01,398.3669,396.6609,397.24,14185
2026-07-16 04:01:00,397.43,398.65,396.73,398.07,23305
2026-07-16 04:02:00,398.3,398.8123,397.86,398.8,2155
2026-07-16 04:03:00,398.71,399.17,398.71,399.12,4924
2026-07-16 04:04:00,399.15,399.47,399.1337,399.47,1190
2026-07-16 04:05:00,399.4578,399.6146,399.3,399.6146,2209
2026-07-16 04:06:00,399.52,399.59,397.8,399.46,1635
2026-07-16 04:07:00,399.5,399.8,399.49,399.8,2789
2026-07-16 04:08:00,399.84,399.89,399.84,399.88,1658
2026-07-16 04:09:00,399.88,399.94,399.79,399.92,2163
2026-07-16 04:10:00,399.94,399.97,399.86,399.92,993
2026-07-16 04:11:00,399.88,400,399.4829,399.9611,2424
2026-07-16 04:12:00,399.96,399.99,399.9,399.9,620
2026-07-16 04:13:00,399.97,400.26,399.63,400,9239
2026-07-16 04:14:00,399.92,399.94,399.9,399.94,178
2026-07-16 04:15:00,399.89,399.89,399.1,399.12,3328
2026-07-16 04:16:00,399,399.2,398.88,399.2,1555
2026-07-16 04:17:00,399.04,399.31,399.04,399.31,1058
2026-07-16 04:18:00,399.31,399.31,399.14,399.14,468
2026-07-16 04:19:00,399.22,399.22,399.06,399.06,573
2026-07-16 04:20:00,399.04,399.4,399.04,399.04,300
2026-07-16 04:21:00,399.11,399.11,398.76,398.8,1067
2026-07-16 04:22:00,398.95,399.06,398.9,398.9,595
2026-07-16 04:23:00,399.05,399.13,398.92,399.12,1267
2026-07-16 04:24:00,399.08,399.13,398.98,399.13,905
2026-07-16 04:25:00,399.4334,399.46,399.4334,399.46,1113
2026-07-16 04:26:00,399.46,399.489,399.37,399.42,647
2026-07-16 04:27:00,399.32,399.3611,399.1,399.33,707
2026-07-16 04:28:00,399.32,399.42,399.19,399.42,797
2026-07-16 04:29:00,399.45,399.6,399.4135,399.5575,1086
2026-07-16 04:30:00,399.5,399.5,399.3,399.35,494
2026-07-16 04:31:00,399.31,399.31,399.264,399.264,558
2026-07-16 04:32:00,399.1,399.1,399,399,400
2026-07-16 04:35:00,399.14,399.14,399.14,399.14,62
2026-07-16 04:36:00,399.12,399.12,399.12,399.12,100
2026-07-16 04:37:00,399.3,399.3,399.3,399.3,75
2026-07-16 04:39:00,399.3,399.32,399.3,399.32,1101
2026-07-16 04:40:00,399.35,399.58,399.35,399.58,1246
2026-07-16 04:41:00,399.8,399.91,399.8,399.91,394
2026-07-16 04:42:00,399.99,400,399.8,399.824,3582
2026-07-16 04:43:00,399.89,400.28,399.89,400.28,1442
2026-07-16 04:44:00,400.49,400.7,400.49,400.6012,1751
2026-07-16 04:45:00,400.73,400.9681,400.73,400.78,802
2026-07-16 04:46:00,400.78,400.78,400.56,400.6517,1916
2026-07-16 04:47:00,400.45,400.89,400.4,400.89,2189
2026-07-16 04:48:00,400.61,400.61,400.4,400.4,614
2026-07-16 04:49:00,400.66,400.8,400.66,400.8,284
2026-07-16 04:50:00,400.72,400.8,400.72,400.8,315
2026-07-16 04:51:00,400.83,400.85,400.69,400.85,520
2026-07-16 04:52:00,400.75,400.75,400.75,400.75,100
2026-07-16 04:53:00,400.93,400.95,400.88,400.93,393
2026-07-16 04:54:00,400.99,401,400.91,400.98,1174
2026-07-16 04:55:00,401,401,400.91,400.99,938
2026-07-16 04:56:00,401,401.1,401,401,1459
2026-07-16 04:57:00,401,401.051,400.84,400.84,594
2026-07-16 04:58:00,400.8,400.84,400.74,400.75,1462
2026-07-16 04:59:00,400.74,400.75,400.6694,400.75,353
2026-07-16 05:00:00,400.8,400.81,400.5,400.54,2017
2026-07-16 05:01:00,400,400,400,400,315
2026-07-16 05:02:00,400.19,400.9,400,400.9,3315
2026-07-16 05:03:00,400.88,400.88,400.88,400.88,47
2026-07-16 05:04:00,400.8,401.1,400.78,401.1,1362
2026-07-16 05:05:00,400.98,401.11,400.9,401.11,767
2026-07-16 05:06:00,401.11,401.1778,400.8,400.8,1683
2026-07-16 05:07:00,400.99,400.99,400.7,400.83,764
2026-07-16 05:08:00,400.7,400.7,400.22,400.22,987
2026-07-16 05:10:00,400.41,400.58,400.41,400.52,551
2026-07-16 05:11:00,400.64,400.95,400.5,400.95,1265
2026-07-16 05:12:00,400.87,400.87,400.75,400.75,90
2026-07-16 05:13:00,400.93,400.95,400.93,400.95,156
2026-07-16 05:14:00,400.86,400.86,400.86,400.86,60
2026-07-16 05:15:00,400.97,400.99,400.61,400.85,653
2026-07-16 05:17:00,400.87,400.87,400.87,400.87,60
2026-07-16 05:18:00,400.72,400.9099,400.72,400.9099,229
2026-07-16 05:19:00,400.99,400.99,400.79,400.8,272
2026-07-16 05:20:00,400.81,400.8204,400.75,400.8204,495
2026-07-16 05:21:00,400.8795,400.8795,400.75,400.75,100
2026-07-16 05:22:00,400.5,400.5,400.5,400.5,200
2026-07-16 05:23:00,400.66,400.66,400.66,400.66,108
2026-07-16 05:24:00,400.64,400.64,400.6137,400.6137,244
2026-07-16 05:25:00,400.61,400.76,400.55,400.75,1390
2026-07-16 05:26:00,400.55,400.76,400.53,400.76,804
2026-07-16 05:27:00,400.45,400.58,400.44,400.58,472
2026-07-16 05:28:00,400.58,400.76,400.58,400.76,543
2026-07-16 05:29:00,400.8916,400.8916,400.8916,400.8916,50
2026-07-16 05:30:00,400.69,400.78,400.69,400.78,450
2026-07-16 05:31:00,400.8896,400.8896,400.7009,400.7009,317
2026-07-16 05:32:00,400.73,401.24,400.73,401.0264,5943
2026-07-16 05:33:00,401.06,401.17,401,401.17,580
2026-07-16 05:34:00,401.18,401.18,401.01,401.12,661
2026-07-16 05:35:00,401.11,401.12,401.11,401.12,174
2026-07-16 05:36:00,401.12,401.17,400.99,401.17,614
2026-07-16 05:38:00,400.99,401,400.86,400.86,559
2026-07-16 05:39:00,400.94,401.01,400.78,400.81,1194
2026-07-16 05:40:00,400.78,400.78,400.75,400.75,80
2026-07-16 05:41:00,400.73,400.73,400.6142,400.6142,216
2026-07-16 05:42:00,400.81,400.81,400.67,400.67,372
2026-07-16 05:43:00,400.58,400.65,400.58,400.65,1100
2026-07-16 05:44:00,400.71,400.75,400.71,400.75,261
2026-07-16 05:45:00,400.738,401.08,400.738,400.95,1637
2026-07-16 05:46:00,400.95,400.95,400.9,400.9,253
2026-07-16 05:48:00,400.72,400.86,400.7,400.86,341
2026-07-16 05:49:00,400.5841,400.5841,400.5841,400.5841,50
2026-07-16 05:50:00,400.66,400.66,400.51,400.5142,476
2026-07-16 05:51:00,400.6,400.6,400.5,400.6,334
2026-07-16 05:52:00,400.6,400.62,400.58,400.61,394
2026-07-16 05:53:00,400.62,400.691,400.51,400.691,356
2026-07-16 05:54:00,400.61,400.69,400.5817,400.65,805
2026-07-16 05:55:00,400.8,400.8,400.57,400.57,296
2026-07-16 05:56:00,400.8151,400.8151,400.68,400.75,250
2026-07-16 05:57:00,400.8,400.8,400.5151,400.7749,314
2026-07-16 05:58:00,400.7749,400.7749,400.1,400.53,2174
2026-07-16 05:59:00,400.5077,400.7524,400.26,400.7524,1353
2026-07-16 06:00:00,400.7568,400.7568,400.2516,400.41,852
2026-07-16 06:01:00,400.22,400.5,400,400.22,614
2026-07-16 06:02:00,400.4,400.4,399.67,399.67,11128
2026-07-16 06:03:00,399.97,400,399.7088,400,721
2026-07-16 06:05:00,400.4,400.56,400.3,400.4,1360
2026-07-16 06:06:00,400.52,400.76,400.52,400.6,1092
2026-07-16 06:07:00,400.52,400.61,400.52,400.6095,404
2026-07-16 06:08:00,400.5,400.54,400.5,400.54,108
2026-07-16 06:09:00,400.63,400.63,400.63,400.63,40
2026-07-16 06:11:00,400.6807,400.69,400.49,400.6,1164
2026-07-16 06:12:00,400.64,400.77,400.64,400.77,1106
2026-07-16 06:13:00,400.87,400.87,400.87,400.87,79
2026-07-16 06:14:00,400.8,400.8,400.68,400.68,1150
2026-07-16 06:15:00,400.5,400.8,400.5,400.8,1244
2026-07-16 06:16:00,400.51,400.52,400.51,400.52,90
2026-07-16 06:17:00,400.55,400.55,400.55,400.55,481
2026-07-16 06:18:00,400.3315,400.49,400.25,400.28,944
2026-07-16 06:19:00,400.29,400.29,400.29,400.29,255
2026-07-16 06:20:00,400.29,400.29,400.29,400.29,40
2026-07-16 06:21:00,400.23,400.23,400.14,400.14,173
2026-07-16 06:22:00,400.24,400.24,400.24,400.24,48
2026-07-16 06:24:00,400.2,400.22,400.14,400.22,394
2026-07-16 06:25:00,400.2,400.2,400.2,400.2,140
2026-07-16 06:26:00,400.45,400.45,400.45,400.45,80
2026-07-16 06:27:00,400.18,401.17,400.14,400.45,4528
2026-07-16 06:28:00,400.24,400.3191,400.18,400.18,617
2026-07-16 06:29:00,400.24,400.24,400,400.23,612
2026-07-16 06:30:00,400.26,400.26,400.26,400.26,53
2026-07-16 06:31:00,400.16,400.3,400.06,400.16,681
2026-07-16 06:33:00,400.16,400.16,399.689,399.689,1745
2026-07-16 06:34:00,399.9185,400,399.66,400,5052
2026-07-16 06:35:00,400.18,400.3528,400.18,400.2,783
2026-07-16 06:36:00,400.29,400.4,400.29,400.4,460
2026-07-16 06:37:00,400.4,400.8,400.4,400.8,1006
2026-07-16 06:38:00,400.65,400.65,400.4,400.5,148
2026-07-16 06:39:00,400.35,400.5,400.35,400.5,1280
2026-07-16 06:40:00,400.6,400.63,400.6,400.63,175
2026-07-16 06:41:00,400.4,400.85,400.32,400.72,2468
2026-07-16 06:42:00,400.83,400.83,400.7,400.76,3256
2026-07-16 06:43:00,400.72,400.72,400.52,400.52,93
2026-07-16 06:44:00,400.75,401.25,400.75,401.25,916
2026-07-16 06:45:00,401.33,401.6114,401.2,401.2,1541
2026-07-16 06:46:00,401.2,401.3,401.11,401.23,775
2026-07-16 06:47:00,401.15,401.55,401.15,401.3889,970
2026-07-16 06:48:00,401.35,401.43,401.31,401.43,1094
2026-07-16 06:49:00,401.43,401.85,401.43,401.8246,5848
2026-07-16 06:50:00,401.78,401.8,401.49,401.6,1727
2026-07-16 06:51:00,401.3,401.34,401.3,401.34,204
2026-07-16 06:52:00,401.3,401.4168,401,401.4168,1437
2026-07-16 06:53:00,401.1,401.1,400.97,400.97,194
2026-07-16 06:54:00,400.7,400.8,400.7,400.8,318
2026-07-16 06:55:00,400.71,400.8,400.7,400.7,539
2026-07-16 06:56:00,400.5,400.6,400.3,400.6,1547
2026-07-16 06:57:00,400.49,400.5,400.28,400.28,460
2026-07-16 06:59:00,400.29,400.533,400.28,400.33,465
2026-07-16 07:00:00,400.19,401,399.39,400.98,13474
2026-07-16 07:01:00,401,401.21,400.743,401.21,5026
2026-07-16 07:02:00,401.48,401.88,401.3304,401.75,7103
2026-07-16 07:03:00,401.81,402,401,401.15,4271
2026-07-16 07:04:00,401.29,401.58,401.0519,401.5,1154
2026-07-16 07:05:00,401.5,401.5,400.95,401.31,981
2026-07-16 07:06:00,401.22,401.27,401.17,401.18,907
2026-07-16 07:07:00,401.17,401.21,401,401,1698
2026-07-16 07:08:00,401.21,401.21,401,401.04,4485
2026-07-16 07:09:00,401.14,401.2,401.016,401.016,3008
2026-07-16 07:10:00,401.2,401.2937,401.2,401.2937,755
2026-07-16 07:11:00,401.4849,401.566,401.155,401.51,5255
2026-07-16 07:12:00,401.56,401.56,401.2119,401.2598,1597
2026-07-16 07:13:00,401.3,401.56,401.3,401.56,366
2026-07-16 07:14:00,401.57,401.57,401.33,401.5,1879
2026-07-16 07:15:00,401.55,401.67,401.3352,401.4,5646
2026-07-16 07:16:00,401.3,401.5,400.4,400.78,1544
2026-07-16 07:17:00,400.91,401.3,400.5183,401.04,1209
2026-07-16 07:18:00,401.04,401.4324,401.04,401.1,1296
2026-07-16 07:19:00,401.17,401.38,401.15,401.27,598
2026-07-16 07:20:00,401.15,401.15,400.5421,400.74,1225
2026-07-16 07:21:00,400.77,401,400.77,401,341
2026-07-16 07:22:00,400.86,400.9353,400.6,400.6527,1403
2026-07-16 07:23:00,400.94,401,400.81,401,1091
2026-07-16 07:24:00,400.99,400.99,400.93,400.93,115
2026-07-16 07:25:00,401,401,400.8117,400.9729,2234
2026-07-16 07:26:00,400.81,400.91,400.8,400.8,1338
2026-07-16 07:27:00,400.94,400.95,400.6,400.6,912
2026-07-16 07:28:00,400.78,401.31,400.78,401.01,5002
2026-07-16 07:29:00,401.19,401.38,400.95,401.3649,750
2026-07-16 07:30:00,401,401,401,401,152
2026-07-16 07:31:00,401.0877,401.0877,400.6001,400.6001,1199
2026-07-16 07:32:00,401,401,400.7,400.7,350
2026-07-16 07:33:00,400.88,401,400.64,400.8,1764
2026-07-16 07:34:00,400.74,400.83,400.7063,400.82,501
2026-07-16 07:35:00,400.7,401,400.63,401,5139
2026-07-16 07:36:00,400.7571,400.96,400.7,400.7,2348
2026-07-16 07:37:00,400.82,400.92,400.61,400.61,8589
2026-07-16 07:38:00,400.49,400.49,400.27,400.27,4626
2026-07-16 07:39:00,400.27,400.68,400.22,400.68,993
2026-07-16 07:40:00,400.5616,400.95,400.5616,400.8,659
2026-07-16 07:41:00,400.885,400.885,400.5,400.5,372
2026-07-16 07:42:00,400.5208,400.9,400.5208,400.6,443
2026-07-16 07:43:00,400.9,400.9,400.5516,400.84,968
2026-07-16 07:44:00,400.9,400.9,400.5,400.75,1768
2026-07-16 07:45:00,400.68,400.94,400.51,400.55,1172
2026-07-16 07:46:00,400.96,400.96,400.7,400.95,2181
2026-07-16 07:47:00,400.8447,400.93,400.8447,400.85,360
2026-07-16 07:48:00,400.85,400.9007,400.56,400.56,431
2026-07-16 07:49:00,400.8383,400.8383,400.22,400.235,1618
2026-07-16 07:50:00,400.5408,400.65,400.2008,400.45,1153
2026-07-16 07:51:00,400.1228,400.7196,400.02,400.51,595
2026-07-16 07:52:00,400.51,400.6529,400.4,400.43,936
2026-07-16 07:53:00,400.34,400.34,400,400.22,996
2026-07-16 07:54:00,400.4,400.68,400.35,400.5,1637
2026-07-16 07:55:00,400.7,400.7,400.42,400.47,482
2026-07-16 07:56:00,400.6638,400.6638,400.37,400.5,294
2026-07-16 07:57:00,400.37,400.4988,400.37,400.4988,325
2026-07-16 07:58:00,400.52,400.6,400.4,400.6,508
2026-07-16 07:59:00,400.49,400.57,400.37,400.49,1521
2026-07-16 08:00:00,400.4,400.5,400.2,400.32,884
2026-07-16 08:01:00,400.2,400.35,400.2,400.35,234
2026-07-16 08:02:00,400.3482,400.57,400.3482,400.4274,1133
2026-07-16 08:03:00,400.4887,400.5012,400.45,400.5,476
2026-07-16 08:04:00,400.53,400.7799,400.53,400.7799,1383
2026-07-16 08:05:00,400.68,400.76,400.4,400.71,4177
2026-07-16 08:06:00,400.78,400.9,400.38,400.38,2239
2026-07-16 08:07:00,400.8,400.89,400.526,400.66,276
2026-07-16 08:08:00,400.35,400.99,400.35,400.98,1002
2026-07-16 08:09:00,400.7778,401.08,400.7778,401.07,1503
2026-07-16 08:10:00,401.14,401.14,400.8,401,5766
2026-07-16 08:11:00,400.8,401.0535,400.5,400.5,2345
2026-07-16 08:12:00,400.74,400.8366,400.6,400.8366,620
2026-07-16 08:13:00,400.6511,400.794,400.6,400.794,2894
2026-07-16 08:14:00,400.4325,400.72,400.34,400.7,634
2026-07-16 08:15:00,400.3587,400.58,400.3587,400.58,439
2026-07-16 08:16:00,400.5,400.5,400.34,400.34,677
2026-07-16 08:17:00,400.49,400.49,400.05,400.25,4923
2026-07-16 08:18:00,400.05,400.29,400.001,400.29,2057
2026-07-16 08:19:00,400.19,400.27,400.076,400.2,464
2026-07-16 08:20:00,400.2093,400.3,400.09,400.121,1056
2026-07-16 08:21:00,400.2504,400.2504,399.6676,399.6676,2486
2026-07-16 08:22:00,399.9,399.9,399.63,399.71,3347
2026-07-16 08:23:00,399.69,399.836,399.63,399.812,941
2026-07-16 08:24:00,399.68,399.68,399.35,399.5,1361
2026-07-16 08:25:00,399.5,399.5,399,399.0872,1728
2026-07-16 08:26:00,399.4141,399.45,399,399.19,667
2026-07-16 08:27:00,399.1151,399.3,399,399,2131
2026-07-16 08:28:00,399,399,398.77,398.85,3167
2026-07-16 08:29:00,398.8,398.98,398.7,398.7,815
2026-07-16 08:30:00,398.71,399.25,398.71,399.1946,1064
2026-07-16 08:31:00,399.29,399.29,398.5,398.5,2721
2026-07-16 08:32:00,398.5701,398.967,398.5701,398.7871,282
2026-07-16 08:33:00,398.82,399.34,398.82,399.34,4200
2026-07-16 08:34:00,399.1,399.45,399,399.05,4516
2026-07-16 08:35:00,399.34,399.34,399.03,399.05,1368
2026-07-16 08:36:00,399.0417,399.45,399.02,399.35,2208
2026-07-16 08:37:00,399.12,399.39,398.97,399.03,5110
2026-07-16 08:38:00,399.05,399.4268,399.02,399.3699,3713
2026-07-16 08:39:00,399.07,399.37,399,399,1715
2026-07-16 08:40:00,399.14,399.64,399.0758,399.29,4948
2026-07-16 08:41:00,399.3,399.65,399.3,399.45,2850
2026-07-16 08:42:00,399.7097,399.7221,399.16,399.16,2080
2026-07-16 08:43:00,399,399.45,399,399.24,3249
2026-07-16 08:44:00,399.24,399.46,399.24,399.35,1218
2026-07-16 08:45:00,399.3,399.46,399.14,399.35,1927
2026-07-16 08:46:00,399.27,399.69,399.24,399.65,2736
2026-07-16 08:47:00,399.64,399.7484,399.31,399.74,1112
2026-07-16 08:48:00,399.61,399.74,399.3807,399.62,423
2026-07-16 08:49:00,399.58,399.58,399.31,399.31,1954
2026-07-16 08:50:00,399.3,399.3,399.11,399.11,666
2026-07-16 08:51:00,399.29,399.29,399.0366,399.0391,400
2026-07-16 08:52:00,399.25,399.84,399.13,399.4942,2038
2026-07-16 08:53:00,399.4024,399.79,399.4024,399.59,681
2026-07-16 08:54:00,399.61,399.61,399.4,399.59,773
2026-07-16 08:55:00,399.5393,399.5393,399.32,399.32,425
2026-07-16 08:56:00,399.47,399.47,399.436,399.4468,292
2026-07-16 08:57:00,399.47,399.48,399.32,399.48,712
2026-07-16 08:58:00,399.57,399.61,399.32,399.4,1588
2026-07-16 08:59:00,399.55,399.55,399.25,399.25,205
2026-07-16 09:00:00,399.49,399.75,399.3262,399.6,1066
2026-07-16 09:01:00,399.371,399.8,399.3704,399.63,814
2026-07-16 09:02:00,399.85,399.85,399.5,399.6,695
2026-07-16 09:03:00,399.5,399.5,399.32,399.5,2146
2026-07-16 09:04:00,399.4763,399.59,399.33,399.33,2688
2026-07-16 09:05:00,399.42,399.5,399.22,399.22,3971
2026-07-16 09:06:00,399.49,399.49,399.2936,399.3111,327
2026-07-16 09:07:00,399.49,399.49,399.25,399.25,2988
2026-07-16 09:08:00,399.22,399.41,399,399.2001,2532
2026-07-16 09:09:00,399.1867,399.1867,399.0378,399.1,262
2026-07-16 09:10:00,399.08,399.15,399.01,399.051,2262
2026-07-16 09:11:00,399.055,399.055,398.7,398.85,2177
2026-07-16 09:12:00,398.7301,398.82,398.73,398.82,4390
2026-07-16 09:13:00,398.8199,399.45,398.76,399.45,3563
2026-07-16 09:14:00,399.18,399.382,399.037,399.037,2633
2026-07-16 09:15:00,399.12,399.35,399,399.35,5141
2026-07-16 09:16:00,399.46,399.5,399.28,399.3663,2093
2026-07-16 09:17:00,399.38,399.51,399.28,399.51,4681
2026-07-16 09:18:00,399.6704,399.68,399.38,399.6148,2178
2026-07-16 09:19:00,399.4,399.4,398.975,399.3,1054
2026-07-16 09:20:00,399.04,399.34,399,399.2981,629
2026-07-16 09:21:00,399.02,399.21,398.73,398.92,5082
2026-07-16 09:22:00,398.92,399.05,398.92,399,4553
2026-07-16 09:23:00,399,399,398.92,398.99,868
2026-07-16 09:24:00,398.75,398.99,398.65,398.85,1791
2026-07-16 09:25:00,398.65,398.65,398,398,6790
2026-07-16 09:26:00,397.98,398.41,397.93,397.93,1974
2026-07-16 09:27:00,398.36,399.01,398,398.79,8082
2026-07-16 09:28:00,399.1,399.1,398.13,398.3,1508
2026-07-16 09:29:00,398.03,398.34,397.76,398,4887
2026-07-16 09:30:00,398.31,398.73,396.3001,396.57,608958
2026-07-16 09:31:00,396.505,396.98,394.2,395.2,226146
2026-07-16 09:32:00,395.195,395.68,394.41,394.76,119699
2026-07-16 09:33:00,394.755,396.24,394.67,396.1,146000
2026-07-16 09:34:00,396.105,396.28,395.53,396.015,87397
2026-07-16 09:35:00,396.08,396.71,395.59,396,121182
2026-07-16 09:36:00,396.14,397.91,396.1,397.685,96424
2026-07-16 09:37:00,397.67,397.98,396.05,396.62,112190
2026-07-16 09:38:00,396.4709,396.66,395.97,396.05,91152
2026-07-16 09:39:00,396.05,396.1799,395.54,395.835,166566
2026-07-16 09:40:00,395.76,396.12,394,394.2,175534
2026-07-16 09:41:00,394.2,394.3323,393.16,393.22,98337
2026-07-16 09:42:00,393.21,393.59,392.8042,393.32,97460
2026-07-16 09:43:00,393.32,393.87,392.7,392.88,69824
2026-07-16 09:44:00,392.82,393.22,392.09,392.2,177711
2026-07-16 09:45:00,392.3,393.6699,392.0501,393.185,108263
2026-07-16 09:46:00,393.13,394.06,392.975,394.04,53877
2026-07-16 09:47:00,393.995,394.5599,393.63,393.735,49054
2026-07-16 09:48:00,393.71,394.03,393.5,393.88,54531
2026-07-16 09:49:00,393.87,394.2,393.32,394.125,55758
2026-07-16 09:50:00,394.125,394.48,393.82,394.405,69429
2026-07-16 09:51:00,394.48,394.51,393.99,394.27,60903
2026-07-16 09:52:00,394.25,394.6,394.165,394.47,42070
2026-07-16 09:53:00,394.4323,394.74,394.14,394.72,48614
2026-07-16 09:54:00,394.68,395.06,394.47,394.735,51046
2026-07-16 09:55:00,394.7,395.17,394.6,394.96,51950
2026-07-16 09:56:00,394.9,395.54,394.87,395.5389,48943
2026-07-16 09:57:00,395.455,395.59,395,395.32,59757
2026-07-16 09:58:00,395.27,395.33,393.92,394.05,137176
2026-07-16 09:59:00,394.125,394.27,393.21,393.28,87313
2026-07-16 10:00:00,393.31,393.8899,393.02,393.75,67587
2026-07-16 10:01:00,393.84,394.45,393.34,394.19,70969
2026-07-16 10:02:00,394.2697,394.32,393.86,393.975,48048
2026-07-16 10:03:00,394,394.15,393.77,393.9706,57429
2026-07-16 10:04:00,393.95,394.4413,393.88,394.35,30106
2026-07-16 10:05:00,394.35,394.5,394.12,394.21,42004
2026-07-16 10:06:00,394.16,394.16,393.21,393.28,46936
2026-07-16 10:07:00,393.32,393.55,393.06,393.09,51633
2026-07-16 10:08:00,393.09,393.22,392.77,393.13,62915
2026-07-16 10:09:00,393.11,393.23,392.67,392.94,67957
2026-07-16 10:10:00,392.925,393.07,392.785,392.89,44203
2026-07-16 10:11:00,392.94,393.7,392.935,393.68,96544
2026-07-16 10:12:00,393.68,394,393.505,393.69,44730
2026-07-16 10:13:00,393.69,394,393.57,393.62,39450
2026-07-16 10:14:00,393.62,394.5195,393.62,394.4516,37617
2026-07-16 10:15:00,394.475,394.52,394.07,394.42,37609
2026-07-16 10:16:00,394.422,394.49,394,394.065,49729
2026-07-16 10:17:00,394.05,394.07,393.54,393.88,121353
2026-07-16 10:18:00,393.88,394.45,393.62,394.3453,103772
2026-07-16 10:19:00,394.4302,394.73,394.38,394.645,47341
2026-07-16 10:20:00,394.625,394.94,394.22,394.9051,57084
2026-07-16 10:21:00,394.88,394.99,394.7042,394.945,26476
2026-07-16 10:22:00,394.94,395.09,394.78,394.92,66332
2026-07-16 10:23:00,394.93,395.09,394.73,395.01,54706
2026-07-16 10:24:00,395.03,395.4699,395,395.43,61284
2026-07-16 10:25:00,395.39,395.4188,395.02,395.1,49549
2026-07-16 10:26:00,395.06,395.23,394.93,395.1225,52193
2026-07-16 10:27:00,395.05,395.99,395.05,395.8833,71066
2026-07-16 10:28:00,395.91,396.02,395.675,395.96,65843
2026-07-16 10:29:00,395.945,396.23,395.82,395.98,70537
2026-07-16 10:30:00,396.02,396.69,395.92,396.635,55864
2026-07-16 10:31:00,396.59,396.88,396.28,396.79,53938
2026-07-16 10:32:00,396.7948,397.02,396.425,396.595,53723
2026-07-16 10:33:00,396.5,396.61,396.26,396.46,83864
2026-07-16 10:34:00,396.39,396.87,396.28,396.79,61178
2026-07-16 10:35:00,396.8052,396.92,396.64,396.7,69910
2026-07-16 10:36:00,396.705,397.255,396.64,397.07,47092
2026-07-16 10:37:00,397.07,397.16,396.64,396.66,36400
2026-07-16 10:38:00,396.64,396.6699,396.2601,396.52,29024
2026-07-16 10:39:00,396.5384,397.02,396.5001,396.88,44417
2026-07-16 10:40:00,396.88,397,396.71,396.865,46045
2026-07-16 10:41:00,396.8874,396.93,396.55,396.88,44516
2026-07-16 10:42:00,396.875,397.09,396.78,397.07,45141
2026-07-16 10:43:00,397.07,397.71,397.03,397.605,65492
2026-07-16 10:44:00,397.59,397.59,397.3401,397.495,50857
2026-07-16 10:45:00,397.45,397.57,397.34,397.52,39674
2026-07-16 10:46:00,397.54,398.12,397.48,398.09,85321
2026-07-16 10:47:00,398.09,398.18,397.6401,397.955,55862
2026-07-16 10:48:00,397.96,398.0099,397.3645,397.6,58082
2026-07-16 10:49:00,397.58,397.71,397.25,397.64,42093
2026-07-16 10:50:00,397.63,397.6301,397.1,397.22,38579
2026-07-16 10:51:00,397.24,397.2999,396.55,396.658,39603
2026-07-16 10:52:00,396.675,397.04,396.5411,396.765,50579
2026-07-16 10:53:00,396.7725,397.06,396.6,397.03,31376
2026-07-16 10:54:00,397.03,397.03,396.58,396.79,23744
2026-07-16 10:55:00,396.77,397.1,396.7,397.06,31652
2026-07-16 10:56:00,397.05,397.39,396.855,397.36,36392
2026-07-16 10:57:00,397.375,397.375,397.12,397.31,28176
2026-07-16 10:58:00,397.3,397.4,396.94,397.36,41068
2026-07-16 10:59:00,397.33,397.39,397.18,397.316,27180
2026-07-16 11:00:00,397.34,397.64,397.0901,397.315,39249
2026-07-16 11:01:00,397.3159,397.3159,397.03,397.1025,34540
2026-07-16 11:02:00,397.15,397.29,397,397.21,23654
2026-07-16 11:03:00,397.25,397.42,397,397.23,27187
2026-07-16 11:04:00,397.24,397.33,396.99,397.15,36127
2026-07-16 11:05:00,397.15,397.86,397.145,397.57,32570
2026-07-16 11:06:00,397.52,397.919,397.49,397.675,46444
2026-07-16 11:07:00,397.685,397.7,396.86,397.055,71361
2026-07-16 11:08:00,397.08,397.33,396.96,397.17,24537
2026-07-16 11:09:00,397.18,397.65,397.12,397.64,25837
2026-07-16 11:10:00,397.63,398.05,397.55,397.92,45848
2026-07-16 11:11:00,397.9395,398.2799,397.91,398.26,39673
2026-07-16 11:12:00,398.255,398.28,397.665,397.725,28562
2026-07-16 11:13:00,397.7,397.9299,397.64,397.9,27666
2026-07-16 11:14:00,397.9,397.95,397.29,397.55,32205
2026-07-16 11:15:00,397.51,397.62,397.3201,397.4901,23537
2026-07-16 11:16:00,397.5899,397.84,397.4909,397.81,20681
2026-07-16 11:17:00,397.84,397.93,397.6501,397.885,24563
2026-07-16 11:18:00,397.8729,398.23,397.81,398.145,43287
2026-07-16 11:19:00,398.13,398.32,398.02,398.0775,27458
2026-07-16 11:20:00,398.075,398.8,398.075,398.41,62051
2026-07-16 11:21:00,398.365,398.47,398.28,398.35,27665
2026-07-16 11:22:00,398.34,398.6799,398.24,398.66,28059
2026-07-16 11:23:00,398.65,398.73,398.51,398.61,73163
2026-07-16 11:24:00,398.65,398.78,398.52,398.71,30411
2026-07-16 11:25:00,398.725,399.28,398.7,399.19,79354
2026-07-16 11:26:00,399.19,399.51,399.115,399.505,37801
2026-07-16 11:27:00,399.52,399.64,399.1,399.225,66051
2026-07-16 11:28:00,399.225,399.34,398.53,398.68,33319
2026-07-16 11:29:00,398.6503,399.08,398.63,398.93,65209
2026-07-16 11:30:00,398.995,399.059,398.3,398.505,37534
2026-07-16 11:31:00,398.48,398.93,398.48,398.885,22550
2026-07-16 11:32:00,398.885,398.93,398.66,398.72,24831
2026-07-16 11:33:00,398.79,398.88,398.56,398.79,20066
2026-07-16 11:34:00,398.8699,398.95,398.6696,398.92,23584
2026-07-16 11:35:00,398.9,399.2,398.8,399.16,33499
2026-07-16 11:36:00,399.18,399.23,398.6901,398.8399,31393
2026-07-16 11:37:00,398.78,398.95,398.55,398.765,23813
2026-07-16 11:38:00,398.78,398.98,398.78,398.855,24754
2026-07-16 11:39:00,398.855,399.34,398.81,399.335,24996
2026-07-16 11:40:00,399.3103,399.5,399,399,31168
2026-07-16 11:41:00,399.02,399.16,399,399.125,22470
2026-07-16 11:42:00,399.125,399.19,398.99,399.155,30609
2026-07-16 11:43:00,399.155,399.21,398.89,398.94,47845
2026-07-16 11:44:00,398.94,399.0999,398.9,399.06,20719
2026-07-16 11:45:00,399.09,399.2,399.03,399.2,17502
2026-07-16 11:46:00,399.17,399.24,399.0301,399.185,24050
2026-07-16 11:47:00,399.185,399.59,399.09,399.115,39881
2026-07-16 11:48:00,399.12,399.3521,398.77,398.92,66986
2026-07-16 11:49:00,398.92,399.1,398.73,399.07,54752
2026-07-16 11:50:00,399.04,399.6,399.0101,399.495,38245
2026-07-16 11:51:00,399.495,399.88,399.45,399.57,32964
2026-07-16 11:52:00,399.605,399.7,399.405,399.45,26033
2026-07-16 11:53:00,399.41,399.5799,399.34,399.51,15595
2026-07-16 11:54:00,399.535,399.7299,399.37,399.72,31664
2026-07-16 11:55:00,399.71,399.77,399.3701,399.47,22058
2026-07-16 11:56:00,399.46,399.78,399.445,399.7099,30439
2026-07-16 11:57:00,399.6401,400.08,399.57,399.86,191297
2026-07-16 11:58:00,399.895,400.34,399.875,400.2901,41238
2026-07-16 11:59:00,400.315,400.5,400.23,400.43,47527
2026-07-16 12:00:00,400.415,400.62,400.018,400.185,71539
2026-07-16 12:01:00,400.14,400.5882,400.01,400.2699,35404
2026-07-16 12:02:00,400.195,400.26,400.07,400.1351,22175
2026-07-16 12:03:00,400.135,400.55,400.09,400.42,37175
2026-07-16 12:04:00,400.42,400.42,400.1606,400.25,30435
2026-07-16 12:05:00,400.28,400.28,399.67,399.705,38749
2026-07-16 12:06:00,399.74,399.87,399.509,399.8,26671
2026-07-16 12:07:00,399.8,400.28,399.66,400.055,57059
2026-07-16 12:08:00,400.0643,400.3,400.05,400.225,20328
2026-07-16 12:09:00,400.21,400.345,400.0749,400.245,30013
2026-07-16 12:10:00,400.2,400.37,400.09,400.3,35846
2026-07-16 12:11:00,400.2501,400.33,399.7911,399.9,61142
2026-07-16 12:12:00,399.89,399.91,399.55,399.65,34238
2026-07-16 12:13:00,399.62,400.39,399.566,400.23,42591
2026-07-16 12:14:00,400.191,400.26,399.84,399.88,44031
2026-07-16 12:15:00,399.895,400.1199,399.8848,399.945,31711
2026-07-16 12:16:00,399.945,400.29,399.94,400.245,45682
2026-07-16 12:17:00,400.245,400.41,400.01,400.4,32796
2026-07-16 12:18:00,400.43,400.6,400.3758,400.435,41159
2026-07-16 12:19:00,400.44,400.46,400,400.14,32426
2026-07-16 12:20:00,400.11,400.29,399.89,399.925,32617
2026-07-16 12:21:00,399.925,400.49,399.925,400.385,43382
2026-07-16 12:22:00,400.385,400.54,400.19,400.215,29991
2026-07-16 12:23:00,400.215,400.35,400.06,400.175,42180
2026-07-16 12:24:00,400.16,400.29,400.13,400.25,41579
2026-07-16 12:25:00,400.29,400.5,400.27,400.36,38649
2026-07-16 12:26:00,400.36,400.48,400.21,400.235,28148
2026-07-16 12:27:00,400.2175,400.71,400.2175,400.53,52695
2026-07-16 12:28:00,400.525,400.71,400.38,400.67,36142
2026-07-16 12:29:00,400.67,400.86,400.585,400.7227,54281
2026-07-16 12:30:00,400.75,401.15,400.705,401.1252,90429
2026-07-16 12:31:00,401.1091,401.59,401.1091,401.27,60409
2026-07-16 12:32:00,401.27,402.04,401.23,401.8601,89964
2026-07-16 12:33:00,401.87,402,401.5,401.57,70540
2026-07-16 12:34:00,401.575,401.605,401.04,401.395,42550
2026-07-16 12:35:00,401.4,401.6,401.29,401.425,52975
2026-07-16 12:36:00,401.425,401.64,401.22,401.55,40341
2026-07-16 12:37:00,401.55,401.58,401.2801,401.45,23050
2026-07-16 12:38:00,401.465,401.6,401.255,401.4837,28137
2026-07-16 12:39:00,401.44,401.4999,401.2,401.215,32429
2026-07-16 12:40:00,401.2,401.38,401.06,401.35,18824
2026-07-16 12:41:00,401.31,401.6399,401.31,401.43,39859
2026-07-16 12:42:00,401.32,401.6,401.27,401.425,42097
2026-07-16 12:43:00,401.43,401.6399,401.4,401.455,31950
2026-07-16 12:44:00,401.4599,401.61,401.4347,401.495,58444
2026-07-16 12:45:00,401.5,402.08,401.5,402.005,75838
2026-07-16 12:46:00,402.035,402.4099,401.985,402.355,84384
2026-07-16 12:47:00,402.355,403.07,402.32,402.965,144423
2026-07-16 12:48:00,402.95,403.54,402.91,403.5259,93284
2026-07-16 12:49:00,403.53,403.71,403.25,403.46,109529
2026-07-16 12:50:00,403.475,403.79,403.43,403.755,50329
2026-07-16 12:51:00,403.76,404.05,403.55,403.6,87995
2026-07-16 12:52:00,403.5507,403.97,403.5,403.905,53835
2026-07-16 12:53:00,403.92,404.26,403.905,403.99,94384
2026-07-16 12:54:00,404.04,404.14,403.425,404.0251,114193
2026-07-16 12:55:00,404.025,404.44,403.95,404.075,61040
2026-07-16 12:56:00,404.03,404.48,403.93,403.99,84356
2026-07-16 12:57:00,403.99,404.09,403.1501,403.215,97797
2026-07-16 12:58:00,403.215,403.42,403.07,403.15,78219
2026-07-16 12:59:00,403.15,403.33,402.88,403.03,44560
2026-07-16 13:00:00,403.06,403.24,402.94,402.9401,44461
2026-07-16 13:01:00,402.995,403.15,402.84,403.065,39715
2026-07-16 13:02:00,403.02,403.02,402.2,402.66,118181
2026-07-16 13:03:00,402.59,402.92,402.52,402.575,51963
2026-07-16 13:04:00,402.54,402.64,402.13,402.47,82032
2026-07-16 13:05:00,402.39,402.48,401.966,402.3185,35467
2026-07-16 13:06:00,402.32,402.36,402.03,402.075,46389
2026-07-16 13:07:00,402.075,402.1199,401.6876,402.06,49737
2026-07-16 13:08:00,402.04,402.15,401.7476,402.05,27490
2026-07-16 13:09:00,402.05,402.09,401.37,401.44,67738
2026-07-16 13:10:00,401.41,401.78,401.33,401.725,58767
2026-07-16 13:11:00,401.6962,401.98,401.56,401.655,36374
2026-07-16 13:12:00,401.655,401.79,401.5605,401.715,22690
2026-07-16 13:13:00,401.68,401.85,401.59,401.685,28063
2026-07-16 13:14:00,401.68,401.7299,401.38,401.4964,32242
2026-07-16 13:15:00,401.46,401.95,401.41,401.84,36222
2026-07-16 13:16:00,401.905,402.07,401.76,401.91,44723
2026-07-16 13:17:00,401.905,402.13,401.75,402.01,42660
2026-07-16 13:18:00,402.01,402.21,401.915,402.12,24398
2026-07-16 13:19:00,402.12,402.4999,402.1,402.44,42361
2026-07-16 13:20:00,402.5,402.55,402.25,402.32,34909
2026-07-16 13:21:00,402.29,402.55,402.22,402.48,22110
2026-07-16 13:22:00,402.5,403.03,402.4725,402.9,89579
2026-07-16 13:23:00,402.95,402.98,402.81,402.945,57392
2026-07-16 13:24:00,402.9548,402.96,402.52,402.645,81950
2026-07-16 13:25:00,402.645,403.2,402.64,403.1,38254
2026-07-16 13:26:00,403.1,403.3495,402.97,403.315,41864
2026-07-16 13:27:00,403.315,403.5,403.14,403.455,44323
2026-07-16 13:28:00,403.49,403.83,403.4,403.765,44892
2026-07-16 13:29:00,403.79,403.94,403.58,403.75,40083
2026-07-16 13:30:00,403.75,403.98,403.725,403.85,30093
2026-07-16 13:31:00,403.85,403.94,403.66,403.94,45576
2026-07-16 13:32:00,403.9,403.92,403.342,403.342,47130
2026-07-16 13:33:00,403.42,403.44,403,403.17,33929
2026-07-16 13:34:00,403.11,403.1475,402.72,402.72,30196
2026-07-16 13:35:00,402.7,402.77,402.3701,402.42,24987
2026-07-16 13:36:00,402.415,402.605,402.13,402.14,51385
2026-07-16 13:37:00,402.15,402.67,402,402.4,77664
2026-07-16 13:38:00,402.34,402.67,402.2,402.57,50517
2026-07-16 13:39:00,402.61,402.8,402.5001,402.8,32973
2026-07-16 13:40:00,402.75,402.78,402.41,402.49,32516
2026-07-16 13:41:00,402.49,402.61,402.3,402.43,62828
2026-07-16 13:42:00,402.4,402.83,402.3001,402.685,48414
2026-07-16 13:43:00,402.72,402.73,402.5,402.73,20748
2026-07-16 13:44:00,402.71,402.99,402.67,402.98,27566
2026-07-16 13:45:00,402.98,403.11,402.68,402.745,55875
2026-07-16 13:46:00,402.745,402.85,402.6,402.85,34933
2026-07-16 13:47:00,402.8,402.85,402.64,402.64,43352
2026-07-16 13:48:00,402.67,402.75,402.58,402.675,20548
2026-07-16 13:49:00,402.675,402.82,402.65,402.695,13582
2026-07-16 13:50:00,402.6951,402.85,402.685,402.745,25009
2026-07-16 13:51:00,402.745,402.75,402.55,402.65,22177
2026-07-16 13:52:00,402.62,402.6799,402.13,402.3,50179
2026-07-16 13:53:00,402.3,402.93,402.26,402.9,44445
2026-07-16 13:54:00,402.864,403.05,402.4813,402.595,60526
2026-07-16 13:55:00,402.55,402.631,402.454,402.625,17618
2026-07-16 13:56:00,402.625,402.795,402.45,402.715,25967
2026-07-16 13:57:00,402.68,402.7,402.48,402.57,27807
2026-07-16 13:58:00,402.56,402.73,402.47,402.585,30053
2026-07-16 13:59:00,402.585,402.78,402.5501,402.66,23627
2026-07-16 14:00:00,402.66,402.88,402.515,402.825,40474
2026-07-16 14:01:00,402.85,403.07,402.75,403,24919
2026-07-16 14:02:00,403.015,403.1499,402.86,403.065,57633
2026-07-16 14:03:00,403.065,403.21,402.96,403.19,59369
2026-07-16 14:04:00,403.15,403.2,402.86,402.99,47236
2026-07-16 14:05:00,403,403.0505,402.85,402.85,30197
2026-07-16 14:06:00,402.89,402.95,402.66,402.7,27162
2026-07-16 14:07:00,402.7,403.3,402.535,403.2,76734
2026-07-16 14:08:00,403.15,403.87,403.08,403.76,71723
2026-07-16 14:09:00,403.76,404.36,403.6929,404.165,125500
2026-07-16 14:10:00,404.165,404.41,403.5,403.505,129174
2026-07-16 14:11:00,403.5,404.32,403.41,404.23,37706
2026-07-16 14:12:00,404.27,404.6,403.86,403.86,70967
2026-07-16 14:13:00,403.91,403.91,403.62,403.6695,41428
2026-07-16 14:14:00,403.646,403.92,403.61,403.91,50535
2026-07-16 14:15:00,403.89,404,403.76,403.815,33267
2026-07-16 14:16:00,403.88,404.06,403.71,403.865,51570
2026-07-16 14:17:00,403.865,404.06,403.76,404.02,33235
2026-07-16 14:18:00,403.9601,404.6,403.78,404.55,53052
2026-07-16 14:19:00,404.55,404.68,404.39,404.6057,80651
2026-07-16 14:20:00,404.63,404.75,404.44,404.58,80149
2026-07-16 14:21:00,404.57,404.61,404.2,404.27,60286
2026-07-16 14:22:00,404.27,404.7,404.201,404.57,56733
2026-07-16 14:23:00,404.55,404.68,404.44,404.535,78825
2026-07-16 14:24:00,404.54,404.54,404.0638,404.2,93737
2026-07-16 14:25:00,404.22,404.28,403.94,404.14,84993
2026-07-16 14:26:00,404.175,404.48,404.095,404.4,52744
2026-07-16 14:27:00,404.4,404.43,404.09,404.205,50092
2026-07-16 14:28:00,404.19,404.49,404.19,404.29,36934
2026-07-16 14:29:00,404.32,404.5,403.96,404.0599,61102
2026-07-16 14:30:00,404.015,404.11,403.6,404.06,78445
2026-07-16 14:31:00,404.11,404.375,404.0825,404.3,107749
2026-07-16 14:32:00,404.265,404.57,404.23,404.23,54821
2026-07-16 14:33:00,404.27,404.38,404.12,404.3,46894
2026-07-16 14:34:00,404.295,404.429,404.17,404.405,44343
2026-07-16 14:35:00,404.405,404.66,404.32,404.59,57726
2026-07-16 14:36:00,404.59,404.85,404.55,404.8,52746
2026-07-16 14:37:00,404.83,404.85,404.628,404.66,69926
2026-07-16 14:38:00,404.66,404.8299,404.5001,404.57,57875
2026-07-16 14:39:00,404.59,404.59,404.15,404.17,53029
2026-07-16 14:40:00,404.23,404.43,404.04,404.1318,26044
2026-07-16 14:41:00,404.11,404.22,403.87,404.11,41502
2026-07-16 14:42:00,404.115,404.15,403.86,404.015,30365
2026-07-16 14:43:00,404.015,404.15,403.99,404.01,35448
2026-07-16 14:44:00,404.005,404.14,403.9304,404.09,34659
2026-07-16 14:45:00,404.065,404.26,403.98,404.0672,42953
2026-07-16 14:46:00,404.09,404.38,404.08,404.34,34021
2026-07-16 14:47:00,404.34,404.58,404.21,404.555,43317
2026-07-16 14:48:00,404.54,404.78,404.27,404.72,60250
2026-07-16 14:49:00,404.74,404.74,404.53,404.605,28883
2026-07-16 14:50:00,404.605,404.74,404.49,404.68,37110
2026-07-16 14:51:00,404.7028,404.795,404.48,404.6258,33704
2026-07-16 14:52:00,404.59,404.68,404.495,404.625,18707
2026-07-16 14:53:00,404.625,404.64,404.4501,404.53,26890
2026-07-16 14:54:00,404.53,404.6,404.33,404.5765,53693
2026-07-16 14:55:00,404.54,405.17,404.5,405.1172,135564
2026-07-16 14:56:00,405.1582,405.44,405,405.09,95183
2026-07-16 14:57:00,405.09,405.51,405.04,405.34,44632
2026-07-16 14:58:00,405.28,405.77,405.25,405.7699,64909
2026-07-16 14:59:00,405.75,405.78,405.41,405.57,85040
2026-07-16 15:00:00,405.6263,405.74,405.13,405.57,96758
2026-07-16 15:01:00,405.59,405.75,405.49,405.71,51483
2026-07-16 15:02:00,405.71,405.99,405.55,405.72,124709
2026-07-16 15:03:00,405.72,405.72,405.3,405.45,54994
2026-07-16 15:04:00,405.445,405.6875,405.01,405.07,117235
2026-07-16 15:05:00,405.1,405.32,404.91,404.93,102596
2026-07-16 15:06:00,404.93,405.14,404.59,405.09,72405
2026-07-16 15:07:00,405.09,405.15,404.44,404.525,46289
2026-07-16 15:08:00,404.5,404.6175,403.64,403.67,87871
2026-07-16 15:09:00,403.72,403.8,403.18,403.2,84783
2026-07-16 15:10:00,403.16,403.2,402.67,402.72,73450
2026-07-16 15:11:00,402.75,403.87,402.54,403.72,97992
2026-07-16 15:12:00,403.71,403.73,403.2,403.2,76401
2026-07-16 15:13:00,403.22,403.33,402.61,402.765,98339
2026-07-16 15:14:00,402.7651,402.98,402.4,402.42,68125
2026-07-16 15:15:00,402.45,403.14,402.34,402.945,128309
2026-07-16 15:16:00,402.945,402.96,402.6301,402.77,43939
2026-07-16 15:17:00,402.75,402.88,402.28,402.315,49814
2026-07-16 15:18:00,402.315,402.43,402.02,402.12,81666
2026-07-16 15:19:00,402.07,402.48,402.0301,402.38,49424
2026-07-16 15:20:00,402.385,402.8082,402.245,402.775,75431
2026-07-16 15:21:00,402.775,402.775,402.42,402.68,46197
2026-07-16 15:22:00,402.7,402.7899,402.5,402.61,32052
2026-07-16 15:23:00,402.645,403.1699,402.54,403.06,61590
2026-07-16 15:24:00,403.02,403.05,402.68,402.76,37230
2026-07-16 15:25:00,402.745,402.93,402.7001,402.85,37985
2026-07-16 15:26:00,402.84,402.9399,402.34,402.35,55744
2026-07-16 15:27:00,402.34,402.5699,402.04,402.0404,62882
2026-07-16 15:28:00,402.08,402.25,402.03,402.08,47438
2026-07-16 15:29:00,402.055,402.055,401.73,401.75,89609
2026-07-16 15:30:00,401.75,401.84,401.19,401.19,75038
2026-07-16 15:31:00,401.18,401.18,400.6,400.665,66295
2026-07-16 15:32:00,400.665,400.7,400.36,400.36,77356
2026-07-16 15:33:00,400.34,400.44,399.91,400.385,85431
2026-07-16 15:34:00,400.41,400.7,400.22,400.41,51541
2026-07-16 15:35:00,400.43,400.58,400.15,400.24,61905
2026-07-16 15:36:00,400.24,400.43,399.9,400.04,40457
2026-07-16 15:37:00,400.04,400.31,399.98,400.02,51621
2026-07-16 15:38:00,400.02,400.02,399.76,399.92,62155
2026-07-16 15:39:00,399.92,400.27,399.9,400.03,44425
2026-07-16 15:40:00,400.03,400.3348,399.95,400.1,75623
2026-07-16 15:41:00,400.0896,400.71,400.02,400.335,88854
2026-07-16 15:42:00,400.335,400.58,400.27,400.535,53837
2026-07-16 15:43:00,400.52,400.6,400.31,400.5,64196
2026-07-16 15:44:00,400.49,400.61,400.1,400.115,95658
2026-07-16 15:45:00,400.11,400.27,399.9401,400.02,83601
2026-07-16 15:46:00,400,400.01,399.61,399.75,75453
2026-07-16 15:47:00,399.8,399.85,399.42,399.42,84646
2026-07-16 15:48:00,399.435,400.04,399,399.93,141933
2026-07-16 15:49:00,399.94,400.05,399.5,400.03,90800
2026-07-16 15:50:00,399.94,400.43,399.5,400.34,83055
2026-07-16 15:51:00,400.36,400.8,400.32,400.67,99432
2026-07-16 15:52:00,400.65,400.94,400.55,400.65,95517
2026-07-16 15:53:00,400.66,401.38,400.63,401.075,91770
2026-07-16 15:54:00,401.1,401.32,400.71,400.985,101991
2026-07-16 15:55:00,400.98,400.985,400.21,400.45,174819
2026-07-16 15:56:00,400.46,400.87,400.44,400.85,118716
2026-07-16 15:57:00,400.86,401.07,400.725,400.7707,147595
2026-07-16 15:58:00,400.75,400.81,400.55,400.61,225579
2026-07-16 15:59:00,400.59,401.2,400.57,401.13,602241
2026-07-16 16:00:00,401.1,402.11,401.1,401.26,5110592
2026-07-16 16:01:00,401.51,401.5238,401,401.37,6652
2026-07-16 16:02:00,401.2208,401.63,401.2208,401.6267,2576
2026-07-16 16:03:00,401.6,401.75,401.5,401.7,1560
2026-07-16 16:04:00,401.66,401.8,401.2,401.7,1335
2026-07-16 16:05:00,401.661,401.999,401.661,401.9,2269
2026-07-16 16:06:00,401.86,402,401.2,401.58,3592
2026-07-16 16:07:00,401.54,401.54,401,401.15,13269
2026-07-16 16:08:00,401.15,401.15,401.06,401.11,1095
2026-07-16 16:09:00,401.33,401.87,401.33,401.82,2342
2026-07-16 16:10:00,401.78,401.78,401.42,401.42,6353
2026-07-16 16:11:00,401.41,401.41,401.05,401.05,98
2026-07-16 16:12:00,401.1,401.1,400.88,400.88,1512
2026-07-16 16:13:00,400.6,400.6,400.06,400.3,1196
2026-07-16 16:14:00,400.4459,401,400.4459,400.99,877
2026-07-16 16:15:00,400.6,401,400.34,400.96,3171
2026-07-16 16:16:00,401.03,401.03,400.67,400.9,513
2026-07-16 16:17:00,400.7961,400.85,400.7961,400.8,526
2026-07-16 16:18:00,400.87,401.2255,400.85,401.2255,475
2026-07-16 16:19:00,401.0356,401.0356,401.0356,401.0356,100
2026-07-16 16:20:00,401.1,401.1,400.9732,400.9732,950
2026-07-16 16:21:00,401.24,401.24,401.1,401.1638,378
2026-07-16 16:22:00,401.16,401.16,400.62,400.81,542
2026-07-16 16:23:00,401.08,401.26,400.825,401,1280
2026-07-16 16:24:00,400.8,400.8,400.8,400.8,50
2026-07-16 16:25:00,400.86,400.86,400.8454,400.8465,310
2026-07-16 16:26:00,401,401,400.9,400.9,348
2026-07-16 16:27:00,400.8001,401.1,400.8001,401.0141,628
2026-07-16 16:28:00,401.005,401.0854,400.8,400.8,2385
2026-07-16 16:29:00,400.66,400.66,400.66,400.66,50
2026-07-16 16:30:00,400.96,401,400.6,400.6,1398
2026-07-16 16:31:00,400.57,400.67,400.55,400.55,190
2026-07-16 16:32:00,400.56,400.99,400.56,400.6,463
2026-07-16 16:33:00,400.6021,400.7,400.6021,400.65,282
2026-07-16 16:34:00,400.9374,400.98,400.9374,400.98,118
2026-07-16 16:35:00,400.6087,400.85,400.6087,400.85,315
2026-07-16 16:37:00,400.6,400.85,400.6,400.85,503
2026-07-16 16:38:00,400.73,400.9,400.73,400.85,1327
2026-07-16 16:39:00,400.73,400.73,400.3,400.44,1741
2026-07-16 16:40:00,400.6722,400.6722,400.54,400.54,124
2026-07-16 16:41:00,400.56,400.65,400.54,400.5415,274
2026-07-16 16:42:00,400.8,400.8,400.69,400.69,400
2026-07-16 16:43:00,400.69,400.69,400.6,400.6,235
2026-07-16 16:44:00,400.6,400.63,400.6,400.63,126
2026-07-16 16:45:00,400.5489,400.78,400.5,400.54,333
2026-07-16 16:46:00,400.79,400.8,400.5,400.54,1684
2026-07-16 16:47:00,400.52,400.7,400.35,400.35,514
2026-07-16 16:48:00,400.35,400.6484,400.35,400.35,307
2026-07-16 16:49:00,400.44,400.44,400.35,400.35,344
2026-07-16 16:50:00,400.35,400.39,400.3,400.3769,297
2026-07-16 16:51:00,401.1,401.1,400.2012,400.215,1845
2026-07-16 16:52:00,400.214,400.32,400.214,400.32,1031
2026-07-16 16:53:00,400.3,400.3042,400.3,400.3042,173
2026-07-16 16:54:00,400.23,400.3,400.23,400.3,260
2026-07-16 16:55:00,400.49,400.49,400.49,400.49,40
2026-07-16 16:56:00,400.39,400.49,400.39,400.49,290
2026-07-16 16:57:00,400.3588,400.45,400.3588,400.45,176
2026-07-16 16:58:00,400.35,400.4,400.35,400.36,133
2026-07-16 16:59:00,400.36,400.4345,400.36,400.39,157
2026-07-16 17:00:00,400.39,400.62,400.39,400.62,244
2026-07-16 17:01:00,400.58,400.58,400.58,400.58,200
2026-07-16 17:02:00,400.5,400.5,400.4,400.4,328
2026-07-16 17:03:00,400.4,400.4,400.1,400.11,3241
2026-07-16 17:04:00,400.2,400.2,400.2,400.2,1053
2026-07-16 17:05:00,400.25,400.25,400.25,400.25,40
2026-07-16 17:06:00,400.2112,400.23,400.1657,400.1657,370
2026-07-16 17:08:00,400.25,400.25,400.25,400.25,50
2026-07-16 17:09:00,400.5,400.5,400.2,400.4028,247
2026-07-16 17:10:00,400.29,400.3,400.29,400.3,206
2026-07-16 17:11:00,400.43,400.43,400.43,400.43,241
2026-07-16 17:12:00,400.34,400.5,400.32,400.32,936
2026-07-16 17:13:00,400.65,400.65,400.32,400.32,199
2026-07-16 17:15:00,400.3214,400.3214,400.2335,400.2335,331
2026-07-16 17:16:00,400.48,400.48,400.2,400.2,490
2026-07-16 17:18:00,400.2,400.2645,400.12,400.12,498
2026-07-16 17:19:00,400.12,400.1487,400.02,400.1487,867
2026-07-16 17:20:00,400.0924,400.13,400,400,343
2026-07-16 17:21:00,400.11,400.14,400.0901,400.14,215
2026-07-16 17:22:00,400.13,400.15,400.1178,400.15,2233
2026-07-16 17:23:00,400.2,400.5,400.11,400.11,3113
2026-07-16 17:24:00,400.11,400.55,400.11,400.55,362
2026-07-16 17:25:00,400.1116,400.49,400.1116,400.49,105
2026-07-16 17:26:00,400.11,400.51,400.11,400.51,350
2026-07-16 17:27:00,400.25,400.2682,400.25,400.2682,291
2026-07-16 17:28:00,400.28,400.28,400.28,400.28,250
2026-07-16 17:29:00,400.2,400.28,400.2,400.2214,474
2026-07-16 17:30:00,400.3,400.3,400.22,400.22,197
2026-07-16 17:31:00,400.46,400.46,400.46,400.46,150
2026-07-16 17:32:00,400.46,400.46,400.3,400.3,117
2026-07-16 17:33:00,400.38,400.38,400.38,400.38,100
2026-07-16 17:34:00,400.194,400.194,400.15,400.15,135
2026-07-16 17:35:00,400.1634,400.1634,400.15,400.15,610
2026-07-16 17:36:00,400.26,400.26,400.24,400.24,153
2026-07-16 17:37:00,400.23,400.23,400.2118,400.2118,89
2026-07-16 17:38:00,400.23,400.23,400.23,400.23,40
2026-07-16 17:39:00,400.2682,400.2682,400.2682,400.2682,50
2026-07-16 17:40:00,400.22,400.22,400.17,400.17,255
2026-07-16 17:41:00,400.17,400.17,400.17,400.17,137
2026-07-16 17:42:00,400.1579,400.1579,400.15,400.15,92
2026-07-16 17:43:00,400.2373,400.25,400.1586,400.25,218
2026-07-16 17:44:00,400.1616,400.2333,400.1616,400.2333,100
2026-07-16 17:46:00,400.25,400.25,400.1,400.1,1707
2026-07-16 17:47:00,400.068,400.068,400,400,140
2026-07-16 17:48:00,400.0279,400.12,400.0279,400.12,425
2026-07-16 17:49:00,400.0335,400.0335,400.0335,400.0335,210
2026-07-16 17:50:00,400.0224,400.15,400.0224,400.0279,240
2026-07-16 17:51:00,400.1,400.1,400.1,400.1,55
2026-07-16 17:52:00,400.11,400.11,400.11,400.11,173
2026-07-16 17:53:00,400.1407,400.1407,400.1407,400.1407,43
2026-07-16 17:54:00,400.02,400.1473,400.02,400.08,436
2026-07-16 17:55:00,400.1487,400.1487,400.05,400.05,165
2026-07-16 17:56:00,400.05,400.15,400.05,400.15,110
2026-07-16 17:57:00,400.12,400.12,400.12,400.12,272
2026-07-16 17:58:00,400.18,400.18,400.03,400.03,181
2026-07-16 17:59:00,400.2097,400.2312,400.2097,400.2312,239
2026-07-16 18:00:00,400.24,400.49,400.24,400.49,3684
2026-07-16 18:01:00,400.1282,400.1282,400.1282,400.1282,144
2026-07-16 18:02:00,400.25,400.25,400.25,400.25,112
2026-07-16 18:03:00,400.25,400.5,400.25,400.5,103
2026-07-16 18:04:00,400.5,400.5,400.31,400.5,273
2026-07-16 18:05:00,400.46,400.79,400.45,400.7,1866
2026-07-16 18:06:00,400.79,400.79,400.5,400.5,1180
2026-07-16 18:07:00,400.7,400.7,400.65,400.65,186
2026-07-16 18:08:00,400.6,400.6,400.55,400.55,256
2026-07-16 18:09:00,400.7374,400.7374,400.55,400.55,314
2026-07-16 18:10:00,400.43,400.43,400.43,400.43,40
2026-07-16 18:11:00,400.46,400.46,400.46,400.46,169
2026-07-16 18:12:00,400.5,400.75,400.5,400.75,1250
2026-07-16 18:13:00,400.39,400.39,400.39,400.39,80
2026-07-16 18:14:00,400.25,400.4,400.25,400.2859,1318
2026-07-16 18:15:00,400.4,400.4,400.4,400.4,80
2026-07-16 18:16:00,400.31,400.31,400.2,400.2,972
2026-07-16 18:17:00,400.3,400.3,400,400,3101
2026-07-16 18:18:00,399.9155,400.56,399.9,400.56,774
2026-07-16 18:19:00,399.96,400,399.86,400,433
2026-07-16 18:20:00,399.99,399.99,399.93,399.93,140
2026-07-16 18:21:00,399.99,399.99,399.8,399.8,767
2026-07-16 18:22:00,399.75,399.75,399.6662,399.6778,497
2026-07-16 18:23:00,399.8,399.8,399.7,399.7916,1479
2026-07-16 18:24:00,399.72,399.75,399.7,399.75,290
2026-07-16 18:25:00,399.71,399.71,399.5,399.5,4198
2026-07-16 18:26:00,399.51,399.51,399.3518,399.51,545
2026-07-16 18:27:00,399.4,399.4,399.3,399.3112,1456
2026-07-16 18:29:00,399.3,399.3,399.28,399.3,842
2026-07-16 18:30:00,399.2994,399.2994,399.2994,399.2994,50
2026-07-16 18:31:00,399.28,399.281,399.28,399.281,183
2026-07-16 18:32:00,399.2993,399.32,399.2993,399.32,550
2026-07-16 18:33:00,399.3251,399.84,399.3251,399.5,409
2026-07-16 18:36:00,399.56,399.56,399.56,399.56,60
2026-07-16 18:37:00,399.51,399.6,399.51,399.6,176
2026-07-16 18:39:00,399.8,399.89,399.8,399.89,1669
2026-07-16 18:40:00,400,400.01,399.9,399.97,1200
2026-07-16 18:42:00,400.1318,400.1623,399.8,400.1623,525
2026-07-16 18:43:00,399.91,399.91,399.91,399.91,78
2026-07-16 18:44:00,400.0139,400.22,400.0139,400.22,2095
2026-07-16 18:45:00,400.38,400.38,400.38,400.38,40
2026-07-16 18:46:00,400.38,400.39,400.1,400.15,438
2026-07-16 18:47:00,400.12,400.4,400.11,400.4,4558
2026-07-16 18:48:00,400.26,400.26,400.2,400.2,100
2026-07-16 18:49:00,400.14,400.14,400.14,400.14,80
2026-07-16 18:50:00,400.09,400.09,400.09,400.09,100
2026-07-16 18:51:00,400.183,400.2,400.09,400.2,600
2026-07-16 18:52:00,400.27,400.27,400,400.09,349
2026-07-16 18:53:00,399.8635,400.0506,399.8635,400.0506,97
2026-07-16 18:54:00,400.0251,400.39,400.0251,400.39,285
2026-07-16 18:55:00,400.39,400.6,400.02,400.6,3681
2026-07-16 18:56:00,400.0236,400.55,400.0236,400.2384,434
2026-07-16 18:57:00,400.52,400.54,400.25,400.25,412
2026-07-16 18:58:00,400.5,400.6,400.5,400.6,1243
2026-07-16 18:59:00,400.5,400.55,400.5,400.55,298
2026-07-16 19:00:00,400.5,400.5,400.4982,400.4982,1211
2026-07-16 19:01:00,400.4703,400.5,400.27,400.27,400
2026-07-16 19:02:00,400.27,400.39,400.27,400.39,118
2026-07-16 19:03:00,400.4556,400.47,400.4556,400.47,92
2026-07-16 19:04:00,400.3,400.3,400.3,400.3,74
2026-07-16 19:05:00,400.21,400.21,400.21,400.21,50
2026-07-16 19:06:00,400.26,400.27,400.26,400.27,189
2026-07-16 19:07:00,400.79,400.79,400.21,400.21,600
2026-07-16 19:10:00,400.27,400.2791,400.27,400.2791,135
2026-07-16 19:11:00,400.53,400.7532,400.3187,400.57,230
2026-07-16 19:12:00,400.43,400.63,400.43,400.5,517
2026-07-16 19:13:00,400.63,400.63,400.27,400.48,553
2026-07-16 19:14:00,400.5,400.5,400.5,400.5,77
2026-07-16 19:15:00,400.71,400.71,400.71,400.71,156
2026-07-16 19:16:00,400.69,400.69,400.5,400.5,259
2026-07-16 19:17:00,400.5,400.67,400.5,400.67,190
2026-07-16 19:18:00,400.57,400.57,400.5,400.5,589
2026-07-16 19:19:00,400.4,400.57,400.4,400.57,239
2026-07-16 19:20:00,400.5993,400.5993,400.4,400.47,683
2026-07-16 19:21:00,400.32,400.55,400.32,400.5082,203
2026-07-16 19:22:00,400.53,400.53,400.28,400.5,575
2026-07-16 19:23:00,400.4683,400.59,400.2805,400.59,814
2026-07-16 19:24:00,400.57,400.67,400.52,400.67,394
2026-07-16 19:25:00,400.72,400.72,400.28,400.282,699
2026-07-16 19:26:00,400.3601,400.3601,400.3601,400.3601,629
2026-07-16 19:27:00,400.65,400.69,400.51,400.51,586
2026-07-16 19:28:00,400.5,400.5,400.4123,400.4123,244
2026-07-16 19:29:00,400.5001,400.5001,400.5,400.5,123
2026-07-16 19:30:00,400.44,400.44,400.44,400.44,50
2026-07-16 19:31:00,400.48,400.48,400.31,400.35,412
2026-07-16 19:32:00,400.59,400.59,400.35,400.35,527
2026-07-16 19:33:00,400.33,400.3358,400.33,400.33,379
2026-07-16 19:34:00,400.3514,400.52,400.3514,400.52,377
2026-07-16 19:35:00,400.35,400.35,400.25,400.25,1434
2026-07-16 19:36:00,400.2,400.2,400,400,2137
2026-07-16 19:37:00,400.04,400.04,399.9,399.91,1055
2026-07-16 19:38:00,399.99,400.23,399.8,400.23,4721
2026-07-16 19:39:00,400.28,400.48,400.28,400.48,245
2026-07-16 19:40:00,400.48,400.77,400.45,400.45,2030
2026-07-16 19:41:00,400.45,400.76,400.45,400.76,2034
2026-07-16 19:42:00,400.638,400.66,400.638,400.64,236
2026-07-16 19:43:00,400.45,400.52,400.2329,400.52,258
2026-07-16 19:44:00,400.2749,400.63,400.2749,400.63,185
2026-07-16 19:45:00,400.3,400.56,400.28,400.56,442
2026-07-16 19:46:00,400.28,400.28,400.18,400.2432,735
2026-07-16 19:47:00,400.34,400.35,400.25,400.35,227
2026-07-16 19:48:00,400.25,400.25,400.25,400.25,171
2026-07-16 19:49:00,400.53,400.53,400.53,400.53,60
2026-07-16 19:51:00,400.2,400.2193,400.2,400.2,617
2026-07-16 19:52:00,400.2,400.36,400.2,400.22,340
2026-07-16 19:53:00,400,400.25,400,400.25,150
2026-07-16 19:54:00,400.2291,400.25,400,400,834
2026-07-16 19:55:00,400.25,400.25,400,400.2234,281
2026-07-16 19:56:00,400.1646,400.19,400,400,378
2026-07-16 19:57:00,400.0822,400.1,399.86,400.1,1115
2026-07-16 19:58:00,400.1,400.25,399.85,400.25,467
2026-07-16 19:59:00,400.25,400.43,400.2258,400.43,435
2026-07-17 04:00:00,396.46,396.7649,392.1352,396.08,28397
2026-07-17 04:01:00,396.51,396.61,392.31,395.35,10107
2026-07-17 04:02:00,394.92,396.49,392.05,394.56,34815
2026-07-17 04:03:00,394.73,396.1,392.28,395.35,33402
2026-07-17 04:04:00,395.55,396.67,394.25,395.15,13447
2026-07-17 04:05:00,395.48,396.09,395.4,395.69,1628
2026-07-17 04:06:00,395.94,395.97,395.42,395.42,972
2026-07-17 04:07:00,395.68,395.68,395.25,395.3104,787
2026-07-17 04:08:00,395.8,395.8,392.06,395.52,2028
2026-07-17 04:09:00,395.36,395.71,395.36,395.71,177
2026-07-17 04:10:00,395.33,395.33,395,395.3,1979
2026-07-17 04:11:00,395.33,395.63,395.11,395.63,591
2026-07-17 04:12:00,395.17,395.55,395.1,395.55,509
2026-07-17 04:13:00,395.59,395.79,395.43,395.4349,919
2026-07-17 04:14:00,395.52,395.68,395.3493,395.68,623
2026-07-17 04:15:00,395.2826,395.8,395.2826,395.52,811
2026-07-17 04:16:00,395.8,395.8,395.05,395.05,1233
2026-07-17 04:17:00,395.07,395.07,394.31,394.4111,2052
2026-07-17 04:18:00,394.09,394.86,394.09,394.86,1419
2026-07-17 04:19:00,394.26,394.36,394.01,394.36,338
2026-07-17 04:20:00,394,394.34,394,394.08,807
2026-07-17 04:21:00,393.6393,394,393.33,394,1071
2026-07-17 04:22:00,393.6361,393.75,393.5,393.75,335
2026-07-17 04:23:00,393.75,394.33,393.6,394.33,1479
2026-07-17 04:24:00,394.02,394.08,394,394,908
2026-07-17 04:25:00,393.947,394.1,393.8105,394.1,641
2026-07-17 04:26:00,393.82,394.12,393.7,394.12,1949
2026-07-17 04:27:00,394.29,394.49,394.03,394.09,1314
2026-07-17 04:28:00,394.12,394.5,394.07,394.38,649
2026-07-17 04:29:00,394.3,394.3,394,394.08,1562
2026-07-17 04:30:00,394.05,394.05,393.72,393.72,413
2026-07-17 04:31:00,393.95,393.95,393.69,393.69,252
2026-07-17 04:32:00,393.7,393.98,393.5234,393.526,1069
2026-07-17 04:33:00,393.5,393.96,393.5,393.74,281
2026-07-17 04:34:00,394,394,393.6,393.77,517
2026-07-17 04:35:00,393.96,393.96,393.96,393.96,91
2026-07-17 04:36:00,393.96,394,393.7241,393.7241,499
2026-07-17 04:37:00,393.9474,394,393.7,394,955
2026-07-17 04:38:00,393.867,393.95,393.7,393.9,608
2026-07-17 04:39:00,393.99,394.3,393.99,394.13,2228
2026-07-17 04:40:00,394.32,394.32,394.003,394.23,1045
2026-07-17 04:41:00,394.11,394.2344,394.11,394.2344,400
2026-07-17 04:42:00,394.2,394.5,393.78,394.46,3003
2026-07-17 04:43:00,394.3,394.58,394.07,394.58,1020
2026-07-17 04:44:00,394.94,394.98,394.6,394.65,398
2026-07-17 04:45:00,394.8,394.99,394.8,394.99,690
2026-07-17 04:46:00,394.5,394.69,394.5,394.6,1227
2026-07-17 04:47:00,394.87,394.98,394.87,394.98,530
2026-07-17 04:48:00,394.4013,394.94,394.4013,394.94,85
2026-07-17 04:49:00,394.67,395,394.67,394.95,282
2026-07-17 04:50:00,395,395,394.86,394.86,158
2026-07-17 04:51:00,394.97,394.97,394.61,394.61,290
2026-07-17 04:52:00,394.89,394.97,394.5,394.97,341
2026-07-17 04:53:00,394.7,394.96,394.41,394.65,1723
2026-07-17 04:54:00,395,395.061,394.675,394.75,2002
2026-07-17 04:55:00,394.73,394.73,394.681,394.681,136
2026-07-17 04:56:00,395,395,394.62,394.62,139
2026-07-17 04:57:00,394.5102,394.64,394.5102,394.64,342
2026-07-17 04:58:00,395,395,394.8631,394.8631,1937
2026-07-17 04:59:00,394.75,394.87,394.75,394.87,345
2026-07-17 05:00:00,394.59,394.79,394.59,394.79,138
2026-07-17 05:01:00,394.5164,394.61,394.5164,394.61,258
2026-07-17 05:02:00,394.57,394.75,394.57,394.73,178
2026-07-17 05:03:00,394.73,394.98,394.73,394.98,188
2026-07-17 05:04:00,394.98,394.98,394.95,394.95,150
2026-07-17 05:05:00,394.5,394.5,394.5,394.5,500
2026-07-17 05:06:00,394.81,394.81,394.665,394.665,96
2026-07-17 05:07:00,394.83,394.89,394.69,394.69,264
2026-07-17 05:08:00,394.84,394.84,394.83,394.83,100
2026-07-17 05:09:00,394.89,394.9,394.8,394.9,266
2026-07-17 05:10:00,394.98,394.98,394.5195,394.5195,513
2026-07-17 05:11:00,394.56,395.01,394.54,394.73,1254
2026-07-17 05:12:00,394.66,395.2,394.66,395.2,3224
2026-07-17 05:13:00,394.6664,395.07,394.58,394.58,627
2026-07-17 05:14:00,395.37,395.68,395.37,395.68,786
2026-07-17 05:15:00,395.7,395.7,395.05,395.05,1203
2026-07-17 05:16:00,395.2,395.32,394.99,394.99,701
2026-07-17 05:17:00,395.1,395.1,395.1,395.1,79
2026-07-17 05:18:00,394.81,394.81,394.67,394.67,200
2026-07-17 05:19:00,394.94,394.96,394.82,394.96,406
2026-07-17 05:21:00,394.9516,394.9516,394.9516,394.9516,100
2026-07-17 05:23:00,394.96,395,394.96,394.99,296
2026-07-17 05:24:00,395.42,395.42,395.14,395.14,92
2026-07-17 05:25:00,395.36,395.36,395.36,395.36,88
2026-07-17 05:26:00,395.22,395.22,395.1,395.1,144
2026-07-17 05:27:00,395.12,395.3606,395,395.3606,395
2026-07-17 05:28:00,395.305,395.35,394.92,395.09,1198
2026-07-17 05:29:00,395,395.08,394.75,394.75,741
2026-07-17 05:30:00,394.92,394.92,394.85,394.85,84
2026-07-17 05:31:00,395.05,395.05,395.05,395.05,125
2026-07-17 05:32:00,394.78,394.94,394.78,394.94,123
2026-07-17 05:33:00,394.92,394.92,394.9,394.9,137
2026-07-17 05:35:00,394.82,394.84,394.79,394.79,230
2026-07-17 05:36:00,394.77,394.8,394.74,394.74,3084
2026-07-17 05:37:00,394.47,394.5223,394.47,394.47,857
2026-07-17 05:39:00,394.48,394.6,394.21,394.21,1346
2026-07-17 05:40:00,394,394.3281,393.87,394.15,1149
2026-07-17 05:41:00,393.99,393.99,393.88,393.88,403
2026-07-17 05:42:00,393.79,394.23,393.73,393.73,1563
2026-07-17 05:43:00,394.01,394.64,394.01,394.16,867
2026-07-17 05:44:00,394.16,394.69,394.11,394.69,250
2026-07-17 05:45:00,394.74,394.75,394.58,394.58,382
2026-07-17 05:47:00,394.5583,394.5583,394.5583,394.5583,75
2026-07-17 05:48:00,394.58,394.58,394.43,394.43,100
2026-07-17 05:49:00,394.39,394.39,394.27,394.3648,245
2026-07-17 05:50:00,394.22,394.6352,394.2,394.6352,866
2026-07-17 05:51:00,394.1,394.1,394.06,394.06,618
2026-07-17 05:52:00,394,394.45,393.68,394.45,627
2026-07-17 05:53:00,393.66,393.9,393.61,393.61,623
2026-07-17 05:54:00,393.68,393.68,393.6,393.6,431
2026-07-17 05:55:00,393.6,393.84,393.54,393.61,589
2026-07-17 05:56:00,393.6,393.8,393.6,393.78,269
2026-07-17 05:57:00,394.02,394.02,394,394,422
2026-07-17 05:58:00,394,394,393.81,393.81,176
2026-07-17 05:59:00,393.81,393.94,393.8,393.81,401
2026-07-17 06:00:00,393.78,393.8,393.58,393.58,1657
2026-07-17 06:01:00,393.62,393.8,393.5,393.5,1082
2026-07-17 06:02:00,393.5,393.5,393.36,393.36,215
2026-07-17 06:03:00,393.32,393.4708,393.32,393.4708,87
2026-07-17 06:04:00,394.2,394.2,394.2,394.2,104
2026-07-17 06:05:00,394.55,394.79,394.22,394.23,1126
2026-07-17 06:06:00,394.07,394.07,393.7,393.7,2049
2026-07-17 06:07:00,393.5,393.96,393.5,393.96,150
2026-07-17 06:08:00,393.56,393.69,393.32,393.6,1108
2026-07-17 06:09:00,393.37,393.4,393.1,393.16,1589
2026-07-17 06:10:00,393.02,393.5,392.6,393.5,1906
2026-07-17 06:11:00,393.5,393.5,392.2,392.43,4440
2026-07-17 06:12:00,392.13,392.5411,391.8,391.8,3317
2026-07-17 06:13:00,391.91,392.54,391.8706,392.54,2809
2026-07-17 06:14:00,392.33,392.38,390,391.54,6110
2026-07-17 06:15:00,391.7,391.7,391.03,391.38,1797
2026-07-17 06:16:00,391.14,391.54,390.74,391.4,2086
2026-07-17 06:17:00,391.406,391.97,391.35,391.74,1431
2026-07-17 06:18:00,391.73,391.97,391.36,391.97,1156
2026-07-17 06:19:00,392.43,392.74,392.2,392.2,410
2026-07-17 06:20:00,392.38,392.8,392.2907,392.8,854
2026-07-17 06:21:00,392.73,392.75,392.3,392.31,682
2026-07-17 06:22:00,392.5,392.5,392.02,392.22,684
2026-07-17 06:23:00,392.2,392.43,392.13,392.41,392
2026-07-17 06:24:00,392.3,392.63,392.3,392.3,332
2026-07-17 06:25:00,392.28,393.0443,392.21,393.0443,645
2026-07-17 06:26:00,392.35,392.7791,392.35,392.7508,2150
2026-07-17 06:27:00,392.99,393.13,392.5,392.5,1087
2026-07-17 06:28:00,392.88,393.08,392.63,392.85,1393
2026-07-17 06:29:00,392.88,392.88,392.54,392.54,240
2026-07-17 06:30:00,392.7972,392.7972,392.6,392.6203,470
2026-07-17 06:31:00,392.68,392.8181,392.6,392.8181,1668
2026-07-17 06:32:00,392.74,393,392.74,393,2603
2026-07-17 06:33:00,393.04,393.19,393,393.19,1244
2026-07-17 06:34:00,393.2,393.3,392.88,392.91,885
2026-07-17 06:35:00,392.8,392.8,392,392,1666
2026-07-17 06:36:00,392.1,392.6,391.97,392.4,1953
2026-07-17 06:37:00,392.55,392.6,392.55,392.6,81
2026-07-17 06:39:00,392.67,392.67,392.6,392.6,374
2026-07-17 06:40:00,392.56,392.6,391.5,391.73,2026
2026-07-17 06:41:00,392.27,392.27,391.85,392.16,443
2026-07-17 06:42:00,391.88,392.37,391.88,392.37,326
2026-07-17 06:43:00,392.3,392.6,392.06,392.3,2114
2026-07-17 06:44:00,392.3,392.3,392.03,392.03,567
2026-07-17 06:45:00,392.14,392.3,392.14,392.3,1164
2026-07-17 06:46:00,392.29,392.7,392.29,392.7,278
2026-07-17 06:47:00,392.63,392.98,392.63,392.98,255
2026-07-17 06:48:00,392.74,393,392.71,392.71,1448
2026-07-17 06:49:00,392.97,392.99,392.85,392.85,701
2026-07-17 06:50:00,392.68,392.71,392.5,392.69,1399
2026-07-17 06:51:00,392.71,392.71,392.71,392.71,40
2026-07-17 06:53:00,392.72,392.72,392.72,392.72,47
2026-07-17 06:54:00,392.5,392.84,392.5,392.84,1367
2026-07-17 06:55:00,392.93,392.99,392.93,392.99,240
2026-07-17 06:56:00,393.1,393.1,392.87,393.081,1880
2026-07-17 06:57:00,393.04,393.2693,393.04,393.2,1113
2026-07-17 06:59:00,393.1,393.2,393.08,393.12,693
2026-07-17 07:00:00,393.12,393.83,393.07,393.83,6549
2026-07-17 07:01:00,393.53,393.9,393.5,393.8728,1793
2026-07-17 07:02:00,393.9,394.1,393.5,393.9193,3733
2026-07-17 07:03:00,394,394.29,393.657,394.29,2283
2026-07-17 07:04:00,394.05,394.0604,393.8506,394.0604,2033
2026-07-17 07:05:00,394.25,394.5,394.0201,394.5,1194
2026-07-17 07:06:00,394.3,394.59,394,394.13,4710
2026-07-17 07:07:00,394.42,394.45,393.9,393.9,1006
2026-07-17 07:08:00,394.4,394.4,393.78,394.04,352
2026-07-17 07:09:00,393.8,394.39,393.8,394,1086
2026-07-17 07:10:00,394.4817,394.4817,393.8727,394.1694,1340
2026-07-17 07:11:00,394.02,394.02,393.831,393.831,450
2026-07-17 07:12:00,393.9,394.2,393.8,394.2,905
2026-07-17 07:13:00,394.14,394.49,394.01,394.37,1150
2026-07-17 07:14:00,394,394,393.5,393.5,1097
2026-07-17 07:15:00,393.7,393.8,393.25,393.5,1337
2026-07-17 07:16:00,393.8496,393.8496,393.7993,393.7993,110
2026-07-17 07:17:00,393.4,393.4,393.14,393.3,558
2026-07-17 07:18:00,393.49,393.7,393.38,393.55,622
2026-07-17 07:19:00,393.31,393.55,393.3,393.42,684
2026-07-17 07:20:00,393.5,393.68,393.2993,393.68,1016
2026-07-17 07:21:00,393.74,393.8,393.54,393.8,735
2026-07-17 07:22:00,393.5704,393.99,393.5704,393.88,759
2026-07-17 07:23:00,393.9414,394,393.6,393.98,4280
2026-07-17 07:24:00,393.6,393.6,393.55,393.55,311
2026-07-17 07:25:00,393.62,393.62,393.55,393.62,222
2026-07-17 07:26:00,393.76,393.7749,393.3,393.7,1055
2026-07-17 07:27:00,393.2759,393.39,393.2,393.39,262
2026-07-17 07:28:00,393.2,393.3,393.01,393.24,2246
2026-07-17 07:29:00,393.3,393.3,393,393.24,874
2026-07-17 07:30:00,393.23,393.44,393.23,393.44,140
2026-07-17 07:31:00,393.37,393.37,393.23,393.24,694
2026-07-17 07:32:00,393.25,393.45,393.2,393.45,545
2026-07-17 07:33:00,393.47,393.69,393.47,393.69,286
2026-07-17 07:34:00,393.77,393.87,393.77,393.87,518
2026-07-17 07:35:00,393.7,393.85,393.7,393.85,191
2026-07-17 07:36:00,393.55,393.98,393.55,393.98,470
2026-07-17 07:37:00,393.85,394,393.6,393.8,1257
2026-07-17 07:38:00,393.9376,394,393.75,393.81,1429
2026-07-17 07:39:00,393.81,393.81,393.75,393.8,849
2026-07-17 07:40:00,393.9572,393.9572,393.82,393.93,557
2026-07-17 07:41:00,393.9991,393.9991,393.9,393.98,588
2026-07-17 07:42:00,393.98,394.11,393.98,394,946
2026-07-17 07:43:00,394,394.277,393.9,394.24,609
2026-07-17 07:44:00,394,394.3,394,394.2,399
2026-07-17 07:45:00,394.46,394.49,394.2,394.4704,750
2026-07-17 07:46:00,394.38,394.38,394,394.11,699
2026-07-17 07:47:00,394.38,394.3872,394.3,394.3872,259
2026-07-17 07:48:00,394.34,394.44,393.89,393.89,1329
2026-07-17 07:49:00,393.89,393.89,393.8109,393.8109,140
2026-07-17 07:50:00,393.87,394,393.82,394,426
2026-07-17 07:51:00,393.81,394.19,393.81,394.045,372
2026-07-17 07:52:00,394.09,394.18,393.82,393.82,1415
2026-07-17 07:53:00,394.254,394.3019,393.75,393.75,739
2026-07-17 07:54:00,393.83,393.89,393.61,393.62,193
2026-07-17 07:55:00,393.51,393.51,393.4,393.4,1458
2026-07-17 07:56:00,393.2387,393.3,393.2387,393.3,415
2026-07-17 07:57:00,393.4493,393.9,393.43,393.9,547
2026-07-17 07:58:00,393.73,393.86,393.6399,393.77,305
2026-07-17 07:59:00,393.79,393.99,393.5,393.975,610
2026-07-17 08:00:00,393.99,394,393.7484,393.78,620
2026-07-17 08:01:00,393.88,393.88,393.88,393.88,50
2026-07-17 08:02:00,393.81,394.18,393.77,394.04,4090
2026-07-17 08:03:00,393.95,394,393.95,393.9897,368
2026-07-17 08:04:00,394.0001,394.32,394.0001,394.2101,1190
2026-07-17 08:05:00,394.46,394.46,394.2,394.2,309
2026-07-17 08:06:00,394.43,394.43,394,394.09,9517
2026-07-17 08:07:00,394.0225,394.3823,394.0225,394.25,414
2026-07-17 08:08:00,394.0858,394.42,394.05,394.42,130
2026-07-17 08:09:00,394.42,394.46,394.05,394.44,985
2026-07-17 08:10:00,394.46,394.5,394.4,394.4,498
2026-07-17 08:11:00,394.215,394.51,394.05,394.05,602
2026-07-17 08:12:00,394.19,394.5,394.02,394.5,1345
2026-07-17 08:13:00,394.49,394.49,394.2,394.21,1980
2026-07-17 08:14:00,394.38,394.432,394.2,394.2,1271
2026-07-17 08:15:00,394.19,394.38,394.0344,394.0344,226
2026-07-17 08:16:00,394.02,394.46,394,394.45,1380
2026-07-17 08:17:00,394.49,394.49,394.14,394.14,388
2026-07-17 08:18:00,394.492,394.52,394,394.44,3709
2026-07-17 08:19:00,394,394.24,394,394,822
2026-07-17 08:20:00,393.92,393.98,393.34,393.3836,3251
2026-07-17 08:21:00,393.98,394.2891,393.64,393.6505,949
2026-07-17 08:22:00,393.99,394,393.97,394,154
2026-07-17 08:23:00,394,394.07,393.66,393.78,1111
2026-07-17 08:24:00,393.7929,394.11,393.4,393.4,2170
2026-07-17 08:25:00,393.54,394,393.54,394,1138
2026-07-17 08:26:00,393.61,394,393.33,393.35,1464
2026-07-17 08:27:00,393.83,394,393.4172,394,309
2026-07-17 08:28:00,393.71,393.96,393.28,393.71,1448
2026-07-17 08:29:00,393.47,393.47,393.41,393.41,82
2026-07-17 08:30:00,393.79,394,393.75,394,506
2026-07-17 08:31:00,394,394,393.4,393.63,4209
2026-07-17 08:32:00,393.45,394.25,393.45,393.51,1776
2026-07-17 08:33:00,393.5197,393.89,393.5197,393.84,849
2026-07-17 08:34:00,394.3004,394.3004,393.9,393.9,260
2026-07-17 08:35:00,393.5,393.77,393.5,393.562,258
2026-07-17 08:36:00,393.5562,393.8,393.5562,393.74,2515
2026-07-17 08:37:00,393.6,394,393.6,394,3466
2026-07-17 08:38:00,394.25,394.25,394.25,394.25,50
2026-07-17 08:39:00,393.7548,394.4,393.6,394.32,930
2026-07-17 08:40:00,394.33,394.51,394.037,394.51,2025
2026-07-17 08:41:00,394.33,394.4725,393.75,393.89,2154
2026-07-17 08:42:00,394.07,394.24,393.81,394.24,503
2026-07-17 08:43:00,394.25,394.25,393.8364,393.8364,656
2026-07-17 08:44:00,393.99,394.15,393.8,393.8,1347
2026-07-17 08:45:00,393.87,394,393.6628,393.6798,877
2026-07-17 08:46:00,393.85,393.96,393.85,393.96,371
2026-07-17 08:47:00,393.85,393.85,393.7,393.7,261
2026-07-17 08:48:00,393.7287,394.05,393.01,393.58,7956
2026-07-17 08:49:00,393.14,393.5,393.14,393.3,262
2026-07-17 08:50:00,393.5,393.5,393.3,393.3,1540
2026-07-17 08:51:00,393.3,393.5,393,393.3228,2212
2026-07-17 08:52:00,393.0349,393.4648,393.01,393.2,924
2026-07-17 08:53:00,393.2042,393.5,393.15,393.22,3069
2026-07-17 08:54:00,393.4,393.44,393.25,393.44,525
2026-07-17 08:55:00,393.35,393.4443,393.15,393.2189,639
2026-07-17 08:56:00,393.2093,393.3,392.8,393.27,7166
2026-07-17 08:57:00,393.12,393.22,393.0797,393.09,300
2026-07-17 08:58:00,393.13,393.13,393,393.02,191
2026-07-17 08:59:00,393.0847,393.11,393,393.0015,2408
2026-07-17 09:00:00,393.0001,393.1,392.8,392.8,2213
2026-07-17 09:01:00,392.8,392.9614,392.7154,392.87,1595
2026-07-17 09:02:00,392.86,392.9,392.6276,392.65,2807
2026-07-17 09:03:00,392.94,392.99,392.6232,392.99,696
2026-07-17 09:04:00,393,393.01,392.7243,393.01,4818
2026-07-17 09:05:00,392.7918,393.02,392.7918,392.87,563
2026-07-17 09:06:00,393.01,393.29,392.89,392.94,5156
2026-07-17 09:07:00,393,393.2,392.92,393.2,1345
2026-07-17 09:08:00,393,393.29,393,393.29,703
2026-07-17 09:09:00,393.1,393.36,393.0781,393.32,549
2026-07-17 09:10:00,393.3,393.3,392.97,393.02,2364
2026-07-17 09:11:00,393.02,393.02,393,393,469
2026-07-17 09:12:00,393.02,393.25,393,393.1957,2217
2026-07-17 09:13:00,393.2,393.29,393,393.2,2458
2026-07-17 09:14:00,393.032,393.19,392.88,392.88,1951
2026-07-17 09:15:00,392.87,393,392.68,392.68,2277
2026-07-17 09:16:00,392.78,393,392.7,392.77,2619
2026-07-17 09:17:00,392.82,392.9302,392.713,392.7348,1616
2026-07-17 09:18:00,393,393,392.51,392.63,928
2026-07-17 09:19:00,392.56,392.56,392.39,392.5,2328
2026-07-17 09:20:00,392.5,392.63,392.39,392.5032,1281
2026-07-17 09:21:00,392.69,392.84,392.6,392.84,962
2026-07-17 09:22:00,392.9,393.19,392.7972,393.19,1492
2026-07-17 09:23:00,393,393.33,393,393.33,1620
2026-07-17 09:24:00,393.34,393.34,392.98,392.9901,2040
2026-07-17 09:25:00,393.35,394.2529,393.2,394.048,4067
2026-07-17 09:26:00,394.14,394.14,393.62,393.8536,920
2026-07-17 09:27:00,393.84,394.1,393.27,393.97,10498
2026-07-17 09:28:00,393.74,394.4,392.82,394.09,7293
2026-07-17 09:29:00,394.07,395.22,393.71,394.99,26512
2026-07-17 09:30:00,395.22,395.7,393.4,394.05,2311718
2026-07-17 09:31:00,393.91,396.89,393.82,396.22,187077
2026-07-17 09:32:00,396.29,396.29,393.79,394.38,108161
2026-07-17 09:33:00,394.1625,396.619,394.15,395.72,117005
2026-07-17 09:34:00,395.74,396.34,395.51,395.605,113666
2026-07-17 09:35:00,395.6,396,394.77,395.6381,93612
2026-07-17 09:36:00,395.62,396.85,395.23,396.7825,139241
2026-07-17 09:37:00,396.785,397.48,395.86,397.48,212380
2026-07-17 09:38:00,397.36,398.39,396.711,397.9096,152667
2026-07-17 09:39:00,397.9086,398.07,397.04,397.44,156290
2026-07-17 09:40:00,397.55,397.78,396.76,396.915,171747
2026-07-17 09:41:00,397,397.5599,396.77,397.2,124809
2026-07-17 09:42:00,397.2,397.33,395.69,395.88,72972
2026-07-17 09:43:00,395.88,396.4599,394.73,395.5,88329
2026-07-17 09:44:00,395.52,395.73,394.95,395.19,74170
2026-07-17 09:45:00,395.19,395.51,393.91,394.4,122517
2026-07-17 09:46:00,394.365,395.02,394.17,394.82,76530
2026-07-17 09:47:00,394.83,395,393.71,394.09,119816
2026-07-17 09:48:00,394.02,394.105,392.38,393.03,116733
2026-07-17 09:49:00,393.04,393.66,392.88,393.66,77027
2026-07-17 09:50:00,393.595,394.42,393.36,393.65,84202
2026-07-17 09:51:00,393.64,394.27,393.47,393.56,68910
2026-07-17 09:52:00,393.61,394.05,393,394.01,70035
2026-07-17 09:53:00,394.07,394.2804,393.73,394.055,59218
2026-07-17 09:54:00,394.06,394.64,393.8101,393.86,47872
2026-07-17 09:55:00,393.885,394.08,393.68,393.89,30372
2026-07-17 09:56:00,393.87,394.75,393.68,394.6,44057
2026-07-17 09:57:00,394.57,394.91,394.48,394.83,54271
2026-07-17 09:58:00,394.865,394.92,393.49,393.52,114107
2026-07-17 09:59:00,393.47,393.74,393.1,393.36,50736
2026-07-17 10:00:00,393.39,393.8,392.91,393.43,90238
2026-07-17 10:01:00,393.35,393.43,392.03,392.35,104734
2026-07-17 10:02:00,392.41,392.78,391.86,392.7,101201
2026-07-17 10:03:00,392.675,392.81,392.3,392.67,77603
2026-07-17 10:04:00,392.53,393.38,392.31,393.18,96030
2026-07-17 10:05:00,393.15,393.4899,392.92,393.08,121685
2026-07-17 10:06:00,393.08,393.089,392.35,392.6408,88823
2026-07-17 10:07:00,392.63,392.88,392.1823,392.415,70612
2026-07-17 10:08:00,392.415,392.45,391.66,392.22,75293
2026-07-17 10:09:00,392.17,392.64,391.5282,391.675,126189
2026-07-17 10:10:00,391.69,391.99,391.22,391.69,101061
2026-07-17 10:11:00,391.69,392.27,391.4,391.5925,65865
2026-07-17 10:12:00,391.6125,392.45,391.6125,392.265,58282
2026-07-17 10:13:00,392.2,392.35,391.65,391.785,61411
2026-07-17 10:14:00,391.83,392.29,391.68,392.211,60362
2026-07-17 10:15:00,392.25,393.239,392.14,392.885,56435
2026-07-17 10:16:00,392.875,392.9388,392.47,392.72,52594
2026-07-17 10:17:00,392.665,393,392.5,392.98,56629
2026-07-17 10:18:00,392.94,393.34,392.87,393.07,47634
2026-07-17 10:19:00,393.0252,393.13,392.7,393.105,50999
2026-07-17 10:20:00,393.13,393.21,392.7,393.11,41861
2026-07-17 10:21:00,393.025,393.38,393.01,393.01,41677
2026-07-17 10:22:00,393.01,393.39,392.89,393.27,37335
2026-07-17 10:23:00,393.33,393.39,393,393.02,29191
2026-07-17 10:24:00,393.03,393.26,393.02,393.13,64324
2026-07-17 10:25:00,393.03,393.33,392.9135,393.18,34514
2026-07-17 10:26:00,393.1686,393.48,393.075,393.47,30091
2026-07-17 10:27:00,393.48,393.55,392.53,392.67,64246
2026-07-17 10:28:00,392.76,393.08,392.67,392.87,44328
2026-07-17 10:29:00,392.865,393.26,392.76,392.93,39280
2026-07-17 10:30:00,392.94,393.3,392.89,392.94,25135
2026-07-17 10:31:00,392.9406,392.96,392.55,392.7,35483
2026-07-17 10:32:00,392.67,393.28,392.5,393.21,43635
2026-07-17 10:33:00,393.23,393.49,392.78,392.905,52862
2026-07-17 10:34:00,392.75,393.02,392.42,392.99,61369
2026-07-17 10:35:00,392.94,392.99,392.26,392.55,55134
2026-07-17 10:36:00,392.59,392.6,391.79,391.82,51494
2026-07-17 10:37:00,391.79,392.0399,391.7,391.9301,30100
2026-07-17 10:38:00,391.97,392.12,391.55,392.08,73200
2026-07-17 10:39:00,392.14,392.23,391.88,392.045,29291
2026-07-17 10:40:00,392.045,392.17,391.67,391.775,64120
2026-07-17 10:41:00,391.775,391.98,391.57,391.92,65731
2026-07-17 10:42:00,391.88,391.88,391.58,391.75,39206
2026-07-17 10:43:00,391.7212,391.8399,391.31,391.415,61568
2026-07-17 10:44:00,391.415,391.58,391.3,391.545,36043
2026-07-17 10:45:00,391.545,391.76,391.4524,391.54,43981
2026-07-17 10:46:00,391.575,391.575,391.03,391.2201,43188
2026-07-17 10:47:00,391.22,391.65,391.22,391.575,26118
2026-07-17 10:48:00,391.62,392.09,391.3,391.99,60554
2026-07-17 10:49:00,391.99,392.05,391.7401,391.915,93840
2026-07-17 10:50:00,391.915,391.95,391.3,391.37,39104
2026-07-17 10:51:00,391.4,391.58,391.25,391.4,30389
2026-07-17 10:52:00,391.4,391.69,390.79,390.8668,56586
2026-07-17 10:53:00,390.79,391.08,390.77,390.775,39885
2026-07-17 10:54:00,390.76,391.28,390.7,391.2075,40451
2026-07-17 10:55:00,391.21,391.47,391.21,391.4237,20911
2026-07-17 10:56:00,391.435,391.45,390.9001,391.08,28402
2026-07-17 10:57:00,391.065,391.3999,391.065,391.39,39914
2026-07-17 10:58:00,391.345,392.29,391.345,392.283,49864
2026-07-17 10:59:00,392.3,392.35,391.8081,392.3494,49361
2026-07-17 11:00:00,392.38,392.4,391.43,391.595,70831
2026-07-17 11:01:00,391.57,391.8,391.3,391.41,47483
2026-07-17 11:02:00,391.445,391.5099,391.28,391.405,37879
2026-07-17 11:03:00,391.3404,391.7699,391.1,391.635,39597
2026-07-17 11:04:00,391.635,391.81,391.48,391.63,24299
2026-07-17 11:05:00,391.62,392.19,391.33,392.145,30406
2026-07-17 11:06:00,392.145,392.28,391.91,392.17,30555
2026-07-17 11:07:00,392.155,392.25,391.83,391.96,26990
2026-07-17 11:08:00,391.905,391.95,391.52,391.52,17732
2026-07-17 11:09:00,391.55,391.8,391.52,391.6525,27757
2026-07-17 11:10:00,391.69,391.7755,391.1705,391.265,27182
2026-07-17 11:11:00,391.2563,391.55,391.15,391.15,34981
2026-07-17 11:12:00,391.2,391.2,390.9501,390.98,21192
2026-07-17 11:13:00,390.99,391.05,390.41,390.42,37224
2026-07-17 11:14:00,390.41,390.7399,390.11,390.155,54929
2026-07-17 11:15:00,390.21,390.255,390.06,390.07,55218
2026-07-17 11:16:00,390.08,390.3,389.62,389.62,129405
2026-07-17 11:17:00,389.685,389.74,389.39,389.63,66321
2026-07-17 11:18:00,389.65,389.83,389.4601,389.77,57429
2026-07-17 11:19:00,389.815,390.04,389.65,389.885,59751
2026-07-17 11:20:00,389.8634,389.9,389.485,389.58,35046
2026-07-17 11:21:00,389.59,389.719,389.4331,389.575,34431
2026-07-17 11:22:00,389.5648,389.8,389.5,389.695,32845
2026-07-17 11:23:00,389.695,389.99,389.6,389.9,51005
2026-07-17 11:24:00,389.88,390.42,389.86,390.345,78932
2026-07-17 11:25:00,390.345,390.41,390.0703,390.15,38211
2026-07-17 11:26:00,390.15,390.54,389.8502,390.54,48694
2026-07-17 11:27:00,390.55,390.59,390.41,390.49,34118
2026-07-17 11:28:00,390.45,390.75,390.4001,390.715,33802
2026-07-17 11:29:00,390.6987,391.1599,390.54,391.14,55000
2026-07-17 11:30:00,391.065,391.37,391.065,391.35,34997
2026-07-17 11:31:00,391.3799,391.51,391.23,391.33,34594
2026-07-17 11:32:00,391.33,391.63,391,391.63,21466
2026-07-17 11:33:00,391.6,391.649,391.3,391.425,30315
2026-07-17 11:34:00,391.38,391.49,391.2216,391.425,40572
2026-07-17 11:35:00,391.4376,391.48,391.035,391.05,40741
2026-07-17 11:36:00,391.05,391.2,390.95,391.05,41014
2026-07-17 11:37:00,391.09,391.33,391.04,391.28,18122
2026-07-17 11:38:00,391.34,391.77,391.2901,391.74,17297
2026-07-17 11:39:00,391.78,391.95,391.64,391.9081,33831
2026-07-17 11:40:00,391.88,392.23,391.88,391.9801,28643
2026-07-17 11:41:00,392.005,392.38,392.005,392.22,44524
2026-07-17 11:42:00,392.23,392.5,392.0459,392.085,21149
2026-07-17 11:43:00,392.12,392.4,392.11,392.34,29629
2026-07-17 11:44:00,392.335,392.4399,392.2454,392.29,14669
2026-07-17 11:45:00,392.295,392.295,391.84,391.91,33360
2026-07-17 11:46:00,391.855,392.34,391.54,392.28,70001
2026-07-17 11:47:00,392.28,392.6,392.25,392.56,59422
2026-07-17 11:48:00,392.515,392.59,392.1901,392.37,20211
2026-07-17 11:49:00,392.325,392.4199,392.04,392.385,31011
2026-07-17 11:50:00,392.385,392.4,392.19,392.399,38010
2026-07-17 11:51:00,392.37,392.59,392.1301,392.24,39796
2026-07-17 11:52:00,392.29,392.3,392.03,392.12,21628
2026-07-17 11:53:00,392.14,392.52,392.0501,392.52,31880
2026-07-17 11:54:00,392.53,392.54,392.3427,392.3427,16253
2026-07-17 11:55:00,392.375,392.47,392.07,392.43,15238
2026-07-17 11:56:00,392.4,392.53,392.2801,392.5,26402
2026-07-17 11:57:00,392.42,392.72,392.39,392.595,26447
2026-07-17 11:58:00,392.59,392.66,392.33,392.45,25760
2026-07-17 11:59:00,392.4175,392.59,392.325,392.525,24141
2026-07-17 12:00:00,392.54,392.74,392.44,392.64,47609
2026-07-17 12:01:00,392.62,392.74,392,392.195,65061
2026-07-17 12:02:00,392.195,392.25,391.69,391.73,40980
2026-07-17 12:03:00,391.765,392.14,391.66,391.98,29014
2026-07-17 12:04:00,392.01,392.01,391.61,391.68,24364
2026-07-17 12:05:00,391.73,391.89,391.5,391.68,30119
2026-07-17 12:06:00,391.62,391.83,391.55,391.67,17829
2026-07-17 12:07:00,391.73,391.79,391.27,391.46,36141
2026-07-17 12:08:00,391.41,391.507,391.13,391.35,15996
2026-07-17 12:09:00,391.2496,391.6782,391.2496,391.6699,17829
2026-07-17 12:10:00,391.605,391.67,391.4201,391.555,26576
2026-07-17 12:11:00,391.4901,391.7899,391.4901,391.72,13665
2026-07-17 12:12:00,391.76,391.8298,391.64,391.74,16309
2026-07-17 12:13:00,391.78,391.9,391.6,391.65,19546
2026-07-17 12:14:00,391.655,391.95,391.655,391.95,22519
2026-07-17 12:15:00,391.925,392.13,391.8527,392.05,27566
2026-07-17 12:16:00,391.995,392.3,391.855,392.24,36390
2026-07-17 12:17:00,392.18,392.93,392.1,392.92,37521
2026-07-17 12:18:00,392.95,392.97,392.5,392.5312,38605
2026-07-17 12:19:00,392.545,392.74,392.4601,392.62,36367
2026-07-17 12:20:00,392.62,392.74,392.38,392.66,29467
2026-07-17 12:21:00,392.635,392.77,392.2,392.255,30663
2026-07-17 12:22:00,392.23,392.39,392.09,392.11,15915
2026-07-17 12:23:00,392.08,392.23,391.94,392.11,17572
2026-07-17 12:24:00,392.11,392.47,392.11,392.305,27888
2026-07-17 12:25:00,392.27,392.57,392.105,392.435,20235
2026-07-17 12:26:00,392.435,392.51,392.18,392.235,21484
2026-07-17 12:27:00,392.23,392.63,391.94,392.53,49081
2026-07-17 12:28:00,392.515,392.969,392.4801,392.755,19941
2026-07-17 12:29:00,392.8,393.02,392.62,392.62,41848
2026-07-17 12:30:00,392.62,392.7792,392.41,392.68,37535
2026-07-17 12:31:00,392.72,392.99,392.72,392.8,23326
2026-07-17 12:32:00,392.835,393.17,392.81,393.095,35314
2026-07-17 12:33:00,393.15,393.25,393.0601,393.14,17633
2026-07-17 12:34:00,393.14,393.23,393.08,393.13,16737
2026-07-17 12:35:00,393.13,393.36,393,393.29,14579
2026-07-17 12:36:00,393.29,393.4,393.17,393.37,19357
2026-07-17 12:37:00,393.37,393.48,393.31,393.39,24306
2026-07-17 12:38:00,393.44,393.44,393.06,393.135,20498
2026-07-17 12:39:00,393.135,393.24,393.03,393.215,16525
2026-07-17 12:40:00,393.19,393.28,393.1101,393.19,15220
2026-07-17 12:41:00,393.225,393.4,393.2201,393.2575,15729
2026-07-17 12:42:00,393.2619,393.71,393.26,393.65,31162
2026-07-17 12:43:00,393.665,393.89,393.665,393.785,21085
2026-07-17 12:44:00,393.81,393.81,393.58,393.58,12913
2026-07-17 12:45:00,393.62,393.71,393.49,393.565,16936
2026-07-17 12:46:00,393.63,393.8,393.565,393.8,29839
2026-07-17 12:47:00,393.7117,394.11,393.7117,394.07,25522
2026-07-17 12:48:00,394.13,394.45,394.04,394.42,30990
2026-07-17 12:49:00,394.44,394.59,394.21,394.23,41201
2026-07-17 12:50:00,394.2301,394.54,394.19,394.44,23050
2026-07-17 12:51:00,394.41,394.55,394.31,394.55,22126
2026-07-17 12:52:00,394.505,394.66,394.3,394.615,18956
2026-07-17 12:53:00,394.6,394.75,394.5,394.57,39032
2026-07-17 12:54:00,394.59,394.6299,394.35,394.5,38313
2026-07-17 12:55:00,394.5,394.505,394.1712,394.18,29147
2026-07-17 12:56:00,394.235,394.235,394.05,394.1,20837
2026-07-17 12:57:00,394.15,394.15,393.8,393.87,31848
2026-07-17 12:58:00,393.87,394.19,393.84,393.945,38226
2026-07-17 12:59:00,393.95,394.04,393.86,393.935,17307
2026-07-17 13:00:00,393.935,394.4,393.935,394.335,30827
2026-07-17 13:01:00,394.4,394.7476,394.358,394.56,22723
2026-07-17 13:02:00,394.6,394.6,394.36,394.54,22723
2026-07-17 13:03:00,394.58,394.69,394.44,394.585,24976
2026-07-17 13:04:00,394.585,394.785,394.53,394.6,28928
2026-07-17 13:05:00,394.565,394.565,394.19,394.34,31665
2026-07-17 13:06:00,394.32,394.5,394.26,394.395,20931
2026-07-17 13:07:00,394.395,394.43,394.18,394.2,24077
2026-07-17 13:08:00,394.2,394.22,394.05,394.18,32405
2026-07-17 13:09:00,394.18,394.41,394.14,394.39,16272
2026-07-17 13:10:00,394.37,394.44,394.07,394.195,45798
2026-07-17 13:11:00,394.202,394.39,394.16,394.255,23711
2026-07-17 13:12:00,394.2316,394.3299,394.13,394.15,30386
2026-07-17 13:13:00,394.14,394.39,394.14,394.335,15182
2026-07-17 13:14:00,394.345,394.47,394.17,394.18,25866
2026-07-17 13:15:00,394.18,394.54,394.11,394.53,38879
2026-07-17 13:16:00,394.54,394.61,394.41,394.4312,11484
2026-07-17 13:17:00,394.49,394.5176,394.2701,394.426,17480
2026-07-17 13:18:00,394.37,394.46,394.34,394.4,13980
2026-07-17 13:19:00,394.385,394.48,394.12,394.425,32646
2026-07-17 13:20:00,394.38,394.56,394.29,394.52,29500
2026-07-17 13:21:00,394.52,394.62,394.295,394.43,14521
2026-07-17 13:22:00,394.43,394.76,394.39,394.74,20080
2026-07-17 13:23:00,394.76,394.79,394.5,394.79,32516
2026-07-17 13:24:00,394.75,394.78,394.6,394.68,19039
2026-07-17 13:25:00,394.67,394.769,394.53,394.59,16909
2026-07-17 13:26:00,394.58,394.75,394.51,394.68,31597
2026-07-17 13:27:00,394.68,394.92,394.68,394.805,24578
2026-07-17 13:28:00,394.805,394.9261,394.6001,394.665,19662
2026-07-17 13:29:00,394.65,394.68,394.49,394.66,42624
2026-07-17 13:30:00,394.66,394.85,394.63,394.83,25422
2026-07-17 13:31:00,394.84,395.21,394.75,395.1301,48203
2026-07-17 13:32:00,395.11,395.27,394.99,395.0161,27375
2026-07-17 13:33:00,395.005,395.23,394.9585,395.0957,15374
2026-07-17 13:34:00,395.0305,395.12,394.96,395,19736
2026-07-17 13:35:00,395.035,395.17,394.7,394.795,25644
2026-07-17 13:36:00,394.795,395.04,394.75,395.015,21070
2026-07-17 13:37:00,395.015,395.45,394.98,395.44,40077
2026-07-17 13:38:00,395.42,395.4633,395.27,395.36,27990
2026-07-17 13:39:00,395.39,395.44,395.1,395.42,24328
2026-07-17 13:40:00,395.42,395.45,395.01,395.0951,17450
2026-07-17 13:41:00,395.1,395.3,395.04,395.2725,23080
2026-07-17 13:42:00,395.295,395.32,395.1,395.21,13208
2026-07-17 13:43:00,395.2,395.29,395.12,395.14,11905
2026-07-17 13:44:00,395.135,395.135,394.85,394.935,27444
2026-07-17 13:45:00,394.94,395.08,394.93,394.94,17731
2026-07-17 13:46:00,394.94,395.04,394.8,394.91,17055
2026-07-17 13:47:00,394.9,395.08,394.82,394.84,15433
2026-07-17 13:48:00,394.84,394.88,394.62,394.74,28161
2026-07-17 13:49:00,394.735,394.96,394.735,394.8601,19230
2026-07-17 13:50:00,394.96,395.05,394.76,394.76,14487
2026-07-17 13:51:00,394.78,394.849,394.64,394.72,16735
2026-07-17 13:52:00,394.644,394.86,394.644,394.71,11138
2026-07-17 13:53:00,394.685,394.81,394.54,394.78,16613
2026-07-17 13:54:00,394.805,394.91,394.7715,394.9,9085
2026-07-17 13:55:00,394.895,395.05,394.84,395.015,32697
2026-07-17 13:56:00,394.995,395.1,394.8201,394.905,24433
2026-07-17 13:57:00,394.905,395.01,394.87,394.925,8408
2026-07-17 13:58:00,394.925,395.083,394.82,394.86,16847
2026-07-17 13:59:00,394.86,395.04,394.7901,395.0101,14234
2026-07-17 14:00:00,395.015,395.1,394.5855,394.65,34664
2026-07-17 14:01:00,394.6567,394.76,394.53,394.74,24111
2026-07-17 14:02:00,394.76,395.06,394.69,395.03,19526
2026-07-17 14:03:00,395.05,395.18,394.97,395.07,18247
2026-07-17 14:04:00,395.08,395.35,395.08,395.27,41060
2026-07-17 14:05:00,395.23,395.35,395.07,395.185,19144
2026-07-17 14:06:00,395.18,395.19,394.88,394.95,27212
2026-07-17 14:07:00,394.95,394.95,394.67,394.77,14978
2026-07-17 14:08:00,394.77,395.19,394.7301,395.0501,30882
2026-07-17 14:09:00,395.16,395.29,395.0942,395.23,10455
2026-07-17 14:10:00,395.23,395.6,395.2105,395.385,41891
2026-07-17 14:11:00,395.37,395.47,395.3,395.43,14782
2026-07-17 14:12:00,395.43,395.625,395.4,395.5701,66487
2026-07-17 14:13:00,395.595,395.72,395.5,395.715,55143
2026-07-17 14:14:00,395.73,395.97,395.72,395.86,47201
2026-07-17 14:15:00,395.865,395.93,395.47,395.59,47534
2026-07-17 14:16:00,395.56,395.792,395.4701,395.7434,20696
2026-07-17 14:17:00,395.78,395.9389,395.69,395.9389,16655
2026-07-17 14:18:00,395.94,395.97,395.5601,395.6,26812
2026-07-17 14:19:00,395.56,395.605,395.37,395.44,29698
2026-07-17 14:20:00,395.4451,395.4512,395.3,395.33,11717
2026-07-17 14:21:00,395.295,395.5999,395.29,395.54,30201
2026-07-17 14:22:00,395.56,395.61,395.4001,395.59,19700
2026-07-17 14:23:00,395.63,395.6699,395.5,395.5,9977
2026-07-17 14:24:00,395.5,395.5382,395.3401,395.49,27839
2026-07-17 14:25:00,395.52,395.55,395.35,395.36,24869
2026-07-17 14:26:00,395.38,395.395,395.03,395.095,24066
2026-07-17 14:27:00,395.13,395.25,394.97,395.05,17154
2026-07-17 14:28:00,395.07,395.17,394.95,395.03,15127
2026-07-17 14:29:00,395.02,395.03,394.7301,394.795,14379
2026-07-17 14:30:00,394.74,394.89,394.74,394.89,22551
2026-07-17 14:31:00,394.87,395,394.62,394.68,23904
2026-07-17 14:32:00,394.7,394.92,394.63,394.74,15078
2026-07-17 14:33:00,394.76,395.07,394.62,394.62,20084
2026-07-17 14:34:00,394.63,394.73,394.62,394.7,16605
2026-07-17 14:35:00,394.7,394.7,394.43,394.56,24037
2026-07-17 14:36:00,394.56,394.67,394.41,394.42,14254
2026-07-17 14:37:00,394.42,394.46,394.3201,394.375,14198
2026-07-17 14:38:00,394.38,394.5,394.2,394.4699,31844
2026-07-17 14:39:00,394.425,394.47,394.23,394.28,12597
2026-07-17 14:40:00,394.31,394.53,394.26,394.37,24999
2026-07-17 14:41:00,394.35,394.48,394.3,394.45,16297
2026-07-17 14:42:00,394.5,394.63,394.4,394.42,33049
2026-07-17 14:43:00,394.45,394.53,394.36,394.39,28441
2026-07-17 14:44:00,394.33,394.375,394.21,394.28,16846
2026-07-17 14:45:00,394.26,394.31,393.95,393.995,48186
2026-07-17 14:46:00,393.995,394.25,393.98,394.105,20818
2026-07-17 14:47:00,394.105,394.33,394.07,394.295,18021
2026-07-17 14:48:00,394.295,394.84,394.26,394.81,25251
2026-07-17 14:49:00,394.83,395,394.8,394.845,25087
2026-07-17 14:50:00,394.845,394.85,394.5707,394.765,24669
2026-07-17 14:51:00,394.75,394.9,394.75,394.89,10056
2026-07-17 14:52:00,394.865,395,394.8501,394.95,17534
2026-07-17 14:53:00,394.935,395.08,394.87,395.08,20275
2026-07-17 14:54:00,395.06,395.13,394.97,395.05,17210
2026-07-17 14:55:00,395.08,395.1,394.91,394.925,30384
2026-07-17 14:56:00,394.925,395.07,394.925,395.055,39538
2026-07-17 14:57:00,395.055,395.18,394.965,395.095,23758
2026-07-17 14:58:00,395.0601,395.252,395,395.24,31359
2026-07-17 14:59:00,395.24,395.3,395.175,395.175,20358
2026-07-17 15:00:00,395.15,395.2,395.03,395.095,19984
2026-07-17 15:01:00,395.095,395.2,394.94,395.06,30856
2026-07-17 15:02:00,395.06,395.2,394.95,394.98,22617
2026-07-17 15:03:00,394.97,395.05,394.83,395.05,30075
2026-07-17 15:04:00,395.0499,395.07,394.532,394.615,38310
2026-07-17 15:05:00,394.615,394.6799,394.43,394.575,15235
2026-07-17 15:06:00,394.6,395,394.59,394.87,23742
2026-07-17 15:07:00,394.91,395.09,394.84,394.895,34525
2026-07-17 15:08:00,394.885,395.02,394.825,394.92,27075
2026-07-17 15:09:00,394.92,395.04,394.89,394.94,27866
2026-07-17 15:10:00,394.935,394.935,394.67,394.67,34714
2026-07-17 15:11:00,394.67,394.8199,394.67,394.755,24795
2026-07-17 15:12:00,394.755,394.93,394.6518,394.915,27694
2026-07-17 15:13:00,394.915,395,394.8,394.89,64394
2026-07-17 15:14:00,394.895,394.91,394.77,394.795,55589
2026-07-17 15:15:00,394.79,394.86,394.64,394.84,31613
2026-07-17 15:16:00,394.85,395.13,394.8101,394.83,62666
2026-07-17 15:17:00,394.88,394.95,394.58,394.58,25711
2026-07-17 15:18:00,394.62,394.66,394.5,394.58,20617
2026-07-17 15:19:00,394.55,394.79,394.44,394.74,36849
2026-07-17 15:20:00,394.8,394.87,394.61,394.81,41730
2026-07-17 15:21:00,394.83,395.09,394.7401,395,34078
2026-07-17 15:22:00,395.01,395.11,394.94,395.01,18885
2026-07-17 15:23:00,395.02,395.13,394.87,395.13,42047
2026-07-17 15:24:00,395.105,395.13,395.01,395.04,15120
2026-07-17 15:25:00,395.02,395.14,394.95,395.12,43172
2026-07-17 15:26:00,395.12,395.61,395.1,395.58,43508
2026-07-17 15:27:00,395.55,395.64,395.3,395.325,30542
2026-07-17 15:28:00,395.3495,395.52,395.32,395.35,33819
2026-07-17 15:29:00,395.34,395.645,395.31,395.62,24741
2026-07-17 15:30:00,395.59,395.9,395.5,395.5664,50133
2026-07-17 15:31:00,395.57,395.59,395.15,395.245,34592
2026-07-17 15:32:00,395.245,395.34,395.11,395.25,43442
2026-07-17 15:33:00,395.25,395.27,394.85,395.15,56723
2026-07-17 15:34:00,395.125,395.36,395.03,395.31,31088
2026-07-17 15:35:00,395.32,395.62,395.23,395.355,55442
2026-07-17 15:36:00,395.355,395.46,395.18,395.265,26907
2026-07-17 15:37:00,395.3,395.54,395.15,395.33,31205
2026-07-17 15:38:00,395.33,395.35,395,395.155,35947
2026-07-17 15:39:00,395.15,395.38,395.07,395.14,50318
2026-07-17 15:40:00,395.14,395.14,394.835,394.88,33106
2026-07-17 15:41:00,394.88,394.89,394.6601,394.825,38464
2026-07-17 15:42:00,394.8,394.86,394.62,394.655,32623
2026-07-17 15:43:00,394.68,394.93,394.68,394.91,32200
2026-07-17 15:44:00,394.88,395.14,394.84,395.08,42182
2026-07-17 15:45:00,395.035,395.23,394.95,395.165,49861
2026-07-17 15:46:00,395.165,395.165,394.9,394.95,41267
2026-07-17 15:47:00,394.97,395.23,394.97,395.17,66629
2026-07-17 15:48:00,395.22,395.27,395,395.115,49750
2026-07-17 15:49:00,395.12,395.28,395.05,395.215,41662
2026-07-17 15:50:00,395.23,395.69,394.85,394.88,65612
2026-07-17 15:51:00,394.88,395.11,394.88,395.04,50389
2026-07-17 15:52:00,395.03,395.12,394.77,394.805,69450
2026-07-17 15:53:00,394.805,395.16,394.77,394.93,64421
2026-07-17 15:54:00,394.93,395.35,394.93,395.165,74691
2026-07-17 15:55:00,395.14,395.16,394.33,394.41,122864
2026-07-17 15:56:00,394.41,394.62,394.31,394.555,99656
2026-07-17 15:57:00,394.56,394.7,394.43,394.52,134614
2026-07-17 15:58:00,394.51,394.57,394.31,394.41,182430
2026-07-17 15:59:00,394.4,394.44,393.73,393.82,456758
2026-07-17 16:00:00,393.805,393.905,393.67,393.82,4308660
2026-07-17 16:01:00,393.82,393.82,393.5,393.53,4070
2026-07-17 16:02:00,393.53,393.55,393.3,393.42,4536
2026-07-17 16:03:00,393.4,393.82,393.1,393.13,1896
2026-07-17 16:04:00,393.07,393.42,393.07,393.08,1695
2026-07-17 16:05:00,393.3,393.4,392.9,393.1,1962
2026-07-17 16:06:00,393.36,393.36,393.1,393.14,1167
2026-07-17 16:07:00,393.0893,393.3,393.0893,393.3,1130
2026-07-17 16:08:00,393.2,393.5,393.14,393.4707,448
2026-07-17 16:09:00,393.5,393.5,393.36,393.39,904
2026-07-17 16:10:00,393.39,393.39,393.2,393.2,1123
2026-07-17 16:11:00,393.36,393.5,393.2,393.5,8067
2026-07-17 16:12:00,393.35,393.5,393.35,393.3999,454
2026-07-17 16:13:00,393.375,393.4999,393.3084,393.4999,1043
2026-07-17 16:14:00,393.3,393.48,393.3,393.3,584
2026-07-17 16:15:00,393.28,393.32,393.28,393.32,3710
2026-07-17 16:16:00,393.5,393.5,393.3501,393.3501,751
2026-07-17 16:17:00,393.35,393.35,393.28,393.35,487
2026-07-17 16:18:00,393.3,393.33,393.26,393.33,1258
2026-07-17 16:19:00,393.28,393.36,393.26,393.36,649
2026-07-17 16:20:00,393.49,393.49,393.26,393.32,1405
2026-07-17 16:21:00,393.44,393.5,393.34,393.5,468
2026-07-17 16:22:00,393.4,393.5,393.4,393.48,548
2026-07-17 16:23:00,393.4535,393.4535,393.4535,393.4535,50
2026-07-17 16:24:00,393.457,393.457,393.34,393.34,841
2026-07-17 16:25:00,393.4,393.4,393.4,393.4,60
2026-07-17 16:27:00,393.5,393.5,393.25,393.5,7517
2026-07-17 16:28:00,393.52,393.99,393.5,393.89,4266
2026-07-17 16:29:00,393.89,393.89,393.89,393.89,100
2026-07-17 16:31:00,393.7379,393.89,393.5488,393.5488,2978
2026-07-17 16:32:00,393.79,393.89,393.79,393.89,140
2026-07-17 16:33:00,393.89,393.9861,393.88,393.9861,8088
2026-07-17 16:34:00,394,394,394,394,84
2026-07-17 16:35:00,394.0155,394.0845,394,394,365
2026-07-17 16:36:00,393.9,394.1,393.9,394.1,1111
2026-07-17 16:37:00,394,394.05,393.9,394,2452
2026-07-17 16:38:00,393.87,394,393.87,394,1404
2026-07-17 16:39:00,394.1,394.1,394,394,1495
2026-07-17 16:40:00,393.9,394.065,393.9,394.065,288
2026-07-17 16:41:00,394,394,394,394,40
2026-07-17 16:42:00,393.93,393.93,393.93,393.93,720
2026-07-17 16:43:00,393.9372,394,393.9372,393.9438,1159
2026-07-17 16:44:00,393.9928,394.08,393.95,393.95,3299
2026-07-17 16:45:00,394.14,394.2153,393.95,394.2153,701
2026-07-17 16:46:00,393.9749,393.9749,393.9387,393.9387,600
2026-07-17 16:48:00,393.93,393.93,393.93,393.93,185
2026-07-17 16:49:00,393.93,393.93,393.93,393.93,80
2026-07-17 16:51:00,393.8,393.8,393.8,393.8,567
2026-07-17 16:53:00,393.8,393.8,393.8,393.8,40
2026-07-17 16:54:00,393.8465,394.09,393.8465,394.09,743
2026-07-17 16:55:00,394.04,394.1,393.99,394.09,565
2026-07-17 16:56:00,393.91,394.21,393.91,394.21,422
2026-07-17 16:57:00,394.21,394.39,394.21,394.39,428
2026-07-17 16:58:00,394.038,394.038,394.038,394.038,100
2026-07-17 17:00:00,394.25,394.25,394.25,394.25,150
2026-07-17 17:01:00,394.04,394.04,394.04,394.04,398
2026-07-17 17:02:00,394.25,394.25,394.25,394.25,400
2026-07-17 17:06:00,394.04,394.12,394.04,394.12,200
2026-07-17 17:07:00,394.04,394.04,394.04,394.04,100
2026-07-17 17:09:00,394.1871,394.1871,394.1871,394.1871,103
2026-07-17 17:10:00,394.1874,394.1874,394.1874,394.1874,77
2026-07-17 17:12:00,394.051,394.051,394.051,394.051,100
2026-07-17 17:13:00,394.09,394.14,394.09,394.14,237
2026-07-17 17:14:00,394.19,394.19,394.04,394.04,225
2026-07-17 17:15:00,394.04,394.04,394.04,394.04,949
2026-07-17 17:16:00,394.04,394.04,394.04,394.04,66
2026-07-17 17:18:00,394.04,394.04,394.04,394.04,70
2026-07-17 17:22:00,394.1,394.12,394.1,394.12,471
2026-07-17 17:23:00,394.1,394.1,394.1,394.1,393
2026-07-17 17:24:00,394.1,394.1,394.1,394.1,40
2026-07-17 17:25:00,394.19,394.19,394.15,394.15,249
2026-07-17 17:26:00,394.15,394.39,394.15,394.39,267
2026-07-17 17:27:00,394.3833,394.3833,394.2577,394.3,500
2026-07-17 17:28:00,394.3,394.3155,394.3,394.3155,1372
2026-07-17 17:29:00,394.4,394.4,394.4,394.4,78
2026-07-17 17:30:00,394.4,394.4,394.3916,394.3996,399
2026-07-17 17:31:00,394.4,394.4013,394.4,394.4013,189
2026-07-17 17:32:00,394.4,394.45,394.4,394.45,164
2026-07-17 17:34:00,394.35,394.35,394.3291,394.3291,188
2026-07-17 17:36:00,394.34,394.34,394.34,394.34,87
2026-07-17 17:37:00,394.1387,394.1387,394.1387,394.1387,55
2026-07-17 17:38:00,394.11,394.4,394.11,394.4,699
2026-07-17 17:40:00,394.5,394.53,394.5,394.53,93
2026-07-17 17:41:00,394.53,394.53,394.53,394.53,79
2026-07-17 17:43:00,394.35,394.58,394.35,394.55,4953
2026-07-17 17:44:00,394.36,394.55,394.1,394.55,290
2026-07-17 17:45:00,394.55,394.55,394.39,394.39,147
2026-07-17 17:46:00,394.55,394.55,394.55,394.55,45
2026-07-17 17:48:00,394.58,394.8,394.58,394.8,686
2026-07-17 17:49:00,394.8,394.8,394.78,394.8,227
2026-07-17 17:50:00,394.85,394.85,394.7,394.7,418
2026-07-17 17:52:00,394.6261,394.6261,394.6261,394.6261,50
2026-07-17 17:53:00,394.6,394.6,394.6,394.6,40
2026-07-17 17:56:00,394.43,394.5,394.43,394.5,146
2026-07-17 17:57:00,394.41,394.41,394.41,394.41,80
2026-07-17 17:58:00,394.5999,394.5999,394.32,394.3634,1150
2026-07-17 18:01:00,394.3634,394.3634,394.3634,394.3634,51
2026-07-17 18:02:00,394.5566,394.5566,394.5566,394.5566,50
2026-07-17 18:04:00,394.32,394.32,394.32,394.32,500
2026-07-17 18:05:00,394.32,394.4,394.32,394.4,339
2026-07-17 18:06:00,394.5909,394.5909,394.5909,394.5909,250
2026-07-17 18:07:00,394.32,394.32,394.32,394.32,373
2026-07-17 18:08:00,394.7,394.7,394.7,394.7,986
2026-07-17 18:09:00,394.77,394.9,394.77,394.9,780
2026-07-17 18:10:00,394.9,394.9,394.9,394.9,297
2026-07-17 18:11:00,394.6,394.6,394.6,394.6,100
2026-07-17 18:12:00,394.6135,394.6135,394.6,394.6,249
2026-07-17 18:13:00,394.6026,394.6026,394.6,394.6,91
2026-07-17 18:15:00,394.9,394.9,394.5,394.5,749
2026-07-17 18:18:00,394.6,394.69,394.6,394.69,164
2026-07-17 18:19:00,394.69,394.89,394.69,394.89,467
2026-07-17 18:20:00,394.75,394.9,394.75,394.9,480
2026-07-17 18:21:00,394.7,394.7,394.7,394.7,150
2026-07-17 18:22:00,394.8737,394.8737,394.8737,394.8737,50
2026-07-17 18:23:00,394.9,394.9,394.73,394.8503,476
2026-07-17 18:24:00,394.73,394.73,394.73,394.73,200
2026-07-17 18:25:00,394.7,394.79,394.7,394.79,150
2026-07-17 18:26:00,394.74,394.74,394.74,394.74,50
2026-07-17 18:28:00,394.7,394.89,394.7,394.89,198
2026-07-17 18:30:00,394.8,394.8,394.8,394.8,50
2026-07-17 18:31:00,394.8,394.8,394.8,394.8,111
2026-07-17 18:32:00,394.7898,394.791,394.7862,394.791,250
2026-07-17 18:33:00,394.7155,394.7845,394.7155,394.7845,150
2026-07-17 18:36:00,394.8,394.9,394.8,394.9,690
2026-07-17 18:37:00,394.8268,394.8495,394.8268,394.8495,150
2026-07-17 18:39:00,394.7338,394.7338,394.7,394.7,2315
2026-07-17 18:44:00,394.7,394.7,394.7,394.7,49
2026-07-17 18:45:00,394.76,394.76,394.76,394.76,121
2026-07-17 18:47:00,394.7155,394.7155,394.7155,394.7155,50
2026-07-17 18:48:00,394.8,394.8,394.8,394.8,130
2026-07-17 18:49:00,394.73,394.8,394.73,394.8,213
2026-07-17 18:50:00,394.7563,394.7563,394.7563,394.7563,300
2026-07-17 18:51:00,394.73,394.73,394.7,394.7,111
2026-07-17 18:53:00,394.61,394.61,394.61,394.61,191
2026-07-17 18:54:00,394.789,394.9,394.6345,394.8,730
2026-07-17 18:56:00,394.6353,394.6353,394.6353,394.6353,128
2026-07-17 18:57:00,394.6158,394.6158,394.6158,394.6158,100
2026-07-17 18:58:00,394.61,394.61,394.61,394.61,200
2026-07-17 18:59:00,394.7,394.7,394.7,394.7,50
2026-07-17 19:00:00,394.7,394.7,394.6,394.6845,390
2026-07-17 19:01:00,394.67,394.67,394.67,394.67,50
2026-07-17 19:02:00,394.6,394.6,394.6,394.6,287
2026-07-17 19:03:00,394.6,394.6325,394.6,394.6325,799
2026-07-17 19:05:00,394.64,394.64,394.64,394.64,49
2026-07-17 19:06:00,394.5,394.5,394.5,394.5,50
2026-07-17 19:07:00,394.4,394.4,394.4,394.4,60
2026-07-17 19:09:00,394.405,394.405,394.405,394.405,240
2026-07-17 19:10:00,394.41,394.41,394.4,394.4,355
2026-07-17 19:13:00,394.4,394.4,394.162,394.162,309
2026-07-17 19:14:00,394.45,394.45,394.45,394.45,94
2026-07-17 19:16:00,394.3301,394.3301,394.3301,394.3301,88
2026-07-17 19:18:00,394.35,394.35,394.35,394.35,138
2026-07-17 19:19:00,394.33,394.33,394.33,394.33,200
2026-07-17 19:20:00,394.4,394.4,394.4,394.4,50
2026-07-17 19:22:00,394.4012,394.4012,394.4,394.4,481
2026-07-17 19:24:00,394.3342,394.34,394.3342,394.34,149
2026-07-17 19:25:00,394.35,394.45,394.33,394.33,523
2026-07-17 19:26:00,394.201,394.44,394.201,394.25,2269
2026-07-17 19:27:00,394.26,394.419,394.25,394.3,735
2026-07-17 19:28:00,394.419,394.419,394.419,394.419,100
2026-07-17 19:29:00,394.3,394.3,394.3,394.3,200
2026-07-17 19:30:00,394.25,394.3378,394.25,394.27,545
2026-07-17 19:31:00,394.27,394.27,394.27,394.27,100
2026-07-17 19:33:00,394.31,394.31,394.31,394.31,74
2026-07-17 19:34:00,394.11,394.11,394.11,394.11,50
2026-07-17 19:37:00,394.1125,394.21,394.11,394.11,1879
2026-07-17 19:39:00,394.11,394.15,394.04,394.04,1309
2026-07-17 19:40:00,394.04,394.04,394.04,394.04,379
2026-07-17 19:42:00,394.04,394.0401,393.95,394.0401,692
2026-07-17 19:43:00,393.82,393.82,393.8,393.8,156
2026-07-17 19:44:00,393.5192,393.5192,393.5192,393.5192,100
2026-07-17 19:45:00,393.5,393.5,393.5,393.5,150
2026-07-17 19:47:00,394.0334,394.0334,394.0334,394.0334,40
2026-07-17 19:48:00,393.99,393.99,393.99,393.99,75
2026-07-17 19:51:00,393.9832,393.9832,393.9832,393.9832,338
2026-07-17 19:52:00,393.9057,393.9057,393.9057,393.9057,51
2026-07-17 19:53:00,394,394,394,394,508
2026-07-17 19:54:00,394,394.29,394,394.29,209
2026-07-17 19:55:00,394.29,394.29,394.29,394.29,300
2026-07-17 19:57:00,394,394,393.92,393.92,2230
2026-07-17 19:58:00,394.0864,394.0864,393.7797,394,450
2026-07-17 19:59:00,393.75,394.007,393.5196,394.007,822
2026-07-20 04:00:00,394.24,395.0224,393.85,394.5,15322
2026-07-20 04:01:00,394.56,394.8,393.8,394,7745
2026-07-20 04:02:00,394.01,394.9,393.75,394.72,8820
2026-07-20 04:04:00,394.61,394.61,393.97,394.58,324
2026-07-20 04:05:00,393.89,394.72,393.89,394.2,1955
2026-07-20 04:06:00,394.4,394.4,394.14,394.14,302
2026-07-20 04:08:00,394.35,394.38,394.35,394.38,2548
2026-07-20 04:09:00,394.42,394.42,394,394,827
2026-07-20 04:10:00,394,394,394,394,154
2026-07-20 04:11:00,393.8,393.84,393.8,393.84,150
2026-07-20 04:12:00,393.7,393.73,393.7,393.73,309
2026-07-20 04:13:00,393.7,393.74,393.7,393.72,458
2026-07-20 04:14:00,393.6,393.6,393.5,393.5,1103
2026-07-20 04:15:00,393.51,393.57,393.06,393.5,816
2026-07-20 04:16:00,393.31,393.31,392.93,392.93,397
2026-07-20 04:17:00,392.7,392.7,392.1,392.65,1059
2026-07-20 04:18:00,392.65,392.65,392.65,392.65,83
2026-07-20 04:19:00,392.74,392.74,392.74,392.74,45
2026-07-20 04:20:00,392.9,393.04,392.73,392.87,3021
2026-07-20 04:21:00,392.89,392.91,392.89,392.89,623
2026-07-20 04:23:00,392.93,392.94,392.89,392.89,150
2026-07-20 04:24:00,393.13,393.14,393.1,393.1,189
2026-07-20 04:25:00,393.05,393.05,393.04,393.04,200
2026-07-20 04:26:00,393.19,393.19,393.05,393.05,109
2026-07-20 04:27:00,393.18,393.39,393.18,393.36,402
2026-07-20 04:29:00,393.42,393.42,393.41,393.41,400
2026-07-20 04:30:00,393.13,393.3,393.13,393.3,188
2026-07-20 04:31:00,393.28,393.33,393.28,393.33,190
2026-07-20 04:32:00,393.29,393.29,393.1,393.1,613
2026-07-20 04:33:00,393.22,393.22,393.17,393.2,391
2026-07-20 04:34:00,393.16,393.16,393.16,393.16,42
2026-07-20 04:35:00,393.12,393.12,393.12,393.12,51
2026-07-20 04:37:00,393.2,393.43,393.18,393.43,813
2026-07-20 04:39:00,393.59,393.59,393.58,393.58,165
2026-07-20 04:40:00,393.5,393.5,393.5,393.5,50
2026-07-20 04:41:00,393.55,393.62,393.55,393.62,226
2026-07-20 04:42:00,393.5,393.5,393.5,393.5,41
2026-07-20 04:43:00,393.44,393.44,393.44,393.44,50
2026-07-20 04:44:00,393.43,393.43,393.43,393.43,81
2026-07-20 04:45:00,393.45,393.45,393.45,393.45,75
2026-07-20 04:46:00,393.31,393.48,393.31,393.48,233
2026-07-20 04:47:00,393.34,393.48,393.34,393.48,123
2026-07-20 04:48:00,393.44,393.45,393.44,393.44,521
2026-07-20 04:49:00,393.44,393.44,393.44,393.44,92
2026-07-20 04:51:00,393.34,393.59,393.34,393.49,250
2026-07-20 04:52:00,393.35,393.35,393.3,393.31,1505
2026-07-20 04:53:00,393.56,393.56,393.56,393.56,273
2026-07-20 04:54:00,393.4856,393.4856,393.2,393.2,203
2026-07-20 04:55:00,393.13,393.13,393.13,393.13,62
2026-07-20 04:58:00,393.27,393.3,393.27,393.3,269
2026-07-20 04:59:00,393.12,393.14,393.12,393.14,297
2026-07-20 05:00:00,393.1,393.13,393.1,393.11,243
2026-07-20 05:01:00,393.04,393.04,393.03,393.03,180
2026-07-20 05:02:00,393,393,392.647,392.647,130
2026-07-20 05:05:00,392.82,392.82,392.64,392.77,250
2026-07-20 05:08:00,392.99,392.99,392.99,392.99,106
2026-07-20 05:09:00,392.98,392.98,392.98,392.98,137
2026-07-20 05:10:00,392.97,393,392.912,392.912,138
2026-07-20 05:12:00,393.06,393.06,393.06,393.06,170
2026-07-20 05:13:00,393.09,393.09,393.09,393.09,100
2026-07-20 05:16:00,392.77,392.77,392.7,392.71,799
2026-07-20 05:19:00,392.7002,392.7002,392.7002,392.7002,47
2026-07-20 05:20:00,392.5648,392.5648,392.5648,392.5648,50
2026-07-20 05:21:00,392.78,392.84,392.74,392.74,180
2026-07-20 05:23:00,392.79,392.8,392.79,392.8,182
2026-07-20 05:24:00,392.78,392.78,392.78,392.78,69
2026-07-20 05:25:00,392.73,392.73,392.69,392.73,310
2026-07-20 05:26:00,392.72,392.74,392.71,392.71,376
2026-07-20 05:27:00,392.6868,392.8,392.6868,392.8,1100
2026-07-20 05:30:00,392.75,393.01,392.75,393.01,1814
2026-07-20 05:31:00,392.93,393.2,392.93,393.2,797
2026-07-20 05:33:00,393.14,393.14,393.1,393.1,378
2026-07-20 05:36:00,393.12,393.12,393.12,393.12,100
2026-07-20 05:37:00,393.1,393.1,393.1,393.1,100
2026-07-20 05:38:00,393.1,393.1,393.07,393.07,147
2026-07-20 05:39:00,393.07,393.08,393.06,393.06,267
2026-07-20 05:40:00,393.03,393.03,393,393,652
2026-07-20 05:41:00,392.91,392.91,392.91,392.91,46
2026-07-20 05:42:00,392.84,392.84,392.61,392.61,2343
2026-07-20 05:43:00,392.6,392.6,392.56,392.56,281
2026-07-20 05:44:00,392.5,392.6,392.5,392.6,384
2026-07-20 05:45:00,392.51,392.51,392.5,392.5,356
2026-07-20 05:46:00,392.51,392.53,392.38,392.38,832
2026-07-20 05:48:00,392.55,392.55,392.55,392.55,100
2026-07-20 05:49:00,392.49,392.49,392.48,392.48,90
2026-07-20 05:50:00,392.45,392.45,392.45,392.45,42
2026-07-20 05:51:00,392.5,392.5,392.5,392.5,40
2026-07-20 05:52:00,392.4,392.46,392.4,392.4,261
2026-07-20 05:54:00,392.3,392.3,392.3,392.3,100
2026-07-20 05:55:00,392.43,392.46,392.3769,392.405,293
2026-07-20 05:56:00,392.43,392.43,392.43,392.43,128
2026-07-20 05:57:00,392.43,392.43,392.43,392.43,40
2026-07-20 06:00:00,392.6,392.89,392.6,392.63,1220
2026-07-20 06:01:00,392.69,392.7,392.63,392.63,172
2026-07-20 06:02:00,392.8549,392.9,392.61,392.61,467
2026-07-20 06:03:00,392.87,392.95,392.87,392.95,252
2026-07-20 06:05:00,392.7,392.7,392.7,392.7,50
2026-07-20 06:06:00,392.97,393.07,392.97,393.07,275
2026-07-20 06:07:00,393.04,393.07,393.04,393.07,145
2026-07-20 06:08:00,393.06,393.06,393.06,393.06,148
2026-07-20 06:09:00,392.99,393.08,392.99,393.08,115
2026-07-20 06:10:00,393.04,393.04,393.04,393.04,100
2026-07-20 06:11:00,393.05,393.14,393.05,393.14,143
2026-07-20 06:12:00,392.8,392.8,392.8,392.8,67
2026-07-20 06:14:00,392.76,392.76,392.76,392.76,76
2026-07-20 06:15:00,392.75,392.75,392.6,392.64,1033
2026-07-20 06:16:00,392.63,392.63,392.63,392.63,280
2026-07-20 06:18:00,392.76,392.76,392.69,392.69,185
2026-07-20 06:19:00,392.65,392.65,392.6,392.6,210
2026-07-20 06:21:00,392.64,392.64,392.64,392.64,66
2026-07-20 06:22:00,392.63,392.63,392.63,392.63,48
2026-07-20 06:23:00,392.52,392.52,392.35,392.35,1167
2026-07-20 06:24:00,392.3,392.35,392.3,392.35,493
2026-07-20 06:25:00,392.3,392.3,392.3,392.3,134
2026-07-20 06:27:00,392.64,392.64,392.64,392.64,134
2026-07-20 06:28:00,392.33,392.6,392.174,392.174,695
2026-07-20 06:30:00,392.5,392.5,392.21,392.21,327
2026-07-20 06:31:00,392.21,392.21,391.45,391.45,3786
2026-07-20 06:32:00,391.52,392,391.41,391.41,1040
2026-07-20 06:33:00,391.5,391.67,391.5,391.5,217
2026-07-20 06:34:00,391.4,391.4,391.4,391.4,47
2026-07-20 06:35:00,391.75,391.8,391.75,391.8,608
2026-07-20 06:36:00,391.69,391.69,391.69,391.69,100
2026-07-20 06:37:00,391.75,391.75,391.75,391.75,100
2026-07-20 06:38:00,391.85,391.89,391.76,391.89,163
2026-07-20 06:39:00,391.9444,391.9444,391.77,391.77,201
2026-07-20 06:40:00,391.76,391.88,391.59,391.88,438
2026-07-20 06:41:00,391.75,391.9,391.5,391.5,990
2026-07-20 06:42:00,391.25,391.64,391.25,391.39,842
2026-07-20 06:43:00,391.66,391.66,391.49,391.49,207
2026-07-20 06:44:00,391.7195,391.7195,391.7195,391.7195,100
2026-07-20 06:45:00,391.67,391.67,391.31,391.31,596
2026-07-20 06:46:00,391.26,391.26,391.26,391.26,63
2026-07-20 06:47:00,391.16,391.22,391.16,391.1853,488
2026-07-20 06:48:00,391.41,391.41,391.33,391.4,235
2026-07-20 06:49:00,391.45,391.6,391.44,391.6,343
2026-07-20 06:50:00,391.87,391.87,391.71,391.71,357
2026-07-20 06:51:00,391.89,391.89,391.89,391.89,46
2026-07-20 06:53:00,391.98,391.99,391.98,391.99,229
2026-07-20 06:54:00,391.91,392.5,391.91,392.42,949
2026-07-20 06:55:00,392.39,392.39,392.07,392.07,150
2026-07-20 06:56:00,392.07,392.07,392.07,392.07,100
2026-07-20 06:57:00,392.05,392.05,392.04,392.04,99
2026-07-20 06:58:00,392.0105,392.0105,392.0105,392.0105,50
2026-07-20 06:59:00,392.1,392.1,392.1,392.1,48
2026-07-20 07:00:00,392.19,392.19,391.23,391.36,1647
2026-07-20 07:01:00,391.44,391.44,390.6298,390.6298,6466
2026-07-20 07:02:00,390.7751,391.25,390.76,391,1917
2026-07-20 07:03:00,391,391.29,390.85,391.27,1056
2026-07-20 07:04:00,391,391.19,391,391.1775,649
2026-07-20 07:05:00,391.5738,391.5738,391.0863,391.15,403
2026-07-20 07:06:00,391.49,391.49,391.29,391.29,250
2026-07-20 07:07:00,391.18,391.27,390.85,390.85,1666
2026-07-20 07:08:00,391.1962,391.28,390.98,390.98,444
2026-07-20 07:09:00,391,391,390.96,391,361
2026-07-20 07:10:00,390.9493,390.95,390.68,390.68,588
2026-07-20 07:11:00,390.97,390.97,390.68,390.879,1134
2026-07-20 07:12:00,390.8596,391,390.5545,391,1329
2026-07-20 07:13:00,391,391.14,391,391.14,245
2026-07-20 07:14:00,390.53,391.19,390.53,391.1538,984
2026-07-20 07:15:00,391,391,390.53,390.53,706
2026-07-20 07:16:00,390.5749,390.9,390.54,390.57,561
2026-07-20 07:17:00,390.88,390.88,390.72,390.72,132
2026-07-20 07:18:00,391,391.01,390.7809,390.9746,617
2026-07-20 07:19:00,390.8,391.09,390.8,391.09,655
2026-07-20 07:20:00,391.1292,391.23,390.95,391.2,494
2026-07-20 07:21:00,391.2,391.2,391.2,391.2,42
2026-07-20 07:22:00,391.2,391.35,391.175,391.175,1553
2026-07-20 07:23:00,391.2467,391.28,391.24,391.28,568
2026-07-20 07:24:00,391.18,391.28,391,391,374
2026-07-20 07:25:00,391.25,391.25,391.25,391.25,78
2026-07-20 07:26:00,391.28,391.36,391.28,391.3,1499
2026-07-20 07:27:00,391.41,391.68,391.3227,391.3227,1328
2026-07-20 07:28:00,391.4,391.5,391.31,391.31,454
2026-07-20 07:29:00,391.64,391.64,391.41,391.49,299
2026-07-20 07:30:00,391.25,391.7,391.2,391.7,2995
2026-07-20 07:31:00,391.06,392,391.06,392,1853
2026-07-20 07:32:00,392,392.07,391.88,392.07,472
2026-07-20 07:33:00,392.06,392.07,391.8,391.85,788
2026-07-20 07:34:00,391.78,392.018,391.78,392,348
2026-07-20 07:35:00,391.9,391.9,391.76,391.8,673
2026-07-20 07:36:00,391.77,391.98,391.6,391.64,580
2026-07-20 07:37:00,391.5713,391.7907,391.5713,391.7907,705
2026-07-20 07:38:00,391.62,391.8,391.51,391.74,1284
2026-07-20 07:39:00,391.787,391.8059,391.66,391.8059,982
2026-07-20 07:40:00,391.8,391.999,391.8,391.868,1205
2026-07-20 07:41:00,391.77,391.9,391.77,391.9,516
2026-07-20 07:42:00,391.9339,391.97,391.89,391.89,611
2026-07-20 07:43:00,391.95,391.99,391.01,391.01,4284
2026-07-20 07:44:00,391.2,391.2,391.0338,391.16,409
2026-07-20 07:45:00,391.3,391.3,391.01,391.16,752
2026-07-20 07:46:00,391.1,391.25,391.01,391.01,563
2026-07-20 07:47:00,391.5,391.5,391.15,391.15,777
2026-07-20 07:48:00,391.15,391.15,391.01,391.15,364
2026-07-20 07:49:00,391.2158,391.2158,391.15,391.15,632
2026-07-20 07:50:00,391.16,391.16,390.8,391.1304,3537
2026-07-20 07:51:00,391,391,390.75,390.75,1824
2026-07-20 07:52:00,390.89,391.46,390.89,391.01,2209
2026-07-20 07:53:00,390.9,391.07,390.75,391,3408
2026-07-20 07:54:00,391.08,391.5,391,391.5,896
2026-07-20 07:55:00,391.24,391.5,391.0522,391.4829,5317
2026-07-20 07:56:00,391.19,391.19,391.19,391.19,412
2026-07-20 07:57:00,391.18,391.25,391.18,391.25,246
2026-07-20 07:58:00,391.23,391.23,391.2,391.2,200
2026-07-20 07:59:00,391.24,391.24,391.1,391.1,398
2026-07-20 08:00:00,391,391.11,391,391,980
2026-07-20 08:01:00,391.1,391.16,390.9,391.14,3377
2026-07-20 08:02:00,390.97,390.97,390.5938,390.5938,903
2026-07-20 08:03:00,391,391,390.57,390.68,2599
2026-07-20 08:04:00,390.8,390.92,390.8,390.9,495
2026-07-20 08:05:00,390.85,390.85,390.85,390.85,70
2026-07-20 08:06:00,390.9564,391.31,390.9564,391.27,1179
2026-07-20 08:07:00,391,391.3,391,391.1,223
2026-07-20 08:08:00,390.88,390.92,390.55,390.61,3046
2026-07-20 08:09:00,390.6,390.61,390.2,390.27,5711
2026-07-20 08:10:00,390.3881,390.68,390.3,390.68,211
2026-07-20 08:11:00,390.41,390.8,390.41,390.8,256
2026-07-20 08:12:00,390.5,390.7,390.4,390.58,302
2026-07-20 08:13:00,390.6,390.6,390.25,390.25,598
2026-07-20 08:14:00,390.281,390.6974,390.28,390.6974,340
2026-07-20 08:15:00,390.3312,390.5,390.3312,390.5,213
2026-07-20 08:16:00,390.3932,390.63,390.3932,390.43,540
2026-07-20 08:17:00,390.3397,390.3397,390.3397,390.3397,50
2026-07-20 08:18:00,390.5,390.5,390.45,390.5,296
2026-07-20 08:19:00,390.47,390.6,390.42,390.49,1343
2026-07-20 08:20:00,390.642,390.642,390.49,390.5,190
2026-07-20 08:21:00,390.42,390.5,390.42,390.5,190
2026-07-20 08:22:00,390.5,390.6503,390.3201,390.3201,1147
2026-07-20 08:23:00,390.5,390.5,390.5,390.5,50
2026-07-20 08:24:00,390.45,390.45,390.4,390.4,130
2026-07-20 08:25:00,390.6,390.6,390.43,390.55,526
2026-07-20 08:26:00,390.58,390.58,390.41,390.5,350
2026-07-20 08:27:00,390.7189,390.7189,390.4352,390.56,660
2026-07-20 08:28:00,390.4448,390.7075,390.42,390.7075,1008
2026-07-20 08:29:00,390.44,390.47,390.1,390.2301,5748
2026-07-20 08:30:00,390.3,390.75,390.13,390.1338,1077
2026-07-20 08:31:00,390.2271,390.41,390.2,390.41,1475
2026-07-20 08:32:00,390.4,390.5,390.2414,390.2414,649
2026-07-20 08:33:00,390.41,390.7,390.15,390.16,400
2026-07-20 08:34:00,390.4285,390.4285,390.2,390.34,355
2026-07-20 08:35:00,390.4352,390.4352,390.4,390.4,803
2026-07-20 08:36:00,390.4,390.69,390.4,390.69,3043
2026-07-20 08:37:00,390.5,390.6428,390.5,390.6428,130
2026-07-20 08:38:00,390.5,390.5,390.5,390.5,81
2026-07-20 08:39:00,390.4104,390.6428,390.3,390.5,485
2026-07-20 08:40:00,390.6234,390.6234,390.2,390.4,480
2026-07-20 08:41:00,390.15,390.3158,390.15,390.15,313
2026-07-20 08:42:00,390.2,390.2,389.63,389.9403,19378
2026-07-20 08:43:00,389.94,390.25,389.72,390.24,4445
2026-07-20 08:44:00,390.22,390.22,389.71,389.957,4054
2026-07-20 08:45:00,389.8,390,389.8,390,1277
2026-07-20 08:46:00,390.1958,390.3,390.1958,390.25,923
2026-07-20 08:47:00,390.48,390.5,390.47,390.5,505
2026-07-20 08:48:00,390.47,390.49,389.88,389.88,2076
2026-07-20 08:49:00,390,390,388.99,389.09,8145
2026-07-20 08:50:00,389.04,389.6,388.7641,389.6,3394
2026-07-20 08:51:00,389.34,389.3462,389,389.1612,1676
2026-07-20 08:52:00,389.41,389.51,389.1428,389.2,2519
2026-07-20 08:53:00,389.35,389.4,389.11,389.11,2492
2026-07-20 08:54:00,389.35,389.58,389.2,389.26,1287
2026-07-20 08:55:00,389.52,389.52,389,389.25,10023
2026-07-20 08:56:00,389.25,389.52,389.2,389.2,5809
2026-07-20 08:57:00,389.01,389.5,389,389.5,2550
2026-07-20 08:58:00,389.25,389.44,389.25,389.281,240
2026-07-20 08:59:00,389.4,389.5,389.25,389.25,3620
2026-07-20 09:00:00,389.32,389.55,389.0912,389.1916,3138
2026-07-20 09:01:00,389.5,389.5,389.31,389.5,1497
2026-07-20 09:02:00,389.47,389.55,389.31,389.5,5831
2026-07-20 09:03:00,389.55,389.62,389.3603,389.5,5725
2026-07-20 09:04:00,389.5677,389.62,389.3918,389.6,1100
2026-07-20 09:05:00,389.6,389.62,389.56,389.6,832
2026-07-20 09:06:00,389.58,389.58,389.02,389.02,1628
2026-07-20 09:07:00,389.41,389.54,389,389,1813
2026-07-20 09:08:00,389.31,389.31,388.99,388.99,769
2026-07-20 09:09:00,389.16,389.3,388.91,389.2,2593
2026-07-20 09:10:00,388.9485,389.25,388.9485,388.9709,303
2026-07-20 09:11:00,389,389.2999,389,389,2821
2026-07-20 09:12:00,389.09,389.25,388.96,389.25,3674
2026-07-20 09:13:00,389.17,389.2264,389.1,389.2,1711
2026-07-20 09:14:00,389.1,389.1898,389.09,389.1,407
2026-07-20 09:15:00,389.0633,389.1258,388.67,388.67,4023
2026-07-20 09:16:00,388.7,388.75,388.58,388.59,2858
2026-07-20 09:17:00,388.5801,388.8003,388.5801,388.79,1274
2026-07-20 09:18:00,388.7,388.75,388.58,388.7,3084
2026-07-20 09:19:00,388.84,388.85,388.6,388.7,1808
2026-07-20 09:20:00,388.7,389.09,388.7,388.98,5279
2026-07-20 09:21:00,388.85,389.21,388.8002,389.01,1650
2026-07-20 09:22:00,389.2,389.2,389.2,389.2,959
2026-07-20 09:23:00,389.4112,389.47,389.1133,389.47,978
2026-07-20 09:24:00,389.11,389.4034,389.02,389.24,2048
2026-07-20 09:25:00,389.27,389.72,388.75,388.8,16016
2026-07-20 09:26:00,388.9226,389.63,388.9226,389.213,365
2026-07-20 09:27:00,389.62,391,389.3,390.98,15526
2026-07-20 09:28:00,391,391.29,390.34,390.6,15156
2026-07-20 09:29:00,390.51,391.58,390.5,391.27,20753
2026-07-20 09:30:00,391.41,391.74,389.67,390.035,466280
2026-07-20 09:31:00,390.2599,392.22,389.65,390.96,129137
2026-07-20 09:32:00,391,391.92,390.75,391.46,138635
2026-07-20 09:33:00,391.58,391.76,390.25,390.93,156872
2026-07-20 09:34:00,390.93,392.3,390.72,392.23,104723
2026-07-20 09:35:00,392.205,392.41,391.603,391.77,57067
2026-07-20 09:36:00,391.81,392.3384,390.995,391.7,118058
2026-07-20 09:37:00,391.71,392.45,391.35,392.3313,64176
2026-07-20 09:38:00,392.4,392.99,392.35,392.9,78393
2026-07-20 09:39:00,392.87,392.87,391.52,391.82,134112
2026-07-20 09:40:00,391.84,392.7,391.53,391.895,89442
2026-07-20 09:41:00,391.9399,392.085,391.5,391.6699,54107
2026-07-20 09:42:00,391.64,391.9199,390.98,391.575,67931
2026-07-20 09:43:00,391.58,392.39,391.55,392.36,110462
2026-07-20 09:44:00,392.3,392.52,391.83,391.96,40795
2026-07-20 09:45:00,391.96,392.3401,391.6701,391.93,82780
2026-07-20 09:46:00,391.875,392.18,391.57,391.96,71115
2026-07-20 09:47:00,391.96,392,391.23,391.8,74132
2026-07-20 09:48:00,391.8,392.16,390.92,391.229,75354
2026-07-20 09:49:00,391.23,391.4,391,391.06,65785
2026-07-20 09:50:00,391.115,391.56,390.942,391.5,72983
2026-07-20 09:51:00,391.5,392.16,391.29,391.29,64229
2026-07-20 09:52:00,391.29,391.36,390.7,390.84,151187
2026-07-20 09:53:00,390.86,390.97,390.22,390.365,52782
2026-07-20 09:54:00,390.33,391.19,390.067,390.86,56871
2026-07-20 09:55:00,390.86,390.9145,390.38,390.625,53473
2026-07-20 09:56:00,390.6496,390.6995,390.06,390.575,33861
2026-07-20 09:57:00,390.5015,391.15,390.5015,391.075,44306
2026-07-20 09:58:00,391.01,391.12,390.75,390.88,50481
2026-07-20 09:59:00,390.88,391.37,390.8,390.97,52783
2026-07-20 10:00:00,390.98,390.98,390.4,390.68,91268
2026-07-20 10:01:00,390.68,390.7299,390.15,390.38,90260
2026-07-20 10:02:00,390.31,390.6299,390.3,390.57,47586
2026-07-20 10:03:00,390.5575,390.6799,390.27,390.6501,40519
2026-07-20 10:04:00,390.54,391.17,390.36,391.015,42391
2026-07-20 10:05:00,390.96,391.51,390.66,391.42,43011
2026-07-20 10:06:00,391.44,391.53,390.97,391.12,63328
2026-07-20 10:07:00,391.12,391.72,391.11,391.45,28719
2026-07-20 10:08:00,391.445,391.53,391.04,391.28,42094
2026-07-20 10:09:00,391.28,391.65,391.155,391.58,38581
2026-07-20 10:10:00,391.53,391.57,390.955,391.23,42398
2026-07-20 10:11:00,391.15,391.46,391.15,391.37,31725
2026-07-20 10:12:00,391.365,391.95,391.2501,391.75,49554
2026-07-20 10:13:00,391.75,392.46,391.5,392.375,45521
2026-07-20 10:14:00,392.37,392.69,392.1201,392.59,47635
2026-07-20 10:15:00,392.66,394.19,392.53,393.57,138415
2026-07-20 10:16:00,393.605,393.7,392.91,393.22,53167
2026-07-20 10:17:00,393.27,395.24,393.27,395.24,95772
2026-07-20 10:18:00,395.125,395.19,394.01,394.08,89840
2026-07-20 10:19:00,394.09,394.15,393.5,393.53,35490
2026-07-20 10:20:00,393.53,394.1,393.225,393.915,49175
2026-07-20 10:21:00,393.915,394.33,393.69,394.075,37893
2026-07-20 10:22:00,394.08,394.13,393.18,393.5699,33498
2026-07-20 10:23:00,393.5,393.99,393.4201,393.69,24874
2026-07-20 10:24:00,393.69,394.51,393.58,394.5,47835
2026-07-20 10:25:00,394.45,394.45,394.05,394.155,31594
2026-07-20 10:26:00,394.155,394.3691,394.03,394.285,24941
2026-07-20 10:27:00,394.35,394.3899,394.08,394.29,23659
2026-07-20 10:28:00,394.265,394.37,394.08,394.11,20674
2026-07-20 10:29:00,394.135,394.39,394.08,394.325,27392
2026-07-20 10:30:00,394.36,394.735,394.0705,394.62,44297
2026-07-20 10:31:00,394.6205,394.99,394.51,394.76,55354
2026-07-20 10:32:00,394.82,395,394.57,394.775,41825
2026-07-20 10:33:00,394.775,395.28,394.67,395.05,47175
2026-07-20 10:34:00,395.105,395.29,394.93,395.075,59845
2026-07-20 10:35:00,395.09,395.58,395.07,395.44,41340
2026-07-20 10:36:00,395.44,396.12,395.43,395.935,154422
2026-07-20 10:37:00,395.91,395.974,395.3501,395.45,26791
2026-07-20 10:38:00,395.42,395.44,395.06,395.27,32333
2026-07-20 10:39:00,395.24,395.39,395.0301,395.205,18458
2026-07-20 10:40:00,395.25,395.92,395.19,395.765,40682
2026-07-20 10:41:00,395.7999,395.927,394.9,395.09,66337
2026-07-20 10:42:00,395.09,395.14,394.575,394.8,52815
2026-07-20 10:43:00,394.8,395.38,394.8,395.29,42787
2026-07-20 10:44:00,395.27,395.45,395.13,395.41,35928
2026-07-20 10:45:00,395.41,395.5,395,395.31,37205
2026-07-20 10:46:00,395.31,395.46,395.13,395.29,25206
2026-07-20 10:47:00,395.295,395.37,395.12,395.185,25752
2026-07-20 10:48:00,395.18,395.2,394.76,394.985,58577
2026-07-20 10:49:00,394.9401,395.18,394.91,394.99,22401
2026-07-20 10:50:00,394.99,395.2295,394.8,394.935,30757
2026-07-20 10:51:00,394.94,395.35,394.66,395.25,43488
2026-07-20 10:52:00,395.245,395.44,395.19,395.2902,36368
2026-07-20 10:53:00,395.29,395.7,395.1308,395.63,54446
2026-07-20 10:54:00,395.65,396.09,395.63,395.9199,41607
2026-07-20 10:55:00,395.87,396.09,395.76,395.99,33613
2026-07-20 10:56:00,395.9201,396.03,395.66,395.81,31558
2026-07-20 10:57:00,395.81,396.26,395.75,396.21,42117
2026-07-20 10:58:00,396.2425,396.26,395.73,395.82,38250
2026-07-20 10:59:00,395.73,395.99,395.41,395.86,36802
2026-07-20 11:00:00,395.9,395.91,395.53,395.64,41651
2026-07-20 11:01:00,395.67,396.42,395.6,396.405,59604
2026-07-20 11:02:00,396.405,396.54,396.2,396.53,47872
2026-07-20 11:03:00,396.54,396.6,396.15,396.26,49933
2026-07-20 11:04:00,396.23,396.54,396.2201,396.5,31560
2026-07-20 11:05:00,396.5,396.6025,396.01,396.15,37017
2026-07-20 11:06:00,396.135,396.48,396.13,396.325,40560
2026-07-20 11:07:00,396.325,396.55,396.23,396.41,38256
2026-07-20 11:08:00,396.45,396.49,396.13,396.235,34938
2026-07-20 11:09:00,396.235,396.5,396.13,396.26,34741
2026-07-20 11:10:00,396.26,396.62,396.075,396.49,66036
2026-07-20 11:11:00,396.49,396.66,396.3928,396.45,42748
2026-07-20 11:12:00,396.45,396.6399,396.35,396.53,34029
2026-07-20 11:13:00,396.57,396.78,396.34,396.73,51736
2026-07-20 11:14:00,396.73,396.74,396.44,396.635,35726
2026-07-20 11:15:00,396.635,397.21,396.46,397.17,60316
2026-07-20 11:16:00,397.175,397.19,396.78,396.86,33264
2026-07-20 11:17:00,396.885,397.02,396.78,396.82,39750
2026-07-20 11:18:00,396.8,397.2,396.8,397.2,35593
2026-07-20 11:19:00,397.17,397.56,397.14,397.45,64398
2026-07-20 11:20:00,397.43,397.6,397.26,397.32,38985
2026-07-20 11:21:00,397.38,397.78,397.29,397.705,45775
2026-07-20 11:22:00,397.705,397.77,397.55,397.705,30779
2026-07-20 11:23:00,397.7,397.85,397.6,397.658,76764
2026-07-20 11:24:00,397.63,397.91,397.55,397.715,47044
2026-07-20 11:25:00,397.69,398.13,397.69,397.91,73148
2026-07-20 11:26:00,397.91,398.03,397.48,397.48,43192
2026-07-20 11:27:00,397.48,397.515,397.18,397.195,46379
2026-07-20 11:28:00,397.18,397.3,396.92,397.075,48223
2026-07-20 11:29:00,397.075,397.815,397.04,397.7466,53024
2026-07-20 11:30:00,397.69,397.69,397.45,397.62,31654
2026-07-20 11:31:00,397.62,397.66,397.22,397.245,38476
2026-07-20 11:32:00,397.235,397.36,397.07,397.21,36483
2026-07-20 11:33:00,397.21,397.67,397.21,397.28,53537
2026-07-20 11:34:00,397.28,397.53,397.24,397.4001,27660
2026-07-20 11:35:00,397.45,397.6882,397.2701,397.2709,40845
2026-07-20 11:36:00,397.305,397.73,397.17,397.455,34054
2026-07-20 11:37:00,397.42,397.69,397.13,397.195,27076
2026-07-20 11:38:00,397.185,397.95,397.11,397.9,43065
2026-07-20 11:39:00,397.91,398.05,397.73,397.7868,34667
2026-07-20 11:40:00,397.75,398.12,397.72,397.99,37996
2026-07-20 11:41:00,397.995,398.0625,397.85,398.01,24065
2026-07-20 11:42:00,398.035,398.16,397.8901,398.155,32796
2026-07-20 11:43:00,398.17,398.35,398.16,398.285,56260
2026-07-20 11:44:00,398.285,398.48,398.25,398.46,43903
2026-07-20 11:45:00,398.49,398.52,398.1097,398.2799,31802
2026-07-20 11:46:00,398.28,398.38,398.15,398.32,18567
2026-07-20 11:47:00,398.3,398.72,398.22,398.34,33022
2026-07-20 11:48:00,398.33,398.4,398.09,398.195,23323
2026-07-20 11:49:00,398.16,398.32,397.9128,398.25,38860
2026-07-20 11:50:00,398.31,398.47,398.2005,398.34,19439
2026-07-20 11:51:00,398.38,398.69,398.38,398.5,21701
2026-07-20 11:52:00,398.5,398.77,398.46,398.695,35152
2026-07-20 11:53:00,398.685,398.95,398.59,398.865,51585
2026-07-20 11:54:00,398.865,399.05,398.72,398.88,53629
2026-07-20 11:55:00,398.88,399.2,398.83,399.11,29927
2026-07-20 11:56:00,399.1096,399.12,398.82,398.93,23095
2026-07-20 11:57:00,398.9311,399.12,398.87,398.96,25270
2026-07-20 11:58:00,399,399.11,398.78,398.795,26716
2026-07-20 11:59:00,398.795,398.95,398.75,398.95,16877
2026-07-20 12:00:00,398.96,399.29,398.78,399,53641
2026-07-20 12:01:00,399.07,399.26,398.94,399.13,25878
2026-07-20 12:02:00,399.13,399.19,398.7525,398.905,29906
2026-07-20 12:03:00,398.9,399.15,398.8,399.12,21952
2026-07-20 12:04:00,399.14,399.45,399.07,399.385,60465
2026-07-20 12:05:00,399.3801,399.81,399.34,399.81,48887
2026-07-20 12:06:00,399.8,400.1,399.76,400.015,120745
2026-07-20 12:07:00,400.04,400.05,399.69,399.805,37891
2026-07-20 12:08:00,399.815,399.9,399.54,399.725,26373
2026-07-20 12:09:00,399.725,399.84,399.64,399.8,26609
2026-07-20 12:10:00,399.84,400.125,399.8201,400.055,43703
2026-07-20 12:11:00,400.055,400.1299,399.9,399.945,29977
2026-07-20 12:12:00,399.945,399.96,399.6179,399.77,36843
2026-07-20 12:13:00,399.77,399.87,399.46,399.53,24216
2026-07-20 12:14:00,399.53,399.85,399.49,399.755,22347
2026-07-20 12:15:00,399.78,400,399.66,399.69,35724
2026-07-20 12:16:00,399.65,399.96,399.61,399.93,27038
2026-07-20 12:17:00,399.95,399.96,399.63,399.85,16493
2026-07-20 12:18:00,399.87,400.17,399.87,400.065,36326
2026-07-20 12:19:00,400.065,400.1,399.87,400.1,21412
2026-07-20 12:20:00,400.1,400.73,400.08,400.72,61190
2026-07-20 12:21:00,400.72,400.92,400.65,400.9,91833
2026-07-20 12:22:00,400.91,401.1774,400.84,401.15,80463
2026-07-20 12:23:00,401.1284,401.43,401.11,401.43,53406
2026-07-20 12:24:00,401.44,401.76,401.39,401.54,52420
2026-07-20 12:25:00,401.54,401.61,401.445,401.515,44615
2026-07-20 12:26:00,401.515,401.54,401.07,401.09,50489
2026-07-20 12:27:00,401.09,401.3099,401.04,401.1537,28281
2026-07-20 12:28:00,401.12,401.21,401.05,401.17,24357
2026-07-20 12:29:00,401.145,401.49,401.14,401.49,31367
2026-07-20 12:30:00,401.49,402.04,401.4301,401.95,77823
2026-07-20 12:31:00,401.935,402.525,401.92,402.525,66005
2026-07-20 12:32:00,402.535,402.7,402.25,402.6,59351
2026-07-20 12:33:00,402.5212,402.62,402.23,402.3111,58854
2026-07-20 12:34:00,402.3,402.56,402.27,402.325,59837
2026-07-20 12:35:00,402.325,402.5,402.17,402.305,49420
2026-07-20 12:36:00,402.34,402.4,401.96,402.07,46394
2026-07-20 12:37:00,402.075,402.075,401.86,402.03,41660
2026-07-20 12:38:00,402.03,402.44,401.92,402.39,40975
2026-07-20 12:39:00,402.365,402.78,402.3301,402.73,48642
2026-07-20 12:40:00,402.72,403.18,402.72,402.94,106475
2026-07-20 12:41:00,402.94,403.11,401.56,402.04,132778
2026-07-20 12:42:00,402.12,402.43,402.08,402.125,70951
2026-07-20 12:43:00,402.12,402.37,401.98,402.32,54463
2026-07-20 12:44:00,402.37,402.37,401.98,402.07,33572
2026-07-20 12:45:00,402.07,402.07,401.61,401.68,52104
2026-07-20 12:46:00,401.7,402.4,401.52,402.4,39639
2026-07-20 12:47:00,402.4,402.48,402.07,402.17,33781
2026-07-20 12:48:00,402.17,402.238,401.91,401.945,21630
2026-07-20 12:49:00,401.9696,402.2,401.945,402.1101,24935
2026-07-20 12:50:00,402.1728,402.19,401.77,401.865,40309
2026-07-20 12:51:00,401.9799,402.02,401.72,401.755,29391
2026-07-20 12:52:00,401.7899,401.82,401.4601,401.755,41572
2026-07-20 12:53:00,401.75,401.82,401.6,401.7851,27233
2026-07-20 12:54:00,401.805,402.01,401.59,401.8,33843
2026-07-20 12:55:00,401.85,402.15,401.8,402.07,33288
2026-07-20 12:56:00,402.13,402.13,401.67,401.75,31985
2026-07-20 12:57:00,401.75,401.82,401.5201,401.725,30753
2026-07-20 12:58:00,401.725,401.82,401.6259,401.635,36160
2026-07-20 12:59:00,401.6351,401.85,401.36,401.41,64791
2026-07-20 13:00:00,401.4,401.515,401.28,401.515,27317
2026-07-20 13:01:00,401.485,401.485,401,401.05,52317
2026-07-20 13:02:00,401.055,401.18,400.9,401.03,70244
2026-07-20 13:03:00,401.01,401.02,400.5801,400.74,42768
2026-07-20 13:04:00,400.75,400.87,400.2201,400.248,74217
2026-07-20 13:05:00,400.27,400.63,400.27,400.5525,31768
2026-07-20 13:06:00,400.51,400.665,400.27,400.34,68994
2026-07-20 13:07:00,400.335,400.56,400.3,400.4,32015
2026-07-20 13:08:00,400.4,400.71,400.35,400.7,27510
2026-07-20 13:09:00,400.74,401.09,400.7,400.83,47631
2026-07-20 13:10:00,400.8282,400.94,400.7,400.81,19254
2026-07-20 13:11:00,400.81,400.86,400.54,400.68,29646
2026-07-20 13:12:00,400.68,400.84,400.66,400.68,15106
2026-07-20 13:13:00,400.7,400.78,400.59,400.76,20887
2026-07-20 13:14:00,400.75,400.85,400.63,400.735,39444
2026-07-20 13:15:00,400.735,400.89,400.42,400.835,37243
2026-07-20 13:16:00,400.88,400.88,400.5,400.705,28431
2026-07-20 13:17:00,400.705,400.97,400.6401,400.9399,20575
2026-07-20 13:18:00,400.94,401.1799,400.89,401.17,21102
2026-07-20 13:19:00,401.1799,401.46,401.14,401.425,26875
2026-07-20 13:20:00,401.412,401.78,401.35,401.7625,47911
2026-07-20 13:21:00,401.78,401.84,401.54,401.555,35226
2026-07-20 13:22:00,401.57,402.09,401.53,401.88,41149
2026-07-20 13:23:00,401.855,401.87,401.6,401.7802,38746
2026-07-20 13:24:00,401.8,402.01,401.75,401.78,22935
2026-07-20 13:25:00,401.76,401.89,401.67,401.79,20965
2026-07-20 13:26:00,401.75,402.01,401.6705,401.9975,29452
2026-07-20 13:27:00,402.01,402.05,401.675,401.675,30808
2026-07-20 13:28:00,401.7,402.05,401.64,402.04,27374
2026-07-20 13:29:00,402.035,402.07,401.851,401.89,33623
2026-07-20 13:30:00,401.92,402.18,401.92,402.18,39688
2026-07-20 13:31:00,402.165,402.2,401.8915,401.98,25572
2026-07-20 13:32:00,402.04,402.34,401.92,402.2907,34727
2026-07-20 13:33:00,402.32,402.32,402,402.06,26637
2026-07-20 13:34:00,402.07,402.34,402.06,402.34,26299
2026-07-20 13:35:00,402.31,402.39,402.18,402.235,37604
2026-07-20 13:36:00,402.26,402.32,401.9,401.945,27058
2026-07-20 13:37:00,401.97,402.1,401.91,402.1,40556
2026-07-20 13:38:00,402.065,402.09,401.79,401.88,23893
2026-07-20 13:39:00,401.855,401.91,401.78,401.82,20744
2026-07-20 13:40:00,401.8147,401.86,401.44,401.54,35533
2026-07-20 13:41:00,401.51,401.55,401.2041,401.385,29160
2026-07-20 13:42:00,401.36,401.44,401.3,401.41,32971
2026-07-20 13:43:00,401.405,401.42,400.965,401.0101,43282
2026-07-20 13:44:00,401.02,401.1,400.8001,401.04,34993
2026-07-20 13:45:00,401,401.45,400.96,401.45,43934
2026-07-20 13:46:00,401.45,401.62,401.38,401.49,26217
2026-07-20 13:47:00,401.5,401.7,401.42,401.6,37041
2026-07-20 13:48:00,401.56,401.69,401.51,401.67,9811
2026-07-20 13:49:00,401.69,401.7732,401.56,401.7096,23928
2026-07-20 13:50:00,401.705,401.87,401.68,401.76,20128
2026-07-20 13:51:00,401.8,401.82,401.64,401.81,21700
2026-07-20 13:52:00,401.81,401.81,401.59,401.69,26690
2026-07-20 13:53:00,401.65,401.84,401.64,401.815,18776
2026-07-20 13:54:00,401.815,401.96,401.79,401.895,32060
2026-07-20 13:55:00,401.949,401.949,401.61,401.72,17700
2026-07-20 13:56:00,401.7,401.73,401.35,401.415,33299
2026-07-20 13:57:00,401.43,401.57,401.35,401.57,23966
2026-07-20 13:58:00,401.54,401.58,401.34,401.4595,37971
2026-07-20 13:59:00,401.45,401.72,401.3905,401.72,14236
2026-07-20 14:00:00,401.72,401.98,401.72,401.785,26638
2026-07-20 14:01:00,401.785,401.91,401.735,401.8201,21666
2026-07-20 14:02:00,401.8,401.931,401.74,401.795,16734
2026-07-20 14:03:00,401.8,401.82,401.4301,401.58,15403
2026-07-20 14:04:00,401.58,401.81,401.58,401.78,17266
2026-07-20 14:05:00,401.78,401.79,401.62,401.72,21643
2026-07-20 14:06:00,401.67,401.69,401.53,401.665,30600
2026-07-20 14:07:00,401.692,401.7,401.46,401.515,14380
2026-07-20 14:08:00,401.525,401.58,401.38,401.54,32221
2026-07-20 14:09:00,401.54,401.78,401.46,401.73,20466
2026-07-20 14:10:00,401.73,401.8,401.61,401.79,21624
2026-07-20 14:11:00,401.8,401.85,401.73,401.815,23527
2026-07-20 14:12:00,401.81,401.85,401.63,401.73,21092
2026-07-20 14:13:00,401.72,401.84,401.71,401.795,25050
2026-07-20 14:14:00,401.795,401.85,401.73,401.785,33941
2026-07-20 14:15:00,401.785,401.9,401.64,401.795,26923
2026-07-20 14:16:00,401.795,401.95,401.675,401.9,30672
2026-07-20 14:17:00,401.9,402.18,401.85,402.06,40953
2026-07-20 14:18:00,402.0708,402.1,401.73,401.82,17608
2026-07-20 14:19:00,401.82,402.3,401.82,402.2,20557
2026-07-20 14:20:00,402.22,402.37,402,402.3479,16473
2026-07-20 14:21:00,402.35,402.35,401.87,402.08,26024
2026-07-20 14:22:00,402.06,402.095,401.81,401.9499,28750
2026-07-20 14:23:00,401.905,401.905,401.67,401.68,26611
2026-07-20 14:24:00,401.7,401.7,401.26,401.345,32399
2026-07-20 14:25:00,401.39,401.569,401.355,401.525,20854
2026-07-20 14:26:00,401.525,401.59,401.38,401.44,18866
2026-07-20 14:27:00,401.48,401.79,401.48,401.76,47959
2026-07-20 14:28:00,401.69,402.05,401.69,402.015,47334
2026-07-20 14:29:00,402.04,402.23,401.88,401.955,30444
2026-07-20 14:30:00,401.955,401.955,401.72,401.7875,37689
2026-07-20 14:31:00,401.785,401.89,401.72,401.85,20388
2026-07-20 14:32:00,401.869,401.87,401.7072,401.8,25755
2026-07-20 14:33:00,401.78,401.92,401.73,401.91,28186
2026-07-20 14:34:00,401.92,401.98,401.73,401.76,27664
2026-07-20 14:35:00,401.795,402.04,401.76,402.01,39708
2026-07-20 14:36:00,402.02,402.23,402,402.12,26979
2026-07-20 14:37:00,402.145,402.23,402.1,402.13,17249
2026-07-20 14:38:00,402.11,402.2,401.73,401.82,39852
2026-07-20 14:39:00,401.82,401.82,401.47,401.5407,71115
2026-07-20 14:40:00,401.515,401.54,401.33,401.375,38741
2026-07-20 14:41:00,401.35,401.37,401.115,401.195,61695
2026-07-20 14:42:00,401.15,401.195,400.56,400.79,79213
2026-07-20 14:43:00,400.775,400.89,400.51,400.64,47637
2026-07-20 14:44:00,400.57,400.61,400.0601,400.115,62165
2026-07-20 14:45:00,400.115,400.3,399.8401,400.07,54621
2026-07-20 14:46:00,400.055,400.45,399.9901,400.32,55181
2026-07-20 14:47:00,400.32,400.53,400.2,400.45,33978
2026-07-20 14:48:00,400.445,400.59,400.38,400.455,28358
2026-07-20 14:49:00,400.43,400.79,400.41,400.42,30292
2026-07-20 14:50:00,400.47,400.6,400.33,400.522,44776
2026-07-20 14:51:00,400.53,400.57,400.4,400.53,28707
2026-07-20 14:52:00,400.54,400.66,400.485,400.52,19551
2026-07-20 14:53:00,400.49,400.67,400.45,400.67,20830
2026-07-20 14:54:00,400.665,400.85,400.6485,400.72,56873
2026-07-20 14:55:00,400.74,400.74,400.42,400.56,28010
2026-07-20 14:56:00,400.56,400.6,400.44,400.5,18551
2026-07-20 14:57:00,400.47,400.66,400.44,400.55,32603
2026-07-20 14:58:00,400.55,400.61,400.36,400.51,34436
2026-07-20 14:59:00,400.51,400.62,400.37,400.57,36963
2026-07-20 15:00:00,400.54,400.87,400.45,400.87,72759
2026-07-20 15:01:00,400.9,401.12,400.82,401.07,38519
2026-07-20 15:02:00,401.07,401.11,400.87,400.925,24959
2026-07-20 15:03:00,400.925,401.09,400.795,401.025,25704
2026-07-20 15:04:00,401.025,401.17,400.93,401.16,27640
2026-07-20 15:05:00,401.18,401.4,401.14,401.24,41064
2026-07-20 15:06:00,401.24,401.27,400.86,401.035,50335
2026-07-20 15:07:00,401.035,401.23,400.96,401.035,46660
2026-07-20 15:08:00,401.035,401.035,400.81,400.96,63956
2026-07-20 15:09:00,400.95,401.14,400.9038,401.055,21594
2026-07-20 15:10:00,401.05,401.349,401.05,401.1469,23059
2026-07-20 15:11:00,401.13,401.13,400.93,401.07,24560
2026-07-20 15:12:00,401.07,401.1,400.93,401.05,20789
2026-07-20 15:13:00,401.025,401.04,400.81,400.825,24875
2026-07-20 15:14:00,400.84,400.96,400.71,400.755,49708
2026-07-20 15:15:00,400.72,400.8,400.5901,400.66,36398
2026-07-20 15:16:00,400.72,400.75,400.54,400.62,22497
2026-07-20 15:17:00,400.62,401,400.59,400.8245,30240
2026-07-20 15:18:00,400.9351,400.97,400.76,400.85,18945
2026-07-20 15:19:00,400.83,400.97,400.83,400.86,19023
2026-07-20 15:20:00,400.855,401.3,400.83,401.19,43960
2026-07-20 15:21:00,401.19,401.23,400.74,400.74,26280
2026-07-20 15:22:00,400.765,401.02,400.71,400.995,14321
2026-07-20 15:23:00,400.995,401.18,400.8808,401.145,18996
2026-07-20 15:24:00,401.145,401.2,401.09,401.12,19291
2026-07-20 15:25:00,401.17,401.36,401.11,401.265,32732
2026-07-20 15:26:00,401.26,401.26,400.98,401.0716,23403
2026-07-20 15:27:00,401.05,401.07,400.88,400.95,22232
2026-07-20 15:28:00,400.98,401.08,400.87,400.885,21454
2026-07-20 15:29:00,400.905,401.42,400.88,401.23,32066
2026-07-20 15:30:00,401.24,401.43,401.2,401.2,32460
2026-07-20 15:31:00,401.195,401.63,401.16,401.63,28700
2026-07-20 15:32:00,401.63,401.84,401.54,401.745,62834
2026-07-20 15:33:00,401.745,401.8099,401.61,401.67,42849
2026-07-20 15:34:00,401.67,401.77,401.56,401.595,34772
2026-07-20 15:35:00,401.62,401.75,401.43,401.43,62260
2026-07-20 15:36:00,401.455,401.68,401.435,401.435,31982
2026-07-20 15:37:00,401.48,401.65,401.445,401.52,25380
2026-07-20 15:38:00,401.5101,401.81,401.4661,401.69,30518
2026-07-20 15:39:00,401.68,402,401.68,401.89,33346
2026-07-20 15:40:00,401.865,402.03,401.76,401.98,63110
2026-07-20 15:41:00,401.985,402.2,401.97,402.2,31798
2026-07-20 15:42:00,402.175,402.57,402.04,402.144,56174
2026-07-20 15:43:00,402.15,402.22,402.05,402.08,28596
2026-07-20 15:44:00,402.08,402.13,401.69,401.845,61043
2026-07-20 15:45:00,401.84,402.01,401.76,401.875,60896
2026-07-20 15:46:00,401.81,401.9,401.52,401.76,71617
2026-07-20 15:47:00,401.75,401.81,401.28,401.31,57552
2026-07-20 15:48:00,401.295,401.63,401.1201,401.59,95037
2026-07-20 15:49:00,401.58,401.7,401.5042,401.595,50406
2026-07-20 15:50:00,401.57,401.58,400.65,401.0399,105932
2026-07-20 15:51:00,401.06,401.2899,401,401.235,56807
2026-07-20 15:52:00,401.22,401.48,400.81,401.46,75927
2026-07-20 15:53:00,401.45,401.64,401.29,401.55,105898
2026-07-20 15:54:00,401.54,402.14,401.53,402.12,109884
2026-07-20 15:55:00,402.11,402.2,400.79,402.17,198258
2026-07-20 15:56:00,402.18,402.6,402.07,402.5825,171652
2026-07-20 15:57:00,402.585,402.68,402.36,402.505,240491
2026-07-20 15:58:00,402.505,402.61,402.32,402.55,330440
2026-07-20 15:59:00,402.535,402.6,402.02,402.51,597546
2026-07-20 16:00:00,402.52,402.95,402.25,402.4469,4057588
2026-07-20 16:01:00,402.45,402.45,402.3,402.45,3092
2026-07-20 16:02:00,402.37,402.45,402.29,402.29,2419
2026-07-20 16:03:00,402.37,402.4,402.2504,402.34,1887
2026-07-20 16:04:00,402.26,402.39,402.25,402.25,935
2026-07-20 16:05:00,402.39,402.43,402.25,402.25,536
2026-07-20 16:06:00,402.31,402.4,402.22,402.4,849
2026-07-20 16:07:00,402.11,402.2,402.04,402.2,1159
2026-07-20 16:08:00,402.1401,402.2613,402,402.0032,5605
2026-07-20 16:09:00,402.0032,402.01,401.95,401.95,674
2026-07-20 16:10:00,401.94,401.94,401.61,401.61,2945
2026-07-20 16:11:00,401.61,401.73,401.61,401.61,2386
2026-07-20 16:12:00,401.61,401.7,401.61,401.61,2304
2026-07-20 16:13:00,401.6446,402.29,401.59,402.29,23548
2026-07-20 16:14:00,401.56,401.56,401.441,401.441,2097
2026-07-20 16:15:00,401.43,401.5,401.33,401.33,1939
2026-07-20 16:16:00,401.33,401.4,401.33,401.3303,893
2026-07-20 16:17:00,401.3303,401.3303,401.27,401.29,999
2026-07-20 16:18:00,401.33,401.45,401.2,401.45,3757
2026-07-20 16:19:00,401.4897,401.4897,401.337,401.337,347
2026-07-20 16:20:00,401.39,401.6042,401.39,401.4588,1098
2026-07-20 16:21:00,401.32,402.5,401.32,401.51,3607
2026-07-20 16:22:00,401.67,401.67,401.5,401.6,394
2026-07-20 16:23:00,401.5,401.5,401.07,401.29,1317
2026-07-20 16:24:00,401.2,401.2,401.18,401.2,594
2026-07-20 16:25:00,401.1669,401.25,401.16,401.16,330
2026-07-20 16:26:00,401.15,401.15,400.86,400.86,1571
2026-07-20 16:27:00,400.65,400.8389,400.22,400.63,4648
2026-07-20 16:28:00,400.64,400.64,400.6,400.6,491
2026-07-20 16:29:00,400.71,400.88,400.71,400.88,305
2026-07-20 16:30:00,400.93,400.93,400.93,400.93,63
2026-07-20 16:31:00,400.99,401.06,400.77,400.77,1853
2026-07-20 16:32:00,400.8829,400.8829,400.71,400.71,1219
2026-07-20 16:33:00,400.22,400.91,400.22,400.5425,3597
2026-07-20 16:34:00,400.53,400.72,400.53,400.7,564
2026-07-20 16:35:00,400.88,400.88,400.5709,400.5709,955
2026-07-20 16:36:00,400.88,400.88,400.776,400.776,240
2026-07-20 16:37:00,400.8599,400.8599,400.767,400.767,180
2026-07-20 16:38:00,400.8119,400.98,400.8119,400.98,323
2026-07-20 16:39:00,400.97,401,400.7,400.7,460
2026-07-20 16:40:00,400.85,400.89,400.85,400.89,476
2026-07-20 16:41:00,400.8,400.8,400.8,400.8,60
2026-07-20 16:42:00,400.79,402.29,400.73,400.73,484
2026-07-20 16:43:00,400.59,400.59,400.53,400.55,630
2026-07-20 16:44:00,400.42,400.4999,400.42,400.4999,1042
2026-07-20 16:45:00,400.4999,400.4999,400.4999,400.4999,1000
2026-07-20 16:47:00,400.662,400.662,400.662,400.662,100
2026-07-20 16:48:00,400.6017,400.7095,400.6017,400.7095,178
2026-07-20 16:49:00,400.7,400.71,400.55,400.55,1836
2026-07-20 16:50:00,400.6,400.6,400.6,400.6,60
2026-07-20 16:51:00,400.6,400.6,400.6,400.6,120
2026-07-20 16:52:00,400.4788,400.4788,400.4788,400.4788,100
2026-07-20 16:54:00,400.51,400.55,400.51,400.55,199
2026-07-20 16:55:00,400.56,400.6,400.55,400.6,178
2026-07-20 16:56:00,400.51,400.51,400.46,400.46,148
2026-07-20 16:57:00,400.45,400.45,400.4,400.41,245
2026-07-20 16:58:00,400.4,400.42,400.4,400.42,205
2026-07-20 16:59:00,400.42,400.42,400.42,400.42,150
2026-07-20 17:00:00,400.49,400.49,400.49,400.49,80
2026-07-20 17:01:00,400.4999,400.4999,400.4999,400.4999,100
2026-07-20 17:02:00,400.4,400.4,400.34,400.34,174
2026-07-20 17:03:00,400.36,400.36,400.3,400.3,1161
2026-07-20 17:04:00,400.2513,400.38,400.23,400.38,346
2026-07-20 17:05:00,400.4,400.4,400.4,400.4,40
2026-07-20 17:07:00,400.5869,400.5869,400.5869,400.5869,100
2026-07-20 17:08:00,400.42,400.5,400.42,400.5,390
2026-07-20 17:10:00,400.56,400.5819,400.54,400.5819,333
2026-07-20 17:12:00,400.58,400.58,400.58,400.58,82
2026-07-20 17:13:00,400.51,400.51,400.51,400.51,40
2026-07-20 17:14:00,400.5,400.5,400.5,400.5,74
2026-07-20 17:15:00,400.5838,400.5838,400.53,400.53,199
2026-07-20 17:17:00,400.505,400.505,400.5,400.5,178
2026-07-20 17:18:00,400.5,400.53,400.5,400.53,213
2026-07-20 17:19:00,400.54,400.6,400.5091,400.6,962
2026-07-20 17:20:00,400.6,400.6,400.5921,400.5921,1777
2026-07-20 17:21:00,400.6,400.6,400.5969,400.6,951
2026-07-20 17:22:00,400.6,400.71,400.6,400.71,2922
2026-07-20 17:23:00,400.97,401,400.61,401,2496
2026-07-20 17:24:00,400.61,400.77,400.61,400.75,292
2026-07-20 17:25:00,401,401,401,401,500
2026-07-20 17:26:00,400.85,400.93,400.85,400.93,150
2026-07-20 17:29:00,400.89,400.89,400.89,400.89,50
2026-07-20 17:31:00,400.9,400.9,400.9,400.9,300
2026-07-20 17:32:00,401,401,401,401,100
2026-07-20 17:33:00,401.12,401.12,401.12,401.12,150
2026-07-20 17:35:00,401.0574,401.0574,401.0574,401.0574,100
2026-07-20 17:36:00,401.38,401.45,401.23,401.34,530
2026-07-20 17:38:00,401.3,401.3,401.3,401.3,2000
2026-07-20 17:39:00,401.3,401.3,401.3,401.3,100
2026-07-20 17:40:00,401.11,401.12,401.1,401.1,168
2026-07-20 17:42:00,401.2,401.2,401.2,401.2,50
2026-07-20 17:43:00,401.29,401.49,401.29,401.49,2019
2026-07-20 17:44:00,401.49,401.5,401.49,401.5,462
2026-07-20 17:45:00,401.4,401.4,401.2,401.3,212
2026-07-20 17:46:00,401.12,401.31,401.12,401.31,402
2026-07-20 17:47:00,401.22,401.22,401.2,401.2,488
2026-07-20 17:48:00,401.3904,401.3904,401.3904,401.3904,50
2026-07-20 17:49:00,401.35,401.5,401.1789,401.1789,352
2026-07-20 17:50:00,401.4707,401.5,401.4707,401.5,150
2026-07-20 17:51:00,401.5,401.5,401.12,401.12,293
2026-07-20 17:53:00,401.1908,401.1908,401.1908,401.1908,77
2026-07-20 17:54:00,401.25,401.25,401.25,401.25,350
2026-07-20 17:55:00,401.24,401.24,401.24,401.24,50
2026-07-20 17:56:00,401.3,401.3,401.12,401.12,285
2026-07-20 17:57:00,401.12,401.12,401.12,401.12,100
2026-07-20 17:58:00,401.12,401.31,401.12,401.31,331
2026-07-20 18:00:00,401.15,401.19,401.01,401.01,318
2026-07-20 18:02:00,401,401,400.77,400.77,660
2026-07-20 18:03:00,400.5,400.5301,400.5,400.5301,800
2026-07-20 18:04:00,400.66,400.66,400.51,400.53,365
2026-07-20 18:05:00,400.5,400.5,400.42,400.42,1371
2026-07-20 18:06:00,400.38,400.4,400.25,400.28,375
2026-07-20 18:07:00,400.2365,400.2365,400.2365,400.2365,200
2026-07-20 18:08:00,400.45,400.45,400.22,400.22,90
2026-07-20 18:10:00,400.36,400.36,400.34,400.34,356
2026-07-20 18:11:00,400.35,400.49,400.25,400.25,312
2026-07-20 18:12:00,400.39,400.5,400.39,400.5,605
2026-07-20 18:13:00,400.5,400.5,400.5,400.5,65
2026-07-20 18:14:00,400.22,400.42,400.22,400.2875,280
2026-07-20 18:15:00,400.3436,400.36,400.2564,400.36,391
2026-07-20 18:16:00,400.25,400.25,400.22,400.22,102
2026-07-20 18:17:00,400.23,400.2839,400.23,400.2839,607
2026-07-20 18:18:00,400.41,400.41,400.25,400.25,342
2026-07-20 18:19:00,400.22,400.4461,400.22,400.4461,460
2026-07-20 18:20:00,400.45,400.45,400.45,400.45,100
2026-07-20 18:22:00,400.49,400.49,400.4493,400.49,220
2026-07-20 18:23:00,400.44,400.44,400.23,400.23,471
2026-07-20 18:24:00,400.23,400.5,400.23,400.47,1180
2026-07-20 18:25:00,400.23,400.23,400.23,400.23,71
2026-07-20 18:27:00,400.29,400.29,400.2,400.2,324
2026-07-20 18:28:00,400.204,400.25,400.204,400.25,292
2026-07-20 18:29:00,400.32,400.32,400.32,400.32,50
2026-07-20 18:30:00,400.35,400.35,400.35,400.35,74
2026-07-20 18:32:00,400.31,400.31,400.31,400.31,74
2026-07-20 18:33:00,400.31,400.39,400.31,400.39,132
2026-07-20 18:34:00,400.24,400.24,400.18,400.18,687
2026-07-20 18:35:00,400.18,400.18,400.18,400.18,215
2026-07-20 18:36:00,400.18,400.2,400.01,400.2,1047
2026-07-20 18:38:00,400.01,400.01,400.01,400.01,500
2026-07-20 18:39:00,400.18,400.18,400.18,400.18,40
2026-07-20 18:41:00,400.1091,400.17,400.1091,400.17,325
2026-07-20 18:42:00,400.07,400.07,399.5113,399.78,5801
2026-07-20 18:43:00,399.812,399.812,399.68,399.68,437
2026-07-20 18:44:00,399.6912,399.6912,399.6912,399.6912,100
2026-07-20 18:45:00,399.76,400,399.76,400,170
2026-07-20 18:46:00,399.7,399.7,399.51,399.68,1628
2026-07-20 18:48:00,399.69,399.99,399.69,399.8,1850
2026-07-20 18:49:00,399.7001,399.78,399.7001,399.78,780
2026-07-20 18:50:00,399.88,399.88,399.79,399.79,206
2026-07-20 18:52:00,399.9724,399.9724,399.9,399.969,378
2026-07-20 18:53:00,399.8294,400,399.8294,400,577
2026-07-20 18:55:00,399.91,399.98,399.91,399.98,175
2026-07-20 18:56:00,399.9,399.9,399.9,399.9,100
2026-07-20 18:57:00,399.968,399.968,399.968,399.968,80
2026-07-20 18:59:00,399.97,399.9801,399.9108,399.9801,336
2026-07-20 19:00:00,399.98,399.98,399.76,399.76,1492
2026-07-20 19:01:00,399.8,400,399.72,399.72,4485
2026-07-20 19:02:00,399.7343,399.7343,399.7343,399.7343,66
2026-07-20 19:04:00,399.99,399.99,399.99,399.99,50
2026-07-20 19:05:00,400,400,400,400,102
2026-07-20 19:06:00,400.1934,400.1934,400.1934,400.1934,200
2026-07-20 19:07:00,400.28,400.3,400,400,512
2026-07-20 19:08:00,400.37,400.37,400.2,400.2,1250
2026-07-20 19:09:00,400.023,400.39,400.023,400.39,236
2026-07-20 19:10:00,400.39,400.39,400.39,400.39,83
2026-07-20 19:11:00,400.47,400.48,400.47,400.48,123
2026-07-20 19:12:00,400.47,400.5,400.47,400.5,657
2026-07-20 19:13:00,400.4,400.4,400.4,400.4,163
2026-07-20 19:14:00,400.5,400.5,400.39,400.39,1020
2026-07-20 19:15:00,400.39,400.39,400.39,400.39,60
2026-07-20 19:16:00,400.5,400.5,400.5,400.5,831
2026-07-20 19:18:00,400.69,400.7,400.69,400.69,306
2026-07-20 19:19:00,400.7,400.98,400.7,400.98,700
2026-07-20 19:20:00,400.8,400.8,400.8,400.8,250
2026-07-20 19:21:00,400.97,401.2,400.97,401.2,899
2026-07-20 19:22:00,401.19,401.19,401.19,401.19,106
2026-07-20 19:23:00,401.0592,401.34,401.0592,401.34,196
2026-07-20 19:25:00,401.2592,401.2592,400.53,400.53,250
2026-07-20 19:26:00,401.0136,401.0136,401.0136,401.0136,41
2026-07-20 19:28:00,401.0232,401.0232,401.0232,401.0232,50
2026-07-20 19:29:00,401.18,401.22,401.07,401.22,226
2026-07-20 19:30:00,401.1465,401.1465,401.13,401.13,269
2026-07-20 19:32:00,401.18,401.18,401.18,401.18,53
2026-07-20 19:33:00,401.15,401.15,401.107,401.107,282
2026-07-20 19:35:00,401.1,401.1,401,401.02,256
2026-07-20 19:36:00,401.1151,401.13,401,401.07,956
2026-07-20 19:37:00,401.0248,401.0248,401.0248,401.0248,100
2026-07-20 19:38:00,401.1046,401.1046,401.1046,401.1046,475
2026-07-20 19:39:00,401.13,401.13,401.1,401.1,304
2026-07-20 19:40:00,401,401,400.7813,400.9,197
2026-07-20 19:41:00,401,401,400.55,400.55,90
2026-07-20 19:42:00,400.89,400.89,400.89,400.89,55
2026-07-20 19:43:00,401.13,401.18,401.13,401.16,285
2026-07-20 19:44:00,401,401,401,401,40
2026-07-20 19:45:00,401.03,401.03,401.03,401.03,61
2026-07-20 19:47:00,401.1,401.1,401.1,401.1,54
2026-07-20 19:48:00,401.15,401.15,401.15,401.15,53
2026-07-20 19:49:00,401.1521,401.1521,401,401,596
2026-07-20 19:50:00,401.17,401.18,401.0009,401.0009,299
2026-07-20 19:51:00,401.1583,401.1583,401.1583,401.1583,100
2026-07-20 19:52:00,401,401.11,401,401.02,443
2026-07-20 19:53:00,401,401.02,401,401.02,540
2026-07-20 19:54:00,401.02,401.02,400.85,400.85,331
2026-07-20 19:55:00,400.9,400.91,400.9,400.91,569
2026-07-20 19:56:00,400.94,401.03,400.94,401.03,332
2026-07-20 19:57:00,401.04,401.04,401.04,401.04,48
2026-07-20 19:58:00,401.15,401.15,401.15,401.15,96
2026-07-20 19:59:00,401.15,401.15,401.0232,401.0232,200
2026-07-21 04:00:00,400.0,401.7212,399.25,401.6,22612
2026-07-21 04:01:00,401.4,401.74,399.0,399.0,14339
2026-07-21 04:02:00,398.8,400.4,398.51,398.7,12012
2026-07-21 04:03:00,398.98,398.98,398.98,398.98,40
2026-07-21 04:04:00,398.81,398.81,398.57,398.68,209
2026-07-21 04:05:00,398.52,398.73,398.5,398.59,1405
2026-07-21 04:06:00,398.72,398.72,398.555,398.6,549
2026-07-21 04:07:00,398.55,398.61,398.39,398.39,774
2026-07-21 04:08:00,398.48,398.5,398.35,398.35,512
2026-07-21 04:09:00,398.35,398.35,398.15,398.24,1280
2026-07-21 04:10:00,398.27,398.55,398.25,398.45,875
2026-07-21 04:11:00,398.68,398.68,398.68,398.68,300
2026-07-21 04:12:00,398.67,398.78,398.67,398.78,777
2026-07-21 04:13:00,398.8,398.8,398.8,398.8,100
2026-07-21 04:14:00,398.94,398.96,398.94,398.96,348
2026-07-21 04:15:00,399.07,399.28,398.81,398.81,1509
2026-07-21 04:16:00,398.98,398.99,398.98,398.99,117
2026-07-21 04:17:00,399.06,399.06,399.0,399.0,335
2026-07-21 04:18:00,399.02,399.1,399.02,399.09,388
2026-07-21 04:19:00,399.0,399.0373,398.97,399.0373,699
2026-07-21 04:20:00,399.0,399.04,399.0,399.04,333
2026-07-21 04:21:00,399.19,399.19,399.12,399.12,146
2026-07-21 04:22:00,399.12,399.2,399.0,399.0,167
2026-07-21 04:23:00,399.0,399.0,399.0,399.0,120
2026-07-21 04:24:00,399.17,399.2,399.02,399.02,365
2026-07-21 04:25:00,399.0,399.01,399.0,399.01,146
2026-07-21 04:26:00,398.93,398.93,398.9,398.9,320
2026-07-21 04:27:00,398.9,398.9,398.9,398.9,70
2026-07-21 04:28:00,398.78,398.78,398.78,398.78,82
2026-07-21 04:29:00,398.89,398.89,398.66,398.66,605
2026-07-21 04:30:00,398.55,398.7979,398.55,398.78,259
2026-07-21 04:31:00,398.7,398.7,398.7,398.7,100
2026-07-21 04:32:00,398.74,398.74,398.6,398.73,404
2026-07-21 04:33:00,398.68,398.68,398.68,398.68,58
2026-07-21 04:34:00,398.62,398.62,398.62,398.62,100
2026-07-21 04:35:00,398.6,398.8,398.6,398.8,533
2026-07-21 04:37:00,398.7978,398.8225,398.6987,398.6987,850
2026-07-21 04:38:00,398.61,398.61,398.61,398.61,61
2026-07-21 04:39:00,398.57,398.848,398.57,398.795,1082
2026-07-21 04:40:00,398.78,398.78,398.78,398.78,80
2026-07-21 04:41:00,398.89,399.0,398.89,399.0,214
2026-07-21 04:43:00,399.31,399.31,399.31,399.31,100
2026-07-21 04:44:00,399.23,399.23,399.21,399.21,100
2026-07-21 04:45:00,399.33,399.33,399.26,399.26,120
2026-07-21 04:46:00,399.5,399.5,399.14,399.14,211
2026-07-21 04:47:00,399.3644,399.3644,398.89,398.89,100
2026-07-21 04:48:00,399.3,399.3,399.3,399.3,286
2026-07-21 04:49:00,399.23,399.46,399.23,399.46,667
2026-07-21 04:50:00,399.49,399.49,399.4,399.4,303
2026-07-21 04:52:00,399.465,399.465,399.41,399.41,145
2026-07-21 04:54:00,399.4,399.4,399.4,399.4,80
2026-07-21 04:55:00,399.26,399.26,399.26,399.26,72
2026-07-21 04:56:00,399.25,399.36,399.24,399.36,530
2026-07-21 04:57:00,399.25,399.39,399.25,399.3868,840
2026-07-21 04:58:00,399.38,399.46,399.38,399.45,522
2026-07-21 05:00:00,399.48,399.48,399.48,399.48,96
2026-07-21 05:01:00,399.63,399.63,399.62,399.62,124
2026-07-21 05:02:00,399.6,399.7,399.6,399.7,1275
2026-07-21 05:03:00,399.36,399.7,399.36,399.7,713
2026-07-21 05:04:00,399.68,399.7,399.68,399.7,876
2026-07-21 05:05:00,399.52,399.52,399.51,399.51,280
2026-07-21 05:08:00,399.38,399.4,399.38,399.4,172
2026-07-21 05:09:00,399.12,399.12,399.12,399.12,76
2026-07-21 05:12:00,399.32,399.32,399.32,399.32,94
2026-07-21 05:13:00,399.01,399.01,399.0,399.0,535
2026-07-21 05:14:00,398.89,398.89,398.89,398.89,100
2026-07-21 05:15:00,399.0,399.09,399.0,399.09,269
2026-07-21 05:16:00,399.11,399.11,398.89,398.89,1718
2026-07-21 05:17:00,398.981,398.981,398.7,398.89,173
2026-07-21 05:18:00,398.89,398.89,398.89,398.89,496
2026-07-21 05:19:00,398.89,398.89,398.89,398.89,66
2026-07-21 05:20:00,398.84,398.94,398.84,398.94,201
2026-07-21 05:21:00,398.89,399.0,398.89,398.89,1597
2026-07-21 05:22:00,398.98,399.0,398.98,399.0,182
2026-07-21 05:23:00,399.11,399.11,399.11,399.11,100
2026-07-21 05:25:00,399.21,399.25,399.21,399.25,241
2026-07-21 05:26:00,399.4,399.4,399.4,399.4,48
2026-07-21 05:27:00,399.43,399.43,399.43,399.43,48
2026-07-21 05:28:00,399.3,399.43,399.3,399.43,94
2026-07-21 05:29:00,399.42,399.5,399.42,399.5,276
2026-07-21 05:30:00,399.45,399.49,399.41,399.49,276
2026-07-21 05:31:00,399.39,399.44,399.39,399.44,250
2026-07-21 05:32:00,399.6,399.6,399.6,399.6,140
2026-07-21 05:33:00,399.6902,399.6902,399.63,399.63,200
2026-07-21 05:34:00,399.53,399.6,399.53,399.6,379
2026-07-21 05:37:00,399.5,399.5,399.5,399.5,188
2026-07-21 05:39:00,399.32,399.32,399.32,399.32,60
2026-07-21 05:40:00,399.3,399.38,399.3,399.38,115
2026-07-21 05:41:00,399.1,399.1,399.1,399.1,134
2026-07-21 05:45:00,399.02,399.02,399.0,399.0,140
2026-07-21 05:48:00,399.38,399.38,399.38,399.38,150
2026-07-21 05:50:00,399.01,399.01,399.01,399.01,40
2026-07-21 05:54:00,399.27,399.5741,399.27,399.5741,352
2026-07-21 05:55:00,399.21,399.21,399.05,399.05,391
2026-07-21 05:56:00,399.09,399.12,399.09,399.12,267
2026-07-21 05:57:00,399.09,399.09,399.09,399.09,100
2026-07-21 05:58:00,399.11,399.12,399.11,399.12,111
2026-07-21 06:00:00,399.18,399.2,399.17,399.19,467
2026-07-21 06:02:00,399.13,399.13,399.13,399.13,53
2026-07-21 06:03:00,399.19,399.19,399.19,399.19,47
2026-07-21 06:04:00,399.4943,399.4943,399.4943,399.4943,50
2026-07-21 06:07:00,399.28,399.5538,399.1189,399.1189,316
2026-07-21 06:08:00,399.3,399.3,399.28,399.3,270
2026-07-21 06:10:00,399.5,399.7,399.5,399.7,265
2026-07-21 06:13:00,399.59,399.6,399.59,399.6,194
2026-07-21 06:14:00,399.6,399.6,399.59,399.59,180
2026-07-21 06:15:00,399.41,399.41,399.4,399.4,130
2026-07-21 06:16:00,399.39,399.39,399.39,399.39,100
2026-07-21 06:17:00,399.2,399.2,399.2,399.2,80
2026-07-21 06:19:00,399.22,399.49,399.09,399.49,752
2026-07-21 06:20:00,399.49,399.49,399.48,399.48,200
2026-07-21 06:21:00,399.22,399.22,399.19,399.19,244
2026-07-21 06:22:00,399.33,399.33,399.12,399.12,199
2026-07-21 06:23:00,399.4,399.4,399.11,399.39,242
2026-07-21 06:24:00,399.14,399.14,398.7,398.7,753
2026-07-21 06:25:00,398.7917,398.7917,398.7,398.7,515
2026-07-21 06:26:00,398.7,398.7,398.46,398.46,3759
2026-07-21 06:27:00,398.37,398.96,398.37,398.96,2896
2026-07-21 06:28:00,398.41,398.7395,398.21,398.4,1093
2026-07-21 06:29:00,398.18,398.3,398.13,398.3,230
2026-07-21 06:30:00,398.3,398.3,398.3,398.3,182
2026-07-21 06:31:00,398.39,398.5,398.39,398.5,271
2026-07-21 06:32:00,398.64,398.64,398.64,398.64,60
2026-07-21 06:33:00,398.78,398.87,398.78,398.87,200
2026-07-21 06:35:00,398.82,398.88,398.82,398.88,260
2026-07-21 06:36:00,398.99,399.07,398.99,399.07,153
2026-07-21 06:38:00,399.115,399.115,399.115,399.115,100
2026-07-21 06:39:00,399.13,399.13,398.92,398.92,617
2026-07-21 06:40:00,398.91,398.91,398.8301,398.8301,342
2026-07-21 06:41:00,399.1,399.1,399.1,399.1,169
2026-07-21 06:43:00,398.88,398.88,398.88,398.88,277
2026-07-21 06:44:00,399.15,399.19,399.12,399.12,275
2026-07-21 06:45:00,399.22,399.23,399.22,399.23,90
2026-07-21 06:46:00,399.17,399.17,399.17,399.17,95
2026-07-21 06:47:00,399.23,399.48,399.0,399.48,1377
2026-07-21 06:48:00,399.28,399.49,399.28,399.49,200
2026-07-21 06:49:00,399.4,399.49,399.4,399.45,664
2026-07-21 06:50:00,399.45,399.79,399.45,399.58,2152
2026-07-21 06:51:00,399.42,399.42,399.2,399.27,1735
2026-07-21 06:52:00,399.24,399.24,399.24,399.24,80
2026-07-21 06:53:00,399.31,399.31,399.25,399.25,100
2026-07-21 06:54:00,399.4,399.84,399.4,399.83,1858
2026-07-21 06:55:00,399.54,399.54,399.49,399.49,780
2026-07-21 06:56:00,399.34,399.34,399.21,399.21,696
2026-07-21 06:57:00,399.21,399.31,399.2,399.31,1924
2026-07-21 06:58:00,399.11,399.4533,398.9681,399.3,938
2026-07-21 06:59:00,399.04,399.04,399.04,399.04,83
2026-07-21 07:00:00,399.3886,399.3886,398.7036,398.7096,1420
2026-07-21 07:01:00,399.0531,399.0531,398.85,398.85,440
2026-07-21 07:02:00,398.8,398.9613,398.5,398.5232,1349
2026-07-21 07:03:00,398.5,398.59,398.4,398.5,2625
2026-07-21 07:04:00,398.64,398.65,398.2958,398.5609,4082
2026-07-21 07:05:00,398.52,398.6,398.52,398.6,1233
2026-07-21 07:06:00,398.6,398.94,398.52,398.52,1116
2026-07-21 07:07:00,398.5,398.61,398.47,398.61,1126
2026-07-21 07:08:00,398.61,398.71,398.43,398.43,756
2026-07-21 07:09:00,398.39,398.538,398.33,398.538,1260
2026-07-21 07:10:00,398.59,398.59,398.3703,398.46,348
2026-07-21 07:11:00,398.36,398.54,398.36,398.45,359
2026-07-21 07:12:00,398.48,398.48,398.48,398.48,464
2026-07-21 07:13:00,398.26,398.55,398.26,398.3111,882
2026-07-21 07:14:00,398.5849,398.5849,398.43,398.44,378
2026-07-21 07:15:00,398.4,398.43,398.4,398.43,750
2026-07-21 07:16:00,398.35,398.37,398.26,398.26,523
2026-07-21 07:17:00,398.2,398.24,397.09,397.2191,11740
2026-07-21 07:18:00,397.26,397.82,397.25,397.7847,1197
2026-07-21 07:19:00,397.5,397.7757,397.5,397.7757,640
2026-07-21 07:20:00,397.3476,397.7634,397.3476,397.7634,358
2026-07-21 07:21:00,397.474,397.7916,397.474,397.56,410
2026-07-21 07:22:00,397.69,397.8,397.54,397.7958,1586
2026-07-21 07:23:00,397.7,397.7,397.621,397.67,547
2026-07-21 07:24:00,397.55,397.79,397.55,397.55,7089
2026-07-21 07:25:00,397.7532,397.7899,397.52,397.7899,4473
2026-07-21 07:26:00,397.7734,397.78,397.55,397.55,1661
2026-07-21 07:27:00,397.79,397.79,397.56,397.79,300
2026-07-21 07:28:00,397.61,397.7579,397.55,397.69,724
2026-07-21 07:29:00,397.5,397.7146,397.5,397.52,370
2026-07-21 07:30:00,397.41,397.7,397.32,397.36,1549
2026-07-21 07:31:00,397.43,397.5,397.37,397.5,300
2026-07-21 07:32:00,397.5,397.78,397.5,397.78,95
2026-07-21 07:33:00,397.5449,397.7899,397.5,397.5,298
2026-07-21 07:34:00,397.63,397.7183,397.5387,397.55,318
2026-07-21 07:35:00,397.6978,397.8,397.635,397.8,1932
2026-07-21 07:36:00,397.8484,397.85,397.69,397.8035,886
2026-07-21 07:37:00,397.85,397.85,397.55,397.8,1500
2026-07-21 07:38:00,397.85,397.85,397.84,397.85,1494
2026-07-21 07:39:00,398.01,398.4,397.99,398.4,1015
2026-07-21 07:40:00,398.43,398.43,398.25,398.29,205
2026-07-21 07:41:00,398.15,398.44,398.0,398.34,1976
2026-07-21 07:42:00,397.93,397.93,397.92,397.92,200
2026-07-21 07:43:00,397.83,397.9318,397.83,397.88,700
2026-07-21 07:44:00,397.8095,397.85,397.7632,397.7632,1580
2026-07-21 07:45:00,397.71,397.79,397.6,397.62,553
2026-07-21 07:46:00,397.62,397.74,397.62,397.74,257
2026-07-21 07:47:00,397.77,397.7988,397.62,397.62,1030
2026-07-21 07:48:00,397.7,397.8,397.6938,397.8,1802
2026-07-21 07:49:00,397.79,398.1,397.79,398.0,4295
2026-07-21 07:50:00,398.2358,398.2358,398.2358,398.2358,50
2026-07-21 07:51:00,397.9,398.01,397.8,398.01,2481
2026-07-21 07:52:00,397.92,398.4908,397.9077,398.22,1319
2026-07-21 07:53:00,397.91,397.92,397.91,397.92,130
2026-07-21 07:54:00,398.0,398.0,397.9,397.95,985
2026-07-21 07:55:00,397.96,397.96,397.9514,397.9514,144
2026-07-21 07:56:00,398.23,398.3,398.2,398.3,338
2026-07-21 07:57:00,398.14,398.24,398.11,398.1948,315
2026-07-21 07:58:00,398.17,398.1955,397.9,398.1,1621
2026-07-21 07:59:00,398.1,398.34,398.05,398.34,1132
2026-07-21 08:00:00,398.3363,398.4303,398.06,398.06,370
2026-07-21 08:01:00,398.07,398.275,398.0167,398.0681,1377
2026-07-21 08:02:00,398.11,398.26,398.05,398.26,280
2026-07-21 08:03:00,398.315,398.4402,398.315,398.35,609
2026-07-21 08:04:00,398.4467,398.4476,398.327,398.4213,524
2026-07-21 08:05:00,398.35,398.35,398.3,398.3,1080
2026-07-21 08:06:00,398.1359,398.3,398.05,398.21,647
2026-07-21 08:07:00,398.2275,398.4,398.2275,398.28,204
2026-07-21 08:08:00,398.4,398.4,398.1,398.11,1468
2026-07-21 08:09:00,398.11,398.4,398.01,398.4,1648
2026-07-21 08:10:00,398.1,398.32,398.1,398.1,1102
2026-07-21 08:11:00,398.07,398.11,397.63,398.11,4627
2026-07-21 08:12:00,397.7,397.85,397.7,397.85,600
2026-07-21 08:13:00,397.85,397.85,397.7,397.7,188
2026-07-21 08:14:00,398.1052,398.1225,397.98,398.1225,449
2026-07-21 08:15:00,398.1,398.1935,397.6,397.6,1260
2026-07-21 08:17:00,397.92,397.92,397.76,397.76,131
2026-07-21 08:18:00,397.9675,397.9675,397.9675,397.9675,40
2026-07-21 08:19:00,397.975,398.1,397.85,398.1,711
2026-07-21 08:20:00,397.94,397.94,397.94,397.94,50
2026-07-21 08:21:00,397.953,398.0,397.953,397.953,150
2026-07-21 08:22:00,397.953,398.0,397.953,397.99,1082
2026-07-21 08:23:00,397.9048,398.0,397.9,398.0,276
2026-07-21 08:24:00,398.1,398.2,398.0,398.01,548
2026-07-21 08:25:00,397.91,397.91,397.91,397.91,59
2026-07-21 08:26:00,397.92,397.99,397.92,397.99,677
2026-07-21 08:27:00,397.91,397.92,397.77,397.77,887
2026-07-21 08:28:00,397.85,397.9725,397.85,397.9725,184
2026-07-21 08:29:00,397.7781,397.81,397.75,397.75,270
2026-07-21 08:30:00,397.89,398.16,397.89,398.0,601
2026-07-21 08:31:00,398.1,398.15,398.0,398.0,2778
2026-07-21 08:32:00,397.98,398.1043,397.84,398.1043,1973
2026-07-21 08:33:00,398.03,398.25,397.99,398.25,3421
2026-07-21 08:34:00,398.13,398.23,398.13,398.23,270
2026-07-21 08:35:00,398.22,398.23,398.11,398.16,434
2026-07-21 08:36:00,398.18,398.2113,397.85,398.05,2304
2026-07-21 08:37:00,398.19,398.25,398.12,398.2113,2325
2026-07-21 08:38:00,398.1,398.25,398.1,398.2172,955
2026-07-21 08:39:00,398.18,398.18,397.9182,397.9182,450
2026-07-21 08:40:00,397.9,397.9,397.8,397.8,359
2026-07-21 08:41:00,397.84,397.9,397.8,397.8,267
2026-07-21 08:42:00,398.04,398.17,397.88,398.17,1288
2026-07-21 08:43:00,398.1741,398.1741,398.1741,398.1741,100
2026-07-21 08:44:00,397.7645,398.17,397.7645,398.0,1209
2026-07-21 08:45:00,398.0,398.25,398.0,398.21,1588
2026-07-21 08:46:00,398.0299,398.15,398.0299,398.1,803
2026-07-21 08:47:00,398.07,398.24,398.03,398.24,147
2026-07-21 08:48:00,398.24,398.25,398.02,398.21,953
2026-07-21 08:49:00,398.28,398.28,398.16,398.16,134
2026-07-21 08:50:00,398.2,398.44,398.2,398.28,843
2026-07-21 08:51:00,398.3,398.35,398.28,398.3,2007
2026-07-21 08:52:00,398.25,398.4712,398.21,398.25,483
2026-07-21 08:53:00,398.25,398.25,398.25,398.25,46
2026-07-21 08:54:00,398.42,398.48,398.4,398.48,477
2026-07-21 08:55:00,398.48,398.48,398.31,398.31,226
2026-07-21 08:56:00,398.24,398.48,398.2155,398.48,729
2026-07-21 08:57:00,398.4,398.4,398.2744,398.2744,125
2026-07-21 08:58:00,398.3,398.3,398.25,398.25,695
2026-07-21 08:59:00,398.4603,398.4715,398.35,398.4715,1057
2026-07-21 09:00:00,398.36,398.48,398.25,398.25,2453
2026-07-21 09:01:00,398.33,398.35,398.22,398.35,931
2026-07-21 09:02:00,398.32,398.32,398.26,398.26,140
2026-07-21 09:03:00,398.44,398.5,398.44,398.45,8303
2026-07-21 09:04:00,398.45,398.5,398.32,398.42,806
2026-07-21 09:05:00,398.3,398.5,398.3,398.31,766
2026-07-21 09:06:00,398.49,398.71,398.49,398.66,3368
2026-07-21 09:07:00,398.59,398.9175,398.58,398.78,2001
2026-07-21 09:08:00,398.92,399.0,398.74,398.97,2056
2026-07-21 09:09:00,398.97,399.0,398.802,399.0,5114
2026-07-21 09:10:00,398.8,399.023,398.8,399.023,2556
2026-07-21 09:11:00,399.0,399.0,398.81,398.85,514
2026-07-21 09:12:00,399.169,399.2,398.9024,398.9024,1520
2026-07-21 09:13:00,399.0,399.0,398.8,398.8,1236
2026-07-21 09:14:00,399.0,399.1954,399.0,399.1706,729
2026-07-21 09:15:00,399.05,399.33,399.05,399.3118,1995
2026-07-21 09:16:00,399.2874,399.2874,399.0,399.0,1329
2026-07-21 09:17:00,399.2541,399.2541,398.87,399.1811,604
2026-07-21 09:18:00,399.1675,399.1675,399.0,399.0,765
2026-07-21 09:19:00,398.86,399.0,398.86,399.0,191
2026-07-21 09:20:00,398.86,398.86,398.71,398.71,485
2026-07-21 09:21:00,399.0,399.02,398.7,399.0,6661
2026-07-21 09:22:00,399.01,399.169,399.0,399.169,1174
2026-07-21 09:23:00,399.0,399.07,399.0,399.07,90
2026-07-21 09:24:00,399.09,399.2,399.07,399.17,1351
2026-07-21 09:25:00,399.04,399.2806,399.0,399.0,3670
2026-07-21 09:26:00,399.0,399.09,398.97,399.0001,1753
2026-07-21 09:27:00,399.0,399.0,398.21,398.21,5445
2026-07-21 09:28:00,398.3,398.34,398.01,398.19,4680
2026-07-21 09:29:00,398.17,398.9616,398.0,398.9616,4329
2026-07-21 09:30:00,398.96,399.7,397.25,397.25,518186
2026-07-21 09:31:00,397.35,397.48,396.32,397.3175,130498
2026-07-21 09:32:00,397.28,398.46,397.16,398.385,133435
2026-07-21 09:33:00,398.39,399.05,398.15,398.285,75718
2026-07-21 09:34:00,398.25,399.46,397.95,399.46,67970
2026-07-21 09:35:00,399.46,399.87,399.16,399.62,139944
2026-07-21 09:36:00,399.58,400.72,398.52,399.95,185752
2026-07-21 09:37:00,399.95,401.47,399.575,401.38,109318
2026-07-21 09:38:00,401.375,401.46,399.61,399.73,122953
2026-07-21 09:39:00,399.7724,400.2442,399.13,400.06,135936
2026-07-21 09:40:00,399.9849,400.11,398.95,399.215,91928
2026-07-21 09:41:00,399.215,399.4,398.55,398.91,93387
2026-07-21 09:42:00,398.91,400.39,398.91,400.28,93434
2026-07-21 09:43:00,400.19,400.45,399.675,399.95,52553
2026-07-21 09:44:00,399.95,400.125,399.63,399.925,49957
2026-07-21 09:45:00,399.91,400.42,399.4,399.8625,94002
2026-07-21 09:46:00,399.89,400.27,399.63,399.6815,56375
2026-07-21 09:47:00,399.725,399.725,398.84,399.03,65640
2026-07-21 09:48:00,399.0,399.52,398.7301,399.15,55101
2026-07-21 09:49:00,399.13,399.58,399.0,399.25,57733
2026-07-21 09:50:00,399.25,399.65,398.87,399.39,53234
2026-07-21 09:51:00,399.47,399.9,399.3,399.805,44091
2026-07-21 09:52:00,399.78,399.84,399.2,399.635,50845
2026-07-21 09:53:00,399.55,399.92,399.44,399.55,52041
2026-07-21 09:54:00,399.63,400.38,399.46,399.985,50166
2026-07-21 09:55:00,400.025,400.45,399.84,400.39,34317
2026-07-21 09:56:00,400.41,400.5,400.05,400.05,47585
2026-07-21 09:57:00,400.04,400.084,399.61,399.725,54661
2026-07-21 09:58:00,399.69,400.41,399.63,400.08,49545
2026-07-21 09:59:00,400.11,400.19,399.69,400.005,66157
2026-07-21 10:00:00,399.93,400.09,399.55,399.95,52850
2026-07-21 10:01:00,399.91,400.34,399.67,400.31,64873
2026-07-21 10:02:00,400.34,400.8,399.85,400.0938,101493
2026-07-21 10:03:00,400.035,400.0982,399.2405,399.26,78964
2026-07-21 10:04:00,399.33,399.47,398.88,399.245,68974
2026-07-21 10:05:00,399.255,399.48,398.97,399.235,62900
2026-07-21 10:06:00,399.1223,399.72,399.09,399.5301,42086
2026-07-21 10:07:00,399.65,400.11,399.33,399.655,50860
2026-07-21 10:08:00,399.655,400.08,399.5,399.945,27592
2026-07-21 10:09:00,399.9,400.37,399.75,400.2701,31868
2026-07-21 10:10:00,400.201,400.41,399.93,400.2476,59613
2026-07-21 10:11:00,400.25,400.76,399.95,400.065,55325
2026-07-21 10:12:00,400.065,400.065,399.6701,399.85,35292
2026-07-21 10:13:00,399.845,400.12,399.6101,400.12,36070
2026-07-21 10:14:00,400.12,400.5,399.845,400.03,40315
2026-07-21 10:15:00,400.0,400.0,398.675,398.78,56016
2026-07-21 10:16:00,398.7801,398.8399,398.2609,398.465,46028
2026-07-21 10:17:00,398.48,399.36,398.48,399.3102,156315
2026-07-21 10:18:00,399.34,399.88,399.23,399.77,36873
2026-07-21 10:19:00,399.74,400.25,399.67,400.07,56130
2026-07-21 10:20:00,400.16,400.34,399.93,400.0,46220
2026-07-21 10:21:00,400.06,400.13,399.52,399.585,24343
2026-07-21 10:22:00,399.58,400.0,399.5,399.875,20767
2026-07-21 10:23:00,399.86,400.2,399.6601,400.155,38252
2026-07-21 10:24:00,400.155,400.155,399.85,399.95,29927
2026-07-21 10:25:00,399.95,400.42,399.94,400.17,35347
2026-07-21 10:26:00,400.16,400.38,400.14,400.32,16712
2026-07-21 10:27:00,400.32,401.13,400.285,401.07,45058
2026-07-21 10:28:00,401.075,401.37,400.78,400.87,40829
2026-07-21 10:29:00,400.87,401.19,400.83,401.055,29327
2026-07-21 10:30:00,401.03,401.1099,400.7475,400.83,27800
2026-07-21 10:31:00,400.9084,401.25,400.88,401.0,42375
2026-07-21 10:32:00,401.07,401.32,400.791,400.986,25822
2026-07-21 10:33:00,400.925,401.07,400.3768,400.61,37173
2026-07-21 10:34:00,400.64,400.74,400.3,400.5099,44432
2026-07-21 10:35:00,400.47,400.5,399.99,400.22,43658
2026-07-21 10:36:00,400.255,400.55,400.21,400.485,25508
2026-07-21 10:37:00,400.465,400.77,400.465,400.71,22167
2026-07-21 10:38:00,400.6701,400.76,400.213,400.26,19824
2026-07-21 10:39:00,400.28,400.64,400.21,400.6,23211
2026-07-21 10:40:00,400.56,400.56,400.2501,400.47,42918
2026-07-21 10:41:00,400.46,400.48,400.055,400.075,30103
2026-07-21 10:42:00,400.0901,400.12,399.68,399.715,48957
2026-07-21 10:43:00,399.7499,400.16,399.7101,400.08,38733
2026-07-21 10:44:00,400.08,400.22,400.0301,400.1195,24241
2026-07-21 10:45:00,400.1175,400.3,400.06,400.22,34289
2026-07-21 10:46:00,400.24,400.65,400.12,400.55,22226
2026-07-21 10:47:00,400.5597,400.78,400.43,400.58,22824
2026-07-21 10:48:00,400.63,400.92,400.46,400.525,47760
2026-07-21 10:49:00,400.525,400.74,400.485,400.665,17396
2026-07-21 10:50:00,400.6201,400.76,400.49,400.71,28152
2026-07-21 10:51:00,400.71,400.93,400.54,400.86,19620
2026-07-21 10:52:00,400.875,400.9,400.7,400.805,24346
2026-07-21 10:53:00,400.87,400.87,400.39,400.525,36079
2026-07-21 10:54:00,400.525,400.68,400.14,400.3303,28702
2026-07-21 10:55:00,400.3318,400.3884,399.9,400.1085,45932
2026-07-21 10:56:00,400.1041,400.16,399.91,399.975,29984
2026-07-21 10:57:00,399.9286,399.98,399.51,399.535,34796
2026-07-21 10:58:00,399.54,399.67,399.2604,399.48,40328
2026-07-21 10:59:00,399.48,399.5301,399.26,399.3325,28214
2026-07-21 11:00:00,399.35,399.36,398.36,398.38,99776
2026-07-21 11:01:00,398.425,398.98,398.2,398.98,77561
2026-07-21 11:02:00,399.0,399.08,398.21,398.305,44852
2026-07-21 11:03:00,398.36,398.74,398.23,398.66,30854
2026-07-21 11:04:00,398.705,398.89,398.51,398.715,42362
2026-07-21 11:05:00,398.74,399.07,398.53,398.835,45936
2026-07-21 11:06:00,398.8,399.09,398.78,399.005,30337
2026-07-21 11:07:00,399.005,399.15,398.8,399.06,30384
2026-07-21 11:08:00,399.06,399.065,398.3,398.61,46301
2026-07-21 11:09:00,398.615,399.0,398.5595,398.965,24689
2026-07-21 11:10:00,398.93,398.945,398.63,398.805,28096
2026-07-21 11:11:00,398.82,399.0,398.7,398.9607,35145
2026-07-21 11:12:00,398.95,399.18,398.79,398.79,30183
2026-07-21 11:13:00,398.76,398.9,398.4101,398.49,54972
2026-07-21 11:14:00,398.46,398.65,398.3713,398.58,36583
2026-07-21 11:15:00,398.55,398.68,398.27,398.355,33964
2026-07-21 11:16:00,398.3491,398.4299,398.15,398.2901,39179
2026-07-21 11:17:00,398.32,398.47,398.05,398.22,31595
2026-07-21 11:18:00,398.22,398.87,398.215,398.87,40417
2026-07-21 11:19:00,398.82,399.0999,398.69,398.84,69962
2026-07-21 11:20:00,398.84,398.97,398.63,398.97,20201
2026-07-21 11:21:00,398.92,399.2,398.8301,398.965,33455
2026-07-21 11:22:00,398.965,399.04,398.5,398.595,29003
2026-07-21 11:23:00,398.544,398.63,398.31,398.545,30218
2026-07-21 11:24:00,398.5204,398.54,398.31,398.38,14068
2026-07-21 11:25:00,398.37,398.48,398.22,398.395,51735
2026-07-21 11:26:00,398.395,398.6745,398.3601,398.64,46754
2026-07-21 11:27:00,398.68,398.86,398.62,398.81,32039
2026-07-21 11:28:00,398.83,398.85,398.57,398.685,21680
2026-07-21 11:29:00,398.69,398.78,398.555,398.74,25054
2026-07-21 11:30:00,398.7,399.06,398.61,399.03,25453
2026-07-21 11:31:00,399.03,399.15,398.88,399.08,17555
2026-07-21 11:32:00,399.09,399.39,399.09,399.35,13495
2026-07-21 11:33:00,399.34,399.34,399.03,399.22,23095
2026-07-21 11:34:00,399.22,399.5,399.17,399.32,27554
2026-07-21 11:35:00,399.33,399.41,399.0,399.06,48896
2026-07-21 11:36:00,399.12,399.73,399.02,399.655,28177
2026-07-21 11:37:00,399.66,399.83,399.5,399.525,27106
2026-07-21 11:38:00,399.5,399.7,399.36,399.7,19913
2026-07-21 11:39:00,399.685,400.05,399.67,399.9,50920
2026-07-21 11:40:00,399.88,399.95,399.59,399.95,24753
2026-07-21 11:41:00,399.925,399.925,399.62,399.62,20671
2026-07-21 11:42:00,399.6205,399.74,399.42,399.53,30643
2026-07-21 11:43:00,399.53,399.91,399.53,399.87,18897
2026-07-21 11:44:00,399.88,399.91,399.68,399.755,16766
2026-07-21 11:45:00,399.755,399.755,399.4,399.495,17651
2026-07-21 11:46:00,399.505,399.55,399.31,399.445,17255
2026-07-21 11:47:00,399.44,399.52,399.29,399.33,15247
2026-07-21 11:48:00,399.29,399.4599,399.2001,399.33,23014
2026-07-21 11:49:00,399.33,399.39,399.11,399.185,17963
2026-07-21 11:50:00,399.1976,399.24,399.0501,399.23,19810
2026-07-21 11:51:00,399.24,399.47,399.17,399.44,13651
2026-07-21 11:52:00,399.46,399.46,399.3,399.315,11141
2026-07-21 11:53:00,399.305,399.35,399.06,399.09,12826
2026-07-21 11:54:00,399.09,399.14,398.9,398.96,16811
2026-07-21 11:55:00,398.9324,398.95,398.7531,398.925,15236
2026-07-21 11:56:00,398.92,399.27,398.86,399.156,19130
2026-07-21 11:57:00,399.18,399.18,398.93,398.95,21326
2026-07-21 11:58:00,398.975,399.03,398.75,398.79,10288
2026-07-21 11:59:00,398.795,398.795,398.48,398.575,46520
2026-07-21 12:00:00,398.54,398.59,398.38,398.4621,31927
2026-07-21 12:01:00,398.46,398.58,398.32,398.46,21644
2026-07-21 12:02:00,398.455,398.52,398.32,398.48,21842
2026-07-21 12:03:00,398.44,398.4892,398.3,398.435,15980
2026-07-21 12:04:00,398.4899,398.68,398.4,398.45,38832
2026-07-21 12:05:00,398.4999,398.6,398.27,398.3,29021
2026-07-21 12:06:00,398.3,398.39,398.24,398.29,21060
2026-07-21 12:07:00,398.26,398.44,398.14,398.395,29645
2026-07-21 12:08:00,398.4,398.46,398.09,398.22,19126
2026-07-21 12:09:00,398.175,398.31,397.96,398.035,37929
2026-07-21 12:10:00,398.04,398.08,397.9522,397.975,37519
2026-07-21 12:11:00,397.975,398.1283,397.86,397.995,21410
2026-07-21 12:12:00,397.96,398.0,397.6305,397.92,56049
2026-07-21 12:13:00,397.9495,397.9495,397.62,397.735,21143
2026-07-21 12:14:00,397.735,397.83,397.64,397.74,48871
2026-07-21 12:15:00,397.75,397.93,397.68,397.83,37977
2026-07-21 12:16:00,397.8,397.8299,397.65,397.65,25762
2026-07-21 12:17:00,397.66,397.69,397.4142,397.4535,43277
2026-07-21 12:18:00,397.475,397.7,397.42,397.5751,36827
2026-07-21 12:19:00,397.58,397.87,397.54,397.85,21330
2026-07-21 12:20:00,397.81,398.0,397.74,397.79,43826
2026-07-21 12:21:00,397.76,398.14,397.75,397.96,44624
2026-07-21 12:22:00,397.96,397.97,397.85,397.97,21372
2026-07-21 12:23:00,397.94,398.18,397.9,398.15,34543
2026-07-21 12:24:00,398.17,398.35,398.11,398.28,40503
2026-07-21 12:25:00,398.28,398.28,397.99,398.105,21681
2026-07-21 12:26:00,398.08,398.2,398.0,398.14,13746
2026-07-21 12:27:00,398.17,398.19,397.9901,398.0,25945
2026-07-21 12:28:00,398.1,398.11,397.92,398.08,23047
2026-07-21 12:29:00,398.1193,398.13,397.96,398.02,23029
2026-07-21 12:30:00,398.0,398.0624,397.935,397.99,22696
2026-07-21 12:31:00,397.98,397.99,397.7145,397.9465,22702
2026-07-21 12:32:00,397.9651,398.0995,397.92,398.055,15963
2026-07-21 12:33:00,398.055,398.44,398.055,398.4077,19702
2026-07-21 12:34:00,398.41,398.46,398.03,398.425,50314
2026-07-21 12:35:00,398.425,398.425,398.13,398.1401,15735
2026-07-21 12:36:00,398.17,398.48,398.16,398.46,16525
2026-07-21 12:37:00,398.45,398.49,398.32,398.365,19853
2026-07-21 12:38:00,398.3779,398.76,398.28,398.565,41002
2026-07-21 12:39:00,398.6,398.74,398.54,398.635,25583
2026-07-21 12:40:00,398.63,398.64,398.35,398.465,25182
2026-07-21 12:41:00,398.47,398.56,398.43,398.46,19052
2026-07-21 12:42:00,398.435,398.51,398.4,398.44,14610
2026-07-21 12:43:00,398.43,398.52,398.42,398.475,14292
2026-07-21 12:44:00,398.475,398.475,398.25,398.32,16207
2026-07-21 12:45:00,398.325,398.62,398.325,398.62,38569
2026-07-21 12:46:00,398.6,398.9199,398.56,398.895,19794
2026-07-21 12:47:00,398.895,398.93,398.665,398.69,19016
2026-07-21 12:48:00,398.76,398.76,398.52,398.575,11601
2026-07-21 12:49:00,398.58,398.68,398.5,398.57,13149
2026-07-21 12:50:00,398.5,398.59,398.37,398.52,19665
2026-07-21 12:51:00,398.51,398.78,398.5075,398.73,18277
2026-07-21 12:52:00,398.74,398.9,398.73,398.7819,12138
2026-07-21 12:53:00,398.84,398.84,398.57,398.77,15604
2026-07-21 12:54:00,398.74,398.82,398.66,398.7504,12307
2026-07-21 12:55:00,398.75,399.29,398.74,399.22,29576
2026-07-21 12:56:00,399.22,399.25,398.97,399.18,50746
2026-07-21 12:57:00,399.2,399.3588,399.15,399.22,32825
2026-07-21 12:58:00,399.2291,399.2291,398.9,399.075,20896
2026-07-21 12:59:00,399.1,399.18,398.59,398.62,18383
2026-07-21 13:00:00,398.625,398.75,398.56,398.58,17443
2026-07-21 13:01:00,398.58,398.66,398.35,398.42,39266
2026-07-21 13:02:00,398.4032,398.7,398.36,398.66,29455
2026-07-21 13:03:00,398.69,398.7199,398.43,398.495,14936
2026-07-21 13:04:00,398.49,398.51,398.335,398.34,18381
2026-07-21 13:05:00,398.34,398.345,398.04,398.215,57616
2026-07-21 13:06:00,398.17,398.33,398.16,398.31,22056
2026-07-21 13:07:00,398.31,398.57,398.28,398.47,17281
2026-07-21 13:08:00,398.47,398.55,398.22,398.29,13735
2026-07-21 13:09:00,398.26,398.53,398.26,398.49,17673
2026-07-21 13:10:00,398.51,398.54,398.34,398.475,23357
2026-07-21 13:11:00,398.475,398.69,398.41,398.53,19127
2026-07-21 13:12:00,398.53,398.64,398.44,398.495,18525
2026-07-21 13:13:00,398.5,398.65,398.46,398.575,11542
2026-07-21 13:14:00,398.535,398.64,398.53,398.55,13361
2026-07-21 13:15:00,398.56,398.59,398.3,398.38,24925
2026-07-21 13:16:00,398.37,398.45,398.2005,398.23,18642
2026-07-21 13:17:00,398.225,398.4,398.2,398.36,12607
2026-07-21 13:18:00,398.355,398.61,398.33,398.61,13677
2026-07-21 13:19:00,398.63,398.89,398.53,398.64,31572
2026-07-21 13:20:00,398.645,398.73,398.57,398.67,13328
2026-07-21 13:21:00,398.655,398.73,398.52,398.5601,16258
2026-07-21 13:22:00,398.55,398.81,398.54,398.78,17825
2026-07-21 13:23:00,398.81,399.06,398.81,398.975,24284
2026-07-21 13:24:00,398.975,399.46,398.9,399.29,42717
2026-07-21 13:25:00,399.29,399.54,399.25,399.455,24499
2026-07-21 13:26:00,399.4301,399.6,399.43,399.4599,30637
2026-07-21 13:27:00,399.43,399.63,399.4,399.51,37022
2026-07-21 13:28:00,399.53,399.56,399.42,399.53,18978
2026-07-21 13:29:00,399.54,399.61,399.45,399.455,13909
2026-07-21 13:30:00,399.455,399.54,399.3614,399.4908,25787
2026-07-21 13:31:00,399.51,399.51,399.25,399.37,14525
2026-07-21 13:32:00,399.365,399.39,399.26,399.3286,11391
2026-07-21 13:33:00,399.295,399.3,398.87,398.94,17141
2026-07-21 13:34:00,398.94,399.049,398.86,398.955,17528
2026-07-21 13:35:00,398.955,398.955,398.68,398.8445,30809
2026-07-21 13:36:00,398.86,399.07,398.86,399.04,18764
2026-07-21 13:37:00,399.04,399.47,399.04,399.47,14858
2026-07-21 13:38:00,399.48,399.5197,399.34,399.47,17504
2026-07-21 13:39:00,399.5091,399.55,399.25,399.355,17512
2026-07-21 13:40:00,399.32,399.53,399.31,399.355,28830
2026-07-21 13:41:00,399.34,399.49,399.23,399.25,15890
2026-07-21 13:42:00,399.28,399.33,398.96,399.015,16125
2026-07-21 13:43:00,399.015,399.2099,399.01,399.17,15741
2026-07-21 13:44:00,399.17,399.22,398.98,398.98,15030
2026-07-21 13:45:00,398.96,398.99,398.64,398.72,23398
2026-07-21 13:46:00,398.7197,398.7695,398.64,398.71,17239
2026-07-21 13:47:00,398.6716,398.69,398.53,398.65,21529
2026-07-21 13:48:00,398.62,398.68,398.57,398.605,12118
2026-07-21 13:49:00,398.5965,399.1,398.5965,399.06,15575
2026-07-21 13:50:00,399.04,399.35,399.04,399.33,21901
2026-07-21 13:51:00,399.3,399.38,399.3,399.31,13340
2026-07-21 13:52:00,399.31,399.42,399.25,399.375,15322
2026-07-21 13:53:00,399.41,399.5,399.305,399.435,20138
2026-07-21 13:54:00,399.4255,399.45,399.22,399.22,10503
2026-07-21 13:55:00,399.255,399.27,399.17,399.195,12014
2026-07-21 13:56:00,399.2011,399.29,399.17,399.28,16500
2026-07-21 13:57:00,399.27,399.32,399.2425,399.26,13960
2026-07-21 13:58:00,399.28,399.33,399.19,399.31,15424
2026-07-21 13:59:00,399.28,399.2809,399.16,399.2,20789
2026-07-21 14:00:00,399.22,399.22,398.9,398.91,13051
2026-07-21 14:01:00,398.92,399.0,398.83,398.88,12687
2026-07-21 14:02:00,398.86,399.02,398.7,398.81,21218
2026-07-21 14:03:00,398.795,398.795,398.54,398.63,20371
2026-07-21 14:04:00,398.64,398.6775,398.49,398.52,15930
2026-07-21 14:05:00,398.458,398.5099,398.35,398.42,21300
2026-07-21 14:06:00,398.425,398.4778,398.26,398.415,19288
2026-07-21 14:07:00,398.44,398.66,398.4201,398.66,12811
2026-07-21 14:08:00,398.66,398.93,398.63,398.85,23359
2026-07-21 14:09:00,398.845,398.845,398.575,398.635,13967
2026-07-21 14:10:00,398.61,398.66,398.51,398.635,10701
2026-07-21 14:11:00,398.66,398.66,398.48,398.57,13931
2026-07-21 14:12:00,398.575,398.9,398.575,398.775,13688
2026-07-21 14:13:00,398.77,398.84,398.61,398.72,18486
2026-07-21 14:14:00,398.69,398.8,398.69,398.6904,16265
2026-07-21 14:15:00,398.71,398.74,398.56,398.6899,15020
2026-07-21 14:16:00,398.655,398.76,398.6,398.7565,11387
2026-07-21 14:17:00,398.74,398.87,398.65,398.66,20043
2026-07-21 14:18:00,398.63,398.76,398.61,398.74,13904
2026-07-21 14:19:00,398.74,398.79,398.67,398.715,10865
2026-07-21 14:20:00,398.715,398.72,398.52,398.62,25230
2026-07-21 14:21:00,398.65,398.69,398.58,398.685,8822
2026-07-21 14:22:00,398.685,398.91,398.68,398.88,18762
2026-07-21 14:23:00,398.89,398.91,398.71,398.71,15824
2026-07-21 14:24:00,398.71,398.75,398.52,398.54,20402
2026-07-21 14:25:00,398.53,398.554,398.38,398.496,17297
2026-07-21 14:26:00,398.5,398.62,398.42,398.61,22812
2026-07-21 14:27:00,398.61,398.77,398.57,398.77,16813
2026-07-21 14:28:00,398.74,398.755,398.55,398.7,11210
2026-07-21 14:29:00,398.7,398.79,398.64,398.79,13001
2026-07-21 14:30:00,398.765,398.86,398.61,398.665,18187
2026-07-21 14:31:00,398.64,398.68,398.61,398.635,10523
2026-07-21 14:32:00,398.6351,398.68,398.5685,398.615,13056
2026-07-21 14:33:00,398.61,398.67,398.58,398.64,15361
2026-07-21 14:34:00,398.67,398.67,398.42,398.445,16605
2026-07-21 14:35:00,398.42,398.46,398.2981,398.315,18926
2026-07-21 14:36:00,398.315,398.44,398.29,398.365,16838
2026-07-21 14:37:00,398.35,398.37,398.15,398.15,29565
2026-07-21 14:38:00,398.17,398.27,398.16,398.22,13638
2026-07-21 14:39:00,398.22,398.23,398.1,398.14,24709
2026-07-21 14:40:00,398.14,398.16,398.04,398.14,19077
2026-07-21 14:41:00,398.145,398.26,398.07,398.195,13176
2026-07-21 14:42:00,398.18,398.34,398.0601,398.327,17312
2026-07-21 14:43:00,398.33,398.53,398.3,398.52,17317
2026-07-21 14:44:00,398.53,398.56,398.4687,398.54,16333
2026-07-21 14:45:00,398.54,398.59,398.09,398.2,31856
2026-07-21 14:46:00,398.18,398.21,397.97,398.17,32604
2026-07-21 14:47:00,398.17,398.2599,398.09,398.105,20432
2026-07-21 14:48:00,398.12,398.19,398.07,398.15,21205
2026-07-21 14:49:00,398.1201,398.49,398.1201,398.42,24813
2026-07-21 14:50:00,398.43,398.43,398.25,398.265,18226
2026-07-21 14:51:00,398.265,398.3,398.16,398.295,10810
2026-07-21 14:52:00,398.28,398.34,398.15,398.31,37397
2026-07-21 14:53:00,398.3,398.43,398.27,398.356,17125
2026-07-21 14:54:00,398.359,398.42,398.28,398.3808,21881
2026-07-21 14:55:00,398.36,398.38,398.26,398.3,21678
2026-07-21 14:56:00,398.31,398.3399,398.05,398.16,23894
2026-07-21 14:57:00,398.145,398.1997,398.11,398.126,13698
2026-07-21 14:58:00,398.13,398.26,398.075,398.2,30454
2026-07-21 14:59:00,398.18,398.24,398.12,398.19,16238
2026-07-21 15:00:00,398.16,398.28,398.04,398.235,57538
2026-07-21 15:01:00,398.235,398.33,398.19,398.29,16766
2026-07-21 15:02:00,398.29,398.5,398.29,398.44,15269
2026-07-21 15:03:00,398.46,398.56,398.36,398.4,13682
2026-07-21 15:04:00,398.4,398.44,398.35,398.395,12997
2026-07-21 15:05:00,398.37,398.53,398.36,398.51,18944
2026-07-21 15:06:00,398.51,398.78,398.51,398.66,47346
2026-07-21 15:07:00,398.66,398.75,398.63,398.705,33830
2026-07-21 15:08:00,398.705,398.79,398.6705,398.745,22023
2026-07-21 15:09:00,398.74,399.07,398.73,399.0,22046
2026-07-21 15:10:00,399.035,399.19,399.0001,399.0475,25631
2026-07-21 15:11:00,399.03,399.28,398.93,399.28,31604
2026-07-21 15:12:00,399.29,399.36,399.06,399.09,23208
2026-07-21 15:13:00,399.085,399.09,398.86,398.885,13383
2026-07-21 15:14:00,398.885,399.27,398.885,399.2099,50394
2026-07-21 15:15:00,399.24,399.37,399.13,399.34,26979
2026-07-21 15:16:00,399.355,399.5,399.23,399.3009,29015
2026-07-21 15:17:00,399.265,399.45,399.265,399.345,27698
2026-07-21 15:18:00,399.345,399.41,399.2501,399.39,14686
2026-07-21 15:19:00,399.37,399.42,399.23,399.255,24445
2026-07-21 15:20:00,399.25,399.29,399.12,399.175,26640
2026-07-21 15:21:00,399.1615,399.23,398.95,398.95,24321
2026-07-21 15:22:00,398.95,399.02,398.91,398.95,16650
2026-07-21 15:23:00,399.02,399.15,398.94,398.995,18217
2026-07-21 15:24:00,398.995,399.22,398.98,399.205,14624
2026-07-21 15:25:00,399.2,399.29,399.14,399.275,18138
2026-07-21 15:26:00,399.275,399.3,399.1246,399.1246,21986
2026-07-21 15:27:00,399.15,399.41,399.15,399.36,26581
2026-07-21 15:28:00,399.33,399.47,399.33,399.455,13198
2026-07-21 15:29:00,399.44,399.6,399.44,399.51,30917
2026-07-21 15:30:00,399.555,399.65,399.41,399.51,36961
2026-07-21 15:31:00,399.51,399.54,399.22,399.51,28118
2026-07-21 15:32:00,399.51,399.54,399.24,399.285,32378
2026-07-21 15:33:00,399.29,399.36,399.21,399.275,27756
2026-07-21 15:34:00,399.2613,399.31,399.16,399.22,19740
2026-07-21 15:35:00,399.22,399.235,399.0,399.01,20917
2026-07-21 15:36:00,399.01,399.36,399.0,399.35,29944
2026-07-21 15:37:00,399.34,399.36,399.17,399.21,31838
2026-07-21 15:38:00,399.195,399.195,399.0341,399.15,15910
2026-07-21 15:39:00,399.15,399.17,398.91,399.0393,23714
2026-07-21 15:40:00,399.025,399.06,398.62,398.69,27152
2026-07-21 15:41:00,398.6922,398.78,398.63,398.71,20918
2026-07-21 15:42:00,398.69,398.78,398.64,398.7125,23681
2026-07-21 15:43:00,398.7,398.86,398.68,398.76,23405
2026-07-21 15:44:00,398.77,398.805,398.53,398.74,17846
2026-07-21 15:45:00,398.74,398.78,398.45,398.45,36532
2026-07-21 15:46:00,398.46,398.58,398.41,398.465,23216
2026-07-21 15:47:00,398.465,398.465,398.32,398.37,19395
2026-07-21 15:48:00,398.37,398.49,398.35,398.39,22792
2026-07-21 15:49:00,398.41,398.53,398.33,398.505,26511
2026-07-21 15:50:00,398.49,398.49,397.61,397.74,104085
2026-07-21 15:51:00,397.69,397.83,396.32,397.82,76107
2026-07-21 15:52:00,397.83,397.83,397.62,397.78,57508
2026-07-21 15:53:00,397.76,398.03,397.76,397.93,56061
2026-07-21 15:54:00,397.93,397.99,397.25,397.52,88686
2026-07-21 15:55:00,397.54,398.0,397.47,397.62,113823
2026-07-21 15:56:00,397.61,398.03,397.56,397.92,85679
2026-07-21 15:57:00,397.92,398.59,397.72,397.86,102524
2026-07-21 15:58:00,397.885,397.96,397.74,397.81,143572
2026-07-21 15:59:00,397.8,397.86,397.51,397.64,339928
2026-07-21 16:00:00,397.64,397.82,397.64,397.7,4612684
2026-07-21 16:01:00,397.7,397.7,397.5,397.5,2226
2026-07-21 16:02:00,397.5,397.5,397.4,397.4998,2627
2026-07-21 16:03:00,397.4,397.5,397.23,397.23,4240
2026-07-21 16:04:00,397.11,397.34,396.8,397.12,1022
2026-07-21 16:05:00,397.643,397.643,397.59,397.59,245
2026-07-21 16:06:00,397.67,397.67,397.5,397.5232,566
2026-07-21 16:07:00,397.6,397.6128,397.5999,397.6128,2119
2026-07-21 16:08:00,397.65,397.65,397.382,397.46,1068
2026-07-21 16:09:00,397.506,397.81,397.506,397.81,280
2026-07-21 16:10:00,397.83,397.83,397.65,397.65,100
2026-07-21 16:11:00,397.6,397.6,397.6,397.6,100
2026-07-21 16:12:00,397.6,397.61,397.6,397.61,244
2026-07-21 16:13:00,397.8088,397.8088,397.8088,397.8088,50
2026-07-21 16:14:00,397.75,397.8,397.614,397.614,1052
2026-07-21 16:15:00,397.6,397.65,397.38,397.65,1921
2026-07-21 16:16:00,397.4949,397.4949,397.39,397.39,130
2026-07-21 16:17:00,397.5437,397.5437,397.4,397.4,150
2026-07-21 16:18:00,397.47,397.5,397.4007,397.41,634
2026-07-21 16:19:00,397.48,397.84,397.441,397.81,2142
2026-07-21 16:20:00,397.4,397.8,397.4,397.8,1075
2026-07-21 16:21:00,397.74,397.74,397.74,397.74,50
2026-07-21 16:22:00,397.4677,397.7,397.4677,397.6876,1418
2026-07-21 16:23:00,397.7,397.7,397.65,397.65,160
2026-07-21 16:24:00,397.69,397.75,397.6,397.7,60516
2026-07-21 16:25:00,397.69,397.7,397.5,397.61,540
2026-07-21 16:26:00,397.615,397.7,397.53,397.7,639
2026-07-21 16:27:00,397.7,397.73,397.63,397.63,190
2026-07-21 16:28:00,397.73,397.73,397.675,397.675,208
2026-07-21 16:29:00,397.74,397.74,397.6,397.675,297
2026-07-21 16:30:00,397.5,397.5,397.48,397.48,170
2026-07-21 16:31:00,397.43,397.43,397.43,397.43,42
2026-07-21 16:32:00,397.38,397.45,397.38,397.44,409
2026-07-21 16:33:00,397.38,397.38,397.21,397.21,725
2026-07-21 16:34:00,397.21,397.21,397.15,397.15,94
2026-07-21 16:35:00,397.16,397.16,397.0,397.13,992
2026-07-21 16:37:00,397.22,397.35,397.1335,397.1335,204
2026-07-21 16:38:00,397.25,397.5,397.25,397.4,797
2026-07-21 16:39:00,397.22,397.34,397.01,397.0611,4295
2026-07-21 16:40:00,397.49,397.49,397.32,397.32,2300
2026-07-21 16:41:00,397.06,397.06,397.06,397.06,222
2026-07-21 16:42:00,397.2,397.2,397.01,397.01,547
2026-07-21 16:43:00,397.3,397.3,397.3,397.3,50
2026-07-21 16:44:00,397.07,397.3577,397.07,397.3577,268
2026-07-21 16:45:00,397.25,397.25,396.96,396.96,1252
2026-07-21 16:46:00,396.84,396.9555,396.75,396.75,431
2026-07-21 16:47:00,396.75,396.8,396.75,396.75,1799
2026-07-21 16:48:00,396.79,396.9,396.7533,396.9,200
2026-07-21 16:49:00,397.2,397.3252,396.78,397.0,739
2026-07-21 16:50:00,397.0301,397.0301,397.0,397.0,364
2026-07-21 16:52:00,397.19,397.28,397.09,397.09,506
2026-07-21 16:53:00,397.09,397.09,397.05,397.05,385
2026-07-21 16:54:00,397.0,397.0,397.0,397.0,53
2026-07-21 16:56:00,397.0892,397.0892,396.9,397.08,400
2026-07-21 16:57:00,397.02,397.2603,396.98,397.26,584
2026-07-21 16:58:00,397.15,397.27,397.05,397.22,1830
2026-07-21 16:59:00,397.25,397.2546,397.01,397.2546,1639
2026-07-21 17:02:00,397.07,397.2475,397.05,397.2475,296
2026-07-21 17:03:00,397.25,397.25,397.25,397.25,50
2026-07-21 17:04:00,397.0,397.0,396.87,396.988,1091
2026-07-21 17:05:00,397.0,397.0,397.0,397.0,3496
2026-07-21 17:06:00,396.8496,396.8496,396.8496,396.8496,50
2026-07-21 17:07:00,397.1459,397.1459,397.0279,397.0279,540
2026-07-21 17:08:00,397.0279,397.0279,397.0279,397.0279,90
2026-07-21 17:09:00,397.0122,397.0122,397.01,397.01,250
2026-07-21 17:10:00,397.0101,397.15,397.0101,397.15,904
2026-07-21 17:11:00,397.02,397.184,396.97,396.99,1122
2026-07-21 17:12:00,396.9,396.91,396.71,396.71,493
2026-07-21 17:13:00,396.7,396.76,396.7,396.76,144
2026-07-21 17:14:00,396.8,396.9532,396.7465,396.7465,335
2026-07-21 17:15:00,397.0,397.0,396.8994,396.8994,440
2026-07-21 17:16:00,396.8,396.8,396.782,396.782,547
2026-07-21 17:17:00,396.78,396.8768,396.78,396.8768,200
2026-07-21 17:18:00,396.76,396.76,396.76,396.76,50
2026-07-21 17:19:00,396.75,396.75,396.6493,396.7,1083
2026-07-21 17:20:00,396.72,396.72,396.5734,396.69,2436
2026-07-21 17:21:00,396.51,396.6882,396.51,396.6,349
2026-07-21 17:22:00,396.57,396.65,396.51,396.65,433
2026-07-21 17:23:00,396.64,396.69,396.6,396.6,761
2026-07-21 17:24:00,396.51,396.55,396.51,396.52,403
2026-07-21 17:25:00,396.58,396.58,396.5187,396.5187,147
2026-07-21 17:27:00,396.5608,396.69,396.5608,396.69,227
2026-07-21 17:28:00,396.54,396.6891,396.53,396.6891,403
2026-07-21 17:29:00,396.65,396.65,396.6,396.6,1152
2026-07-21 17:30:00,396.5205,396.54,396.37,396.39,1328
2026-07-21 17:31:00,396.59,396.59,396.41,396.59,228
2026-07-21 17:32:00,396.4154,396.5,396.4154,396.5,211
2026-07-21 17:33:00,396.6,396.6,396.6,396.6,530
2026-07-21 17:34:00,396.6,396.6,396.51,396.6,315
2026-07-21 17:36:00,396.467,396.69,396.467,396.69,160
2026-07-21 17:37:00,396.6,396.69,396.6,396.69,98
2026-07-21 17:38:00,396.69,396.69,396.69,396.69,40
2026-07-21 17:39:00,396.68,396.69,396.68,396.69,264
2026-07-21 17:40:00,396.66,396.69,396.66,396.69,1508
2026-07-21 17:41:00,396.66,396.69,396.66,396.68,797
2026-07-21 17:42:00,396.69,396.69,396.65,396.69,871
2026-07-21 17:43:00,396.65,396.6514,396.65,396.6514,222
2026-07-21 17:44:00,396.69,396.69,396.69,396.69,209
2026-07-21 17:45:00,396.68,396.68,396.61,396.65,1102
2026-07-21 17:46:00,396.6825,396.69,396.5,396.69,557
2026-07-21 17:47:00,396.69,396.69,396.5553,396.5553,153
2026-07-21 17:48:00,396.5294,396.69,396.5294,396.69,506
2026-07-21 17:49:00,396.69,396.69,396.69,396.69,435
2026-07-21 17:50:00,396.9,396.9,396.9,396.9,107
2026-07-21 17:51:00,397.03,397.05,397.0,397.05,1390
2026-07-21 17:52:00,397.04,397.04,397.0,397.0,940
2026-07-21 17:53:00,397.0,397.0,396.9,396.9,282
2026-07-21 17:54:00,396.833,396.833,396.833,396.833,63
2026-07-21 17:55:00,396.81,396.81,396.8,396.8,127
2026-07-21 17:56:00,397.0257,397.0257,396.89,397.0,1202
2026-07-21 17:57:00,397.0396,397.0396,397.0396,397.0396,100
2026-07-21 17:59:00,397.0,397.0,397.0,397.0,500
2026-07-21 18:00:00,396.81,396.93,396.8,396.93,244
2026-07-21 18:01:00,396.7119,397.0,396.7119,397.0,331
2026-07-21 18:02:00,397.0,397.0,396.6,396.6,511
2026-07-21 18:03:00,396.9411,397.0,396.69,396.69,156
2026-07-21 18:06:00,396.75,396.75,396.6,396.6,5007
2026-07-21 18:07:00,396.9,396.9,396.8,396.89,1226
2026-07-21 18:08:00,396.83,396.89,396.613,396.63,1143
2026-07-21 18:09:00,396.5,396.5234,396.37,396.3723,953
2026-07-21 18:10:00,396.5,396.6,396.37,396.6,4342
2026-07-21 18:11:00,396.6051,396.6051,396.37,396.37,114
2026-07-21 18:12:00,396.36,396.36,396.32,396.32,203
2026-07-21 18:13:00,396.32,396.5,396.3,396.33,681
2026-07-21 18:14:00,396.31,396.36,396.31,396.36,195
2026-07-21 18:15:00,396.35,396.4134,396.34,396.37,609
2026-07-21 18:16:00,396.37,396.37,396.37,396.37,105
2026-07-21 18:17:00,396.33,396.5,396.33,396.5,200
2026-07-21 18:18:00,396.5,396.5,396.5,396.5,880
2026-07-21 18:19:00,396.33,396.3301,396.33,396.3301,417
2026-07-21 18:20:00,396.34,396.34,396.33,396.33,867
2026-07-21 18:21:00,396.35,396.35,396.35,396.35,66
2026-07-21 18:22:00,396.41,396.41,396.4,396.4,100
2026-07-21 18:23:00,396.5,396.5,396.5,396.5,350
2026-07-21 18:24:00,396.42,396.42,396.08,396.08,2870
2026-07-21 18:25:00,396.07,396.59,396.07,396.59,733
2026-07-21 18:26:00,396.32,396.32,396.11,396.25,393
2026-07-21 18:27:00,396.37,396.53,396.17,396.3,206
2026-07-21 18:28:00,396.25,396.25,396.25,396.25,43
2026-07-21 18:29:00,396.36,396.36,396.36,396.36,75
2026-07-21 18:30:00,396.1,396.4921,396.1,396.1,1444
2026-07-21 18:31:00,396.25,396.25,396.25,396.25,49
2026-07-21 18:32:00,396.3,396.4066,396.3,396.4066,993
2026-07-21 18:33:00,396.12,396.12,396.09,396.09,110
2026-07-21 18:34:00,396.4882,396.4882,396.11,396.11,128
2026-07-21 18:35:00,396.4,396.4,396.13,396.13,576
2026-07-21 18:36:00,396.29,396.3,396.11,396.2,532
2026-07-21 18:37:00,396.5,396.5,396.5,396.5,65
2026-07-21 18:38:00,396.12,396.39,396.12,396.23,322
2026-07-21 18:39:00,396.28,396.28,396.1,396.1,1510
2026-07-21 18:41:00,396.1,396.12,396.1,396.1,607
2026-07-21 18:42:00,396.15,396.2,396.01,396.1,632
2026-07-21 18:43:00,396.046,396.046,396.01,396.01,86
2026-07-21 18:44:00,396.2128,396.2128,396.2128,396.2128,100
2026-07-21 18:45:00,396.01,396.03,395.77,395.79,3325
2026-07-21 18:46:00,395.9,395.99,395.9,395.99,220
2026-07-21 18:47:00,395.99,395.99,395.7608,395.9,973
2026-07-21 18:48:00,395.8013,395.9,395.8013,395.9,614
2026-07-21 18:49:00,395.9,395.9,395.8923,395.9,1735
2026-07-21 18:50:00,395.9,395.9,395.9,395.9,1793
2026-07-21 18:52:00,396.22,396.22,396.22,396.22,52
2026-07-21 18:53:00,396.0,396.04,396.0,396.04,288
2026-07-21 18:54:00,396.0,396.0976,395.99,396.0,435
2026-07-21 18:55:00,396.0043,396.1,396.0,396.1,663
2026-07-21 18:56:00,396.0,396.17,396.0,396.17,127
2026-07-21 18:57:00,396.24,396.24,396.18,396.18,143
2026-07-21 18:58:00,396.0387,396.0387,396.0387,396.0387,100
2026-07-21 18:59:00,396.08,396.09,396.08,396.09,129
2026-07-21 19:00:00,396.1,396.1,396.09,396.09,80
2026-07-21 19:02:00,396.0564,396.0564,396.0564,396.0564,100
2026-07-21 19:03:00,396.06,396.06,396.06,396.06,80
2026-07-21 19:04:00,396.25,396.25,396.14,396.24,496
2026-07-21 19:05:00,396.28,396.45,396.08,396.08,535
2026-07-21 19:06:00,396.1024,396.45,396.1024,396.45,175
2026-07-21 19:07:00,396.4103,396.4103,396.1,396.3671,548
2026-07-21 19:08:00,396.2,396.2,396.2,396.2,100
2026-07-21 19:09:00,396.17,396.28,396.17,396.28,314
2026-07-21 19:10:00,396.2,396.2,396.18,396.18,144
2026-07-21 19:11:00,396.2,396.2,396.2,396.2,78
2026-07-21 19:13:00,396.23,396.31,396.23,396.31,155
2026-07-21 19:14:00,396.3,396.3,396.3,396.3,660
2026-07-21 19:15:00,396.31,396.35,396.19,396.35,509
2026-07-21 19:16:00,396.14,396.14,396.14,396.14,40
2026-07-21 19:17:00,396.1,396.1,396.0,396.0,376
2026-07-21 19:18:00,396.1,396.1,396.1,396.1,1249
2026-07-21 19:19:00,396.3499,396.3499,396.0906,396.0906,1271
2026-07-21 19:20:00,396.2954,396.2954,396.2954,396.2954,100
2026-07-21 19:21:00,396.2,396.2,396.2,396.2,50
2026-07-21 19:22:00,396.2871,396.2871,396.03,396.03,200
2026-07-21 19:23:00,396.11,396.11,396.11,396.11,51
2026-07-21 19:24:00,396.03,396.05,396.03,396.05,225
2026-07-21 19:25:00,396.06,396.2,396.06,396.2,731
2026-07-21 19:26:00,396.08,396.18,396.07,396.18,574
2026-07-21 19:27:00,396.1,396.1,396.1,396.1,100
2026-07-21 19:28:00,396.03,396.14,395.88,396.14,602
2026-07-21 19:29:00,395.89,396.01,395.89,396.0,265
2026-07-21 19:30:00,396.0,396.0,396.0,396.0,150
2026-07-21 19:31:00,395.89,395.89,395.8,395.89,3517
2026-07-21 19:32:00,395.85,396.2,395.85,396.19,473
2026-07-21 19:33:00,396.24,396.24,396.0417,396.09,440
2026-07-21 19:34:00,396.06,396.08,396.05,396.05,725
2026-07-21 19:35:00,396.0614,396.0614,395.71,395.71,2014
2026-07-21 19:36:00,396.0,396.0,396.0,396.0,100
2026-07-21 19:37:00,395.81,395.81,395.81,395.81,54
2026-07-21 19:38:00,395.7,396.0,395.7,395.8212,810
2026-07-21 19:39:00,395.76,395.95,395.76,395.95,177
2026-07-21 19:40:00,396.0,396.0,396.0,396.0,249
2026-07-21 19:41:00,396.14,396.2,395.85,395.85,1863
2026-07-21 19:42:00,396.06,396.14,396.06,396.14,150
2026-07-21 19:44:00,395.86,396.15,395.82,396.15,225
2026-07-21 19:45:00,395.82,396.0,395.8,395.8307,2276
2026-07-21 19:46:00,395.8837,396.0,395.8837,395.969,396
2026-07-21 19:47:00,395.84,396.0,395.84,396.0,420
2026-07-21 19:48:00,396.15,396.15,396.15,396.15,150
2026-07-21 19:49:00,396.1325,396.1325,396.0,396.0,140
2026-07-21 19:50:00,396.1,396.1,396.1,396.1,75
2026-07-21 19:51:00,396.0845,396.0845,395.85,395.85,427
2026-07-21 19:52:00,395.85,395.9925,395.8,395.88,385
2026-07-21 19:53:00,395.72,395.88,395.65,395.65,1120
2026-07-21 19:54:00,395.8799,395.88,395.85,395.88,459
2026-07-21 19:55:00,396.0,396.0,395.81,395.9,502
2026-07-21 19:56:00,395.98,395.98,395.98,395.98,1000
2026-07-21 19:57:00,395.98,396.0,395.9387,395.95,298
2026-07-21 19:58:00,396.0,396.2,396.0,396.1923,659
2026-07-21 19:59:00,396.15,396.15,396.1491,396.15,315
