timestamp,open,high,low,close,volume
2026-07-09 04:00:00,75.65,75.8836,75.5691,75.66,27784
2026-07-09 04:01:00,75.55,75.81,75.45,75.78,4225
2026-07-09 04:02:00,75.6,75.85,75.6,75.85,1339
2026-07-09 04:03:00,75.72,75.81,75.63,75.63,7630
2026-07-09 04:04:00,75.63,75.63,75.45,75.53,6031
2026-07-09 04:06:00,75.44,75.44,75.44,75.44,300
2026-07-09 04:07:00,75.38,75.38,75.38,75.38,104
2026-07-09 04:08:00,75.36,75.36,75.33,75.33,483
2026-07-09 04:09:00,75.31,75.31,75.28,75.28,2051
2026-07-09 04:10:00,75.33,75.35,75.33,75.35,867
2026-07-09 04:11:00,75.33,75.33,75.323,75.323,501
2026-07-09 04:13:00,75.33,75.33,75.33,75.33,300
2026-07-09 04:19:00,75.54,75.54,75.54,75.54,100
2026-07-09 04:21:00,75.55,75.55,75.55,75.55,100
2026-07-09 04:24:00,75.42,75.42,75.41,75.41,300
2026-07-09 04:28:00,75.41,75.45,75.41,75.45,1000
2026-07-09 04:31:00,75.44,75.44,75.44,75.44,330
2026-07-09 04:32:00,75.45,75.45,75.45,75.45,582
2026-07-09 04:33:00,75.5,75.5,75.5,75.5,400
2026-07-09 04:34:00,75.5,75.5,75.4,75.4,345
2026-07-09 04:36:00,75.38,75.38,75.35,75.35,1135
2026-07-09 04:39:00,75.35,75.35,75.35,75.35,500
2026-07-09 04:42:00,75.4,75.4,75.4,75.4,200
2026-07-09 04:43:00,75.39,75.4,75.39,75.4,530
2026-07-09 04:45:00,75.32,75.32,75.27,75.27,800
2026-07-09 04:46:00,75.38,75.38,75.38,75.38,144
2026-07-09 04:50:00,75.3,75.33,75.3,75.33,3720
2026-07-09 04:52:00,75.42,75.42,75.42,75.42,276
2026-07-09 04:59:00,75.45,75.45,75.45,75.45,200
2026-07-09 05:00:00,75.4121,75.4121,75.36,75.36,211
2026-07-09 05:02:00,75.43,75.43,75.43,75.43,1990
2026-07-09 05:07:00,75.4,75.4,75.4,75.4,500
2026-07-09 05:08:00,75.49,75.49,75.49,75.49,140
2026-07-09 05:09:00,75.37,75.37,75.37,75.37,500
2026-07-09 05:10:00,75.4,75.4,75.4,75.4,100
2026-07-09 05:13:00,75.4215,75.4215,75.4215,75.4215,100
2026-07-09 05:15:00,75.42,75.42,75.42,75.42,332
2026-07-09 05:18:00,75.36,75.36,75.34,75.35,3618
2026-07-09 05:27:00,75.32,75.32,75.32,75.32,200
2026-07-09 05:35:00,75.31,75.31,75.25,75.25,2220
2026-07-09 05:36:00,75.25,75.25,75.22,75.22,2156
2026-07-09 05:37:00,75.2611,75.2611,75.2611,75.2611,1000
2026-07-09 05:38:00,75.22,75.268,75.22,75.24,2357
2026-07-09 05:39:00,75.24,75.24,75.24,75.24,343
2026-07-09 05:40:00,75.3,75.3,75.3,75.3,100
2026-07-09 05:45:00,75.2,75.2,75.2,75.2,100
2026-07-09 05:50:00,75.1,75.1,75.1,75.1,300
2026-07-09 05:51:00,75.1,75.283,75.1,75.2828,2723
2026-07-09 05:58:00,75.2718,75.2718,75.2718,75.2718,100
2026-07-09 06:03:00,75.16,75.16,75.16,75.16,470
2026-07-09 06:07:00,75.24,75.24,75.24,75.24,380
2026-07-09 06:10:00,75.17,75.17,75.17,75.17,140
2026-07-09 06:11:00,75.2,75.2,75.2,75.2,135
2026-07-09 06:14:00,75.2,75.2,75.2,75.2,250
2026-07-09 06:15:00,75.1825,75.1825,75.1825,75.1825,436
2026-07-09 06:22:00,75.24,75.24,75.23,75.23,645
2026-07-09 06:24:00,75.27,75.27,75.27,75.27,100
2026-07-09 06:25:00,75.24,75.24,75.24,75.24,150
2026-07-09 06:28:00,75.2,75.2,75.2,75.2,100
2026-07-09 06:29:00,75.2388,75.2388,75.1,75.11,1247
2026-07-09 06:30:00,75.08,75.08,75.07,75.07,600
2026-07-09 06:31:00,75.1,75.1,75.1,75.1,400
2026-07-09 06:34:00,75.1,75.12,75.1,75.12,1342
2026-07-09 06:36:00,75.1,75.1,75.1,75.1,120
2026-07-09 06:41:00,75.05,75.05,75.05,75.05,104
2026-07-09 06:43:00,75.02,75.02,75.02,75.02,963
2026-07-09 06:52:00,75.05,75.05,75.05,75.05,119
2026-07-09 06:54:00,75.03,75.14,75.01,75.14,2709
2026-07-09 06:58:00,75.14,75.14,75.14,75.14,100
2026-07-09 06:59:00,75.11,75.11,75.11,75.11,100
2026-07-09 07:00:00,75.14,75.23,75.05,75.19,2419
2026-07-09 07:01:00,75.2044,75.2044,75.19,75.19,700
2026-07-09 07:02:00,75.2131,75.24,75.1182,75.2218,985
2026-07-09 07:04:00,75.2255,75.2255,75.14,75.22,3101
2026-07-09 07:05:00,75.22,75.22,75.22,75.22,350
2026-07-09 07:06:00,75.17,75.2,75.17,75.17,1121
2026-07-09 07:07:00,75.2003,75.204,75.07,75.07,2086
2026-07-09 07:08:00,75.2,75.2,75.2,75.2,500
2026-07-09 07:10:00,75.16,75.1975,75.15,75.1906,1075
2026-07-09 07:13:00,75.1,75.1,75.1,75.1,200
2026-07-09 07:14:00,75.07,75.1,75.07,75.0707,2057
2026-07-09 07:15:00,75.1109,75.1109,75.1109,75.1109,100
2026-07-09 07:16:00,75.1135,75.1135,75.0888,75.0888,225
2026-07-09 07:18:00,75.08,75.12,75.08,75.12,706
2026-07-09 07:19:00,75.0835,75.12,75.08,75.12,750
2026-07-09 07:20:00,75.12,75.12,75.1,75.12,1211
2026-07-09 07:21:00,75.12,75.12,75.12,75.12,100
2026-07-09 07:22:00,75.12,75.2,75.12,75.2,665
2026-07-09 07:23:00,75.0924,75.1,75.0924,75.1,831
2026-07-09 07:24:00,75.1,75.1,75.1,75.1,995
2026-07-09 07:25:00,75.12,75.2,75.05,75.05,892
2026-07-09 07:26:00,75.0517,75.1,75.0517,75.1,590
2026-07-09 07:28:00,75.08,75.1,75.08,75.1,1040
2026-07-09 07:29:00,75.2,75.2,75.0682,75.0682,1100
2026-07-09 07:30:00,75.1622,75.1622,75.05,75.12,1050
2026-07-09 07:31:00,75.14,75.14,75.01,75.01,3182
2026-07-09 07:32:00,75.1272,75.1272,75.12,75.12,250
2026-07-09 07:35:00,75.13,75.13,75.1,75.1,495
2026-07-09 07:36:00,75.1239,75.1239,75.1239,75.1239,118
2026-07-09 07:37:00,75.08,75.08,75.03,75.08,1972
2026-07-09 07:39:00,75.01,75.01,74.986,74.986,8165
2026-07-09 07:40:00,74.9783,74.9783,74.9783,74.9783,400
2026-07-09 07:41:00,74.99,74.99,74.9221,74.9221,400
2026-07-09 07:42:00,74.9975,74.9975,74.97,74.97,488
2026-07-09 07:43:00,74.93,74.95,74.43,74.5,14925
2026-07-09 07:44:00,74.57,74.79,74.52,74.79,5885
2026-07-09 07:45:00,74.73,74.73,74.57,74.5912,3584
2026-07-09 07:46:00,74.8,74.8,74.5501,74.5501,2230
2026-07-09 07:47:00,74.7,74.7766,74.51,74.67,3012
2026-07-09 07:48:00,74.62,74.62,74.5,74.56,6300
2026-07-09 07:49:00,74.52,74.56,74.42,74.42,11899
2026-07-09 07:50:00,74.5,74.56,74.5,74.5102,1237
2026-07-09 07:51:00,74.5582,74.56,74.51,74.56,2245
2026-07-09 07:52:00,74.56,74.6688,74.51,74.6511,1454
2026-07-09 07:53:00,74.6564,74.6564,74.6564,74.6564,137
2026-07-09 07:54:00,74.724,74.8,74.72,74.79,2250
2026-07-09 07:55:00,74.8,74.8,74.67,74.67,679
2026-07-09 07:56:00,74.69,74.69,74.6,74.6681,4898
2026-07-09 07:57:00,74.58,74.61,74.57,74.57,4916
2026-07-09 07:58:00,74.5749,74.6693,74.5749,74.6693,2600
2026-07-09 07:59:00,74.66,74.6698,74.5983,74.5983,4027
2026-07-09 08:00:00,74.58,74.597,74.58,74.5961,1436
2026-07-09 08:01:00,74.56,74.56,74.45,74.45,2966
2026-07-09 08:02:00,74.5,74.56,74.5,74.56,300
2026-07-09 08:03:00,74.59,74.6,74.5281,74.5988,2172
2026-07-09 08:04:00,74.58,74.5979,74.56,74.595,2629
2026-07-09 08:05:00,74.59,74.5949,74.55,74.55,300
2026-07-09 08:06:00,74.59,74.5944,74.59,74.5944,733
2026-07-09 08:07:00,74.55,74.6,74.55,74.59,2108
2026-07-09 08:08:00,74.57,74.59,74.57,74.59,834
2026-07-09 08:10:00,74.5946,74.6,74.59,74.59,2919
2026-07-09 08:11:00,74.5997,74.5999,74.59,74.59,1680
2026-07-09 08:12:00,74.57,74.5987,74.55,74.57,4126
2026-07-09 08:13:00,74.5401,74.5922,74.54,74.5922,300
2026-07-09 08:14:00,74.588,74.588,74.588,74.588,200
2026-07-09 08:15:00,74.56,74.56,74.52,74.52,3719
2026-07-09 08:16:00,74.51,74.5662,74.38,74.5662,4431
2026-07-09 08:17:00,74.5,74.5151,74.4261,74.5,2400
2026-07-09 08:18:00,74.4335,74.4658,74.3,74.45,7430
2026-07-09 08:19:00,74.45,74.4932,74.4,74.4484,2680
2026-07-09 08:20:00,74.4869,74.4869,74.4869,74.4869,1500
2026-07-09 08:21:00,74.45,74.45,74.4,74.45,1058
2026-07-09 08:22:00,74.37,74.4,74.349,74.349,1219
2026-07-09 08:23:00,74.4,74.4,74.38,74.38,3300
2026-07-09 08:24:00,74.35,74.49,74.33,74.4653,1947
2026-07-09 08:25:00,74.4,74.4228,74.35,74.35,2560
2026-07-09 08:26:00,74.4544,74.4544,74.4,74.4439,474
2026-07-09 08:27:00,74.39,74.42,74.39,74.4,2135
2026-07-09 08:28:00,74.35,74.44,74.35,74.4015,950
2026-07-09 08:29:00,74.3992,74.3992,74.3728,74.3728,570
2026-07-09 08:30:00,74.35,74.4,74.35,74.4,14507
2026-07-09 08:32:00,74.3943,74.49,74.3943,74.4798,3982
2026-07-09 08:33:00,74.49,74.49,74.3,74.3313,16326
2026-07-09 08:34:00,74.4483,74.45,74.44,74.45,410
2026-07-09 08:35:00,74.3779,74.45,74.3779,74.45,300
2026-07-09 08:36:00,74.3853,74.45,74.3853,74.45,735
2026-07-09 08:37:00,74.4445,74.45,74.4445,74.4492,725
2026-07-09 08:38:00,74.43,74.43,74.4,74.4,2320
2026-07-09 08:39:00,74.43,74.43,74.43,74.43,100
2026-07-09 08:40:00,74.45,74.45,74.34,74.34,1357
2026-07-09 08:41:00,74.39,74.55,74.362,74.55,43269
2026-07-09 08:42:00,74.55,74.55,74.48,74.5399,36693
2026-07-09 08:43:00,74.5,74.53,74.3786,74.53,15469
2026-07-09 08:44:00,74.54,74.58,74.45,74.45,4792
2026-07-09 08:45:00,74.52,74.55,74.52,74.5352,6200
2026-07-09 08:46:00,74.53,74.58,74.5,74.5,1750
2026-07-09 08:47:00,74.55,74.55,74.55,74.55,165
2026-07-09 08:48:00,74.6,74.6222,74.59,74.59,467
2026-07-09 08:49:00,74.63,74.65,74.63,74.65,517
2026-07-09 08:50:00,74.6399,74.6399,74.55,74.5617,1522
2026-07-09 08:51:00,74.6129,74.6129,74.5861,74.5861,254
2026-07-09 08:52:00,74.5861,74.5861,74.45,74.45,3232
2026-07-09 08:53:00,74.45,74.45,74.33,74.3912,1323
2026-07-09 08:54:00,74.4,74.4,74.39,74.4,3102
2026-07-09 08:55:00,74.4,74.4,74.3377,74.4,1546
2026-07-09 08:57:00,74.4,74.5,74.4,74.49,1100
2026-07-09 08:58:00,74.4224,74.4696,74.33,74.4696,2797
2026-07-09 09:01:00,74.4,74.46,74.4,74.46,1200
2026-07-09 09:02:00,74.46,74.5,74.46,74.5,4350
2026-07-09 09:03:00,74.56,74.56,74.4,74.49,2700
2026-07-09 09:04:00,74.4904,74.56,74.48,74.51,9521
2026-07-09 09:05:00,74.5306,74.5306,74.5306,74.5306,185
2026-07-09 09:07:00,74.5392,74.5392,74.5392,74.5392,250
2026-07-09 09:08:00,74.4208,74.56,74.4208,74.5457,300
2026-07-09 09:09:00,74.54,74.54,74.48,74.54,304
2026-07-09 09:10:00,74.4601,74.4773,74.46,74.461,986
2026-07-09 09:12:00,74.5462,74.5462,74.52,74.5369,4054
2026-07-09 09:13:00,74.5,74.5469,74.5,74.5469,700
2026-07-09 09:14:00,74.5262,74.5262,74.48,74.48,2261
2026-07-09 09:15:00,74.4948,74.5,74.48,74.5,837
2026-07-09 09:16:00,74.5,74.58,74.5,74.58,4481
2026-07-09 09:17:00,74.5719,74.5779,74.5719,74.5779,450
2026-07-09 09:19:00,74.568,74.5733,74.5202,74.5202,2100
2026-07-09 09:20:00,74.5267,74.58,74.52,74.53,2836
2026-07-09 09:21:00,74.55,74.55,74.52,74.532,1984
2026-07-09 09:22:00,74.5761,74.58,74.5761,74.58,2100
2026-07-09 09:23:00,74.55,74.73,74.55,74.73,3568
2026-07-09 09:24:00,74.64,74.73,74.64,74.7,6533
2026-07-09 09:25:00,74.7,74.71,74.55,74.63,4198
2026-07-09 09:26:00,74.5,74.65,74.46,74.65,4869
2026-07-09 09:27:00,74.6,74.6,74.15,74.18,7065
2026-07-09 09:28:00,74.3,74.3,74.16,74.18,1481
2026-07-09 09:29:00,74.2,74.26,74.17,74.17,6445
2026-07-09 09:30:00,74.21,74.59,74.02,74.465,700615
2026-07-09 09:31:00,74.4592,74.5399,74.2,74.235,90381
2026-07-09 09:32:00,74.24,74.35,74.02,74.335,104630
2026-07-09 09:33:00,74.33,74.54,74.2701,74.5,93843
2026-07-09 09:34:00,74.5,74.61,74.38,74.58,67215
2026-07-09 09:35:00,74.57,74.71,74.46,74.59,83217
2026-07-09 09:36:00,74.6101,74.73,74.56,74.71,60351
2026-07-09 09:37:00,74.72,74.81,74.72,74.783,66756
2026-07-09 09:38:00,74.78,74.985,74.77,74.985,65134
2026-07-09 09:39:00,75,75.03,74.9,75.01,98670
2026-07-09 09:40:00,75.02,75.15,74.9701,75.04,50897
2026-07-09 09:41:00,75.04,75.05,74.94,74.98,72170
2026-07-09 09:42:00,74.97,75.065,74.97,75.01,63452
2026-07-09 09:43:00,75.02,75.23,74.99,75.195,61078
2026-07-09 09:44:00,75.195,75.21,75,75.06,64716
2026-07-09 09:45:00,75.055,75.23,75.055,75.22,38853
2026-07-09 09:46:00,75.215,75.215,75.07,75.165,44262
2026-07-09 09:47:00,75.165,75.34,75.165,75.33,62551
2026-07-09 09:48:00,75.34,75.36,75.2266,75.28,55192
2026-07-09 09:49:00,75.28,75.34,75.12,75.32,116281
2026-07-09 09:50:00,75.315,75.32,75.23,75.24,58227
2026-07-09 09:51:00,75.255,75.2838,75.155,75.28,49073
2026-07-09 09:52:00,75.28,75.34,75.23,75.29,51919
2026-07-09 09:53:00,75.28,75.4,75.24,75.385,48918
2026-07-09 09:54:00,75.3991,75.3991,75.26,75.37,41761
2026-07-09 09:55:00,75.37,75.37,75.31,75.315,34720
2026-07-09 09:56:00,75.315,75.315,75.23,75.31,32524
2026-07-09 09:57:00,75.31,75.43,75.28,75.35,30162
2026-07-09 09:58:00,75.36,75.42,75.34,75.39,37866
2026-07-09 09:59:00,75.38,75.43,75.215,75.28,48810
2026-07-09 10:00:00,75.28,75.28,75.15,75.265,45911
2026-07-09 10:01:00,75.265,75.265,75.17,75.225,83314
2026-07-09 10:02:00,75.225,75.355,75.225,75.28,86584
2026-07-09 10:03:00,75.2961,75.42,75.2697,75.385,70400
2026-07-09 10:04:00,75.385,75.4302,75.345,75.355,35069
2026-07-09 10:05:00,75.35,75.41,75.3201,75.3599,41128
2026-07-09 10:06:00,75.365,75.365,75.21,75.2717,38402
2026-07-09 10:07:00,75.27,75.34,75.255,75.32,29802
2026-07-09 10:08:00,75.325,75.415,75.325,75.375,52545
2026-07-09 10:09:00,75.38,75.41,75.36,75.38,25754
2026-07-09 10:10:00,75.38,75.4599,75.28,75.41,88683
2026-07-09 10:11:00,75.42,75.45,75.395,75.45,90130
2026-07-09 10:12:00,75.459,75.48,75.4,75.435,34671
2026-07-09 10:13:00,75.43,75.455,75.38,75.4,54849
2026-07-09 10:14:00,75.4,75.44,75.28,75.285,47188
2026-07-09 10:15:00,75.29,75.335,75.15,75.21,69891
2026-07-09 10:16:00,75.22,75.29,75.19,75.25,71209
2026-07-09 10:17:00,75.255,75.255,75.02,75.06,50968
2026-07-09 10:18:00,75.08,75.15,75.065,75.145,29603
2026-07-09 10:19:00,75.145,75.158,75.08,75.12,79912
2026-07-09 10:20:00,75.12,75.34,75.1,75.34,91488
2026-07-09 10:21:00,75.335,75.37,75.24,75.3,67511
2026-07-09 10:22:00,75.31,75.345,75.1902,75.24,92367
2026-07-09 10:23:00,75.245,75.245,75.13,75.215,44068
2026-07-09 10:24:00,75.2,75.2,75.1004,75.12,38632
2026-07-09 10:25:00,75.13,75.17,75.075,75.16,42751
2026-07-09 10:26:00,75.17,75.18,75.1,75.1,87387
2026-07-09 10:27:00,75.105,75.11,74.91,74.9424,119843
2026-07-09 10:28:00,74.96,74.97,74.9001,74.945,92869
2026-07-09 10:29:00,74.945,74.9899,74.89,74.915,41737
2026-07-09 10:30:00,74.91,74.9256,74.8655,74.88,33426
2026-07-09 10:31:00,74.87,74.87,74.76,74.82,73952
2026-07-09 10:32:00,74.82,74.9093,74.8101,74.8799,36703
2026-07-09 10:33:00,74.88,74.9,74.68,74.725,58636
2026-07-09 10:34:00,74.72,74.75,74.7,74.735,39373
2026-07-09 10:35:00,74.74,74.765,74.72,74.725,44739
2026-07-09 10:36:00,74.725,74.8599,74.67,74.67,51971
2026-07-09 10:37:00,74.67,74.67,74.57,74.57,69507
2026-07-09 10:38:00,74.57,74.59,74.54,74.565,54911
2026-07-09 10:39:00,74.57,74.61,74.56,74.6,44850
2026-07-09 10:40:00,74.6099,74.8301,74.53,74.56,74457
2026-07-09 10:41:00,74.54,74.54,74.45,74.46,64025
2026-07-09 10:42:00,74.47,74.51,74.41,74.42,55888
2026-07-09 10:43:00,74.42,74.49,74.41,74.4714,57002
2026-07-09 10:44:00,74.465,74.475,74.3,74.32,97646
2026-07-09 10:45:00,74.32,74.3766,74.305,74.365,79947
2026-07-09 10:46:00,74.365,74.38,74.31,74.33,50642
2026-07-09 10:47:00,74.3301,74.405,74.3301,74.4,52479
2026-07-09 10:48:00,74.4,74.41,74.385,74.385,39231
2026-07-09 10:49:00,74.38,74.38,74.315,74.325,61183
2026-07-09 10:50:00,74.33,74.41,74.3275,74.39,69423
2026-07-09 10:51:00,74.39,74.49,74.39,74.45,71780
2026-07-09 10:52:00,74.45,74.48,74.44,74.47,56543
2026-07-09 10:53:00,74.48,74.55,74.45,74.54,53940
2026-07-09 10:54:00,74.54,74.67,74.54,74.61,51997
2026-07-09 10:55:00,74.62,74.62,74.55,74.58,38032
2026-07-09 10:56:00,74.58,74.61,74.51,74.54,42123
2026-07-09 10:57:00,74.53,74.659,74.53,74.65,33798
2026-07-09 10:58:00,74.655,74.66,74.59,74.6,46459
2026-07-09 10:59:00,74.61,74.66,74.585,74.645,65994
2026-07-09 11:00:00,74.65,74.77,74.6451,74.77,37950
2026-07-09 11:01:00,74.77,74.79,74.7301,74.7897,38718
2026-07-09 11:02:00,74.79,74.86,74.7704,74.8005,78471
2026-07-09 11:03:00,74.805,74.85,74.8,74.8299,37522
2026-07-09 11:04:00,74.815,74.85,74.775,74.84,67874
2026-07-09 11:05:00,74.83,74.875,74.78,74.855,71979
2026-07-09 11:06:00,74.8501,74.855,74.77,74.83,44815
2026-07-09 11:07:00,74.825,74.8399,74.78,74.835,34474
2026-07-09 11:08:00,74.835,74.88,74.79,74.81,44709
2026-07-09 11:09:00,74.8,74.86,74.785,74.825,89691
2026-07-09 11:10:00,74.825,74.835,74.79,74.8001,31406
2026-07-09 11:11:00,74.81,74.82,74.74,74.79,58737
2026-07-09 11:12:00,74.785,74.85,74.7786,74.79,35431
2026-07-09 11:13:00,74.785,74.865,74.78,74.85,80668
2026-07-09 11:14:00,74.865,74.865,74.8026,74.815,20942
2026-07-09 11:15:00,74.815,74.9399,74.815,74.915,57184
2026-07-09 11:16:00,74.915,74.92,74.845,74.845,60957
2026-07-09 11:17:00,74.845,74.85,74.815,74.83,48825
2026-07-09 11:18:00,74.8339,74.84,74.795,74.795,58755
2026-07-09 11:19:00,74.795,74.85,74.775,74.85,29599
2026-07-09 11:20:00,74.84,74.845,74.77,74.82,49845
2026-07-09 11:21:00,74.82,74.86,74.795,74.815,35769
2026-07-09 11:22:00,74.815,74.815,74.76,74.77,28177
2026-07-09 11:23:00,74.775,74.785,74.7501,74.755,30164
2026-07-09 11:24:00,74.755,74.78,74.75,74.775,39500
2026-07-09 11:25:00,74.775,74.81,74.765,74.805,37064
2026-07-09 11:26:00,74.805,74.805,74.74,74.775,49640
2026-07-09 11:27:00,74.78,74.79,74.745,74.775,36006
2026-07-09 11:28:00,74.775,74.805,74.755,74.76,41852
2026-07-09 11:29:00,74.755,74.795,74.74,74.79,38804
2026-07-09 11:30:00,74.79,74.81,74.78,74.805,17934
2026-07-09 11:31:00,74.8013,74.835,74.745,74.745,44728
2026-07-09 11:32:00,74.745,74.745,74.62,74.67,121113
2026-07-09 11:33:00,74.67,74.68,74.625,74.625,70745
2026-07-09 11:34:00,74.6265,74.645,74.56,74.59,82474
2026-07-09 11:35:00,74.585,74.65,74.575,74.625,66579
2026-07-09 11:36:00,74.6299,74.66,74.6,74.645,49505
2026-07-09 11:37:00,74.645,74.69,74.615,74.685,39063
2026-07-09 11:38:00,74.69,74.72,74.665,74.675,41641
2026-07-09 11:39:00,74.68,74.685,74.64,74.665,41979
2026-07-09 11:40:00,74.665,74.67,74.57,74.6,70862
2026-07-09 11:41:00,74.61,74.68,74.605,74.675,50977
2026-07-09 11:42:00,74.675,74.675,74.625,74.64,35598
2026-07-09 11:43:00,74.64,74.675,74.635,74.65,36406
2026-07-09 11:44:00,74.66,74.695,74.61,74.615,28006
2026-07-09 11:45:00,74.62,74.65,74.57,74.575,49009
2026-07-09 11:46:00,74.58,74.645,74.575,74.635,50400
2026-07-09 11:47:00,74.64,74.6599,74.62,74.625,46281
2026-07-09 11:48:00,74.6372,74.66,74.62,74.655,28615
2026-07-09 11:49:00,74.659,74.659,74.6,74.615,35730
2026-07-09 11:50:00,74.62,74.68,74.6,74.67,34885
2026-07-09 11:51:00,74.665,74.67,74.61,74.625,44210
2026-07-09 11:52:00,74.625,74.6387,74.6,74.605,37291
2026-07-09 11:53:00,74.61,74.65,74.5,74.52,67390
2026-07-09 11:54:00,74.515,74.55,74.515,74.535,40942
2026-07-09 11:55:00,74.54,74.565,74.54,74.545,26606
2026-07-09 11:56:00,74.55,74.57,74.53,74.53,34830
2026-07-09 11:57:00,74.535,74.535,74.39,74.443,120437
2026-07-09 11:58:00,74.45,74.485,74.445,74.475,26009
2026-07-09 11:59:00,74.475,74.505,74.46,74.465,50850
2026-07-09 12:00:00,74.47,74.495,74.38,74.425,116010
2026-07-09 12:01:00,74.43,74.46,74.38,74.4199,33047
2026-07-09 12:02:00,74.42,74.47,74.405,74.465,45273
2026-07-09 12:03:00,74.465,74.485,74.44,74.455,42835
2026-07-09 12:04:00,74.455,74.5,74.44,74.485,34675
2026-07-09 12:05:00,74.485,74.53,74.485,74.505,54914
2026-07-09 12:06:00,74.505,74.53,74.495,74.495,35656
2026-07-09 12:07:00,74.49,74.55,74.4301,74.455,61441
2026-07-09 12:08:00,74.4531,74.47,74.395,74.41,32988
2026-07-09 12:09:00,74.405,74.405,74.3,74.305,79596
2026-07-09 12:10:00,74.31,74.375,74.3,74.325,61403
2026-07-09 12:11:00,74.325,74.35,74.305,74.345,35794
2026-07-09 12:12:00,74.34,74.34,74.32,74.32,30948
2026-07-09 12:13:00,74.315,74.355,74.3,74.3499,53796
2026-07-09 12:14:00,74.35,74.39,74.31,74.3899,33007
2026-07-09 12:15:00,74.385,74.41,74.375,74.3754,23371
2026-07-09 12:16:00,74.375,74.405,74.36,74.405,50429
2026-07-09 12:17:00,74.4,74.47,74.4,74.45,56533
2026-07-09 12:18:00,74.45,74.475,74.41,74.4255,28883
2026-07-09 12:19:00,74.425,74.45,74.415,74.425,36383
2026-07-09 12:20:00,74.425,74.47,74.425,74.445,28730
2026-07-09 12:21:00,74.445,74.47,74.43,74.46,32315
2026-07-09 12:22:00,74.46,74.495,74.44,74.485,25642
2026-07-09 12:23:00,74.485,74.51,74.46,74.495,35874
2026-07-09 12:24:00,74.5,74.505,74.475,74.475,21846
2026-07-09 12:25:00,74.475,74.48,74.425,74.475,47477
2026-07-09 12:26:00,74.48,74.48,74.38,74.405,49586
2026-07-09 12:27:00,74.405,74.41,74.36,74.36,37991
2026-07-09 12:28:00,74.3651,74.38,74.33,74.365,52112
2026-07-09 12:29:00,74.37,74.42,74.365,74.405,28807
2026-07-09 12:30:00,74.405,74.4298,74.39,74.415,40529
2026-07-09 12:31:00,74.42,74.45,74.405,74.415,39122
2026-07-09 12:32:00,74.42,74.44,74.385,74.435,50993
2026-07-09 12:33:00,74.435,74.515,74.4301,74.5097,33012
2026-07-09 12:34:00,74.505,74.5287,74.445,74.455,30658
2026-07-09 12:35:00,74.46,74.475,74.45,74.465,33217
2026-07-09 12:36:00,74.47,74.525,74.455,74.505,53077
2026-07-09 12:37:00,74.51,74.52,74.48,74.505,36696
2026-07-09 12:38:00,74.5001,74.5679,74.49,74.5679,43292
2026-07-09 12:39:00,74.565,74.59,74.5,74.55,32472
2026-07-09 12:40:00,74.55,74.55,74.51,74.5199,28218
2026-07-09 12:41:00,74.5199,74.585,74.515,74.58,27290
2026-07-09 12:42:00,74.58,74.58,74.56,74.565,28404
2026-07-09 12:43:00,74.565,74.57,74.54,74.56,18029
2026-07-09 12:44:00,74.565,74.565,74.53,74.53,32235
2026-07-09 12:45:00,74.54,74.59,74.54,74.575,24935
2026-07-09 12:46:00,74.575,74.575,74.54,74.545,32126
2026-07-09 12:47:00,74.55,74.595,74.51,74.5131,21602
2026-07-09 12:48:00,74.51,74.51,74.455,74.485,34309
2026-07-09 12:49:00,74.48,74.49,74.46,74.485,29662
2026-07-09 12:50:00,74.49,74.5,74.4601,74.475,16906
2026-07-09 12:51:00,74.475,74.495,74.47,74.495,27427
2026-07-09 12:52:00,74.49,74.5,74.48,74.5,26042
2026-07-09 12:53:00,74.5,74.53,74.495,74.515,35678
2026-07-09 12:54:00,74.515,74.515,74.44,74.465,46615
2026-07-09 12:55:00,74.46,74.49,74.44,74.475,48074
2026-07-09 12:56:00,74.47,74.51,74.46,74.475,44167
2026-07-09 12:57:00,74.48,74.53,74.48,74.495,42282
2026-07-09 12:58:00,74.495,74.5,74.47,74.5,24967
2026-07-09 12:59:00,74.495,74.5,74.47,74.48,27794
2026-07-09 13:00:00,74.485,74.485,74.44,74.465,36676
2026-07-09 13:01:00,74.465,74.47,74.45,74.455,38555
2026-07-09 13:02:00,74.455,74.51,74.415,74.51,75292
2026-07-09 13:03:00,74.51,74.545,74.47,74.545,36928
2026-07-09 13:04:00,74.55,74.555,74.47,74.475,47206
2026-07-09 13:05:00,74.48,74.49,74.45,74.465,24815
2026-07-09 13:06:00,74.465,74.465,74.395,74.395,42157
2026-07-09 13:07:00,74.395,74.42,74.39,74.405,35641
2026-07-09 13:08:00,74.4,74.41,74.375,74.375,32228
2026-07-09 13:09:00,74.37,74.38,74.33,74.365,57185
2026-07-09 13:10:00,74.365,74.37,74.345,74.365,37970
2026-07-09 13:11:00,74.37,74.389,74.36,74.375,45353
2026-07-09 13:12:00,74.38,74.435,74.38,74.435,29863
2026-07-09 13:13:00,74.4314,74.44,74.4,74.415,42670
2026-07-09 13:14:00,74.42,74.43,74.41,74.43,40799
2026-07-09 13:15:00,74.425,74.475,74.42,74.4675,67653
2026-07-09 13:16:00,74.47,74.485,74.445,74.455,56755
2026-07-09 13:17:00,74.455,74.47,74.445,74.455,27761
2026-07-09 13:18:00,74.455,74.48,74.435,74.45,75863
2026-07-09 13:19:00,74.445,74.46,74.43,74.435,41760
2026-07-09 13:20:00,74.435,74.45,74.4126,74.435,47733
2026-07-09 13:21:00,74.4338,74.44,74.38,74.39,37629
2026-07-09 13:22:00,74.39,74.405,74.37,74.375,53671
2026-07-09 13:23:00,74.375,74.39,74.335,74.375,56879
2026-07-09 13:24:00,74.375,74.375,74.3503,74.355,35954
2026-07-09 13:25:00,74.36,74.43,74.36,74.4213,75774
2026-07-09 13:26:00,74.4209,74.435,74.405,74.435,51374
2026-07-09 13:27:00,74.435,74.48,74.43,74.465,61758
2026-07-09 13:28:00,74.465,74.555,74.41,74.55,114146
2026-07-09 13:29:00,74.55,74.65,74.545,74.62,124157
2026-07-09 13:30:00,74.62,74.64,74.575,74.575,60936
2026-07-09 13:31:00,74.57,74.675,74.57,74.64,92187
2026-07-09 13:32:00,74.65,74.675,74.63,74.67,30203
2026-07-09 13:33:00,74.68,74.7,74.655,74.685,29045
2026-07-09 13:34:00,74.685,74.815,74.675,74.795,76728
2026-07-09 13:35:00,74.79,74.795,74.7301,74.755,52991
2026-07-09 13:36:00,74.75,74.7504,74.64,74.73,184253
2026-07-09 13:37:00,74.7281,74.76,74.725,74.755,20400
2026-07-09 13:38:00,74.755,74.815,74.68,74.81,59366
2026-07-09 13:39:00,74.815,74.815,74.74,74.755,34277
2026-07-09 13:40:00,74.76,74.78,74.715,74.73,51713
2026-07-09 13:41:00,74.735,74.775,74.735,74.75,32081
2026-07-09 13:42:00,74.7502,74.795,74.74,74.7564,35362
2026-07-09 13:43:00,74.755,74.8,74.745,74.78,23533
2026-07-09 13:44:00,74.785,74.82,74.78,74.805,44912
2026-07-09 13:45:00,74.805,74.82,74.8037,74.81,34367
2026-07-09 13:46:00,74.815,74.82,74.8,74.805,20453
2026-07-09 13:47:00,74.805,74.815,74.775,74.78,38587
2026-07-09 13:48:00,74.775,74.78,74.715,74.765,50362
2026-07-09 13:49:00,74.77,74.84,74.766,74.835,33734
2026-07-09 13:50:00,74.835,74.89,74.8329,74.88,26615
2026-07-09 13:51:00,74.8739,74.9,74.8,74.8,43545
2026-07-09 13:52:00,74.8,74.8599,74.77,74.84,51057
2026-07-09 13:53:00,74.849,74.85,74.7901,74.7901,20030
2026-07-09 13:54:00,74.795,74.8,74.73,74.74,69866
2026-07-09 13:55:00,74.74,74.77,74.72,74.745,23315
2026-07-09 13:56:00,74.745,74.745,74.72,74.735,27684
2026-07-09 13:57:00,74.735,74.74,74.6601,74.68,53523
2026-07-09 13:58:00,74.68,74.74,74.66,74.685,57405
2026-07-09 13:59:00,74.685,74.72,74.685,74.7,14059
2026-07-09 14:00:00,74.705,74.72,74.695,74.695,20058
2026-07-09 14:01:00,74.7,74.725,74.695,74.71,24447
2026-07-09 14:02:00,74.715,74.745,74.68,74.72,31234
2026-07-09 14:03:00,74.72,74.76,74.705,74.725,34796
2026-07-09 14:04:00,74.726,74.76,74.72,74.745,33518
2026-07-09 14:05:00,74.745,74.82,74.745,74.79,42346
2026-07-09 14:06:00,74.795,74.8,74.76,74.795,26050
2026-07-09 14:07:00,74.8,74.825,74.78,74.805,49421
2026-07-09 14:08:00,74.805,74.805,74.665,74.665,34146
2026-07-09 14:09:00,74.665,74.67,74.59,74.63,43788
2026-07-09 14:10:00,74.62,74.63,74.605,74.6136,16211
2026-07-09 14:11:00,74.615,74.7099,74.615,74.7099,28881
2026-07-09 14:12:00,74.705,74.715,74.67,74.6703,20680
2026-07-09 14:13:00,74.675,74.77,74.665,74.77,21316
2026-07-09 14:14:00,74.77,74.79,74.735,74.78,30830
2026-07-09 14:15:00,74.7892,74.81,74.74,74.75,26379
2026-07-09 14:16:00,74.745,74.7599,74.71,74.73,27083
2026-07-09 14:17:00,74.74,74.825,74.74,74.81,42864
2026-07-09 14:18:00,74.8,74.825,74.79,74.795,24695
2026-07-09 14:19:00,74.8,74.8051,74.78,74.795,16916
2026-07-09 14:20:00,74.795,74.815,74.795,74.805,23681
2026-07-09 14:21:00,74.805,74.815,74.79,74.815,21941
2026-07-09 14:22:00,74.815,74.815,74.775,74.81,23877
2026-07-09 14:23:00,74.805,74.81,74.7939,74.795,26032
2026-07-09 14:24:00,74.795,74.795,74.765,74.78,22762
2026-07-09 14:25:00,74.78,74.81,74.77,74.805,30068
2026-07-09 14:26:00,74.805,74.83,74.7834,74.785,28110
2026-07-09 14:27:00,74.785,74.81,74.78,74.785,21186
2026-07-09 14:28:00,74.785,74.8,74.76,74.775,25056
2026-07-09 14:29:00,74.775,74.81,74.77,74.81,32459
2026-07-09 14:30:00,74.8001,74.805,74.755,74.775,26042
2026-07-09 14:31:00,74.775,74.79,74.76,74.775,18574
2026-07-09 14:32:00,74.775,74.785,74.73,74.73,34046
2026-07-09 14:33:00,74.735,74.745,74.72,74.745,23428
2026-07-09 14:34:00,74.745,74.775,74.74,74.77,18744
2026-07-09 14:35:00,74.775,74.81,74.775,74.785,28506
2026-07-09 14:36:00,74.785,74.785,74.7,74.735,78891
2026-07-09 14:37:00,74.7318,74.7368,74.7,74.72,22463
2026-07-09 14:38:00,74.715,74.74,74.71,74.725,30650
2026-07-09 14:39:00,74.725,74.725,74.69,74.71,31815
2026-07-09 14:40:00,74.705,74.73,74.705,74.725,29565
2026-07-09 14:41:00,74.725,74.7299,74.67,74.69,35626
2026-07-09 14:42:00,74.685,74.69,74.63,74.64,49625
2026-07-09 14:43:00,74.635,74.6362,74.615,74.625,27925
2026-07-09 14:44:00,74.63,74.6691,74.62,74.655,34970
2026-07-09 14:45:00,74.655,74.655,74.625,74.635,36394
2026-07-09 14:46:00,74.64,74.67,74.64,74.665,53558
2026-07-09 14:47:00,74.67,74.68,74.63,74.6651,39443
2026-07-09 14:48:00,74.665,74.71,74.66,74.675,38837
2026-07-09 14:49:00,74.675,74.71,74.675,74.705,21078
2026-07-09 14:50:00,74.705,74.73,74.69,74.705,40348
2026-07-09 14:51:00,74.705,74.735,74.7,74.725,19906
2026-07-09 14:52:00,74.725,74.765,74.715,74.765,34760
2026-07-09 14:53:00,74.765,74.795,74.76,74.785,25616
2026-07-09 14:54:00,74.7851,74.8,74.77,74.795,55623
2026-07-09 14:55:00,74.795,74.8199,74.775,74.775,54947
2026-07-09 14:56:00,74.775,74.7851,74.75,74.785,30427
2026-07-09 14:57:00,74.79,74.81,74.775,74.804,27998
2026-07-09 14:58:00,74.8,74.805,74.77,74.795,25073
2026-07-09 14:59:00,74.8,74.8197,74.79,74.805,43371
2026-07-09 15:00:00,74.8035,74.85,74.795,74.825,44315
2026-07-09 15:01:00,74.825,74.855,74.815,74.845,38715
2026-07-09 15:02:00,74.8401,74.845,74.8,74.8314,43478
2026-07-09 15:03:00,74.835,74.875,74.835,74.86,36368
2026-07-09 15:04:00,74.855,74.8898,74.85,74.875,50745
2026-07-09 15:05:00,74.875,74.89,74.8647,74.865,29157
2026-07-09 15:06:00,74.86,74.86,74.82,74.84,27002
2026-07-09 15:07:00,74.8499,74.8499,74.8,74.835,33309
2026-07-09 15:08:00,74.835,74.86,74.83,74.845,22733
2026-07-09 15:09:00,74.845,74.88,74.845,74.845,34056
2026-07-09 15:10:00,74.845,74.8899,74.845,74.875,33902
2026-07-09 15:11:00,74.8799,74.8951,74.875,74.89,27853
2026-07-09 15:12:00,74.88,74.91,74.88,74.885,66632
2026-07-09 15:13:00,74.885,74.89,74.87,74.885,25316
2026-07-09 15:14:00,74.885,74.89,74.855,74.865,51659
2026-07-09 15:15:00,74.865,74.94,74.865,74.9101,44223
2026-07-09 15:16:00,74.915,74.915,74.84,74.8499,57767
2026-07-09 15:17:00,74.85,74.86,74.805,74.825,32018
2026-07-09 15:18:00,74.825,74.825,74.79,74.795,61917
2026-07-09 15:19:00,74.795,74.85,74.79,74.815,77410
2026-07-09 15:20:00,74.815,74.84,74.8,74.815,65420
2026-07-09 15:21:00,74.815,74.835,74.79,74.825,65410
2026-07-09 15:22:00,74.825,74.84,74.8203,74.83,30234
2026-07-09 15:23:00,74.835,74.865,74.82,74.835,36968
2026-07-09 15:24:00,74.84,74.86,74.825,74.845,25825
2026-07-09 15:25:00,74.845,74.89,74.845,74.865,45432
2026-07-09 15:26:00,74.865,74.89,74.86,74.885,29897
2026-07-09 15:27:00,74.885,74.92,74.88,74.888,41596
2026-07-09 15:28:00,74.885,74.9,74.8801,74.895,21840
2026-07-09 15:29:00,74.895,74.9,74.87,74.895,41637
2026-07-09 15:30:00,74.9,74.91,74.86,74.865,50606
2026-07-09 15:31:00,74.865,74.875,74.83,74.86,115937
2026-07-09 15:32:00,74.855,74.88,74.84,74.846,91465
2026-07-09 15:33:00,74.85,74.965,74.835,74.96,118677
2026-07-09 15:34:00,74.965,75,74.96,74.965,42554
2026-07-09 15:35:00,74.97,75.035,74.965,75.015,54759
2026-07-09 15:36:00,75.02,75.035,74.97,75.02,48129
2026-07-09 15:37:00,75.025,75.05,74.985,75.02,54352
2026-07-09 15:38:00,75.025,75.045,74.99,75.0299,57019
2026-07-09 15:39:00,75.025,75.04,74.99,75.015,33664
2026-07-09 15:40:00,75.015,75.13,75.015,75.13,77477
2026-07-09 15:41:00,75.135,75.14,75.09,75.11,73051
2026-07-09 15:42:00,75.115,75.165,75.11,75.145,124644
2026-07-09 15:43:00,75.145,75.145,75.055,75.075,127776
2026-07-09 15:44:00,75.075,75.0851,75.025,75.03,61054
2026-07-09 15:45:00,75.04,75.06,74.98,75.005,68528
2026-07-09 15:46:00,75.005,75.03,74.985,74.985,41937
2026-07-09 15:47:00,74.985,75.06,74.97,75.04,275011
2026-07-09 15:48:00,75.055,75.09,75.025,75.025,41971
2026-07-09 15:49:00,75.025,75.09,74.99,75.045,85180
2026-07-09 15:50:00,75.05,75.215,75.05,75.21,150089
2026-07-09 15:51:00,75.2044,75.2044,75.13,75.135,108766
2026-07-09 15:52:00,75.135,75.16,75.08,75.08,95476
2026-07-09 15:53:00,75.08,75.26,75.08,75.26,119168
2026-07-09 15:54:00,75.26,75.45,75.2531,75.425,177755
2026-07-09 15:55:00,75.42,75.48,75.315,75.405,327041
2026-07-09 15:56:00,75.4,75.54,75.4,75.525,236819
2026-07-09 15:57:00,75.525,75.545,75.5,75.505,224068
2026-07-09 15:58:00,75.51,75.55,75.495,75.505,282933
2026-07-09 15:59:00,75.505,75.505,75.38,75.45,660294
2026-07-09 16:00:00,75.47,75.54,75.46,75.46,4999631
2026-07-09 16:01:00,75.47,75.47,75.32,75.4,7686
2026-07-09 16:02:00,75.4688,75.4688,75.3983,75.45,1400
2026-07-09 16:03:00,75.46,75.46,75.4025,75.45,2777
2026-07-09 16:04:00,75.47,75.47,75.46,75.46,2872
2026-07-09 16:05:00,75.47,75.47,75.46,75.46,390
2026-07-09 16:06:00,75.47,75.47,75.4,75.4,1973
2026-07-09 16:07:00,75.45,75.45,75.3598,75.3598,3130
2026-07-09 16:08:00,75.47,75.47,75.39,75.46,409337
2026-07-09 16:09:00,75.46,75.51,75.37,75.43,82013
2026-07-09 16:10:00,75.4501,75.5,75.4501,75.5,1100
2026-07-09 16:11:00,75.52,75.52,75.52,75.52,1963
2026-07-09 16:12:00,75.45,75.45,75.45,75.45,500
2026-07-09 16:13:00,75.34,75.47,75.34,75.47,200
2026-07-09 16:14:00,75.46,75.46,75.46,75.46,183
2026-07-09 16:15:00,75.4102,75.4102,75.4102,75.4102,400
2026-07-09 16:16:00,75.5,75.5,75.45,75.46,454
2026-07-09 16:17:00,75.46,75.46,75.46,75.46,200
2026-07-09 16:18:00,75.43,75.43,75.41,75.412,548
2026-07-09 16:19:00,75.4,75.412,75.4,75.412,5774
2026-07-09 16:20:00,75.32,75.32,75.32,75.32,122
2026-07-09 16:21:00,75.32,75.45,75.32,75.41,5360
2026-07-09 16:22:00,75.396,75.396,75.34,75.34,201
2026-07-09 16:24:00,75.39,75.39,75.37,75.37,230
2026-07-09 16:25:00,75.3723,75.3723,75.3723,75.3723,666
2026-07-09 16:26:00,75.45,75.45,75.39,75.39,300
2026-07-09 16:28:00,75.3999,75.3999,75.3999,75.3999,100
2026-07-09 16:29:00,75.38,75.4,75.38,75.4,450
2026-07-09 16:31:00,75.4,75.4,75.39,75.39,226
2026-07-09 16:32:00,75.39,75.39,75.39,75.39,100
2026-07-09 16:33:00,75.4,75.4,75.4,75.4,1500
2026-07-09 16:34:00,75.39,75.39,75.35,75.35,349
2026-07-09 16:36:00,75.3562,75.3562,75.3562,75.3562,100
2026-07-09 16:37:00,75.35,75.35,75.35,75.35,100
2026-07-09 16:38:00,75.36,75.4,75.36,75.4,720
2026-07-09 16:40:00,75.35,75.35,75.35,75.35,150
2026-07-09 16:44:00,75.3998,75.3998,75.3998,75.3998,100
2026-07-09 16:45:00,75.38,75.3927,75.38,75.3927,200
2026-07-09 16:46:00,75.35,75.36,75.35,75.35,374
2026-07-09 16:47:00,75.37,75.37,75.3543,75.3543,200
2026-07-09 16:48:00,75.35,75.375,75.35,75.3543,2129
2026-07-09 16:49:00,75.375,75.4,75.375,75.4,227
2026-07-09 16:50:00,75.36,75.58,75.36,75.52,17264
2026-07-09 16:52:00,75.46,75.46,75.46,75.46,124
2026-07-09 16:54:00,75.3861,75.3861,75.3861,75.3861,200
2026-07-09 16:55:00,75.41,75.41,75.41,75.41,113
2026-07-09 17:00:00,75.42,75.43,75.42,75.42,420
2026-07-09 17:01:00,75.4063,75.43,75.4063,75.43,320
2026-07-09 17:03:00,75.43,75.43,73.52,74.3,106154
2026-07-09 17:04:00,74.21,74.63,73.5,74,25805
2026-07-09 17:05:00,74,74.6,74,74.385,13376
2026-07-09 17:06:00,74.5,74.61,74.1825,74.61,26100
2026-07-09 17:07:00,74.68,75.43,74.5635,74.99,26527
2026-07-09 17:08:00,75,75.02,74.5677,74.71,26550
2026-07-09 17:09:00,74.6,74.72,74.3,74.32,20511
2026-07-09 17:10:00,74.5,74.549,74,74.2,25634
2026-07-09 17:11:00,74,74.04,73.66,73.923,25237
2026-07-09 17:12:00,73.93,74.11,73.86,74.0083,19751
2026-07-09 17:13:00,74,74.11,74,74,9976
2026-07-09 17:14:00,74.01,74.1139,73.95,74,15839
2026-07-09 17:15:00,73.9995,74.25,73.98,74,19130
2026-07-09 17:16:00,74.01,74.14,74,74.01,11233
2026-07-09 17:17:00,74.01,74.01,73.99,74,9783
2026-07-09 17:18:00,73.99,74.09,73.91,74.05,8868
2026-07-09 17:19:00,74.02,74.08,73.9,73.98,20022
2026-07-09 17:20:00,73.9974,74.08,73.9,73.9757,48165
2026-07-09 17:21:00,73.93,74,73.93,74,12755
2026-07-09 17:22:00,74,74.2,73.99,74.1,51129
2026-07-09 17:23:00,74.2,74.2,74.1,74.12,2300
2026-07-09 17:24:00,74.1,74.2,74.0548,74.16,13100
2026-07-09 17:25:00,74.19,74.4,74.19,74.38,13208
2026-07-09 17:26:00,74.38,74.38,74.2501,74.37,14354
2026-07-09 17:27:00,74.2282,74.48,74.2282,74.3911,10552
2026-07-09 17:28:00,74.4,74.4,74.3535,74.3999,1140
2026-07-09 17:29:00,74.38,74.42,74.36,74.3832,1668
2026-07-09 17:30:00,74.4,74.4648,74.365,74.365,3730
2026-07-09 17:31:00,74.32,74.4127,74.3,74.3,3672
2026-07-09 17:32:00,74.27,74.27,74.17,74.17,7310
2026-07-09 17:33:00,74.18,74.24,74.15,74.1528,2805
2026-07-09 17:34:00,74.2,74.25,74.16,74.17,3998
2026-07-09 17:35:00,74.17,74.21,74.15,74.21,2090
2026-07-09 17:36:00,74.2,74.21,74.14,74.17,5321
2026-07-09 17:37:00,74.185,74.19,74.1203,74.1203,5210
2026-07-09 17:38:00,74.15,74.2,74.15,74.2,1384
2026-07-09 17:39:00,74.25,74.25,74.1802,74.2,1725
2026-07-09 17:40:00,74.2,74.3,74.2,74.3,4704
2026-07-09 17:41:00,74.37,74.37,74.37,74.37,1900
2026-07-09 17:42:00,74.39,74.39,74.31,74.37,4853
2026-07-09 17:43:00,74.32,74.3658,74.31,74.35,2521
2026-07-09 17:44:00,74.35,74.43,74.3,74.43,4300
2026-07-09 17:45:00,74.42,74.42,74.3519,74.39,1040
2026-07-09 17:47:00,74.44,74.455,74.44,74.44,5260
2026-07-09 17:48:00,74.44,74.45,74.3981,74.4,911
2026-07-09 17:49:00,74.44,74.44,74.3916,74.4005,1700
2026-07-09 17:50:00,74.44,74.44,74.4,74.4388,620
2026-07-09 17:51:00,74.4,74.4,74.4,74.4,300
2026-07-09 17:52:00,74.4,74.438,74.4,74.4,408
2026-07-09 17:53:00,74.4348,74.4399,74.4,74.4036,2321
2026-07-09 17:54:00,74.41,74.41,74.41,74.41,100
2026-07-09 17:55:00,74.43,74.43,74.41,74.41,2515
2026-07-09 17:56:00,74.4001,74.44,74.4001,74.438,1688
2026-07-09 17:57:00,74.45,74.4796,74.45,74.4796,1150
2026-07-09 17:58:00,74.48,74.48,74.46,74.47,878
2026-07-09 17:59:00,74.48,74.48,74.45,74.45,4515
2026-07-09 18:00:00,74.4679,74.47,74.4679,74.4695,1200
2026-07-09 18:01:00,74.47,74.48,74.4,74.46,3777
2026-07-09 18:02:00,74.45,74.45,74.3545,74.39,4985
2026-07-09 18:03:00,74.4,74.4,74.35,74.35,801
2026-07-09 18:04:00,74.3503,74.4,74.3503,74.3661,1520
2026-07-09 18:05:00,74.36,74.38,74.36,74.38,500
2026-07-09 18:06:00,74.37,74.3865,74.3625,74.3865,863
2026-07-09 18:07:00,74.3629,74.3866,74.3629,74.3866,300
2026-07-09 18:08:00,74.3701,74.3701,74.3701,74.3701,360
2026-07-09 18:09:00,74.4,74.4,74.37,74.394,2064
2026-07-09 18:10:00,74.385,74.385,74.385,74.385,164
2026-07-09 18:11:00,74.4,74.4286,74.3807,74.405,2181
2026-07-09 18:12:00,74.3816,74.3816,74.3816,74.3816,1000
2026-07-09 18:13:00,74.3829,74.47,74.3829,74.47,6179
2026-07-09 18:14:00,74.48,74.48,74.48,74.48,100
2026-07-09 18:15:00,74.47,74.47,74.4315,74.4315,2610
2026-07-09 18:17:00,74.47,74.47,74.47,74.47,139
2026-07-09 18:18:00,74.45,74.45,74.4496,74.45,2500
2026-07-09 18:19:00,74.4406,74.4406,74.3,74.43,7527
2026-07-09 18:21:00,74.38,74.42,74.38,74.42,650
2026-07-09 18:22:00,74.43,74.43,74.4,74.4,553
2026-07-09 18:23:00,74.36,74.4,74.36,74.4,1700
2026-07-09 18:24:00,74.36,74.4,74.36,74.4,1310
2026-07-09 18:25:00,74.4047,74.4047,74.4047,74.4047,100
2026-07-09 18:26:00,74.43,74.43,74.43,74.43,300
2026-07-09 18:27:00,74.435,74.435,74.43,74.43,975
2026-07-09 18:28:00,74.43,74.43,74.4,74.4,595
2026-07-09 18:29:00,74.4091,74.47,74.4007,74.4007,3300
2026-07-09 18:30:00,74.46,74.46,74.46,74.46,300
2026-07-09 18:31:00,74.47,74.47,74.47,74.47,704
2026-07-09 18:32:00,74.48,74.48,74.47,74.47,2150
2026-07-09 18:33:00,74.49,74.49,74.49,74.49,112
2026-07-09 18:34:00,74.48,74.49,74.48,74.49,588
2026-07-09 18:35:00,74.5,74.5,74.4805,74.4805,641
2026-07-09 18:36:00,74.4999,74.5,74.45,74.45,1047
2026-07-09 18:37:00,74.4584,74.49,74.4584,74.49,850
2026-07-09 18:40:00,74.4801,74.4974,74.4801,74.4811,800
2026-07-09 18:41:00,74.4974,74.4974,74.4974,74.4974,100
2026-07-09 18:42:00,74.4998,74.4998,74.4814,74.4826,800
2026-07-09 18:43:00,74.481,74.49,74.4809,74.4809,579
2026-07-09 18:44:00,74.5,74.5,74.5,74.5,195
2026-07-09 18:45:00,74.5,74.5,74.4899,74.4899,300
2026-07-09 18:46:00,74.5,74.5,74.48,74.49,1662
2026-07-09 18:47:00,74.4802,74.4802,74.4802,74.4802,300
2026-07-09 18:48:00,74.4887,74.4887,74.4813,74.4813,400
2026-07-09 18:49:00,74.5,74.5,74.46,74.5,1805
2026-07-09 18:50:00,74.5,74.5377,74.4987,74.5377,1200
2026-07-09 18:51:00,74.5,74.52,74.5,74.52,553
2026-07-09 18:52:00,74.5206,74.5206,74.5206,74.5206,100
2026-07-09 18:53:00,74.56,74.57,74.54,74.57,960
2026-07-09 18:54:00,74.5075,74.55,74.5075,74.55,500
2026-07-09 18:55:00,74.5,74.57,74.5,74.57,650
2026-07-09 18:56:00,74.57,74.57,74.55,74.55,300
2026-07-09 18:57:00,74.5352,74.57,74.5352,74.57,1100
2026-07-09 18:58:00,74.5491,74.57,74.53,74.53,4422
2026-07-09 18:59:00,74.5474,74.55,74.5474,74.55,300
2026-07-09 19:00:00,74.55,74.57,74.5301,74.54,3661
2026-07-09 19:02:00,74.5697,74.5697,74.55,74.55,1100
2026-07-09 19:03:00,74.57,74.57,74.57,74.57,100
2026-07-09 19:04:00,74.57,74.57,74.5522,74.5691,417
2026-07-09 19:05:00,74.55,74.5674,74.55,74.5674,540
2026-07-09 19:06:00,74.5504,74.5504,74.5504,74.5504,500
2026-07-09 19:07:00,74.5516,74.5516,74.5516,74.5516,500
2026-07-09 19:08:00,74.57,74.58,74.57,74.58,7547
2026-07-09 19:09:00,74.5999,74.6,74.5999,74.6,4100
2026-07-09 19:10:00,74.59,74.59,74.59,74.59,1007
2026-07-09 19:11:00,74.6,74.6,74.57,74.57,3607
2026-07-09 19:12:00,74.5434,74.5829,74.5434,74.56,785
2026-07-09 19:13:00,74.56,74.56,74.56,74.56,2250
2026-07-09 19:15:00,74.5774,74.58,74.56,74.58,373
2026-07-09 19:16:00,74.57,74.58,74.5601,74.5601,2030
2026-07-09 19:17:00,74.58,74.58,74.58,74.58,100
2026-07-09 19:18:00,74.5617,74.58,74.5617,74.57,3550
2026-07-09 19:20:00,74.5799,74.5799,74.57,74.57,635
2026-07-09 19:23:00,74.6,74.6,74.59,74.59,1602
2026-07-09 19:24:00,74.6,74.63,74.6,74.63,3671
2026-07-09 19:25:00,74.7231,74.7231,74.6935,74.6935,485
2026-07-09 19:26:00,74.6523,74.6523,74.6523,74.6523,500
2026-07-09 19:27:00,74.6868,74.69,74.65,74.69,1380
2026-07-09 19:28:00,74.66,74.7,74.66,74.6981,700
2026-07-09 19:29:00,74.7,74.7,74.613,74.613,1900
2026-07-09 19:30:00,74.7,74.7,74.6982,74.7,699
2026-07-09 19:31:00,74.68,74.7346,74.68,74.71,840
2026-07-09 19:32:00,74.7099,74.73,74.7,74.72,1344
2026-07-09 19:33:00,74.74,74.74,74.73,74.73,1174
2026-07-09 19:34:00,74.7,74.7,74.5901,74.5901,7864
2026-07-09 19:35:00,74.72,74.72,74.72,74.72,2000
2026-07-09 19:36:00,74.65,74.65,74.65,74.65,500
2026-07-09 19:37:00,74.62,74.7,74.62,74.7,2253
2026-07-09 19:38:00,74.59,74.6,74.59,74.5999,595
2026-07-09 19:39:00,74.6,74.65,74.6,74.65,1060
2026-07-09 19:40:00,74.6,74.61,74.6,74.61,500
2026-07-09 19:41:00,74.6064,74.7,74.6064,74.7,250
2026-07-09 19:42:00,74.64,74.64,74.62,74.62,400
2026-07-09 19:43:00,74.6,74.6,74.5695,74.5826,588
2026-07-09 19:44:00,74.5809,74.6844,74.5809,74.64,865
2026-07-09 19:45:00,74.54,74.54,74.54,74.54,2000
2026-07-09 19:46:00,74.55,74.55,74.55,74.55,100
2026-07-09 19:47:00,74.63,74.63,74.63,74.63,450
2026-07-09 19:49:00,74.55,74.55,74.38,74.4,5297
2026-07-09 19:50:00,74.4001,74.4692,74.4001,74.4692,5755
2026-07-09 19:51:00,74.47,74.52,74.47,74.47,1560
2026-07-09 19:52:00,74.5048,74.5306,74.5,74.5306,1748
2026-07-09 19:53:00,74.53,74.53,74.5,74.5,560
2026-07-09 19:54:00,74.5285,74.5285,74.5,74.5,700
2026-07-09 19:55:00,74.471,74.5,74.47,74.49,684
2026-07-09 19:56:00,74.4999,74.57,74.49,74.5628,1336
2026-07-09 19:57:00,74.5698,74.57,74.5698,74.5699,700
2026-07-09 19:58:00,74.56,74.56,74.5005,74.53,5043
2026-07-09 19:59:00,74.5582,74.56,74.5554,74.56,348
2026-07-10 04:00:00,74.88,75.4,74.77,74.84,41579
2026-07-10 04:01:00,75.18,75.39,74.77,75.17,20785
2026-07-10 04:02:00,75.1,75.29,75.03,75.29,4802
2026-07-10 04:03:00,75.29,75.29,75.28,75.28,300
2026-07-10 04:04:00,75.35,75.38,75.35,75.37,930
2026-07-10 04:05:00,75.39,75.39,75.34,75.34,2639
2026-07-10 04:06:00,74.82,75.39,74.82,75.39,1465
2026-07-10 04:07:00,75.38,75.39,75.38,75.39,666
2026-07-10 04:08:00,75.47,75.55,75.46,75.55,7846
2026-07-10 04:09:00,75.51,75.51,75.49,75.51,1934
2026-07-10 04:11:00,75.54,75.57,75.54,75.57,1264
2026-07-10 04:12:00,75.6,75.69,75.59,75.69,1060
2026-07-10 04:13:00,75.67,75.79,75.67,75.68,9144
2026-07-10 04:14:00,75.67,75.67,75.67,75.67,962
2026-07-10 04:16:00,75.67,75.67,75.67,75.67,673
2026-07-10 04:18:00,75.65,75.67,75.65,75.67,1700
2026-07-10 04:19:00,75.63,75.63,75.63,75.63,200
2026-07-10 04:20:00,75.66,75.66,75.66,75.66,115
2026-07-10 04:21:00,75.69,75.72,75.69,75.72,1096
2026-07-10 04:22:00,75.73,75.73,75.72,75.73,3068
2026-07-10 04:23:00,75.72,75.77,75.72,75.77,814
2026-07-10 04:24:00,75.77,75.79,75.77,75.7725,814
2026-07-10 04:25:00,75.8,75.88,75.8,75.88,2797
2026-07-10 04:26:00,75.86,75.9884,75.86,75.9884,614
2026-07-10 04:27:00,75.97,75.97,75.95,75.97,3889
2026-07-10 04:28:00,75.99,76,75.9833,75.9833,4470
2026-07-10 04:29:00,75.9922,75.9922,75.9922,75.9922,1700
2026-07-10 04:30:00,75.94,75.94,75.81,75.81,2639
2026-07-10 04:31:00,75.7603,75.84,75.7603,75.84,957
2026-07-10 04:34:00,75.72,75.72,75.71,75.71,872
2026-07-10 04:35:00,75.73,75.74,75.7,75.71,1888
2026-07-10 04:36:00,75.74,75.74,75.74,75.74,600
2026-07-10 04:37:00,75.79,75.79,75.79,75.79,792
2026-07-10 04:38:00,75.79,75.79,75.79,75.79,190
2026-07-10 04:39:00,75.82,75.82,75.75,75.75,475
2026-07-10 04:40:00,75.78,75.78,75.78,75.78,1001
2026-07-10 04:41:00,75.75,75.75,75.68,75.68,2293
2026-07-10 04:42:00,75.69,75.69,75.69,75.69,1138
2026-07-10 04:43:00,75.68,75.68,75.68,75.68,701
2026-07-10 04:44:00,75.68,75.7,75.68,75.7,804
2026-07-10 04:45:00,75.7,75.7,75.7,75.7,955
2026-07-10 04:46:00,75.7,75.7,75.6618,75.6651,3496
2026-07-10 04:47:00,75.7,75.7,75.7,75.7,894
2026-07-10 04:48:00,75.69,75.7,75.69,75.7,917
2026-07-10 04:49:00,75.7,75.7,75.69,75.69,815
2026-07-10 04:50:00,75.7,75.7,75.7,75.7,1188
2026-07-10 04:51:00,75.69,75.7,75.69,75.7,200
2026-07-10 04:52:00,75.76,75.78,75.76,75.78,839
2026-07-10 04:53:00,75.8,75.82,75.7944,75.81,1997
2026-07-10 04:56:00,75.87,75.87,75.87,75.87,845
2026-07-10 04:57:00,75.8,75.8,75.8,75.8,144
2026-07-10 04:59:00,75.87,75.87,75.87,75.87,695
2026-07-10 05:01:00,75.79,75.86,75.77,75.77,5171
2026-07-10 05:04:00,75.83,75.83,75.83,75.83,875
2026-07-10 05:06:00,75.88,75.88,75.88,75.88,263
2026-07-10 05:07:00,75.88,75.88,75.87,75.87,900
2026-07-10 05:08:00,75.89,75.96,75.89,75.96,300
2026-07-10 05:09:00,75.98,76.12,75.97,76.1,5032
2026-07-10 05:10:00,76.11,76.11,75.98,75.98,1700
2026-07-10 05:12:00,75.9973,75.9973,75.9973,75.9973,100
2026-07-10 05:13:00,76.08,76.08,76.08,76.08,887
2026-07-10 05:14:00,76.07,76.07,76,76,888
2026-07-10 05:15:00,76.05,76.06,76.04,76.06,1015
2026-07-10 05:16:00,76.0366,76.06,76.0366,76.06,1290
2026-07-10 05:17:00,76.05,76.05,76.05,76.05,1400
2026-07-10 05:18:00,76.1,76.1,76.1,76.1,602
2026-07-10 05:19:00,76.15,76.18,76.14,76.18,2368
2026-07-10 05:20:00,76.18,76.23,76.17,76.23,5610
2026-07-10 05:21:00,76.25,76.29,76.25,76.27,2163
2026-07-10 05:23:00,76.25,76.25,76.25,76.25,156
2026-07-10 05:24:00,76.25,76.25,76.2,76.2,975
2026-07-10 05:25:00,76.25,76.36,76.24,76.36,3071
2026-07-10 05:27:00,76.33,76.33,76.33,76.33,139
2026-07-10 05:28:00,76.33,76.3918,76.27,76.3918,1706
2026-07-10 05:31:00,76.19,76.24,76.19,76.24,689
2026-07-10 05:32:00,76.2644,76.34,76.2644,76.34,1039
2026-07-10 05:33:00,76.4,76.4,76.36,76.36,1754
2026-07-10 05:34:00,76.38,76.42,76.37,76.41,2578
2026-07-10 05:35:00,76.39,76.39,76.32,76.32,1285
2026-07-10 05:36:00,76.41,76.41,76.41,76.41,809
2026-07-10 05:37:00,76.3,76.32,76.3,76.3,790
2026-07-10 05:38:00,76.36,76.36,76.36,76.36,699
2026-07-10 05:39:00,76.37,76.39,76.3,76.3,1657
2026-07-10 05:40:00,76.32,76.32,76.32,76.32,200
2026-07-10 05:42:00,76.3479,76.35,76.3479,76.35,846
2026-07-10 05:43:00,76.31,76.31,76.26,76.26,1322
2026-07-10 05:45:00,76.34,76.34,76.29,76.29,742
2026-07-10 05:46:00,76.32,76.32,76.32,76.32,558
2026-07-10 05:47:00,76.29,76.29,76.2,76.2,1713
2026-07-10 05:49:00,76.24,76.25,76.24,76.25,852
2026-07-10 05:50:00,76.25,76.25,76.25,76.25,139
2026-07-10 05:51:00,76.29,76.31,76.29,76.31,792
2026-07-10 05:52:00,76.28,76.28,76.28,76.28,864
2026-07-10 05:54:00,76.28,76.28,76.2,76.2,815
2026-07-10 05:55:00,76.19,76.19,76.19,76.19,900
2026-07-10 05:56:00,76.13,76.13,76.13,76.13,140
2026-07-10 05:57:00,76.1,76.13,76.1,76.13,1653
2026-07-10 05:59:00,76.09,76.09,76.09,76.09,792
2026-07-10 06:00:00,76.05,76.05,76.05,76.05,2000
2026-07-10 06:01:00,76.1254,76.1254,76.1,76.1,925
2026-07-10 06:02:00,76.09,76.11,76.09,76.11,1566
2026-07-10 06:03:00,76.0501,76.08,76.0501,76.06,5871
2026-07-10 06:06:00,76.12,76.12,76.12,76.12,790
2026-07-10 06:07:00,76.13,76.15,76.13,76.14,2209
2026-07-10 06:09:00,76.23,76.3,76.23,76.3,3091
2026-07-10 06:10:00,76.3,76.3,76.27,76.28,2072
2026-07-10 06:11:00,76.29,76.29,76.28,76.28,1518
2026-07-10 06:12:00,76.28,76.28,76.28,76.28,662
2026-07-10 06:13:00,76.31,76.31,76.29,76.29,981
2026-07-10 06:14:00,76.3,76.32,76.3,76.32,973
2026-07-10 06:15:00,76.29,76.3,76.2801,76.2801,1709
2026-07-10 06:16:00,76.3,76.3,76.29,76.29,4291
2026-07-10 06:17:00,76.32,76.34,76.32,76.34,1032
2026-07-10 06:19:00,76.3315,76.34,76.3315,76.34,1884
2026-07-10 06:21:00,76.36,76.36,76.2803,76.3,1330
2026-07-10 06:22:00,76.36,76.36,76.33,76.33,972
2026-07-10 06:23:00,76.32,76.32,76.32,76.32,1073
2026-07-10 06:24:00,76.3566,76.3566,76.3566,76.3566,130
2026-07-10 06:25:00,76.36,76.36,76.36,76.36,804
2026-07-10 06:26:00,76.32,76.32,76.32,76.32,706
2026-07-10 06:27:00,76.35,76.35,76.3,76.3241,576
2026-07-10 06:28:00,76.33,76.33,76.33,76.33,536
2026-07-10 06:29:00,76.34,76.34,76.34,76.34,681
2026-07-10 06:30:00,76.33,76.33,76.32,76.32,892
2026-07-10 06:31:00,76.29,76.3117,76.29,76.3117,941
2026-07-10 06:32:00,76.31,76.31,76.31,76.31,1052
2026-07-10 06:33:00,76.29,76.29,76.2634,76.2634,872
2026-07-10 06:34:00,76.29,76.3016,76.25,76.26,5019
2026-07-10 06:35:00,76.27,76.28,76.25,76.25,5056
2026-07-10 06:36:00,76.19,76.19,76.05,76.05,1895
2026-07-10 06:37:00,76.17,76.17,76.17,76.17,100
2026-07-10 06:38:00,76.1,76.11,76.1,76.11,1102
2026-07-10 06:39:00,76.1,76.11,76.1,76.11,646
2026-07-10 06:40:00,76.13,76.14,76.11,76.1253,1301
2026-07-10 06:41:00,76.06,76.06,76.06,76.06,437
2026-07-10 06:42:00,76.01,76.01,76.01,76.01,200
2026-07-10 06:43:00,76.07,76.07,76.07,76.07,925
2026-07-10 06:44:00,76.06,76.06,76.06,76.06,901
2026-07-10 06:45:00,76.07,76.09,76.033,76.033,845
2026-07-10 06:46:00,76.03,76.04,76.01,76.02,4990
2026-07-10 06:47:00,76.01,76.03,76.01,76.01,2890
2026-07-10 06:48:00,76.02,76.116,76,76.116,1683
2026-07-10 06:49:00,76.06,76.06,76.06,76.06,560
2026-07-10 06:50:00,76.07,76.07,76.07,76.07,1006
2026-07-10 06:51:00,76.06,76.06,76.06,76.06,772
2026-07-10 06:52:00,76.06,76.06,75.85,75.85,8345
2026-07-10 06:53:00,75.99,75.99,75.78,75.78,400
2026-07-10 06:54:00,75.85,75.86,75.81,75.86,3200
2026-07-10 06:55:00,75.88,75.9,75.8007,75.8007,1231
2026-07-10 06:57:00,75.84,75.84,75.81,75.81,5542
2026-07-10 06:58:00,75.83,75.83,75.82,75.82,562
2026-07-10 06:59:00,75.84,75.84,75.78,75.81,3111
2026-07-10 07:00:00,75.75,75.81,75.7138,75.7138,10919
2026-07-10 07:01:00,75.72,75.8,75.72,75.78,2669
2026-07-10 07:02:00,75.7555,75.77,75.61,75.6374,8361
2026-07-10 07:03:00,75.63,75.6301,75.5,75.57,9352
2026-07-10 07:04:00,75.56,75.57,75.5303,75.57,2945
2026-07-10 07:05:00,75.56,75.58,75.53,75.53,4363
2026-07-10 07:06:00,75.5402,75.5738,75.5402,75.56,6510
2026-07-10 07:07:00,75.54,75.55,75.54,75.55,2840
2026-07-10 07:08:00,75.58,75.58,75.5,75.52,3878
2026-07-10 07:09:00,75.6,75.6,75.58,75.58,2125
2026-07-10 07:10:00,75.5315,75.56,75.5315,75.55,4824
2026-07-10 07:11:00,75.6,75.6381,75.5954,75.6,5459
2026-07-10 07:12:00,75.63,75.66,75.63,75.66,2056
2026-07-10 07:13:00,75.67,75.67,75.5856,75.65,3029
2026-07-10 07:14:00,75.647,75.65,75.64,75.65,1609
2026-07-10 07:15:00,75.63,75.692,75.63,75.692,1606
2026-07-10 07:16:00,75.68,75.7,75.65,75.65,1597
2026-07-10 07:17:00,75.67,75.68,75.67,75.68,2340
2026-07-10 07:18:00,75.68,75.68,75.65,75.65,1420
2026-07-10 07:19:00,75.68,75.68,75.64,75.64,2126
2026-07-10 07:20:00,75.61,75.61,75.5,75.5,2740
2026-07-10 07:21:00,75.53,75.56,75.53,75.56,1188
2026-07-10 07:22:00,75.52,75.52,75.4,75.4,5713
2026-07-10 07:23:00,75.5075,75.5075,75.34,75.36,2208
2026-07-10 07:24:00,75.37,75.38,75.37,75.38,383
2026-07-10 07:25:00,75.33,75.43,75.31,75.43,2027
2026-07-10 07:26:00,75.43,75.59,75.43,75.59,7105
2026-07-10 07:27:00,75.3987,75.5,75.3987,75.5,400
2026-07-10 07:28:00,75.48,75.49,75.48,75.49,250
2026-07-10 07:29:00,75.5,75.5,75.49,75.49,233
2026-07-10 07:30:00,75.47,75.55,75.46,75.5,4890
2026-07-10 07:31:00,75.5,75.5,75.495,75.495,1126
2026-07-10 07:33:00,75.55,75.55,75.47,75.51,576
2026-07-10 07:34:00,75.57,75.59,75.5679,75.59,500
2026-07-10 07:35:00,75.59,75.59,75.5,75.54,3007
2026-07-10 07:37:00,75.5,75.5,75.5,75.5,116
2026-07-10 07:38:00,75.48,75.5,75.48,75.49,1444
2026-07-10 07:41:00,75.54,75.54,75.4659,75.4659,949
2026-07-10 07:42:00,75.5064,75.54,75.5,75.5,1366
2026-07-10 07:43:00,75.4516,75.4555,75.4516,75.4555,200
2026-07-10 07:44:00,75.4926,75.4926,75.4926,75.4926,100
2026-07-10 07:45:00,75.4501,75.4998,75.4501,75.47,6484
2026-07-10 07:46:00,75.4942,75.5,75.4556,75.47,3518
2026-07-10 07:47:00,75.48,75.55,75.48,75.5387,2040
2026-07-10 07:48:00,75.52,75.52,75.52,75.52,472
2026-07-10 07:49:00,75.51,75.52,75.5,75.5,425
2026-07-10 07:50:00,75.5494,75.56,75.5,75.54,2886
2026-07-10 07:51:00,75.5618,75.63,75.5618,75.63,700
2026-07-10 07:52:00,75.578,75.66,75.578,75.66,400
2026-07-10 07:53:00,75.6414,75.6457,75.6,75.62,1450
2026-07-10 07:54:00,75.6063,75.6563,75.6063,75.6548,425
2026-07-10 07:55:00,75.64,75.6587,75.64,75.65,2968
2026-07-10 07:56:00,75.65,75.66,75.63,75.66,2519
2026-07-10 07:57:00,75.6564,75.66,75.6078,75.65,2771
2026-07-10 07:58:00,75.63,75.63,75.63,75.63,600
2026-07-10 07:59:00,75.6525,75.66,75.6259,75.6259,6404
2026-07-10 08:00:00,75.61,75.68,75.6,75.68,2107
2026-07-10 08:01:00,75.6738,75.6738,75.6738,75.6738,100
2026-07-10 08:02:00,75.6071,75.6071,75.6071,75.6071,380
2026-07-10 08:03:00,75.6,75.6,75.5,75.55,6000
2026-07-10 08:05:00,75.53,75.55,75.53,75.55,950
2026-07-10 08:06:00,75.56,75.56,75.56,75.56,674
2026-07-10 08:07:00,75.5183,75.6,75.5183,75.5973,5229
2026-07-10 08:08:00,75.6,75.6,75.6,75.6,1000
2026-07-10 08:09:00,75.6,75.6,75.5654,75.5654,8185
2026-07-10 08:12:00,75.63,75.63,75.63,75.63,300
2026-07-10 08:13:00,75.65,75.6857,75.62,75.6857,1937
2026-07-10 08:14:00,75.7342,75.7342,75.72,75.72,1300
2026-07-10 08:15:00,75.6495,75.6495,75.6421,75.6421,1105
2026-07-10 08:16:00,75.69,75.69,75.69,75.69,100
2026-07-10 08:17:00,75.7,75.71,75.6,75.63,7392
2026-07-10 08:18:00,75.7049,75.7049,75.52,75.52,6653
2026-07-10 08:19:00,75.55,75.55,75.5,75.51,1550
2026-07-10 08:20:00,75.51,75.51,75.51,75.51,150
2026-07-10 08:22:00,75.6378,75.6378,75.52,75.52,600
2026-07-10 08:23:00,75.5355,75.5355,75.5355,75.5355,300
2026-07-10 08:24:00,75.5,75.5,75.5,75.5,134
2026-07-10 08:25:00,75.6,75.6305,75.57,75.57,779
2026-07-10 08:26:00,75.59,75.62,75.59,75.62,800
2026-07-10 08:28:00,75.62,75.62,75.62,75.62,100
2026-07-10 08:29:00,75.59,75.65,75.59,75.65,500
2026-07-10 08:30:00,75.5354,75.57,75.5354,75.5601,560
2026-07-10 08:31:00,75.5907,75.5907,75.51,75.5844,1303
2026-07-10 08:32:00,75.55,75.6,75.55,75.6,749
2026-07-10 08:33:00,75.56,75.6499,75.53,75.6499,14229
2026-07-10 08:34:00,75.65,75.65,75.51,75.51,2679
2026-07-10 08:35:00,75.57,75.57,75.5267,75.55,949
2026-07-10 08:38:00,75.526,75.526,75.51,75.5156,1650
2026-07-10 08:39:00,75.57,75.57,75.5156,75.5156,526
2026-07-10 08:41:00,75.58,75.59,75.45,75.53,7233
2026-07-10 08:42:00,75.58,75.58,75.5678,75.57,302
2026-07-10 08:43:00,75.5691,75.6209,75.55,75.6209,400
2026-07-10 08:44:00,75.62,75.62,75.55,75.55,658
2026-07-10 08:45:00,75.61,75.61,75.56,75.57,508
2026-07-10 08:46:00,75.6,75.65,75.58,75.6182,1000
2026-07-10 08:47:00,75.65,75.69,75.62,75.65,1425
2026-07-10 08:48:00,75.65,75.69,75.61,75.65,2522
2026-07-10 08:49:00,75.67,75.67,75.67,75.67,100
2026-07-10 08:50:00,75.62,75.7,75.61,75.7,1707
2026-07-10 08:51:00,75.7,75.7,75.56,75.64,890
2026-07-10 08:52:00,75.64,75.64,75.61,75.62,433
2026-07-10 08:53:00,75.5965,75.63,75.5629,75.5629,1758
2026-07-10 08:54:00,75.6174,75.6174,75.55,75.6,1496
2026-07-10 08:55:00,75.585,75.64,75.5443,75.6,1263
2026-07-10 08:56:00,75.6,75.6,75.55,75.55,582
2026-07-10 08:57:00,75.5964,75.5964,75.5964,75.5964,106
2026-07-10 08:58:00,75.5864,75.5864,75.58,75.58,367
2026-07-10 08:59:00,75.6499,75.6499,75.6499,75.6499,100
2026-07-10 09:00:00,75.58,75.58,75.5523,75.5523,300
2026-07-10 09:01:00,75.6,75.64,75.58,75.61,1611
2026-07-10 09:02:00,75.5981,75.6,75.5981,75.6,418
2026-07-10 09:03:00,75.6364,75.6364,75.6364,75.6364,250
2026-07-10 09:04:00,75.63,75.65,75.58,75.5939,3935
2026-07-10 09:05:00,75.61,75.65,75.58,75.65,4477
2026-07-10 09:06:00,75.65,75.7,75.65,75.7,700
2026-07-10 09:07:00,75.66,75.71,75.6503,75.71,1039
2026-07-10 09:08:00,75.71,75.73,75.7,75.7,900
2026-07-10 09:09:00,75.72,75.7802,75.72,75.7802,959
2026-07-10 09:10:00,75.7999,75.8,75.7,75.79,1491
2026-07-10 09:11:00,75.7824,75.79,75.76,75.77,1529
2026-07-10 09:13:00,75.77,75.77,75.7,75.7,1679
2026-07-10 09:14:00,75.77,75.77,75.66,75.73,4368
2026-07-10 09:15:00,75.748,75.76,75.73,75.73,460
2026-07-10 09:17:00,75.74,75.77,75.68,75.715,3986
2026-07-10 09:18:00,75.79,75.8,75.79,75.8,2665
2026-07-10 09:19:00,75.79,75.8999,75.7,75.8999,3606
2026-07-10 09:20:00,75.8,75.8,75.72,75.75,1639
2026-07-10 09:21:00,75.76,75.77,75.7201,75.7201,600
2026-07-10 09:22:00,75.7304,75.7304,75.7304,75.7304,100
2026-07-10 09:23:00,75.74,75.8,75.7,75.7,7287
2026-07-10 09:24:00,75.7594,75.7594,75.65,75.65,5446
2026-07-10 09:25:00,75.65,75.76,75.65,75.67,1300
2026-07-10 09:26:00,75.71,75.71,75.49,75.49,1714
2026-07-10 09:27:00,75.46,75.6787,75.37,75.6787,15583
2026-07-10 09:28:00,75.33,75.33,75.22,75.33,24653
2026-07-10 09:29:00,75.275,75.48,75.23,75.48,2713
2026-07-10 09:30:00,75.44,75.6986,74.4,74.57,774430
2026-07-10 09:31:00,74.55,74.89,74.27,74.83,227177
2026-07-10 09:32:00,74.83,74.83,74.48,74.69,172764
2026-07-10 09:33:00,74.7196,74.77,74.16,74.22,413873
2026-07-10 09:34:00,74.17,74.67,74.15,74.6,175093
2026-07-10 09:35:00,74.58,74.68,74.45,74.635,178028
2026-07-10 09:36:00,74.635,74.76,74.55,74.71,102036
2026-07-10 09:37:00,74.72,74.73,74.43,74.53,315459
2026-07-10 09:38:00,74.51,74.58,74.44,74.51,133029
2026-07-10 09:39:00,74.505,74.74,74.46,74.7,127550
2026-07-10 09:40:00,74.7,74.71,74.53,74.605,291642
2026-07-10 09:41:00,74.61,74.635,74.21,74.21,193083
2026-07-10 09:42:00,74.22,74.22,73.78,73.8,452766
2026-07-10 09:43:00,73.79,74.06,73.58,73.97,374661
2026-07-10 09:44:00,73.995,74.085,73.86,73.93,168175
2026-07-10 09:45:00,73.93,73.93,73.52,73.65,203096
2026-07-10 09:46:00,73.65,73.7,73.48,73.53,170955
2026-07-10 09:47:00,73.5229,73.53,73.28,73.35,218309
2026-07-10 09:48:00,73.369,73.42,73.25,73.4,192756
2026-07-10 09:49:00,73.4,73.42,73.18,73.25,228375
2026-07-10 09:50:00,73.2501,73.26,73.11,73.12,253849
2026-07-10 09:51:00,73.135,73.39,73.13,73.375,167070
2026-07-10 09:52:00,73.375,73.42,73.33,73.4,129022
2026-07-10 09:53:00,73.4,73.42,73.19,73.3255,107464
2026-07-10 09:54:00,73.32,73.4,73.07,73.115,122186
2026-07-10 09:55:00,73.1,73.29,73.08,73.165,116429
2026-07-10 09:56:00,73.16,73.5,73.16,73.44,170515
2026-07-10 09:57:00,73.4499,73.49,73.35,73.41,77822
2026-07-10 09:58:00,73.41,73.42,73.29,73.3525,70835
2026-07-10 09:59:00,73.34,73.34,73.1701,73.1822,125086
2026-07-10 10:00:00,73.17,73.285,73.05,73.1451,152384
2026-07-10 10:01:00,73.14,73.15,72.9,72.92,401360
2026-07-10 10:02:00,72.9101,72.92,72.815,72.83,226395
2026-07-10 10:03:00,72.83,72.87,72.77,72.8599,226282
2026-07-10 10:04:00,72.86,72.93,72.82,72.92,121286
2026-07-10 10:05:00,72.91,73.1,72.9,73.04,461551
2026-07-10 10:06:00,73.04,73.07,72.92,73.015,140990
2026-07-10 10:07:00,73,73.1799,73,73.135,126404
2026-07-10 10:08:00,73.1467,73.3,73.12,73.26,96073
2026-07-10 10:09:00,73.27,73.3,73.135,73.175,100432
2026-07-10 10:10:00,73.17,73.53,73.16,73.52,179804
2026-07-10 10:11:00,73.51,73.53,73.3514,73.3514,132020
2026-07-10 10:12:00,73.355,73.41,73.23,73.34,91792
2026-07-10 10:13:00,73.33,73.44,73.26,73.405,184052
2026-07-10 10:14:00,73.4161,73.4499,73.33,73.35,74957
2026-07-10 10:15:00,73.3572,73.3799,73.18,73.295,99154
2026-07-10 10:16:00,73.2926,73.34,73.28,73.335,36758
2026-07-10 10:17:00,73.33,73.37,73.3,73.315,45953
2026-07-10 10:18:00,73.31,73.36,73.23,73.34,270412
2026-07-10 10:19:00,73.335,73.375,73.3101,73.35,61934
2026-07-10 10:20:00,73.35,73.49,73.34,73.44,66781
2026-07-10 10:21:00,73.4455,73.5,73.33,73.33,61792
2026-07-10 10:22:00,73.34,73.3599,73.23,73.235,56603
2026-07-10 10:23:00,73.235,73.2998,73.21,73.2699,56355
2026-07-10 10:24:00,73.2584,73.345,73.25,73.29,43196
2026-07-10 10:25:00,73.29,73.345,73.25,73.3109,91126
2026-07-10 10:26:00,73.315,73.34,73.21,73.21,48824
2026-07-10 10:27:00,73.22,73.28,73.14,73.14,65276
2026-07-10 10:28:00,73.17,73.205,73.13,73.16,58040
2026-07-10 10:29:00,73.1399,73.2,73.12,73.1223,52624
2026-07-10 10:30:00,73.12,73.14,73.015,73.0937,125940
2026-07-10 10:31:00,73.09,73.11,73.02,73.065,110648
2026-07-10 10:32:00,73.07,73.22,73.04,73.04,252559
2026-07-10 10:33:00,73.03,73.075,72.88,73.01,238274
2026-07-10 10:34:00,73.005,73.15,73.0017,73.105,105990
2026-07-10 10:35:00,73.11,73.14,73.025,73.03,63626
2026-07-10 10:36:00,73.03,73.07,73.01,73.04,66013
2026-07-10 10:37:00,73.03,73.04,72.975,73.035,67261
2026-07-10 10:38:00,73.035,73.07,72.995,73.04,105146
2026-07-10 10:39:00,73.045,73.12,73.01,73.12,89549
2026-07-10 10:40:00,73.12,73.13,73.05,73.065,113378
2026-07-10 10:41:00,73.0758,73.105,73.05,73.105,60924
2026-07-10 10:42:00,73.105,73.11,73.035,73.07,69746
2026-07-10 10:43:00,73.07,73.265,73.07,73.195,83628
2026-07-10 10:44:00,73.19,73.315,73.17,73.29,47620
2026-07-10 10:45:00,73.295,73.37,73.2701,73.33,64257
2026-07-10 10:46:00,73.33,73.335,73.02,73.02,132149
2026-07-10 10:47:00,73.02,73.25,73.01,73.16,193723
2026-07-10 10:48:00,73.15,73.25,73.0307,73.09,73640
2026-07-10 10:49:00,73.09,73.11,73.01,73.02,50110
2026-07-10 10:50:00,73.02,73.0497,72.97,72.9783,76175
2026-07-10 10:51:00,72.975,73.05,72.97,73.04,57696
2026-07-10 10:52:00,73.04,73.045,72.895,72.93,101024
2026-07-10 10:53:00,72.9297,73.0289,72.915,72.995,82349
2026-07-10 10:54:00,73,73,72.915,72.92,50564
2026-07-10 10:55:00,72.93,72.985,72.91,72.985,51853
2026-07-10 10:56:00,72.985,73.06,72.975,73.03,40225
2026-07-10 10:57:00,73.03,73.05,73.01,73.045,42258
2026-07-10 10:58:00,73.0497,73.0851,73.04,73.05,47760
2026-07-10 10:59:00,73.045,73.07,73.03,73.065,27138
2026-07-10 11:00:00,73.065,73.07,73.0201,73.0399,39207
2026-07-10 11:01:00,73.03,73.06,73,73.06,44783
2026-07-10 11:02:00,73.0551,73.1,73.03,73.035,103414
2026-07-10 11:03:00,73.03,73.0622,73.016,73.03,56260
2026-07-10 11:04:00,73.03,73.07,73.01,73.0118,35847
2026-07-10 11:05:00,73.02,73.05,72.99,73.05,122337
2026-07-10 11:06:00,73.06,73.06,72.96,72.985,74730
2026-07-10 11:07:00,72.985,73.035,72.97,73.035,45967
2026-07-10 11:08:00,73.035,73.035,72.99,73,27113
2026-07-10 11:09:00,73.005,73.0899,73,73.08,40946
2026-07-10 11:10:00,73.0899,73.09,72.935,72.955,108799
2026-07-10 11:11:00,72.955,73.01,72.955,72.995,46854
2026-07-10 11:12:00,72.995,73.0203,72.945,73.0203,80321
2026-07-10 11:13:00,73.02,73.1093,72.995,73.075,123215
2026-07-10 11:14:00,73.08,73.08,72.98,73.03,33783
2026-07-10 11:15:00,73.0399,73.045,72.9901,73.04,32880
2026-07-10 11:16:00,73.045,73.1,73.035,73.09,40671
2026-07-10 11:17:00,73.09,73.105,73.065,73.1,39045
2026-07-10 11:18:00,73.1,73.18,73.09,73.175,78860
2026-07-10 11:19:00,73.17,73.2,73.16,73.195,65898
2026-07-10 11:20:00,73.19,73.2,73.15,73.185,58204
2026-07-10 11:21:00,73.185,73.2,73.16,73.185,82147
2026-07-10 11:22:00,73.185,73.305,73.18,73.29,98189
2026-07-10 11:23:00,73.295,73.35,73.27,73.34,82729
2026-07-10 11:24:00,73.34,73.385,73.28,73.28,68946
2026-07-10 11:25:00,73.28,73.31,73.25,73.255,52734
2026-07-10 11:26:00,73.25,73.27,73.23,73.235,46583
2026-07-10 11:27:00,73.2301,73.24,73.13,73.13,86718
2026-07-10 11:28:00,73.1419,73.17,73.03,73.15,96770
2026-07-10 11:29:00,73.15,73.17,73.105,73.115,45638
2026-07-10 11:30:00,73.1199,73.18,73.1199,73.175,49694
2026-07-10 11:31:00,73.1713,73.2,73.14,73.145,58598
2026-07-10 11:32:00,73.14,73.1743,73.09,73.1299,50371
2026-07-10 11:33:00,73.12,73.145,73.09,73.11,77168
2026-07-10 11:34:00,73.11,73.12,73.07,73.0907,29924
2026-07-10 11:35:00,73.095,73.16,73.0901,73.15,46680
2026-07-10 11:36:00,73.14,73.14,73.05,73.115,50510
2026-07-10 11:37:00,73.115,73.14,73.06,73.065,21785
2026-07-10 11:38:00,73.067,73.075,73.0536,73.055,37468
2026-07-10 11:39:00,73.06,73.08,73.02,73.02,91543
2026-07-10 11:40:00,73.0354,73.1,73.0354,73.09,39396
2026-07-10 11:41:00,73.09,73.1,73.05,73.065,25598
2026-07-10 11:42:00,73.065,73.095,73.03,73.035,68202
2026-07-10 11:43:00,73.04,73.105,73.04,73.0875,53192
2026-07-10 11:44:00,73.0822,73.095,73.02,73.03,29855
2026-07-10 11:45:00,73.03,73.07,73,73.024,179692
2026-07-10 11:46:00,73.028,73.0387,72.985,73.015,100153
2026-07-10 11:47:00,73.015,73.115,73.015,73.09,109275
2026-07-10 11:48:00,73.08,73.09,73.05,73.075,50174
2026-07-10 11:49:00,73.075,73.11,73.075,73.095,29929
2026-07-10 11:50:00,73.1,73.13,73.095,73.104,35804
2026-07-10 11:51:00,73.105,73.115,73.0502,73.095,24241
2026-07-10 11:52:00,73.095,73.1,73.05,73.06,59453
2026-07-10 11:53:00,73.0699,73.0699,73.01,73.05,45853
2026-07-10 11:54:00,73.055,73.065,73.025,73.055,36623
2026-07-10 11:55:00,73.0522,73.11,73.05,73.1027,135390
2026-07-10 11:56:00,73.105,73.12,73.08,73.105,30645
2026-07-10 11:57:00,73.105,73.14,73.105,73.115,47717
2026-07-10 11:58:00,73.12,73.1294,73.085,73.095,24536
2026-07-10 11:59:00,73.1,73.11,73.065,73.09,42686
2026-07-10 12:00:00,73.08,73.11,73.05,73.06,135010
2026-07-10 12:01:00,73.06,73.0699,73.03,73.065,67139
2026-07-10 12:02:00,73.065,73.0899,73.015,73.085,44225
2026-07-10 12:03:00,73.085,73.13,73.085,73.105,47389
2026-07-10 12:04:00,73.1,73.105,73.065,73.075,32672
2026-07-10 12:05:00,73.08,73.095,73.05,73.0899,90056
2026-07-10 12:06:00,73.085,73.095,73.02,73.0643,72499
2026-07-10 12:07:00,73.06,73.09,73.05,73.08,37865
2026-07-10 12:08:00,73.08,73.1,73.04,73.1,25970
2026-07-10 12:09:00,73.0971,73.16,73.0901,73.16,56592
2026-07-10 12:10:00,73.16,73.175,73.13,73.17,28184
2026-07-10 12:11:00,73.165,73.195,73.15,73.18,36464
2026-07-10 12:12:00,73.18,73.21,73.15,73.165,37958
2026-07-10 12:13:00,73.17,73.175,73.14,73.17,36294
2026-07-10 12:14:00,73.175,73.23,73.17,73.19,63922
2026-07-10 12:15:00,73.19,73.23,73.155,73.22,131658
2026-07-10 12:16:00,73.23,73.235,73.17,73.18,45366
2026-07-10 12:17:00,73.1707,73.2099,73.16,73.195,50828
2026-07-10 12:18:00,73.19,73.19,73.1201,73.14,81819
2026-07-10 12:19:00,73.135,73.135,73.07,73.12,37015
2026-07-10 12:20:00,73.12,73.14,73.04,73.06,52279
2026-07-10 12:21:00,73.0601,73.0943,73.05,73.07,26011
2026-07-10 12:22:00,73.08,73.105,73.05,73.06,65512
2026-07-10 12:23:00,73.07,73.07,73.03,73.0301,38968
2026-07-10 12:24:00,73.035,73.035,73.01,73.0255,46002
2026-07-10 12:25:00,73.025,73.03,72.9645,73.0099,158451
2026-07-10 12:26:00,73.0099,73.02,72.955,72.965,75583
2026-07-10 12:27:00,72.9601,72.9601,72.935,72.945,40931
2026-07-10 12:28:00,72.94,72.968,72.92,72.95,51116
2026-07-10 12:29:00,72.94,72.96,72.92,72.925,43901
2026-07-10 12:30:00,72.9299,72.96,72.88,72.885,96370
2026-07-10 12:31:00,72.885,72.89,72.85,72.86,71639
2026-07-10 12:32:00,72.865,72.885,72.85,72.885,45390
2026-07-10 12:33:00,72.885,72.89,72.8201,72.825,90943
2026-07-10 12:34:00,72.83,72.87,72.81,72.8196,68598
2026-07-10 12:35:00,72.81,72.84,72.8,72.815,57525
2026-07-10 12:36:00,72.81,72.83,72.795,72.805,83749
2026-07-10 12:37:00,72.81,72.815,72.755,72.78,96433
2026-07-10 12:38:00,72.775,72.8,72.75,72.795,76506
2026-07-10 12:39:00,72.795,72.81,72.785,72.805,51413
2026-07-10 12:40:00,72.805,72.85,72.775,72.81,113997
2026-07-10 12:41:00,72.81,72.83,72.76,72.795,52017
2026-07-10 12:42:00,72.79,72.82,72.78,72.805,62854
2026-07-10 12:43:00,72.805,72.89,72.8,72.89,58112
2026-07-10 12:44:00,72.885,72.89,72.85,72.885,54492
2026-07-10 12:45:00,72.88,72.89,72.83,72.875,27578
2026-07-10 12:46:00,72.875,72.8951,72.87,72.8899,43308
2026-07-10 12:47:00,72.885,72.91,72.8801,72.895,35386
2026-07-10 12:48:00,72.894,72.8998,72.865,72.8918,31967
2026-07-10 12:49:00,72.89,72.89,72.86,72.875,17498
2026-07-10 12:50:00,72.875,72.88,72.83,72.845,51483
2026-07-10 12:51:00,72.845,72.94,72.845,72.935,129571
2026-07-10 12:52:00,72.935,72.935,72.89,72.895,81619
2026-07-10 12:53:00,72.895,72.94,72.895,72.935,54752
2026-07-10 12:54:00,72.935,72.96,72.93,72.955,40144
2026-07-10 12:55:00,72.955,73.0098,72.955,72.965,68595
2026-07-10 12:56:00,72.965,73.03,72.955,73.005,77950
2026-07-10 12:57:00,73.005,73.1,73.002,73.015,68662
2026-07-10 12:58:00,73.0173,73.0302,72.94,72.96,50404
2026-07-10 12:59:00,72.9599,72.975,72.945,72.96,23710
2026-07-10 13:00:00,72.96,72.965,72.922,72.93,34768
2026-07-10 13:01:00,72.9312,72.965,72.93,72.965,134290
2026-07-10 13:02:00,72.965,72.97,72.855,72.86,182565
2026-07-10 13:03:00,72.87,72.91,72.86,72.9038,40089
2026-07-10 13:04:00,72.905,72.91,72.845,72.8739,64328
2026-07-10 13:05:00,72.87,72.88,72.825,72.845,37555
2026-07-10 13:06:00,72.85,72.875,72.8416,72.875,42051
2026-07-10 13:07:00,72.875,72.9,72.87,72.88,34088
2026-07-10 13:08:00,72.875,72.88,72.8526,72.8532,35768
2026-07-10 13:09:00,72.85,72.8699,72.84,72.86,27369
2026-07-10 13:10:00,72.865,72.9,72.83,72.83,103803
2026-07-10 13:11:00,72.835,72.89,72.83,72.885,22054
2026-07-10 13:12:00,72.88,72.885,72.85,72.87,40077
2026-07-10 13:13:00,72.865,72.905,72.86,72.905,17786
2026-07-10 13:14:00,72.905,72.905,72.845,72.865,49790
2026-07-10 13:15:00,72.865,72.9,72.86,72.89,42050
2026-07-10 13:16:00,72.89,72.92,72.8801,72.915,62804
2026-07-10 13:17:00,72.915,72.92,72.88,72.895,33624
2026-07-10 13:18:00,72.89,72.935,72.89,72.915,43584
2026-07-10 13:19:00,72.915,72.92,72.83,72.8399,45133
2026-07-10 13:20:00,72.83,72.84,72.795,72.815,74427
2026-07-10 13:21:00,72.82,72.83,72.78,72.81,100624
2026-07-10 13:22:00,72.81,72.82,72.76,72.785,52725
2026-07-10 13:23:00,72.78,72.785,72.75,72.76,79031
2026-07-10 13:24:00,72.765,72.775,72.75,72.7599,25894
2026-07-10 13:25:00,72.75,72.75,72.625,72.655,218240
2026-07-10 13:26:00,72.655,72.67,72.64,72.655,54509
2026-07-10 13:27:00,72.65,72.6598,72.63,72.655,38119
2026-07-10 13:28:00,72.655,72.6799,72.65,72.655,38442
2026-07-10 13:29:00,72.66,72.66,72.605,72.62,73026
2026-07-10 13:30:00,72.615,72.62,72.58,72.615,68597
2026-07-10 13:31:00,72.6185,72.62,72.5701,72.5871,70430
2026-07-10 13:32:00,72.585,72.6198,72.53,72.54,184156
2026-07-10 13:33:00,72.535,72.57,72.53,72.56,56666
2026-07-10 13:34:00,72.56,72.595,72.52,72.54,69171
2026-07-10 13:35:00,72.55,72.5578,72.51,72.55,45550
2026-07-10 13:36:00,72.545,72.585,72.54,72.56,56923
2026-07-10 13:37:00,72.56,72.6,72.56,72.59,30261
2026-07-10 13:38:00,72.585,72.59,72.545,72.58,38057
2026-07-10 13:39:00,72.58,72.61,72.5575,72.6,53652
2026-07-10 13:40:00,72.6,72.62,72.595,72.605,26183
2026-07-10 13:41:00,72.6097,72.61,72.58,72.595,37402
2026-07-10 13:42:00,72.5997,72.635,72.59,72.625,59591
2026-07-10 13:43:00,72.625,72.66,72.6,72.625,44340
2026-07-10 13:44:00,72.625,72.63,72.6,72.615,28617
2026-07-10 13:45:00,72.618,72.76,72.5966,72.76,410116
2026-07-10 13:46:00,72.755,72.82,72.74,72.7994,86224
2026-07-10 13:47:00,72.79,72.845,72.76,72.83,53948
2026-07-10 13:48:00,72.8361,72.9,72.835,72.8606,40210
2026-07-10 13:49:00,72.87,72.9,72.865,72.87,30179
2026-07-10 13:50:00,72.87,72.8798,72.85,72.85,44701
2026-07-10 13:51:00,72.8599,72.92,72.855,72.915,99698
2026-07-10 13:52:00,72.915,72.9199,72.83,72.865,50000
2026-07-10 13:53:00,72.8698,72.875,72.8513,72.865,33873
2026-07-10 13:54:00,72.8695,72.915,72.86,72.9143,46723
2026-07-10 13:55:00,72.9144,72.9499,72.9103,72.94,44186
2026-07-10 13:56:00,72.94,72.96,72.91,72.92,55049
2026-07-10 13:57:00,72.915,72.93,72.85,72.93,73561
2026-07-10 13:58:00,72.925,72.99,72.925,72.975,38127
2026-07-10 13:59:00,72.975,73.0073,72.97,73,76344
2026-07-10 14:00:00,72.995,73.02,72.96,72.995,61706
2026-07-10 14:01:00,72.995,73.02,72.975,73.02,57566
2026-07-10 14:02:00,73.0245,73.0399,72.975,73.03,52153
2026-07-10 14:03:00,73.035,73.1,73.03,73.09,52717
2026-07-10 14:04:00,73.09,73.155,73.09,73.135,67511
2026-07-10 14:05:00,73.14,73.18,73.13,73.18,68197
2026-07-10 14:06:00,73.1801,73.21,73.16,73.18,67849
2026-07-10 14:07:00,73.18,73.1877,73.1638,73.185,60483
2026-07-10 14:08:00,73.185,73.2099,73.15,73.185,57902
2026-07-10 14:09:00,73.185,73.21,73.17,73.1995,70431
2026-07-10 14:10:00,73.19,73.21,73.16,73.17,69524
2026-07-10 14:11:00,73.175,73.18,73.145,73.155,42769
2026-07-10 14:12:00,73.155,73.165,73.12,73.165,52185
2026-07-10 14:13:00,73.17,73.22,73.165,73.215,50205
2026-07-10 14:14:00,73.21,73.2296,73.19,73.2,40234
2026-07-10 14:15:00,73.2001,73.24,73.2,73.215,49889
2026-07-10 14:16:00,73.2113,73.22,73.18,73.185,44371
2026-07-10 14:17:00,73.19,73.25,73.185,73.215,66893
2026-07-10 14:18:00,73.215,73.26,73.165,73.22,123268
2026-07-10 14:19:00,73.21,73.28,73.2,73.27,100902
2026-07-10 14:20:00,73.27,73.28,73.245,73.275,31603
2026-07-10 14:21:00,73.2798,73.36,73.265,73.355,92975
2026-07-10 14:22:00,73.355,73.375,73.34,73.36,93272
2026-07-10 14:23:00,73.365,73.3999,73.36,73.395,45069
2026-07-10 14:24:00,73.395,73.395,73.335,73.345,64789
2026-07-10 14:25:00,73.345,73.4,73.3402,73.375,66358
2026-07-10 14:26:00,73.38,73.42,73.375,73.38,56326
2026-07-10 14:27:00,73.38,73.42,73.37,73.4003,53985
2026-07-10 14:28:00,73.405,73.42,73.4,73.415,26175
2026-07-10 14:29:00,73.415,73.415,73.37,73.375,51959
2026-07-10 14:30:00,73.375,73.41,73.3746,73.3919,54315
2026-07-10 14:31:00,73.39,73.405,73.375,73.405,37410
2026-07-10 14:32:00,73.402,73.425,73.4,73.415,46647
2026-07-10 14:33:00,73.42,73.46,73.39,73.45,155415
2026-07-10 14:34:00,73.445,73.46,73.43,73.455,33129
2026-07-10 14:35:00,73.4503,73.465,73.43,73.435,36177
2026-07-10 14:36:00,73.43,73.465,73.42,73.46,23485
2026-07-10 14:37:00,73.465,73.515,73.46,73.495,85690
2026-07-10 14:38:00,73.4901,73.5199,73.48,73.4899,62029
2026-07-10 14:39:00,73.485,73.485,73.46,73.46,33621
2026-07-10 14:40:00,73.465,73.485,73.44,73.485,44306
2026-07-10 14:41:00,73.485,73.49,73.45,73.455,45522
2026-07-10 14:42:00,73.455,73.5,73.455,73.485,22808
2026-07-10 14:43:00,73.485,73.515,73.48,73.5099,25276
2026-07-10 14:44:00,73.505,73.55,73.5,73.501,39981
2026-07-10 14:45:00,73.505,73.52,73.5,73.515,49522
2026-07-10 14:46:00,73.52,73.52,73.4975,73.5,24463
2026-07-10 14:47:00,73.5,73.505,73.47,73.495,55681
2026-07-10 14:48:00,73.495,73.5064,73.48,73.5,24933
2026-07-10 14:49:00,73.505,73.53,73.505,73.525,25130
2026-07-10 14:50:00,73.525,73.55,73.51,73.515,46497
2026-07-10 14:51:00,73.515,73.545,73.495,73.525,116147
2026-07-10 14:52:00,73.525,73.55,73.495,73.54,47635
2026-07-10 14:53:00,73.535,73.54,73.5,73.54,49284
2026-07-10 14:54:00,73.535,73.575,73.53,73.565,67528
2026-07-10 14:55:00,73.565,73.68,73.56,73.655,95789
2026-07-10 14:56:00,73.66,73.7183,73.64,73.7,45352
2026-07-10 14:57:00,73.6945,73.73,73.66,73.665,50256
2026-07-10 14:58:00,73.665,73.6882,73.62,73.685,38807
2026-07-10 14:59:00,73.69,73.7099,73.67,73.69,43125
2026-07-10 15:00:00,73.69,73.73,73.67,73.705,37030
2026-07-10 15:01:00,73.705,73.75,73.695,73.725,37718
2026-07-10 15:02:00,73.725,73.745,73.62,73.635,72964
2026-07-10 15:03:00,73.635,73.74,73.63,73.735,86463
2026-07-10 15:04:00,73.735,73.745,73.685,73.69,57841
2026-07-10 15:05:00,73.69,73.71,73.69,73.7,68892
2026-07-10 15:06:00,73.705,73.71,73.65,73.66,45258
2026-07-10 15:07:00,73.655,73.665,73.64,73.655,33755
2026-07-10 15:08:00,73.655,73.655,73.58,73.63,150934
2026-07-10 15:09:00,73.6326,73.665,73.62,73.65,83573
2026-07-10 15:10:00,73.655,73.6795,73.64,73.645,44314
2026-07-10 15:11:00,73.65,73.715,73.65,73.71,42373
2026-07-10 15:12:00,73.72,73.74,73.7,73.735,61073
2026-07-10 15:13:00,73.74,73.75,73.68,73.7,29035
2026-07-10 15:14:00,73.705,73.7263,73.7,73.71,44102
2026-07-10 15:15:00,73.715,73.73,73.695,73.695,32636
2026-07-10 15:16:00,73.695,73.72,73.685,73.7105,38575
2026-07-10 15:17:00,73.71,73.7365,73.7,73.73,44425
2026-07-10 15:18:00,73.73,73.7399,73.71,73.72,38955
2026-07-10 15:19:00,73.715,73.72,73.7,73.715,39530
2026-07-10 15:20:00,73.714,73.7399,73.7,73.71,51289
2026-07-10 15:21:00,73.71,73.75,73.71,73.735,45863
2026-07-10 15:22:00,73.735,73.745,73.64,73.645,60259
2026-07-10 15:23:00,73.6449,73.645,73.61,73.6301,65985
2026-07-10 15:24:00,73.635,73.64,73.595,73.595,54775
2026-07-10 15:25:00,73.595,73.605,73.57,73.59,71470
2026-07-10 15:26:00,73.585,73.59,73.54,73.545,49696
2026-07-10 15:27:00,73.54,73.57,73.51,73.56,72231
2026-07-10 15:28:00,73.57,73.61,73.54,73.605,47157
2026-07-10 15:29:00,73.605,73.605,73.535,73.545,41070
2026-07-10 15:30:00,73.54,73.555,73.49,73.55,86877
2026-07-10 15:31:00,73.55,73.59,73.53,73.585,119782
2026-07-10 15:32:00,73.58,73.68,73.55,73.605,145333
2026-07-10 15:33:00,73.605,73.61,73.54,73.555,77229
2026-07-10 15:34:00,73.555,73.65,73.5501,73.64,91677
2026-07-10 15:35:00,73.64,73.646,73.58,73.595,68615
2026-07-10 15:36:00,73.595,73.61,73.52,73.54,64541
2026-07-10 15:37:00,73.535,73.535,73.4633,73.485,110992
2026-07-10 15:38:00,73.485,73.4999,73.43,73.435,74909
2026-07-10 15:39:00,73.435,73.4498,73.365,73.395,106770
2026-07-10 15:40:00,73.3999,73.405,73.32,73.355,89391
2026-07-10 15:41:00,73.355,73.365,73.33,73.335,55704
2026-07-10 15:42:00,73.34,73.36,73.33,73.34,61721
2026-07-10 15:43:00,73.34,73.355,73.31,73.315,50568
2026-07-10 15:44:00,73.315,73.335,73.295,73.325,57282
2026-07-10 15:45:00,73.325,73.36,73.3,73.355,91426
2026-07-10 15:46:00,73.35,73.41,73.345,73.405,102025
2026-07-10 15:47:00,73.405,73.42,73.34,73.34,202416
2026-07-10 15:48:00,73.345,73.4,73.33,73.345,164978
2026-07-10 15:49:00,73.345,73.38,73.295,73.36,109261
2026-07-10 15:50:00,73.375,73.375,73.25,73.3166,132403
2026-07-10 15:51:00,73.315,73.33,73.29,73.301,128179
2026-07-10 15:52:00,73.3,73.345,73.275,73.335,113275
2026-07-10 15:53:00,73.335,73.35,73.3,73.31,125829
2026-07-10 15:54:00,73.31,73.39,73.305,73.355,166215
2026-07-10 15:55:00,73.355,73.37,73.335,73.359,179153
2026-07-10 15:56:00,73.36,73.43,73.32,73.415,193656
2026-07-10 15:57:00,73.4147,73.43,73.3845,73.425,215056
2026-07-10 15:58:00,73.42,73.43,73.38,73.38,293511
2026-07-10 15:59:00,73.38,73.38,73.28,73.37,574957
2026-07-10 16:00:00,73.37,73.39,73.3,73.3,4570715
2026-07-10 16:01:00,73.3,73.37,73.25,73.37,11699
2026-07-10 16:02:00,73.37,73.4661,73.37,73.44,10498
2026-07-10 16:03:00,73.43,73.435,73.38,73.41,1820
2026-07-10 16:04:00,73.4186,73.42,73.37,73.37,2736
2026-07-10 16:05:00,73.4,73.4,73.37,73.37,4462
2026-07-10 16:06:00,73.39,73.41,73.39,73.3969,2478
2026-07-10 16:07:00,73.4,73.4559,73.4,73.4559,2815
2026-07-10 16:08:00,73.48,73.48,73.4395,73.44,2000
2026-07-10 16:09:00,73.44,73.44,73.41,73.41,1730
2026-07-10 16:10:00,73.41,73.41,73.38,73.38,3677
2026-07-10 16:11:00,73.4,73.402,73.4,73.402,270
2026-07-10 16:12:00,73.4,73.4,73.38,73.4,1396
2026-07-10 16:13:00,73.4046,73.4257,73.38,73.38,2130
2026-07-10 16:14:00,73.37,73.4,73.37,73.398,733
2026-07-10 16:15:00,73.3601,73.4,73.3601,73.4,5167
2026-07-10 16:16:00,73.42,73.4354,73.42,73.4354,200
2026-07-10 16:17:00,73.416,73.42,73.416,73.42,2159
2026-07-10 16:18:00,73.438,73.438,73.43,73.43,310
2026-07-10 16:20:00,73.43,73.43,73.42,73.4291,747
2026-07-10 16:21:00,73.4291,73.4291,73.4291,73.4291,299
2026-07-10 16:22:00,73.42,73.42,73.4,73.4,500
2026-07-10 16:23:00,73.42,73.42,73.3816,73.3816,1100
2026-07-10 16:24:00,73.38,73.4,73.38,73.4,9130
2026-07-10 16:25:00,73.4,73.42,73.36,73.42,7195
2026-07-10 16:26:00,73.42,73.42,73.35,73.37,2887
2026-07-10 16:27:00,73.38,73.4183,73.38,73.4183,2046
2026-07-10 16:28:00,73.4,73.4148,73.38,73.38,3967
2026-07-10 16:29:00,73.3802,73.3974,73.38,73.3974,702
2026-07-10 16:30:00,73.4,73.4,73.355,73.3794,2041
2026-07-10 16:31:00,73.38,73.39,73.38,73.38,502
2026-07-10 16:32:00,73.3612,73.38,73.3612,73.3666,751
2026-07-10 16:33:00,73.38,73.38,73.3777,73.3777,791
2026-07-10 16:34:00,73.3667,73.37,73.36,73.36,2899
2026-07-10 16:35:00,73.3508,73.37,73.3508,73.3687,1178
2026-07-10 16:36:00,73.3692,73.3692,73.36,73.365,1080
2026-07-10 16:38:00,73.3622,73.38,73.3622,73.38,504
2026-07-10 16:39:00,73.3796,73.38,73.3796,73.3798,995
2026-07-10 16:40:00,73.39,73.39,73.39,73.39,110
2026-07-10 16:41:00,73.39,73.39,73.3797,73.38,1398
2026-07-10 16:42:00,73.3781,73.3781,73.3781,73.3781,200
2026-07-10 16:43:00,73.3765,73.38,73.37,73.38,1813
2026-07-10 16:44:00,73.36,73.3798,73.36,73.3798,600
2026-07-10 16:45:00,73.3799,73.3799,73.3799,73.3799,1500
2026-07-10 16:46:00,73.3787,73.3992,73.37,73.3992,5371
2026-07-10 16:47:00,73.4,73.43,73.4,73.42,1613
2026-07-10 16:48:00,73.43,73.5,73.43,73.43,5828
2026-07-10 16:49:00,73.43,73.43,73.4,73.428,740
2026-07-10 16:50:00,73.429,73.429,73.429,73.429,100
2026-07-10 16:51:00,73.41,73.41,73.41,73.41,100
2026-07-10 16:52:00,73.45,73.45,73.4401,73.4499,2495
2026-07-10 16:53:00,73.45,73.45,73.4403,73.4403,500
2026-07-10 16:54:00,73.45,73.45,73.4403,73.45,1179
2026-07-10 16:55:00,73.442,73.442,73.442,73.442,800
2026-07-10 16:56:00,73.45,73.45,73.4403,73.4403,727
2026-07-10 16:57:00,73.45,73.45,73.45,73.45,854
2026-07-10 16:58:00,73.45,73.45,73.45,73.45,227
2026-07-10 16:59:00,73.45,73.46,73.4499,73.45,6355
2026-07-10 17:00:00,73.45,73.45,73.41,73.45,6443
2026-07-10 17:01:00,73.4197,73.45,73.4197,73.45,3850
2026-07-10 17:03:00,73.44,73.44,73.4384,73.44,700
2026-07-10 17:06:00,73.44,73.44,73.44,73.44,300
2026-07-10 17:07:00,73.44,73.44,73.44,73.44,600
2026-07-10 17:08:00,73.4397,73.4397,73.4397,73.4397,100
2026-07-10 17:09:00,73.44,73.44,73.44,73.44,136
2026-07-10 17:11:00,73.43,73.43,73.4101,73.4101,593
2026-07-10 17:12:00,73.4393,73.4393,73.4393,73.4393,108
2026-07-10 17:13:00,73.41,73.4139,73.41,73.4139,600
2026-07-10 17:15:00,73.43,73.43,73.43,73.43,214
2026-07-10 17:16:00,73.42,73.4382,73.42,73.4382,550
2026-07-10 17:18:00,73.44,73.44,73.44,73.44,200
2026-07-10 17:20:00,73.4202,73.4202,73.4202,73.4202,100
2026-07-10 17:21:00,73.4374,73.44,73.4374,73.44,2000
2026-07-10 17:23:00,73.43,73.43,73.43,73.43,135
2026-07-10 17:24:00,73.42,73.44,73.42,73.44,3250
2026-07-10 17:25:00,73.4499,73.4499,73.42,73.42,1400
2026-07-10 17:26:00,73.45,73.45,73.45,73.45,2091
2026-07-10 17:27:00,73.4442,73.4442,73.4442,73.4442,200
2026-07-10 17:28:00,73.42,73.43,73.415,73.43,815
2026-07-10 17:29:00,73.41,73.43,73.41,73.43,230
2026-07-10 17:31:00,73.4101,73.4101,73.4101,73.4101,3494
2026-07-10 17:32:00,73.4187,73.4187,73.41,73.41,365
2026-07-10 17:33:00,73.4116,73.4361,73.4116,73.4361,390
2026-07-10 17:36:00,73.4395,73.44,73.4206,73.4366,1199
2026-07-10 17:37:00,73.439,73.439,73.4204,73.4204,507
2026-07-10 17:38:00,73.44,73.44,73.44,73.44,100
2026-07-10 17:41:00,73.4466,73.4466,73.44,73.44,235
2026-07-10 17:42:00,73.44,73.44,73.44,73.44,450
2026-07-10 17:43:00,73.45,73.45,73.4482,73.4482,350
2026-07-10 17:45:00,73.45,73.45,73.45,73.45,287
2026-07-10 17:46:00,73.45,73.45,73.45,73.45,136
2026-07-10 17:47:00,73.42,73.42,73.42,73.42,100
2026-07-10 17:48:00,73.4361,73.4361,73.4361,73.4361,2000
2026-07-10 17:49:00,73.4413,73.4498,73.44,73.44,599
2026-07-10 17:50:00,73.44,73.44,73.43,73.44,637
2026-07-10 17:51:00,73.4201,73.4201,73.4201,73.4201,200
2026-07-10 17:52:00,73.4211,73.44,73.4211,73.4374,613
2026-07-10 17:53:00,73.42,73.4233,73.42,73.4233,356
2026-07-10 17:54:00,73.4236,73.4394,73.4236,73.4394,200
2026-07-10 17:55:00,73.43,73.43,73.43,73.43,400
2026-07-10 17:57:00,73.4334,73.44,73.433,73.44,1260
2026-07-10 17:58:00,73.43,73.44,73.43,73.44,2940
2026-07-10 17:59:00,73.4377,73.44,73.4377,73.44,2000
2026-07-10 18:00:00,73.43,73.44,73.43,73.44,4870
2026-07-10 18:01:00,73.43,73.44,73.43,73.4399,4200
2026-07-10 18:02:00,73.43,73.44,73.43,73.44,1405
2026-07-10 18:03:00,73.45,73.45,73.4413,73.45,2527
2026-07-10 18:04:00,73.4497,73.4497,73.445,73.445,2100
2026-07-10 18:05:00,73.4487,73.4487,73.4487,73.4487,108
2026-07-10 18:06:00,73.4498,73.45,73.4487,73.45,450
2026-07-10 18:08:00,73.45,73.45,73.45,73.45,300
2026-07-10 18:09:00,73.4496,73.4496,73.4496,73.4496,3870
2026-07-10 18:10:00,73.4368,73.45,73.4368,73.45,321
2026-07-10 18:12:00,73.4499,73.4499,73.4499,73.4499,1900
2026-07-10 18:13:00,73.43,73.44,73.43,73.44,556
2026-07-10 18:14:00,73.435,73.44,73.43,73.43,2000
2026-07-10 18:15:00,73.43,73.43,73.43,73.43,250
2026-07-10 18:16:00,73.4313,73.4398,73.4313,73.4398,800
2026-07-10 18:18:00,73.4399,73.4399,73.4387,73.4387,224
2026-07-10 18:19:00,73.43,73.43,73.43,73.43,400
2026-07-10 18:20:00,73.43,73.44,73.43,73.44,383
2026-07-10 18:22:00,73.4381,73.4381,73.4381,73.4381,100
2026-07-10 18:24:00,73.4384,73.4384,73.4384,73.4384,200
2026-07-10 18:25:00,73.44,73.44,73.44,73.44,2000
2026-07-10 18:27:00,73.435,73.435,73.435,73.435,200
2026-07-10 18:28:00,73.4398,73.4398,73.43,73.43,1000
2026-07-10 18:29:00,73.4313,73.44,73.4313,73.44,1122
2026-07-10 18:30:00,73.44,73.44,73.44,73.44,288
2026-07-10 18:31:00,73.43,73.43,73.4299,73.4299,7701
2026-07-10 18:32:00,73.42,73.42,73.41,73.41,5861
2026-07-10 18:33:00,73.43,73.43,73.4295,73.4295,200
2026-07-10 18:34:00,73.4126,73.43,73.4126,73.43,660
2026-07-10 18:35:00,73.4234,73.4234,73.42,73.42,634
2026-07-10 18:38:00,73.42,73.42,73.41,73.41,450
2026-07-10 18:39:00,73.4187,73.42,73.4187,73.42,3001
2026-07-10 18:40:00,73.41,73.4101,73.4,73.4101,2369
2026-07-10 18:41:00,73.4161,73.42,73.4161,73.42,1200
2026-07-10 18:42:00,73.42,73.42,73.4161,73.4161,464
2026-07-10 18:43:00,73.4,73.4,73.4,73.4,450
2026-07-10 18:45:00,73.42,73.42,73.4194,73.4194,252
2026-07-10 18:46:00,73.4161,73.4161,73.4161,73.4161,300
2026-07-10 18:47:00,73.39,73.42,73.39,73.42,9727
2026-07-10 18:48:00,73.42,73.42,73.42,73.42,246
2026-07-10 18:49:00,73.4,73.41,73.4,73.41,600
2026-07-10 18:50:00,73.42,73.42,73.42,73.42,100
2026-07-10 18:53:00,73.4,73.4,73.4,73.4,100
2026-07-10 18:54:00,73.4,73.4,73.3913,73.3913,300
2026-07-10 18:55:00,73.4,73.4,73.4,73.4,100
2026-07-10 18:56:00,73.3987,73.4,73.3987,73.3987,500
2026-07-10 18:57:00,73.4,73.4,73.39,73.4,903
2026-07-10 19:00:00,73.41,73.4101,73.41,73.4101,430
2026-07-10 19:01:00,73.41,73.42,73.41,73.42,1800
2026-07-10 19:02:00,73.42,73.42,73.42,73.42,644
2026-07-10 19:03:00,73.41,73.41,73.4,73.4,568
2026-07-10 19:05:00,73.4199,73.4199,73.4199,73.4199,100
2026-07-10 19:06:00,73.4023,73.4023,73.4023,73.4023,500
2026-07-10 19:07:00,73.42,73.42,73.42,73.42,105
2026-07-10 19:08:00,73.4174,73.4174,73.4174,73.4174,200
2026-07-10 19:09:00,73.4198,73.4198,73.4174,73.4174,300
2026-07-10 19:10:00,73.4196,73.4196,73.404,73.404,550
2026-07-10 19:11:00,73.4001,73.4001,73.4001,73.4001,5000
2026-07-10 19:12:00,73.42,73.42,73.4195,73.4195,300
2026-07-10 19:15:00,73.439,73.439,73.439,73.439,700
2026-07-10 19:16:00,73.41,73.414,73.41,73.414,598
2026-07-10 19:17:00,73.41,73.4277,73.41,73.4277,396
2026-07-10 19:18:00,73.4295,73.4295,73.41,73.41,200
2026-07-10 19:19:00,73.41,73.41,73.41,73.41,1000
2026-07-10 19:21:00,73.4281,73.4281,73.4018,73.4018,500
2026-07-10 19:22:00,73.43,73.43,73.4261,73.4261,1289
2026-07-10 19:23:00,73.4281,73.4281,73.4026,73.4026,1289
2026-07-10 19:24:00,73.41,73.41,73.4001,73.4002,586
2026-07-10 19:25:00,73.41,73.41,73.4,73.4,1300
2026-07-10 19:26:00,73.41,73.41,73.37,73.37,5246
2026-07-10 19:27:00,73.39,73.39,73.39,73.39,200
2026-07-10 19:29:00,73.3713,73.375,73.37,73.37,650
2026-07-10 19:30:00,73.37,73.37,73.37,73.37,100
2026-07-10 19:31:00,73.38,73.38,73.38,73.38,100
2026-07-10 19:32:00,73.3715,73.3715,73.3715,73.3715,426
2026-07-10 19:33:00,73.41,73.41,73.41,73.41,100
2026-07-10 19:34:00,73.4,73.41,73.39,73.41,1755
2026-07-10 19:35:00,73.3744,73.3744,73.3744,73.3744,155
2026-07-10 19:39:00,73.3882,73.3882,73.38,73.38,300
2026-07-10 19:40:00,73.4,73.4,73.38,73.38,495
2026-07-10 19:41:00,73.3752,73.41,73.3752,73.41,375
2026-07-10 19:42:00,73.4097,73.41,73.4032,73.4032,1476
2026-07-10 19:43:00,73.4139,73.4139,73.4139,73.4139,286
2026-07-10 19:44:00,73.41,73.411,73.41,73.411,240
2026-07-10 19:45:00,73.41,73.41,73.4,73.4,3450
2026-07-10 19:46:00,73.4013,73.41,73.4013,73.41,1600
2026-07-10 19:47:00,73.41,73.41,73.4,73.4001,580
2026-07-10 19:48:00,73.4099,73.41,73.4013,73.41,2600
2026-07-10 19:49:00,73.4035,73.4035,73.4035,73.4035,562
2026-07-10 19:50:00,73.4,73.4001,73.4,73.4001,800
2026-07-10 19:51:00,73.41,73.41,73.4017,73.41,1800
2026-07-10 19:52:00,73.41,73.41,73.4087,73.4098,610
2026-07-10 19:53:00,73.4034,73.41,73.4034,73.41,500
2026-07-10 19:54:00,73.41,73.41,73.41,73.41,200
2026-07-10 19:55:00,73.4087,73.41,73.4087,73.41,1616
2026-07-10 19:56:00,73.442,73.4487,73.442,73.4487,210
2026-07-10 19:57:00,73.44,73.44,73.44,73.44,1187
2026-07-10 19:58:00,73.4132,73.4374,73.4132,73.4374,538
2026-07-10 19:59:00,73.4374,73.4374,73.4,73.4,10298
2026-07-13 04:00:00,73.57,73.85,73.54,73.78,41682
2026-07-13 04:01:00,73.78,73.82,73.56,73.64,13671
2026-07-13 04:02:00,73.64,73.85,73.59,73.76,15167
2026-07-13 04:03:00,73.72,73.96,73.72,73.96,1547
2026-07-13 04:04:00,74,74,73.98,74,2640
2026-07-13 04:06:00,74.0117,74.0117,74.0117,74.0117,179
2026-07-13 04:07:00,74.05,74.0841,73.73,73.73,1566
2026-07-13 04:08:00,73.74,74.06,73.74,74.04,1638
2026-07-13 04:09:00,74.07,74.07,74.04,74.06,656
2026-07-13 04:11:00,74.0972,74.1,74.0972,74.1,1307
2026-07-13 04:12:00,74.07,74.07,74.04,74.0406,2359
2026-07-13 04:13:00,74.075,74.1,74.075,74.1,909
2026-07-13 04:16:00,74.06,74.06,74.03,74.04,3113
2026-07-13 04:17:00,74.02,74.03,74.02,74.03,1902
2026-07-13 04:18:00,74.03,74.03,74.01,74.03,2614
2026-07-13 04:19:00,73.9914,73.9914,73.99,73.99,2834
2026-07-13 04:20:00,73.93,73.9327,73.93,73.9327,1200
2026-07-13 04:22:00,73.895,73.9,73.87,73.87,801
2026-07-13 04:23:00,73.93,73.93,73.93,73.93,150
2026-07-13 04:26:00,73.9,73.9,73.9,73.9,271
2026-07-13 04:27:00,73.92,73.93,73.92,73.93,1300
2026-07-13 04:30:00,73.93,73.93,73.93,73.93,1000
2026-07-13 04:31:00,73.93,73.93,73.93,73.93,565
2026-07-13 04:32:00,73.988,73.9948,73.988,73.9948,710
2026-07-13 04:35:00,73.96,73.96,73.96,73.96,100
2026-07-13 04:36:00,73.97,73.98,73.97,73.98,537
2026-07-13 04:37:00,73.97,73.99,73.97,73.99,546
2026-07-13 04:38:00,73.94,73.94,73.94,73.94,100
2026-07-13 04:39:00,73.96,73.98,73.96,73.98,485
2026-07-13 04:40:00,73.98,73.98,73.98,73.98,200
2026-07-13 04:41:00,73.9999,74,73.9999,74,490
2026-07-13 04:43:00,74.04,74.04,74.03,74.03,200
2026-07-13 04:44:00,74.02,74.02,74.01,74.01,1576
2026-07-13 04:47:00,74.06,74.06,74.06,74.06,100
2026-07-13 04:48:00,74.07,74.07,74,74,289
2026-07-13 04:49:00,74.025,74.025,73.95,73.95,1051
2026-07-13 04:50:00,74,74,74,74,100
2026-07-13 04:52:00,73.95,73.95,73.95,73.95,500
2026-07-13 04:54:00,73.9,73.98,73.8432,73.98,1118
2026-07-13 04:57:00,73.86,73.86,73.86,73.86,499
2026-07-13 05:02:00,73.86,73.86,73.86,73.86,468
2026-07-13 05:04:00,73.86,73.86,73.86,73.86,100
2026-07-13 05:08:00,73.86,73.86,73.86,73.86,248
2026-07-13 05:12:00,73.86,73.86,73.86,73.86,442
2026-07-13 05:14:00,73.8944,73.8944,73.8944,73.8944,115
2026-07-13 05:15:00,73.88,73.88,73.86,73.86,500
2026-07-13 05:16:00,73.86,73.86,73.86,73.86,300
2026-07-13 05:17:00,73.875,73.95,73.86,73.86,1985
2026-07-13 05:18:00,73.88,73.93,73.85,73.85,1499
2026-07-13 05:20:00,73.86,73.86,73.86,73.86,425
2026-07-13 05:22:00,73.85,73.85,73.85,73.85,100
2026-07-13 05:23:00,73.84,73.85,73.84,73.84,1220
2026-07-13 05:25:00,73.8117,73.8117,73.8117,73.8117,250
2026-07-13 05:27:00,73.84,73.84,73.84,73.84,100
2026-07-13 05:28:00,73.84,73.84,73.84,73.84,375
2026-07-13 05:30:00,73.825,73.85,73.825,73.85,611
2026-07-13 05:31:00,73.88,73.88,73.83,73.83,299
2026-07-13 05:36:00,73.81,73.81,73.81,73.81,633
2026-07-13 05:38:00,73.86,73.86,73.8,73.8,1148
2026-07-13 05:40:00,73.815,73.815,73.815,73.815,100
2026-07-13 05:44:00,73.75,73.75,73.75,73.75,1000
2026-07-13 05:46:00,73.85,73.85,73.85,73.85,200
2026-07-13 05:47:00,73.79,73.7944,73.79,73.7944,372
2026-07-13 05:48:00,73.75,73.78,73.75,73.78,1015
2026-07-13 05:53:00,73.81,73.81,73.81,73.81,100
2026-07-13 05:57:00,73.83,73.83,73.83,73.83,350
2026-07-13 05:59:00,73.85,73.9,73.85,73.87,1445
2026-07-13 06:00:00,73.89,73.89,73.87,73.87,328
2026-07-13 06:06:00,73.87,73.87,73.87,73.87,109
2026-07-13 06:14:00,73.87,73.87,73.87,73.87,600
2026-07-13 06:15:00,73.87,73.87,73.87,73.87,300
2026-07-13 06:16:00,73.84,73.84,73.84,73.84,139
2026-07-13 06:18:00,73.87,73.87,73.87,73.87,2600
2026-07-13 06:21:00,73.89,73.89,73.86,73.86,554
2026-07-13 06:22:00,73.9,73.9,73.9,73.9,100
2026-07-13 06:25:00,73.8746,73.88,73.8746,73.88,200
2026-07-13 06:26:00,73.88,73.93,73.88,73.93,4988
2026-07-13 06:27:00,73.95,74.15,73.95,74.1485,6213
2026-07-13 06:28:00,74.1459,74.15,74.1459,74.15,550
2026-07-13 06:30:00,74.16,74.18,74.16,74.18,300
2026-07-13 06:32:00,74.12,74.16,74.11,74.16,572
2026-07-13 06:33:00,74.132,74.14,74.1,74.1,2256
2026-07-13 06:34:00,74.17,74.17,74.17,74.17,200
2026-07-13 06:39:00,74.15,74.17,74.15,74.17,200
2026-07-13 06:40:00,74.16,74.16,74.16,74.16,100
2026-07-13 06:41:00,74.12,74.12,74.12,74.12,110
2026-07-13 06:42:00,74.15,74.17,74.15,74.17,362
2026-07-13 06:43:00,74.17,74.17,74.1522,74.1522,1237
2026-07-13 06:44:00,74.17,74.18,74.17,74.18,2062
2026-07-13 06:45:00,74.18,74.18,74.18,74.18,100
2026-07-13 06:46:00,74.18,74.18,74.18,74.18,100
2026-07-13 06:49:00,74.1,74.1,74.1,74.1,300
2026-07-13 06:52:00,74.0955,74.0955,74.0955,74.0955,660
2026-07-13 06:54:00,74.06,74.0845,74.06,74.0845,242
2026-07-13 06:55:00,74.08,74.08,74.08,74.08,260
2026-07-13 06:57:00,74.0682,74.0682,74.01,74.01,300
2026-07-13 06:58:00,74,74,74,74,100
2026-07-13 07:00:00,73.96,74.1,73.94,74.0001,14981
2026-07-13 07:01:00,74.03,74.05,73.97,73.98,1772
2026-07-13 07:02:00,74.1,74.1,74,74,530
2026-07-13 07:03:00,73.99,73.99,73.88,73.88,2940
2026-07-13 07:05:00,73.83,73.9693,73.83,73.95,1750
2026-07-13 07:06:00,73.89,73.9943,73.89,73.89,618
2026-07-13 07:07:00,73.82,73.82,73.82,73.82,680
2026-07-13 07:08:00,73.9545,73.9545,73.8268,73.85,2291
2026-07-13 07:09:00,73.83,73.8474,73.8,73.8,3009
2026-07-13 07:10:00,73.85,73.85,73.85,73.85,100
2026-07-13 07:11:00,73.75,73.8,73.74,73.8,1444
2026-07-13 07:12:00,73.7949,73.8002,73.78,73.8002,1273
2026-07-13 07:13:00,73.8002,73.8188,73.78,73.8188,597
2026-07-13 07:14:00,73.81,73.81,73.76,73.7792,1971
2026-07-13 07:15:00,73.83,73.83,73.82,73.82,516
2026-07-13 07:16:00,73.8,73.8,73.8,73.8,100
2026-07-13 07:17:00,73.7844,73.7844,73.7844,73.7844,287
2026-07-13 07:18:00,73.79,73.82,73.768,73.78,1895
2026-07-13 07:19:00,73.75,73.75,73.75,73.75,430
2026-07-13 07:20:00,73.74,73.77,73.7,73.77,4967
2026-07-13 07:21:00,73.7601,73.85,73.76,73.76,4225
2026-07-13 07:22:00,73.83,73.96,73.82,73.96,4166
2026-07-13 07:23:00,73.86,74,73.86,73.9,450
2026-07-13 07:25:00,73.9,73.9,73.83,73.83,300
2026-07-13 07:26:00,73.81,73.81,73.81,73.81,181
2026-07-13 07:27:00,73.9,73.92,73.9,73.92,4999
2026-07-13 07:28:00,73.9,73.95,73.8028,73.8028,3650
2026-07-13 07:29:00,73.8,73.8,73.79,73.8,950
2026-07-13 07:30:00,73.79,73.79,73.73,73.73,341
2026-07-13 07:31:00,73.7809,73.7809,73.74,73.74,800
2026-07-13 07:32:00,73.79,73.7957,73.79,73.7957,860
2026-07-13 07:33:00,73.8,73.83,73.8,73.83,600
2026-07-13 07:34:00,73.81,73.9,73.81,73.9,212
2026-07-13 07:35:00,73.8305,73.8305,73.8305,73.8305,100
2026-07-13 07:36:00,73.85,73.85,73.85,73.85,100
2026-07-13 07:37:00,73.75,73.75,73.75,73.75,100
2026-07-13 07:38:00,73.7552,73.76,73.7552,73.76,218
2026-07-13 07:39:00,73.75,73.78,73.75,73.7574,1021
2026-07-13 07:40:00,73.8,73.8,73.75,73.75,488
2026-07-13 07:41:00,73.8213,73.8304,73.75,73.8,1440
2026-07-13 07:43:00,73.76,73.76,73.75,73.75,1368
2026-07-13 07:44:00,73.75,73.75,73.7195,73.7195,500
2026-07-13 07:45:00,73.8,73.8,73.78,73.78,200
2026-07-13 07:46:00,73.75,73.75,73.75,73.75,1500
2026-07-13 07:47:00,73.85,73.85,73.85,73.85,150
2026-07-13 07:48:00,73.79,73.84,73.79,73.84,1070
2026-07-13 07:49:00,73.84,73.9813,73.84,73.97,894
2026-07-13 07:50:00,73.97,73.97,73.97,73.97,250
2026-07-13 07:51:00,73.9561,73.9561,73.9561,73.9561,200
2026-07-13 07:52:00,73.91,73.91,73.91,73.91,177
2026-07-13 07:53:00,73.96,73.96,73.85,73.85,345
2026-07-13 07:54:00,73.83,73.91,73.7878,73.91,675
2026-07-13 07:55:00,73.85,73.9064,73.83,73.9064,1150
2026-07-13 07:56:00,73.9,73.9,73.9,73.9,300
2026-07-13 07:57:00,73.85,73.85,73.84,73.85,1490
2026-07-13 07:58:00,73.85,73.93,73.85,73.93,412
2026-07-13 07:59:00,73.95,73.95,73.95,73.95,1000
2026-07-13 08:01:00,73.78,73.85,73.7408,73.85,522
2026-07-13 08:02:00,73.8753,73.8805,73.7618,73.8805,886
2026-07-13 08:03:00,73.82,73.82,73.82,73.82,100
2026-07-13 08:04:00,73.82,73.9,73.8,73.8,788
2026-07-13 08:05:00,73.8235,73.84,73.8235,73.84,500
2026-07-13 08:06:00,73.82,73.82,73.7939,73.7939,200
2026-07-13 08:07:00,73.7534,73.899,73.7534,73.88,560
2026-07-13 08:09:00,73.86,73.86,73.85,73.85,381
2026-07-13 08:10:00,73.89,73.89,73.88,73.89,4347
2026-07-13 08:11:00,73.8,73.85,73.71,73.71,841
2026-07-13 08:13:00,73.8661,73.8661,73.8,73.8,250
2026-07-13 08:14:00,73.8677,73.9,73.8677,73.9,300
2026-07-13 08:15:00,73.7,73.9,73.7,73.9,660
2026-07-13 08:16:00,73.8,73.8,73.79,73.79,1081
2026-07-13 08:17:00,73.8,73.81,73.8,73.81,231
2026-07-13 08:18:00,73.866,73.866,73.77,73.8,2010
2026-07-13 08:19:00,73.7334,73.84,73.7334,73.8,2000
2026-07-13 08:20:00,73.89,73.89,73.83,73.83,920
2026-07-13 08:21:00,73.7343,73.7343,73.7343,73.7343,200
2026-07-13 08:22:00,73.83,73.8783,73.83,73.8783,1411
2026-07-13 08:23:00,73.89,73.89,73.81,73.8603,300
2026-07-13 08:24:00,73.8191,73.89,73.8191,73.874,680
2026-07-13 08:25:00,73.8204,73.89,73.8204,73.89,1631
2026-07-13 08:26:00,73.9,73.91,73.8479,73.9,1585
2026-07-13 08:27:00,73.8608,73.9385,73.8469,73.9008,997
2026-07-13 08:28:00,73.935,73.96,73.9,73.9,2562
2026-07-13 08:29:00,73.9483,73.9483,73.91,73.9359,1400
2026-07-13 08:30:00,73.94,73.95,73.93,73.95,899
2026-07-13 08:31:00,73.9308,73.95,73.93,73.95,934
2026-07-13 08:32:00,73.9061,73.91,73.84,73.9,3442
2026-07-13 08:33:00,73.8726,73.9,73.87,73.87,889
2026-07-13 08:34:00,73.87,73.87,73.87,73.87,110
2026-07-13 08:36:00,73.86,73.86,73.86,73.86,1338
2026-07-13 08:37:00,73.87,73.89,73.85,73.85,825
2026-07-13 08:38:00,73.8866,73.8878,73.87,73.8878,1490
2026-07-13 08:39:00,73.8538,73.8538,73.85,73.85,980
2026-07-13 08:40:00,73.87,73.8899,73.87,73.87,900
2026-07-13 08:41:00,73.87,73.87,73.8419,73.8694,3065
2026-07-13 08:42:00,73.84,73.84,73.8375,73.8375,750
2026-07-13 08:43:00,73.84,73.85,73.84,73.85,576
2026-07-13 08:44:00,73.87,73.9,73.85,73.9,1862
2026-07-13 08:45:00,73.94,74.08,73.94,74.07,11060
2026-07-13 08:46:00,74.1,74.1,74.0701,74.0701,668
2026-07-13 08:47:00,74.09,74.1,74.0685,74.0685,1157
2026-07-13 08:48:00,74.0604,74.13,74.0395,74.0395,910
2026-07-13 08:49:00,74,74,74,74,100
2026-07-13 08:50:00,74.13,74.13,74.07,74.07,700
2026-07-13 08:51:00,74.12,74.12,74,74.1016,1051
2026-07-13 08:52:00,74.107,74.12,73.94,73.9995,4744
2026-07-13 08:53:00,73.9935,74,73.93,73.99,1695
2026-07-13 08:54:00,73.97,73.97,73.97,73.97,100
2026-07-13 08:55:00,73.95,73.9728,73.95,73.95,712
2026-07-13 08:56:00,73.9569,73.9569,73.9569,73.9569,141
2026-07-13 08:57:00,73.96,73.96,73.9326,73.9586,2131
2026-07-13 08:58:00,73.93,73.93,73.93,73.93,250
2026-07-13 08:59:00,73.96,73.96,73.93,73.9355,1231
2026-07-13 09:00:00,73.9736,73.9736,73.92,73.92,350
2026-07-13 09:01:00,73.92,73.92,73.9,73.906,702
2026-07-13 09:02:00,73.8989,73.9,73.88,73.89,1959
2026-07-13 09:03:00,73.86,73.9,73.86,73.8675,1776
2026-07-13 09:04:00,73.85,73.85,73.85,73.85,150
2026-07-13 09:05:00,73.85,73.89,73.85,73.89,630
2026-07-13 09:06:00,73.9,73.9,73.84,73.8872,396
2026-07-13 09:07:00,73.95,73.95,73.9,73.9,1001
2026-07-13 09:08:00,73.95,73.95,73.93,73.95,1051
2026-07-13 09:09:00,73.95,74,73.95,74,350
2026-07-13 09:10:00,73.91,73.9817,73.91,73.95,500
2026-07-13 09:11:00,73.9,73.98,73.9,73.92,852
2026-07-13 09:12:00,73.9,73.9,73.9,73.9,1395
2026-07-13 09:13:00,73.9661,73.97,73.94,73.94,658
2026-07-13 09:14:00,73.91,73.9365,73.9017,73.9365,1400
2026-07-13 09:15:00,73.94,73.98,73.9,73.9,1788
2026-07-13 09:16:00,73.98,73.98,73.91,73.97,830
2026-07-13 09:17:00,73.94,73.98,73.87,73.87,3544
2026-07-13 09:18:00,73.97,73.99,73.89,73.99,7657
2026-07-13 09:19:00,73.89,73.89,73.76,73.85,4915
2026-07-13 09:20:00,73.86,74,73.86,73.9476,930
2026-07-13 09:21:00,73.95,73.95,73.92,73.93,652
2026-07-13 09:22:00,73.9335,73.9335,73.89,73.89,1700
2026-07-13 09:23:00,73.93,73.93,73.91,73.92,809
2026-07-13 09:24:00,73.84,73.84,73.84,73.84,200
2026-07-13 09:25:00,73.95,73.99,73.8305,73.8305,877
2026-07-13 09:26:00,73.974,74,73.8,73.99,6655
2026-07-13 09:27:00,74,74,73.73,73.81,1931
2026-07-13 09:28:00,73.97,74.05,73.91,74.05,2479
2026-07-13 09:29:00,74.06,74.1,73.97,74.04,2790
2026-07-13 09:30:00,73.9,75.04,73.78,74.988,938146
2026-07-13 09:31:00,74.9899,75.2,74.715,74.715,318836
2026-07-13 09:32:00,74.73,75.1,74.73,75.02,323732
2026-07-13 09:33:00,75.02,75.08,74.85,74.92,156647
2026-07-13 09:34:00,74.92,75.2,74.895,75.06,308929
2026-07-13 09:35:00,75.06,75.25,74.98,75.09,215703
2026-07-13 09:36:00,75.095,75.21,75.035,75.12,174696
2026-07-13 09:37:00,75.1267,75.2,75.01,75.155,147632
2026-07-13 09:38:00,75.16,75.25,75.06,75.175,138548
2026-07-13 09:39:00,75.175,75.23,75.04,75.12,132715
2026-07-13 09:40:00,75.13,75.235,75.08,75.18,239729
2026-07-13 09:41:00,75.18,75.29,75.08,75.26,191406
2026-07-13 09:42:00,75.2674,75.2699,75.13,75.22,126378
2026-07-13 09:43:00,75.22,75.34,75.165,75.32,151316
2026-07-13 09:44:00,75.315,75.39,75.275,75.3103,119608
2026-07-13 09:45:00,75.31,75.31,75.05,75.14,200668
2026-07-13 09:46:00,75.1451,75.31,75.12,75.29,102937
2026-07-13 09:47:00,75.29,75.32,75.2,75.28,98148
2026-07-13 09:48:00,75.275,75.34,75.26,75.27,96461
2026-07-13 09:49:00,75.27,75.32,75.06,75.205,141417
2026-07-13 09:50:00,75.2044,75.29,75.065,75.11,127638
2026-07-13 09:51:00,75.09,75.165,75.03,75.085,116477
2026-07-13 09:52:00,75.085,75.3,75.04,75.295,90926
2026-07-13 09:53:00,75.29,75.355,75.15,75.225,151116
2026-07-13 09:54:00,75.25,75.35,75.115,75.15,142631
2026-07-13 09:55:00,75.145,75.21,75.05,75.21,168024
2026-07-13 09:56:00,75.21,75.21,75,75.05,107938
2026-07-13 09:57:00,75.05,75.135,74.98,75.12,73515
2026-07-13 09:58:00,75.13,75.25,75.12,75.22,58657
2026-07-13 09:59:00,75.22,75.24,75.13,75.14,70994
2026-07-13 10:00:00,75.13,75.17,75.075,75.1,96261
2026-07-13 10:01:00,75.1,75.12,75.01,75.025,113849
2026-07-13 10:02:00,75.0199,75.34,74.98,75.305,287964
2026-07-13 10:03:00,75.3,75.36,75.24,75.24,91265
2026-07-13 10:04:00,75.235,75.25,75.04,75.16,80383
2026-07-13 10:05:00,75.15,75.29,75.15,75.23,77857
2026-07-13 10:06:00,75.2495,75.29,75.14,75.15,47490
2026-07-13 10:07:00,75.145,75.26,75.09,75.26,119762
2026-07-13 10:08:00,75.2666,75.27,75.07,75.07,85716
2026-07-13 10:09:00,75.0774,75.3,75.06,75.25,90507
2026-07-13 10:10:00,75.24,75.29,75.2131,75.26,77687
2026-07-13 10:11:00,75.255,75.31,75.17,75.17,85887
2026-07-13 10:12:00,75.165,75.3,75.14,75.2495,73076
2026-07-13 10:13:00,75.24,75.35,75.22,75.275,46882
2026-07-13 10:14:00,75.275,75.29,75.195,75.2,48940
2026-07-13 10:15:00,75.195,75.31,75.1842,75.23,64111
2026-07-13 10:16:00,75.225,75.24,75,75.13,134244
2026-07-13 10:17:00,75.125,75.125,74.91,74.94,111057
2026-07-13 10:18:00,74.94,75.01,74.9,74.98,70589
2026-07-13 10:19:00,74.985,75.1,74.97,75.07,50382
2026-07-13 10:20:00,75.0741,75.1,74.93,74.96,42249
2026-07-13 10:21:00,74.96,74.96,74.9,74.94,38788
2026-07-13 10:22:00,74.92,75.01,74.915,75.01,51181
2026-07-13 10:23:00,75,75.085,74.99,75.05,46111
2026-07-13 10:24:00,75.06,75.095,74.9945,75.02,33712
2026-07-13 10:25:00,75.025,75.06,74.99,75.03,29798
2026-07-13 10:26:00,75.05,75.1399,75.03,75.0301,83639
2026-07-13 10:27:00,75.05,75.09,75.035,75.09,30194
2026-07-13 10:28:00,75.09,75.14,75.07,75.07,35559
2026-07-13 10:29:00,75.06,75.07,74.96,74.96,55259
2026-07-13 10:30:00,74.97,75.015,74.82,74.835,53302
2026-07-13 10:31:00,74.83,75.02,74.83,75.02,59811
2026-07-13 10:32:00,75.03,75.07,74.97,75.0501,46232
2026-07-13 10:33:00,75.05,75.07,74.93,74.93,64278
2026-07-13 10:34:00,74.925,74.98,74.9,74.915,42041
2026-07-13 10:35:00,74.92,75.02,74.91,74.985,39839
2026-07-13 10:36:00,74.985,75.06,74.98,75.06,59232
2026-07-13 10:37:00,75.055,75.055,74.915,75.03,46233
2026-07-13 10:38:00,75.02,75.035,75.005,75.025,28906
2026-07-13 10:39:00,75.025,75.025,74.94,74.955,35886
2026-07-13 10:40:00,74.955,74.99,74.925,74.97,28112
2026-07-13 10:41:00,74.97,75.0051,74.92,75.005,43173
2026-07-13 10:42:00,75,75.0601,74.82,74.8453,90087
2026-07-13 10:43:00,74.835,74.8999,74.82,74.89,40962
2026-07-13 10:44:00,74.89,74.91,74.84,74.86,45850
2026-07-13 10:45:00,74.85,74.87,74.775,74.785,51303
2026-07-13 10:46:00,74.785,74.94,74.771,74.905,127131
2026-07-13 10:47:00,74.905,74.93,74.83,74.86,46711
2026-07-13 10:48:00,74.87,74.87,74.77,74.79,53576
2026-07-13 10:49:00,74.78,74.81,74.74,74.75,44054
2026-07-13 10:50:00,74.77,74.78,74.72,74.72,35228
2026-07-13 10:51:00,74.71,74.79,74.71,74.77,81085
2026-07-13 10:52:00,74.775,74.84,74.77,74.795,48454
2026-07-13 10:53:00,74.795,74.87,74.77,74.8698,60616
2026-07-13 10:54:00,74.87,74.98,74.87,74.975,48744
2026-07-13 10:55:00,74.98,75.07,74.98,75.045,128775
2026-07-13 10:56:00,75.04,75.18,75.01,75.175,99314
2026-07-13 10:57:00,75.1751,75.21,75.14,75.165,89457
2026-07-13 10:58:00,75.165,75.23,75.14,75.23,82384
2026-07-13 10:59:00,75.225,75.36,75.2101,75.36,133066
2026-07-13 11:00:00,75.36,75.45,75.35,75.3509,112251
2026-07-13 11:01:00,75.355,75.37,75.2601,75.28,98208
2026-07-13 11:02:00,75.265,75.27,75.1,75.16,55689
2026-07-13 11:03:00,75.1404,75.18,75.14,75.15,31309
2026-07-13 11:04:00,75.16,75.185,75.09,75.12,34242
2026-07-13 11:05:00,75.12,75.12,75.01,75.05,86409
2026-07-13 11:06:00,75.05,75.065,75.02,75.06,22307
2026-07-13 11:07:00,75.055,75.12,75.055,75.07,42604
2026-07-13 11:08:00,75.07,75.11,75.03,75.045,54282
2026-07-13 11:09:00,75.05,75.065,74.99,75.04,59629
2026-07-13 11:10:00,75.035,75.065,74.985,74.985,41339
2026-07-13 11:11:00,74.9861,74.995,74.9201,74.99,41049
2026-07-13 11:12:00,74.98,75.03,74.945,74.995,36757
2026-07-13 11:13:00,74.995,74.995,74.825,74.825,47693
2026-07-13 11:14:00,74.825,74.835,74.77,74.79,47671
2026-07-13 11:15:00,74.795,74.825,74.79,74.82,45254
2026-07-13 11:16:00,74.82,74.82,74.725,74.73,32138
2026-07-13 11:17:00,74.725,74.885,74.71,74.8698,106685
2026-07-13 11:18:00,74.8651,74.89,74.785,74.785,81213
2026-07-13 11:19:00,74.785,74.81,74.74,74.77,34673
2026-07-13 11:20:00,74.765,74.77,74.71,74.765,60006
2026-07-13 11:21:00,74.765,74.8299,74.73,74.82,33728
2026-07-13 11:22:00,74.825,74.83,74.78,74.81,33179
2026-07-13 11:23:00,74.8099,74.8099,74.67,74.7,116545
2026-07-13 11:24:00,74.7,74.7,74.655,74.685,58184
2026-07-13 11:25:00,74.68,74.69,74.585,74.6,41792
2026-07-13 11:26:00,74.605,74.66,74.585,74.59,53173
2026-07-13 11:27:00,74.585,74.71,74.57,74.705,60934
2026-07-13 11:28:00,74.71,74.74,74.695,74.715,54345
2026-07-13 11:29:00,74.71,74.77,74.71,74.755,39481
2026-07-13 11:30:00,74.755,74.76,74.64,74.645,32464
2026-07-13 11:31:00,74.6486,74.69,74.6475,74.651,29840
2026-07-13 11:32:00,74.65,74.66,74.58,74.62,53735
2026-07-13 11:33:00,74.615,74.65,74.615,74.6399,23523
2026-07-13 11:34:00,74.635,74.73,74.635,74.725,44853
2026-07-13 11:35:00,74.725,74.75,74.7201,74.745,29891
2026-07-13 11:36:00,74.745,74.75,74.703,74.7199,26335
2026-07-13 11:37:00,74.715,74.7355,74.7,74.71,31847
2026-07-13 11:38:00,74.7,74.7297,74.7,74.72,17118
2026-07-13 11:39:00,74.715,74.75,74.715,74.725,25326
2026-07-13 11:40:00,74.725,74.8,74.72,74.79,24740
2026-07-13 11:41:00,74.785,74.79,74.755,74.775,28025
2026-07-13 11:42:00,74.78,74.785,74.735,74.745,23201
2026-07-13 11:43:00,74.7493,74.82,74.735,74.79,30105
2026-07-13 11:44:00,74.79,74.8,74.73,74.75,45883
2026-07-13 11:45:00,74.74,74.8,74.73,74.78,79847
2026-07-13 11:46:00,74.77,74.79,74.74,74.7499,31503
2026-07-13 11:47:00,74.74,74.76,74.685,74.685,38372
2026-07-13 11:48:00,74.68,74.68,74.61,74.67,48244
2026-07-13 11:49:00,74.6651,74.69,74.6224,74.655,27041
2026-07-13 11:50:00,74.655,74.655,74.58,74.595,66646
2026-07-13 11:51:00,74.595,74.63,74.59,74.615,44628
2026-07-13 11:52:00,74.61,74.66,74.59,74.625,73301
2026-07-13 11:53:00,74.625,74.65,74.585,74.62,29359
2026-07-13 11:54:00,74.6199,74.62,74.59,74.62,28731
2026-07-13 11:55:00,74.62,74.65,74.61,74.625,41464
2026-07-13 11:56:00,74.6299,74.74,74.6299,74.72,29352
2026-07-13 11:57:00,74.72,74.73,74.66,74.665,31497
2026-07-13 11:58:00,74.66,74.66,74.59,74.595,33760
2026-07-13 11:59:00,74.595,74.61,74.58,74.59,53847
2026-07-13 12:00:00,74.59,74.6,74.58,74.5895,23247
2026-07-13 12:01:00,74.585,74.6,74.56,74.59,40247
2026-07-13 12:02:00,74.595,74.68,74.59,74.665,51752
2026-07-13 12:03:00,74.665,74.67,74.61,74.62,27877
2026-07-13 12:04:00,74.62,74.69,74.61,74.6701,26697
2026-07-13 12:05:00,74.675,74.675,74.63,74.645,31200
2026-07-13 12:06:00,74.645,74.68,74.63,74.675,24788
2026-07-13 12:07:00,74.675,74.68,74.605,74.61,51437
2026-07-13 12:08:00,74.615,74.65,74.615,74.635,50926
2026-07-13 12:09:00,74.63,74.63,74.59,74.605,46884
2026-07-13 12:10:00,74.6099,74.62,74.465,74.5,117000
2026-07-13 12:11:00,74.495,74.54,74.47,74.49,68048
2026-07-13 12:12:00,74.49,74.51,74.49,74.505,33652
2026-07-13 12:13:00,74.505,74.5099,74.465,74.49,48241
2026-07-13 12:14:00,74.495,74.67,74.48,74.66,119756
2026-07-13 12:15:00,74.67,74.67,74.605,74.61,74395
2026-07-13 12:16:00,74.62,74.65,74.61,74.625,34207
2026-07-13 12:17:00,74.62,74.63,74.58,74.605,74213
2026-07-13 12:18:00,74.605,74.62,74.58,74.615,38081
2026-07-13 12:19:00,74.615,74.64,74.58,74.6301,24554
2026-07-13 12:20:00,74.635,74.65,74.575,74.585,28075
2026-07-13 12:21:00,74.585,74.6103,74.555,74.61,33858
2026-07-13 12:22:00,74.615,74.665,74.6135,74.665,41435
2026-07-13 12:23:00,74.665,74.67,74.65,74.67,37530
2026-07-13 12:24:00,74.665,74.675,74.625,74.675,32308
2026-07-13 12:25:00,74.6799,74.705,74.67,74.705,41395
2026-07-13 12:26:00,74.705,74.79,74.705,74.7775,31126
2026-07-13 12:27:00,74.78,74.78,74.645,74.6537,42714
2026-07-13 12:28:00,74.66,74.66,74.6,74.63,40748
2026-07-13 12:29:00,74.635,74.66,74.5999,74.655,40769
2026-07-13 12:30:00,74.66,74.675,74.63,74.675,24975
2026-07-13 12:31:00,74.67,74.82,74.665,74.755,32507
2026-07-13 12:32:00,74.76,74.81,74.7564,74.7921,31865
2026-07-13 12:33:00,74.79,74.85,74.79,74.8499,42127
2026-07-13 12:34:00,74.845,74.85,74.8,74.845,24360
2026-07-13 12:35:00,74.84,74.92,74.83,74.865,48999
2026-07-13 12:36:00,74.87,74.93,74.87,74.9097,49150
2026-07-13 12:37:00,74.91,75.03,74.91,75.015,67752
2026-07-13 12:38:00,75.02,75.08,74.99,75.055,71358
2026-07-13 12:39:00,75.055,75.055,74.9832,74.985,34715
2026-07-13 12:40:00,74.98,75,74.845,74.89,92908
2026-07-13 12:41:00,74.88,74.9,74.84,74.895,24854
2026-07-13 12:42:00,74.895,74.9,74.8399,74.8399,35368
2026-07-13 12:43:00,74.835,74.87,74.83,74.83,38569
2026-07-13 12:44:00,74.835,74.8351,74.8099,74.825,23106
2026-07-13 12:45:00,74.82,74.865,74.81,74.825,33614
2026-07-13 12:46:00,74.825,74.86,74.79,74.8,57663
2026-07-13 12:47:00,74.7999,74.7999,74.7,74.7,29167
2026-07-13 12:48:00,74.695,74.7299,74.695,74.715,22683
2026-07-13 12:49:00,74.715,74.73,74.705,74.73,32858
2026-07-13 12:50:00,74.73,74.74,74.68,74.685,34723
2026-07-13 12:51:00,74.69,74.695,74.65,74.655,24551
2026-07-13 12:52:00,74.655,74.6587,74.59,74.605,40258
2026-07-13 12:53:00,74.605,74.61,74.58,74.595,11060
2026-07-13 12:54:00,74.59,74.59,74.55,74.55,37426
2026-07-13 12:55:00,74.555,74.61,74.555,74.59,35351
2026-07-13 12:56:00,74.59,74.625,74.57,74.59,36766
2026-07-13 12:57:00,74.595,74.595,74.5499,74.565,25166
2026-07-13 12:58:00,74.56,74.57,74.535,74.5499,29199
2026-07-13 12:59:00,74.54,74.545,74.47,74.47,65834
2026-07-13 13:00:00,74.48,74.5001,74.435,74.435,46950
2026-07-13 13:01:00,74.435,74.45,74.37,74.39,85859
2026-07-13 13:02:00,74.385,74.425,74.38,74.42,33516
2026-07-13 13:03:00,74.42,74.465,74.415,74.44,21659
2026-07-13 13:04:00,74.44,74.45,74.4148,74.435,38765
2026-07-13 13:05:00,74.435,74.5,74.435,74.49,31502
2026-07-13 13:06:00,74.49,74.4999,74.43,74.46,28762
2026-07-13 13:07:00,74.455,74.515,74.45,74.49,41599
2026-07-13 13:08:00,74.5,74.5051,74.475,74.4799,15547
2026-07-13 13:09:00,74.485,74.49,74.4278,74.43,29783
2026-07-13 13:10:00,74.43,74.495,74.41,74.495,21483
2026-07-13 13:11:00,74.4951,74.53,74.455,74.48,32587
2026-07-13 13:12:00,74.475,74.475,74.415,74.4475,58680
2026-07-13 13:13:00,74.445,74.4451,74.37,74.37,26777
2026-07-13 13:14:00,74.38,74.4,74.34,74.4,39361
2026-07-13 13:15:00,74.392,74.4075,74.38,74.395,25797
2026-07-13 13:16:00,74.3941,74.45,74.3941,74.4499,24532
2026-07-13 13:17:00,74.44,74.445,74.405,74.435,28582
2026-07-13 13:18:00,74.435,74.48,74.425,74.465,21375
2026-07-13 13:19:00,74.465,74.465,74.42,74.43,14427
2026-07-13 13:20:00,74.42,74.456,74.41,74.455,20329
2026-07-13 13:21:00,74.45,74.47,74.4428,74.465,23604
2026-07-13 13:22:00,74.465,74.465,74.4,74.4,23452
2026-07-13 13:23:00,74.4,74.415,74.395,74.405,17934
2026-07-13 13:24:00,74.41,74.42,74.37,74.39,45601
2026-07-13 13:25:00,74.38,74.43,74.38,74.42,37785
2026-07-13 13:26:00,74.42,74.48,74.4,74.46,44065
2026-07-13 13:27:00,74.455,74.47,74.415,74.455,30534
2026-07-13 13:28:00,74.455,74.455,74.44,74.44,12094
2026-07-13 13:29:00,74.44,74.445,74.4,74.425,38685
2026-07-13 13:30:00,74.425,74.4799,74.425,74.45,20629
2026-07-13 13:31:00,74.45,74.49,74.45,74.475,21631
2026-07-13 13:32:00,74.48,74.49,74.46,74.49,20391
2026-07-13 13:33:00,74.485,74.485,74.42,74.42,37242
2026-07-13 13:34:00,74.42,74.45,74.39,74.445,20458
2026-07-13 13:35:00,74.445,74.4595,74.43,74.445,22108
2026-07-13 13:36:00,74.44,74.485,74.43,74.485,24316
2026-07-13 13:37:00,74.485,74.485,74.455,74.455,18556
2026-07-13 13:38:00,74.455,74.475,74.455,74.475,11007
2026-07-13 13:39:00,74.475,74.5,74.465,74.49,38016
2026-07-13 13:40:00,74.49,74.49,74.44,74.4568,33677
2026-07-13 13:41:00,74.455,74.495,74.455,74.495,39705
2026-07-13 13:42:00,74.495,74.52,74.48,74.52,41214
2026-07-13 13:43:00,74.5223,74.54,74.49,74.49,22901
2026-07-13 13:44:00,74.494,74.515,74.48,74.515,27182
2026-07-13 13:45:00,74.515,74.55,74.51,74.545,27943
2026-07-13 13:46:00,74.545,74.55,74.52,74.5397,17968
2026-07-13 13:47:00,74.54,74.58,74.54,74.575,29548
2026-07-13 13:48:00,74.575,74.575,74.52,74.525,20858
2026-07-13 13:49:00,74.525,74.57,74.52,74.565,31385
2026-07-13 13:50:00,74.565,74.585,74.55,74.585,22102
2026-07-13 13:51:00,74.59,74.595,74.55,74.56,23278
2026-07-13 13:52:00,74.555,74.57,74.51,74.525,44175
2026-07-13 13:53:00,74.525,74.525,74.46,74.475,38326
2026-07-13 13:54:00,74.472,74.48,74.435,74.435,26832
2026-07-13 13:55:00,74.44,74.44,74.41,74.415,26070
2026-07-13 13:56:00,74.415,74.4299,74.37,74.415,47651
2026-07-13 13:57:00,74.42,74.42,74.385,74.405,22845
2026-07-13 13:58:00,74.405,74.405,74.37,74.375,25395
2026-07-13 13:59:00,74.375,74.4451,74.37,74.4305,42020
2026-07-13 14:00:00,74.435,74.445,74.39,74.4075,30618
2026-07-13 14:01:00,74.41,74.42,74.39,74.4,22181
2026-07-13 14:02:00,74.395,74.4158,74.39,74.4158,20219
2026-07-13 14:03:00,74.415,74.415,74.355,74.37,65463
2026-07-13 14:04:00,74.375,74.4,74.35,74.36,34173
2026-07-13 14:05:00,74.35,74.375,74.34,74.37,41539
2026-07-13 14:06:00,74.37,74.4142,74.37,74.4,41098
2026-07-13 14:07:00,74.39,74.4,74.36,74.395,25174
2026-07-13 14:08:00,74.405,74.41,74.385,74.405,20957
2026-07-13 14:09:00,74.41,74.43,74.395,74.41,26658
2026-07-13 14:10:00,74.412,74.445,74.38,74.425,31166
2026-07-13 14:11:00,74.425,74.53,74.425,74.5198,33218
2026-07-13 14:12:00,74.52,74.535,74.5,74.515,28046
2026-07-13 14:13:00,74.515,74.53,74.48,74.5146,31212
2026-07-13 14:14:00,74.51,74.51,74.48,74.505,33787
2026-07-13 14:15:00,74.5,74.52,74.47,74.47,20997
2026-07-13 14:16:00,74.47,74.48,74.46,74.465,15328
2026-07-13 14:17:00,74.46,74.495,74.454,74.495,12520
2026-07-13 14:18:00,74.4922,74.505,74.48,74.49,33981
2026-07-13 14:19:00,74.49,74.5,74.48,74.49,14371
2026-07-13 14:20:00,74.485,74.4899,74.455,74.4801,23085
2026-07-13 14:21:00,74.485,74.495,74.47,74.4875,21562
2026-07-13 14:22:00,74.4898,74.49,74.47,74.485,19732
2026-07-13 14:23:00,74.48,74.5059,74.475,74.48,24849
2026-07-13 14:24:00,74.495,74.54,74.47,74.516,39224
2026-07-13 14:25:00,74.505,74.515,74.35,74.4151,615947
2026-07-13 14:26:00,74.42,74.425,74.375,74.405,41348
2026-07-13 14:27:00,74.4097,74.434,74.4,74.43,12546
2026-07-13 14:28:00,74.435,74.44,74.395,74.4197,31157
2026-07-13 14:29:00,74.415,74.47,74.405,74.46,15241
2026-07-13 14:30:00,74.46,74.5,74.455,74.46,26247
2026-07-13 14:31:00,74.455,74.46,74.42,74.44,29931
2026-07-13 14:32:00,74.43,74.435,74.4,74.405,15585
2026-07-13 14:33:00,74.405,74.45,74.4,74.41,38966
2026-07-13 14:34:00,74.41,74.415,74.3901,74.415,16734
2026-07-13 14:35:00,74.415,74.46,74.41,74.45,64725
2026-07-13 14:36:00,74.45,74.46,74.425,74.4301,13173
2026-07-13 14:37:00,74.435,74.47,74.425,74.45,23561
2026-07-13 14:38:00,74.455,74.455,74.4,74.42,37486
2026-07-13 14:39:00,74.4199,74.455,74.41,74.435,33517
2026-07-13 14:40:00,74.43,74.45,74.42,74.44,32269
2026-07-13 14:41:00,74.43,74.455,74.42,74.4475,34924
2026-07-13 14:42:00,74.45,74.5,74.435,74.485,34979
2026-07-13 14:43:00,74.485,74.5199,74.47,74.485,37674
2026-07-13 14:44:00,74.48,74.48,74.455,74.46,28079
2026-07-13 14:45:00,74.46,74.48,74.425,74.425,27027
2026-07-13 14:46:00,74.4254,74.44,74.395,74.4,17247
2026-07-13 14:47:00,74.395,74.4095,74.36,74.36,16199
2026-07-13 14:48:00,74.3651,74.3896,74.34,74.385,21285
2026-07-13 14:49:00,74.38,74.405,74.37,74.4,17986
2026-07-13 14:50:00,74.4,74.41,74.345,74.37,30378
2026-07-13 14:51:00,74.38,74.395,74.36,74.38,18086
2026-07-13 14:52:00,74.38,74.41,74.38,74.405,21876
2026-07-13 14:53:00,74.41,74.42,74.38,74.385,31115
2026-07-13 14:54:00,74.385,74.39,74.36,74.365,29138
2026-07-13 14:55:00,74.36,74.39,74.3,74.31,68383
2026-07-13 14:56:00,74.31,74.32,74.27,74.31,58143
2026-07-13 14:57:00,74.315,74.325,74.29,74.3,15757
2026-07-13 14:58:00,74.305,74.315,74.275,74.28,40947
2026-07-13 14:59:00,74.2848,74.29,74.195,74.2199,102120
2026-07-13 15:00:00,74.2175,74.2175,74.15,74.175,42923
2026-07-13 15:01:00,74.175,74.1777,74.13,74.135,49171
2026-07-13 15:02:00,74.135,74.1999,74.135,74.15,113543
2026-07-13 15:03:00,74.1407,74.16,74.07,74.115,65154
2026-07-13 15:04:00,74.115,74.115,74.025,74.07,96196
2026-07-13 15:05:00,74.08,74.1099,74.01,74.04,87099
2026-07-13 15:06:00,74.04,74.06,74.03,74.05,29935
2026-07-13 15:07:00,74.055,74.1,74.05,74.075,35561
2026-07-13 15:08:00,74.075,74.135,74.07,74.11,38999
2026-07-13 15:09:00,74.11,74.18,74.11,74.175,29062
2026-07-13 15:10:00,74.18,74.21,74.165,74.175,33601
2026-07-13 15:11:00,74.18,74.185,74.11,74.11,66192
2026-07-13 15:12:00,74.115,74.125,74.02,74.055,99938
2026-07-13 15:13:00,74.055,74.065,74.01,74.0565,36989
2026-07-13 15:14:00,74.0513,74.0513,74.015,74.025,28823
2026-07-13 15:15:00,74.03,74.095,74.03,74.085,29551
2026-07-13 15:16:00,74.0899,74.11,74.0601,74.075,44406
2026-07-13 15:17:00,74.08,74.095,74.06,74.09,41645
2026-07-13 15:18:00,74.095,74.19,74.07,74.175,90663
2026-07-13 15:19:00,74.1799,74.215,74.16,74.1963,45243
2026-07-13 15:20:00,74.19,74.28,74.19,74.275,61088
2026-07-13 15:21:00,74.28,74.29,74.19,74.19,66150
2026-07-13 15:22:00,74.19,74.2088,74.175,74.175,31023
2026-07-13 15:23:00,74.18,74.19,74.14,74.15,28301
2026-07-13 15:24:00,74.14,74.16,74.115,74.14,36191
2026-07-13 15:25:00,74.145,74.145,74.11,74.1108,23304
2026-07-13 15:26:00,74.11,74.1299,74.1,74.1,39436
2026-07-13 15:27:00,74.1,74.1094,74.08,74.085,45965
2026-07-13 15:28:00,74.085,74.13,74.08,74.105,37908
2026-07-13 15:29:00,74.1,74.105,74.04,74.07,40011
2026-07-13 15:30:00,74.07,74.075,74,74.025,99542
2026-07-13 15:31:00,74.02,74.07,74.01,74.045,53471
2026-07-13 15:32:00,74.04,74.1057,74.04,74.095,43237
2026-07-13 15:33:00,74.095,74.095,74.04,74.06,40289
2026-07-13 15:34:00,74.055,74.06,73.97,74.005,128472
2026-07-13 15:35:00,74,74.0863,74,74.025,79947
2026-07-13 15:36:00,74.02,74.025,73.97,73.995,31431
2026-07-13 15:37:00,73.995,73.9999,73.96,73.975,26596
2026-07-13 15:38:00,73.975,73.99,73.94,73.975,47258
2026-07-13 15:39:00,73.975,73.975,73.95,73.965,33815
2026-07-13 15:40:00,73.965,74,73.96,73.9901,38150
2026-07-13 15:41:00,73.995,73.995,73.96,73.975,26930
2026-07-13 15:42:00,73.98,73.985,73.96,73.975,43296
2026-07-13 15:43:00,73.975,74.015,73.96,74.015,36823
2026-07-13 15:44:00,74.015,74.015,73.9602,73.9664,44953
2026-07-13 15:45:00,73.965,74,73.95,73.995,57165
2026-07-13 15:46:00,73.995,74,73.93,73.9924,67182
2026-07-13 15:47:00,74,74.015,73.895,73.905,57711
2026-07-13 15:48:00,73.905,73.91,73.835,73.87,68763
2026-07-13 15:49:00,73.875,73.8799,73.82,73.835,29346
2026-07-13 15:50:00,73.835,73.84,73.775,73.815,122173
2026-07-13 15:51:00,73.815,73.85,73.79,73.795,108787
2026-07-13 15:52:00,73.795,73.89,73.79,73.83,79686
2026-07-13 15:53:00,73.82,73.875,73.8,73.81,71872
2026-07-13 15:54:00,73.81,73.815,73.72,73.73,143344
2026-07-13 15:55:00,73.74,73.795,73.71,73.775,245687
2026-07-13 15:56:00,73.775,73.81,73.75,73.8,165472
2026-07-13 15:57:00,73.79,73.845,73.78,73.825,253118
2026-07-13 15:58:00,73.825,73.88,73.81,73.88,257925
2026-07-13 15:59:00,73.875,73.89,73.81,73.86,550231
2026-07-13 16:00:00,73.83,73.86,73.79,73.8,4075825
2026-07-13 16:01:00,73.7894,73.7894,73.73,73.75,10032
2026-07-13 16:02:00,73.73,73.82,73.73,73.8,1958
2026-07-13 16:03:00,73.82,73.82,73.7403,73.7403,5178
2026-07-13 16:04:00,73.75,73.75,73.7496,73.75,1395
2026-07-13 16:05:00,73.75,73.78,73.75,73.78,4646
2026-07-13 16:06:00,73.79,73.79,73.7831,73.79,762
2026-07-13 16:07:00,73.7911,73.7911,73.7911,73.7911,110
2026-07-13 16:09:00,73.83,73.83,73.83,73.83,100
2026-07-13 16:10:00,73.8284,73.8284,73.79,73.8,2046
2026-07-13 16:11:00,73.7517,73.83,73.7517,73.83,594
2026-07-13 16:12:00,73.83,73.83,73.83,73.83,25188
2026-07-13 16:13:00,73.76,73.79,73.7,73.75,5010
2026-07-13 16:14:00,73.7,73.75,73.7,73.7184,1040
2026-07-13 16:15:00,73.72,73.72,73.6901,73.7,4665
2026-07-13 16:16:00,73.69,73.6952,73.57,73.57,6025
2026-07-13 16:17:00,73.6004,73.7,73.55,73.7,30607
2026-07-13 16:18:00,73.68,73.68,73.6077,73.6077,2350
2026-07-13 16:19:00,73.55,73.6,73.55,73.6,15715
2026-07-13 16:20:00,73.71,73.71,73.71,73.71,350
2026-07-13 16:21:00,73.71,73.71,73.7,73.7,250
2026-07-13 16:22:00,73.7,73.7,73.65,73.6506,2950
2026-07-13 16:23:00,73.6999,73.6999,73.6815,73.6815,610
2026-07-13 16:24:00,73.68,73.68,73.68,73.68,150
2026-07-13 16:25:00,73.6807,73.7,73.6807,73.6816,1052
2026-07-13 16:26:00,73.76,73.76,73.76,73.76,227
2026-07-13 16:27:00,73.68,73.68,73.68,73.68,107
2026-07-13 16:28:00,73.7,73.7,73.68,73.68,200
2026-07-13 16:29:00,73.69,73.7,73.69,73.7,639
2026-07-13 16:30:00,73.7,73.7,73.52,73.5408,12642
2026-07-13 16:31:00,73.55,73.5552,73.53,73.5552,4119
2026-07-13 16:32:00,73.64,73.65,73.6,73.6,2456
2026-07-13 16:33:00,73.63,73.63,73.51,73.55,2860
2026-07-13 16:34:00,73.57,73.57,73.57,73.57,1500
2026-07-13 16:35:00,73.6,73.6493,73.6,73.6493,5200
2026-07-13 16:36:00,73.6641,73.6641,73.6421,73.6421,1048
2026-07-13 16:37:00,73.64,73.6435,73.6,73.6255,1471
2026-07-13 16:38:00,73.63,73.69,73.6117,73.6796,2087
2026-07-13 16:39:00,73.83,73.9,73.72,73.77,3428
2026-07-13 16:40:00,73.79,73.79,73.79,73.79,100
2026-07-13 16:41:00,73.7781,73.7781,73.7781,73.7781,100
2026-07-13 16:42:00,73.82,73.82,73.7429,73.7429,1300
2026-07-13 16:43:00,73.79,73.85,73.79,73.8,742
2026-07-13 16:44:00,73.7994,73.85,73.7994,73.85,1723
2026-07-13 16:45:00,73.83,73.84,73.83,73.84,210
2026-07-13 16:46:00,73.85,73.85,73.84,73.84,310
2026-07-13 16:47:00,73.8047,73.8047,73.8047,73.8047,200
2026-07-13 16:48:00,73.8,73.8,73.8,73.8,100
2026-07-13 16:49:00,73.81,73.81,73.81,73.81,128
2026-07-13 16:50:00,73.8423,73.8475,73.8423,73.8475,350
2026-07-13 16:51:00,73.84,73.84,73.84,73.84,100
2026-07-13 16:52:00,73.82,73.82,73.78,73.78,650
2026-07-13 16:53:00,73.82,73.82,73.7961,73.7961,2300
2026-07-13 16:54:00,73.75,73.75,73.75,73.75,1000
2026-07-13 16:55:00,73.8,73.8,73.8,73.8,113
2026-07-13 16:56:00,73.7998,73.7998,73.7998,73.7998,100
2026-07-13 16:57:00,73.7999,73.7999,73.79,73.7923,1000
2026-07-13 16:59:00,73.7935,73.7935,73.7935,73.7935,100
2026-07-13 17:00:00,73.78,73.78,73.78,73.78,300
2026-07-13 17:02:00,73.7996,73.7996,73.7996,73.7996,1997
2026-07-13 17:04:00,73.75,73.7559,73.75,73.7559,275
2026-07-13 17:05:00,73.7935,73.8,73.7935,73.8,400
2026-07-13 17:07:00,73.75,73.8,73.75,73.8,400
2026-07-13 17:09:00,73.8,73.8,73.8,73.8,236
2026-07-13 17:10:00,73.7715,73.8,73.7715,73.8,550
2026-07-13 17:12:00,73.78,73.78,73.78,73.78,100
2026-07-13 17:13:00,73.78,73.8,73.7704,73.8,612
2026-07-13 17:14:00,73.8,73.8,73.75,73.75,2864
2026-07-13 17:15:00,73.72,73.7779,73.72,73.7779,1277
2026-07-13 17:16:00,73.8,73.8,73.72,73.72,538
2026-07-13 17:18:00,73.77,73.77,73.77,73.77,999
2026-07-13 17:20:00,73.7983,73.7983,73.7983,73.7983,140
2026-07-13 17:21:00,73.8,73.8,73.8,73.8,200
2026-07-13 17:22:00,73.774,73.774,73.75,73.75,350
2026-07-13 17:23:00,73.8,73.8,73.8,73.8,300
2026-07-13 17:24:00,73.8,73.8,73.8,73.8,410
2026-07-13 17:26:00,73.8,73.8,73.8,73.8,250
2026-07-13 17:27:00,73.7999,73.7999,73.7999,73.7999,113
2026-07-13 17:31:00,73.7961,73.8,73.77,73.77,665
2026-07-13 17:32:00,73.78,73.78,73.78,73.78,100
2026-07-13 17:34:00,73.8,73.8,73.8,73.8,500
2026-07-13 17:35:00,73.78,73.78,73.78,73.78,150
2026-07-13 17:36:00,73.7997,73.7997,73.7996,73.7996,235
2026-07-13 17:40:00,73.785,73.785,73.77,73.77,558
2026-07-13 17:42:00,73.7701,73.7701,73.7701,73.7701,350
2026-07-13 17:43:00,73.7732,73.7732,73.7732,73.7732,100
2026-07-13 17:44:00,73.79,73.79,73.79,73.79,200
2026-07-13 17:46:00,73.7999,73.8,73.7749,73.8,4282
2026-07-13 17:47:00,73.8,73.8,73.7961,73.8,1255
2026-07-13 17:50:00,73.8,73.8,73.8,73.8,1239
2026-07-13 17:51:00,73.8246,73.8246,73.8246,73.8246,100
2026-07-13 17:53:00,73.83,73.84,73.82,73.84,1460
2026-07-13 17:54:00,73.85,73.89,73.85,73.89,1249
2026-07-13 17:55:00,73.89,73.89,73.89,73.89,100
2026-07-13 17:56:00,73.89,73.89,73.89,73.89,100
2026-07-13 17:57:00,73.883,73.89,73.883,73.89,2312
2026-07-13 17:58:00,73.8,73.9,73.8,73.9,1157
2026-07-13 17:59:00,73.887,73.9,73.887,73.9,425
2026-07-13 18:00:00,73.8986,73.99,73.8986,73.99,865
2026-07-13 18:01:00,73.95,73.95,73.9,73.9,900
2026-07-13 18:03:00,73.83,73.83,73.83,73.83,166
2026-07-13 18:04:00,73.88,73.88,73.87,73.87,574
2026-07-13 18:05:00,73.88,73.88,73.88,73.88,1000
2026-07-13 18:06:00,73.9697,73.9697,73.9697,73.9697,200
2026-07-13 18:07:00,73.93,73.98,73.93,73.98,4903
2026-07-13 18:08:00,73.99,73.99,73.9,73.9825,935
2026-07-13 18:09:00,73.9,73.95,73.9,73.95,1599
2026-07-13 18:10:00,73.81,73.81,73.81,73.81,250
2026-07-13 18:12:00,73.97,73.97,73.95,73.95,10400
2026-07-13 18:16:00,73.968,73.97,73.968,73.97,941
2026-07-13 18:18:00,73.92,73.92,73.92,73.92,200
2026-07-13 18:19:00,73.9678,73.9678,73.9678,73.9678,100
2026-07-13 18:20:00,73.9,73.9,73.9,73.9,100
2026-07-13 18:22:00,73.9,73.95,73.9,73.95,900
2026-07-13 18:24:00,73.91,73.9506,73.91,73.9506,350
2026-07-13 18:25:00,73.93,73.93,73.93,73.93,120
2026-07-13 18:26:00,73.98,73.98,73.98,73.98,1000
2026-07-13 18:27:00,73.95,73.98,73.95,73.98,350
2026-07-13 18:30:00,73.9734,73.9734,73.9734,73.9734,300
2026-07-13 18:31:00,73.9722,73.9722,73.92,73.94,435
2026-07-13 18:33:00,73.9348,73.9348,73.9348,73.9348,137
2026-07-13 18:34:00,73.94,73.94,73.9353,73.9353,300
2026-07-13 18:35:00,73.91,73.94,73.91,73.94,470
2026-07-13 18:37:00,73.9,73.9,73.9,73.9,285
2026-07-13 18:39:00,73.9,73.9,73.9,73.9,200
2026-07-13 18:40:00,73.9,73.9,73.9,73.9,726
2026-07-13 18:41:00,73.92,73.92,73.92,73.92,300
2026-07-13 18:43:00,73.9,73.92,73.9,73.92,730
2026-07-13 18:44:00,73.9026,73.9197,73.9003,73.9197,1574
2026-07-13 18:46:00,73.9162,73.9162,73.9162,73.9162,100
2026-07-13 18:47:00,73.92,73.92,73.92,73.92,300
2026-07-13 18:49:00,73.9174,73.92,73.9174,73.92,400
2026-07-13 18:50:00,73.9,73.9195,73.9,73.9195,1265
2026-07-13 18:51:00,73.9,73.9103,73.9,73.9103,1100
2026-07-13 18:52:00,73.9,73.9,73.8182,73.8182,1400
2026-07-13 18:54:00,73.91,73.91,73.91,73.91,164
2026-07-13 18:55:00,73.91,73.91,73.82,73.8239,1111
2026-07-13 18:57:00,73.84,73.84,73.84,73.84,127
2026-07-13 18:58:00,73.8479,73.8479,73.8479,73.8479,100
2026-07-13 18:59:00,73.8137,73.86,73.8137,73.86,750
2026-07-13 19:01:00,73.8898,73.8898,73.8898,73.8898,9000
2026-07-13 19:02:00,73.89,73.89,73.89,73.89,197
2026-07-13 19:03:00,73.9199,73.92,73.9199,73.92,1657
2026-07-13 19:04:00,73.9195,73.9195,73.85,73.85,423
2026-07-13 19:05:00,73.8591,73.8591,73.8591,73.8591,200
2026-07-13 19:07:00,73.85,73.85,73.85,73.85,300
2026-07-13 19:08:00,73.8718,73.8718,73.8718,73.8718,100
2026-07-13 19:11:00,73.92,73.92,73.92,73.92,954
2026-07-13 19:12:00,73.96,73.98,73.96,73.98,200
2026-07-13 19:15:00,73.98,73.98,73.98,73.98,100
2026-07-13 19:16:00,73.965,73.965,73.965,73.965,585
2026-07-13 19:18:00,73.97,73.98,73.97,73.98,1744
2026-07-13 19:19:00,73.98,73.98,73.9701,73.9701,378
2026-07-13 19:20:00,73.97,73.97,73.97,73.97,200
2026-07-13 19:21:00,73.975,73.975,73.975,73.975,200
2026-07-13 19:23:00,73.9799,73.9799,73.9799,73.9799,135
2026-07-13 19:24:00,73.9787,73.9787,73.9787,73.9787,300
2026-07-13 19:25:00,73.975,73.98,73.975,73.98,200
2026-07-13 19:26:00,73.98,73.98,73.9703,73.9703,3437
2026-07-13 19:27:00,73.98,73.98,73.98,73.98,300
2026-07-13 19:28:00,73.98,73.98,73.97,73.97,2000
2026-07-13 19:29:00,73.97,73.98,73.97,73.9799,1810
2026-07-13 19:30:00,73.97,73.97,73.931,73.931,2393
2026-07-13 19:31:00,73.93,73.98,73.93,73.98,1234
2026-07-13 19:32:00,73.93,73.93,73.93,73.93,913
2026-07-13 19:33:00,73.9301,73.9323,73.9301,73.9323,799
2026-07-13 19:35:00,73.95,73.95,73.95,73.95,600
2026-07-13 19:36:00,73.96,73.96,73.96,73.96,300
2026-07-13 19:37:00,73.97,73.97,73.97,73.97,8000
2026-07-13 19:38:00,73.96,73.96,73.96,73.96,100
2026-07-13 19:39:00,73.95,73.95,73.95,73.95,100
2026-07-13 19:40:00,73.9693,73.9693,73.9691,73.9691,700
2026-07-13 19:41:00,73.97,73.97,73.95,73.95,400
2026-07-13 19:42:00,73.95,73.95,73.95,73.95,1389
2026-07-13 19:43:00,73.93,73.9714,73.93,73.9714,632
2026-07-13 19:44:00,73.93,73.96,73.93,73.9368,850
2026-07-13 19:45:00,73.9357,73.99,73.93,73.99,876
2026-07-13 19:46:00,73.9822,73.9822,73.9328,73.9648,1600
2026-07-13 19:47:00,73.97,73.97,73.9669,73.9669,600
2026-07-13 19:48:00,73.94,73.9669,73.93,73.93,2612
2026-07-13 19:49:00,73.9832,73.9832,73.95,73.95,600
2026-07-13 19:50:00,73.9211,73.99,73.9211,73.99,759
2026-07-13 19:51:00,73.95,73.95,73.93,73.95,1008
2026-07-13 19:52:00,74,74.08,73.99,74.08,1058
2026-07-13 19:53:00,74.008,74.1,74.008,74.1,9635
2026-07-13 19:55:00,74.085,74.13,74.085,74.13,1955
2026-07-13 19:56:00,74.13,74.13,74.13,74.13,100
2026-07-13 19:57:00,74.14,74.14,74.14,74.14,300
2026-07-13 19:58:00,74.1,74.14,74.1,74.14,1556
2026-07-13 19:59:00,74.14,74.14,74.116,74.116,264
2026-07-14 04:00:00,74,74.03,73.47,73.75,153357
2026-07-14 04:01:00,73.74,74.09,73.5,73.92,12946
2026-07-14 04:02:00,73.67,73.9,73.48,73.55,43601
2026-07-14 04:03:00,73.55,73.6644,73.55,73.6644,1413
2026-07-14 04:04:00,73.53,73.5909,73.52,73.5909,1489
2026-07-14 04:05:00,73.52,73.6247,73.52,73.6247,467
2026-07-14 04:06:00,73.59,73.59,73.53,73.5578,1601
2026-07-14 04:07:00,73.61,73.61,73.59,73.59,380
2026-07-14 04:08:00,73.58,73.58,73.57,73.57,1217
2026-07-14 04:09:00,73.57,73.57,73.55,73.55,1002
2026-07-14 04:12:00,73.6,73.6,73.59,73.59,2045
2026-07-14 04:13:00,73.59,73.59,73.58,73.58,1029
2026-07-14 04:14:00,73.55,73.57,73.52,73.57,2008
2026-07-14 04:16:00,73.56,73.56,73.51,73.51,1052
2026-07-14 04:18:00,73.55,73.5822,73.54,73.5822,2815
2026-07-14 04:19:00,73.5987,73.5987,73.5987,73.5987,120
2026-07-14 04:20:00,73.54,73.54,73.54,73.54,1157
2026-07-14 04:22:00,73.58,73.58,73.56,73.56,1126
2026-07-14 04:23:00,73.58,73.59,73.58,73.59,843
2026-07-14 04:25:00,73.59,73.6,73.59,73.6,1238
2026-07-14 04:29:00,73.68,73.68,73.68,73.68,200
2026-07-14 04:30:00,73.72,73.72,73.72,73.72,100
2026-07-14 04:31:00,73.76,73.76,73.72,73.72,5194
2026-07-14 04:35:00,73.68,73.68,73.68,73.68,897
2026-07-14 04:37:00,73.64,73.64,73.64,73.64,100
2026-07-14 04:38:00,73.66,73.66,73.61,73.61,2102
2026-07-14 04:39:00,73.67,73.68,73.67,73.68,500
2026-07-14 04:40:00,73.7,73.7,73.7,73.7,100
2026-07-14 04:42:00,73.68,73.68,73.68,73.68,480
2026-07-14 04:43:00,73.7195,73.7195,73.7195,73.7195,100
2026-07-14 04:44:00,73.69,73.69,73.69,73.69,100
2026-07-14 04:45:00,73.69,73.7,73.69,73.69,1141
2026-07-14 04:46:00,73.69,73.69,73.69,73.69,271
2026-07-14 04:48:00,73.72,73.72,73.7114,73.7114,730
2026-07-14 04:49:00,73.72,73.72,73.7,73.7,1619
2026-07-14 04:50:00,73.7,73.7,73.7,73.7,100
2026-07-14 04:51:00,73.72,73.76,73.72,73.76,4038
2026-07-14 04:52:00,73.74,73.75,73.63,73.63,5755
2026-07-14 04:53:00,73.6,73.6,73.6,73.6,350
2026-07-14 04:54:00,73.61,73.61,73.61,73.61,410
2026-07-14 04:57:00,73.65,73.65,73.63,73.63,2937
2026-07-14 05:00:00,73.64,73.64,73.64,73.64,200
2026-07-14 05:02:00,73.66,73.66,73.66,73.66,833
2026-07-14 05:03:00,73.67,73.69,73.67,73.69,956
2026-07-14 05:04:00,73.68,73.68,73.68,73.68,400
2026-07-14 05:05:00,73.68,73.7,73.68,73.7,574
2026-07-14 05:07:00,73.7,73.73,73.7,73.73,1555
2026-07-14 05:10:00,73.8,73.8,73.78,73.79,547
2026-07-14 05:11:00,73.8,73.843,73.8,73.843,1310
2026-07-14 05:13:00,73.85,73.85,73.835,73.835,799
2026-07-14 05:14:00,73.89,73.9,73.89,73.9,200
2026-07-14 05:15:00,73.81,73.81,73.81,73.81,300
2026-07-14 05:16:00,73.77,73.77,73.77,73.77,300
2026-07-14 05:17:00,73.77,73.77,73.77,73.77,300
2026-07-14 05:18:00,73.8,73.8,73.8,73.8,630
2026-07-14 05:23:00,73.82,73.84,73.82,73.84,205
2026-07-14 05:24:00,73.83,73.83,73.81,73.81,636
2026-07-14 05:26:00,73.83,73.903,73.83,73.875,1363
2026-07-14 05:27:00,73.9049,73.9049,73.86,73.9,2867
2026-07-14 05:28:00,73.885,73.885,73.87,73.87,1145
2026-07-14 05:29:00,73.78,73.78,73.78,73.78,300
2026-07-14 05:31:00,73.82,73.82,73.81,73.81,300
2026-07-14 05:32:00,73.81,73.81,73.69,73.69,2040
2026-07-14 05:34:00,73.7984,73.7984,73.7984,73.7984,130
2026-07-14 05:36:00,73.76,73.76,73.76,73.76,711
2026-07-14 05:38:00,73.786,73.786,73.76,73.76,500
2026-07-14 05:39:00,73.7739,73.7739,73.7739,73.7739,100
2026-07-14 05:41:00,73.77,73.77,73.77,73.77,500
2026-07-14 05:42:00,73.78,73.79,73.75,73.7878,1924
2026-07-14 05:43:00,73.7843,73.7843,73.7843,73.7843,167
2026-07-14 05:48:00,73.79,73.81,73.79,73.81,7969
2026-07-14 05:49:00,73.83,73.83,73.83,73.83,100
2026-07-14 05:50:00,73.85,73.85,73.85,73.85,1000
2026-07-14 05:51:00,73.86,73.86,73.86,73.86,398
2026-07-14 05:52:00,73.9,73.9,73.9,73.9,100
2026-07-14 05:53:00,73.86,73.88,73.86,73.88,1228
2026-07-14 05:56:00,73.86,73.86,73.86,73.86,1351
2026-07-14 05:57:00,73.8609,73.89,73.8609,73.89,1779
2026-07-14 05:58:00,73.89,73.89,73.89,73.89,872
2026-07-14 05:59:00,73.91,73.91,73.91,73.91,234
2026-07-14 06:00:00,73.91,73.91,73.91,73.91,334
2026-07-14 06:02:00,73.88,73.88,73.88,73.88,114
2026-07-14 06:03:00,73.9,73.9,73.89,73.89,1443
2026-07-14 06:05:00,73.85,73.91,73.85,73.91,431
2026-07-14 06:06:00,73.92,73.92,73.91,73.91,2033
2026-07-14 06:07:00,73.9,73.9424,73.9,73.9424,300
2026-07-14 06:10:00,73.94,73.97,73.94,73.96,1676
2026-07-14 06:13:00,73.93,73.93,73.93,73.93,100
2026-07-14 06:15:00,73.97,73.97,73.9,73.9,750
2026-07-14 06:16:00,73.9,73.9,73.9,73.9,500
2026-07-14 06:18:00,73.9241,73.9241,73.9241,73.9241,100
2026-07-14 06:19:00,73.9,73.9,73.9,73.9,100
2026-07-14 06:21:00,73.9,73.9,73.9,73.9,100
2026-07-14 06:24:00,73.91,73.91,73.91,73.91,1000
2026-07-14 06:25:00,73.9,73.92,73.9,73.91,541
2026-07-14 06:26:00,73.9,73.9,73.86,73.86,2044
2026-07-14 06:30:00,73.87,73.87,73.87,73.87,155
2026-07-14 06:31:00,73.82,73.82,73.82,73.82,157
2026-07-14 06:34:00,73.8,73.8,73.8,73.8,300
2026-07-14 06:37:00,73.8,73.8,73.8,73.8,346
2026-07-14 06:38:00,73.76,73.76,73.73,73.75,875
2026-07-14 06:39:00,73.79,73.8,73.79,73.8,329
2026-07-14 06:41:00,73.78,73.78,73.75,73.75,1599
2026-07-14 06:42:00,73.75,73.75,73.75,73.75,150
2026-07-14 06:43:00,73.78,73.78,73.78,73.78,100
2026-07-14 06:47:00,73.75,73.75,73.75,73.75,250
2026-07-14 06:48:00,73.78,73.78,73.78,73.78,300
2026-07-14 06:49:00,73.78,73.78,73.78,73.78,200
2026-07-14 06:50:00,73.78,73.78,73.78,73.78,400
2026-07-14 06:51:00,73.78,73.78,73.77,73.77,200
2026-07-14 06:52:00,73.91,73.91,73.91,73.91,200
2026-07-14 06:54:00,73.9,73.9,73.9,73.9,170
2026-07-14 06:57:00,73.85,73.85,73.75,73.75,1348
2026-07-14 06:59:00,73.75,73.75,73.73,73.73,2476
2026-07-14 07:00:00,73.77,73.92,73.52,73.52,13496
2026-07-14 07:01:00,73.5455,73.5455,73.5455,73.5455,900
2026-07-14 07:02:00,73.613,73.613,73.613,73.613,250
2026-07-14 07:03:00,73.65,73.6998,73.63,73.63,1180
2026-07-14 07:04:00,73.69,73.7658,73.61,73.72,1455
2026-07-14 07:05:00,73.74,73.7623,73.6269,73.7623,950
2026-07-14 07:06:00,73.6361,73.67,73.5187,73.5187,2890
2026-07-14 07:07:00,73.69,73.69,73.52,73.52,3640
2026-07-14 07:08:00,73.59,73.59,73.57,73.57,300
2026-07-14 07:09:00,73.65,73.65,73.56,73.56,1025
2026-07-14 07:10:00,73.52,73.6,73.4547,73.4547,5700
2026-07-14 07:11:00,73.57,73.7,73.57,73.6837,950
2026-07-14 07:12:00,73.56,73.68,73.5,73.68,2872
2026-07-14 07:13:00,73.6,73.69,73.55,73.58,1688
2026-07-14 07:14:00,73.6,73.6,73.51,73.5961,7968
2026-07-14 07:15:00,73.661,73.6699,73.5,73.5,10333
2026-07-14 07:16:00,73.5,73.5,73.5,73.5,1033
2026-07-14 07:17:00,73.6,73.6,73.5,73.5,12174
2026-07-14 07:18:00,73.5,73.56,73.5,73.55,375
2026-07-14 07:19:00,73.54,73.54,73.53,73.53,4414
2026-07-14 07:20:00,73.5,73.57,73.43,73.53,16539
2026-07-14 07:21:00,73.4894,73.49,73.4301,73.45,659
2026-07-14 07:22:00,73.4922,73.4922,73.4922,73.4922,100
2026-07-14 07:23:00,73.4598,73.4942,73.44,73.44,1772
2026-07-14 07:24:00,73.42,73.5,73.42,73.48,14514
2026-07-14 07:25:00,73.4865,73.4865,73.4,73.45,950
2026-07-14 07:26:00,73.45,73.45,73.35,73.37,23914
2026-07-14 07:27:00,73.3578,73.3695,73.3578,73.36,1703
2026-07-14 07:28:00,73.35,73.36,73.35,73.36,4177
2026-07-14 07:29:00,73.37,73.39,73.36,73.39,300
2026-07-14 07:30:00,73.4,73.5,73.36,73.4731,3706
2026-07-14 07:31:00,73.4,73.44,73.4,73.43,1687
2026-07-14 07:32:00,73.44,73.44,73.44,73.44,252
2026-07-14 07:33:00,73.41,73.44,73.31,73.31,20134
2026-07-14 07:34:00,73.31,73.3525,73.31,73.3272,1479
2026-07-14 07:35:00,73.3735,73.3735,73.3,73.3444,2569
2026-07-14 07:36:00,73.32,73.3435,73.31,73.31,1280
2026-07-14 07:37:00,73.3217,73.33,73.25,73.25,3455
2026-07-14 07:38:00,73.22,73.24,73.15,73.15,673
2026-07-14 07:39:00,73.15,73.2474,73.15,73.2474,3750
2026-07-14 07:40:00,73.21,73.25,73.1804,73.21,7503
2026-07-14 07:41:00,73.23,73.25,73.18,73.25,3875
2026-07-14 07:42:00,73.25,73.25,73.23,73.2499,4051
2026-07-14 07:43:00,73.22,73.2803,73.22,73.2803,3158
2026-07-14 07:44:00,73.28,73.35,73.28,73.33,2108
2026-07-14 07:46:00,73.3,73.36,73.3,73.35,495
2026-07-14 07:47:00,73.282,73.32,73.282,73.31,2345
2026-07-14 07:48:00,73.32,73.3825,73.32,73.3825,335
2026-07-14 07:49:00,73.3143,73.35,73.3,73.3,1374
2026-07-14 07:51:00,73.305,73.305,73.305,73.305,100
2026-07-14 07:52:00,73.36,73.36,73.3,73.312,950
2026-07-14 07:53:00,73.31,73.35,73.26,73.3457,1644
2026-07-14 07:54:00,73.3075,73.31,73.25,73.25,1054
2026-07-14 07:55:00,73.28,73.3,73.28,73.3,3120
2026-07-14 07:56:00,73.2775,73.33,73.2775,73.28,305
2026-07-14 07:57:00,73.25,73.33,73.25,73.25,800
2026-07-14 07:58:00,73.265,73.27,73.2265,73.2265,740
2026-07-14 07:59:00,73.28,73.28,73.23,73.243,623
2026-07-14 08:00:00,73.3172,73.32,73.275,73.32,1221
2026-07-14 08:01:00,73.35,73.3935,73.3305,73.35,580
2026-07-14 08:02:00,73.3,73.39,73.23,73.39,5650
2026-07-14 08:03:00,73.39,73.39,73.3,73.3,3795
2026-07-14 08:04:00,73.25,73.315,73.25,73.3,650
2026-07-14 08:05:00,73.3,73.36,73.3,73.3561,3516
2026-07-14 08:06:00,73.335,73.335,73.3,73.3009,1322
2026-07-14 08:07:00,73.35,73.42,73.33,73.42,2097
2026-07-14 08:08:00,73.36,73.4,73.34,73.39,1121
2026-07-14 08:09:00,73.4,73.406,73.35,73.35,931
2026-07-14 08:10:00,73.41,73.41,73.36,73.4,4784
2026-07-14 08:11:00,73.42,73.42,73.37,73.37,454
2026-07-14 08:12:00,73.39,73.39,73.36,73.38,1952
2026-07-14 08:14:00,73.3765,73.42,73.3765,73.42,2394
2026-07-14 08:16:00,73.4401,73.4401,73.38,73.38,623
2026-07-14 08:17:00,73.3739,73.4,73.37,73.37,950
2026-07-14 08:18:00,73.39,73.4309,73.38,73.384,1013
2026-07-14 08:19:00,73.37,73.37,73.29,73.29,27202
2026-07-14 08:20:00,73.3165,73.3165,73.29,73.3,489
2026-07-14 08:21:00,73.35,73.4366,73.3,73.3,1909
2026-07-14 08:22:00,73.39,73.3946,73.28,73.28,2325
2026-07-14 08:23:00,73.38,73.38,73.28,73.28,532
2026-07-14 08:24:00,73.3427,73.4,73.3427,73.4,1456
2026-07-14 08:25:00,73.45,73.5,73.4,73.4105,1155
2026-07-14 08:26:00,73.42,73.42,73.41,73.41,407
2026-07-14 08:27:00,73.45,73.54,73.34,73.5066,3045
2026-07-14 08:28:00,73.55,73.55,73.46,73.46,264
2026-07-14 08:29:00,73.49,73.54,73.49,73.54,431
2026-07-14 08:30:00,73.7,73.86,73.59,73.6,7708
2026-07-14 08:31:00,73.83,73.83,73.5559,73.77,2758
2026-07-14 08:32:00,73.7507,73.7507,73.48,73.67,1986
2026-07-14 08:33:00,73.65,73.65,73.41,73.41,2420
2026-07-14 08:34:00,73.54,73.54,73.37,73.37,3629
2026-07-14 08:35:00,73.4,73.54,73.3707,73.43,3202
2026-07-14 08:36:00,73.4849,73.49,73.36,73.3757,4715
2026-07-14 08:37:00,73.514,73.54,73.3099,73.476,7889
2026-07-14 08:38:00,73.39,73.4,73.32,73.4,1924
2026-07-14 08:39:00,73.31,73.36,73.25,73.2974,3941
2026-07-14 08:40:00,73.289,73.4355,73.289,73.3369,514
2026-07-14 08:41:00,73.36,73.4269,73.35,73.35,3051
2026-07-14 08:42:00,73.33,73.33,73.3,73.33,1875
2026-07-14 08:43:00,73.3722,73.4,73.28,73.3,2488
2026-07-14 08:44:00,73.3,73.36,73.3,73.36,3460
2026-07-14 08:45:00,73.29,73.33,73.2548,73.3,2120
2026-07-14 08:46:00,73.3283,73.3283,73.25,73.27,1158
2026-07-14 08:47:00,73.25,73.37,73.2,73.26,3835
2026-07-14 08:48:00,73.28,73.36,73.2333,73.3,1038
2026-07-14 08:49:00,73.28,73.28,73.26,73.26,200
2026-07-14 08:50:00,73.24,73.306,73.2313,73.306,900
2026-07-14 08:51:00,73.25,73.3079,73.15,73.22,8169
2026-07-14 08:52:00,73.17,73.2501,73.13,73.18,7838
2026-07-14 08:53:00,73.25,73.25,73.1,73.1,7716
2026-07-14 08:54:00,73.09,73.12,73.06,73.12,9632
2026-07-14 08:55:00,73.09,73.2,73.0488,73.1,5348
2026-07-14 08:56:00,73.19,73.19,72.98,73.04,19718
2026-07-14 08:57:00,73.0114,73.0897,73.0114,73.0521,2641
2026-07-14 08:58:00,73.0861,73.0864,73.05,73.06,2962
2026-07-14 08:59:00,73.09,73.1739,73.09,73.1739,1102
2026-07-14 09:00:00,73.1642,73.2,73.16,73.19,868
2026-07-14 09:01:00,73.187,73.19,73.187,73.19,1032
2026-07-14 09:02:00,73.12,73.18,73.02,73.0304,4485
2026-07-14 09:03:00,73.1,73.11,73.05,73.11,1414
2026-07-14 09:04:00,73.1,73.1022,73.1,73.1,1735
2026-07-14 09:05:00,73.06,73.13,73.05,73.09,3613
2026-07-14 09:06:00,73.11,73.11,73.07,73.07,1919
2026-07-14 09:07:00,73.07,73.1,73.0002,73.0689,3394
2026-07-14 09:08:00,73.07,73.17,73,73.134,3975
2026-07-14 09:09:00,73.09,73.17,73,73,3958
2026-07-14 09:10:00,73,73.13,72.98,72.98,8681
2026-07-14 09:11:00,72.975,73,72.8946,72.9892,8089
2026-07-14 09:12:00,72.9967,73,72.901,72.95,5749
2026-07-14 09:13:00,72.95,72.9799,72.87,72.89,3510
2026-07-14 09:14:00,72.915,72.915,72.85,72.91,885
2026-07-14 09:15:00,72.92,72.93,72.8776,72.8776,1490
2026-07-14 09:16:00,72.92,72.98,72.916,72.98,3786
2026-07-14 09:17:00,72.98,73.01,72.92,72.92,5764
2026-07-14 09:18:00,72.96,72.99,72.94,72.94,2804
2026-07-14 09:19:00,72.9776,72.9776,72.95,72.9772,650
2026-07-14 09:20:00,72.9789,73,72.964,72.99,2777
2026-07-14 09:21:00,72.99,73,72.98,73,8160
2026-07-14 09:22:00,72.99,73,72.99,72.9998,1513
2026-07-14 09:23:00,73,73.17,72.99,73.13,11672
2026-07-14 09:24:00,73.16,73.2,73.1274,73.1996,13200
2026-07-14 09:25:00,73.11,73.2,72.9,72.9,13083
2026-07-14 09:26:00,72.9,73,72.9,72.9,7218
2026-07-14 09:27:00,72.91,73,72.77,72.77,9054
2026-07-14 09:28:00,72.7,72.8,72.53,72.63,19290
2026-07-14 09:29:00,72.57,72.78,72.5,72.61,11953
2026-07-14 09:30:00,72.635,72.85,72.36,72.6,810353
2026-07-14 09:31:00,72.57,72.64,72.2775,72.4,228868
2026-07-14 09:32:00,72.4,72.765,72.37,72.765,115625
2026-07-14 09:33:00,72.78,73.035,72.65,73.02,141720
2026-07-14 09:34:00,73.05,73.0899,72.95,73.035,100888
2026-07-14 09:35:00,73.03,73.15,72.88,73.095,156664
2026-07-14 09:36:00,73.08,73.17,73,73.15,107948
2026-07-14 09:37:00,73.145,73.18,73.03,73.045,193117
2026-07-14 09:38:00,73.05,73.17,72.985,73.03,97231
2026-07-14 09:39:00,73.05,73.14,73.01,73.0592,46003
2026-07-14 09:40:00,73.0603,73.25,72.99,73.165,98672
2026-07-14 09:41:00,73.17,73.36,73.13,73.32,153080
2026-07-14 09:42:00,73.3207,73.39,73.23,73.255,157544
2026-07-14 09:43:00,73.27,73.3,73.18,73.27,92330
2026-07-14 09:44:00,73.3,73.32,73.195,73.195,48350
2026-07-14 09:45:00,73.18,73.27,73.11,73.25,107794
2026-07-14 09:46:00,73.24,73.3,73.1901,73.3,55301
2026-07-14 09:47:00,73.3,73.32,73.14,73.15,70455
2026-07-14 09:48:00,73.15,73.18,73.12,73.14,64841
2026-07-14 09:49:00,73.14,73.14,73.045,73.11,107281
2026-07-14 09:50:00,73.11,73.2199,73.11,73.21,64691
2026-07-14 09:51:00,73.21,73.23,73.06,73.1364,116413
2026-07-14 09:52:00,73.138,73.138,73.03,73.115,54237
2026-07-14 09:53:00,73.115,73.18,73.115,73.16,65378
2026-07-14 09:54:00,73.17,73.18,73.095,73.1001,33461
2026-07-14 09:55:00,73.11,73.19,73.085,73.085,48236
2026-07-14 09:56:00,73.08,73.2,73.065,73.17,84103
2026-07-14 09:57:00,73.165,73.17,73.06,73.06,65058
2026-07-14 09:58:00,73.0758,73.195,73.075,73.1762,97552
2026-07-14 09:59:00,73.18,73.22,73.085,73.2,64630
2026-07-14 10:00:00,73.21,73.36,73.19,73.28,215800
2026-07-14 10:01:00,73.271,73.33,73.17,73.195,83043
2026-07-14 10:02:00,73.2,73.26,73.1,73.23,71840
2026-07-14 10:03:00,73.23,73.24,73.16,73.23,118066
2026-07-14 10:04:00,73.24,73.25,73.17,73.21,63338
2026-07-14 10:05:00,73.215,73.34,73.19,73.315,48701
2026-07-14 10:06:00,73.31,73.37,73.285,73.31,100921
2026-07-14 10:07:00,73.31,73.395,73.29,73.33,137186
2026-07-14 10:08:00,73.325,73.37,73.29,73.37,59270
2026-07-14 10:09:00,73.38,73.505,73.37,73.41,109025
2026-07-14 10:10:00,73.42,73.42,73.25,73.34,120822
2026-07-14 10:11:00,73.35,73.37,73.27,73.3,59665
2026-07-14 10:12:00,73.295,73.305,73.22,73.2201,58734
2026-07-14 10:13:00,73.23,73.3001,73.23,73.2801,39291
2026-07-14 10:14:00,73.29,73.3601,73.25,73.355,46944
2026-07-14 10:15:00,73.36,73.38,73.325,73.34,45998
2026-07-14 10:16:00,73.33,73.33,73.23,73.23,52836
2026-07-14 10:17:00,73.24,73.29,73.23,73.28,36373
2026-07-14 10:18:00,73.28,73.305,73.235,73.2995,40845
2026-07-14 10:19:00,73.29,73.31,73.255,73.3,45889
2026-07-14 10:20:00,73.305,73.3301,73.27,73.3301,42498
2026-07-14 10:21:00,73.33,73.33,73.3,73.3,17408
2026-07-14 10:22:00,73.3,73.3,73.19,73.275,68262
2026-07-14 10:23:00,73.275,73.385,73.24,73.35,292140
2026-07-14 10:24:00,73.37,73.39,73.31,73.385,28792
2026-07-14 10:25:00,73.38,73.38,73.26,73.275,57093
2026-07-14 10:26:00,73.27,73.32,73.16,73.31,134039
2026-07-14 10:27:00,73.315,73.36,73.29,73.36,35963
2026-07-14 10:28:00,73.36,73.4,73.3552,73.375,21039
2026-07-14 10:29:00,73.3703,73.375,73.31,73.33,28429
2026-07-14 10:30:00,73.32,73.36,73.28,73.355,74622
2026-07-14 10:31:00,73.355,73.43,73.325,73.345,60432
2026-07-14 10:32:00,73.345,73.35,73.29,73.315,69878
2026-07-14 10:33:00,73.32,73.355,73.305,73.315,19060
2026-07-14 10:34:00,73.315,73.39,73.25,73.32,134411
2026-07-14 10:35:00,73.31,73.335,73.2436,73.265,52001
2026-07-14 10:36:00,73.265,73.3681,73.265,73.3054,33550
2026-07-14 10:37:00,73.31,73.35,73.305,73.34,22089
2026-07-14 10:38:00,73.35,73.38,73.285,73.375,42205
2026-07-14 10:39:00,73.3799,73.4453,73.3799,73.445,44785
2026-07-14 10:40:00,73.43,73.5,73.425,73.47,41103
2026-07-14 10:41:00,73.47,73.4749,73.4001,73.42,20492
2026-07-14 10:42:00,73.42,73.445,73.41,73.43,28208
2026-07-14 10:43:00,73.43,73.455,73.37,73.38,30513
2026-07-14 10:44:00,73.385,73.385,73.34,73.37,26313
2026-07-14 10:45:00,73.375,73.44,73.375,73.42,37112
2026-07-14 10:46:00,73.42,73.49,73.42,73.465,21111
2026-07-14 10:47:00,73.475,73.525,73.455,73.455,75922
2026-07-14 10:48:00,73.455,73.48,73.405,73.41,93806
2026-07-14 10:49:00,73.4,73.4399,73.39,73.425,28507
2026-07-14 10:50:00,73.42,73.425,73.385,73.41,44576
2026-07-14 10:51:00,73.4,73.45,73.4,73.43,43595
2026-07-14 10:52:00,73.42,73.46,73.4023,73.4508,31305
2026-07-14 10:53:00,73.455,73.485,73.44,73.455,16374
2026-07-14 10:54:00,73.455,73.51,73.455,73.49,32282
2026-07-14 10:55:00,73.49,73.4901,73.44,73.475,25816
2026-07-14 10:56:00,73.47,73.4799,73.429,73.43,34364
2026-07-14 10:57:00,73.435,73.53,73.42,73.53,46182
2026-07-14 10:58:00,73.535,73.64,73.525,73.6299,71814
2026-07-14 10:59:00,73.62,73.625,73.59,73.625,32615
2026-07-14 11:00:00,73.63,73.635,73.545,73.545,53530
2026-07-14 11:01:00,73.555,73.555,73.5,73.525,32219
2026-07-14 11:02:00,73.525,73.53,73.475,73.485,36687
2026-07-14 11:03:00,73.48,73.485,73.42,73.445,24201
2026-07-14 11:04:00,73.445,73.555,73.425,73.52,55236
2026-07-14 11:05:00,73.525,73.5601,73.52,73.535,25416
2026-07-14 11:06:00,73.535,73.54,73.5,73.52,40275
2026-07-14 11:07:00,73.53,73.5588,73.52,73.535,24352
2026-07-14 11:08:00,73.5394,73.5499,73.515,73.545,22658
2026-07-14 11:09:00,73.545,73.58,73.52,73.54,25932
2026-07-14 11:10:00,73.5428,73.58,73.515,73.575,45807
2026-07-14 11:11:00,73.58,73.595,73.5501,73.5572,26975
2026-07-14 11:12:00,73.56,73.5667,73.4738,73.505,41661
2026-07-14 11:13:00,73.515,73.56,73.495,73.555,24407
2026-07-14 11:14:00,73.55,73.58,73.525,73.5499,21341
2026-07-14 11:15:00,73.545,73.56,73.53,73.55,20413
2026-07-14 11:16:00,73.56,73.57,73.515,73.54,25004
2026-07-14 11:17:00,73.54,73.57,73.52,73.555,28822
2026-07-14 11:18:00,73.555,73.585,73.55,73.565,34318
2026-07-14 11:19:00,73.57,73.62,73.535,73.535,42761
2026-07-14 11:20:00,73.53,73.675,73.52,73.6426,84985
2026-07-14 11:21:00,73.645,73.67,73.51,73.515,233502
2026-07-14 11:22:00,73.51,73.54,73.505,73.51,28471
2026-07-14 11:23:00,73.53,73.53,73.43,73.465,37260
2026-07-14 11:24:00,73.4654,73.48,73.43,73.445,26131
2026-07-14 11:25:00,73.445,73.48,73.42,73.425,30956
2026-07-14 11:26:00,73.43,73.46,73.415,73.425,23482
2026-07-14 11:27:00,73.425,73.4861,73.401,73.475,36284
2026-07-14 11:28:00,73.4798,73.495,73.38,73.4712,87290
2026-07-14 11:29:00,73.475,73.55,73.46,73.52,37674
2026-07-14 11:30:00,73.5128,73.55,73.505,73.55,25870
2026-07-14 11:31:00,73.545,73.57,73.52,73.555,21343
2026-07-14 11:32:00,73.55,73.59,73.54,73.57,20540
2026-07-14 11:33:00,73.56,73.59,73.55,73.565,38649
2026-07-14 11:34:00,73.56,73.595,73.53,73.54,24096
2026-07-14 11:35:00,73.545,73.55,73.5,73.5,46745
2026-07-14 11:36:00,73.5001,73.555,73.49,73.555,45630
2026-07-14 11:37:00,73.555,73.66,73.545,73.63,30283
2026-07-14 11:38:00,73.63,73.66,73.61,73.6599,18850
2026-07-14 11:39:00,73.655,73.675,73.65,73.675,21971
2026-07-14 11:40:00,73.68,73.6899,73.62,73.625,25435
2026-07-14 11:41:00,73.63,73.63,73.55,73.565,48436
2026-07-14 11:42:00,73.565,73.565,73.52,73.535,22718
2026-07-14 11:43:00,73.53,73.54,73.5,73.54,26106
2026-07-14 11:44:00,73.535,73.5499,73.515,73.535,15086
2026-07-14 11:45:00,73.54,73.59,73.535,73.57,57209
2026-07-14 11:46:00,73.565,73.63,73.565,73.615,16299
2026-07-14 11:47:00,73.615,73.66,73.6,73.62,36293
2026-07-14 11:48:00,73.62,73.65,73.615,73.629,32652
2026-07-14 11:49:00,73.628,73.635,73.605,73.625,18324
2026-07-14 11:50:00,73.625,73.635,73.5544,73.555,63287
2026-07-14 11:51:00,73.555,73.63,73.555,73.58,51480
2026-07-14 11:52:00,73.585,73.65,73.5843,73.625,30462
2026-07-14 11:53:00,73.625,73.655,73.615,73.635,18167
2026-07-14 11:54:00,73.63,73.67,73.615,73.62,17636
2026-07-14 11:55:00,73.62,73.6281,73.545,73.555,24345
2026-07-14 11:56:00,73.555,73.565,73.53,73.535,38165
2026-07-14 11:57:00,73.535,73.585,73.52,73.54,29437
2026-07-14 11:58:00,73.55,73.585,73.54,73.555,17940
2026-07-14 11:59:00,73.555,73.555,73.495,73.545,31349
2026-07-14 12:00:00,73.545,73.545,73.515,73.54,38270
2026-07-14 12:01:00,73.535,73.57,73.5142,73.5249,105211
2026-07-14 12:02:00,73.525,73.53,73.505,73.52,15564
2026-07-14 12:03:00,73.515,73.515,73.41,73.465,86197
2026-07-14 12:04:00,73.47,73.49,73.43,73.49,63370
2026-07-14 12:05:00,73.49,73.51,73.485,73.495,32918
2026-07-14 12:06:00,73.5,73.565,73.495,73.56,25974
2026-07-14 12:07:00,73.56,73.565,73.505,73.515,16483
2026-07-14 12:08:00,73.515,73.555,73.51,73.55,17275
2026-07-14 12:09:00,73.54,73.54,73.5,73.515,33215
2026-07-14 12:10:00,73.515,73.54,73.5,73.515,41027
2026-07-14 12:11:00,73.52,73.54,73.49,73.505,48612
2026-07-14 12:12:00,73.5,73.55,73.49,73.535,59844
2026-07-14 12:13:00,73.535,73.64,73.53,73.635,26091
2026-07-14 12:14:00,73.63,73.69,73.615,73.67,30372
2026-07-14 12:15:00,73.68,73.685,73.65,73.665,24673
2026-07-14 12:16:00,73.67,73.67,73.605,73.615,54019
2026-07-14 12:17:00,73.62,73.65,73.61,73.65,14533
2026-07-14 12:18:00,73.66,73.66,73.64,73.645,11239
2026-07-14 12:19:00,73.64,73.64,73.615,73.625,10153
2026-07-14 12:20:00,73.62,73.625,73.585,73.595,23757
2026-07-14 12:21:00,73.6,73.635,73.575,73.605,50994
2026-07-14 12:22:00,73.6,73.61,73.56,73.565,28472
2026-07-14 12:23:00,73.56,73.635,73.56,73.635,24183
2026-07-14 12:24:00,73.6377,73.6599,73.625,73.645,32022
2026-07-14 12:25:00,73.645,73.67,73.62,73.665,41509
2026-07-14 12:26:00,73.665,73.68,73.62,73.62,57757
2026-07-14 12:27:00,73.625,73.635,73.575,73.63,85315
2026-07-14 12:28:00,73.6299,73.64,73.61,73.625,56713
2026-07-14 12:29:00,73.63,73.65,73.605,73.645,25764
2026-07-14 12:30:00,73.645,73.645,73.625,73.625,28708
2026-07-14 12:31:00,73.625,73.635,73.58,73.59,43201
2026-07-14 12:32:00,73.585,73.62,73.58,73.6,38373
2026-07-14 12:33:00,73.6,73.67,73.6,73.66,49195
2026-07-14 12:34:00,73.6697,73.675,73.62,73.675,46499
2026-07-14 12:35:00,73.67,73.72,73.665,73.7006,41477
2026-07-14 12:36:00,73.7001,73.76,73.7001,73.745,46903
2026-07-14 12:37:00,73.745,73.777,73.72,73.775,34356
2026-07-14 12:38:00,73.775,73.78,73.745,73.78,44264
2026-07-14 12:39:00,73.775,73.94,73.77,73.91,83437
2026-07-14 12:40:00,73.905,73.905,73.855,73.875,43234
2026-07-14 12:41:00,73.875,73.895,73.815,73.815,32627
2026-07-14 12:42:00,73.81,73.82,73.7601,73.785,25664
2026-07-14 12:43:00,73.79,73.84,73.79,73.815,38343
2026-07-14 12:44:00,73.815,73.82,73.79,73.82,16772
2026-07-14 12:45:00,73.825,73.84,73.81,73.81,26550
2026-07-14 12:46:00,73.81,73.835,73.8,73.835,20413
2026-07-14 12:47:00,73.835,73.875,73.835,73.85,18630
2026-07-14 12:48:00,73.86,73.9,73.855,73.87,28632
2026-07-14 12:49:00,73.88,73.88,73.835,73.845,16088
2026-07-14 12:50:00,73.85,73.915,73.845,73.875,59339
2026-07-14 12:51:00,73.875,73.89,73.79,73.79,24193
2026-07-14 12:52:00,73.795,73.86,73.77,73.86,16264
2026-07-14 12:53:00,73.85,73.9093,73.85,73.905,32395
2026-07-14 12:54:00,73.905,73.925,73.85,73.925,45648
2026-07-14 12:55:00,73.93,73.9398,73.87,73.885,27303
2026-07-14 12:56:00,73.885,73.93,73.88,73.925,26790
2026-07-14 12:57:00,73.925,73.9695,73.92,73.9601,23575
2026-07-14 12:58:00,73.97,74.005,73.9142,73.925,58821
2026-07-14 12:59:00,73.93,73.97,73.93,73.9699,26270
2026-07-14 13:00:00,73.97,73.99,73.93,73.935,52570
2026-07-14 13:01:00,73.94,73.945,73.865,73.865,48010
2026-07-14 13:02:00,73.865,73.89,73.85,73.86,34032
2026-07-14 13:03:00,73.865,73.87,73.74,73.865,218802
2026-07-14 13:04:00,73.865,73.9,73.81,73.895,78299
2026-07-14 13:05:00,73.9,73.92,73.87,73.875,28216
2026-07-14 13:06:00,73.875,73.8898,73.845,73.875,22983
2026-07-14 13:07:00,73.875,73.8799,73.845,73.855,26734
2026-07-14 13:08:00,73.855,73.8899,73.855,73.8651,15812
2026-07-14 13:09:00,73.865,73.885,73.855,73.87,22467
2026-07-14 13:10:00,73.87,73.875,73.85,73.85,17411
2026-07-14 13:11:00,73.85,73.885,73.85,73.8603,26156
2026-07-14 13:12:00,73.865,73.88,73.86,73.8778,28435
2026-07-14 13:13:00,73.875,73.9,73.865,73.865,29284
2026-07-14 13:14:00,73.8601,73.88,73.855,73.8799,19116
2026-07-14 13:15:00,73.88,73.8899,73.83,73.875,50212
2026-07-14 13:16:00,73.875,73.895,73.85,73.85,12411
2026-07-14 13:17:00,73.855,73.875,73.85,73.855,17883
2026-07-14 13:18:00,73.855,73.89,73.845,73.89,31127
2026-07-14 13:19:00,73.895,73.895,73.84,73.865,53493
2026-07-14 13:20:00,73.865,73.8761,73.84,73.875,41753
2026-07-14 13:21:00,73.87,73.88,73.81,73.875,84148
2026-07-14 13:22:00,73.875,73.91,73.87,73.905,15372
2026-07-14 13:23:00,73.905,73.9264,73.88,73.89,19962
2026-07-14 13:24:00,73.89,73.92,73.89,73.915,21242
2026-07-14 13:25:00,73.915,73.9199,73.88,73.88,21843
2026-07-14 13:26:00,73.88,73.91,73.86,73.9,21027
2026-07-14 13:27:00,73.905,73.92,73.9,73.91,23763
2026-07-14 13:28:00,73.91,73.95,73.91,73.945,24162
2026-07-14 13:29:00,73.945,73.9599,73.94,73.955,15292
2026-07-14 13:30:00,73.955,73.96,73.8801,73.905,48099
2026-07-14 13:31:00,73.905,73.92,73.89,73.8923,30118
2026-07-14 13:32:00,73.89,73.9,73.86,73.86,44577
2026-07-14 13:33:00,73.865,73.88,73.85,73.86,30616
2026-07-14 13:34:00,73.86,73.86,73.77,73.795,93250
2026-07-14 13:35:00,73.79,73.79,73.75,73.77,35073
2026-07-14 13:36:00,73.77,73.795,73.76,73.775,24550
2026-07-14 13:37:00,73.77,73.845,73.755,73.815,33837
2026-07-14 13:38:00,73.8199,73.86,73.805,73.855,25553
2026-07-14 13:39:00,73.855,73.87,73.85,73.865,13429
2026-07-14 13:40:00,73.86,73.8787,73.82,73.84,32358
2026-07-14 13:41:00,73.84,73.85,73.83,73.835,15300
2026-07-14 13:42:00,73.835,73.84,73.79,73.8,60899
2026-07-14 13:43:00,73.805,73.81,73.79,73.795,31850
2026-07-14 13:44:00,73.7963,73.81,73.79,73.795,34848
2026-07-14 13:45:00,73.795,73.8099,73.7401,73.745,120513
2026-07-14 13:46:00,73.745,73.76,73.7,73.725,58149
2026-07-14 13:47:00,73.725,73.74,73.685,73.7,61128
2026-07-14 13:48:00,73.69,73.73,73.69,73.7,38514
2026-07-14 13:49:00,73.695,73.715,73.68,73.705,32232
2026-07-14 13:50:00,73.71,73.765,73.71,73.735,65920
2026-07-14 13:51:00,73.735,73.7399,73.71,73.715,45432
2026-07-14 13:52:00,73.715,73.7199,73.695,73.715,45290
2026-07-14 13:53:00,73.72,73.72,73.66,73.695,78405
2026-07-14 13:54:00,73.6985,73.7525,73.685,73.7525,20240
2026-07-14 13:55:00,73.755,73.755,73.665,73.665,40274
2026-07-14 13:56:00,73.665,73.675,73.65,73.655,25428
2026-07-14 13:57:00,73.655,73.66,73.625,73.66,33565
2026-07-14 13:58:00,73.6526,73.82,73.6526,73.7642,76915
2026-07-14 13:59:00,73.76,73.805,73.75,73.805,33186
2026-07-14 14:00:00,73.8,73.8099,73.775,73.775,28402
2026-07-14 14:01:00,73.775,73.815,73.765,73.795,35461
2026-07-14 14:02:00,73.7994,73.8187,73.76,73.81,36512
2026-07-14 14:03:00,73.815,73.8593,73.8,73.85,62799
2026-07-14 14:04:00,73.845,73.861,73.83,73.855,28113
2026-07-14 14:05:00,73.85,73.85,73.79,73.81,29710
2026-07-14 14:06:00,73.815,73.8499,73.81,73.83,34539
2026-07-14 14:07:00,73.82,73.8299,73.79,73.8,28059
2026-07-14 14:08:00,73.805,73.83,73.79,73.825,28154
2026-07-14 14:09:00,73.825,73.84,73.82,73.835,18535
2026-07-14 14:10:00,73.83,73.835,73.795,73.815,30555
2026-07-14 14:11:00,73.81,73.835,73.8,73.835,41353
2026-07-14 14:12:00,73.83,73.83,73.785,73.795,48447
2026-07-14 14:13:00,73.79,73.825,73.79,73.8,46728
2026-07-14 14:14:00,73.8,73.825,73.8,73.81,12885
2026-07-14 14:15:00,73.81,73.825,73.8,73.805,19396
2026-07-14 14:16:00,73.805,73.825,73.8,73.825,19235
2026-07-14 14:17:00,73.825,73.835,73.805,73.83,26655
2026-07-14 14:18:00,73.82,73.82,73.8,73.81,12066
2026-07-14 14:19:00,73.81,73.82,73.795,73.815,30564
2026-07-14 14:20:00,73.815,73.83,73.81,73.825,26109
2026-07-14 14:21:00,73.825,73.83,73.815,73.825,21710
2026-07-14 14:22:00,73.82,73.87,73.82,73.8699,19850
2026-07-14 14:23:00,73.865,73.9159,73.845,73.8725,56018
2026-07-14 14:24:00,73.875,73.92,73.87,73.905,21383
2026-07-14 14:25:00,73.905,73.9251,73.9,73.92,38520
2026-07-14 14:26:00,73.92,73.95,73.915,73.945,22685
2026-07-14 14:27:00,73.945,73.98,73.945,73.975,32188
2026-07-14 14:28:00,73.9771,73.9799,73.9101,73.935,35791
2026-07-14 14:29:00,73.93,73.94,73.885,73.8864,33362
2026-07-14 14:30:00,73.88,73.8899,73.845,73.855,27246
2026-07-14 14:31:00,73.855,73.8958,73.845,73.895,29451
2026-07-14 14:32:00,73.89,73.9,73.88,73.89,19816
2026-07-14 14:33:00,73.895,73.9,73.87,73.87,13653
2026-07-14 14:34:00,73.87,73.89,73.86,73.88,18137
2026-07-14 14:35:00,73.8899,73.9,73.87,73.875,21619
2026-07-14 14:36:00,73.875,73.89,73.845,73.845,12593
2026-07-14 14:37:00,73.84,73.85,73.805,73.815,40113
2026-07-14 14:38:00,73.819,73.8299,73.8,73.8201,32018
2026-07-14 14:39:00,73.8206,73.83,73.81,73.83,18756
2026-07-14 14:40:00,73.825,73.83,73.81,73.83,17479
2026-07-14 14:41:00,73.83,73.84,73.76,73.825,112144
2026-07-14 14:42:00,73.825,73.8469,73.8,73.8401,16509
2026-07-14 14:43:00,73.8499,73.85,73.81,73.835,39898
2026-07-14 14:44:00,73.835,73.86,73.82,73.835,32844
2026-07-14 14:45:00,73.835,73.835,73.82,73.825,23302
2026-07-14 14:46:00,73.825,73.825,73.8,73.805,14142
2026-07-14 14:47:00,73.805,73.805,73.63,73.645,315185
2026-07-14 14:48:00,73.64,73.65,73.625,73.6499,32473
2026-07-14 14:49:00,73.6458,73.66,73.6343,73.64,30251
2026-07-14 14:50:00,73.63,73.775,73.585,73.76,91976
2026-07-14 14:51:00,73.76,73.765,73.68,73.7251,203987
2026-07-14 14:52:00,73.725,73.725,73.69,73.715,81225
2026-07-14 14:53:00,73.715,73.745,73.62,73.645,77603
2026-07-14 14:54:00,73.645,73.7095,73.645,73.705,65348
2026-07-14 14:55:00,73.705,73.7156,73.625,73.625,62966
2026-07-14 14:56:00,73.625,73.625,73.55,73.5738,58677
2026-07-14 14:57:00,73.575,73.595,73.57,73.585,21315
2026-07-14 14:58:00,73.5899,73.6,73.58,73.595,32466
2026-07-14 14:59:00,73.59,73.59,73.55,73.5699,33232
2026-07-14 15:00:00,73.565,73.6151,73.565,73.615,38669
2026-07-14 15:01:00,73.615,73.645,73.5901,73.6,28847
2026-07-14 15:02:00,73.59,73.635,73.585,73.63,24544
2026-07-14 15:03:00,73.63,73.63,73.58,73.5851,17695
2026-07-14 15:04:00,73.585,73.72,73.585,73.715,247618
2026-07-14 15:05:00,73.715,73.77,73.71,73.7356,27000
2026-07-14 15:06:00,73.73,73.735,73.69,73.725,25405
2026-07-14 15:07:00,73.72,73.755,73.7001,73.755,22789
2026-07-14 15:08:00,73.765,73.77,73.74,73.745,30220
2026-07-14 15:09:00,73.745,73.75,73.71,73.71,26806
2026-07-14 15:10:00,73.715,73.73,73.7,73.73,30963
2026-07-14 15:11:00,73.74,73.74,73.685,73.69,24401
2026-07-14 15:12:00,73.69,73.71,73.675,73.705,24148
2026-07-14 15:13:00,73.7,73.735,73.7,73.725,30640
2026-07-14 15:14:00,73.725,73.75,73.7142,73.7424,24093
2026-07-14 15:15:00,73.745,73.76,73.715,73.715,31856
2026-07-14 15:16:00,73.72,73.74,73.705,73.7301,32223
2026-07-14 15:17:00,73.74,73.75,73.72,73.73,47822
2026-07-14 15:18:00,73.725,73.74,73.7,73.74,39214
2026-07-14 15:19:00,73.745,73.795,73.745,73.79,30863
2026-07-14 15:20:00,73.795,73.815,73.785,73.795,39099
2026-07-14 15:21:00,73.8,73.8,73.73,73.735,28053
2026-07-14 15:22:00,73.735,73.76,73.735,73.76,28327
2026-07-14 15:23:00,73.755,73.7551,73.73,73.73,36543
2026-07-14 15:24:00,73.7299,73.7398,73.72,73.725,21105
2026-07-14 15:25:00,73.725,73.745,73.705,73.705,31746
2026-07-14 15:26:00,73.7039,73.835,73.695,73.83,75356
2026-07-14 15:27:00,73.83,73.83,73.82,73.8201,14597
2026-07-14 15:28:00,73.825,73.8299,73.8,73.825,44588
2026-07-14 15:29:00,73.825,73.85,73.82,73.825,25049
2026-07-14 15:30:00,73.825,73.865,73.78,73.825,61516
2026-07-14 15:31:00,73.825,73.84,73.785,73.8044,60067
2026-07-14 15:32:00,73.8099,73.8099,73.77,73.7725,40149
2026-07-14 15:33:00,73.775,73.79,73.75,73.7875,38701
2026-07-14 15:34:00,73.78,73.7899,73.76,73.77,25241
2026-07-14 15:35:00,73.77,73.8,73.745,73.8,37957
2026-07-14 15:36:00,73.8,73.8,73.755,73.765,35578
2026-07-14 15:37:00,73.765,73.7699,73.73,73.735,111852
2026-07-14 15:38:00,73.7301,73.74,73.7,73.715,57834
2026-07-14 15:39:00,73.715,73.75,73.675,73.685,100685
2026-07-14 15:40:00,73.69,73.695,73.63,73.6386,51051
2026-07-14 15:41:00,73.635,73.66,73.6101,73.615,59373
2026-07-14 15:42:00,73.615,73.62,73.56,73.575,54515
2026-07-14 15:43:00,73.575,73.61,73.56,73.6,50029
2026-07-14 15:44:00,73.6,73.615,73.5725,73.585,63146
2026-07-14 15:45:00,73.585,73.59,73.5701,73.58,48184
2026-07-14 15:46:00,73.59,73.62,73.59,73.6176,37902
2026-07-14 15:47:00,73.62,73.645,73.605,73.6386,43714
2026-07-14 15:48:00,73.635,73.665,73.6201,73.6602,32720
2026-07-14 15:49:00,73.67,73.675,73.61,73.655,64758
2026-07-14 15:50:00,73.65,73.665,73.57,73.61,103568
2026-07-14 15:51:00,73.615,73.63,73.5,73.56,174591
2026-07-14 15:52:00,73.565,73.59,73.555,73.59,53969
2026-07-14 15:53:00,73.59,73.59,73.5,73.54,85760
2026-07-14 15:54:00,73.54,73.6,73.475,73.555,406390
2026-07-14 15:55:00,73.56,73.7,73.555,73.57,280531
2026-07-14 15:56:00,73.58,73.58,73.54,73.545,124588
2026-07-14 15:57:00,73.545,73.55,73.48,73.535,179304
2026-07-14 15:58:00,73.53,73.55,73.495,73.545,242378
2026-07-14 15:59:00,73.54,73.57,73.5,73.515,541765
2026-07-14 16:00:00,73.53,73.5699,73.52,73.5699,3915575
2026-07-14 16:01:00,73.5601,73.7,73.5601,73.7,1220
2026-07-14 16:02:00,73.59,73.65,73.53,73.65,4651
2026-07-14 16:04:00,73.61,73.61,73.61,73.61,700
2026-07-14 16:05:00,73.58,73.64,73.58,73.64,264
2026-07-14 16:06:00,73.62,73.62,73.6116,73.6116,890
2026-07-14 16:07:00,73.613,73.7,73.613,73.7,1000
2026-07-14 16:08:00,73.61,73.65,73.61,73.65,1112
2026-07-14 16:09:00,73.65,73.65,73.65,73.65,250
2026-07-14 16:10:00,73.67,73.67,73.64,73.64,211
2026-07-14 16:11:00,73.62,73.62,73.583,73.583,924
2026-07-14 16:12:00,73.6186,73.6186,73.5565,73.5565,1250
2026-07-14 16:13:00,73.6,73.65,73.6,73.65,700
2026-07-14 16:14:00,73.657,73.657,73.5656,73.5656,1939
2026-07-14 16:16:00,73.61,73.61,73.61,73.61,100
2026-07-14 16:17:00,73.6298,73.6298,73.6039,73.6039,500
2026-07-14 16:18:00,73.61,73.64,73.6052,73.64,796
2026-07-14 16:19:00,73.62,73.62,73.62,73.62,200
2026-07-14 16:20:00,73.63,73.63,73.6206,73.6206,500
2026-07-14 16:21:00,73.6239,73.6239,73.6239,73.6239,100
2026-07-14 16:22:00,73.64,73.64,73.63,73.63,490
2026-07-14 16:23:00,73.67,73.69,73.53,73.53,5577
2026-07-14 16:24:00,73.6848,73.7,73.67,73.7,1350
2026-07-14 16:25:00,73.7883,73.7883,73.71,73.75,1150
2026-07-14 16:26:00,73.71,73.71,73.7,73.7,450
2026-07-14 16:27:00,73.7,73.7,73.7,73.7,5302
2026-07-14 16:28:00,73.64,73.64,73.6144,73.6144,1405
2026-07-14 16:32:00,73.7,73.7,73.7,73.7,100
2026-07-14 16:33:00,73.68,73.71,73.68,73.71,300
2026-07-14 16:34:00,73.6999,73.6999,73.6999,73.6999,1000
2026-07-14 16:35:00,73.6996,73.6996,73.6996,73.6996,500
2026-07-14 16:36:00,73.6996,73.7,73.697,73.7,979
2026-07-14 16:37:00,73.6994,73.7,73.674,73.674,944
2026-07-14 16:38:00,73.68,73.68,73.67,73.67,702
2026-07-14 16:39:00,73.6701,73.71,73.6701,73.71,420
2026-07-14 16:40:00,73.67,73.75,73.67,73.7,2504
2026-07-14 16:42:00,73.74,73.74,73.65,73.65,1260
2026-07-14 16:43:00,73.742,73.742,73.742,73.742,100
2026-07-14 16:44:00,73.742,73.75,73.742,73.75,440
2026-07-14 16:45:00,73.73,73.75,73.73,73.75,300
2026-07-14 16:46:00,73.75,73.75,73.74,73.74,303
2026-07-14 16:47:00,73.74,73.74,73.74,73.74,426
2026-07-14 16:48:00,73.706,73.75,73.706,73.75,301
2026-07-14 16:49:00,73.7104,73.7104,73.7101,73.7101,1150
2026-07-14 16:50:00,73.71,73.71,73.71,73.71,800
2026-07-14 16:51:00,73.7,73.7,73.7,73.7,518
2026-07-14 16:52:00,73.71,73.71,73.71,73.71,127
2026-07-14 16:53:00,73.7481,73.7481,73.7481,73.7481,200
2026-07-14 16:54:00,73.74,73.74,73.73,73.73,336
2026-07-14 16:56:00,73.71,73.71,73.71,73.71,100
2026-07-14 16:57:00,73.7,73.7,73.7,73.7,100
2026-07-14 16:58:00,73.7198,73.7198,73.7198,73.7198,228
2026-07-14 17:00:00,73.71,73.71,73.71,73.71,900
2026-07-14 17:01:00,73.71,73.71,73.71,73.71,130
2026-07-14 17:02:00,73.7087,73.7087,73.7087,73.7087,100
2026-07-14 17:05:00,73.71,73.71,73.71,73.71,100
2026-07-14 17:07:00,73.71,73.71,73.71,73.71,2381
2026-07-14 17:08:00,73.7377,73.7377,73.7377,73.7377,160
2026-07-14 17:09:00,73.72,73.72,73.72,73.72,211
2026-07-14 17:11:00,73.72,73.72,73.72,73.72,250
2026-07-14 17:14:00,73.72,73.72,73.72,73.72,500
2026-07-14 17:15:00,73.7101,73.7101,73.7101,73.7101,200
2026-07-14 17:16:00,73.72,73.72,73.72,73.72,500
2026-07-14 17:18:00,73.7199,73.72,73.7199,73.72,200
2026-07-14 17:19:00,73.7199,73.72,73.7199,73.72,400
2026-07-14 17:20:00,73.71,73.72,73.71,73.72,1061
2026-07-14 17:21:00,73.7101,73.72,73.7101,73.72,300
2026-07-14 17:22:00,73.7113,73.7113,73.7101,73.7101,643
2026-07-14 17:23:00,73.72,73.72,73.72,73.72,264
2026-07-14 17:24:00,73.72,73.74,73.72,73.74,669
2026-07-14 17:26:00,73.7306,73.75,73.7306,73.75,350
2026-07-14 17:27:00,73.74,73.74,73.74,73.74,250
2026-07-14 17:31:00,73.75,73.75,73.75,73.75,400
2026-07-14 17:33:00,73.77,73.78,73.77,73.77,660
2026-07-14 17:34:00,73.75,73.75,73.75,73.75,188
2026-07-14 17:35:00,73.7861,73.7861,73.7861,73.7861,200
2026-07-14 17:36:00,73.7699,73.7875,73.7639,73.7875,1850
2026-07-14 17:38:00,73.76,73.76,73.76,73.76,680
2026-07-14 17:39:00,73.77,73.783,73.77,73.783,668
2026-07-14 17:40:00,73.7634,73.7634,73.7634,73.7634,200
2026-07-14 17:41:00,73.784,73.784,73.77,73.77,278
2026-07-14 17:42:00,73.79,73.79,73.77,73.77,450
2026-07-14 17:43:00,73.77,73.77,73.77,73.77,100
2026-07-14 17:44:00,73.763,73.77,73.763,73.77,300
2026-07-14 17:46:00,73.78,73.78,73.78,73.78,150
2026-07-14 17:47:00,73.79,73.79,73.79,73.79,200
2026-07-14 17:48:00,73.7838,73.7838,73.7838,73.7838,100
2026-07-14 17:51:00,73.79,73.79,73.79,73.79,200
2026-07-14 17:52:00,73.79,73.79,73.79,73.79,1308
2026-07-14 17:53:00,73.79,73.79,73.78,73.78,450
2026-07-14 17:54:00,73.79,73.79,73.79,73.79,500
2026-07-14 17:55:00,73.7898,73.79,73.7898,73.79,370
2026-07-14 17:56:00,73.79,73.79,73.7813,73.7813,400
2026-07-14 17:57:00,73.78,73.78,73.78,73.78,434
2026-07-14 17:59:00,73.7861,73.7861,73.7861,73.7861,100
2026-07-14 18:00:00,73.79,73.83,73.79,73.81,29689
2026-07-14 18:01:00,73.78,73.79,73.78,73.79,447
2026-07-14 18:02:00,73.76,73.84,73.76,73.77,919
2026-07-14 18:05:00,73.76,73.7673,73.76,73.7673,304
2026-07-14 18:06:00,73.8,73.8,73.8,73.8,127
2026-07-14 18:07:00,73.7601,73.7601,73.7601,73.7601,300
2026-07-14 18:08:00,73.78,73.84,73.78,73.84,226
2026-07-14 18:10:00,73.7739,73.8,73.7739,73.8,500
2026-07-14 18:11:00,73.832,73.832,73.832,73.832,136
2026-07-14 18:13:00,73.8355,73.8355,73.8355,73.8355,100
2026-07-14 18:16:00,73.84,73.84,73.84,73.84,100
2026-07-14 18:17:00,73.8,73.8,73.8,73.8,135
2026-07-14 18:18:00,73.8,73.8,73.8,73.8,130
2026-07-14 18:19:00,73.795,73.8,73.795,73.8,200
2026-07-14 18:21:00,73.84,73.84,73.84,73.84,100
2026-07-14 18:23:00,73.8,73.8,73.78,73.78,389
2026-07-14 18:24:00,73.8366,73.8366,73.8366,73.8366,497
2026-07-14 18:26:00,73.79,73.79,73.79,73.79,100
2026-07-14 18:27:00,73.78,73.8,73.78,73.7991,700
2026-07-14 18:28:00,73.8,73.8,73.8,73.8,162
2026-07-14 18:29:00,73.815,73.815,73.78,73.7878,425
2026-07-14 18:32:00,73.7855,73.7855,73.7855,73.7855,100
2026-07-14 18:33:00,73.7811,73.8,73.78,73.78,1550
2026-07-14 18:34:00,73.8,73.8299,73.8,73.8299,7394
2026-07-14 18:38:00,73.81,73.81,73.8,73.8,2065
2026-07-14 18:40:00,73.82,73.82,73.82,73.82,100
2026-07-14 18:42:00,73.8,73.8,73.8,73.8,110
2026-07-14 18:43:00,73.78,73.83,73.78,73.83,262
2026-07-14 18:44:00,73.8,73.8,73.8,73.8,200
2026-07-14 18:45:00,73.81,73.81,73.81,73.81,138
2026-07-14 18:46:00,73.79,73.79,73.79,73.79,500
2026-07-14 18:47:00,73.8291,73.8291,73.8291,73.8291,500
2026-07-14 18:48:00,73.79,73.79,73.79,73.79,120
2026-07-14 18:52:00,73.77,73.77,73.77,73.77,158
2026-07-14 18:53:00,73.79,73.83,73.79,73.83,227
2026-07-14 18:54:00,73.83,73.83,73.83,73.83,350
2026-07-14 18:56:00,73.76,73.76,73.76,73.76,5810
2026-07-14 18:58:00,73.76,73.76,73.7566,73.76,300
2026-07-14 19:00:00,73.75,73.76,73.75,73.76,300
2026-07-14 19:01:00,73.72,73.72,73.72,73.72,107
2026-07-14 19:02:00,73.748,73.748,73.748,73.748,100
2026-07-14 19:04:00,73.7,73.7,73.7,73.7,162
2026-07-14 19:06:00,73.73,73.73,73.73,73.73,200
2026-07-14 19:10:00,73.71,73.71,73.71,73.71,200
2026-07-14 19:11:00,73.7195,73.7195,73.7195,73.7195,190
2026-07-14 19:17:00,73.71,73.71,73.71,73.71,100
2026-07-14 19:18:00,73.73,73.73,73.73,73.73,163
2026-07-14 19:19:00,73.7206,73.82,73.7206,73.82,733
2026-07-14 19:21:00,73.83,73.83,73.83,73.83,100
2026-07-14 19:23:00,73.81,73.82,73.81,73.82,1982
2026-07-14 19:24:00,73.8,73.8,73.79,73.79,1386
2026-07-14 19:25:00,73.82,73.94,73.82,73.93,5093
2026-07-14 19:28:00,73.93,73.9399,73.82,73.9399,1521
2026-07-14 19:29:00,73.8356,73.94,73.8356,73.93,514
2026-07-14 19:30:00,73.93,73.93,73.91,73.9244,369
2026-07-14 19:31:00,73.9,73.9,73.89,73.9,332
2026-07-14 19:33:00,73.94,73.94,73.94,73.94,100
2026-07-14 19:35:00,73.94,73.94,73.93,73.93,235
2026-07-14 19:36:00,73.89,73.89,73.89,73.89,375
2026-07-14 19:37:00,73.89,73.89,73.85,73.85,5496
2026-07-14 19:38:00,73.8301,73.8301,73.8301,73.8301,9588
2026-07-14 19:40:00,73.92,73.92,73.87,73.87,964
2026-07-14 19:41:00,73.8207,73.8207,73.8207,73.8207,127
2026-07-14 19:43:00,73.9,73.9,73.85,73.85,600
2026-07-14 19:44:00,73.89,73.89,73.82,73.82,800
2026-07-14 19:45:00,73.8652,73.8652,73.8652,73.8652,250
2026-07-14 19:46:00,73.86,73.8774,73.86,73.8774,600
2026-07-14 19:47:00,73.87,73.8799,73.8603,73.8603,1150
2026-07-14 19:48:00,73.93,73.93,73.93,73.93,127
2026-07-14 19:52:00,73.88,73.9322,73.88,73.93,1177
2026-07-14 19:54:00,73.93,73.96,73.8856,73.96,2676
2026-07-14 19:57:00,73.9239,73.93,73.9239,73.93,324
2026-07-14 19:58:00,73.9291,73.9294,73.91,73.9294,480
2026-07-14 19:59:00,73.9609,73.9699,73.96,73.96,3705
2026-07-15 04:00:00,73.52,73.8774,73.3701,73.56,29792
2026-07-15 04:01:00,73.6,73.75,73.33,73.4,34820
2026-07-15 04:02:00,73.5,73.5,73.46,73.48,1755
2026-07-15 04:03:00,73.48,73.48,73.48,73.48,400
2026-07-15 04:06:00,73.52,73.54,73.4909,73.54,2067
2026-07-15 04:07:00,73.53,73.53,73.49,73.49,988
2026-07-15 04:08:00,73.53,73.53,73.52,73.53,1300
2026-07-15 04:09:00,73.56,73.56,73.52,73.52,2476
2026-07-15 04:11:00,73.6,73.6,73.6,73.6,100
2026-07-15 04:14:00,73.63,73.67,73.63,73.634,1855
2026-07-15 04:15:00,73.67,73.69,73.66,73.69,1205
2026-07-15 04:16:00,73.69,73.76,73.69,73.76,500
2026-07-15 04:17:00,73.73,73.77,73.73,73.74,2928
2026-07-15 04:19:00,73.84,73.85,73.84,73.85,681
2026-07-15 04:20:00,73.86,73.86,73.86,73.86,129
2026-07-15 04:21:00,73.85,73.85,73.825,73.825,227
2026-07-15 04:23:00,73.88,73.88,73.82,73.82,1200
2026-07-15 04:24:00,73.8,73.8,73.8,73.8,216
2026-07-15 04:26:00,73.82,73.88,73.8,73.88,1515
2026-07-15 04:28:00,73.825,73.87,73.78,73.78,362
2026-07-15 04:29:00,73.87,73.87,73.78,73.78,348
2026-07-15 04:30:00,73.88,73.88,73.88,73.88,1000
2026-07-15 04:31:00,73.87,73.88,73.87,73.88,350
2026-07-15 04:34:00,73.88,73.88,73.825,73.825,200
2026-07-15 04:36:00,73.88,73.88,73.88,73.88,200
2026-07-15 04:37:00,73.82,73.82,73.82,73.82,680
2026-07-15 04:38:00,73.83,73.83,73.83,73.83,137
2026-07-15 04:39:00,73.88,73.9,73.88,73.88,741
2026-07-15 04:40:00,73.9,73.9,73.9,73.9,170
2026-07-15 04:43:00,73.87,73.87,73.87,73.87,170
2026-07-15 04:45:00,73.82,73.82,73.82,73.82,100
2026-07-15 04:47:00,73.88,73.89,73.88,73.89,1202
2026-07-15 04:54:00,73.81,73.81,73.81,73.81,150
2026-07-15 04:55:00,73.81,73.83,73.81,73.83,317
2026-07-15 04:56:00,73.86,73.9,73.86,73.9,9688
2026-07-15 04:57:00,73.88,73.88,73.87,73.87,640
2026-07-15 05:00:00,73.88,73.88,73.8,73.83,4644
2026-07-15 05:03:00,73.81,73.81,73.81,73.81,500
2026-07-15 05:08:00,73.81,73.81,73.81,73.81,202
2026-07-15 05:11:00,73.77,73.77,73.74,73.74,752
2026-07-15 05:12:00,73.74,73.74,73.74,73.74,109
2026-07-15 05:15:00,73.78,73.79,73.78,73.79,313
2026-07-15 05:16:00,73.78,73.84,73.78,73.84,2071
2026-07-15 05:26:00,73.72,73.72,73.72,73.72,100
2026-07-15 05:27:00,73.78,73.78,73.78,73.78,100
2026-07-15 05:33:00,73.72,73.72,73.72,73.72,100
2026-07-15 05:42:00,73.74,73.78,73.74,73.78,526
2026-07-15 05:43:00,73.72,73.77,73.72,73.77,310
2026-07-15 05:46:00,73.76,73.76,73.76,73.76,116
2026-07-15 05:49:00,73.75,73.75,73.75,73.75,267
2026-07-15 05:53:00,73.75,73.75,73.73,73.73,880
2026-07-15 05:55:00,73.69,73.69,73.65,73.65,550
2026-07-15 05:57:00,73.72,73.74,73.72,73.74,300
2026-07-15 06:06:00,73.75,73.75,73.75,73.75,100
2026-07-15 06:11:00,73.74,73.74,73.74,73.74,1280
2026-07-15 06:12:00,73.77,73.8,73.77,73.8,305
2026-07-15 06:13:00,73.755,73.755,73.755,73.755,200
2026-07-15 06:18:00,73.8,73.8,73.8,73.8,121
2026-07-15 06:19:00,73.8,73.8,73.8,73.8,339
2026-07-15 06:24:00,73.6998,73.6998,73.6998,73.6998,127
2026-07-15 06:28:00,73.8,73.8,73.8,73.8,100
2026-07-15 06:29:00,73.81,73.81,73.81,73.81,100
2026-07-15 06:30:00,73.84,73.85,73.84,73.85,456
2026-07-15 06:31:00,73.88,73.88,73.88,73.88,100
2026-07-15 06:34:00,73.8825,73.9,73.8825,73.9,332
2026-07-15 06:35:00,73.87,73.87,73.87,73.87,480
2026-07-15 06:36:00,73.87,73.87,73.87,73.87,1284
2026-07-15 06:37:00,73.89,73.89,73.86,73.86,583
2026-07-15 06:39:00,73.9,73.9,73.9,73.9,750
2026-07-15 06:41:00,73.92,73.92,73.92,73.92,150
2026-07-15 06:42:00,73.92,73.92,73.92,73.92,150
2026-07-15 06:43:00,73.87,73.87,73.87,73.87,100
2026-07-15 06:44:00,73.95,73.95,73.8704,73.905,1000
2026-07-15 06:45:00,73.91,73.91,73.91,73.91,683
2026-07-15 06:46:00,73.87,73.87,73.87,73.87,100
2026-07-15 06:47:00,73.89,73.89,73.85,73.85,434
2026-07-15 06:48:00,73.8,73.8,73.8,73.8,100
2026-07-15 06:49:00,73.77,73.77,73.77,73.77,1284
2026-07-15 06:51:00,73.8,73.84,73.79,73.79,699
2026-07-15 06:57:00,73.78,73.78,73.78,73.78,100
2026-07-15 06:58:00,73.78,73.78,73.78,73.78,164
2026-07-15 06:59:00,73.8339,73.8339,73.8339,73.8339,100
2026-07-15 07:00:00,73.78,73.83,73.78,73.83,740
2026-07-15 07:01:00,73.71,73.84,73.71,73.736,2494
2026-07-15 07:02:00,73.8,73.8,73.8,73.8,200
2026-07-15 07:03:00,73.8363,73.8363,73.73,73.73,3778
2026-07-15 07:04:00,73.71,73.7819,73.71,73.7819,900
2026-07-15 07:07:00,73.78,73.78,73.78,73.78,550
2026-07-15 07:08:00,73.74,73.74,73.74,73.74,509
2026-07-15 07:10:00,73.75,73.75,73.7058,73.7058,2600
2026-07-15 07:11:00,73.7451,73.75,73.72,73.75,809
2026-07-15 07:12:00,73.78,73.78,73.75,73.75,2255
2026-07-15 07:13:00,73.72,73.8,73.71,73.7252,650
2026-07-15 07:14:00,73.73,73.76,73.73,73.76,3291
2026-07-15 07:15:00,73.76,73.7834,73.71,73.7834,400
2026-07-15 07:16:00,73.7592,73.7592,73.75,73.75,520
2026-07-15 07:17:00,73.72,73.77,73.7,73.7,3769
2026-07-15 07:18:00,73.6978,73.6978,73.6978,73.6978,300
2026-07-15 07:21:00,73.7009,73.7009,73.7009,73.7009,1800
2026-07-15 07:22:00,73.72,73.72,73.72,73.72,144
2026-07-15 07:23:00,73.735,73.735,73.735,73.735,100
2026-07-15 07:24:00,73.72,73.72,73.72,73.72,998
2026-07-15 07:25:00,73.7,73.7001,73.7,73.7001,400
2026-07-15 07:26:00,73.75,73.75,73.75,73.75,500
2026-07-15 07:27:00,73.75,73.75,73.74,73.74,1150
2026-07-15 07:28:00,73.711,73.711,73.711,73.711,100
2026-07-15 07:29:00,73.75,73.75,73.75,73.75,100
2026-07-15 07:30:00,73.76,73.76,73.76,73.76,1440
2026-07-15 07:33:00,73.77,73.77,73.77,73.77,100
2026-07-15 07:34:00,73.7949,73.7949,73.7518,73.7518,200
2026-07-15 07:40:00,73.77,73.8,73.77,73.8,1259
2026-07-15 07:43:00,73.82,73.82,73.8,73.8,850
2026-07-15 07:44:00,73.75,73.75,73.69,73.72,2525
2026-07-15 07:45:00,73.7,73.7,73.7,73.7,127
2026-07-15 07:46:00,73.71,73.71,73.69,73.69,325
2026-07-15 07:47:00,73.68,73.71,73.68,73.7,1431
2026-07-15 07:48:00,73.8,73.8,73.6579,73.6579,1300
2026-07-15 07:50:00,73.6717,73.6717,73.6717,73.6717,600
2026-07-15 07:52:00,73.79,73.79,73.79,73.79,100
2026-07-15 07:53:00,73.72,73.76,73.71,73.71,610
2026-07-15 07:54:00,73.6489,73.6489,73.6489,73.6489,300
2026-07-15 07:55:00,73.7,73.7,73.7,73.7,250
2026-07-15 07:56:00,73.6815,73.6815,73.6815,73.6815,105
2026-07-15 07:58:00,73.7394,73.7394,73.7394,73.7394,140
2026-07-15 07:59:00,73.73,73.74,73.73,73.7391,1080
2026-07-15 08:03:00,73.7201,73.74,73.7201,73.74,5025
2026-07-15 08:04:00,73.74,73.74,73.74,73.74,113
2026-07-15 08:06:00,73.7424,73.7424,73.73,73.73,235
2026-07-15 08:07:00,73.76,73.77,73.75,73.75,920
2026-07-15 08:10:00,73.79,73.79,73.775,73.775,200
2026-07-15 08:11:00,73.8073,73.8073,73.8,73.8,3650
2026-07-15 08:12:00,73.78,73.81,73.78,73.81,1800
2026-07-15 08:13:00,73.76,73.79,73.76,73.79,455
2026-07-15 08:14:00,73.78,73.78,73.78,73.78,100
2026-07-15 08:16:00,73.77,73.77,73.77,73.77,591
2026-07-15 08:17:00,73.79,73.79,73.753,73.7792,884
2026-07-15 08:18:00,73.7799,73.79,73.7701,73.79,3143
2026-07-15 08:19:00,73.78,73.78,73.74,73.74,3185
2026-07-15 08:20:00,73.74,73.74,73.74,73.74,100
2026-07-15 08:21:00,73.7438,73.7438,73.73,73.73,2615
2026-07-15 08:22:00,73.73,73.73,73.73,73.73,655
2026-07-15 08:23:00,73.72,73.75,73.72,73.75,2200
2026-07-15 08:24:00,73.74,73.74,73.74,73.74,300
2026-07-15 08:25:00,73.72,73.72,73.66,73.66,1251
2026-07-15 08:26:00,73.63,73.63,73.63,73.63,222
2026-07-15 08:28:00,73.7706,73.7706,73.61,73.61,248
2026-07-15 08:30:00,73.705,73.78,73.705,73.77,1370
2026-07-15 08:33:00,73.77,73.77,73.77,73.77,405
2026-07-15 08:34:00,73.8,73.81,73.7272,73.7272,2489
2026-07-15 08:35:00,73.8256,73.84,73.75,73.77,1638
2026-07-15 08:36:00,73.8183,73.8183,73.742,73.742,668
2026-07-15 08:37:00,73.813,73.8847,73.8,73.8847,5982
2026-07-15 08:38:00,73.86,73.93,73.8201,73.8201,3000
2026-07-15 08:39:00,73.88,73.9397,73.827,73.9397,7583
2026-07-15 08:40:00,73.9226,73.95,73.9226,73.95,844
2026-07-15 08:41:00,73.9326,73.96,73.9326,73.96,1683
2026-07-15 08:42:00,73.98,73.98,73.98,73.98,100
2026-07-15 08:43:00,73.99,74,73.91,73.92,4615
2026-07-15 08:44:00,73.9,73.9498,73.9,73.9498,1050
2026-07-15 08:45:00,73.95,73.95,73.94,73.94,631
2026-07-15 08:46:00,73.96,74,73.9,73.9892,2932
2026-07-15 08:47:00,73.93,74,73.93,73.95,1100
2026-07-15 08:48:00,73.98,73.9963,73.9595,73.96,1846
2026-07-15 08:49:00,73.98,74.04,73.98,74.035,5448
2026-07-15 08:50:00,74.0011,74.0011,74.0011,74.0011,1352
2026-07-15 08:51:00,74.024,74.07,74.01,74.03,7259
2026-07-15 08:52:00,74,74.04,74,74.0246,1633
2026-07-15 08:53:00,74.04,74.05,74.04,74.05,3249
2026-07-15 08:54:00,74.05,74.0592,74.02,74.0592,2837
2026-07-15 08:55:00,74.03,74.0572,74.0016,74.0444,4500
2026-07-15 08:56:00,74.02,74.0442,74.02,74.0442,360
2026-07-15 08:57:00,74.0052,74.05,74,74,1000
2026-07-15 08:58:00,74.025,74.05,74.01,74.05,1050
2026-07-15 08:59:00,74.0074,74.0074,73.95,73.95,9873
2026-07-15 09:00:00,73.95,73.9761,73.9,73.9761,1226
2026-07-15 09:01:00,73.92,73.9517,73.92,73.9517,3080
2026-07-15 09:02:00,73.98,73.98,73.97,73.9745,700
2026-07-15 09:03:00,73.972,73.9891,73.95,73.98,400
2026-07-15 09:04:00,74,74,73.98,73.98,276
2026-07-15 09:05:00,74,74,74,74,670
2026-07-15 09:06:00,73.98,73.98,73.98,73.98,100
2026-07-15 09:07:00,73.9708,74.04,73.9708,74.04,587
2026-07-15 09:08:00,74.02,74.04,74.02,74.0206,3112
2026-07-15 09:09:00,74.02,74.02,73.96,73.96,1596
2026-07-15 09:10:00,73.9991,73.9991,73.95,73.95,345
2026-07-15 09:11:00,73.9845,73.9845,73.96,73.96,416
2026-07-15 09:12:00,74,74,74,74,500
2026-07-15 09:14:00,74,74,73.9536,73.9536,506
2026-07-15 09:15:00,73.96,73.96,73.95,73.95,489
2026-07-15 09:16:00,73.97,73.97,73.97,73.97,1921
2026-07-15 09:17:00,73.97,73.97,73.95,73.95,2908
2026-07-15 09:18:00,73.9695,73.9695,73.9005,73.96,2580
2026-07-15 09:19:00,73.9694,73.9749,73.94,73.9749,4484
2026-07-15 09:20:00,73.95,73.95,73.9176,73.92,554
2026-07-15 09:21:00,73.9,73.9395,73.9,73.9,1314
2026-07-15 09:22:00,73.92,73.93,73.817,73.817,1334
2026-07-15 09:23:00,73.89,73.93,73.89,73.93,450
2026-07-15 09:25:00,73.92,74.01,73.92,74.01,4774
2026-07-15 09:26:00,74.0239,74.07,73.9904,74.07,1672
2026-07-15 09:27:00,74.0769,74.24,74,74,9579
2026-07-15 09:28:00,73.8,73.95,73.58,73.63,14041
2026-07-15 09:29:00,73.62,73.715,73.62,73.67,7395
2026-07-15 09:30:00,73.8,74.13,73.73,73.9681,852094
2026-07-15 09:31:00,73.9702,74.0799,73.68,73.68,103553
2026-07-15 09:32:00,73.685,73.86,73.55,73.76,144938
2026-07-15 09:33:00,73.735,73.91,73.7201,73.82,109098
2026-07-15 09:34:00,73.82,73.905,73.73,73.775,94844
2026-07-15 09:35:00,73.775,74.01,73.77,73.91,91169
2026-07-15 09:36:00,73.93,73.94,73.76,73.845,81946
2026-07-15 09:37:00,73.845,73.8799,73.73,73.76,68594
2026-07-15 09:38:00,73.77,73.91,73.75,73.77,62193
2026-07-15 09:39:00,73.78,73.865,73.72,73.835,88168
2026-07-15 09:40:00,73.8284,73.93,73.8,73.805,76932
2026-07-15 09:41:00,73.8,73.91,73.8,73.825,51978
2026-07-15 09:42:00,73.81,73.84,73.72,73.75,50815
2026-07-15 09:43:00,73.7551,73.77,73.66,73.7,50944
2026-07-15 09:44:00,73.7,73.8,73.6071,73.615,49210
2026-07-15 09:45:00,73.615,73.629,73.33,73.35,166471
2026-07-15 09:46:00,73.345,73.56,73.335,73.53,96305
2026-07-15 09:47:00,73.53,73.55,73.345,73.45,80993
2026-07-15 09:48:00,73.45,73.45,73.3,73.4,99440
2026-07-15 09:49:00,73.4,73.47,73.38,73.42,73458
2026-07-15 09:50:00,73.41,73.52,73.35,73.515,78469
2026-07-15 09:51:00,73.525,73.77,73.52,73.77,94019
2026-07-15 09:52:00,73.75,73.77,73.67,73.725,47802
2026-07-15 09:53:00,73.73,73.835,73.73,73.775,97952
2026-07-15 09:54:00,73.775,73.81,73.715,73.735,81504
2026-07-15 09:55:00,73.72,73.94,73.72,73.94,61154
2026-07-15 09:56:00,73.94,74.03,73.9301,73.965,61650
2026-07-15 09:57:00,73.965,73.9698,73.82,73.88,226902
2026-07-15 09:58:00,73.875,73.875,73.765,73.78,37685
2026-07-15 09:59:00,73.78,73.8,73.7,73.73,83288
2026-07-15 10:00:00,73.73,73.925,73.73,73.925,54137
2026-07-15 10:01:00,73.925,74.05,73.92,74.0499,70607
2026-07-15 10:02:00,74.04,74.16,73.925,74.15,84753
2026-07-15 10:03:00,74.16,74.1899,74.105,74.175,34589
2026-07-15 10:04:00,74.175,74.22,74.11,74.21,70212
2026-07-15 10:05:00,74.21,74.37,74.2,74.32,85927
2026-07-15 10:06:00,74.31,74.38,74.24,74.245,60767
2026-07-15 10:07:00,74.245,74.25,74.155,74.16,57478
2026-07-15 10:08:00,74.16,74.295,74.12,74.29,42555
2026-07-15 10:09:00,74.295,74.42,74.26,74.39,124105
2026-07-15 10:10:00,74.39,74.4101,74.32,74.34,46572
2026-07-15 10:11:00,74.36,74.4,74.265,74.29,25532
2026-07-15 10:12:00,74.28,74.3,74.2274,74.26,47484
2026-07-15 10:13:00,74.2694,74.38,74.23,74.36,58122
2026-07-15 10:14:00,74.36,74.4,74.3354,74.3354,71471
2026-07-15 10:15:00,74.34,74.45,74.34,74.43,46751
2026-07-15 10:16:00,74.43,74.485,74.328,74.4299,73330
2026-07-15 10:17:00,74.43,74.49,74.365,74.49,83855
2026-07-15 10:18:00,74.49,74.5085,74.425,74.49,76144
2026-07-15 10:19:00,74.49,74.58,74.47,74.535,89252
2026-07-15 10:20:00,74.54,74.74,74.53,74.66,118847
2026-07-15 10:21:00,74.665,74.84,74.6245,74.815,121793
2026-07-15 10:22:00,74.82,74.96,74.82,74.9451,96461
2026-07-15 10:23:00,74.945,75.06,74.9102,74.95,169255
2026-07-15 10:24:00,74.945,74.945,74.85,74.92,89150
2026-07-15 10:25:00,74.915,75.02,74.88,74.935,57949
2026-07-15 10:26:00,74.92,74.93,74.84,74.84,66162
2026-07-15 10:27:00,74.84,74.8599,74.69,74.7,106801
2026-07-15 10:28:00,74.69,74.7899,74.69,74.78,56846
2026-07-15 10:29:00,74.7883,74.8,74.73,74.74,63110
2026-07-15 10:30:00,74.76,74.77,74.71,74.715,36730
2026-07-15 10:31:00,74.71,74.825,74.7,74.825,49853
2026-07-15 10:32:00,74.83,74.915,74.815,74.825,60355
2026-07-15 10:33:00,74.82,74.82,74.61,74.62,90526
2026-07-15 10:34:00,74.62,74.6398,74.55,74.59,79930
2026-07-15 10:35:00,74.59,74.71,74.59,74.685,59964
2026-07-15 10:36:00,74.7,74.73,74.6639,74.68,42075
2026-07-15 10:37:00,74.675,74.72,74.63,74.695,76447
2026-07-15 10:38:00,74.7,74.8199,74.7,74.795,49043
2026-07-15 10:39:00,74.79,74.84,74.77,74.83,45298
2026-07-15 10:40:00,74.835,74.89,74.8,74.8,36918
2026-07-15 10:41:00,74.81,74.81,74.6,74.6,51699
2026-07-15 10:42:00,74.6001,74.6751,74.5701,74.65,53621
2026-07-15 10:43:00,74.64,74.65,74.535,74.54,36241
2026-07-15 10:44:00,74.54,74.54,74.33,74.36,81802
2026-07-15 10:45:00,74.36,74.4,74.3,74.35,36160
2026-07-15 10:46:00,74.35,74.405,74.335,74.365,42554
2026-07-15 10:47:00,74.36,74.36,74.23,74.235,65814
2026-07-15 10:48:00,74.23,74.29,74.23,74.275,33327
2026-07-15 10:49:00,74.27,74.27,74.08,74.095,57004
2026-07-15 10:50:00,74.0884,74.2,74.065,74.2,37087
2026-07-15 10:51:00,74.2,74.3,74.17,74.28,46970
2026-07-15 10:52:00,74.28,74.31,74.23,74.3,37328
2026-07-15 10:53:00,74.29,74.39,74.275,74.37,47845
2026-07-15 10:54:00,74.37,74.38,74.315,74.335,30674
2026-07-15 10:55:00,74.335,74.415,74.32,74.4,46430
2026-07-15 10:56:00,74.39,74.48,74.375,74.39,57502
2026-07-15 10:57:00,74.398,74.48,74.398,74.47,29504
2026-07-15 10:58:00,74.47,74.5,74.415,74.415,30692
2026-07-15 10:59:00,74.41,74.46,74.3601,74.405,67217
2026-07-15 11:00:00,74.4,74.43,74.365,74.41,75384
2026-07-15 11:01:00,74.415,74.4253,74.37,74.4,36800
2026-07-15 11:02:00,74.395,74.45,74.38,74.42,43014
2026-07-15 11:03:00,74.43,74.44,74.3,74.3051,49658
2026-07-15 11:04:00,74.3,74.335,74.27,74.275,58424
2026-07-15 11:05:00,74.275,74.3,74.255,74.265,21455
2026-07-15 11:06:00,74.26,74.335,74.25,74.3,52180
2026-07-15 11:07:00,74.295,74.32,74.245,74.245,38885
2026-07-15 11:08:00,74.24,74.24,74.135,74.155,80505
2026-07-15 11:09:00,74.16,74.1837,74.145,74.17,69258
2026-07-15 11:10:00,74.175,74.2275,74.16,74.2044,48287
2026-07-15 11:11:00,74.205,74.255,74.19,74.245,48842
2026-07-15 11:12:00,74.245,74.3,74.24,74.265,54378
2026-07-15 11:13:00,74.2698,74.305,74.23,74.28,115239
2026-07-15 11:14:00,74.28,74.31,74.265,74.28,32713
2026-07-15 11:15:00,74.275,74.29,74.225,74.225,45016
2026-07-15 11:16:00,74.225,74.27,74.21,74.2382,47035
2026-07-15 11:17:00,74.235,74.24,74.175,74.2,54886
2026-07-15 11:18:00,74.19,74.205,74.16,74.205,56682
2026-07-15 11:19:00,74.2076,74.25,74.165,74.25,33194
2026-07-15 11:20:00,74.25,74.385,74.245,74.37,47367
2026-07-15 11:21:00,74.38,74.42,74.335,74.39,71215
2026-07-15 11:22:00,74.3861,74.42,74.38,74.4099,60983
2026-07-15 11:23:00,74.405,74.43,74.375,74.395,28820
2026-07-15 11:24:00,74.395,74.42,74.31,74.33,130952
2026-07-15 11:25:00,74.325,74.33,74.295,74.315,35946
2026-07-15 11:26:00,74.315,74.42,74.315,74.42,40340
2026-07-15 11:27:00,74.41,74.415,74.34,74.355,25619
2026-07-15 11:28:00,74.35,74.35,74.24,74.245,57779
2026-07-15 11:29:00,74.24,74.24,74.18,74.215,53823
2026-07-15 11:30:00,74.22,74.245,74.19,74.22,47866
2026-07-15 11:31:00,74.2208,74.2999,74.22,74.275,32348
2026-07-15 11:32:00,74.28,74.295,74.255,74.255,44569
2026-07-15 11:33:00,74.255,74.2599,74.21,74.215,36033
2026-07-15 11:34:00,74.215,74.34,74.2,74.34,140536
2026-07-15 11:35:00,74.335,74.38,74.285,74.38,51291
2026-07-15 11:36:00,74.375,74.41,74.2301,74.255,56213
2026-07-15 11:37:00,74.255,74.295,74.245,74.29,30306
2026-07-15 11:38:00,74.3,74.38,74.285,74.365,45879
2026-07-15 11:39:00,74.365,74.3701,74.335,74.345,27927
2026-07-15 11:40:00,74.345,74.39,74.3125,74.39,46257
2026-07-15 11:41:00,74.39,74.4,74.355,74.39,34717
2026-07-15 11:42:00,74.39,74.4,74.3636,74.375,35569
2026-07-15 11:43:00,74.3799,74.39,74.365,74.39,24645
2026-07-15 11:44:00,74.385,74.435,74.385,74.425,55307
2026-07-15 11:45:00,74.425,74.53,74.425,74.5,37602
2026-07-15 11:46:00,74.505,74.52,74.455,74.48,40984
2026-07-15 11:47:00,74.48,74.49,74.435,74.435,27474
2026-07-15 11:48:00,74.43,74.43,74.305,74.31,53302
2026-07-15 11:49:00,74.32,74.3399,74.23,74.255,52622
2026-07-15 11:50:00,74.255,74.37,74.255,74.33,37335
2026-07-15 11:51:00,74.325,74.4,74.315,74.385,15699
2026-07-15 11:52:00,74.385,74.405,74.384,74.395,21997
2026-07-15 11:53:00,74.395,74.405,74.36,74.38,40510
2026-07-15 11:54:00,74.37,74.4289,74.36,74.4221,42524
2026-07-15 11:55:00,74.425,74.425,74.351,74.37,49082
2026-07-15 11:56:00,74.37,74.3999,74.355,74.385,35908
2026-07-15 11:57:00,74.38,74.41,74.34,74.345,87523
2026-07-15 11:58:00,74.345,74.37,74.325,74.325,48237
2026-07-15 11:59:00,74.325,74.36,74.28,74.32,86090
2026-07-15 12:00:00,74.32,74.33,74.265,74.305,58584
2026-07-15 12:01:00,74.3017,74.315,74.2629,74.27,29019
2026-07-15 12:02:00,74.275,74.2851,74.21,74.26,31074
2026-07-15 12:03:00,74.258,74.26,74.192,74.2,37863
2026-07-15 12:04:00,74.205,74.245,74.18,74.18,38786
2026-07-15 12:05:00,74.185,74.215,74.16,74.215,54832
2026-07-15 12:06:00,74.215,74.245,74.195,74.215,72356
2026-07-15 12:07:00,74.21,74.265,74.205,74.255,84868
2026-07-15 12:08:00,74.255,74.28,74.23,74.23,43526
2026-07-15 12:09:00,74.23,74.26,74.225,74.225,31470
2026-07-15 12:10:00,74.22,74.295,74.21,74.27,50093
2026-07-15 12:11:00,74.275,74.31,74.265,74.305,45727
2026-07-15 12:12:00,74.305,74.31,74.27,74.275,34429
2026-07-15 12:13:00,74.2797,74.31,74.26,74.2923,45100
2026-07-15 12:14:00,74.3,74.31,74.235,74.235,77196
2026-07-15 12:15:00,74.23,74.26,74.2101,74.225,49117
2026-07-15 12:16:00,74.23,74.23,74.18,74.2,33354
2026-07-15 12:17:00,74.1964,74.1964,74.16,74.18,72233
2026-07-15 12:18:00,74.17,74.2,74.16,74.18,37302
2026-07-15 12:19:00,74.18,74.255,74.175,74.235,35087
2026-07-15 12:20:00,74.235,74.29,74.225,74.245,39975
2026-07-15 12:21:00,74.25,74.26,74.22,74.225,34344
2026-07-15 12:22:00,74.22,74.22,74.065,74.2,103524
2026-07-15 12:23:00,74.2,74.255,74.19,74.2161,31209
2026-07-15 12:24:00,74.23,74.325,74.23,74.325,83595
2026-07-15 12:25:00,74.325,74.3287,74.295,74.325,34960
2026-07-15 12:26:00,74.325,74.33,74.275,74.29,45455
2026-07-15 12:27:00,74.28,74.28,74.2,74.225,49393
2026-07-15 12:28:00,74.22,74.23,74.17,74.185,52762
2026-07-15 12:29:00,74.1801,74.19,74.14,74.175,75361
2026-07-15 12:30:00,74.18,74.25,74.145,74.25,50823
2026-07-15 12:31:00,74.25,74.31,74.25,74.305,32680
2026-07-15 12:32:00,74.309,74.35,74.3,74.33,42537
2026-07-15 12:33:00,74.335,74.38,74.3199,74.38,37765
2026-07-15 12:34:00,74.37,74.38,74.31,74.33,67132
2026-07-15 12:35:00,74.34,74.38,74.33,74.3442,47319
2026-07-15 12:36:00,74.34,74.365,74.325,74.3575,32173
2026-07-15 12:37:00,74.35,74.36,74.31,74.3259,46515
2026-07-15 12:38:00,74.33,74.345,74.26,74.345,67445
2026-07-15 12:39:00,74.34,74.34,74.3099,74.325,25683
2026-07-15 12:40:00,74.32,74.32,74.25,74.28,51163
2026-07-15 12:41:00,74.285,74.305,74.21,74.225,39789
2026-07-15 12:42:00,74.22,74.235,74.2,74.235,36908
2026-07-15 12:43:00,74.23,74.245,74.175,74.195,36506
2026-07-15 12:44:00,74.195,74.25,74.195,74.235,28236
2026-07-15 12:45:00,74.235,74.245,74.19,74.23,37687
2026-07-15 12:46:00,74.23,74.25,74.17,74.21,84887
2026-07-15 12:47:00,74.2,74.255,74.2,74.215,26360
2026-07-15 12:48:00,74.22,74.24,74.18,74.205,40966
2026-07-15 12:49:00,74.2,74.2,74.135,74.1948,46854
2026-07-15 12:50:00,74.19,74.255,74.18,74.23,27497
2026-07-15 12:51:00,74.24,74.24,74.16,74.165,17062
2026-07-15 12:52:00,74.16,74.185,74.11,74.115,61490
2026-07-15 12:53:00,74.115,74.135,74.1,74.105,37066
2026-07-15 12:54:00,74.1,74.155,74.1,74.12,26638
2026-07-15 12:55:00,74.1272,74.17,74.12,74.13,29493
2026-07-15 12:56:00,74.13,74.26,74.125,74.24,45262
2026-07-15 12:57:00,74.23,74.23,74.17,74.17,20875
2026-07-15 12:58:00,74.17,74.2,74.145,74.1764,26732
2026-07-15 12:59:00,74.195,74.225,74.19,74.225,14060
2026-07-15 13:00:00,74.225,74.245,74.19,74.1999,23903
2026-07-15 13:01:00,74.19,74.205,74.155,74.185,15423
2026-07-15 13:02:00,74.185,74.21,74.165,74.195,14412
2026-07-15 13:03:00,74.1901,74.195,74.145,74.18,23256
2026-07-15 13:04:00,74.17,74.24,74.155,74.23,19664
2026-07-15 13:05:00,74.23,74.23,74.195,74.205,33569
2026-07-15 13:06:00,74.2,74.205,74.15,74.18,25549
2026-07-15 13:07:00,74.18,74.18,74.16,74.1701,13864
2026-07-15 13:08:00,74.17,74.17,74.14,74.17,25085
2026-07-15 13:09:00,74.165,74.19,74.16,74.165,18275
2026-07-15 13:10:00,74.16,74.1798,74.125,74.15,24440
2026-07-15 13:11:00,74.145,74.17,74.125,74.155,26234
2026-07-15 13:12:00,74.155,74.17,74.125,74.135,24079
2026-07-15 13:13:00,74.13,74.13,74.085,74.11,40752
2026-07-15 13:14:00,74.1,74.175,74.085,74.17,21066
2026-07-15 13:15:00,74.17,74.175,74.15,74.165,26370
2026-07-15 13:16:00,74.165,74.175,74.13,74.135,15769
2026-07-15 13:17:00,74.13,74.13,74.04,74.04,40446
2026-07-15 13:18:00,74.04,74.065,74.02,74.03,24419
2026-07-15 13:19:00,74.03,74.03,74,74.03,48259
2026-07-15 13:20:00,74.025,74.05,73.98,74.0199,61164
2026-07-15 13:21:00,74.03,74.04,73.985,74.015,23884
2026-07-15 13:22:00,74.015,74.03,73.9701,73.99,24191
2026-07-15 13:23:00,73.985,73.9899,73.92,73.945,38179
2026-07-15 13:24:00,73.9475,73.955,73.905,73.905,31023
2026-07-15 13:25:00,73.9,73.925,73.855,73.87,51495
2026-07-15 13:26:00,73.875,73.89,73.8205,73.825,26726
2026-07-15 13:27:00,73.83,73.89,73.825,73.88,60348
2026-07-15 13:28:00,73.885,73.975,73.83,73.96,57182
2026-07-15 13:29:00,73.955,73.97,73.91,73.93,51444
2026-07-15 13:30:00,73.935,73.975,73.91,73.975,33884
2026-07-15 13:31:00,73.965,74.035,73.965,74.02,41244
2026-07-15 13:32:00,74.02,74.05,73.95,73.98,87023
2026-07-15 13:33:00,73.97,73.975,73.92,73.935,34097
2026-07-15 13:34:00,73.93,73.94,73.91,73.925,33188
2026-07-15 13:35:00,73.925,73.9451,73.9001,73.9451,21951
2026-07-15 13:36:00,73.95,73.965,73.925,73.925,21011
2026-07-15 13:37:00,73.9251,73.93,73.89,73.9,30955
2026-07-15 13:38:00,73.905,73.94,73.9044,73.935,25912
2026-07-15 13:39:00,73.935,73.94,73.895,73.9,36258
2026-07-15 13:40:00,73.9,73.93,73.85,73.905,124992
2026-07-15 13:41:00,73.905,73.91,73.81,73.84,54073
2026-07-15 13:42:00,73.835,73.865,73.83,73.865,41811
2026-07-15 13:43:00,73.86,73.875,73.82,73.825,25326
2026-07-15 13:44:00,73.83,73.84,73.81,73.825,15309
2026-07-15 13:45:00,73.825,73.825,73.76,73.76,35133
2026-07-15 13:46:00,73.765,73.775,73.7,73.73,38053
2026-07-15 13:47:00,73.74,73.77,73.715,73.755,33345
2026-07-15 13:48:00,73.75,73.75,73.69,73.6901,22032
2026-07-15 13:49:00,73.69,73.715,73.66,73.705,32295
2026-07-15 13:50:00,73.705,73.71,73.675,73.695,23075
2026-07-15 13:51:00,73.6958,73.74,73.695,73.715,30167
2026-07-15 13:52:00,73.715,73.765,73.715,73.74,36311
2026-07-15 13:53:00,73.74,73.7791,73.735,73.775,15021
2026-07-15 13:54:00,73.78,73.8099,73.7729,73.8,42657
2026-07-15 13:55:00,73.81,73.81,73.74,73.75,30842
2026-07-15 13:56:00,73.755,73.76,73.7201,73.735,28337
2026-07-15 13:57:00,73.735,73.78,73.725,73.735,19671
2026-07-15 13:58:00,73.7399,73.785,73.72,73.765,53777
2026-07-15 13:59:00,73.765,73.81,73.765,73.8,36718
2026-07-15 14:00:00,73.82,73.82,73.76,73.7699,26225
2026-07-15 14:01:00,73.76,73.78,73.75,73.755,19643
2026-07-15 14:02:00,73.75,73.78,73.7328,73.745,33822
2026-07-15 14:03:00,73.745,73.75,73.71,73.745,39622
2026-07-15 14:04:00,73.74,73.76,73.73,73.7502,21851
2026-07-15 14:05:00,73.75,73.8874,73.75,73.8284,53324
2026-07-15 14:06:00,73.825,73.85,73.815,73.82,17422
2026-07-15 14:07:00,73.83,73.84,73.7804,73.8351,28074
2026-07-15 14:08:00,73.83,73.86,73.82,73.85,22302
2026-07-15 14:09:00,73.84,73.84,73.79,73.8003,27364
2026-07-15 14:10:00,73.805,73.84,73.795,73.835,18845
2026-07-15 14:11:00,73.84,73.9,73.83,73.8999,18917
2026-07-15 14:12:00,73.89,73.98,73.88,73.98,23053
2026-07-15 14:13:00,73.97,74.035,73.96,73.985,48684
2026-07-15 14:14:00,73.98,73.985,73.885,73.9585,58273
2026-07-15 14:15:00,73.95,74,73.945,73.96,20155
2026-07-15 14:16:00,73.965,73.985,73.95,73.98,27437
2026-07-15 14:17:00,73.972,73.99,73.9613,73.9656,29813
2026-07-15 14:18:00,73.97,73.98,73.92,73.92,75476
2026-07-15 14:19:00,73.91,73.925,73.87,73.8878,46269
2026-07-15 14:20:00,73.8801,73.905,73.875,73.875,15063
2026-07-15 14:21:00,73.88,73.905,73.85,73.905,25709
2026-07-15 14:22:00,73.9,73.93,73.865,73.915,29294
2026-07-15 14:23:00,73.915,73.92,73.87,73.875,31534
2026-07-15 14:24:00,73.875,73.875,73.84,73.845,29164
2026-07-15 14:25:00,73.845,73.845,73.79,73.795,30611
2026-07-15 14:26:00,73.795,73.81,73.78,73.795,19711
2026-07-15 14:27:00,73.795,73.82,73.795,73.81,21433
2026-07-15 14:28:00,73.815,73.82,73.785,73.815,22488
2026-07-15 14:29:00,73.815,73.86,73.805,73.855,39234
2026-07-15 14:30:00,73.85,73.91,73.83,73.905,41969
2026-07-15 14:31:00,73.905,73.935,73.895,73.915,25738
2026-07-15 14:32:00,73.91,73.91,73.845,73.865,23083
2026-07-15 14:33:00,73.86,73.875,73.845,73.865,20503
2026-07-15 14:34:00,73.86,73.8965,73.84,73.885,31695
2026-07-15 14:35:00,73.8871,73.925,73.885,73.925,43760
2026-07-15 14:36:00,73.9201,73.94,73.9,73.925,56854
2026-07-15 14:37:00,73.93,73.9451,73.91,73.94,28546
2026-07-15 14:38:00,73.93,73.97,73.915,73.965,29022
2026-07-15 14:39:00,73.9696,73.99,73.95,73.955,41084
2026-07-15 14:40:00,73.955,73.99,73.95,73.9798,15784
2026-07-15 14:41:00,73.97,73.9899,73.96,73.9899,25585
2026-07-15 14:42:00,73.985,73.985,73.95,73.955,21290
2026-07-15 14:43:00,73.95,73.97,73.94,73.945,22277
2026-07-15 14:44:00,73.945,73.96,73.93,73.945,33472
2026-07-15 14:45:00,73.94,73.95,73.915,73.92,28206
2026-07-15 14:46:00,73.91,73.93,73.87,73.89,48845
2026-07-15 14:47:00,73.9,73.91,73.825,73.83,47834
2026-07-15 14:48:00,73.83,73.845,73.81,73.82,33930
2026-07-15 14:49:00,73.82,73.82,73.765,73.775,40541
2026-07-15 14:50:00,73.78,73.82,73.75,73.82,50477
2026-07-15 14:51:00,73.82,73.89,73.815,73.86,41651
2026-07-15 14:52:00,73.86,73.88,73.85,73.86,26310
2026-07-15 14:53:00,73.85,73.85,73.82,73.825,79427
2026-07-15 14:54:00,73.825,73.83,73.81,73.825,18529
2026-07-15 14:55:00,73.82,73.835,73.76,73.78,51359
2026-07-15 14:56:00,73.785,73.82,73.78,73.805,42111
2026-07-15 14:57:00,73.805,73.835,73.775,73.7899,75905
2026-07-15 14:58:00,73.78,73.85,73.77,73.845,69882
2026-07-15 14:59:00,73.84,73.86,73.81,73.815,31607
2026-07-15 15:00:00,73.815,73.82,73.8,73.8059,30249
2026-07-15 15:01:00,73.805,73.825,73.79,73.815,45039
2026-07-15 15:02:00,73.81,73.82,73.79,73.795,45727
2026-07-15 15:03:00,73.79,73.79,73.66,73.68,68955
2026-07-15 15:04:00,73.68,73.7,73.645,73.685,76521
2026-07-15 15:05:00,73.68,73.68,73.54,73.55,104406
2026-07-15 15:06:00,73.55,73.56,73.46,73.475,191292
2026-07-15 15:07:00,73.475,73.52,73.47,73.505,58860
2026-07-15 15:08:00,73.5078,73.57,73.49,73.555,60815
2026-07-15 15:09:00,73.55,73.57,73.465,73.465,88563
2026-07-15 15:10:00,73.4601,73.47,73.43,73.44,52860
2026-07-15 15:11:00,73.435,73.435,73.39,73.415,53129
2026-07-15 15:12:00,73.415,73.46,73.4,73.425,61347
2026-07-15 15:13:00,73.425,73.45,73.4,73.435,56852
2026-07-15 15:14:00,73.435,73.455,73.42,73.435,49011
2026-07-15 15:15:00,73.425,73.46,73.405,73.41,47654
2026-07-15 15:16:00,73.415,73.425,73.35,73.36,47255
2026-07-15 15:17:00,73.365,73.375,73.32,73.3284,51071
2026-07-15 15:18:00,73.3299,73.36,73.28,73.355,68461
2026-07-15 15:19:00,73.3508,73.425,73.345,73.375,72720
2026-07-15 15:20:00,73.375,73.435,73.3519,73.43,77457
2026-07-15 15:21:00,73.43,73.43,73.35,73.375,36680
2026-07-15 15:22:00,73.375,73.4054,73.35,73.365,48690
2026-07-15 15:23:00,73.375,73.42,73.375,73.405,35132
2026-07-15 15:24:00,73.405,73.41,73.37,73.385,36273
2026-07-15 15:25:00,73.38,73.43,73.365,73.425,40573
2026-07-15 15:26:00,73.43,73.45,73.4,73.405,51380
2026-07-15 15:27:00,73.41,73.41,73.34,73.36,64782
2026-07-15 15:28:00,73.35,73.36,73.325,73.335,47867
2026-07-15 15:29:00,73.335,73.37,73.33,73.33,66239
2026-07-15 15:30:00,73.325,73.33,73.225,73.225,107000
2026-07-15 15:31:00,73.2299,73.26,73.2,73.2,82973
2026-07-15 15:32:00,73.2,73.21,73.13,73.17,94328
2026-07-15 15:33:00,73.175,73.215,73.17,73.215,55733
2026-07-15 15:34:00,73.215,73.265,73.2,73.215,78742
2026-07-15 15:35:00,73.22,73.27,73.215,73.265,48261
2026-07-15 15:36:00,73.26,73.285,73.22,73.2736,56180
2026-07-15 15:37:00,73.27,73.295,73.26,73.295,46228
2026-07-15 15:38:00,73.295,73.3,73.26,73.275,38834
2026-07-15 15:39:00,73.275,73.31,73.275,73.2901,39406
2026-07-15 15:40:00,73.3,73.33,73.285,73.32,32614
2026-07-15 15:41:00,73.315,73.345,73.31,73.3385,42834
2026-07-15 15:42:00,73.32,73.32,73.2449,73.245,75437
2026-07-15 15:43:00,73.24,73.28,73.215,73.26,57419
2026-07-15 15:44:00,73.255,73.28,73.24,73.275,43115
2026-07-15 15:45:00,73.27,73.31,73.265,73.265,49429
2026-07-15 15:46:00,73.265,73.29,73.26,73.275,45809
2026-07-15 15:47:00,73.2778,73.28,73.23,73.24,60480
2026-07-15 15:48:00,73.24,73.26,73.22,73.245,60012
2026-07-15 15:49:00,73.245,73.3461,73.24,73.345,83552
2026-07-15 15:50:00,73.34,73.35,73.2501,73.29,120745
2026-07-15 15:51:00,73.29,73.375,73.28,73.335,83905
2026-07-15 15:52:00,73.335,73.425,73.33,73.4,68961
2026-07-15 15:53:00,73.4,73.41,73.33,73.375,109376
2026-07-15 15:54:00,73.375,73.425,73.35,73.42,142400
2026-07-15 15:55:00,73.42,73.61,73.42,73.605,176716
2026-07-15 15:56:00,73.6,73.655,73.59,73.615,140578
2026-07-15 15:57:00,73.61,73.66,73.59,73.65,160440
2026-07-15 15:58:00,73.65,73.69,73.6,73.605,327660
2026-07-15 15:59:00,73.61,73.69,73.585,73.67,573255
2026-07-15 16:00:00,73.68,73.73,73.63,73.73,3871917
2026-07-15 16:01:00,73.7,73.8109,73.7,73.8109,4813
2026-07-15 16:02:00,73.76,73.85,73.75,73.77,18575
2026-07-15 16:03:00,73.8,73.85,73.75,73.8,13600
2026-07-15 16:04:00,73.75,73.8,73.68,73.8,7984
2026-07-15 16:05:00,73.75,73.8,73.7,73.77,12164
2026-07-15 16:06:00,73.72,73.72,73.7,73.72,2729
2026-07-15 16:07:00,73.7123,73.7123,73.7101,73.7101,404
2026-07-15 16:08:00,73.7199,73.72,73.71,73.72,12996
2026-07-15 16:09:00,73.76,73.8,73.76,73.79,11150
2026-07-15 16:10:00,73.74,73.74,73.7,73.7,2260
2026-07-15 16:11:00,73.7,73.72,73.68,73.72,118263
2026-07-15 16:12:00,73.71,73.71,73.705,73.705,700
2026-07-15 16:13:00,73.705,73.71,73.7001,73.7002,400
2026-07-15 16:14:00,73.7,73.71,73.7,73.7015,2500
2026-07-15 16:15:00,73.7097,73.7097,73.67,73.6819,4740
2026-07-15 16:16:00,73.6819,73.69,73.6819,73.69,301
2026-07-15 16:17:00,73.69,73.69,73.68,73.6804,1050
2026-07-15 16:18:00,73.6885,73.69,73.6801,73.6898,2100
2026-07-15 16:19:00,73.6802,73.69,73.6706,73.6706,3000
2026-07-15 16:20:00,73.69,73.77,73.6811,73.6811,7395
2026-07-15 16:21:00,73.77,73.77,73.681,73.73,1097
2026-07-15 16:22:00,73.72,73.8,73.72,73.77,2087
2026-07-15 16:23:00,73.75,73.7578,73.75,73.7578,1000
2026-07-15 16:24:00,73.75,73.75,73.67,73.7001,2533
2026-07-15 16:25:00,73.75,73.79,73.75,73.79,804
2026-07-15 16:26:00,73.75,73.79,73.75,73.78,10721
2026-07-15 16:27:00,73.78,73.79,73.77,73.79,876
2026-07-15 16:28:00,73.68,73.745,73.68,73.745,300
2026-07-15 16:29:00,73.75,73.8,73.75,73.8,985
2026-07-15 16:30:00,73.74,73.74,73.74,73.74,420
2026-07-15 16:32:00,73.75,73.75,73.7,73.7,1090
2026-07-15 16:33:00,73.7,73.7999,73.7,73.76,1100
2026-07-15 16:35:00,73.75,73.75,73.75,73.75,291
2026-07-15 16:36:00,73.7992,73.8,73.7992,73.7998,3186
2026-07-15 16:37:00,73.75,73.75,73.75,73.75,100
2026-07-15 16:38:00,73.7562,73.7562,73.7562,73.7562,100
2026-07-15 16:39:00,73.7596,73.7596,73.7596,73.7596,100
2026-07-15 16:40:00,73.7899,73.7899,73.7899,73.7899,300
2026-07-15 16:41:00,73.7242,73.78,73.7242,73.7799,2300
2026-07-15 16:42:00,73.7582,73.7582,73.7582,73.7582,100
2026-07-15 16:43:00,73.7738,73.7784,73.7401,73.7401,2457
2026-07-15 16:44:00,73.75,73.75,73.75,73.75,1100
2026-07-15 16:45:00,73.78,73.78,73.74,73.74,371
2026-07-15 16:46:00,73.74,73.7782,73.74,73.7782,426
2026-07-15 16:47:00,73.75,73.78,73.75,73.76,1987
2026-07-15 16:48:00,73.78,73.78,73.7536,73.7536,350
2026-07-15 16:50:00,73.7045,73.76,73.7045,73.76,1681
2026-07-15 16:51:00,73.7575,73.7769,73.7575,73.76,1333
2026-07-15 16:52:00,73.7783,73.78,73.76,73.76,1900
2026-07-15 16:53:00,73.77,73.7792,73.77,73.7769,410
2026-07-15 16:54:00,73.8,73.8,73.78,73.78,700
2026-07-15 16:55:00,73.7899,73.7899,73.7895,73.7895,1450
2026-07-15 16:56:00,73.7604,73.8005,73.7604,73.8,3637
2026-07-15 16:57:00,73.84,73.84,73.84,73.84,542
2026-07-15 16:58:00,73.8067,73.8067,73.8067,73.8067,136
2026-07-15 16:59:00,73.8013,73.83,73.8013,73.83,541
2026-07-15 17:00:00,73.8494,73.8494,73.8494,73.8494,130
2026-07-15 17:01:00,73.85,73.85,73.83,73.84,4463
2026-07-15 17:02:00,73.83,73.86,73.8,73.86,941
2026-07-15 17:03:00,73.83,73.83,73.83,73.83,1000
2026-07-15 17:04:00,73.8,73.8398,73.8,73.8398,900
2026-07-15 17:05:00,73.832,73.832,73.8062,73.8062,225
2026-07-15 17:06:00,73.8369,73.8369,73.8369,73.8369,100
2026-07-15 17:07:00,73.8286,73.8286,73.8254,73.8254,400
2026-07-15 17:08:00,73.83,73.85,73.8293,73.85,738
2026-07-15 17:09:00,73.86,73.87,73.85,73.85,626
2026-07-15 17:10:00,73.865,73.865,73.8,73.81,6670
2026-07-15 17:11:00,73.8559,73.8559,73.8559,73.8559,275
2026-07-15 17:12:00,73.86,73.87,73.8107,73.8107,2063
2026-07-15 17:13:00,73.85,73.85,73.8167,73.8167,226
2026-07-15 17:14:00,73.85,73.85,73.8438,73.8438,200
2026-07-15 17:16:00,73.849,73.849,73.8146,73.84,2098
2026-07-15 17:17:00,73.84,73.84,73.8,73.8,2311
2026-07-15 17:18:00,73.8351,73.84,73.82,73.84,1500
2026-07-15 17:19:00,73.8393,73.8393,73.8393,73.8393,385
2026-07-15 17:20:00,73.8004,73.84,73.8004,73.8387,4600
2026-07-15 17:21:00,73.84,73.84,73.83,73.83,212
2026-07-15 17:22:00,73.8385,73.84,73.8,73.84,1071
2026-07-15 17:23:00,73.8077,73.85,73.8077,73.8108,2085
2026-07-15 17:24:00,73.83,73.85,73.83,73.85,1811
2026-07-15 17:25:00,73.85,73.85,73.85,73.85,100
2026-07-15 17:26:00,73.82,73.87,73.8,73.84,3677
2026-07-15 17:27:00,73.85,73.904,73.85,73.904,1634
2026-07-15 17:28:00,73.83,73.92,73.83,73.92,449
2026-07-15 17:29:00,73.85,73.92,73.85,73.92,829
2026-07-15 17:30:00,73.85,73.85,73.85,73.85,950
2026-07-15 17:31:00,73.8003,73.85,73.8003,73.85,663
2026-07-15 17:32:00,73.82,73.85,73.81,73.85,700
2026-07-15 17:33:00,73.82,73.82,73.82,73.82,100
2026-07-15 17:34:00,73.84,73.84,73.84,73.84,150
2026-07-15 17:35:00,73.85,73.85,73.8,73.8,435
2026-07-15 17:37:00,73.84,73.85,73.84,73.85,415
2026-07-15 17:39:00,73.8013,73.8013,73.8,73.8,290
2026-07-15 17:40:00,73.9,73.9,73.8014,73.83,8044
2026-07-15 17:41:00,73.9,73.9,73.9,73.9,100
2026-07-15 17:43:00,73.85,73.8873,73.85,73.8873,733
2026-07-15 17:44:00,73.85,73.85,73.8282,73.8282,400
2026-07-15 17:45:00,73.8008,73.84,73.8008,73.84,200
2026-07-15 17:46:00,73.8507,73.8518,73.8507,73.8518,825
2026-07-15 17:48:00,73.85,73.85,73.85,73.85,100
2026-07-15 17:49:00,73.8,73.8,73.8,73.8,1000
2026-07-15 17:50:00,73.8307,73.8307,73.8307,73.8307,3000
2026-07-15 17:51:00,73.83,73.85,73.83,73.85,4940
2026-07-15 17:52:00,73.8478,73.8478,73.8394,73.84,1600
2026-07-15 17:53:00,73.83,73.8385,73.83,73.8385,410
2026-07-15 17:54:00,73.84,73.91,73.84,73.91,845
2026-07-15 17:55:00,73.9076,73.9076,73.85,73.85,1200
2026-07-15 17:56:00,73.8535,73.87,73.85,73.86,1414
2026-07-15 17:57:00,73.89,73.89,73.8701,73.88,6641
2026-07-15 17:58:00,73.8785,73.9,73.8785,73.9,1317
2026-07-15 17:59:00,73.89,73.895,73.88,73.88,4024
2026-07-15 18:00:00,73.9,73.98,73.9,73.98,2201
2026-07-15 18:01:00,73.98,73.99,73.963,73.99,1575
2026-07-15 18:02:00,73.99,73.99,73.9,73.9,1100
2026-07-15 18:03:00,73.9799,73.9799,73.9799,73.9799,2000
2026-07-15 18:04:00,73.95,73.96,73.95,73.96,1100
2026-07-15 18:05:00,73.95,73.9838,73.95,73.97,800
2026-07-15 18:06:00,73.97,73.99,73.97,73.99,1100
2026-07-15 18:07:00,73.9866,73.9866,73.96,73.96,2071
2026-07-15 18:08:00,73.9695,73.98,73.9695,73.98,450
2026-07-15 18:09:00,73.9872,73.9872,73.9534,73.9534,1354
2026-07-15 18:10:00,73.95,73.9754,73.95,73.9754,500
2026-07-15 18:11:00,73.9633,73.9699,73.9531,73.9699,650
2026-07-15 18:12:00,73.96,73.96,73.96,73.96,100
2026-07-15 18:13:00,73.9494,73.95,73.93,73.93,665
2026-07-15 18:14:00,73.9461,73.9461,73.9461,73.9461,300
2026-07-15 18:15:00,73.95,73.95,73.95,73.95,190
2026-07-15 18:16:00,73.9157,73.9157,73.9157,73.9157,235
2026-07-15 18:17:00,73.9294,73.9294,73.92,73.92,200
2026-07-15 18:18:00,73.925,73.925,73.91,73.92,715
2026-07-15 18:19:00,73.92,73.92,73.92,73.92,100
2026-07-15 18:20:00,73.93,73.96,73.92,73.94,1371
2026-07-15 18:21:00,73.9485,73.9485,73.94,73.94,2000
2026-07-15 18:22:00,73.95,73.95,73.95,73.95,3000
2026-07-15 18:23:00,73.91,73.91,73.9,73.9,1228
2026-07-15 18:24:00,73.89,73.9,73.88,73.9,464
2026-07-15 18:25:00,73.89,73.99,73.89,73.9397,3466
2026-07-15 18:26:00,73.9192,73.9192,73.91,73.91,200
2026-07-15 18:27:00,73.903,73.94,73.903,73.94,1503
2026-07-15 18:29:00,73.94,73.94,73.8977,73.8977,250
2026-07-15 18:30:00,73.94,73.95,73.89,73.89,6780
2026-07-15 18:31:00,73.88,73.88,73.88,73.88,625
2026-07-15 18:32:00,73.874,73.874,73.8686,73.8686,1187
2026-07-15 18:33:00,73.87,73.87,73.87,73.87,789
2026-07-15 18:34:00,73.91,73.93,73.91,73.93,540
2026-07-15 18:35:00,73.97,73.97,73.93,73.9647,1385
2026-07-15 18:36:00,73.94,73.9664,73.94,73.9664,329
2026-07-15 18:37:00,73.9,73.9,73.9,73.9,100
2026-07-15 18:38:00,73.88,73.9698,73.88,73.9,900
2026-07-15 18:39:00,73.97,73.97,73.9693,73.9693,1499
2026-07-15 18:40:00,73.97,73.97,73.95,73.95,450
2026-07-15 18:41:00,73.97,73.97,73.97,73.97,850
2026-07-15 18:42:00,73.97,73.99,73.9139,73.9139,5543
2026-07-15 18:43:00,73.95,73.95,73.94,73.94,1396
2026-07-15 18:44:00,73.94,73.99,73.94,73.988,1311
2026-07-15 18:45:00,73.99,73.99,73.976,73.984,987
2026-07-15 18:46:00,73.95,73.97,73.95,73.95,1165
2026-07-15 18:47:00,73.92,73.9355,73.92,73.93,806
2026-07-15 18:48:00,73.92,73.92,73.91,73.92,517
2026-07-15 18:49:00,73.99,73.99,73.99,73.99,200
2026-07-15 18:50:00,73.97,73.97,73.97,73.97,120
2026-07-15 18:51:00,73.9885,73.99,73.9885,73.99,343
2026-07-15 18:52:00,73.99,73.99,73.99,73.99,500
2026-07-15 18:53:00,73.94,73.99,73.94,73.97,727
2026-07-15 18:54:00,73.9892,73.99,73.92,73.92,2165
2026-07-15 18:55:00,73.92,73.9284,73.92,73.9284,237
2026-07-15 18:56:00,73.99,73.99,73.9308,73.98,509
2026-07-15 18:57:00,73.937,73.937,73.937,73.937,125
2026-07-15 18:58:00,73.97,73.97,73.97,73.97,2450
2026-07-15 18:59:00,73.99,73.99,73.99,73.99,109
2026-07-15 19:00:00,73.97,73.99,73.97,73.99,237
2026-07-15 19:02:00,73.97,73.97,73.97,73.97,220
2026-07-15 19:04:00,73.9704,73.9704,73.9704,73.9704,300
2026-07-15 19:05:00,73.99,73.99,73.95,73.95,1077
2026-07-15 19:06:00,73.9875,73.9875,73.93,73.93,500
2026-07-15 19:07:00,73.962,73.962,73.962,73.962,500
2026-07-15 19:09:00,73.9491,73.9491,73.9491,73.9491,100
2026-07-15 19:10:00,73.9491,73.9491,73.9491,73.9491,1000
2026-07-15 19:12:00,73.9499,73.95,73.9499,73.95,800
2026-07-15 19:13:00,73.9399,73.9399,73.93,73.93,770
2026-07-15 19:14:00,73.93,73.9385,73.93,73.9301,1343
2026-07-15 19:15:00,73.95,73.95,73.9439,73.9439,300
2026-07-15 19:16:00,73.9301,73.9301,73.9301,73.9301,150
2026-07-15 19:17:00,73.95,73.95,73.94,73.94,400
2026-07-15 19:18:00,73.93,73.97,73.93,73.97,4442
2026-07-15 19:19:00,73.9377,73.9377,73.9305,73.9305,2460
2026-07-15 19:20:00,73.9377,73.9377,73.9,73.9,1313
2026-07-15 19:21:00,73.97,73.97,73.97,73.97,690
2026-07-15 19:22:00,73.98,73.98,73.9377,73.9377,400
2026-07-15 19:24:00,73.96,73.96,73.93,73.93,2302
2026-07-15 19:25:00,73.98,73.98,73.98,73.98,100
2026-07-15 19:26:00,73.96,73.96,73.96,73.96,709
2026-07-15 19:27:00,73.9745,73.98,73.9745,73.98,200
2026-07-15 19:28:00,73.9789,73.99,73.9789,73.99,1200
2026-07-15 19:29:00,73.9474,73.99,73.9474,73.99,650
2026-07-15 19:30:00,73.9807,73.9807,73.95,73.95,617
2026-07-15 19:31:00,73.95,73.95,73.95,73.95,168
2026-07-15 19:33:00,73.99,73.99,73.95,73.99,1650
2026-07-15 19:34:00,73.99,73.99,73.9523,73.9523,700
2026-07-15 19:36:00,73.97,73.99,73.97,73.99,364
2026-07-15 19:37:00,73.95,73.99,73.95,73.97,1748
2026-07-15 19:38:00,73.9869,73.9869,73.9869,73.9869,500
2026-07-15 19:39:00,73.9881,73.99,73.9881,73.99,300
2026-07-15 19:40:00,73.97,73.97,73.97,73.97,1000
2026-07-15 19:41:00,73.99,73.99,73.99,73.99,271
2026-07-15 19:42:00,73.9706,73.9706,73.9706,73.9706,250
2026-07-15 19:43:00,73.99,73.99,73.97,73.99,3074
2026-07-15 19:44:00,74,74,73.9897,73.9897,1163
2026-07-15 19:45:00,73.99,73.99,73.99,73.99,123
2026-07-15 19:46:00,73.9701,73.9892,73.9701,73.9892,200
2026-07-15 19:47:00,73.99,73.99,73.99,73.99,291
2026-07-15 19:48:00,73.99,73.99,73.9603,73.9603,1390
2026-07-15 19:49:00,73.97,73.97,73.97,73.97,432
2026-07-15 19:50:00,74,74,74,74,200
2026-07-15 19:51:00,73.9992,73.9992,73.96,73.96,2305
2026-07-15 19:52:00,73.96,73.96,73.96,73.96,4000
2026-07-15 19:54:00,73.97,73.97,73.97,73.97,100
2026-07-15 19:55:00,73.9699,73.97,73.96,73.96,2600
2026-07-15 19:56:00,73.9601,73.97,73.9601,73.9697,2493
2026-07-15 19:57:00,73.9615,73.9685,73.9615,73.9685,700
2026-07-15 19:58:00,73.97,73.97,73.97,73.97,400
2026-07-15 19:59:00,73.97,73.9716,73.96,73.9716,2254
2026-07-16 04:00:00,73.95,74.0941,73.8,74,20351
2026-07-16 04:01:00,73.96,74.08,73.8,73.89,35270
2026-07-16 04:02:00,73.93,74,73.85,74,1840
2026-07-16 04:03:00,73.94,73.985,73.88,73.985,1438
2026-07-16 04:04:00,73.99,74.08,73.9701,73.9701,1905
2026-07-16 04:05:00,74.0998,74.0998,73.98,73.98,5200
2026-07-16 04:06:00,74.1,74.2,74.1,74.13,4363
2026-07-16 04:07:00,74.15,74.15,74.1,74.15,2000
2026-07-16 04:08:00,74.14,74.14,74.11,74.11,305
2026-07-16 04:09:00,74.14,74.14,74.11,74.11,468
2026-07-16 04:11:00,74.16,74.16,74.02,74.06,1970
2026-07-16 04:12:00,74.15,74.15,74.15,74.15,1000
2026-07-16 04:13:00,74.18,74.18,74.18,74.18,150
2026-07-16 04:14:00,74.17,74.19,74.11,74.19,1862
2026-07-16 04:15:00,74.0508,74.2,74.0508,74.2,4183
2026-07-16 04:17:00,74.21,74.23,74.2,74.22,2605
2026-07-16 04:18:00,74.23,74.23,74.22,74.22,1220
2026-07-16 04:19:00,74.08,74.08,74.08,74.08,100
2026-07-16 04:21:00,74.2,74.2,74.16,74.16,893
2026-07-16 04:22:00,74.17,74.17,74.13,74.13,374
2026-07-16 04:23:00,74.12,74.12,74.1,74.1,300
2026-07-16 04:25:00,74.1569,74.1569,74.13,74.13,5100
2026-07-16 04:26:00,74.18,74.2,74.18,74.19,705
2026-07-16 04:27:00,74.2,74.2,74.2,74.2,2200
2026-07-16 04:28:00,74.2687,74.2687,74.2687,74.2687,100
2026-07-16 04:29:00,74.24,74.24,74.24,74.24,100
2026-07-16 04:30:00,74.25,74.25,74.2426,74.2426,1200
2026-07-16 04:31:00,74.28,74.28,74.25,74.25,1399
2026-07-16 04:32:00,74.24,74.24,74.24,74.24,100
2026-07-16 04:33:00,74.22,74.24,74.22,74.23,700
2026-07-16 04:34:00,74.2032,74.2032,74.2032,74.2032,1000
2026-07-16 04:37:00,74.22,74.22,74.22,74.22,500
2026-07-16 04:38:00,74.17,74.2,74.17,74.2,330
2026-07-16 04:39:00,74.22,74.22,74.22,74.22,1460
2026-07-16 04:41:00,74.2,74.2,74.2,74.2,100
2026-07-16 04:42:00,74.17,74.17,74.17,74.17,200
2026-07-16 04:44:00,74.16,74.16,74.11,74.11,1188
2026-07-16 04:46:00,74.17,74.17,74.17,74.17,100
2026-07-16 04:48:00,74.14,74.16,74.05,74.115,3921
2026-07-16 04:52:00,74.13,74.14,74.1,74.1,360
2026-07-16 04:53:00,74.15,74.15,74.15,74.15,200
2026-07-16 04:54:00,74.1707,74.2,74.1707,74.18,4662
2026-07-16 04:56:00,74.23,74.23,74.17,74.17,1569
2026-07-16 04:57:00,74.17,74.3,74.17,74.27,5455
2026-07-16 04:58:00,74.22,74.22,74.22,74.22,100
2026-07-16 05:00:00,74.25,74.25,74.2,74.21,825
2026-07-16 05:01:00,74.27,74.29,74.27,74.29,332
2026-07-16 05:03:00,74.29,74.35,74.29,74.34,1969
2026-07-16 05:04:00,74.34,74.48,74.34,74.48,1160
2026-07-16 05:05:00,74.49,74.49,74.28,74.28,2763
2026-07-16 05:06:00,74.28,74.39,74.19,74.39,4526
2026-07-16 05:07:00,74.38,74.43,74.38,74.43,430
2026-07-16 05:08:00,74.35,74.4,74.35,74.38,2319
2026-07-16 05:09:00,74.37,74.38,74.37,74.38,205
2026-07-16 05:10:00,74.39,74.39,74.36,74.36,735
2026-07-16 05:11:00,74.37,74.39,74.36,74.36,727
2026-07-16 05:12:00,74.37,74.43,74.35,74.35,899
2026-07-16 05:13:00,74.43,74.47,74.39,74.44,1737
2026-07-16 05:14:00,74.45,74.45,74.44,74.44,770
2026-07-16 05:15:00,74.39,74.39,74.39,74.39,100
2026-07-16 05:16:00,74.37,74.39,74.25,74.25,3032
2026-07-16 05:17:00,74.29,74.29,74.28,74.29,300
2026-07-16 05:18:00,74.2272,74.37,74.2272,74.37,810
2026-07-16 05:20:00,74.3,74.3,74.21,74.21,1100
2026-07-16 05:21:00,74.21,74.21,74.21,74.21,1000
2026-07-16 05:22:00,74.3452,74.3452,74.3452,74.3452,140
2026-07-16 05:23:00,74.3,74.33,74.28,74.28,1115
2026-07-16 05:25:00,74.25,74.25,74.25,74.25,100
2026-07-16 05:26:00,74.31,74.32,74.31,74.32,200
2026-07-16 05:27:00,74.25,74.3,74.25,74.3,325
2026-07-16 05:29:00,74.29,74.29,74.29,74.29,100
2026-07-16 05:32:00,74.28,74.31,74.28,74.29,828
2026-07-16 05:33:00,74.3,74.3,74.3,74.3,400
2026-07-16 05:34:00,74.22,74.23,74.21,74.23,521
2026-07-16 05:36:00,74.24,74.25,74.24,74.25,410
2026-07-16 05:38:00,74.35,74.35,74.22,74.23,910
2026-07-16 05:42:00,74.27,74.27,74.27,74.27,104
2026-07-16 05:48:00,74.23,74.23,74.21,74.21,201
2026-07-16 05:49:00,74.2089,74.22,74.2089,74.21,300
2026-07-16 05:50:00,74.24,74.24,74.24,74.24,462
2026-07-16 05:51:00,74.24,74.24,74.24,74.24,100
2026-07-16 05:52:00,74.2034,74.2034,74.2034,74.2034,100
2026-07-16 05:53:00,74.21,74.21,74.21,74.21,100
2026-07-16 05:55:00,74.2,74.2,74.19,74.19,300
2026-07-16 05:57:00,74.17,74.17,74.15,74.15,671
2026-07-16 05:58:00,74.15,74.17,74.1,74.15,12258
2026-07-16 05:59:00,74.18,74.18,74.1626,74.1626,250
2026-07-16 06:00:00,74.1713,74.19,74.1713,74.19,484
2026-07-16 06:01:00,74.1929,74.22,74.1929,74.22,504
2026-07-16 06:02:00,74.251,74.251,74.251,74.251,100
2026-07-16 06:03:00,74.24,74.24,74.24,74.24,100
2026-07-16 06:07:00,74.24,74.24,74.24,74.24,120
2026-07-16 06:09:00,74.23,74.23,74.23,74.23,1600
2026-07-16 06:10:00,74.19,74.19,74.19,74.19,255
2026-07-16 06:12:00,74.2,74.2,74.2,74.2,473
2026-07-16 06:13:00,74.23,74.23,74.23,74.23,205
2026-07-16 06:14:00,74.24,74.25,74.22,74.25,3933
2026-07-16 06:15:00,74.26,74.26,74.23,74.23,305
2026-07-16 06:16:00,74.27,74.27,74.21,74.21,400
2026-07-16 06:17:00,74.21,74.25,74.21,74.25,2000
2026-07-16 06:18:00,74.23,74.23,74.23,74.23,150
2026-07-16 06:20:00,74.22,74.22,74.22,74.22,844
2026-07-16 06:23:00,74.22,74.22,74.22,74.22,100
2026-07-16 06:25:00,74.28,74.28,74.28,74.28,150
2026-07-16 06:26:00,74.24,74.24,74.24,74.24,108
2026-07-16 06:27:00,74.24,74.24,74.24,74.24,100
2026-07-16 06:28:00,74.24,74.24,74.24,74.24,298
2026-07-16 06:29:00,74.21,74.21,74.2,74.21,305
2026-07-16 06:37:00,74.2035,74.2035,74.2035,74.2035,180
2026-07-16 06:38:00,74.22,74.24,74.22,74.24,550
2026-07-16 06:39:00,74.24,74.24,74.24,74.24,200
2026-07-16 06:42:00,74.22,74.24,74.22,74.24,530
2026-07-16 06:45:00,74.22,74.2437,74.22,74.2437,575
2026-07-16 06:46:00,74.22,74.23,74.22,74.23,2051
2026-07-16 06:47:00,74.25,74.25,74.25,74.25,130
2026-07-16 06:48:00,74.2441,74.2441,74.2106,74.2106,200
2026-07-16 06:49:00,74.22,74.22,74.2,74.2,5423
2026-07-16 06:51:00,74.23,74.25,74.21,74.21,1100
2026-07-16 06:52:00,74.18,74.18,74.18,74.18,300
2026-07-16 06:53:00,74.16,74.16,74.1,74.14,2909
2026-07-16 06:58:00,74.13,74.13,74.13,74.13,100
2026-07-16 07:00:00,74.14,74.19,74.1,74.1267,4700
2026-07-16 07:01:00,74.13,74.39,74.09,74.39,6568
2026-07-16 07:02:00,74.19,74.3401,74.19,74.3391,1702
2026-07-16 07:03:00,74.37,74.37,74.18,74.35,2989
2026-07-16 07:04:00,74.32,74.37,74.2136,74.37,4395
2026-07-16 07:05:00,74.28,74.29,74.22,74.22,1207
2026-07-16 07:06:00,74.3998,74.3998,74.3077,74.3357,1000
2026-07-16 07:07:00,74.34,74.34,74.3025,74.3059,1640
2026-07-16 07:08:00,74.3482,74.3482,74.3482,74.3482,2000
2026-07-16 07:09:00,74.3,74.32,74.3,74.32,400
2026-07-16 07:10:00,74.35,74.39,74.35,74.39,2983
2026-07-16 07:11:00,74.3308,74.34,74.3308,74.34,3002
2026-07-16 07:12:00,74.3874,74.3874,74.33,74.33,1330
2026-07-16 07:13:00,74.36,74.36,74.36,74.36,100
2026-07-16 07:14:00,74.3373,74.3599,74.3373,74.3594,428
2026-07-16 07:15:00,74.3595,74.3964,74.3312,74.3964,1021
2026-07-16 07:16:00,74.35,74.36,74.35,74.36,850
2026-07-16 07:17:00,74.3997,74.3997,74.36,74.3853,1372
2026-07-16 07:18:00,74.31,74.3303,74.3,74.3303,975
2026-07-16 07:19:00,74.2518,74.3,74.2518,74.2973,584
2026-07-16 07:20:00,74.3,74.35,74.28,74.28,7795
2026-07-16 07:21:00,74.35,74.35,74.3329,74.35,900
2026-07-16 07:22:00,74.28,74.2991,74.2604,74.2731,1258
2026-07-16 07:23:00,74.2716,74.33,74.2716,74.33,808
2026-07-16 07:24:00,74.29,74.3,74.2053,74.225,5467
2026-07-16 07:25:00,74.2053,74.3,74.2053,74.3,1100
2026-07-16 07:26:00,74.25,74.3203,74.25,74.25,660
2026-07-16 07:27:00,74.25,74.25,74.25,74.25,500
2026-07-16 07:28:00,74.295,74.3,74.26,74.3,1115
2026-07-16 07:29:00,74.2508,74.35,74.2508,74.26,3370
2026-07-16 07:30:00,74.34,74.34,74.29,74.29,300
2026-07-16 07:31:00,74.3,74.3,74.27,74.27,245
2026-07-16 07:32:00,74.2558,74.2964,74.2558,74.26,338
2026-07-16 07:33:00,74.3,74.3,74.2604,74.2604,421
2026-07-16 07:34:00,74.3,74.31,74.3,74.31,525
2026-07-16 07:35:00,74.3,74.34,74.3,74.3361,2120
2026-07-16 07:36:00,74.33,74.33,74.31,74.31,750
2026-07-16 07:37:00,74.2739,74.3455,74.2739,74.3431,1309
2026-07-16 07:38:00,74.3,74.34,74.3,74.34,425
2026-07-16 07:39:00,74.3311,74.34,74.3311,74.34,1026
2026-07-16 07:40:00,74.35,74.39,74.32,74.36,3727
2026-07-16 07:41:00,74.33,74.33,74.33,74.33,443
2026-07-16 07:42:00,74.33,74.4,74.3,74.4,2384
2026-07-16 07:43:00,74.3,74.4,74.3,74.4,800
2026-07-16 07:44:00,74.3,74.39,74.3,74.3742,2695
2026-07-16 07:46:00,74.2955,74.38,74.2955,74.37,1277
2026-07-16 07:47:00,74.3702,74.4,74.35,74.4,4788
2026-07-16 07:48:00,74.3748,74.3792,74.3748,74.3792,600
2026-07-16 07:49:00,74.3845,74.3845,74.31,74.31,300
2026-07-16 07:50:00,74.29,74.2908,74.28,74.2908,415
2026-07-16 07:51:00,74.34,74.34,74.34,74.34,146
2026-07-16 07:52:00,74.34,74.34,74.33,74.33,300
2026-07-16 07:53:00,74.3841,74.3841,74.3011,74.3011,2012
2026-07-16 07:54:00,74.35,74.3843,74.28,74.3727,1839
2026-07-16 07:55:00,74.35,74.4,74.32,74.4,8287
2026-07-16 07:56:00,74.3,74.3985,74.3,74.3985,2920
2026-07-16 07:57:00,74.35,74.4,74.3,74.3,5876
2026-07-16 07:58:00,74.29,74.29,74.29,74.29,245
2026-07-16 07:59:00,74.3367,74.3367,74.2639,74.2639,6175
2026-07-16 08:00:00,74.26,74.3241,74.26,74.3241,2455
2026-07-16 08:01:00,74.3,74.3,74.3,74.3,350
2026-07-16 08:02:00,74.29,74.3151,74.29,74.3,1586
2026-07-16 08:03:00,74.28,74.33,74.28,74.31,575
2026-07-16 08:04:00,74.33,74.33,74.28,74.28,1437
2026-07-16 08:05:00,74.3,74.3,74.2877,74.2877,1546
2026-07-16 08:06:00,74.29,74.3285,74.29,74.3,4923
2026-07-16 08:07:00,74.3,74.33,74.3,74.3,4605
2026-07-16 08:08:00,74.31,74.31,74.3,74.3,464
2026-07-16 08:09:00,74.3092,74.31,74.2801,74.2801,4798
2026-07-16 08:10:00,74.3,74.3,74.2816,74.2816,4026
2026-07-16 08:11:00,74.3,74.48,74.3,74.44,5861
2026-07-16 08:12:00,74.4562,74.5,74.4562,74.5,11758
2026-07-16 08:13:00,74.5,74.5,74.43,74.49,7770
2026-07-16 08:14:00,74.45,74.45,74.45,74.45,300
2026-07-16 08:15:00,74.4949,74.5,74.47,74.5,2351
2026-07-16 08:16:00,74.47,74.5,74.4,74.42,4414
2026-07-16 08:17:00,74.4691,74.5,74.3685,74.43,1772
2026-07-16 08:18:00,74.4715,74.49,74.42,74.4892,1314
2026-07-16 08:19:00,74.4645,74.47,74.4278,74.44,2876
2026-07-16 08:20:00,74.4277,74.44,74.42,74.44,2902
2026-07-16 08:21:00,74.4603,74.4603,74.32,74.4,11921
2026-07-16 08:22:00,74.33,74.4204,74.33,74.4204,2700
2026-07-16 08:23:00,74.352,74.4,74.33,74.39,2297
2026-07-16 08:24:00,74.38,74.38,74.38,74.38,225
2026-07-16 08:25:00,74.31,74.345,74.27,74.27,2507
2026-07-16 08:26:00,74.27,74.3,74.19,74.27,5115
2026-07-16 08:27:00,74.27,74.3,74.2136,74.3,2414
2026-07-16 08:28:00,74.25,74.25,74.25,74.25,1342
2026-07-16 08:29:00,74.29,74.29,74.1819,74.1819,1227
2026-07-16 08:30:00,74.263,74.272,74.19,74.2,14700
2026-07-16 08:31:00,74.25,74.28,74.25,74.2754,1700
2026-07-16 08:32:00,74.2,74.2464,74.13,74.243,5651
2026-07-16 08:33:00,74.25,74.25,74.23,74.25,330
2026-07-16 08:34:00,74.25,74.2754,74.25,74.2754,1994
2026-07-16 08:35:00,74.2728,74.28,74.1945,74.28,5909
2026-07-16 08:36:00,74.29,74.29,74.29,74.29,200
2026-07-16 08:37:00,74.24,74.24,74.15,74.1912,4602
2026-07-16 08:38:00,74.1986,74.3,74.1986,74.26,2800
2026-07-16 08:39:00,74.24,74.24,74.24,74.24,105
2026-07-16 08:41:00,74.23,74.2909,74.2196,74.2196,1100
2026-07-16 08:42:00,74.25,74.2999,74.25,74.2999,2000
2026-07-16 08:43:00,74.25,74.28,74.2,74.2,1500
2026-07-16 08:44:00,74.25,74.3,74.24,74.24,1625
2026-07-16 08:45:00,74.3,74.38,74.28,74.38,3789
2026-07-16 08:46:00,74.28,74.3888,74.28,74.38,411
2026-07-16 08:47:00,74.38,74.4215,74.3032,74.3899,4234
2026-07-16 08:48:00,74.37,74.41,74.2962,74.2962,2322
2026-07-16 08:49:00,74.3773,74.3855,74.3088,74.38,1131
2026-07-16 08:50:00,74.38,74.3883,74.3511,74.3511,469
2026-07-16 08:51:00,74.35,74.38,74.31,74.31,4836
2026-07-16 08:52:00,74.3286,74.42,74.3286,74.41,1374
2026-07-16 08:53:00,74.3178,74.3349,74.3178,74.3349,2640
2026-07-16 08:54:00,74.4,74.4,74.31,74.31,450
2026-07-16 08:55:00,74.326,74.3822,74.31,74.35,544
2026-07-16 08:56:00,74.3736,74.38,74.3183,74.35,1850
2026-07-16 08:57:00,74.34,74.38,74.28,74.3031,1742
2026-07-16 08:58:00,74.3073,74.31,74.3073,74.31,1330
2026-07-16 09:00:00,74.3,74.3413,74.3,74.3,499
2026-07-16 09:01:00,74.29,74.3361,74.29,74.3361,554
2026-07-16 09:02:00,74.2739,74.34,74.25,74.25,2409
2026-07-16 09:03:00,74.34,74.34,74.276,74.276,334
2026-07-16 09:04:00,74.22,74.25,74.2141,74.2466,804
2026-07-16 09:05:00,74.2466,74.2489,74.19,74.2392,6145
2026-07-16 09:06:00,74.18,74.22,74.18,74.2166,650
2026-07-16 09:07:00,74.1908,74.2229,74.1908,74.2229,3080
2026-07-16 09:08:00,74.2499,74.25,74.2,74.2,8230
2026-07-16 09:09:00,74.18,74.18,74.17,74.17,2057
2026-07-16 09:10:00,74.2259,74.23,74.21,74.21,1025
2026-07-16 09:11:00,74.2,74.25,74.18,74.25,2255
2026-07-16 09:12:00,74.25,74.25,74.2005,74.2005,4303
2026-07-16 09:13:00,74.25,74.25,74.2345,74.25,1837
2026-07-16 09:14:00,74.17,74.25,74.17,74.21,1939
2026-07-16 09:15:00,74.1775,74.2,74.13,74.13,1698
2026-07-16 09:16:00,74.13,74.24,74.12,74.24,1948
2026-07-16 09:18:00,74.16,74.19,74.13,74.1329,1378
2026-07-16 09:19:00,74.2112,74.23,74.19,74.23,1173
2026-07-16 09:20:00,74.21,74.21,74.11,74.11,6072
2026-07-16 09:21:00,74.14,74.2472,74.14,74.15,2223
2026-07-16 09:22:00,74.2,74.22,74.2,74.22,2600
2026-07-16 09:23:00,74.22,74.225,74.1982,74.21,2678
2026-07-16 09:24:00,74.2525,74.2525,74.16,74.18,3879
2026-07-16 09:25:00,74.26,74.26,74.12,74.12,3041
2026-07-16 09:26:00,74.12,74.12,74.0715,74.12,11601
2026-07-16 09:27:00,74.24,74.3,74.1,74.3,8698
2026-07-16 09:28:00,74.35,74.37,74.02,74.07,13190
2026-07-16 09:29:00,74.02,74.08,73.92,73.94,25064
2026-07-16 09:30:00,73.95,74.46,73.94,74.28,622502
2026-07-16 09:31:00,74.3,74.43,74.16,74.1701,197896
2026-07-16 09:32:00,74.19,74.31,73.6,73.615,329143
2026-07-16 09:33:00,73.59,73.77,73.33,73.475,179619
2026-07-16 09:34:00,73.475,73.6598,73.44,73.635,127164
2026-07-16 09:35:00,73.635,73.71,73.46,73.53,150094
2026-07-16 09:36:00,73.52,73.67,73.5,73.6,148578
2026-07-16 09:37:00,73.615,73.63,73.421,73.4401,107994
2026-07-16 09:38:00,73.46,73.68,73.4,73.62,100468
2026-07-16 09:39:00,73.62,73.6819,73.44,73.57,134262
2026-07-16 09:40:00,73.57,73.6399,73.3,73.38,214400
2026-07-16 09:41:00,73.385,73.54,73.36,73.45,95194
2026-07-16 09:42:00,73.47,73.52,73.18,73.205,99819
2026-07-16 09:43:00,73.2,73.35,73.2,73.305,135841
2026-07-16 09:44:00,73.295,73.45,73.295,73.395,66039
2026-07-16 09:45:00,73.385,73.47,73.275,73.465,109859
2026-07-16 09:46:00,73.465,73.59,73.445,73.54,119515
2026-07-16 09:47:00,73.535,73.55,73.33,73.355,84204
2026-07-16 09:48:00,73.35,73.44,73.29,73.42,96623
2026-07-16 09:49:00,73.42,73.5,73.4,73.48,98539
2026-07-16 09:50:00,73.47,73.47,73.35,73.43,63822
2026-07-16 09:51:00,73.42,73.48,73.39,73.43,74058
2026-07-16 09:52:00,73.44,73.4934,73.38,73.48,39009
2026-07-16 09:53:00,73.475,73.6,73.46,73.59,73874
2026-07-16 09:54:00,73.6,73.615,73.4,73.485,63162
2026-07-16 09:55:00,73.49,73.53,73.39,73.47,86697
2026-07-16 09:56:00,73.455,73.6275,73.455,73.535,89745
2026-07-16 09:57:00,73.54,73.57,73.48,73.5499,55179
2026-07-16 09:58:00,73.535,73.64,73.5,73.52,75761
2026-07-16 09:59:00,73.52,73.59,73.48,73.5,68892
2026-07-16 10:00:00,73.485,73.54,73.42,73.49,66672
2026-07-16 10:01:00,73.475,73.585,73.45,73.55,133714
2026-07-16 10:02:00,73.53,73.53,73.44,73.509,68872
2026-07-16 10:03:00,73.495,73.495,73.3801,73.45,56636
2026-07-16 10:04:00,73.45,73.505,73.43,73.5,76180
2026-07-16 10:05:00,73.5,73.51,73.41,73.44,92389
2026-07-16 10:06:00,73.44,73.45,73.25,73.255,92933
2026-07-16 10:07:00,73.265,73.2796,73.125,73.13,112756
2026-07-16 10:08:00,73.13,73.14,72.9408,73.05,255652
2026-07-16 10:09:00,73.055,73.12,73.035,73.11,111124
2026-07-16 10:10:00,73.11,73.14,72.98,73.005,108027
2026-07-16 10:11:00,73,73.05,72.9401,73.018,90651
2026-07-16 10:12:00,73.02,73.21,73.02,73.08,130941
2026-07-16 10:13:00,73.08,73.115,73.02,73.0405,100879
2026-07-16 10:14:00,73.045,73.09,73.045,73.05,50554
2026-07-16 10:15:00,73.048,73.1474,72.98,73.1,112084
2026-07-16 10:16:00,73.1,73.15,73.0201,73.0201,65755
2026-07-16 10:17:00,73.03,73.095,73.025,73.0697,43388
2026-07-16 10:18:00,73.065,73.065,73.005,73.051,32930
2026-07-16 10:19:00,73.055,73.08,73,73.05,53082
2026-07-16 10:20:00,73.045,73.145,73.04,73.14,39829
2026-07-16 10:21:00,73.14,73.14,73.04,73.085,61543
2026-07-16 10:22:00,73.085,73.23,73.075,73.13,72152
2026-07-16 10:23:00,73.13,73.15,73.09,73.145,64429
2026-07-16 10:24:00,73.145,73.19,73.1,73.185,60112
2026-07-16 10:25:00,73.17,73.23,73.17,73.17,53335
2026-07-16 10:26:00,73.165,73.21,73.14,73.195,42199
2026-07-16 10:27:00,73.19,73.19,73.125,73.14,63568
2026-07-16 10:28:00,73.145,73.175,73.13,73.15,42087
2026-07-16 10:29:00,73.14,73.14,73.02,73.05,102596
2026-07-16 10:30:00,73.045,73.115,73.025,73.09,56726
2026-07-16 10:31:00,73.09,73.13,73.08,73.115,52672
2026-07-16 10:32:00,73.12,73.16,73.07,73.07,66828
2026-07-16 10:33:00,73.065,73.105,73.04,73.085,46388
2026-07-16 10:34:00,73.083,73.17,73.075,73.105,95621
2026-07-16 10:35:00,73.105,73.13,73.08,73.105,67789
2026-07-16 10:36:00,73.105,73.18,73.09,73.13,57027
2026-07-16 10:37:00,73.135,73.155,73.08,73.105,44969
2026-07-16 10:38:00,73.1,73.16,73.095,73.145,60361
2026-07-16 10:39:00,73.15,73.25,73.15,73.245,48591
2026-07-16 10:40:00,73.245,73.25,73.2,73.215,44892
2026-07-16 10:41:00,73.2161,73.22,73.165,73.22,44730
2026-07-16 10:42:00,73.22,73.305,73.22,73.275,44494
2026-07-16 10:43:00,73.2763,73.32,73.24,73.285,68891
2026-07-16 10:44:00,73.285,73.285,73.21,73.24,85783
2026-07-16 10:45:00,73.245,73.265,73.21,73.225,52333
2026-07-16 10:46:00,73.22,73.28,73.19,73.27,36887
2026-07-16 10:47:00,73.2775,73.295,73.26,73.2875,45810
2026-07-16 10:48:00,73.285,73.3,73.2104,73.225,64036
2026-07-16 10:49:00,73.225,73.265,73.19,73.255,45269
2026-07-16 10:50:00,73.26,73.34,73.24,73.335,42838
2026-07-16 10:51:00,73.33,73.35,73.275,73.35,39347
2026-07-16 10:52:00,73.35,73.385,73.345,73.3574,56773
2026-07-16 10:53:00,73.36,73.44,73.35,73.415,96741
2026-07-16 10:54:00,73.415,73.48,73.3801,73.47,50311
2026-07-16 10:55:00,73.46,73.49,73.44,73.475,57668
2026-07-16 10:56:00,73.47,73.495,73.455,73.48,43467
2026-07-16 10:57:00,73.49,73.586,73.455,73.57,85416
2026-07-16 10:58:00,73.565,73.565,73.5,73.53,91452
2026-07-16 10:59:00,73.53,73.56,73.5,73.55,51373
2026-07-16 11:00:00,73.56,73.595,73.5,73.525,34046
2026-07-16 11:01:00,73.5276,73.545,73.5,73.51,46086
2026-07-16 11:02:00,73.51,73.515,73.4003,73.41,89906
2026-07-16 11:03:00,73.405,73.48,73.33,73.475,69837
2026-07-16 11:04:00,73.475,73.51,73.445,73.47,43968
2026-07-16 11:05:00,73.475,73.55,73.475,73.4901,53749
2026-07-16 11:06:00,73.495,73.55,73.48,73.52,58348
2026-07-16 11:07:00,73.52,73.52,73.415,73.46,45641
2026-07-16 11:08:00,73.46,73.5,73.445,73.47,46086
2026-07-16 11:09:00,73.48,73.539,73.48,73.4901,29878
2026-07-16 11:10:00,73.495,73.57,73.485,73.54,55882
2026-07-16 11:11:00,73.545,73.6,73.535,73.5799,74259
2026-07-16 11:12:00,73.575,73.68,73.53,73.6751,79278
2026-07-16 11:13:00,73.675,73.77,73.66,73.755,47690
2026-07-16 11:14:00,73.755,73.77,73.725,73.7501,61999
2026-07-16 11:15:00,73.755,73.755,73.675,73.725,76337
2026-07-16 11:16:00,73.725,73.76,73.705,73.72,48080
2026-07-16 11:17:00,73.72,73.73,73.655,73.675,42923
2026-07-16 11:18:00,73.68,73.68,73.63,73.67,60967
2026-07-16 11:19:00,73.6701,73.69,73.64,73.665,52528
2026-07-16 11:20:00,73.67,73.75,73.67,73.73,34719
2026-07-16 11:21:00,73.735,73.745,73.7001,73.7001,20844
2026-07-16 11:22:00,73.71,73.775,73.705,73.72,61824
2026-07-16 11:23:00,73.71,73.725,73.685,73.69,29300
2026-07-16 11:24:00,73.695,73.72,73.64,73.66,52510
2026-07-16 11:25:00,73.655,73.76,73.645,73.75,70336
2026-07-16 11:26:00,73.745,73.82,73.72,73.745,93641
2026-07-16 11:27:00,73.745,73.76,73.71,73.755,42659
2026-07-16 11:28:00,73.7599,73.775,73.74,73.7561,30626
2026-07-16 11:29:00,73.76,73.8,73.75,73.78,51929
2026-07-16 11:30:00,73.78,73.79,73.73,73.7359,44435
2026-07-16 11:31:00,73.7392,73.745,73.69,73.72,39674
2026-07-16 11:32:00,73.725,73.725,73.65,73.655,44923
2026-07-16 11:33:00,73.65,73.78,73.62,73.7735,61824
2026-07-16 11:34:00,73.77,73.81,73.73,73.775,33542
2026-07-16 11:35:00,73.78,73.805,73.74,73.745,52210
2026-07-16 11:36:00,73.745,73.8398,73.72,73.755,59921
2026-07-16 11:37:00,73.75,73.78,73.71,73.76,51692
2026-07-16 11:38:00,73.765,73.775,73.68,73.705,33878
2026-07-16 11:39:00,73.705,73.79,73.705,73.78,39806
2026-07-16 11:40:00,73.79,73.795,73.715,73.7218,45185
2026-07-16 11:41:00,73.725,73.74,73.685,73.7001,34594
2026-07-16 11:42:00,73.69,73.76,73.69,73.76,23644
2026-07-16 11:43:00,73.75,73.775,73.71,73.755,43773
2026-07-16 11:44:00,73.755,73.83,73.75,73.83,24053
2026-07-16 11:45:00,73.84,73.878,73.84,73.86,46703
2026-07-16 11:46:00,73.86,73.88,73.845,73.85,26938
2026-07-16 11:47:00,73.855,73.86,73.8,73.8,63730
2026-07-16 11:48:00,73.8,73.81,73.75,73.75,28474
2026-07-16 11:49:00,73.75,73.7551,73.7,73.705,54046
2026-07-16 11:50:00,73.705,73.765,73.68,73.765,57759
2026-07-16 11:51:00,73.765,73.778,73.73,73.73,39795
2026-07-16 11:52:00,73.73,73.755,73.71,73.7199,42848
2026-07-16 11:53:00,73.715,73.72,73.685,73.69,60966
2026-07-16 11:54:00,73.68,73.685,73.65,73.685,36288
2026-07-16 11:55:00,73.685,73.75,73.65,73.685,81594
2026-07-16 11:56:00,73.69,73.69,73.65,73.65,18859
2026-07-16 11:57:00,73.655,73.68,73.625,73.655,35560
2026-07-16 11:58:00,73.655,73.67,73.64,73.665,29720
2026-07-16 11:59:00,73.6635,73.69,73.65,73.685,38273
2026-07-16 12:00:00,73.685,73.7,73.55,73.55,49752
2026-07-16 12:01:00,73.55,73.615,73.545,73.555,75263
2026-07-16 12:02:00,73.5515,73.59,73.5515,73.5699,31921
2026-07-16 12:03:00,73.565,73.65,73.56,73.605,47165
2026-07-16 12:04:00,73.605,73.6099,73.575,73.605,32412
2026-07-16 12:05:00,73.6,73.625,73.565,73.625,40801
2026-07-16 12:06:00,73.6299,73.6299,73.545,73.58,52981
2026-07-16 12:07:00,73.578,73.58,73.5227,73.53,80670
2026-07-16 12:08:00,73.54,73.59,73.535,73.585,36030
2026-07-16 12:09:00,73.585,73.64,73.57,73.5727,22543
2026-07-16 12:10:00,73.5701,73.6,73.555,73.575,22033
2026-07-16 12:11:00,73.57,73.57,73.515,73.545,40506
2026-07-16 12:12:00,73.55,73.57,73.525,73.56,32510
2026-07-16 12:13:00,73.555,73.5799,73.51,73.575,34568
2026-07-16 12:14:00,73.575,73.615,73.575,73.61,31749
2026-07-16 12:15:00,73.605,73.655,73.6,73.625,42815
2026-07-16 12:16:00,73.63,73.655,73.6,73.63,60202
2026-07-16 12:17:00,73.6282,73.64,73.6,73.625,29165
2026-07-16 12:18:00,73.625,73.65,73.61,73.645,27314
2026-07-16 12:19:00,73.645,73.645,73.51,73.545,117072
2026-07-16 12:20:00,73.55,73.6,73.52,73.5699,34790
2026-07-16 12:21:00,73.57,73.63,73.55,73.62,52526
2026-07-16 12:22:00,73.615,73.71,73.615,73.705,119155
2026-07-16 12:23:00,73.7001,73.705,73.585,73.585,105446
2026-07-16 12:24:00,73.59,73.625,73.5703,73.615,41494
2026-07-16 12:25:00,73.62,73.69,73.615,73.655,28519
2026-07-16 12:26:00,73.66,73.7055,73.61,73.705,55145
2026-07-16 12:27:00,73.705,73.735,73.68,73.735,31560
2026-07-16 12:28:00,73.7351,73.825,73.7164,73.805,66154
2026-07-16 12:29:00,73.805,73.805,73.77,73.79,36247
2026-07-16 12:30:00,73.8,73.98,73.7999,73.9,156836
2026-07-16 12:31:00,73.8999,74.025,73.895,73.97,133695
2026-07-16 12:32:00,73.96,73.98,73.92,73.94,58039
2026-07-16 12:33:00,73.955,74.04,73.9325,74.03,159177
2026-07-16 12:34:00,74.03,74.19,74.02,74.175,102399
2026-07-16 12:35:00,74.17,74.255,74.1609,74.245,131486
2026-07-16 12:36:00,74.24,74.25,74.02,74.025,143642
2026-07-16 12:37:00,74.025,74.09,73.99,74.09,106513
2026-07-16 12:38:00,74.095,74.115,74.075,74.095,71538
2026-07-16 12:39:00,74.095,74.105,73.98,73.982,126203
2026-07-16 12:40:00,73.98,74.05,73.94,74.045,62350
2026-07-16 12:41:00,74.05,74.0599,73.985,74.01,62063
2026-07-16 12:42:00,74.015,74.04,73.98,74.015,83446
2026-07-16 12:43:00,74.016,74.03,73.95,74,58712
2026-07-16 12:44:00,73.99,73.99,73.95,73.965,75369
2026-07-16 12:45:00,73.97,74.05,73.965,74.015,73502
2026-07-16 12:46:00,74.015,74.0199,73.9701,73.985,75038
2026-07-16 12:47:00,73.99,74.01,73.985,73.995,56128
2026-07-16 12:48:00,73.995,74,73.95,73.98,86380
2026-07-16 12:49:00,73.985,73.985,73.9135,73.93,53714
2026-07-16 12:50:00,73.935,73.975,73.925,73.965,70286
2026-07-16 12:51:00,73.965,73.975,73.915,73.915,42656
2026-07-16 12:52:00,73.92,73.99,73.915,73.98,56283
2026-07-16 12:53:00,73.975,74.025,73.965,74.025,106535
2026-07-16 12:54:00,74.025,74.04,74.01,74.0398,47909
2026-07-16 12:55:00,74.035,74.05,73.99,73.99,97993
2026-07-16 12:56:00,74,74.02,73.98,74.01,49601
2026-07-16 12:57:00,74.005,74.01,73.94,73.96,46473
2026-07-16 12:58:00,73.95,73.98,73.92,73.97,44243
2026-07-16 12:59:00,73.98,73.995,73.96,73.98,34862
2026-07-16 13:00:00,73.985,73.995,73.95,73.99,84622
2026-07-16 13:01:00,73.985,74,73.95,73.975,63179
2026-07-16 13:02:00,73.975,73.985,73.835,73.84,129937
2026-07-16 13:03:00,73.84,73.8722,73.82,73.86,65741
2026-07-16 13:04:00,73.8661,73.91,73.86,73.905,43488
2026-07-16 13:05:00,73.9001,73.94,73.875,73.93,74775
2026-07-16 13:06:00,73.925,73.94,73.92,73.925,37143
2026-07-16 13:07:00,73.925,73.94,73.87,73.87,71893
2026-07-16 13:08:00,73.8748,73.89,73.855,73.875,53378
2026-07-16 13:09:00,73.875,73.885,73.8,73.825,77071
2026-07-16 13:10:00,73.825,73.89,73.81,73.865,39489
2026-07-16 13:11:00,73.865,73.9,73.85,73.885,41740
2026-07-16 13:12:00,73.885,73.92,73.8721,73.875,44677
2026-07-16 13:13:00,73.875,73.8999,73.855,73.89,39313
2026-07-16 13:14:00,73.89,73.935,73.885,73.907,44149
2026-07-16 13:15:00,73.905,73.945,73.905,73.91,42661
2026-07-16 13:16:00,73.915,73.96,73.9103,73.955,40484
2026-07-16 13:17:00,73.955,74.02,73.95,74.005,45302
2026-07-16 13:18:00,74.005,74.015,73.94,73.962,55910
2026-07-16 13:19:00,73.97,73.99,73.95,73.97,47886
2026-07-16 13:20:00,73.96,74,73.9401,73.955,38521
2026-07-16 13:21:00,73.955,74.05,73.925,73.93,152811
2026-07-16 13:22:00,73.94,73.9599,73.93,73.945,50912
2026-07-16 13:23:00,73.94,73.945,73.92,73.945,54488
2026-07-16 13:24:00,73.945,73.99,73.935,73.9699,29670
2026-07-16 13:25:00,73.965,74.08,73.965,74.03,202320
2026-07-16 13:26:00,74.025,74.055,74.01,74.05,45926
2026-07-16 13:27:00,74.05,74.05,73.995,74.015,30474
2026-07-16 13:28:00,74.02,74.04,74.005,74.035,88959
2026-07-16 13:29:00,74.035,74.095,74.025,74.07,76831
2026-07-16 13:30:00,74.0698,74.11,74.06,74.095,75743
2026-07-16 13:31:00,74.0995,74.115,74.0801,74.115,78064
2026-07-16 13:32:00,74.115,74.1397,74.06,74.065,44782
2026-07-16 13:33:00,74.065,74.11,74.04,74.065,55486
2026-07-16 13:34:00,74.06,74.07,74.005,74.015,25120
2026-07-16 13:35:00,74.015,74.04,73.99,74.005,63615
2026-07-16 13:36:00,74.01,74.015,73.97,74,30596
2026-07-16 13:37:00,73.99,73.995,73.905,73.91,28476
2026-07-16 13:38:00,73.91,73.93,73.85,73.86,57903
2026-07-16 13:39:00,73.851,73.87,73.82,73.835,55005
2026-07-16 13:40:00,73.83,73.8503,73.78,73.78,79003
2026-07-16 13:41:00,73.78,73.81,73.77,73.81,58461
2026-07-16 13:42:00,73.805,73.8118,73.775,73.795,33276
2026-07-16 13:43:00,73.795,73.84,73.78,73.835,54186
2026-07-16 13:44:00,73.835,73.865,73.825,73.8568,50380
2026-07-16 13:45:00,73.86,73.8799,73.84,73.855,39574
2026-07-16 13:46:00,73.855,73.87,73.78,73.785,99048
2026-07-16 13:47:00,73.785,73.9053,73.775,73.895,83861
2026-07-16 13:48:00,73.9,73.93,73.88,73.91,44510
2026-07-16 13:49:00,73.915,73.9325,73.9,73.915,64255
2026-07-16 13:50:00,73.92,74.01,73.91,73.98,85922
2026-07-16 13:51:00,73.985,74.01,73.95,73.99,57055
2026-07-16 13:52:00,73.99,74,73.96,73.974,48156
2026-07-16 13:53:00,73.9705,73.995,73.95,73.98,73275
2026-07-16 13:54:00,73.98,74,73.96,73.985,95695
2026-07-16 13:55:00,73.99,73.99,73.955,73.985,37083
2026-07-16 13:56:00,73.98,74.06,73.975,74.035,124835
2026-07-16 13:57:00,74.035,74.05,73.97,74.005,74861
2026-07-16 13:58:00,74.005,74.03,73.9799,74.01,46546
2026-07-16 13:59:00,74.005,74.0773,74,74.06,49247
2026-07-16 14:00:00,74.07,74.09,73.99,73.99,53718
2026-07-16 14:01:00,73.99,73.9999,73.935,73.9801,50542
2026-07-16 14:02:00,73.9801,74.03,73.965,74.0299,38131
2026-07-16 14:03:00,74.03,74.055,74.02,74.04,36628
2026-07-16 14:04:00,74.0351,74.1,74.025,74.075,51177
2026-07-16 14:05:00,74.075,74.1,74.055,74.075,71107
2026-07-16 14:06:00,74.07,74.09,74.035,74.055,35504
2026-07-16 14:07:00,74.0599,74.0599,73.95,73.985,94434
2026-07-16 14:08:00,73.99,74.055,73.9829,74.045,83718
2026-07-16 14:09:00,74.04,74.0799,74.02,74.065,56319
2026-07-16 14:10:00,74.065,74.0799,74,74.0001,58878
2026-07-16 14:11:00,74.0033,74.04,73.975,74,115863
2026-07-16 14:12:00,74,74.015,73.95,73.955,30793
2026-07-16 14:13:00,73.955,74.01,73.93,73.98,85367
2026-07-16 14:14:00,73.98,74.005,73.95,74,41699
2026-07-16 14:15:00,74.005,74.01,73.955,73.985,55218
2026-07-16 14:16:00,73.98,73.9999,73.96,73.965,38251
2026-07-16 14:17:00,73.965,73.98,73.91,73.9199,52971
2026-07-16 14:18:00,73.9102,73.98,73.9,73.97,100882
2026-07-16 14:19:00,73.975,73.985,73.96,73.9699,41087
2026-07-16 14:20:00,73.965,74.085,73.96,74.085,120256
2026-07-16 14:21:00,74.0801,74.16,74.0601,74.16,65580
2026-07-16 14:22:00,74.16,74.2199,74.16,74.185,53911
2026-07-16 14:23:00,74.185,74.25,74.165,74.21,47197
2026-07-16 14:24:00,74.215,74.235,74.1901,74.205,81278
2026-07-16 14:25:00,74.2,74.2672,74.1955,74.2554,65495
2026-07-16 14:26:00,74.25,74.2599,74.21,74.235,95039
2026-07-16 14:27:00,74.23,74.26,74.22,74.235,36294
2026-07-16 14:28:00,74.235,74.26,74.21,74.26,80054
2026-07-16 14:29:00,74.255,74.29,74.2547,74.285,33536
2026-07-16 14:30:00,74.29,74.3195,74.265,74.295,135009
2026-07-16 14:31:00,74.295,74.345,74.285,74.315,118221
2026-07-16 14:32:00,74.325,74.325,74.255,74.3095,85020
2026-07-16 14:33:00,74.305,74.32,74.29,74.31,38143
2026-07-16 14:34:00,74.315,74.35,74.255,74.275,106203
2026-07-16 14:35:00,74.28,74.35,74.265,74.34,84782
2026-07-16 14:36:00,74.335,74.34,74.26,74.265,72597
2026-07-16 14:37:00,74.265,74.29,74.26,74.265,59721
2026-07-16 14:38:00,74.265,74.29,74.25,74.2899,100614
2026-07-16 14:39:00,74.285,74.32,74.2703,74.285,81241
2026-07-16 14:40:00,74.29,74.31,74.25,74.265,113818
2026-07-16 14:41:00,74.265,74.29,74.235,74.2799,117593
2026-07-16 14:42:00,74.28,74.28,74.25,74.27,80627
2026-07-16 14:43:00,74.27,74.32,74.26,74.32,55913
2026-07-16 14:44:00,74.315,74.34,74.275,74.315,101964
2026-07-16 14:45:00,74.32,74.3355,74.3,74.325,55757
2026-07-16 14:46:00,74.32,74.34,74.3,74.34,74625
2026-07-16 14:47:00,74.34,74.345,74.27,74.315,77957
2026-07-16 14:48:00,74.315,74.315,74.275,74.2938,54954
2026-07-16 14:49:00,74.29,74.305,74.28,74.285,66990
2026-07-16 14:50:00,74.285,74.3063,74.12,74.22,284377
2026-07-16 14:51:00,74.2262,74.245,74.2,74.205,47301
2026-07-16 14:52:00,74.21,74.3098,74.16,74.3098,90182
2026-07-16 14:53:00,74.3,74.33,74.265,74.275,68487
2026-07-16 14:54:00,74.275,74.3,74.25,74.2801,60246
2026-07-16 14:55:00,74.285,74.31,74.265,74.2698,60455
2026-07-16 14:56:00,74.265,74.315,74.24,74.315,209668
2026-07-16 14:57:00,74.315,74.3299,74.28,74.315,133950
2026-07-16 14:58:00,74.315,74.43,74.315,74.4,112173
2026-07-16 14:59:00,74.405,74.405,74.36,74.385,112818
2026-07-16 15:00:00,74.385,74.385,74.33,74.38,100383
2026-07-16 15:01:00,74.39,74.4,74.36,74.395,79330
2026-07-16 15:02:00,74.395,74.425,74.37,74.395,89662
2026-07-16 15:03:00,74.395,74.395,74.1,74.125,514545
2026-07-16 15:04:00,74.1236,74.17,74.08,74.17,95027
2026-07-16 15:05:00,74.175,74.22,74.15,74.195,118369
2026-07-16 15:06:00,74.2,74.215,73.93,73.935,307082
2026-07-16 15:07:00,73.93,73.945,73.68,73.7095,223828
2026-07-16 15:08:00,73.71,73.83,73.71,73.755,163876
2026-07-16 15:09:00,73.755,73.92,73.74,73.905,149676
2026-07-16 15:10:00,73.91,73.92,73.86,73.885,145515
2026-07-16 15:11:00,73.885,74.065,73.875,74.025,160781
2026-07-16 15:12:00,74.025,74.06,73.98,74.03,164807
2026-07-16 15:13:00,74.04,74.115,73.96,74.015,303534
2026-07-16 15:14:00,74.01,74.03,73.9275,73.935,191484
2026-07-16 15:15:00,73.935,73.945,73.76,73.795,181632
2026-07-16 15:16:00,73.79,73.95,73.78,73.925,160201
2026-07-16 15:17:00,73.925,73.95,73.87,73.87,111482
2026-07-16 15:18:00,73.875,73.895,73.71,73.755,96931
2026-07-16 15:19:00,73.755,73.845,73.71,73.835,153883
2026-07-16 15:20:00,73.835,73.845,73.75,73.775,247918
2026-07-16 15:21:00,73.78,73.835,73.655,73.695,190445
2026-07-16 15:22:00,73.695,73.83,73.69,73.785,79893
2026-07-16 15:23:00,73.79,73.795,73.73,73.755,108021
2026-07-16 15:24:00,73.76,73.8,73.72,73.72,80646
2026-07-16 15:25:00,73.71,73.82,73.68,73.82,144119
2026-07-16 15:26:00,73.83,73.835,73.7601,73.795,126363
2026-07-16 15:27:00,73.795,73.795,73.655,73.7,111447
2026-07-16 15:28:00,73.6924,73.75,73.64,73.725,118810
2026-07-16 15:29:00,73.725,73.8,73.69,73.725,111020
2026-07-16 15:30:00,73.73,73.84,73.66,73.69,203894
2026-07-16 15:31:00,73.69,73.695,73.58,73.645,312325
2026-07-16 15:32:00,73.645,73.69,73.615,73.645,97462
2026-07-16 15:33:00,73.645,73.7,73.62,73.695,140013
2026-07-16 15:34:00,73.7,73.78,73.665,73.7664,117838
2026-07-16 15:35:00,73.765,73.83,73.765,73.795,169152
2026-07-16 15:36:00,73.795,74.0499,73.79,74.045,332223
2026-07-16 15:37:00,74.045,74.12,74.02,74.025,206033
2026-07-16 15:38:00,74.025,74.07,73.96,74.065,320989
2026-07-16 15:39:00,74.065,74.095,73.99,74.015,523857
2026-07-16 15:40:00,74.01,74.015,73.76,73.7698,256244
2026-07-16 15:41:00,73.765,73.77,73.61,73.62,156321
2026-07-16 15:42:00,73.62,73.7,73.59,73.635,184262
2026-07-16 15:43:00,73.635,73.635,73.47,73.58,303336
2026-07-16 15:44:00,73.585,73.5877,73.42,73.535,299510
2026-07-16 15:45:00,73.535,73.67,73.505,73.635,413680
2026-07-16 15:46:00,73.635,73.71,73.57,73.65,244496
2026-07-16 15:47:00,73.65,73.655,73.5573,73.575,219839
2026-07-16 15:48:00,73.575,73.58,73.49,73.53,377687
2026-07-16 15:49:00,73.535,73.64,73.44,73.615,334205
2026-07-16 15:50:00,73.62,73.75,73.555,73.69,285992
2026-07-16 15:51:00,73.68,73.88,73.68,73.83,314952
2026-07-16 15:52:00,73.82,73.91,73.82,73.875,261101
2026-07-16 15:53:00,73.87,73.9964,73.86,73.93,332983
2026-07-16 15:54:00,73.92,73.99,73.74,73.92,462429
2026-07-16 15:55:00,73.93,74.11,73.93,74.085,605508
2026-07-16 15:56:00,74.09,74.17,73.975,74.01,655515
2026-07-16 15:57:00,74.005,74.2,73.98,74.1501,684308
2026-07-16 15:58:00,74.155,74.35,74.12,74.35,799396
2026-07-16 15:59:00,74.34,74.68,74.26,74.56,2174024
2026-07-16 16:00:00,74.54,75.32,74.34,75.0206,7056980
2026-07-16 16:01:00,74.8,75.04,71.73,72,495515
2026-07-16 16:02:00,72.01,76.18,71.59,74.9799,548530
2026-07-16 16:03:00,74.8285,76.67,74.11,75,470695
2026-07-16 16:04:00,75,75.32,72.24,72.45,406691
2026-07-16 16:05:00,72.37,72.47,70.76,71.1,520544
2026-07-16 16:06:00,71.11,71.8297,70.81,71.38,385048
2026-07-16 16:07:00,71.4248,71.6,70.55,70.6,288294
2026-07-16 16:08:00,70.6,70.99,69.49,69.7,659873
2026-07-16 16:09:00,69.79,70.59,69.6,70.23,468982
2026-07-16 16:10:00,70.37,70.48,69.87,70.1,400677
2026-07-16 16:11:00,70.095,70.4,69.72,70.1997,411200
2026-07-16 16:12:00,70.2,70.35,69.73,70,338589
2026-07-16 16:13:00,69.999,70.1,69.83,69.89,182795
2026-07-16 16:14:00,69.95,69.9606,68.78,68.88,408746
2026-07-16 16:15:00,68.9,68.94,67.95,67.95,574632
2026-07-16 16:16:00,68,68.36,67.88,68.21,503846
2026-07-16 16:17:00,68.2299,68.44,68,68.25,271228
2026-07-16 16:18:00,68.2861,68.73,68.09,68.6,293083
2026-07-16 16:19:00,68.6001,68.83,68.5,68.72,196679
2026-07-16 16:20:00,68.74,68.78,67.85,68.3,425937
2026-07-16 16:21:00,68.29,68.35,67.77,67.8267,391678
2026-07-16 16:22:00,67.87,68,67.4,67.85,355402
2026-07-16 16:23:00,67.96,68.25,67.7,68.08,227282
2026-07-16 16:24:00,68.09,68.47,67.85,68.46,199206
2026-07-16 16:25:00,68.48,68.56,68.3,68.4806,146733
2026-07-16 16:26:00,68.5,68.68,68.32,68.4363,178257
2026-07-16 16:27:00,68.4861,68.61,68.35,68.4892,147256
2026-07-16 16:28:00,68.43,68.8395,68.43,68.46,153249
2026-07-16 16:29:00,68.47,68.55,68.31,68.49,152356
2026-07-16 16:30:00,68.4655,68.55,68.35,68.4,81356
2026-07-16 16:31:00,68.39,68.6,68.11,68.56,172795
2026-07-16 16:32:00,68.5731,68.74,68.37,68.7,106152
2026-07-16 16:33:00,68.7,68.9,68.35,68.4597,93976
2026-07-16 16:34:00,68.43,68.6,68.35,68.56,84699
2026-07-16 16:35:00,68.59,69.1274,68.55,68.9129,132669
2026-07-16 16:36:00,68.902,69.1707,68.84,68.9585,114602
2026-07-16 16:37:00,68.95,69.2,68.9301,69.16,116200
2026-07-16 16:38:00,69.18,69.18,68.78,68.79,124146
2026-07-16 16:39:00,68.76,68.9563,68.65,68.81,75429
2026-07-16 16:40:00,68.89,68.9899,68.75,68.8608,61400
2026-07-16 16:41:00,68.87,68.91,68.6,68.91,70152
2026-07-16 16:42:00,68.9,68.9199,68.7,68.8,42038
2026-07-16 16:43:00,68.78,68.81,68.56,68.6562,53071
2026-07-16 16:44:00,68.6624,68.8,68.41,68.65,108386
2026-07-16 16:45:00,68.565,68.67,68.4,68.55,69149
2026-07-16 16:46:00,68.49,68.6252,68.45,68.5733,26805
2026-07-16 16:47:00,68.56,68.75,68.48,68.51,72545
2026-07-16 16:48:00,68.45,68.57,68.16,68.3318,98450
2026-07-16 16:49:00,68.4,68.5192,68.3328,68.4838,31734
2026-07-16 16:50:00,68.4899,68.51,68.38,68.4978,35294
2026-07-16 16:51:00,68.48,68.6,68.4022,68.48,41577
2026-07-16 16:52:00,68.48,68.55,68.33,68.5,30649
2026-07-16 16:53:00,68.33,68.5,68.33,68.4804,17565
2026-07-16 16:54:00,68.49,68.5,68.43,68.485,20649
2026-07-16 16:55:00,68.5,68.5,68.42,68.473,30096
2026-07-16 16:56:00,68.4761,68.5,68.33,68.4049,26510
2026-07-16 16:57:00,68.45,68.48,68.4,68.45,18325
2026-07-16 16:58:00,68.4517,68.51,68.4517,68.4705,66352
2026-07-16 16:59:00,68.49,68.5,68.41,68.48,17511
2026-07-16 17:00:00,68.49,68.5,68.22,68.2532,48012
2026-07-16 17:01:00,68.23,68.3553,67.66,67.81,212391
2026-07-16 17:02:00,67.8492,67.95,67.74,67.83,88533
2026-07-16 17:03:00,67.8297,67.83,67.46,67.5922,144747
2026-07-16 17:04:00,67.58,67.7884,67.34,67.78,151025
2026-07-16 17:05:00,67.7897,67.79,67.61,67.73,67239
2026-07-16 17:06:00,67.73,67.99,67.71,67.8807,71100
2026-07-16 17:07:00,67.8885,67.95,67.7,67.91,44843
2026-07-16 17:08:00,67.88,67.95,67.8,67.89,23408
2026-07-16 17:09:00,67.88,68.38,67.8512,68.33,82435
2026-07-16 17:10:00,68.2694,68.34,68,68.0365,43819
2026-07-16 17:11:00,68.0376,68.17,68.01,68.11,33448
2026-07-16 17:12:00,68.14,68.14,67.8,67.89,59971
2026-07-16 17:13:00,67.9,68,67.85,67.95,24841
2026-07-16 17:14:00,67.946,67.95,67.58,67.59,56553
2026-07-16 17:15:00,67.7,67.95,67.6,67.9,53430
2026-07-16 17:16:00,67.95,67.95,67.79,67.86,31876
2026-07-16 17:17:00,67.85,67.9,67.65,67.83,63378
2026-07-16 17:18:00,67.85,68.1,67.78,67.9633,50801
2026-07-16 17:19:00,67.9201,67.96,67.83,67.94,20394
2026-07-16 17:20:00,67.91,68.1,67.8892,68.0239,29122
2026-07-16 17:21:00,68.0721,68.1,67.91,68,53191
2026-07-16 17:22:00,67.98,68.1,67.91,67.99,35094
2026-07-16 17:23:00,67.94,68,67.78,67.87,26192
2026-07-16 17:24:00,67.8155,67.99,67.8,67.97,24793
2026-07-16 17:25:00,67.9277,68.15,67.91,68,44345
2026-07-16 17:26:00,68,68.05,68,68.03,21634
2026-07-16 17:27:00,68.0292,68.19,68.0104,68.14,22995
2026-07-16 17:28:00,68.14,68.15,68.1,68.112,18954
2026-07-16 17:29:00,68.07,68.11,67.88,67.9999,24932
2026-07-16 17:30:00,67.9,68,67.9,67.9998,24464
2026-07-16 17:31:00,67.995,67.995,67.9,67.93,17129
2026-07-16 17:32:00,67.96,68.04,67.94,68.04,29823
2026-07-16 17:33:00,68.04,68.05,67.9801,67.9801,14958
2026-07-16 17:34:00,67.9899,67.99,67.94,67.9531,18139
2026-07-16 17:35:00,67.95,67.99,67.8807,67.98,28083
2026-07-16 17:36:00,67.98,67.99,67.92,67.9293,20019
2026-07-16 17:37:00,67.9254,67.94,67.79,67.85,41696
2026-07-16 17:38:00,67.8895,67.9469,67.85,67.93,22783
2026-07-16 17:39:00,67.93,68.05,67.93,68.01,36304
2026-07-16 17:40:00,68.03,68.03,67.96,68,23019
2026-07-16 17:41:00,67.9999,68.05,67.99,68.04,23896
2026-07-16 17:42:00,68.0403,68.14,68.0403,68.12,21935
2026-07-16 17:43:00,68.11,68.35,68.11,68.3123,93191
2026-07-16 17:44:00,68.2901,68.4,68.29,68.4,39956
2026-07-16 17:45:00,68.3944,68.4,68.3,68.31,23535
2026-07-16 17:46:00,68.3,68.39,68.28,68.3383,36338
2026-07-16 17:47:00,68.3015,68.34,68.21,68.25,23194
2026-07-16 17:48:00,68.25,68.3,68.2101,68.3,15736
2026-07-16 17:49:00,68.2604,68.3,68.26,68.28,16841
2026-07-16 17:50:00,68.265,68.3,68.23,68.3,23552
2026-07-16 17:51:00,68.2997,68.3,68.23,68.23,12773
2026-07-16 17:52:00,68.25,68.25,68.1518,68.25,23489
2026-07-16 17:53:00,68.2795,68.3788,68.18,68.2024,44416
2026-07-16 17:54:00,68.2036,68.21,68.12,68.12,27402
2026-07-16 17:55:00,68.1105,68.14,68.08,68.1282,39765
2026-07-16 17:56:00,68.129,68.16,68.12,68.157,11919
2026-07-16 17:57:00,68.19,68.2,68.1507,68.1769,9972
2026-07-16 17:58:00,68.1602,68.225,68.1602,68.2,23761
2026-07-16 17:59:00,68.2,68.2,68.14,68.19,23037
2026-07-16 18:00:00,68.19,68.35,68.19,68.3246,18737
2026-07-16 18:01:00,68.32,68.33,68.3,68.3091,13626
2026-07-16 18:02:00,68.295,68.39,68.295,68.3754,34432
2026-07-16 18:03:00,68.38,68.4,68.36,68.37,22656
2026-07-16 18:04:00,68.36,68.3693,68.2343,68.33,15099
2026-07-16 18:05:00,68.34,68.35,68.3,68.3381,16049
2026-07-16 18:06:00,68.3363,68.3363,68.31,68.32,2950
2026-07-16 18:07:00,68.329,68.3497,68.31,68.3497,13856
2026-07-16 18:08:00,68.3301,68.34,68.25,68.275,12150
2026-07-16 18:09:00,68.2503,68.2938,68.2,68.21,24490
2026-07-16 18:10:00,68.21,68.2488,68.14,68.17,21744
2026-07-16 18:11:00,68.15,68.2,68.15,68.2,10188
2026-07-16 18:12:00,68.1985,68.265,68.1715,68.25,11814
2026-07-16 18:13:00,68.25,68.26,68.17,68.2499,12219
2026-07-16 18:14:00,68.235,68.25,68.2,68.25,8192
2026-07-16 18:15:00,68.2246,68.25,68.22,68.25,11225
2026-07-16 18:16:00,68.2402,68.32,68.2402,68.3,21303
2026-07-16 18:17:00,68.3,68.35,68.3,68.34,8794
2026-07-16 18:18:00,68.3474,68.3482,68.33,68.33,6555
2026-07-16 18:19:00,68.33,68.34,68.28,68.2822,16340
2026-07-16 18:20:00,68.284,68.3,68.1,68.1556,16559
2026-07-16 18:21:00,68.151,68.2,68.14,68.18,12371
2026-07-16 18:22:00,68.2,68.3,68.1862,68.3,3664
2026-07-16 18:23:00,68.2788,68.29,68.26,68.26,12822
2026-07-16 18:24:00,68.28,68.28,68.2,68.2,7625
2026-07-16 18:25:00,68.2017,68.25,68.14,68.16,17849
2026-07-16 18:26:00,68.15,68.17,67.99,68.0362,61614
2026-07-16 18:27:00,68.0062,68.04,68,68.03,8963
2026-07-16 18:28:00,68,68.05,68,68.03,5466
2026-07-16 18:29:00,68.04,68.075,68.02,68.05,10042
2026-07-16 18:30:00,68.05,68.1,68.05,68.0992,9478
2026-07-16 18:31:00,68.08,68.18,68.08,68.1015,11873
2026-07-16 18:32:00,68.1058,68.1699,68.1007,68.12,4600
2026-07-16 18:33:00,68.11,68.13,68.075,68.09,13030
2026-07-16 18:34:00,68.09,68.115,68.0804,68.11,4754
2026-07-16 18:35:00,68.1,68.115,68,68.0491,39136
2026-07-16 18:36:00,68.06,68.06,68,68.0209,18668
2026-07-16 18:37:00,68.0231,68.08,68.0231,68.0546,2955
2026-07-16 18:38:00,68.08,68.1,68.08,68.0999,5181
2026-07-16 18:39:00,68.1,68.2,68.0999,68.16,6387
2026-07-16 18:40:00,68.17,68.17,68.0862,68.088,4545
2026-07-16 18:41:00,68.09,68.09,68.05,68.06,3300
2026-07-16 18:42:00,68.0683,68.12,68.0503,68.116,8976
2026-07-16 18:43:00,68.1176,68.1499,68.1101,68.12,6099
2026-07-16 18:44:00,68.13,68.1499,68.0655,68.1,5446
2026-07-16 18:45:00,68.1,68.15,68.05,68.0998,5089
2026-07-16 18:46:00,68.0991,68.15,68.0991,68.149,15206
2026-07-16 18:47:00,68.15,68.15,68.11,68.13,4910
2026-07-16 18:48:00,68.15,68.19,68.13,68.17,18007
2026-07-16 18:49:00,68.18,68.19,68.16,68.16,9735
2026-07-16 18:50:00,68.1792,68.1792,68.05,68.05,13147
2026-07-16 18:51:00,68.06,68.08,68,68.03,22741
2026-07-16 18:52:00,68.02,68.0266,67.89,67.9708,24617
2026-07-16 18:53:00,67.98,68,67.88,67.9186,23593
2026-07-16 18:54:00,67.91,67.91,67.85,67.8762,13157
2026-07-16 18:55:00,67.9,67.9,67.86,67.86,12131
2026-07-16 18:56:00,67.85,67.85,67.81,67.82,18577
2026-07-16 18:57:00,67.8199,67.8385,67.76,67.82,36928
2026-07-16 18:58:00,67.84,67.9,67.84,67.8965,11505
2026-07-16 18:59:00,67.8977,67.97,67.82,67.906,7985
2026-07-16 19:00:00,67.9042,67.93,67.8585,67.8923,23248
2026-07-16 19:01:00,67.8513,67.9,67.8513,67.8698,8694
2026-07-16 19:02:00,67.8699,67.95,67.8601,67.9,9231
2026-07-16 19:03:00,67.95,68,67.9,68,16613
2026-07-16 19:04:00,68,68,67.95,67.958,16039
2026-07-16 19:05:00,67.9838,68.0959,67.97,68.0959,14225
2026-07-16 19:06:00,68.07,68.08,68.0227,68.04,6014
2026-07-16 19:07:00,68.0411,68.08,68,68.0447,9237
2026-07-16 19:08:00,68,68,67.83,67.9,14090
2026-07-16 19:09:00,67.88,67.92,67.88,67.8985,6961
2026-07-16 19:10:00,67.8901,67.98,67.83,67.95,70043
2026-07-16 19:11:00,67.9019,67.9883,67.79,67.79,20406
2026-07-16 19:12:00,67.8093,67.86,67.77,67.8538,6207
2026-07-16 19:13:00,67.83,67.86,67.8,67.83,8427
2026-07-16 19:14:00,67.8292,67.84,67.611,67.6575,26108
2026-07-16 19:15:00,67.61,67.73,67.59,67.6503,20858
2026-07-16 19:16:00,67.73,67.73,67.53,67.5805,11756
2026-07-16 19:17:00,67.5758,67.5791,67.54,67.5585,7367
2026-07-16 19:18:00,67.55,67.56,67.51,67.55,11589
2026-07-16 19:19:00,67.55,67.6773,67.5498,67.6,14210
2026-07-16 19:20:00,67.55,67.62,67.54,67.61,6966
2026-07-16 19:21:00,67.62,67.6704,67.6001,67.6098,7972
2026-07-16 19:22:00,67.6097,67.63,67.6085,67.62,6915
2026-07-16 19:23:00,67.6103,67.68,67.61,67.67,22535
2026-07-16 19:24:00,67.6681,67.67,67.65,67.67,4323
2026-07-16 19:25:00,67.67,67.67,67.6174,67.6174,7034
2026-07-16 19:26:00,67.6499,67.6499,67.56,67.5769,10406
2026-07-16 19:27:00,67.5773,67.67,67.5611,67.64,13567
2026-07-16 19:28:00,67.67,67.77,67.6504,67.7509,19627
2026-07-16 19:29:00,67.7669,67.86,67.7504,67.7838,14674
2026-07-16 19:30:00,67.78,67.78,67.7307,67.7793,6569
2026-07-16 19:31:00,67.78,67.7908,67.75,67.79,3072
2026-07-16 19:32:00,67.7831,67.82,67.78,67.82,10278
2026-07-16 19:33:00,67.81,67.82,67.72,67.75,13990
2026-07-16 19:34:00,67.71,67.82,67.71,67.82,3721
2026-07-16 19:35:00,67.82,67.82,67.78,67.78,5595
2026-07-16 19:36:00,67.79,67.79,67.76,67.7624,3156
2026-07-16 19:37:00,67.7788,67.78,67.7,67.7097,9410
2026-07-16 19:38:00,67.7,67.76,67.69,67.76,18046
2026-07-16 19:39:00,67.79,67.83,67.7241,67.7977,28886
2026-07-16 19:40:00,67.77,67.77,67.69,67.69,8644
2026-07-16 19:41:00,67.68,67.7,67.64,67.66,6716
2026-07-16 19:42:00,67.66,67.66,67.6407,67.66,7560
2026-07-16 19:43:00,67.644,67.66,67.64,67.6497,4286
2026-07-16 19:44:00,67.65,67.69,67.64,67.69,8573
2026-07-16 19:45:00,67.6999,67.71,67.68,67.6815,7507
2026-07-16 19:46:00,67.68,67.6988,67.67,67.67,3883
2026-07-16 19:47:00,67.6685,67.67,67.59,67.6,21369
2026-07-16 19:48:00,67.61,67.62,67.5715,67.6101,20718
2026-07-16 19:49:00,67.61,67.61,67.58,67.585,11475
2026-07-16 19:50:00,67.58,67.632,67.58,67.61,14168
2026-07-16 19:51:00,67.6,67.6,67.58,67.5901,14087
2026-07-16 19:52:00,67.6,67.6,67.58,67.59,6670
2026-07-16 19:53:00,67.5896,67.6,67.57,67.59,8111
2026-07-16 19:54:00,67.5985,67.7669,67.59,67.7669,11191
2026-07-16 19:55:00,67.75,67.8,67.7,67.71,9293
2026-07-16 19:56:00,67.7,67.75,67.7,67.7288,8974
2026-07-16 19:57:00,67.73,67.73,67.7,67.72,11985
2026-07-16 19:58:00,67.7382,67.78,67.72,67.76,15272
2026-07-16 19:59:00,67.78,67.78,67.61,67.62,19845
2026-07-17 04:00:00,68,68.08,67.3169,67.96,73189
2026-07-17 04:01:00,67.95,68,67.31,67.59,62463
2026-07-17 04:02:00,67.65,67.9,67.5,67.5,15486
2026-07-17 04:03:00,67.64,67.92,67.33,67.7,62992
2026-07-17 04:04:00,67.87,67.95,67.58,67.73,27389
2026-07-17 04:05:00,67.79,67.9,67.79,67.85,4493
2026-07-17 04:06:00,67.88,67.9,67.72,67.72,6974
2026-07-17 04:07:00,67.8,67.88,67.79,67.82,1770
2026-07-17 04:08:00,67.82,67.8666,67.69,67.7,6468
2026-07-17 04:09:00,67.67,67.67,67.52,67.52,6519
2026-07-17 04:10:00,67.51,67.53,67.396,67.45,9595
2026-07-17 04:11:00,67.43,67.45,67.3362,67.45,4502
2026-07-17 04:12:00,67.43,67.62,67.42,67.42,9558
2026-07-17 04:13:00,67.45,67.6,67.25,67.32,14859
2026-07-17 04:14:00,67.26,67.43,67.24,67.35,9489
2026-07-17 04:15:00,67.26,67.38,67.23,67.23,1128
2026-07-17 04:16:00,67.26,67.3405,67.08,67.1,12657
2026-07-17 04:17:00,67.08,67.22,67.07,67.2,4303
2026-07-17 04:18:00,67.1,67.3,67.1,67.13,1977
2026-07-17 04:19:00,67.14,67.14,66.9,66.97,22224
2026-07-17 04:20:00,66.97,67.05,66.81,67,8943
2026-07-17 04:21:00,66.95,67.14,66.95,67.1,2787
2026-07-17 04:22:00,67.1766,67.19,67,67.1,5037
2026-07-17 04:23:00,67.08,67.09,66.87,66.94,8884
2026-07-17 04:24:00,66.86,67,66.85,66.95,5379
2026-07-17 04:25:00,67,67.11,67,67.11,2594
2026-07-17 04:26:00,67.055,67.27,66.82,67.27,17167
2026-07-17 04:27:00,67.27,67.41,67.27,67.3,2064
2026-07-17 04:28:00,67.36,67.46,67.27,67.27,1539
2026-07-17 04:29:00,67.35,67.35,67.2,67.26,10539
2026-07-17 04:30:00,67.25,67.33,67.2,67.2,4644
2026-07-17 04:31:00,67.23,67.38,67.23,67.38,7200
2026-07-17 04:32:00,67.38,67.4,67.29,67.31,1961
2026-07-17 04:33:00,67.29,67.29,67.25,67.25,1886
2026-07-17 04:34:00,67.29,67.29,67.2,67.26,3998
2026-07-17 04:36:00,67.24,67.25,67.1218,67.24,3300
2026-07-17 04:37:00,67.26,67.26,67.26,67.26,1556
2026-07-17 04:38:00,67.3,67.3,67.26,67.27,920
2026-07-17 04:39:00,67.28,67.3,67.26,67.26,924
2026-07-17 04:40:00,67.31,67.35,67.23,67.23,2167
2026-07-17 04:41:00,67.2,67.2,67.18,67.18,200
2026-07-17 04:42:00,67.15,67.24,67.1,67.1,2029
2026-07-17 04:43:00,67.11,67.22,67.11,67.22,910
2026-07-17 04:44:00,67.19,67.22,67.19,67.21,1104
2026-07-17 04:45:00,67.1,67.2,67.1,67.15,1341
2026-07-17 04:46:00,67.2,67.28,67.2,67.28,2592
2026-07-17 04:47:00,67.2183,67.41,67.2183,67.4,4786
2026-07-17 04:48:00,67.42,67.42,67.3,67.3,500
2026-07-17 04:49:00,67.3,67.39,67.29,67.39,1230
2026-07-17 04:50:00,67.41,67.42,67.32,67.32,1195
2026-07-17 04:51:00,67.31,67.4,67.28,67.4,2076
2026-07-17 04:52:00,67.39,67.48,67.35,67.48,2628
2026-07-17 04:53:00,67.37,67.45,67.337,67.4,2512
2026-07-17 04:54:00,67.39,67.48,67.39,67.42,1855
2026-07-17 04:55:00,67.36,67.36,67.31,67.31,645
2026-07-17 04:57:00,67.29,67.29,67.29,67.29,100
2026-07-17 04:58:00,67.28,67.28,67.16,67.16,2735
2026-07-17 04:59:00,67.23,67.39,67.2,67.39,3730
2026-07-17 05:00:00,67.22,67.27,67.1943,67.2,682
2026-07-17 05:01:00,67.23,67.23,67.19,67.2,1782
2026-07-17 05:02:00,67.25,67.34,67.25,67.34,400
2026-07-17 05:03:00,67.35,67.35,67.14,67.25,13766
2026-07-17 05:04:00,67.23,67.23,67.23,67.23,418
2026-07-17 05:05:00,67.2806,67.2806,67.2806,67.2806,100
2026-07-17 05:06:00,67.32,67.42,67.25,67.36,10765
2026-07-17 05:08:00,67.34,67.35,67.26,67.26,584
2026-07-17 05:09:00,67.33,67.4074,67.32,67.4074,427
2026-07-17 05:10:00,67.3,67.3136,67.15,67.18,13184
2026-07-17 05:11:00,67.16,67.16,67.1,67.11,2225
2026-07-17 05:12:00,67.19,67.25,67.07,67.1,3590
2026-07-17 05:13:00,67.1,67.1006,67.07,67.07,796
2026-07-17 05:14:00,67.14,67.24,67.07,67.19,2793
2026-07-17 05:15:00,67.2,67.2,67,67.01,23158
2026-07-17 05:16:00,67.09,67.1,67.06,67.06,1112
2026-07-17 05:17:00,67.05,67.1,67.03,67.03,1282
2026-07-17 05:18:00,67.09,67.1,67.01,67.09,561
2026-07-17 05:19:00,67.08,67.15,67.08,67.15,701
2026-07-17 05:20:00,67.1,67.13,67.1,67.13,559
2026-07-17 05:21:00,67.1086,67.1086,67,67,6028
2026-07-17 05:22:00,67.05,67.11,67.05,67.1,2038
2026-07-17 05:23:00,67.13,67.25,67.13,67.25,1083
2026-07-17 05:24:00,67.29,67.41,67.2,67.3554,4046
2026-07-17 05:25:00,67.45,67.74,67.45,67.62,4632
2026-07-17 05:26:00,67.62,67.62,67.51,67.53,1749
2026-07-17 05:27:00,67.48,67.65,67.48,67.65,3150
2026-07-17 05:28:00,67.56,67.57,67.47,67.47,2501
2026-07-17 05:29:00,67.5,67.57,67.4,67.4,867
2026-07-17 05:30:00,67.57,67.57,67.37,67.37,584
2026-07-17 05:31:00,67.48,67.48,67.48,67.48,100
2026-07-17 05:32:00,67.5,67.5,67.38,67.385,1365
2026-07-17 05:33:00,67.32,67.45,67.24,67.32,4343
2026-07-17 05:34:00,67.37,67.37,67.34,67.37,5656
2026-07-17 05:35:00,67.37,67.37,67.37,67.37,606
2026-07-17 05:36:00,67.4,67.45,67.3,67.45,1841
2026-07-17 05:38:00,67.37,67.45,67.35,67.42,3136
2026-07-17 05:39:00,67.41,67.47,67.26,67.29,7542
2026-07-17 05:40:00,67.42,67.45,67.31,67.45,1937
2026-07-17 05:41:00,67.34,67.34,67.33,67.33,475
2026-07-17 05:42:00,67.32,67.32,67.32,67.32,262
2026-07-17 05:43:00,67.34,67.35,67.14,67.14,6634
2026-07-17 05:44:00,67.11,67.25,67.08,67.2,3228
2026-07-17 05:45:00,67.11,67.11,67.07,67.08,829
2026-07-17 05:46:00,67.2,67.45,67.19,67.45,11803
2026-07-17 05:47:00,67.32,67.32,67.32,67.32,384
2026-07-17 05:48:00,67.32,67.35,67.32,67.35,751
2026-07-17 05:49:00,67.25,67.41,67.25,67.41,1633
2026-07-17 05:50:00,67.3,67.4,67.2201,67.24,2678
2026-07-17 05:51:00,67.39,67.39,67.29,67.29,328
2026-07-17 05:52:00,67.28,67.28,67.28,67.28,400
2026-07-17 05:53:00,67.21,67.37,67.21,67.23,1510
2026-07-17 05:55:00,67.2,67.2,67.14,67.17,932
2026-07-17 05:56:00,67.19,67.19,67.1,67.1,882
2026-07-17 05:57:00,67.15,67.19,67.1,67.19,468
2026-07-17 05:58:00,67.2,67.2,67.1,67.1,922
2026-07-17 05:59:00,67.11,67.12,67.1,67.1,1199
2026-07-17 06:00:00,67.1,67.1,66.85,66.85,15422
2026-07-17 06:01:00,66.89,67.05,66.78,66.81,15258
2026-07-17 06:02:00,66.96,67,66.9,66.97,12474
2026-07-17 06:03:00,66.98,67.07,66.95,66.95,2692
2026-07-17 06:04:00,66.97,67,66.97,67,904
2026-07-17 06:05:00,67.1109,67.1669,67.06,67.1,4462
2026-07-17 06:06:00,67.1,67.15,67,67.03,12448
2026-07-17 06:07:00,67.04,67.08,67.04,67.08,1808
2026-07-17 06:08:00,67.05,67.1,67.05,67.1,579
2026-07-17 06:09:00,67.05,67.15,67,67.05,4136
2026-07-17 06:11:00,67.1,67.1,67,67,3779
2026-07-17 06:12:00,67.01,67.15,67.01,67.15,300
2026-07-17 06:13:00,67.1,67.19,67.069,67.069,850
2026-07-17 06:14:00,67.07,67.21,67.07,67.21,1455
2026-07-17 06:15:00,67.28,67.3,67.2,67.22,1648
2026-07-17 06:16:00,67.22,67.24,67.1152,67.24,1597
2026-07-17 06:17:00,67.19,67.28,67.19,67.28,4395
2026-07-17 06:18:00,67.33,67.44,67.33,67.4,2218
2026-07-17 06:19:00,67.3766,67.38,67.26,67.31,2747
2026-07-17 06:20:00,67.34,67.36,67.26,67.3,2257
2026-07-17 06:21:00,67.32,67.85,67.32,67.61,21751
2026-07-17 06:22:00,67.68,67.85,67.61,67.61,1007
2026-07-17 06:23:00,67.64,67.67,67.6,67.67,2982
2026-07-17 06:24:00,67.6548,67.71,67.37,67.45,20208
2026-07-17 06:25:00,67.48,67.49,67.3903,67.4,2494
2026-07-17 06:26:00,67.48,67.51,67.45,67.49,1256
2026-07-17 06:27:00,67.47,67.47,67.14,67.222,16563
2026-07-17 06:28:00,67.22,67.23,67.2,67.23,1914
2026-07-17 06:29:00,67.2,67.33,67.05,67.13,15747
2026-07-17 06:30:00,67.05,67.12,66.9,66.94,33010
2026-07-17 06:31:00,66.92,67,66.9,66.9,7868
2026-07-17 06:32:00,66.9,66.93,66.8053,66.83,4587
2026-07-17 06:33:00,66.9,66.9,66.73,66.78,14299
2026-07-17 06:34:00,66.79,66.8,66.73,66.78,5171
2026-07-17 06:35:00,66.79,66.7945,66.7589,66.76,890
2026-07-17 06:36:00,66.79,66.8102,66.56,66.59,39214
2026-07-17 06:37:00,66.55,66.59,66.55,66.59,7587
2026-07-17 06:38:00,66.59,66.59,66.57,66.585,18724
2026-07-17 06:39:00,66.58,66.589,66.51,66.52,11791
2026-07-17 06:40:00,66.58,66.59,66.56,66.59,3055
2026-07-17 06:41:00,66.58,66.82,66.5,66.82,15267
2026-07-17 06:42:00,66.77,66.78,66.73,66.75,1591
2026-07-17 06:43:00,66.75,66.94,66.75,66.94,2379
2026-07-17 06:44:00,66.95,67.08,66.84,66.84,26221
2026-07-17 06:45:00,66.9,66.94,66.86,66.86,11930
2026-07-17 06:46:00,66.9083,66.91,66.69,66.84,27938
2026-07-17 06:47:00,66.82,67,66.81,66.84,6105
2026-07-17 06:48:00,66.935,66.98,66.8,66.865,9828
2026-07-17 06:49:00,66.805,67.13,66.805,67.12,21355
2026-07-17 06:50:00,67.13,67.2,66.9,66.9,39203
2026-07-17 06:51:00,66.85,67,66.74,66.95,14522
2026-07-17 06:52:00,67.03,67.03,67,67,234
2026-07-17 06:53:00,67.01,67.09,66.8,66.83,20441
2026-07-17 06:54:00,66.9,67.01,66.81,66.96,7205
2026-07-17 06:55:00,66.98,67.19,66.98,67.08,4267
2026-07-17 06:56:00,67.1,67.1,66.98,66.98,4328
2026-07-17 06:57:00,67,67.2,67,67.1927,3277
2026-07-17 06:58:00,67.05,67.09,67.05,67.05,1000
2026-07-17 06:59:00,67.06,67.16,67.01,67.08,4023
2026-07-17 07:00:00,67.01,67.2661,66.945,67.1,51300
2026-07-17 07:01:00,67.11,67.2166,66.95,67.06,27377
2026-07-17 07:02:00,67.021,67.389,67.02,67.16,16675
2026-07-17 07:03:00,67.19,67.38,67.19,67.25,12780
2026-07-17 07:04:00,67.21,67.21,66.98,67,19257
2026-07-17 07:05:00,67,67.079,66.94,67.079,5295
2026-07-17 07:06:00,66.99,67.13,66.97,67.06,12032
2026-07-17 07:07:00,67.0321,67.1,67.0001,67.05,3180
2026-07-17 07:08:00,67.02,67.15,67,67.13,13193
2026-07-17 07:09:00,67.15,67.2,67.1,67.1,2495
2026-07-17 07:10:00,67.1,67.3,67.1,67.1501,10889
2026-07-17 07:11:00,67.15,67.2651,66.92,67.05,23459
2026-07-17 07:12:00,67.03,67.03,66.8,66.9441,114705
2026-07-17 07:13:00,66.8,66.85,66.72,66.7339,14412
2026-07-17 07:14:00,66.7962,66.81,66.65,66.72,19153
2026-07-17 07:15:00,66.73,66.89,66.72,66.89,4449
2026-07-17 07:16:00,66.9,66.9,66.75,66.75,20119
2026-07-17 07:17:00,66.88,66.88,66.67,66.75,16620
2026-07-17 07:18:00,66.7324,66.82,66.67,66.73,9508
2026-07-17 07:19:00,66.7889,66.82,66.67,66.82,10368
2026-07-17 07:20:00,66.79,66.85,66.7,66.85,19613
2026-07-17 07:21:00,66.88,66.9,66.82,66.84,17245
2026-07-17 07:22:00,66.81,66.88,66.7728,66.7728,15978
2026-07-17 07:23:00,66.8008,66.88,66.72,66.72,11339
2026-07-17 07:24:00,66.78,66.85,66.75,66.85,3453
2026-07-17 07:25:00,66.8308,66.85,66.6,66.7181,27675
2026-07-17 07:26:00,66.59,66.7499,66.46,66.5896,56142
2026-07-17 07:27:00,66.5139,66.5917,66.43,66.52,46086
2026-07-17 07:28:00,66.4655,66.5498,66.36,66.5,59628
2026-07-17 07:29:00,66.51,66.6205,66.51,66.6205,21356
2026-07-17 07:30:00,66.64,66.69,66.6,66.6,8921
2026-07-17 07:31:00,66.6292,66.6558,66.3638,66.3638,21057
2026-07-17 07:32:00,66.3515,66.5831,66.33,66.47,23652
2026-07-17 07:33:00,66.45,66.52,66.38,66.38,30125
2026-07-17 07:34:00,66.44,66.49,66.33,66.3514,73862
2026-07-17 07:35:00,66.35,66.35,66.2,66.33,77081
2026-07-17 07:36:00,66.31,66.35,66.3,66.32,11520
2026-07-17 07:37:00,66.35,66.35,66.3174,66.3499,15226
2026-07-17 07:38:00,66.31,66.35,66.3,66.3,28171
2026-07-17 07:39:00,66.26,66.31,66.16,66.25,59919
2026-07-17 07:40:00,66.2844,66.3,66.11,66.15,21156
2026-07-17 07:41:00,66.14,66.1798,66.05,66.12,42777
2026-07-17 07:42:00,66.1,66.12,65.94,66,100144
2026-07-17 07:43:00,66.02,66.02,65.87,65.93,30108
2026-07-17 07:44:00,65.9845,66,65.9,65.98,40310
2026-07-17 07:45:00,65.99,66,65.9,65.96,30296
2026-07-17 07:46:00,65.97,66,65.82,65.89,39736
2026-07-17 07:47:00,65.89,66.11,65.86,66.0896,52353
2026-07-17 07:48:00,66.08,66.172,66.0699,66.14,24045
2026-07-17 07:49:00,66.1116,66.18,66,66.11,44177
2026-07-17 07:50:00,66.1,66.19,66.0929,66.114,18116
2026-07-17 07:51:00,66.16,66.22,66.11,66.18,14567
2026-07-17 07:52:00,66.22,66.29,66.1813,66.25,26355
2026-07-17 07:53:00,66.23,66.27,66.18,66.23,21393
2026-07-17 07:54:00,66.21,66.3,66.2,66.23,34144
2026-07-17 07:55:00,66.24,66.29,66.0332,66.0332,17240
2026-07-17 07:56:00,66.12,66.15,66.02,66.05,14480
2026-07-17 07:57:00,66.03,66.084,65.9751,66.03,29093
2026-07-17 07:58:00,66,66.01,65.9493,65.98,18945
2026-07-17 07:59:00,66,66.07,65.96,66.07,8729
2026-07-17 08:00:00,66.07,66.13,66.0005,66.06,18838
2026-07-17 08:01:00,66.05,66.06,65.9,66,67193
2026-07-17 08:02:00,65.97,66.02,65.955,66.02,17463
2026-07-17 08:03:00,66.04,66.07,65.95,65.9944,20437
2026-07-17 08:04:00,65.98,66,65.92,66,24899
2026-07-17 08:05:00,65.99,66.1,65.92,65.9637,44324
2026-07-17 08:06:00,66,66.0443,65.95,66.0443,21313
2026-07-17 08:07:00,66.05,66.05,65.89,65.96,34930
2026-07-17 08:08:00,65.91,66.0499,65.9,66.04,21055
2026-07-17 08:09:00,66.05,66.0533,65.99,65.9959,13026
2026-07-17 08:10:00,66,66.06,65.92,65.92,21152
2026-07-17 08:11:00,65.95,66.02,65.9,66.02,22946
2026-07-17 08:12:00,66.03,66.19,66.0133,66.19,34808
2026-07-17 08:13:00,66.1874,66.27,66.08,66.2,62652
2026-07-17 08:14:00,66.19,66.22,66.1673,66.2,12556
2026-07-17 08:15:00,66.1975,66.26,65.97,65.97,43848
2026-07-17 08:16:00,65.96,66.03,65.88,65.93,44594
2026-07-17 08:17:00,65.97,65.99,65.86,65.95,18889
2026-07-17 08:18:00,65.9736,66.19,65.964,66.19,15893
2026-07-17 08:19:00,66.08,66.14,65.94,65.98,24688
2026-07-17 08:20:00,65.9618,65.9897,65.9,65.9626,13603
2026-07-17 08:21:00,65.98,65.9835,65.88,65.9835,16578
2026-07-17 08:22:00,65.9444,66.04,65.8,66.03,98946
2026-07-17 08:23:00,66.0046,66.13,66,66.13,20959
2026-07-17 08:24:00,66.0803,66.14,65.96,65.98,24876
2026-07-17 08:25:00,65.9995,66.09,65.98,65.98,20274
2026-07-17 08:26:00,66.0054,66.07,65.95,65.98,19478
2026-07-17 08:27:00,65.98,66.04,65.96,66.01,21142
2026-07-17 08:28:00,66.02,66.1,65.98,65.9928,20455
2026-07-17 08:29:00,66,66.07,65.96,66.07,32089
2026-07-17 08:30:00,66.1,66.17,66,66.0735,15947
2026-07-17 08:31:00,66.0693,66.18,66.0693,66.17,27406
2026-07-17 08:32:00,66.1701,66.24,66.15,66.17,60175
2026-07-17 08:33:00,66.17,66.19,65.95,65.99,76356
2026-07-17 08:34:00,65.9792,66,65.92,65.97,19099
2026-07-17 08:35:00,65.98,66,65.97,65.97,12770
2026-07-17 08:36:00,65.97,66,65.91,65.991,16786
2026-07-17 08:37:00,65.98,66,65.9255,65.95,13221
2026-07-17 08:38:00,65.95,66.01,65.91,66,21328
2026-07-17 08:39:00,65.98,66.0912,65.98,66.0843,8673
2026-07-17 08:40:00,66.09,66.14,66.02,66.03,18849
2026-07-17 08:41:00,66.03,66.08,65.99,66.07,37937
2026-07-17 08:42:00,66.05,66.25,66.02,66.2379,74563
2026-07-17 08:43:00,66.19,66.22,66.08,66.2,32302
2026-07-17 08:44:00,66.17,66.25,66.04,66.06,26424
2026-07-17 08:45:00,66.05,66.06,65.98,66.01,60546
2026-07-17 08:46:00,66,66.01,65.87,65.99,64296
2026-07-17 08:47:00,65.91,66,65.74,65.74,73441
2026-07-17 08:48:00,65.77,65.94,65.74,65.9,17841
2026-07-17 08:49:00,65.91,65.99,65.86,65.89,11834
2026-07-17 08:50:00,65.9,65.9605,65.85,65.9605,6963
2026-07-17 08:51:00,65.92,65.9694,65.82,65.9,20965
2026-07-17 08:52:00,65.85,65.9593,65.8,65.95,20580
2026-07-17 08:53:00,65.9,65.94,65.8244,65.9,11736
2026-07-17 08:54:00,65.86,65.9,65.81,65.9,8928
2026-07-17 08:55:00,65.874,65.95,65.86,65.92,6783
2026-07-17 08:56:00,65.93,66,65.9,65.9856,16169
2026-07-17 08:57:00,65.99,66.09,65.95,65.97,69856
2026-07-17 08:58:00,65.95,66.09,65.95,65.98,21696
2026-07-17 08:59:00,65.98,66,65.91,65.96,19352
2026-07-17 09:00:00,65.95,66,65.73,65.75,54739
2026-07-17 09:01:00,65.72,65.79,65.57,65.6724,61867
2026-07-17 09:02:00,65.67,65.7291,65.57,65.64,41490
2026-07-17 09:03:00,65.61,65.68,65.6,65.6619,29397
2026-07-17 09:04:00,65.6966,65.7,65.63,65.6565,27629
2026-07-17 09:05:00,65.67,65.7845,65.62,65.73,51218
2026-07-17 09:06:00,65.72,65.8,65.67,65.7,15491
2026-07-17 09:07:00,65.7445,65.75,65.56,65.6167,40874
2026-07-17 09:08:00,65.6158,65.74,65.61,65.72,10316
2026-07-17 09:09:00,65.7,65.7,65.52,65.55,60356
2026-07-17 09:10:00,65.55,65.65,65.5261,65.62,24244
2026-07-17 09:11:00,65.59,65.68,65.555,65.63,37364
2026-07-17 09:12:00,65.65,65.76,65.61,65.7312,23636
2026-07-17 09:13:00,65.65,65.7028,65.61,65.64,21703
2026-07-17 09:14:00,65.62,65.95,65.6,65.91,70885
2026-07-17 09:15:00,65.85,65.963,65.84,65.8675,22434
2026-07-17 09:16:00,65.8848,65.91,65.84,65.8906,27411
2026-07-17 09:17:00,65.89,66,65.8,65.9699,39457
2026-07-17 09:18:00,65.9139,65.99,65.9,65.9333,11876
2026-07-17 09:19:00,65.98,66,65.7,65.85,64019
2026-07-17 09:20:00,65.85,65.992,65.85,65.99,24715
2026-07-17 09:21:00,65.96,65.9939,65.75,65.79,52230
2026-07-17 09:22:00,65.77,65.83,65.65,65.75,38497
2026-07-17 09:23:00,65.745,65.85,65.69,65.83,93961
2026-07-17 09:24:00,65.8,65.85,65.77,65.82,20167
2026-07-17 09:25:00,65.87,66.52,65.82,66.16,245729
2026-07-17 09:26:00,66.16,66.21,65.8,65.9,62984
2026-07-17 09:27:00,65.8845,65.89,65.3899,65.45,181967
2026-07-17 09:28:00,65.42,65.45,65.21,65.34,88137
2026-07-17 09:29:00,65.32,65.56,65.26,65.55,73420
2026-07-17 09:30:00,65.48,66.02,65.08,65.79,5788399
2026-07-17 09:31:00,65.795,66.2,65.48,66.06,1809997
2026-07-17 09:32:00,66.065,66.66,65.52,66.435,1256422
2026-07-17 09:33:00,66.435,66.84,66.38,66.655,1123368
2026-07-17 09:34:00,66.66,66.9,66.565,66.625,790309
2026-07-17 09:35:00,66.625,66.86,66.01,66.14,946548
2026-07-17 09:36:00,66.12,66.28,65.99,66.16,1037175
2026-07-17 09:37:00,66.1693,66.24,66.02,66.02,572912
2026-07-17 09:38:00,66.01,66.46,65.99,66.4211,770697
2026-07-17 09:39:00,66.415,66.81,66.26,66.325,619687
2026-07-17 09:40:00,66.3082,66.63,66.2303,66.36,482432
2026-07-17 09:41:00,66.365,66.42,66.12,66.175,930588
2026-07-17 09:42:00,66.175,66.62,66.17,66.495,806479
2026-07-17 09:43:00,66.5208,66.84,66.285,66.8399,592016
2026-07-17 09:44:00,66.84,67.09,66.66,66.73,676958
2026-07-17 09:45:00,66.72,66.79,66.22,66.365,468226
2026-07-17 09:46:00,66.36,66.58,66.33,66.43,359245
2026-07-17 09:47:00,66.435,66.49,66.245,66.31,351832
2026-07-17 09:48:00,66.315,66.3187,65.85,65.905,1404521
2026-07-17 09:49:00,65.905,65.945,65.46,65.57,1095685
2026-07-17 09:50:00,65.56,65.88,65.39,65.79,1029645
2026-07-17 09:51:00,65.7901,65.97,65.6201,65.8444,1125384
2026-07-17 09:52:00,65.83,66.1,65.7801,66.04,654712
2026-07-17 09:53:00,66.04,66.449,65.87,66.28,473134
2026-07-17 09:54:00,66.275,66.51,66.16,66.4493,391056
2026-07-17 09:55:00,66.44,66.5,66.22,66.355,397638
2026-07-17 09:56:00,66.37,66.42,66.23,66.36,365185
2026-07-17 09:57:00,66.36,66.66,66.35,66.6182,372482
2026-07-17 09:58:00,66.61,67.01,66.59,66.965,613093
2026-07-17 09:59:00,66.965,67.2,66.95,66.99,523789
2026-07-17 10:00:00,66.98,67.15,66.7894,67.075,395461
2026-07-17 10:01:00,67.0775,67.62,67.075,67.465,1015732
2026-07-17 10:02:00,67.48,67.56,67.17,67.33,475011
2026-07-17 10:03:00,67.33,67.4344,67.19,67.325,428442
2026-07-17 10:04:00,67.32,67.49,67.22,67.38,283306
2026-07-17 10:05:00,67.385,67.75,67.375,67.615,562884
2026-07-17 10:06:00,67.6101,67.71,67.54,67.685,321856
2026-07-17 10:07:00,67.685,67.74,67.51,67.6872,393266
2026-07-17 10:08:00,67.73,67.74,67.6,67.6201,361285
2026-07-17 10:09:00,67.625,67.71,67.51,67.61,415831
2026-07-17 10:10:00,67.61,67.7199,67.45,67.6887,636283
2026-07-17 10:11:00,67.685,67.75,67.5,67.64,328700
2026-07-17 10:12:00,67.6492,67.89,67.64,67.82,376871
2026-07-17 10:13:00,67.825,68.05,67.695,67.9968,631878
2026-07-17 10:14:00,67.99,68.07,67.8695,67.9199,650383
2026-07-17 10:15:00,67.92,67.97,67.67,67.8099,417436
2026-07-17 10:16:00,67.805,67.84,67.67,67.745,358256
2026-07-17 10:17:00,67.745,67.7999,67.63,67.66,444245
2026-07-17 10:18:00,67.68,67.95,67.63,67.77,240459
2026-07-17 10:19:00,67.77,67.89,67.68,67.855,264115
2026-07-17 10:20:00,67.85,67.855,67.42,67.5,688522
2026-07-17 10:21:00,67.515,67.92,67.505,67.85,326231
2026-07-17 10:22:00,67.855,67.87,67.68,67.795,255025
2026-07-17 10:23:00,67.79,67.91,67.76,67.875,282291
2026-07-17 10:24:00,67.875,67.9,67.78,67.7943,202635
2026-07-17 10:25:00,67.795,67.9,67.76,67.875,229424
2026-07-17 10:26:00,67.875,68.2431,67.851,68.24,273974
2026-07-17 10:27:00,68.24,68.27,67.945,68,379974
2026-07-17 10:28:00,68,68.03,67.755,67.805,334421
2026-07-17 10:29:00,67.81,67.9,67.74,67.895,275770
2026-07-17 10:30:00,67.895,67.99,67.82,67.985,300087
2026-07-17 10:31:00,67.985,68.27,67.79,67.805,706097
2026-07-17 10:32:00,67.805,68.02,67.73,67.98,328521
2026-07-17 10:33:00,67.975,67.98,67.76,67.86,204479
2026-07-17 10:34:00,67.865,68.145,67.7294,68.015,404070
2026-07-17 10:35:00,68.015,68.07,67.925,67.9595,329172
2026-07-17 10:36:00,67.96,68.04,67.89,68.005,314296
2026-07-17 10:37:00,68.005,68.02,67.88,67.92,308967
2026-07-17 10:38:00,67.915,67.965,67.75,67.88,551114
2026-07-17 10:39:00,67.875,68.2328,67.86,68.025,395407
2026-07-17 10:40:00,68.03,68.0799,67.82,67.87,258804
2026-07-17 10:41:00,67.87,67.98,67.845,67.9,204054
2026-07-17 10:42:00,67.915,67.9199,67.81,67.84,155276
2026-07-17 10:43:00,67.84,68.005,67.635,67.95,271312
2026-07-17 10:44:00,67.95,67.99,67.6501,67.81,426539
2026-07-17 10:45:00,67.8153,67.88,67.6472,67.81,311428
2026-07-17 10:46:00,67.81,67.96,67.81,67.96,134398
2026-07-17 10:47:00,67.955,67.96,67.715,67.78,451408
2026-07-17 10:48:00,67.775,67.84,67.6201,67.655,392345
2026-07-17 10:49:00,67.65,67.95,67.65,67.875,201958
2026-07-17 10:50:00,67.87,67.88,67.745,67.805,186615
2026-07-17 10:51:00,67.805,67.9,67.755,67.755,159115
2026-07-17 10:52:00,67.7551,67.98,67.751,67.785,246238
2026-07-17 10:53:00,67.785,68.02,67.785,67.945,381611
2026-07-17 10:54:00,67.9499,68.22,67.9499,68.1,270245
2026-07-17 10:55:00,68.1,68.21,67.995,68.055,290839
2026-07-17 10:56:00,68.055,68.1199,67.945,68.0399,193100
2026-07-17 10:57:00,68.01,68.22,67.965,68.105,233244
2026-07-17 10:58:00,68.1075,68.4,68.1,68.39,220320
2026-07-17 10:59:00,68.4,68.5,68.34,68.4699,242124
2026-07-17 11:00:00,68.465,68.77,68.465,68.695,303666
2026-07-17 11:01:00,68.6951,68.895,68.615,68.855,291526
2026-07-17 11:02:00,68.855,68.875,68.675,68.685,319841
2026-07-17 11:03:00,68.685,68.6899,68.2501,68.2601,292995
2026-07-17 11:04:00,68.27,68.31,68.12,68.26,204831
2026-07-17 11:05:00,68.2535,68.2664,68.175,68.2664,158743
2026-07-17 11:06:00,68.265,68.2675,68.16,68.235,166737
2026-07-17 11:07:00,68.235,68.2757,68.11,68.115,166403
2026-07-17 11:08:00,68.11,68.135,67.915,67.93,204812
2026-07-17 11:09:00,67.925,68.13,67.915,68.08,228787
2026-07-17 11:10:00,68.085,68.12,67.96,68.0181,175096
2026-07-17 11:11:00,68.02,68.1,67.8001,67.8339,189469
2026-07-17 11:12:00,67.835,67.845,67.5801,67.5801,278172
2026-07-17 11:13:00,67.58,67.62,67.5,67.515,360847
2026-07-17 11:14:00,67.515,67.6,67.35,67.4598,451496
2026-07-17 11:15:00,67.46,67.57,67.46,67.5,251637
2026-07-17 11:16:00,67.5,67.63,67.465,67.51,384543
2026-07-17 11:17:00,67.5001,67.64,67.46,67.575,386937
2026-07-17 11:18:00,67.575,67.73,67.5702,67.69,325928
2026-07-17 11:19:00,67.68,67.79,67.6701,67.79,254865
2026-07-17 11:20:00,67.79,67.865,67.725,67.815,152131
2026-07-17 11:21:00,67.82,67.82,67.65,67.775,187124
2026-07-17 11:22:00,67.775,67.89,67.755,67.76,175926
2026-07-17 11:23:00,67.7502,67.86,67.725,67.84,167422
2026-07-17 11:24:00,67.845,67.91,67.835,67.89,185217
2026-07-17 11:25:00,67.89,68.11,67.775,68.11,296724
2026-07-17 11:26:00,68.105,68.13,67.96,67.97,331293
2026-07-17 11:27:00,67.9601,68.1399,67.94,68.105,288300
2026-07-17 11:28:00,68.11,68.2,68.11,68.125,169357
2026-07-17 11:29:00,68.13,68.135,67.945,68.0401,212664
2026-07-17 11:30:00,68.04,68.28,68.0101,68.19,143552
2026-07-17 11:31:00,68.19,68.49,68.1601,68.4751,182607
2026-07-17 11:32:00,68.475,68.66,68.433,68.64,216527
2026-07-17 11:33:00,68.64,68.73,68.6,68.685,153538
2026-07-17 11:34:00,68.685,69.04,68.65,68.925,426252
2026-07-17 11:35:00,68.93,68.97,68.73,68.8301,204420
2026-07-17 11:36:00,68.835,68.835,68.6605,68.725,232363
2026-07-17 11:37:00,68.725,68.755,68.685,68.725,113993
2026-07-17 11:38:00,68.72,68.7799,68.72,68.755,105751
2026-07-17 11:39:00,68.76,68.84,68.73,68.765,125904
2026-07-17 11:40:00,68.76,68.82,68.72,68.78,102070
2026-07-17 11:41:00,68.79,68.8199,68.71,68.815,106595
2026-07-17 11:42:00,68.815,68.835,68.7,68.725,115547
2026-07-17 11:43:00,68.725,68.81,68.725,68.795,62878
2026-07-17 11:44:00,68.7998,68.805,68.7,68.775,122948
2026-07-17 11:45:00,68.775,68.7999,68.705,68.77,98738
2026-07-17 11:46:00,68.765,68.77,68.5575,68.765,261055
2026-07-17 11:47:00,68.765,68.82,68.7001,68.745,80593
2026-07-17 11:48:00,68.7401,68.7597,68.59,68.59,95668
2026-07-17 11:49:00,68.5992,68.695,68.51,68.625,168084
2026-07-17 11:50:00,68.6201,68.83,68.6201,68.79,183909
2026-07-17 11:51:00,68.795,68.82,68.68,68.705,86518
2026-07-17 11:52:00,68.71,68.771,68.6601,68.665,93283
2026-07-17 11:53:00,68.665,68.76,68.655,68.745,70938
2026-07-17 11:54:00,68.75,68.85,68.665,68.705,136376
2026-07-17 11:55:00,68.71,68.73,68.5703,68.705,110467
2026-07-17 11:56:00,68.705,68.775,68.685,68.74,72473
2026-07-17 11:57:00,68.7498,68.91,68.7301,68.79,453094
2026-07-17 11:58:00,68.795,68.9,68.68,68.87,207918
2026-07-17 11:59:00,68.87,68.9,68.795,68.875,142156
2026-07-17 12:00:00,68.8708,68.875,68.79,68.825,95527
2026-07-17 12:01:00,68.82,68.82,68.6108,68.659,325901
2026-07-17 12:02:00,68.6401,68.6425,68.5101,68.555,263491
2026-07-17 12:03:00,68.5547,68.7,68.54,68.655,107358
2026-07-17 12:04:00,68.65,68.675,68.555,68.62,85481
2026-07-17 12:05:00,68.615,68.735,68.59,68.71,119088
2026-07-17 12:06:00,68.705,68.795,68.55,68.615,103934
2026-07-17 12:07:00,68.6121,68.68,68.6,68.665,70627
2026-07-17 12:08:00,68.67,68.91,68.67,68.905,119390
2026-07-17 12:09:00,68.905,68.97,68.8101,68.8346,155138
2026-07-17 12:10:00,68.835,68.8599,68.755,68.8599,94772
2026-07-17 12:11:00,68.86,68.92,68.7805,68.7858,80945
2026-07-17 12:12:00,68.785,68.885,68.77,68.865,89069
2026-07-17 12:13:00,68.86,68.88,68.77,68.83,121479
2026-07-17 12:14:00,68.825,68.945,68.825,68.905,99127
2026-07-17 12:15:00,68.9,68.9,68.77,68.825,134978
2026-07-17 12:16:00,68.82,68.85,68.7,68.79,132814
2026-07-17 12:17:00,68.79,68.895,68.75,68.8901,82374
2026-07-17 12:18:00,68.9,68.94,68.86,68.905,80297
2026-07-17 12:19:00,68.905,68.9399,68.83,68.835,79282
2026-07-17 12:20:00,68.835,68.85,68.67,68.715,191214
2026-07-17 12:21:00,68.715,68.73,68.57,68.58,375355
2026-07-17 12:22:00,68.57,68.735,68.52,68.7194,245667
2026-07-17 12:23:00,68.715,68.93,68.715,68.9063,262369
2026-07-17 12:24:00,68.9099,68.96,68.84,68.935,154489
2026-07-17 12:25:00,68.935,68.96,68.815,68.815,66242
2026-07-17 12:26:00,68.8223,68.89,68.76,68.865,137392
2026-07-17 12:27:00,68.86,68.87,68.79,68.805,69499
2026-07-17 12:28:00,68.8,68.8199,68.765,68.7701,99885
2026-07-17 12:29:00,68.775,68.85,68.75,68.84,105334
2026-07-17 12:30:00,68.84,68.925,68.795,68.8914,243609
2026-07-17 12:31:00,68.88,68.99,68.85,68.9754,254141
2026-07-17 12:32:00,68.975,68.98,68.8,68.82,186096
2026-07-17 12:33:00,68.82,68.825,68.7,68.73,180142
2026-07-17 12:34:00,68.735,68.8,68.725,68.7601,104314
2026-07-17 12:35:00,68.77,68.92,68.77,68.915,147721
2026-07-17 12:36:00,68.915,69.07,68.875,69.0228,563426
2026-07-17 12:37:00,69.025,69.16,68.955,68.975,214355
2026-07-17 12:38:00,68.98,68.995,68.8,68.89,465650
2026-07-17 12:39:00,68.9,69.065,68.85,68.855,247002
2026-07-17 12:40:00,68.855,68.895,68.67,68.825,152122
2026-07-17 12:41:00,68.82,68.995,68.81,68.945,108059
2026-07-17 12:42:00,68.945,68.945,68.8838,68.92,76665
2026-07-17 12:43:00,68.92,68.97,68.84,68.89,72741
2026-07-17 12:44:00,68.895,68.91,68.8401,68.905,71099
2026-07-17 12:45:00,68.905,69.05,68.86,69.05,87661
2026-07-17 12:46:00,69.05,69.14,69.0401,69.07,137123
2026-07-17 12:47:00,69.075,69.19,69.0701,69.185,136478
2026-07-17 12:48:00,69.185,69.25,69.135,69.205,127165
2026-07-17 12:49:00,69.205,69.245,69.135,69.135,121552
2026-07-17 12:50:00,69.1301,69.2799,69.1,69.255,138858
2026-07-17 12:51:00,69.251,69.33,69.16,69.3001,158628
2026-07-17 12:52:00,69.31,69.31,69.2,69.225,105590
2026-07-17 12:53:00,69.225,69.38,69.2217,69.335,166583
2026-07-17 12:54:00,69.335,69.34,69.2201,69.225,75126
2026-07-17 12:55:00,69.23,69.31,69.215,69.215,97951
2026-07-17 12:56:00,69.2101,69.225,69.1601,69.215,86849
2026-07-17 12:57:00,69.215,69.28,69.155,69.275,71266
2026-07-17 12:58:00,69.275,69.32,69.21,69.25,125808
2026-07-17 12:59:00,69.255,69.255,69.025,69.09,367507
2026-07-17 13:00:00,69.095,69.19,69.0618,69.155,136664
2026-07-17 13:01:00,69.155,69.245,69.105,69.2,134951
2026-07-17 13:02:00,69.21,69.225,69.0602,69.0602,101467
2026-07-17 13:03:00,69.06,69.12,69.0201,69.115,86427
2026-07-17 13:04:00,69.115,69.215,69.115,69.18,77477
2026-07-17 13:05:00,69.185,69.185,69.12,69.131,56327
2026-07-17 13:06:00,69.135,69.14,69.005,69.025,102984
2026-07-17 13:07:00,69.025,69.07,68.75,68.75,284858
2026-07-17 13:08:00,68.74,68.755,68.44,68.4583,383616
2026-07-17 13:09:00,68.45,68.47,68.355,68.445,261899
2026-07-17 13:10:00,68.445,68.5464,68.41,68.545,151212
2026-07-17 13:11:00,68.545,68.78,68.53,68.6861,133154
2026-07-17 13:12:00,68.67,68.715,68.585,68.69,93361
2026-07-17 13:13:00,68.69,68.705,68.61,68.69,132025
2026-07-17 13:14:00,68.695,68.696,68.525,68.54,60609
2026-07-17 13:15:00,68.54,68.5599,68.51,68.5397,51152
2026-07-17 13:16:00,68.535,68.6,68.53,68.585,84415
2026-07-17 13:17:00,68.585,68.595,68.475,68.4898,96263
2026-07-17 13:18:00,68.4899,68.88,68.485,68.83,163991
2026-07-17 13:19:00,68.835,68.85,68.77,68.775,68904
2026-07-17 13:20:00,68.775,68.8099,68.69,68.785,182285
2026-07-17 13:21:00,68.785,68.82,68.75,68.79,80411
2026-07-17 13:22:00,68.79,68.82,68.755,68.785,64319
2026-07-17 13:23:00,68.785,68.8,68.75,68.75,63003
2026-07-17 13:24:00,68.755,68.82,68.745,68.792,111822
2026-07-17 13:25:00,68.795,68.8,68.75,68.7735,59923
2026-07-17 13:26:00,68.77,68.85,68.75,68.845,106944
2026-07-17 13:27:00,68.845,68.85,68.77,68.785,44379
2026-07-17 13:28:00,68.785,68.82,68.77,68.795,41405
2026-07-17 13:29:00,68.795,68.815,68.74,68.815,90907
2026-07-17 13:30:00,68.8101,68.8107,68.67,68.705,350534
2026-07-17 13:31:00,68.705,68.77,68.64,68.71,139994
2026-07-17 13:32:00,68.715,68.84,68.68,68.76,98704
2026-07-17 13:33:00,68.76,68.77,68.635,68.6601,98608
2026-07-17 13:34:00,68.665,68.73,68.6211,68.675,75741
2026-07-17 13:35:00,68.68,68.72,68.57,68.595,80362
2026-07-17 13:36:00,68.595,68.755,68.59,68.65,157490
2026-07-17 13:37:00,68.65,68.65,68.5301,68.535,177619
2026-07-17 13:38:00,68.53,68.545,68.46,68.51,102944
2026-07-17 13:39:00,68.5,68.51,68.43,68.5,87198
2026-07-17 13:40:00,68.49,68.59,68.45,68.575,84442
2026-07-17 13:41:00,68.57,68.64,68.47,68.48,95258
2026-07-17 13:42:00,68.49,68.56,68.4701,68.505,62851
2026-07-17 13:43:00,68.51,68.52,68.42,68.485,90527
2026-07-17 13:44:00,68.485,68.54,68.4601,68.515,83742
2026-07-17 13:45:00,68.5186,68.58,68.465,68.565,70406
2026-07-17 13:46:00,68.565,68.73,68.525,68.6901,115056
2026-07-17 13:47:00,68.6902,68.72,68.6701,68.71,70646
2026-07-17 13:48:00,68.705,68.75,68.695,68.71,66184
2026-07-17 13:49:00,68.705,68.9,68.67,68.875,197710
2026-07-17 13:50:00,68.875,68.89,68.785,68.82,116995
2026-07-17 13:51:00,68.815,68.82,68.775,68.79,66878
2026-07-17 13:52:00,68.795,68.835,68.785,68.825,67616
2026-07-17 13:53:00,68.83,68.83,68.73,68.785,103296
2026-07-17 13:54:00,68.785,68.84,68.76,68.815,58427
2026-07-17 13:55:00,68.815,68.87,68.805,68.855,109473
2026-07-17 13:56:00,68.8512,68.985,68.83,68.845,165119
2026-07-17 13:57:00,68.845,68.8799,68.815,68.875,66760
2026-07-17 13:58:00,68.875,68.935,68.855,68.93,88840
2026-07-17 13:59:00,68.92,69.04,68.91,68.985,602903
2026-07-17 14:00:00,68.985,69.13,68.96,69.0625,161732
2026-07-17 14:01:00,69.065,69.16,69.025,69.16,98085
2026-07-17 14:02:00,69.165,69.2599,69.1201,69.21,193000
2026-07-17 14:03:00,69.2,69.23,69.09,69.135,77120
2026-07-17 14:04:00,69.135,69.14,69.035,69.06,80642
2026-07-17 14:05:00,69.055,69.06,69,69.025,130189
2026-07-17 14:06:00,69.025,69.0898,69.0002,69.03,92205
2026-07-17 14:07:00,69.03,69.09,68.91,69.04,398790
2026-07-17 14:08:00,69.04,69.115,68.93,69.1001,490734
2026-07-17 14:09:00,69.1,69.215,69.08,69.2001,83379
2026-07-17 14:10:00,69.205,69.26,69.155,69.225,121400
2026-07-17 14:11:00,69.225,69.24,69.165,69.175,60432
2026-07-17 14:12:00,69.1701,69.31,69.17,69.245,312922
2026-07-17 14:13:00,69.245,69.3099,69.225,69.2867,107784
2026-07-17 14:14:00,69.28,69.35,69.26,69.345,83995
2026-07-17 14:15:00,69.35,69.45,69.315,69.375,144559
2026-07-17 14:16:00,69.375,69.44,69.345,69.4,148259
2026-07-17 14:17:00,69.3951,69.46,69.37,69.42,97642
2026-07-17 14:18:00,69.4197,69.43,69.25,69.265,109266
2026-07-17 14:19:00,69.27,69.3,69.215,69.295,198171
2026-07-17 14:20:00,69.295,69.33,69.2801,69.325,37463
2026-07-17 14:21:00,69.325,69.355,69.285,69.3206,67172
2026-07-17 14:22:00,69.33,69.33,69.25,69.285,76527
2026-07-17 14:23:00,69.2864,69.32,69.265,69.275,70624
2026-07-17 14:24:00,69.285,69.2851,69.14,69.195,116929
2026-07-17 14:25:00,69.1901,69.27,69.18,69.185,62871
2026-07-17 14:26:00,69.185,69.255,69.13,69.145,112796
2026-07-17 14:27:00,69.145,69.185,69.1301,69.155,53270
2026-07-17 14:28:00,69.155,69.19,69.125,69.19,50911
2026-07-17 14:29:00,69.185,69.245,69.16,69.16,76500
2026-07-17 14:30:00,69.165,69.32,69.165,69.275,102000
2026-07-17 14:31:00,69.275,69.305,69.23,69.25,90424
2026-07-17 14:32:00,69.255,69.348,69.25,69.325,80251
2026-07-17 14:33:00,69.32,69.32,69.2001,69.245,67922
2026-07-17 14:34:00,69.245,69.2993,69.175,69.29,125437
2026-07-17 14:35:00,69.295,69.31,69.24,69.265,82016
2026-07-17 14:36:00,69.265,69.345,69.2503,69.265,79209
2026-07-17 14:37:00,69.26,69.2997,69.21,69.275,63345
2026-07-17 14:38:00,69.27,69.275,69.185,69.235,83914
2026-07-17 14:39:00,69.235,69.235,69.135,69.155,81735
2026-07-17 14:40:00,69.155,69.285,69.135,69.235,78109
2026-07-17 14:41:00,69.235,69.27,69.195,69.2211,68786
2026-07-17 14:42:00,69.225,69.3875,69.225,69.385,231681
2026-07-17 14:43:00,69.3817,69.385,69.26,69.3,73608
2026-07-17 14:44:00,69.295,69.3,69.25,69.265,52959
2026-07-17 14:45:00,69.27,69.315,69.19,69.205,168586
2026-07-17 14:46:00,69.2001,69.23,69.015,69.045,140380
2026-07-17 14:47:00,69.04,69.115,69.015,69.015,63948
2026-07-17 14:48:00,69.015,69.02,68.93,68.95,132053
2026-07-17 14:49:00,68.95,69.06,68.95,69.0201,128028
2026-07-17 14:50:00,69.025,69.07,68.995,69.065,74681
2026-07-17 14:51:00,69.065,69.095,69.02,69.082,78444
2026-07-17 14:52:00,69.085,69.105,68.97,69.005,196408
2026-07-17 14:53:00,69.005,69.16,68.965,69.1501,280623
2026-07-17 14:54:00,69.1501,69.16,69.1,69.1164,59376
2026-07-17 14:55:00,69.1194,69.155,69.08,69.115,139924
2026-07-17 14:56:00,69.115,69.1599,69.085,69.115,90351
2026-07-17 14:57:00,69.1199,69.205,69.11,69.19,134675
2026-07-17 14:58:00,69.18,69.3,69.17,69.295,143819
2026-07-17 14:59:00,69.2901,69.305,69.175,69.215,156296
2026-07-17 15:00:00,69.215,69.215,69.12,69.155,101909
2026-07-17 15:01:00,69.155,69.19,69.08,69.155,145252
2026-07-17 15:02:00,69.15,69.165,68.995,69.045,228698
2026-07-17 15:03:00,69.04,69.08,68.995,69.075,145806
2026-07-17 15:04:00,69.08,69.08,69.03,69.075,79108
2026-07-17 15:05:00,69.075,69.08,69.0005,69.015,119636
2026-07-17 15:06:00,69.015,69.11,69.01,69.085,130554
2026-07-17 15:07:00,69.085,69.125,69.05,69.055,74027
2026-07-17 15:08:00,69.0599,69.14,68.945,68.975,391852
2026-07-17 15:09:00,68.975,69.0064,68.945,68.945,59383
2026-07-17 15:10:00,68.945,68.945,68.78,68.7801,177095
2026-07-17 15:11:00,68.79,68.84,68.725,68.8201,130872
2026-07-17 15:12:00,68.83,69.09,68.8213,69.045,159293
2026-07-17 15:13:00,69.05,69.05,68.91,68.96,622225
2026-07-17 15:14:00,68.95,68.96,68.83,68.845,106513
2026-07-17 15:15:00,68.84,68.8463,68.67,68.695,122859
2026-07-17 15:16:00,68.7,68.77,68.615,68.62,179350
2026-07-17 15:17:00,68.625,68.7,68.62,68.6739,124412
2026-07-17 15:18:00,68.675,68.675,68.575,68.585,140421
2026-07-17 15:19:00,68.585,68.78,68.505,68.78,173942
2026-07-17 15:20:00,68.7901,68.82,68.675,68.76,197637
2026-07-17 15:21:00,68.76,68.86,68.735,68.785,136862
2026-07-17 15:22:00,68.78,68.825,68.75,68.815,107937
2026-07-17 15:23:00,68.815,68.85,68.795,68.795,182627
2026-07-17 15:24:00,68.795,68.855,68.77,68.775,229864
2026-07-17 15:25:00,68.78,68.7999,68.61,68.615,288501
2026-07-17 15:26:00,68.6186,68.63,68.55,68.615,136861
2026-07-17 15:27:00,68.61,68.785,68.61,68.755,175175
2026-07-17 15:28:00,68.7501,68.935,68.75,68.915,175827
2026-07-17 15:29:00,68.915,69.085,68.915,68.96,271767
2026-07-17 15:30:00,68.95,68.95,68.8,68.825,203295
2026-07-17 15:31:00,68.825,68.83,68.7,68.7401,536123
2026-07-17 15:32:00,68.745,68.75,68.61,68.615,231043
2026-07-17 15:33:00,68.61,68.61,68.54,68.565,226337
2026-07-17 15:34:00,68.56,68.88,68.56,68.8101,433461
2026-07-17 15:35:00,68.805,68.85,68.7,68.705,274151
2026-07-17 15:36:00,68.705,68.7399,68.68,68.68,239088
2026-07-17 15:37:00,68.68,68.68,68.555,68.6,321082
2026-07-17 15:38:00,68.6064,68.64,68.54,68.62,158283
2026-07-17 15:39:00,68.62,68.76,68.615,68.675,154035
2026-07-17 15:40:00,68.68,68.72,68.615,68.635,181255
2026-07-17 15:41:00,68.63,68.7199,68.6,68.69,271009
2026-07-17 15:42:00,68.69,68.69,68.595,68.595,181035
2026-07-17 15:43:00,68.595,68.6,68.54,68.5742,169749
2026-07-17 15:44:00,68.575,68.64,68.56,68.615,285190
2026-07-17 15:45:00,68.615,68.67,68.56,68.575,182235
2026-07-17 15:46:00,68.5701,68.63,68.56,68.5756,184648
2026-07-17 15:47:00,68.5748,68.7,68.5748,68.67,490573
2026-07-17 15:48:00,68.66,68.715,68.625,68.6301,188588
2026-07-17 15:49:00,68.63,68.69,68.57,68.65,246577
2026-07-17 15:50:00,68.655,68.73,68.47,68.6,500125
2026-07-17 15:51:00,68.6,68.6599,68.545,68.585,460503
2026-07-17 15:52:00,68.585,68.81,68.585,68.7275,537802
2026-07-17 15:53:00,68.73,68.81,68.6,68.675,379920
2026-07-17 15:54:00,68.67,68.85,68.63,68.82,617671
2026-07-17 15:55:00,68.82,69.32,68.76,69.24,1394260
2026-07-17 15:56:00,69.235,69.385,69.22,69.37,922446
2026-07-17 15:57:00,69.3675,69.49,69.23,69.31,1479053
2026-07-17 15:58:00,69.315,69.33,69.19,69.22,1133599
2026-07-17 15:59:00,69.22,69.23,68.855,68.8599,2259456
2026-07-17 16:00:00,68.855,69.15,68.83,68.88,9596099
2026-07-17 16:01:00,68.96,68.97,68.9004,68.92,9057
2026-07-17 16:02:00,68.91,68.93,68.87,68.89,7551
2026-07-17 16:03:00,68.88,69,68.88,69,13310
2026-07-17 16:04:00,69.1,69.143,69.02,69.0308,9114
2026-07-17 16:05:00,69.0206,69.11,68.96,69.11,8026
2026-07-17 16:06:00,69.105,69.1433,69.02,69.02,5144
2026-07-17 16:07:00,69.06,69.09,69.02,69.09,4866
2026-07-17 16:08:00,69.02,69.1,69.02,69.06,2126
2026-07-17 16:09:00,69.04,69.09,69.04,69.0896,1500
2026-07-17 16:10:00,69.08,69.14,69.08,69.08,1061
2026-07-17 16:11:00,69.09,69.15,69.09,69.1499,3673
2026-07-17 16:12:00,69.12,69.1498,69.0815,69.13,3363
2026-07-17 16:13:00,69.0908,69.1,69.08,69.08,2196
2026-07-17 16:14:00,69.1,69.1,69.0606,69.072,1232
2026-07-17 16:15:00,69.0708,69.0968,69.0659,69.07,2987
2026-07-17 16:16:00,69.07,69.26,69.07,69.2,28426
2026-07-17 16:17:00,69.2,69.2,69.08,69.08,4243
2026-07-17 16:18:00,69.12,69.18,69.1,69.1475,2322
2026-07-17 16:19:00,69.15,69.15,69.12,69.13,1961
2026-07-17 16:20:00,69.15,69.15,69.125,69.125,632
2026-07-17 16:21:00,69.125,69.15,69.12,69.15,1419
2026-07-17 16:22:00,69.1,69.11,69.1,69.11,3897
2026-07-17 16:23:00,69.1422,69.15,69.11,69.11,700
2026-07-17 16:24:00,69.15,69.15,69.1154,69.1246,9260
2026-07-17 16:25:00,69.12,69.1368,69.09,69.09,7751
2026-07-17 16:26:00,69.08,69.1,69.08,69.08,1200
2026-07-17 16:27:00,69.08,69.08,69.0631,69.0631,300
2026-07-17 16:28:00,69.08,69.08,69.0787,69.0787,200
2026-07-17 16:29:00,69.06,69.06,69.05,69.0546,1300
2026-07-17 16:30:00,69.053,69.053,69.0502,69.0502,258
2026-07-17 16:31:00,69.08,69.08,69.01,69.0131,3668
2026-07-17 16:32:00,69,69.04,69,69.04,708
2026-07-17 16:33:00,69.07,69.079,69.07,69.079,700
2026-07-17 16:34:00,69.07,69.08,69.06,69.06,1637
2026-07-17 16:35:00,69.07,69.07,69.06,69.06,5821
2026-07-17 16:36:00,69.04,69.04,69.04,69.04,100
2026-07-17 16:37:00,69.04,69.04,69.0307,69.0307,412
2026-07-17 16:38:00,69.07,69.07,69.06,69.06,333
2026-07-17 16:39:00,69.07,69.07,69.06,69.06,950
2026-07-17 16:40:00,69.07,69.07,69.0685,69.0685,1100
2026-07-17 16:41:00,69.05,69.05,69.05,69.05,100
2026-07-17 16:42:00,69.065,69.0789,69.06,69.0787,3050
2026-07-17 16:43:00,69.08,69.08,69.08,69.08,500
2026-07-17 16:44:00,69.08,69.08,69.02,69.08,2300
2026-07-17 16:45:00,69.06,69.08,69.0293,69.0672,1298
2026-07-17 16:46:00,69.0501,69.0787,69.0501,69.0787,300
2026-07-17 16:47:00,69.051,69.051,69.051,69.051,200
2026-07-17 16:48:00,69.06,69.06,69.0599,69.06,700
2026-07-17 16:49:00,69.06,69.06,69.0424,69.0424,717
2026-07-17 16:50:00,69.06,69.06,69.0503,69.0503,350
2026-07-17 16:51:00,69.0502,69.0502,69.05,69.05,3889
2026-07-17 16:52:00,69.0485,69.06,69.0485,69.06,1030
2026-07-17 16:53:00,69.06,69.06,69.03,69.03,1550
2026-07-17 16:54:00,69.05,69.08,69.05,69.08,4070
2026-07-17 16:55:00,69.06,69.1,69.05,69.1,2665
2026-07-17 16:56:00,69.13,69.15,69.09,69.15,985
2026-07-17 16:57:00,69.13,69.156,69.13,69.1521,2743
2026-07-17 16:58:00,69.12,69.15,69.12,69.15,900
2026-07-17 16:59:00,69.1346,69.1346,69.13,69.13,300
2026-07-17 17:00:00,69.12,69.12,69.09,69.09,1450
2026-07-17 17:01:00,69.1,69.15,69.1,69.15,1692
2026-07-17 17:02:00,69.15,69.15,69.15,69.15,100
2026-07-17 17:03:00,69.18,69.18,69.18,69.18,100
2026-07-17 17:04:00,69.145,69.145,69.145,69.145,114
2026-07-17 17:05:00,69.1226,69.1226,69.12,69.12,200
2026-07-17 17:06:00,69.17,69.17,69.17,69.17,200
2026-07-17 17:07:00,69.12,69.17,69.12,69.17,358
2026-07-17 17:08:00,69.1014,69.1014,69.1014,69.1014,780
2026-07-17 17:09:00,69.1228,69.1228,69.1228,69.1228,150
2026-07-17 17:11:00,69.1193,69.1193,69.1193,69.1193,116
2026-07-17 17:12:00,69.12,69.12,69.1001,69.1001,1200
2026-07-17 17:13:00,69.12,69.12,69.12,69.12,100
2026-07-17 17:14:00,69.12,69.14,69.12,69.12,1869
2026-07-17 17:15:00,69.1,69.1,69.08,69.08,1441
2026-07-17 17:16:00,69.06,69.06,69.06,69.06,997
2026-07-17 17:17:00,69.06,69.0722,69.03,69.04,27427
2026-07-17 17:18:00,69.04,69.04,69.04,69.04,1000
2026-07-17 17:19:00,69.07,69.07,69.0446,69.0446,1800
2026-07-17 17:20:00,69.0654,69.0692,69.04,69.0654,1950
2026-07-17 17:21:00,69.05,69.0688,69.04,69.0688,2400
2026-07-17 17:22:00,69.0489,69.0489,69.0489,69.0489,500
2026-07-17 17:23:00,69.0137,69.07,69.0137,69.07,4348
2026-07-17 17:24:00,69.06,69.06,69.0193,69.0244,1597
2026-07-17 17:25:00,69.04,69.06,69.04,69.06,1222
2026-07-17 17:26:00,69.0654,69.07,69.01,69.0666,2002
2026-07-17 17:27:00,69.0672,69.0672,69.0672,69.0672,100
2026-07-17 17:28:00,69.07,69.11,69.07,69.11,2542
2026-07-17 17:29:00,69.1351,69.1351,69.13,69.13,300
2026-07-17 17:30:00,69.05,69.05,69.05,69.05,100
2026-07-17 17:31:00,69.0802,69.1526,69.0802,69.1526,342
2026-07-17 17:32:00,69.1,69.1493,69.1,69.1493,1390
2026-07-17 17:35:00,69.07,69.07,69.05,69.05,1128
2026-07-17 17:36:00,69.1,69.1,69.0527,69.0527,632
2026-07-17 17:37:00,69.0577,69.1,69.0577,69.1,1849
2026-07-17 17:38:00,69.1446,69.1446,69.1017,69.1424,650
2026-07-17 17:39:00,69.0861,69.0861,69.0804,69.0804,225
2026-07-17 17:40:00,69.13,69.13,69.07,69.11,6293
2026-07-17 17:41:00,69.15,69.15,69.1201,69.1201,205
2026-07-17 17:43:00,69.12,69.12,69.12,69.12,3589
2026-07-17 17:44:00,69.08,69.11,69.08,69.11,1076
2026-07-17 17:45:00,69.1,69.12,69.1,69.12,741
2026-07-17 17:46:00,69.1099,69.1099,69.1099,69.1099,200
2026-07-17 17:47:00,69.1697,69.1697,69.1697,69.1697,500
2026-07-17 17:48:00,69.15,69.18,69.15,69.18,321
2026-07-17 17:49:00,69.19,69.2,69.19,69.2,335
2026-07-17 17:50:00,69.1885,69.1885,69.1885,69.1885,300
2026-07-17 17:52:00,69.1501,69.19,69.1501,69.19,2054
2026-07-17 17:53:00,69.1892,69.1892,69.17,69.17,707
2026-07-17 17:54:00,69.19,69.19,69.15,69.15,350
2026-07-17 17:55:00,69.19,69.19,69.19,69.19,1000
2026-07-17 17:56:00,69.1881,69.1881,69.14,69.14,7939
2026-07-17 17:58:00,69.13,69.1582,69.13,69.1582,235
2026-07-17 17:59:00,69.12,69.12,69.12,69.12,3000
2026-07-17 18:00:00,69.15,69.15,69.1001,69.1001,3010
2026-07-17 18:01:00,69.1323,69.1323,69.1323,69.1323,1000
2026-07-17 18:02:00,69.1042,69.12,69.1042,69.12,200
2026-07-17 18:03:00,69.12,69.125,69.12,69.125,300
2026-07-17 18:04:00,69.15,69.15,69.12,69.12,1225
2026-07-17 18:05:00,69.13,69.15,69.13,69.15,600
2026-07-17 18:06:00,69.1,69.1,69.1,69.1,250
2026-07-17 18:07:00,69.15,69.15,69.12,69.12,2480
2026-07-17 18:08:00,69.1077,69.1485,69.1077,69.1423,1325
2026-07-17 18:09:00,69.15,69.15,69.15,69.15,100
2026-07-17 18:10:00,69.15,69.15,69.1482,69.15,1135
2026-07-17 18:11:00,69.1402,69.1402,69.14,69.14,490
2026-07-17 18:13:00,69.13,69.14,69.1046,69.1046,300
2026-07-17 18:15:00,69.11,69.1299,69.11,69.1299,250
2026-07-17 18:16:00,69.1116,69.1116,69.1116,69.1116,149
2026-07-17 18:17:00,69.1115,69.1274,69.1115,69.1274,342
2026-07-17 18:18:00,69.14,69.14,69.14,69.14,100
2026-07-17 18:19:00,69.1399,69.2,69.1304,69.2,10058
2026-07-17 18:20:00,69.2,69.2,69.2,69.2,100
2026-07-17 18:21:00,69.1876,69.2,69.1876,69.2,1640
2026-07-17 18:23:00,69.19,69.19,69.19,69.19,200
2026-07-17 18:24:00,69.1999,69.1999,69.1985,69.1999,500
2026-07-17 18:25:00,69.1532,69.1894,69.1532,69.1894,1354
2026-07-17 18:26:00,69.1894,69.19,69.17,69.19,630
2026-07-17 18:27:00,69.1894,69.1894,69.15,69.15,1198
2026-07-17 18:28:00,69.19,69.19,69.17,69.17,617
2026-07-17 18:30:00,69.16,69.2,69.16,69.2,200
2026-07-17 18:31:00,69.17,69.17,69.1501,69.17,300
2026-07-17 18:32:00,69.1501,69.1501,69.1501,69.1501,100
2026-07-17 18:33:00,69.17,69.17,69.15,69.15,2120
2026-07-17 18:35:00,69.14,69.14,69.14,69.14,200
2026-07-17 18:36:00,69.1423,69.1423,69.1423,69.1423,200
2026-07-17 18:37:00,69.13,69.13,69.13,69.13,223
2026-07-17 18:39:00,69.1426,69.1426,69.1426,69.1426,200
2026-07-17 18:40:00,69.1443,69.15,69.1443,69.15,200
2026-07-17 18:41:00,69.1009,69.1009,69.1,69.1,300
2026-07-17 18:42:00,69.1015,69.15,69.1015,69.15,1344
2026-07-17 18:44:00,69.15,69.15,69.1001,69.1001,350
2026-07-17 18:45:00,69.1423,69.15,69.1423,69.15,267
2026-07-17 18:46:00,69.13,69.1454,69.13,69.1454,523
2026-07-17 18:47:00,69.15,69.15,69.15,69.15,4080
2026-07-17 18:48:00,69.104,69.1641,69.104,69.1641,600
2026-07-17 18:49:00,69.1199,69.1199,69.1199,69.1199,100
2026-07-17 18:51:00,69.14,69.17,69.14,69.17,210
2026-07-17 18:52:00,69.1001,69.13,69.1001,69.13,475
2026-07-17 18:53:00,69.15,69.15,69.15,69.15,100
2026-07-17 18:54:00,69.15,69.15,69.15,69.15,612
2026-07-17 18:55:00,69.15,69.15,69.1072,69.15,991
2026-07-17 18:56:00,69.1068,69.1068,69.1068,69.1068,200
2026-07-17 18:59:00,69.15,69.15,69.15,69.15,341
2026-07-17 19:02:00,69.1496,69.1496,69.1496,69.1496,200
2026-07-17 19:03:00,69.1162,69.14,69.1162,69.1162,1769
2026-07-17 19:04:00,69.14,69.14,69.14,69.14,100
2026-07-17 19:05:00,69.14,69.14,69.14,69.14,100
2026-07-17 19:06:00,69.15,69.15,69.15,69.15,200
2026-07-17 19:09:00,69.15,69.15,69.15,69.15,500
2026-07-17 19:10:00,69.15,69.15,69.14,69.14,530
2026-07-17 19:13:00,69.14,69.14,69.14,69.14,150
2026-07-17 19:14:00,69.1307,69.1331,69.13,69.1331,1095
2026-07-17 19:15:00,69.14,69.15,69.14,69.15,300
2026-07-17 19:16:00,69.14,69.1494,69.14,69.1494,448
2026-07-17 19:17:00,69.15,69.15,69.14,69.14,800
2026-07-17 19:19:00,69.15,69.15,69.15,69.15,200
2026-07-17 19:20:00,69.1546,69.1546,69.1546,69.1546,300
2026-07-17 19:21:00,69.15,69.15,69.15,69.15,100
2026-07-17 19:22:00,69.1521,69.1521,69.1521,69.1521,199
2026-07-17 19:23:00,69.17,69.18,69.17,69.18,400
2026-07-17 19:24:00,69.1676,69.17,69.13,69.13,997
2026-07-17 19:25:00,69.1207,69.1207,69.1207,69.1207,100
2026-07-17 19:26:00,69.1046,69.115,69.1046,69.115,247
2026-07-17 19:27:00,69.12,69.1252,69.12,69.1252,222
2026-07-17 19:28:00,69.12,69.12,69.1169,69.12,704
2026-07-17 19:29:00,69.1031,69.12,69.1,69.11,1485
2026-07-17 19:30:00,69.1,69.1,69.1,69.1,414
2026-07-17 19:31:00,69.1,69.1,69.055,69.055,200
2026-07-17 19:32:00,69.0577,69.075,69.05,69.057,1866
2026-07-17 19:36:00,69.0616,69.0899,69.0616,69.0647,800
2026-07-17 19:38:00,69.075,69.075,69.0648,69.0648,300
2026-07-17 19:39:00,69.08,69.12,69.08,69.08,600
2026-07-17 19:40:00,69.1,69.1,69.06,69.06,1617
2026-07-17 19:41:00,69.08,69.08,69.08,69.08,158
2026-07-17 19:44:00,69.0647,69.0647,69.0647,69.0647,164
2026-07-17 19:46:00,69.07,69.07,69.07,69.07,100
2026-07-17 19:47:00,69.0601,69.1,69.0601,69.1,584
2026-07-17 19:48:00,69.12,69.12,69.1,69.1,1223
2026-07-17 19:49:00,69.1199,69.12,69.1199,69.12,3409
2026-07-17 19:50:00,69.0804,69.12,69.0801,69.12,1630
2026-07-17 19:51:00,69.1,69.1199,69.1,69.117,1050
2026-07-17 19:52:00,69.1,69.1,69.1,69.1,1000
2026-07-17 19:53:00,69.12,69.15,69.12,69.15,200
2026-07-17 19:54:00,69.1348,69.15,69.1348,69.15,447
2026-07-17 19:55:00,69.16,69.17,69.12,69.12,6444
2026-07-17 19:56:00,69.15,69.1553,69.15,69.1553,805
2026-07-17 19:57:00,69.1493,69.15,69.11,69.11,8449
2026-07-17 19:58:00,69.1006,69.1363,69.1006,69.1146,2409
2026-07-17 19:59:00,69.11,69.17,69.11,69.17,1235
2026-07-20 04:00:00,68.98,69.08,68.8132,68.98,15879
2026-07-20 04:01:00,69.03,69.03,68.81,68.89,8602
2026-07-20 04:02:00,68.9,69.11,68.82,68.9,14824
2026-07-20 04:04:00,68.95,68.95,68.89,68.89,513
2026-07-20 04:05:00,68.99,68.99,68.86,68.88,1060
2026-07-20 04:06:00,68.83,68.89,68.83,68.87,405
2026-07-20 04:07:00,68.86,68.86,68.84,68.84,310
2026-07-20 04:08:00,68.86,68.89,68.86,68.86,800
2026-07-20 04:09:00,68.87,68.88,68.86,68.86,400
2026-07-20 04:10:00,68.9,68.9,68.9,68.9,2327
2026-07-20 04:11:00,68.839,68.839,68.839,68.839,100
2026-07-20 04:12:00,68.86,68.9,68.86,68.9,2977
2026-07-20 04:13:00,68.88,68.88,68.88,68.88,100
2026-07-20 04:15:00,68.9,68.9,68.9,68.9,1000
2026-07-20 04:16:00,68.85,68.85,68.66,68.69,2811
2026-07-20 04:17:00,68.78,68.78,68.66,68.66,300
2026-07-20 04:19:00,68.54,68.6,68.54,68.6,585
2026-07-20 04:21:00,68.74,68.74,68.74,68.74,200
2026-07-20 04:23:00,68.7,68.71,68.69,68.69,1010
2026-07-20 04:25:00,68.65,68.65,68.65,68.65,120
2026-07-20 04:26:00,68.79,68.79,68.79,68.79,3000
2026-07-20 04:28:00,68.69,68.69,68.69,68.69,180
2026-07-20 04:30:00,68.65,68.72,68.65,68.72,660
2026-07-20 04:33:00,68.7277,68.7277,68.7277,68.7277,100
2026-07-20 04:35:00,68.68,68.7,68.63,68.63,310
2026-07-20 04:36:00,68.64,68.66,68.64,68.66,586
2026-07-20 04:37:00,68.68,68.68,68.68,68.68,100
2026-07-20 04:39:00,68.69,68.71,68.69,68.71,515
2026-07-20 04:44:00,68.64,68.64,68.64,68.64,100
2026-07-20 04:46:00,68.63,68.63,68.63,68.63,115
2026-07-20 04:49:00,68.65,68.67,68.64,68.65,1649
2026-07-20 04:52:00,68.65,68.65,68.65,68.65,100
2026-07-20 04:54:00,68.6895,68.7,68.6895,68.7,300
2026-07-20 04:56:00,68.66,68.66,68.66,68.66,100
2026-07-20 05:01:00,68.68,68.68,68.68,68.68,111
2026-07-20 05:03:00,68.68,68.7,68.68,68.7,361
2026-07-20 05:04:00,68.77,68.77,68.75,68.75,207
2026-07-20 05:05:00,68.72,68.78,68.7,68.7,515
2026-07-20 05:06:00,68.6815,68.6815,68.6815,68.6815,100
2026-07-20 05:08:00,68.7001,68.74,68.7001,68.74,300
2026-07-20 05:09:00,68.75,68.75,68.75,68.75,100
2026-07-20 05:10:00,68.75,68.79,68.75,68.77,1100
2026-07-20 05:11:00,68.8,68.8,68.8,68.8,134
2026-07-20 05:14:00,68.83,68.83,68.83,68.83,200
2026-07-20 05:18:00,68.83,68.83,68.83,68.83,205
2026-07-20 05:19:00,68.82,68.82,68.82,68.82,100
2026-07-20 05:22:00,68.8579,68.8579,68.8579,68.8579,1000
2026-07-20 05:24:00,68.81,68.81,68.81,68.81,278
2026-07-20 05:30:00,68.76,68.76,68.76,68.76,200
2026-07-20 05:31:00,68.77,68.8,68.77,68.8,500
2026-07-20 05:35:00,68.78,68.78,68.78,68.78,200
2026-07-20 05:38:00,68.79,68.8,68.79,68.8,397
2026-07-20 05:41:00,68.82,68.82,68.75,68.75,1371
2026-07-20 05:42:00,68.7,68.73,68.6598,68.67,1322
2026-07-20 05:43:00,68.67,68.67,68.67,68.67,111
2026-07-20 05:44:00,68.6897,68.6897,68.65,68.65,410
2026-07-20 05:45:00,68.66,68.66,68.66,68.66,111
2026-07-20 05:46:00,68.73,68.73,68.73,68.73,200
2026-07-20 05:47:00,68.8,68.8,68.6677,68.73,335
2026-07-20 05:51:00,68.73,68.73,68.68,68.68,511
2026-07-20 05:55:00,68.7,68.7,68.7,68.7,500
2026-07-20 05:56:00,68.7731,68.7858,68.7731,68.7858,1100
2026-07-20 05:59:00,68.73,68.76,68.73,68.7512,556
2026-07-20 06:01:00,68.65,68.65,68.65,68.65,300
2026-07-20 06:02:00,68.7,68.7,68.7,68.7,1000
2026-07-20 06:05:00,68.69,68.7,68.69,68.7,450
2026-07-20 06:06:00,68.72,68.72,68.7,68.7,920
2026-07-20 06:11:00,68.69,68.69,68.67,68.67,300
2026-07-20 06:12:00,68.6526,68.6526,68.6526,68.6526,210
2026-07-20 06:15:00,68.68,68.68,68.68,68.68,107
2026-07-20 06:17:00,68.65,68.65,68.63,68.63,547
2026-07-20 06:19:00,68.62,68.64,68.61,68.64,318
2026-07-20 06:20:00,68.67,68.68,68.67,68.68,300
2026-07-20 06:24:00,68.635,68.635,68.61,68.62,2051
2026-07-20 06:25:00,68.62,68.62,68.6,68.6,1013
2026-07-20 06:31:00,68.61,68.61,68.61,68.61,605
2026-07-20 06:34:00,68.65,68.65,68.65,68.65,2998
2026-07-20 06:36:00,68.6664,68.72,68.64,68.72,4457
2026-07-20 06:37:00,68.7,68.7,68.7,68.7,442
2026-07-20 06:38:00,68.75,68.79,68.75,68.79,2711
2026-07-20 06:39:00,68.8,68.8,68.8,68.8,1000
2026-07-20 06:41:00,68.73,68.73,68.73,68.73,205
2026-07-20 06:42:00,68.71,68.7962,68.71,68.75,2601
2026-07-20 06:43:00,68.69,68.69,68.63,68.69,505
2026-07-20 06:45:00,68.65,68.65,68.65,68.65,1022
2026-07-20 06:48:00,68.64,68.65,68.64,68.65,500
2026-07-20 06:49:00,68.66,68.66,68.66,68.66,100
2026-07-20 06:50:00,68.665,68.665,68.665,68.665,300
2026-07-20 06:53:00,68.6073,68.65,68.6073,68.64,430
2026-07-20 06:55:00,68.63,68.63,68.6064,68.6064,220
2026-07-20 06:56:00,68.6057,68.7,68.6057,68.69,901
2026-07-20 06:58:00,68.7,68.7,68.7,68.7,200
2026-07-20 06:59:00,68.69,68.71,68.69,68.71,500
2026-07-20 07:00:00,68.75,68.7897,68.58,68.58,17161
2026-07-20 07:01:00,68.59,68.59,68.48,68.56,7248
2026-07-20 07:02:00,68.4713,68.58,68.4713,68.58,11708
2026-07-20 07:03:00,68.4807,68.59,68.4807,68.5015,1125
2026-07-20 07:04:00,68.61,68.6711,68.59,68.59,3410
2026-07-20 07:05:00,68.5,68.58,68.5,68.5,5759
2026-07-20 07:06:00,68.5158,68.58,68.5158,68.58,200
2026-07-20 07:07:00,68.54,68.57,68.5,68.5,2491
2026-07-20 07:08:00,68.5,68.5224,68.5,68.52,1330
2026-07-20 07:09:00,68.55,68.57,68.55,68.56,900
2026-07-20 07:10:00,68.57,68.57,68.5,68.5,408
2026-07-20 07:11:00,68.5277,68.55,68.5277,68.5331,1880
2026-07-20 07:12:00,68.59,68.59,68.53,68.53,550
2026-07-20 07:13:00,68.584,68.6,68.5393,68.6,1705
2026-07-20 07:14:00,68.62,68.65,68.62,68.6201,2405
2026-07-20 07:15:00,68.64,68.65,68.64,68.64,2750
2026-07-20 07:16:00,68.64,68.66,68.64,68.66,642
2026-07-20 07:17:00,68.6592,68.66,68.65,68.66,1210
2026-07-20 07:18:00,68.64,68.6776,68.64,68.6776,2302
2026-07-20 07:19:00,68.62,68.65,68.62,68.6269,711
2026-07-20 07:20:00,68.6283,68.65,68.6201,68.65,634
2026-07-20 07:21:00,68.68,68.7,68.6593,68.7,1794
2026-07-20 07:22:00,68.6702,68.71,68.6412,68.6412,1225
2026-07-20 07:23:00,68.69,68.71,68.69,68.71,1000
2026-07-20 07:24:00,68.73,68.77,68.72,68.77,869
2026-07-20 07:25:00,68.77,68.78,68.77,68.78,432
2026-07-20 07:26:00,68.75,68.77,68.73,68.73,858
2026-07-20 07:28:00,68.75,68.75,68.7,68.71,1000
2026-07-20 07:29:00,68.72,68.7367,68.72,68.7367,700
2026-07-20 07:30:00,68.73,68.78,68.73,68.74,2201
2026-07-20 07:31:00,68.75,68.7676,68.7042,68.7042,2906
2026-07-20 07:32:00,68.7733,68.85,68.7,68.8,4526
2026-07-20 07:33:00,68.86,68.86,68.7775,68.81,1813
2026-07-20 07:34:00,68.72,68.7976,68.64,68.6811,5373
2026-07-20 07:35:00,68.65,68.68,68.6231,68.6231,2800
2026-07-20 07:36:00,68.62,68.68,68.62,68.68,867
2026-07-20 07:37:00,68.67,68.7,68.66,68.7,1058
2026-07-20 07:38:00,68.7923,68.7923,68.7071,68.75,595
2026-07-20 07:39:00,68.65,68.7072,68.65,68.7072,863
2026-07-20 07:40:00,68.71,68.7423,68.71,68.7423,300
2026-07-20 07:41:00,68.7444,68.75,68.71,68.71,850
2026-07-20 07:42:00,68.7431,68.7431,68.68,68.68,607
2026-07-20 07:43:00,68.7423,68.7498,68.72,68.72,870
2026-07-20 07:44:00,68.73,68.775,68.73,68.7493,7823
2026-07-20 07:45:00,68.75,68.775,68.74,68.775,2148
2026-07-20 07:46:00,68.7318,68.79,68.7318,68.79,300
2026-07-20 07:47:00,68.75,68.78,68.68,68.68,5103
2026-07-20 07:48:00,68.7,68.7,68.7,68.7,1520
2026-07-20 07:49:00,68.74,68.74,68.74,68.74,1500
2026-07-20 07:50:00,68.7,68.7,68.7,68.7,122
2026-07-20 07:51:00,68.8,68.8,68.8,68.8,250
2026-07-20 07:52:00,68.7938,68.84,68.7609,68.83,2023
2026-07-20 07:53:00,68.75,68.75,68.75,68.75,200
2026-07-20 07:54:00,68.83,68.83,68.78,68.8,791
2026-07-20 07:55:00,68.75,68.8,68.75,68.8,1309
2026-07-20 07:56:00,68.78,68.78,68.7519,68.7519,1178
2026-07-20 07:57:00,68.7958,68.7958,68.7545,68.7545,1005
2026-07-20 07:58:00,68.78,68.78,68.78,68.78,100
2026-07-20 07:59:00,68.76,68.7799,68.7124,68.75,1444
2026-07-20 08:00:00,68.7,68.76,68.7,68.74,623
2026-07-20 08:01:00,68.72,68.76,68.72,68.76,3030
2026-07-20 08:02:00,68.7,68.7,68.55,68.6,3777
2026-07-20 08:03:00,68.59,68.6,68.5,68.5168,2999
2026-07-20 08:04:00,68.52,68.55,68.5,68.55,2372
2026-07-20 08:05:00,68.5444,68.5444,68.506,68.51,800
2026-07-20 08:06:00,68.55,68.6,68.52,68.59,2705
2026-07-20 08:07:00,68.5,68.54,68.5,68.51,1625
2026-07-20 08:08:00,68.55,68.59,68.51,68.59,830
2026-07-20 08:09:00,68.51,68.51,68.4,68.45,7796
2026-07-20 08:10:00,68.45,68.481,68.4,68.481,895
2026-07-20 08:12:00,68.45,68.5,68.43,68.5,2395
2026-07-20 08:13:00,68.4945,68.4945,68.42,68.48,4849
2026-07-20 08:14:00,68.4907,68.55,68.4907,68.55,899
2026-07-20 08:15:00,68.5722,68.5726,68.55,68.5726,550
2026-07-20 08:16:00,68.5715,68.5715,68.55,68.55,450
2026-07-20 08:17:00,68.5002,68.5002,68.46,68.5,2734
2026-07-20 08:18:00,68.4695,68.47,68.4596,68.4596,1752
2026-07-20 08:19:00,68.5,68.5,68.5,68.5,950
2026-07-20 08:20:00,68.4951,68.5,68.4844,68.49,2500
2026-07-20 08:21:00,68.49,68.49,68.4589,68.4614,1935
2026-07-20 08:22:00,68.4999,68.4999,68.4999,68.4999,1000
2026-07-20 08:23:00,68.4969,68.4969,68.3638,68.4562,12034
2026-07-20 08:24:00,68.43,68.43,68.39,68.39,3144
2026-07-20 08:25:00,68.41,68.4541,68.41,68.44,2169
2026-07-20 08:26:00,68.4623,68.4668,68.41,68.41,1546
2026-07-20 08:28:00,68.33,68.434,68.33,68.434,330
2026-07-20 08:29:00,68.42,68.47,68.33,68.33,1050
2026-07-20 08:30:00,68.46,68.4792,68.46,68.4792,519
2026-07-20 08:31:00,68.4754,68.48,68.4754,68.48,600
2026-07-20 08:32:00,68.48,68.48,68.47,68.4774,2641
2026-07-20 08:33:00,68.4769,68.4769,68.45,68.45,1300
2026-07-20 08:34:00,68.46,68.48,68.4526,68.4526,660
2026-07-20 08:35:00,68.48,68.48,68.48,68.48,463
2026-07-20 08:36:00,68.47,68.48,68.4,68.41,12046
2026-07-20 08:37:00,68.42,68.42,68.38,68.38,2105
2026-07-20 08:38:00,68.4446,68.4446,68.39,68.39,268
2026-07-20 08:39:00,68.4153,68.48,68.3964,68.3964,5550
2026-07-20 08:40:00,68.3998,68.44,68.36,68.38,17009
2026-07-20 08:41:00,68.45,68.4599,68.45,68.45,3600
2026-07-20 08:42:00,68.4515,68.46,68.45,68.4505,7708
2026-07-20 08:43:00,68.4789,68.48,68.4507,68.4774,7066
2026-07-20 08:44:00,68.4775,68.4775,68.394,68.394,2633
2026-07-20 08:45:00,68.38,68.39,68.37,68.3786,2312
2026-07-20 08:46:00,68.45,68.45,68.3739,68.44,800
2026-07-20 08:47:00,68.43,68.43,68.42,68.42,1142
2026-07-20 08:49:00,68.4375,68.44,68.41,68.41,1850
2026-07-20 08:50:00,68.41,68.41,68.36,68.364,4985
2026-07-20 08:51:00,68.36,68.39,68.35,68.36,3165
2026-07-20 08:52:00,68.3672,68.3788,68.36,68.37,11720
2026-07-20 08:53:00,68.36,68.38,68.36,68.37,866
2026-07-20 08:54:00,68.3799,68.38,68.3786,68.3786,600
2026-07-20 08:55:00,68.3799,68.38,68.3799,68.38,900
2026-07-20 08:56:00,68.3692,68.4079,68.3692,68.38,7123
2026-07-20 08:57:00,68.39,68.41,68.3826,68.41,2350
2026-07-20 08:58:00,68.43,68.45,68.43,68.45,3157
2026-07-20 08:59:00,68.48,68.48,68.44,68.45,316
2026-07-20 09:00:00,68.45,68.48,68.44,68.47,4547
2026-07-20 09:01:00,68.47,68.48,68.47,68.4799,12724
2026-07-20 09:02:00,68.47,68.48,68.47,68.48,691
2026-07-20 09:03:00,68.48,68.48,68.3877,68.3877,20099
2026-07-20 09:04:00,68.3623,68.3623,68.34,68.35,2054
2026-07-20 09:05:00,68.33,68.33,68.31,68.3108,2223
2026-07-20 09:06:00,68.34,68.3994,68.34,68.3994,800
2026-07-20 09:07:00,68.37,68.3893,68.33,68.38,1698
2026-07-20 09:08:00,68.35,68.35,68.35,68.35,200
2026-07-20 09:09:00,68.34,68.3497,68.33,68.33,1300
2026-07-20 09:10:00,68.34,68.34,68.32,68.3291,1945
2026-07-20 09:11:00,68.3101,68.3101,68.21,68.27,12778
2026-07-20 09:12:00,68.31,68.32,68.27,68.27,6103
2026-07-20 09:13:00,68.28,68.3,68.28,68.3,587
2026-07-20 09:14:00,68.3265,68.3265,68.27,68.3,1620
2026-07-20 09:15:00,68.28,68.28,68.2124,68.23,2118
2026-07-20 09:16:00,68.2324,68.3,68.2324,68.2527,2279
2026-07-20 09:17:00,68.25,68.27,68.25,68.27,3120
2026-07-20 09:18:00,68.27,68.31,68.27,68.3097,10702
2026-07-20 09:19:00,68.3,68.3,68.25,68.2521,2126
2026-07-20 09:20:00,68.25,68.29,68.24,68.29,2129
2026-07-20 09:21:00,68.3,68.3107,68.26,68.2693,1353
2026-07-20 09:22:00,68.3,68.3016,68.2787,68.2787,10897
2026-07-20 09:23:00,68.3296,68.34,68.3296,68.3383,1134
2026-07-20 09:24:00,68.3488,68.35,68.24,68.25,6576
2026-07-20 09:25:00,68.22,68.26,68.2,68.22,7004
2026-07-20 09:26:00,68.2,68.21,68.01,68.02,17854
2026-07-20 09:27:00,68.02,68.2,68,68.01,14802
2026-07-20 09:28:00,68.07,68.31,68.01,68.08,25887
2026-07-20 09:29:00,68.08,68.48,68.08,68.47,12412
2026-07-20 09:30:00,68.315,68.38,67.605,67.82,1192229
2026-07-20 09:31:00,67.835,68.0499,67.69,67.87,285535
2026-07-20 09:32:00,67.84,67.93,67.36,67.44,333234
2026-07-20 09:33:00,67.43,67.5,67.15,67.33,318170
2026-07-20 09:34:00,67.34,67.345,67.065,67.3345,248714
2026-07-20 09:35:00,67.34,67.6799,67.295,67.6599,269050
2026-07-20 09:36:00,67.63,67.6599,67.18,67.25,215521
2026-07-20 09:37:00,67.238,67.3,67.104,67.3,236139
2026-07-20 09:38:00,67.29,67.3696,67.15,67.15,201501
2026-07-20 09:39:00,67.15,67.19,67.03,67.1,239143
2026-07-20 09:40:00,67.1,67.29,67.075,67.2699,278763
2026-07-20 09:41:00,67.27,67.79,67.22,67.74,334240
2026-07-20 09:42:00,67.73,67.86,67.52,67.5381,201233
2026-07-20 09:43:00,67.545,67.7799,67.475,67.774,183032
2026-07-20 09:44:00,67.78,67.83,67.61,67.66,127422
2026-07-20 09:45:00,67.685,67.81,67.63,67.74,358534
2026-07-20 09:46:00,67.7381,67.78,67.66,67.7,120328
2026-07-20 09:47:00,67.705,67.87,67.63,67.785,160400
2026-07-20 09:48:00,67.8,67.885,67.61,67.665,132776
2026-07-20 09:49:00,67.66,67.9,67.63,67.7499,501192
2026-07-20 09:50:00,67.69,67.98,67.65,67.9,228048
2026-07-20 09:51:00,67.9,67.97,67.65,67.685,173553
2026-07-20 09:52:00,67.685,67.7,67.51,67.64,282507
2026-07-20 09:53:00,67.63,67.645,67.495,67.535,421552
2026-07-20 09:54:00,67.5411,67.57,67.32,67.36,165996
2026-07-20 09:55:00,67.35,67.39,67.11,67.13,227529
2026-07-20 09:56:00,67.12,67.2,66.935,67,413546
2026-07-20 09:57:00,67.01,67.08,66.91,67.06,284163
2026-07-20 09:58:00,67.06,67.1398,66.865,66.885,224276
2026-07-20 09:59:00,66.89,66.91,66.78,66.86,300282
2026-07-20 10:00:00,66.85,66.94,66.69,66.84,244337
2026-07-20 10:01:00,66.845,66.9,66.74,66.76,150105
2026-07-20 10:02:00,66.76,66.825,66.7201,66.78,558430
2026-07-20 10:03:00,66.78,66.98,66.725,66.96,205567
2026-07-20 10:04:00,66.97,67.14,66.929,67.07,435497
2026-07-20 10:05:00,67.07,67.18,67.015,67.12,126537
2026-07-20 10:06:00,67.12,67.2,67.1,67.12,89684
2026-07-20 10:07:00,67.12,67.23,67.09,67.19,106929
2026-07-20 10:08:00,67.18,67.2199,67.115,67.18,231360
2026-07-20 10:09:00,67.18,67.18,67.07,67.0782,73711
2026-07-20 10:10:00,67.07,67.29,67.06,67.27,695784
2026-07-20 10:11:00,67.28,67.32,67.1075,67.145,122591
2026-07-20 10:12:00,67.14,67.31,67.1335,67.26,80260
2026-07-20 10:13:00,67.265,67.39,67.135,67.39,91657
2026-07-20 10:14:00,67.375,67.425,67.21,67.29,125615
2026-07-20 10:15:00,67.28,67.45,67.22,67.43,117235
2026-07-20 10:16:00,67.43,67.445,67.35,67.395,102133
2026-07-20 10:17:00,67.3901,67.3901,67.25,67.34,63318
2026-07-20 10:18:00,67.34,67.54,67.34,67.52,116513
2026-07-20 10:19:00,67.51,67.51,67.405,67.415,121305
2026-07-20 10:20:00,67.415,67.74,67.385,67.73,252050
2026-07-20 10:21:00,67.72,67.771,67.68,67.725,175480
2026-07-20 10:22:00,67.7399,67.75,67.62,67.64,90365
2026-07-20 10:23:00,67.62,67.685,67.57,67.665,121614
2026-07-20 10:24:00,67.67,67.74,67.61,67.73,168611
2026-07-20 10:25:00,67.7399,67.7399,67.595,67.62,93349
2026-07-20 10:26:00,67.63,67.64,67.41,67.455,143024
2026-07-20 10:27:00,67.4501,67.555,67.4501,67.53,80520
2026-07-20 10:28:00,67.535,67.55,67.485,67.4986,70070
2026-07-20 10:29:00,67.5,67.535,67.47,67.53,66508
2026-07-20 10:30:00,67.535,67.6,67.505,67.57,93316
2026-07-20 10:31:00,67.565,67.665,67.54,67.545,121695
2026-07-20 10:32:00,67.55,67.58,67.53,67.535,58413
2026-07-20 10:33:00,67.5398,67.57,67.495,67.51,91125
2026-07-20 10:34:00,67.505,67.5988,67.495,67.5075,82770
2026-07-20 10:35:00,67.505,67.53,67.41,67.485,103173
2026-07-20 10:36:00,67.485,67.59,67.485,67.53,119252
2026-07-20 10:37:00,67.535,67.535,67.4,67.4003,84314
2026-07-20 10:38:00,67.4029,67.415,67.34,67.35,95466
2026-07-20 10:39:00,67.36,67.38,67.29,67.3,91562
2026-07-20 10:40:00,67.3001,67.39,67.28,67.37,91626
2026-07-20 10:41:00,67.38,67.39,67.28,67.325,63622
2026-07-20 10:42:00,67.3201,67.3399,67.22,67.285,78220
2026-07-20 10:43:00,67.28,67.375,67.25,67.365,92231
2026-07-20 10:44:00,67.365,67.395,67.29,67.34,107046
2026-07-20 10:45:00,67.35,67.385,67.3,67.357,65024
2026-07-20 10:46:00,67.36,67.45,67.355,67.4199,135512
2026-07-20 10:47:00,67.415,67.45,67.405,67.42,90307
2026-07-20 10:48:00,67.41,67.46,67.38,67.4112,105127
2026-07-20 10:49:00,67.41,67.465,67.395,67.44,82813
2026-07-20 10:50:00,67.44,67.49,67.38,67.455,140054
2026-07-20 10:51:00,67.455,67.4674,67.41,67.4406,58363
2026-07-20 10:52:00,67.4499,67.6,67.425,67.58,116620
2026-07-20 10:53:00,67.5996,67.83,67.595,67.81,147837
2026-07-20 10:54:00,67.82,67.93,67.775,67.855,159302
2026-07-20 10:55:00,67.855,67.86,67.78,67.835,93753
2026-07-20 10:56:00,67.83,67.83,67.71,67.725,106903
2026-07-20 10:57:00,67.725,67.77,67.715,67.76,115451
2026-07-20 10:58:00,67.77,67.8274,67.755,67.755,92505
2026-07-20 10:59:00,67.77,67.829,67.73,67.77,82108
2026-07-20 11:00:00,67.78,67.815,67.715,67.78,84965
2026-07-20 11:01:00,67.78,67.8075,67.735,67.796,98937
2026-07-20 11:02:00,67.8,67.88,67.67,67.71,161424
2026-07-20 11:03:00,67.71,67.72,67.64,67.6899,81449
2026-07-20 11:04:00,67.69,67.735,67.68,67.705,73648
2026-07-20 11:05:00,67.71,67.72,67.5804,67.655,82638
2026-07-20 11:06:00,67.655,67.67,67.51,67.64,77447
2026-07-20 11:07:00,67.65,67.82,67.6,67.79,614159
2026-07-20 11:08:00,67.8,67.82,67.735,67.75,79851
2026-07-20 11:09:00,67.745,67.79,67.69,67.705,80223
2026-07-20 11:10:00,67.705,67.74,67.615,67.73,79688
2026-07-20 11:11:00,67.7251,67.755,67.645,67.685,76659
2026-07-20 11:12:00,67.6899,67.73,67.675,67.71,98905
2026-07-20 11:13:00,67.71,67.76,67.65,67.7599,84352
2026-07-20 11:14:00,67.755,67.7595,67.69,67.725,70490
2026-07-20 11:15:00,67.725,67.9,67.72,67.835,395426
2026-07-20 11:16:00,67.83,67.89,67.775,67.81,94182
2026-07-20 11:17:00,67.81,67.83,67.765,67.825,222218
2026-07-20 11:18:00,67.825,67.885,67.8,67.87,74511
2026-07-20 11:19:00,67.875,67.91,67.85,67.8814,52614
2026-07-20 11:20:00,67.88,67.92,67.85,67.86,93336
2026-07-20 11:21:00,67.855,67.86,67.8,67.845,61359
2026-07-20 11:22:00,67.845,67.96,67.835,67.94,85136
2026-07-20 11:23:00,67.95,68.01,67.94,67.98,171222
2026-07-20 11:24:00,67.975,68.0353,67.91,67.9401,78733
2026-07-20 11:25:00,67.945,68,67.9301,67.945,119226
2026-07-20 11:26:00,67.945,67.945,67.83,67.83,92825
2026-07-20 11:27:00,67.83,67.84,67.8,67.8006,89728
2026-07-20 11:28:00,67.805,67.875,67.745,67.87,153350
2026-07-20 11:29:00,67.87,67.87,67.775,67.78,64826
2026-07-20 11:30:00,67.78,67.9,67.78,67.89,70194
2026-07-20 11:31:00,67.895,67.93,67.8437,67.845,82824
2026-07-20 11:32:00,67.845,67.86,67.8102,67.835,47636
2026-07-20 11:33:00,67.835,67.865,67.83,67.84,52283
2026-07-20 11:34:00,67.845,67.95,67.8027,67.935,398210
2026-07-20 11:35:00,67.94,68,67.94,67.945,90575
2026-07-20 11:36:00,67.945,67.98,67.93,67.9499,80825
2026-07-20 11:37:00,67.95,68.095,67.95,68.085,209097
2026-07-20 11:38:00,68.085,68.15,68.01,68.115,111452
2026-07-20 11:39:00,68.115,68.165,68.065,68.065,86556
2026-07-20 11:40:00,68.065,68.1694,68.065,68.145,116249
2026-07-20 11:41:00,68.145,68.25,68.12,68.12,141061
2026-07-20 11:42:00,68.115,68.115,68.05,68.05,45922
2026-07-20 11:43:00,68.055,68.085,67.99,68.0701,76345
2026-07-20 11:44:00,68.08,68.09,67.925,67.97,86730
2026-07-20 11:45:00,67.965,67.995,67.965,67.965,61158
2026-07-20 11:46:00,67.965,67.965,67.865,67.865,50851
2026-07-20 11:47:00,67.865,67.9,67.84,67.875,48775
2026-07-20 11:48:00,67.875,67.95,67.8546,67.93,52922
2026-07-20 11:49:00,67.93,67.945,67.925,67.935,43255
2026-07-20 11:50:00,67.935,67.935,67.88,67.91,63992
2026-07-20 11:51:00,67.91,67.92,67.855,67.87,38102
2026-07-20 11:52:00,67.87,67.9101,67.86,67.88,42114
2026-07-20 11:53:00,67.88,67.92,67.81,67.8101,50523
2026-07-20 11:54:00,67.82,67.85,67.79,67.805,44948
2026-07-20 11:55:00,67.805,67.865,67.78,67.86,69173
2026-07-20 11:56:00,67.86,67.86,67.8,67.805,76406
2026-07-20 11:57:00,67.805,67.82,67.75,67.7563,59076
2026-07-20 11:58:00,67.755,67.79,67.66,67.66,112386
2026-07-20 11:59:00,67.67,67.6799,67.61,67.67,47403
2026-07-20 12:00:00,67.67,67.685,67.6101,67.63,68084
2026-07-20 12:01:00,67.635,67.695,67.62,67.695,66557
2026-07-20 12:02:00,67.695,67.765,67.535,67.535,150034
2026-07-20 12:03:00,67.535,67.6,67.535,67.595,62023
2026-07-20 12:04:00,67.595,67.765,67.585,67.67,281320
2026-07-20 12:05:00,67.68,67.7857,67.63,67.785,135068
2026-07-20 12:06:00,67.79,67.838,67.75,67.795,133026
2026-07-20 12:07:00,67.7991,67.8601,67.75,67.8601,72101
2026-07-20 12:08:00,67.87,67.925,67.8201,67.9213,68970
2026-07-20 12:09:00,67.93,67.97,67.84,67.965,88227
2026-07-20 12:10:00,67.965,67.975,67.89,67.9101,83925
2026-07-20 12:11:00,67.915,67.9771,67.915,67.95,56103
2026-07-20 12:12:00,67.94,67.955,67.84,67.84,88018
2026-07-20 12:13:00,67.84,67.8977,67.84,67.88,51447
2026-07-20 12:14:00,67.875,67.93,67.875,67.905,31248
2026-07-20 12:15:00,67.905,67.95,67.895,67.925,33006
2026-07-20 12:16:00,67.92,67.965,67.91,67.955,43419
2026-07-20 12:17:00,67.95,67.955,67.91,67.925,35449
2026-07-20 12:18:00,67.925,67.96,67.915,67.94,47615
2026-07-20 12:19:00,67.945,68.01,67.94,67.9762,104491
2026-07-20 12:20:00,67.975,68.005,67.9526,67.99,39621
2026-07-20 12:21:00,67.9999,68.005,67.94,67.965,51888
2026-07-20 12:22:00,67.965,67.99,67.95,67.965,47985
2026-07-20 12:23:00,67.965,67.985,67.96,67.975,45557
2026-07-20 12:24:00,67.975,68.085,67.955,68.045,329548
2026-07-20 12:25:00,68.045,68.095,67.98,68,94835
2026-07-20 12:26:00,67.99,67.995,67.92,67.95,41624
2026-07-20 12:27:00,67.95,68.02,67.94,67.96,204668
2026-07-20 12:28:00,67.96,68.04,67.945,68.035,34592
2026-07-20 12:29:00,68.035,68.04,67.89,67.895,44731
2026-07-20 12:30:00,67.895,67.91,67.83,67.848,47087
2026-07-20 12:31:00,67.85,67.905,67.85,67.855,58815
2026-07-20 12:32:00,67.8599,67.8799,67.81,67.855,31521
2026-07-20 12:33:00,67.855,67.87,67.785,67.785,48637
2026-07-20 12:34:00,67.7899,67.87,67.755,67.845,44966
2026-07-20 12:35:00,67.85,67.86,67.795,67.83,47586
2026-07-20 12:36:00,67.8239,67.865,67.8103,67.845,37236
2026-07-20 12:37:00,67.85,67.8799,67.82,67.8301,41537
2026-07-20 12:38:00,67.835,67.885,67.835,67.862,30714
2026-07-20 12:39:00,67.865,67.9,67.865,67.885,34410
2026-07-20 12:40:00,67.89,67.91,67.875,67.895,46983
2026-07-20 12:41:00,67.9,67.9,67.78,67.825,151037
2026-07-20 12:42:00,67.83,67.87,67.81,67.83,55470
2026-07-20 12:43:00,67.825,67.895,67.8,67.8901,61446
2026-07-20 12:44:00,67.89,67.895,67.81,67.84,35664
2026-07-20 12:45:00,67.84,67.86,67.7964,67.845,79763
2026-07-20 12:46:00,67.845,67.88,67.81,67.875,33601
2026-07-20 12:47:00,67.875,67.88,67.83,67.845,47532
2026-07-20 12:48:00,67.85,67.88,67.84,67.875,32780
2026-07-20 12:49:00,67.875,67.9,67.865,67.885,40725
2026-07-20 12:50:00,67.89,67.905,67.835,67.835,40081
2026-07-20 12:51:00,67.84,67.905,67.84,67.875,37493
2026-07-20 12:52:00,67.88,67.885,67.825,67.865,55537
2026-07-20 12:53:00,67.865,67.865,67.73,67.765,130872
2026-07-20 12:54:00,67.77,67.78,67.7146,67.735,87371
2026-07-20 12:55:00,67.735,67.775,67.7346,67.77,40293
2026-07-20 12:56:00,67.775,67.7899,67.74,67.785,62424
2026-07-20 12:57:00,67.785,67.79,67.765,67.775,22137
2026-07-20 12:58:00,67.78,67.785,67.725,67.745,96363
2026-07-20 12:59:00,67.75,67.775,67.7201,67.736,136553
2026-07-20 13:00:00,67.735,67.745,67.685,67.73,226057
2026-07-20 13:01:00,67.725,67.73,67.64,67.65,125181
2026-07-20 13:02:00,67.65,67.74,67.65,67.735,37316
2026-07-20 13:03:00,67.735,67.7599,67.7201,67.755,31067
2026-07-20 13:04:00,67.76,67.765,67.74,67.755,33425
2026-07-20 13:05:00,67.755,67.8,67.755,67.79,42256
2026-07-20 13:06:00,67.785,67.7998,67.68,67.685,47601
2026-07-20 13:07:00,67.685,67.7,67.5846,67.6,627095
2026-07-20 13:08:00,67.595,67.64,67.5325,67.55,187497
2026-07-20 13:09:00,67.55,67.5557,67.4901,67.515,88020
2026-07-20 13:10:00,67.515,67.59,67.5,67.54,89460
2026-07-20 13:11:00,67.54,67.565,67.53,67.545,43783
2026-07-20 13:12:00,67.55,67.665,67.55,67.645,78729
2026-07-20 13:13:00,67.645,67.67,67.55,67.55,81941
2026-07-20 13:14:00,67.56,67.58,67.53,67.535,65097
2026-07-20 13:15:00,67.535,67.575,67.46,67.51,81116
2026-07-20 13:16:00,67.515,67.525,67.4601,67.4601,25680
2026-07-20 13:17:00,67.4699,67.65,67.44,67.65,108536
2026-07-20 13:18:00,67.6598,67.7551,67.6598,67.755,103397
2026-07-20 13:19:00,67.7501,67.775,67.6901,67.7495,93744
2026-07-20 13:20:00,67.73,67.77,67.73,67.755,29937
2026-07-20 13:21:00,67.76,67.79,67.745,67.775,53833
2026-07-20 13:22:00,67.78,67.815,67.72,67.745,137295
2026-07-20 13:23:00,67.76,67.78,67.7309,67.765,51127
2026-07-20 13:24:00,67.765,67.77,67.71,67.715,22185
2026-07-20 13:25:00,67.715,67.755,67.7,67.735,50387
2026-07-20 13:26:00,67.735,67.7399,67.685,67.715,47189
2026-07-20 13:27:00,67.715,67.72,67.66,67.66,38802
2026-07-20 13:28:00,67.6699,67.69,67.66,67.675,49195
2026-07-20 13:29:00,67.68,67.8,67.67,67.79,616281
2026-07-20 13:30:00,67.795,67.845,67.78,67.795,64828
2026-07-20 13:31:00,67.795,67.815,67.7534,67.7534,39548
2026-07-20 13:32:00,67.76,67.785,67.745,67.7501,54064
2026-07-20 13:33:00,67.755,67.756,67.65,67.65,49298
2026-07-20 13:34:00,67.655,67.665,67.585,67.605,47166
2026-07-20 13:35:00,67.6001,67.63,67.575,67.61,46793
2026-07-20 13:36:00,67.605,67.64,67.5701,67.635,118502
2026-07-20 13:37:00,67.63,67.635,67.58,67.625,37903
2026-07-20 13:38:00,67.63,67.7,67.61,67.655,91247
2026-07-20 13:39:00,67.655,67.655,67.585,67.635,41116
2026-07-20 13:40:00,67.64,67.665,67.6101,67.625,69745
2026-07-20 13:41:00,67.625,67.63,67.57,67.595,66859
2026-07-20 13:42:00,67.59,67.595,67.55,67.555,44155
2026-07-20 13:43:00,67.56,67.58,67.55,67.58,35292
2026-07-20 13:44:00,67.58,67.62,67.57,67.615,145511
2026-07-20 13:45:00,67.615,67.71,67.61,67.685,94958
2026-07-20 13:46:00,67.69,67.735,67.645,67.725,37425
2026-07-20 13:47:00,67.72,67.72,67.65,67.7,79347
2026-07-20 13:48:00,67.71,67.75,67.69,67.705,256521
2026-07-20 13:49:00,67.705,67.73,67.685,67.715,31052
2026-07-20 13:50:00,67.715,67.75,67.7101,67.745,20762
2026-07-20 13:51:00,67.745,67.79,67.665,67.735,155371
2026-07-20 13:52:00,67.73,67.74,67.635,67.655,132339
2026-07-20 13:53:00,67.655,67.75,67.655,67.74,44262
2026-07-20 13:54:00,67.73,67.735,67.67,67.6801,52788
2026-07-20 13:55:00,67.68,67.68,67.39,67.455,209271
2026-07-20 13:56:00,67.455,67.455,67.405,67.415,81612
2026-07-20 13:57:00,67.415,67.455,67.39,67.42,42357
2026-07-20 13:58:00,67.415,67.425,67.39,67.3936,29049
2026-07-20 13:59:00,67.4,67.4596,67.385,67.415,88089
2026-07-20 14:00:00,67.405,67.43,67.395,67.405,64057
2026-07-20 14:01:00,67.4077,67.44,67.4,67.44,66769
2026-07-20 14:02:00,67.445,67.46,67.345,67.355,57272
2026-07-20 14:03:00,67.355,67.36,67.18,67.225,219849
2026-07-20 14:04:00,67.225,67.23,67.105,67.115,62292
2026-07-20 14:05:00,67.12,67.15,67.075,67.125,125445
2026-07-20 14:06:00,67.125,67.145,67.075,67.12,92346
2026-07-20 14:07:00,67.115,67.1799,67.09,67.1767,76382
2026-07-20 14:08:00,67.175,67.18,67.135,67.145,76884
2026-07-20 14:09:00,67.1449,67.21,67.1413,67.21,52288
2026-07-20 14:10:00,67.175,67.31,67.175,67.2899,102624
2026-07-20 14:11:00,67.285,67.34,67.28,67.33,53126
2026-07-20 14:12:00,67.335,67.37,67.32,67.355,64796
2026-07-20 14:13:00,67.355,67.365,67.315,67.3201,50742
2026-07-20 14:14:00,67.3255,67.45,67.315,67.4301,119255
2026-07-20 14:15:00,67.4301,67.4301,67.3701,67.39,70268
2026-07-20 14:16:00,67.4,67.4,67.35,67.355,49351
2026-07-20 14:17:00,67.355,67.39,67.355,67.375,53327
2026-07-20 14:18:00,67.375,67.38,67.3201,67.36,78785
2026-07-20 14:19:00,67.355,67.365,67.335,67.34,36927
2026-07-20 14:20:00,67.3401,67.35,67.325,67.3301,49057
2026-07-20 14:21:00,67.335,67.335,67.29,67.305,70550
2026-07-20 14:22:00,67.3099,67.3099,67.285,67.2935,46319
2026-07-20 14:23:00,67.295,67.31,67.27,67.27,62299
2026-07-20 14:24:00,67.275,67.2772,67.25,67.255,49079
2026-07-20 14:25:00,67.255,67.37,67.255,67.37,82853
2026-07-20 14:26:00,67.37,67.3999,67.35,67.35,49287
2026-07-20 14:27:00,67.35,67.37,67.34,67.357,74636
2026-07-20 14:28:00,67.355,67.355,67.29,67.335,111195
2026-07-20 14:29:00,67.335,67.38,67.335,67.37,55079
2026-07-20 14:30:00,67.3601,67.37,67.325,67.34,46688
2026-07-20 14:31:00,67.35,67.365,67.335,67.365,30066
2026-07-20 14:32:00,67.365,67.38,67.345,67.365,55165
2026-07-20 14:33:00,67.365,67.41,67.365,67.405,44307
2026-07-20 14:34:00,67.405,67.415,67.385,67.385,45497
2026-07-20 14:35:00,67.3801,67.395,67.36,67.385,56327
2026-07-20 14:36:00,67.385,67.39,67.365,67.3701,30999
2026-07-20 14:37:00,67.38,67.41,67.375,67.3801,43389
2026-07-20 14:38:00,67.39,67.415,67.34,67.34,84376
2026-07-20 14:39:00,67.33,67.355,67.325,67.335,48296
2026-07-20 14:40:00,67.3301,67.335,67.305,67.335,67360
2026-07-20 14:41:00,67.335,67.3375,67.31,67.315,49284
2026-07-20 14:42:00,67.32,67.375,67.295,67.34,175329
2026-07-20 14:43:00,67.345,67.395,67.3331,67.35,50122
2026-07-20 14:44:00,67.3501,67.47,67.335,67.455,142309
2026-07-20 14:45:00,67.4501,67.5,67.415,67.475,77773
2026-07-20 14:46:00,67.475,67.49,67.465,67.49,57502
2026-07-20 14:47:00,67.485,67.49,67.435,67.455,70367
2026-07-20 14:48:00,67.455,67.485,67.45,67.465,78298
2026-07-20 14:49:00,67.4675,67.47,67.405,67.435,65015
2026-07-20 14:50:00,67.44,67.51,67.425,67.505,120669
2026-07-20 14:51:00,67.5,67.56,67.46,67.545,137237
2026-07-20 14:52:00,67.5401,67.5487,67.495,67.535,72032
2026-07-20 14:53:00,67.53,67.545,67.52,67.535,52089
2026-07-20 14:54:00,67.53,67.61,67.5101,67.575,123153
2026-07-20 14:55:00,67.575,67.578,67.5101,67.525,102137
2026-07-20 14:56:00,67.53,67.55,67.51,67.5245,85382
2026-07-20 14:57:00,67.52,67.545,67.48,67.545,68952
2026-07-20 14:58:00,67.55,67.57,67.5401,67.565,50111
2026-07-20 14:59:00,67.565,67.625,67.535,67.6,63660
2026-07-20 15:00:00,67.6,67.615,67.5701,67.615,62026
2026-07-20 15:01:00,67.61,67.62,67.535,67.565,64451
2026-07-20 15:02:00,67.5637,67.57,67.51,67.52,63395
2026-07-20 15:03:00,67.5217,67.5368,67.5,67.51,92344
2026-07-20 15:04:00,67.51,67.51,67.43,67.465,81970
2026-07-20 15:05:00,67.465,67.54,67.45,67.54,69980
2026-07-20 15:06:00,67.53,67.5356,67.435,67.45,591475
2026-07-20 15:07:00,67.45,67.465,67.415,67.455,57446
2026-07-20 15:08:00,67.455,67.465,67.4132,67.455,66287
2026-07-20 15:09:00,67.455,67.51,67.4501,67.51,52274
2026-07-20 15:10:00,67.51,67.53,67.499,67.515,48922
2026-07-20 15:11:00,67.515,67.515,67.48,67.485,51076
2026-07-20 15:12:00,67.485,67.49,67.4305,67.465,79043
2026-07-20 15:13:00,67.465,67.47,67.45,67.455,23440
2026-07-20 15:14:00,67.455,67.485,67.455,67.4723,44545
2026-07-20 15:15:00,67.475,67.495,67.44,67.455,90236
2026-07-20 15:16:00,67.47,67.5,67.43,67.465,76437
2026-07-20 15:17:00,67.47,67.48,67.435,67.45,42537
2026-07-20 15:18:00,67.46,67.47,67.45,67.465,26224
2026-07-20 15:19:00,67.465,67.4701,67.45,67.455,52345
2026-07-20 15:20:00,67.46,67.48,67.43,67.465,82447
2026-07-20 15:21:00,67.4601,67.5,67.46,67.479,64341
2026-07-20 15:22:00,67.48,67.5,67.445,67.455,80091
2026-07-20 15:23:00,67.46,67.48,67.4301,67.475,74882
2026-07-20 15:24:00,67.48,67.505,67.47,67.495,57866
2026-07-20 15:25:00,67.4997,67.53,67.495,67.52,63795
2026-07-20 15:26:00,67.515,67.52,67.44,67.48,70675
2026-07-20 15:27:00,67.475,67.515,67.43,67.515,110057
2026-07-20 15:28:00,67.515,67.57,67.5101,67.5698,58596
2026-07-20 15:29:00,67.57,67.59,67.525,67.535,86703
2026-07-20 15:30:00,67.535,67.565,67.52,67.565,71295
2026-07-20 15:31:00,67.565,67.61,67.52,67.605,146053
2026-07-20 15:32:00,67.61,67.625,67.545,67.585,143053
2026-07-20 15:33:00,67.59,67.595,67.555,67.575,92290
2026-07-20 15:34:00,67.575,67.5799,67.51,67.515,81117
2026-07-20 15:35:00,67.515,67.63,67.505,67.585,112066
2026-07-20 15:36:00,67.585,67.61,67.525,67.535,74701
2026-07-20 15:37:00,67.535,67.615,67.525,67.605,277253
2026-07-20 15:38:00,67.605,67.72,67.6,67.71,302030
2026-07-20 15:39:00,67.705,67.76,67.69,67.7499,92032
2026-07-20 15:40:00,67.745,67.8,67.59,67.61,154934
2026-07-20 15:41:00,67.62,67.63,67.585,67.605,105025
2026-07-20 15:42:00,67.605,67.63,67.59,67.595,129241
2026-07-20 15:43:00,67.595,67.61,67.58,67.59,117282
2026-07-20 15:44:00,67.595,67.6,67.57,67.6,113804
2026-07-20 15:45:00,67.592,67.67,67.592,67.625,239940
2026-07-20 15:46:00,67.625,67.68,67.615,67.665,123148
2026-07-20 15:47:00,67.6602,67.67,67.615,67.625,95533
2026-07-20 15:48:00,67.625,67.655,67.61,67.655,114956
2026-07-20 15:49:00,67.65,67.69,67.635,67.6701,114855
2026-07-20 15:50:00,67.67,67.73,67.64,67.65,266503
2026-07-20 15:51:00,67.645,67.735,67.645,67.665,272989
2026-07-20 15:52:00,67.665,67.67,67.6,67.64,225779
2026-07-20 15:53:00,67.65,67.6796,67.615,67.645,143753
2026-07-20 15:54:00,67.64,67.65,67.58,67.64,295762
2026-07-20 15:55:00,67.62,67.66,67.6,67.645,295549
2026-07-20 15:56:00,67.645,67.665,67.595,67.655,276835
2026-07-20 15:57:00,67.655,67.67,67.595,67.615,383809
2026-07-20 15:58:00,67.62,67.635,67.575,67.58,327136
2026-07-20 15:59:00,67.585,67.635,67.55,67.57,1048969
2026-07-20 16:00:00,67.57,67.65,67.57,67.65,4720010
2026-07-20 16:01:00,67.63,67.64,67.57,67.57,6390
2026-07-20 16:02:00,67.57,67.57,67.55,67.5507,400
2026-07-20 16:03:00,67.54,67.6,67.5,67.5,296548
2026-07-20 16:04:00,67.5553,67.5553,67.5,67.55,1705
2026-07-20 16:05:00,67.55,67.589,67.55,67.589,300
2026-07-20 16:06:00,67.58,67.59,67.55,67.5776,2448
2026-07-20 16:07:00,67.56,67.58,67.55,67.58,1259
2026-07-20 16:08:00,67.5301,67.54,67.5301,67.54,232
2026-07-20 16:09:00,67.55,67.55,67.52,67.52,400
2026-07-20 16:10:00,67.51,67.5799,67.51,67.5165,710
2026-07-20 16:11:00,67.5845,67.5845,67.5845,67.5845,100
2026-07-20 16:12:00,67.5,67.5,67.5,67.5,346
2026-07-20 16:14:00,67.5006,67.5006,67.5006,67.5006,1600
2026-07-20 16:15:00,67.5501,67.5769,67.5501,67.5769,1300
2026-07-20 16:16:00,67.57,67.5707,67.57,67.5707,1132
2026-07-20 16:17:00,67.58,67.58,67.55,67.55,422
2026-07-20 16:18:00,67.51,67.58,67.51,67.58,332
2026-07-20 16:20:00,67.54,67.58,67.54,67.58,316
2026-07-20 16:21:00,67.503,67.57,67.503,67.57,700
2026-07-20 16:22:00,67.515,67.5408,67.5,67.5,4254
2026-07-20 16:23:00,67.5,67.525,67.5,67.5003,800
2026-07-20 16:24:00,67.5,67.5411,67.5,67.505,502
2026-07-20 16:26:00,67.53,67.53,67.5227,67.5227,554
2026-07-20 16:27:00,67.5231,67.5231,67.5231,67.5231,100
2026-07-20 16:28:00,67.5219,67.53,67.5219,67.53,1200
2026-07-20 16:29:00,67.53,67.53,67.5218,67.5297,782
2026-07-20 16:30:00,67.5296,67.5296,67.5296,67.5296,100
2026-07-20 16:31:00,67.525,67.53,67.525,67.53,315
2026-07-20 16:32:00,67.525,67.5299,67.525,67.5299,1400
2026-07-20 16:33:00,67.525,67.5299,67.525,67.5285,1900
2026-07-20 16:34:00,67.5202,67.5298,67.5202,67.5298,300
2026-07-20 16:35:00,67.52,67.5285,67.52,67.5285,474
2026-07-20 16:36:00,67.5299,67.5299,67.5292,67.5292,200
2026-07-20 16:38:00,67.5357,67.5357,67.53,67.53,395
2026-07-20 16:39:00,67.5298,67.5298,67.5293,67.5293,600
2026-07-20 16:41:00,67.53,67.54,67.5299,67.54,4738
2026-07-20 16:42:00,67.54,67.54,67.535,67.535,5098
2026-07-20 16:44:00,67.5683,67.5683,67.5683,67.5683,199
2026-07-20 16:45:00,67.55,67.55,67.5108,67.5108,350
2026-07-20 16:47:00,67.56,67.56,67.5108,67.5108,250
2026-07-20 16:48:00,67.57,67.57,67.57,67.57,104
2026-07-20 16:50:00,67.5301,67.5301,67.5301,67.5301,500
2026-07-20 16:51:00,67.56,67.56,67.56,67.56,132
2026-07-20 16:52:00,67.57,67.57,67.57,67.57,434
2026-07-20 16:54:00,67.5487,67.5691,67.5487,67.5691,400
2026-07-20 16:55:00,67.562,67.562,67.56,67.56,1132
2026-07-20 16:56:00,67.56,67.56,67.55,67.55,285
2026-07-20 16:57:00,67.57,67.57,67.522,67.57,305
2026-07-20 16:58:00,67.5691,67.5691,67.5691,67.5691,105
2026-07-20 17:00:00,67.5263,67.5263,67.5263,67.5263,100
2026-07-20 17:04:00,67.5643,67.5643,67.5643,67.5643,350
2026-07-20 17:05:00,67.5124,67.5697,67.5124,67.5193,2800
2026-07-20 17:06:00,67.5485,67.5485,67.5485,67.5485,100
2026-07-20 17:07:00,67.55,67.55,67.55,67.55,293
2026-07-20 17:10:00,67.569,67.569,67.56,67.56,242
2026-07-20 17:11:00,67.54,67.54,67.54,67.54,255
2026-07-20 17:12:00,67.53,67.53,67.53,67.53,125
2026-07-20 17:13:00,67.54,67.54,67.54,67.54,602
2026-07-20 17:15:00,67.53,67.5499,67.53,67.5499,450
2026-07-20 17:16:00,67.54,67.54,67.54,67.54,100
2026-07-20 17:17:00,67.55,67.55,67.55,67.55,100
2026-07-20 17:21:00,67.5438,67.55,67.5438,67.55,300
2026-07-20 17:22:00,67.55,67.55,67.54,67.55,717
2026-07-20 17:23:00,67.57,67.57,67.57,67.57,100
2026-07-20 17:25:00,67.57,67.57,67.57,67.57,400
2026-07-20 17:34:00,67.59,67.59,67.59,67.59,150
2026-07-20 17:35:00,67.5619,67.5619,67.5619,67.5619,201
2026-07-20 17:36:00,67.5769,67.58,67.5631,67.58,735
2026-07-20 17:37:00,67.58,67.58,67.57,67.57,721
2026-07-20 17:39:00,67.58,67.58,67.57,67.57,800
2026-07-20 17:41:00,67.56,67.56,67.56,67.56,200
2026-07-20 17:43:00,67.54,67.56,67.54,67.56,575
2026-07-20 17:44:00,67.56,67.56,67.56,67.56,201
2026-07-20 17:45:00,67.56,67.56,67.56,67.56,200
2026-07-20 17:46:00,67.5699,67.57,67.56,67.56,1868
2026-07-20 17:47:00,67.57,67.57,67.57,67.57,500
2026-07-20 17:48:00,67.56,67.57,67.56,67.5699,463
2026-07-20 17:49:00,67.5769,67.58,67.5769,67.58,420
2026-07-20 17:50:00,67.6,67.6,67.6,67.6,117
2026-07-20 17:51:00,67.59,67.6,67.59,67.59,2541
2026-07-20 17:52:00,67.59,67.6,67.59,67.6,200
2026-07-20 17:53:00,67.5856,67.5856,67.58,67.58,200
2026-07-20 17:54:00,67.58,67.58,67.58,67.58,150
2026-07-20 17:57:00,67.5966,67.5966,67.5966,67.5966,300
2026-07-20 17:59:00,67.5985,67.5985,67.5985,67.5985,100
2026-07-20 18:00:00,67.5998,67.5998,67.54,67.54,13303
2026-07-20 18:02:00,67.5201,67.5493,67.5201,67.5454,1600
2026-07-20 18:03:00,67.54,67.54,67.5286,67.5286,402
2026-07-20 18:04:00,67.53,67.54,67.53,67.54,960
2026-07-20 18:05:00,67.54,67.54,67.53,67.53,442
2026-07-20 18:06:00,67.52,67.52,67.52,67.52,220
2026-07-20 18:08:00,67.5298,67.53,67.5298,67.53,200
2026-07-20 18:09:00,67.52,67.52,67.52,67.52,100
2026-07-20 18:10:00,67.525,67.6,67.49,67.6,10104
2026-07-20 18:11:00,67.6,67.63,67.588,67.63,5387
2026-07-20 18:12:00,67.67,67.67,67.588,67.588,5802
2026-07-20 18:13:00,67.63,67.63,67.62,67.63,2770
2026-07-20 18:14:00,67.6207,67.6207,67.55,67.62,1825
2026-07-20 18:15:00,67.59,67.59,67.59,67.59,100
2026-07-20 18:16:00,67.5798,67.5798,67.57,67.57,1150
2026-07-20 18:19:00,67.58,67.58,67.58,67.58,150
2026-07-20 18:20:00,67.5554,67.5554,67.5554,67.5554,100
2026-07-20 18:22:00,67.5543,67.5543,67.5543,67.5543,177
2026-07-20 18:24:00,67.57,67.57,67.57,67.57,400
2026-07-20 18:25:00,67.56,67.5699,67.56,67.5699,1100
2026-07-20 18:26:00,67.5699,67.5699,67.5699,67.5699,2100
2026-07-20 18:27:00,67.57,67.58,67.5695,67.58,1754
2026-07-20 18:28:00,67.588,67.5896,67.5803,67.5803,500
2026-07-20 18:29:00,67.582,67.586,67.55,67.55,714
2026-07-20 18:30:00,67.5,67.55,67.5,67.55,4226
2026-07-20 18:31:00,67.55,67.55,67.54,67.55,1295
2026-07-20 18:32:00,67.54,67.54,67.54,67.54,250
2026-07-20 18:33:00,67.5678,67.5678,67.5678,67.5678,100
2026-07-20 18:34:00,67.59,67.59,67.59,67.59,150
2026-07-20 18:35:00,67.5891,67.59,67.566,67.566,1150
2026-07-20 18:36:00,67.5765,67.5781,67.566,67.5692,800
2026-07-20 18:37:00,67.56,67.58,67.56,67.58,563
2026-07-20 18:38:00,67.5562,67.5562,67.5562,67.5562,450
2026-07-20 18:39:00,67.58,67.59,67.57,67.58,2320
2026-07-20 18:40:00,67.5899,67.59,67.5886,67.5886,1000
2026-07-20 18:41:00,67.582,67.5899,67.55,67.5899,2600
2026-07-20 18:42:00,67.58,67.58,67.51,67.55,4735
2026-07-20 18:43:00,67.54,67.59,67.51,67.59,2993
2026-07-20 18:44:00,67.552,67.57,67.53,67.57,1369
2026-07-20 18:45:00,67.59,67.59,67.5462,67.572,2934
2026-07-20 18:46:00,67.56,67.58,67.42,67.42,6941
2026-07-20 18:47:00,67.435,67.47,67.405,67.4423,4416
2026-07-20 18:48:00,67.45,67.49,67.45,67.4792,3191
2026-07-20 18:49:00,67.4531,67.458,67.4077,67.4277,6066
2026-07-20 18:50:00,67.44,67.4699,67.4204,67.46,2265
2026-07-20 18:51:00,67.4363,67.48,67.4363,67.4604,634
2026-07-20 18:52:00,67.49,67.52,67.4851,67.5076,2325
2026-07-20 18:53:00,67.5,67.5,67.49,67.49,400
2026-07-20 18:54:00,67.51,67.51,67.51,67.51,100
2026-07-20 18:55:00,67.4401,67.4401,67.4401,67.4401,4000
2026-07-20 18:56:00,67.48,67.51,67.47,67.47,7063
2026-07-20 18:57:00,67.44,67.4981,67.44,67.4467,400
2026-07-20 18:58:00,67.4482,67.49,67.4482,67.451,1045
2026-07-20 18:59:00,67.4537,67.4539,67.4507,67.4507,898
2026-07-20 19:00:00,67.4562,67.49,67.4506,67.4506,1280
2026-07-20 19:01:00,67.4872,67.4872,67.4754,67.4754,200
2026-07-20 19:02:00,67.47,67.4799,67.47,67.4799,244
2026-07-20 19:05:00,67.49,67.49,67.49,67.49,500
2026-07-20 19:06:00,67.49,67.49,67.4859,67.4859,250
2026-07-20 19:07:00,67.5,67.5,67.5,67.5,654
2026-07-20 19:08:00,67.4907,67.4907,67.49,67.49,200
2026-07-20 19:09:00,67.51,67.52,67.51,67.52,352
2026-07-20 19:10:00,67.542,67.55,67.542,67.55,220
2026-07-20 19:11:00,67.5,67.56,67.5,67.56,2165
2026-07-20 19:12:00,67.5,67.56,67.5,67.56,3368
2026-07-20 19:13:00,67.55,67.55,67.5,67.5,421
2026-07-20 19:14:00,67.54,67.54,67.54,67.54,800
2026-07-20 19:15:00,67.54,67.54,67.54,67.54,600
2026-07-20 19:16:00,67.54,67.54,67.5,67.5188,1050
2026-07-20 19:17:00,67.53,67.53,67.52,67.52,2569
2026-07-20 19:18:00,67.52,67.52,67.516,67.52,1851
2026-07-20 19:19:00,67.53,67.58,67.53,67.58,749
2026-07-20 19:20:00,67.59,67.59,67.59,67.59,250
2026-07-20 19:21:00,67.59,67.63,67.59,67.63,500
2026-07-20 19:22:00,67.62,67.62,67.59,67.59,850
2026-07-20 19:23:00,67.63,67.63,67.56,67.62,440
2026-07-20 19:24:00,67.61,67.63,67.5,67.5,3658
2026-07-20 19:25:00,67.67,67.67,67.67,67.67,150
2026-07-20 19:26:00,67.6328,67.67,67.6328,67.65,780
2026-07-20 19:27:00,67.65,67.65,67.6024,67.6476,1700
2026-07-20 19:28:00,67.65,67.65,67.6201,67.6201,270
2026-07-20 19:29:00,67.65,67.65,67.65,67.65,303
2026-07-20 19:30:00,67.65,67.65,67.65,67.65,800
2026-07-20 19:31:00,67.63,67.63,67.63,67.63,369
2026-07-20 19:32:00,67.61,67.61,67.5861,67.5861,200
2026-07-20 19:33:00,67.5986,67.5994,67.5986,67.5994,250
2026-07-20 19:36:00,67.59,67.67,67.59,67.67,615
2026-07-20 19:37:00,67.5631,67.5631,67.5631,67.5631,148
2026-07-20 19:38:00,67.67,67.67,67.6,67.64,4184
2026-07-20 19:40:00,67.6644,67.6685,67.6108,67.6108,2739
2026-07-20 19:42:00,67.6082,67.6082,67.6082,67.6082,100
2026-07-20 19:43:00,67.65,67.65,67.65,67.65,550
2026-07-20 19:45:00,67.65,67.65,67.6,67.6,823
2026-07-20 19:47:00,67.59,67.59,67.59,67.59,280
2026-07-20 19:48:00,67.6165,67.6165,67.6165,67.6165,100
2026-07-20 19:51:00,67.6172,67.6172,67.6172,67.6172,150
2026-07-20 19:52:00,67.6199,67.62,67.6198,67.62,4500
2026-07-20 19:53:00,67.61,67.61,67.61,67.61,300
2026-07-20 19:54:00,67.6,67.6,67.6,67.6,200
2026-07-20 19:55:00,67.55,67.55,67.55,67.55,126
2026-07-20 19:56:00,67.55,67.55,67.54,67.54,579
2026-07-20 19:58:00,67.6092,67.6092,67.5634,67.57,1328
2026-07-20 19:59:00,67.57,67.57,67.51,67.51,1945
2026-07-21 04:00:00,68,68,67.4166,67.59,64536
2026-07-21 04:01:00,67.54,67.62,67.4,67.5,21036
2026-07-21 04:02:00,67.49,67.55,67.38,67.39,13096
2026-07-21 04:04:00,67.48,67.48,67.48,67.48,208
2026-07-21 04:05:00,67.47,67.48,67.45,67.45,3041
2026-07-21 04:06:00,67.45,67.49,67.39,67.3908,5039
2026-07-21 04:07:00,67.47,67.55,67.45,67.45,600
2026-07-21 04:08:00,67.4,67.4,67.4,67.4,100
2026-07-21 04:09:00,67.36,67.36,67.36,67.36,300
2026-07-21 04:11:00,67.39,67.39,67.39,67.39,600
2026-07-21 04:12:00,67.47,67.47,67.47,67.47,250
2026-07-21 04:13:00,67.45,67.47,67.45,67.47,1870
2026-07-21 04:14:00,67.48,67.48,67.48,67.48,105
2026-07-21 04:15:00,67.43,67.44,67.41,67.44,916
2026-07-21 04:16:00,67.46,67.46,67.45,67.45,406
2026-07-21 04:18:00,67.46,67.48,67.46,67.48,1180
2026-07-21 04:19:00,67.6338,67.6338,67.57,67.59,2905
2026-07-21 04:20:00,67.6394,67.6394,67.6394,67.6394,3000
2026-07-21 04:21:00,67.58,67.585,67.58,67.58,1000
2026-07-21 04:22:00,67.5406,67.5406,67.5406,67.5406,500
2026-07-21 04:23:00,67.6,67.6,67.6,67.6,140
2026-07-21 04:25:00,67.58,67.58,67.58,67.58,400
2026-07-21 04:27:00,67.5336,67.6,67.5336,67.6,873
2026-07-21 04:28:00,67.59,67.59,67.55,67.58,300
2026-07-21 04:30:00,67.58,67.58,67.56,67.56,257
2026-07-21 04:31:00,67.54,67.54,67.53,67.53,901
2026-07-21 04:32:00,67.54,67.54,67.53,67.53,300
2026-07-21 04:33:00,67.52,67.52,67.52,67.52,100
2026-07-21 04:36:00,67.6,67.6,67.6,67.6,100
2026-07-21 04:38:00,67.52,67.52,67.52,67.52,200
2026-07-21 04:39:00,67.51,67.51,67.51,67.51,100
2026-07-21 04:42:00,67.55,67.55,67.55,67.55,200
2026-07-21 04:44:00,67.5774,67.5774,67.55,67.55,942
2026-07-21 04:47:00,67.57,67.58,67.57,67.58,925
2026-07-21 04:49:00,67.55,67.58,67.55,67.56,316
2026-07-21 04:51:00,67.55,67.56,67.55,67.55,1299
2026-07-21 04:52:00,67.5889,67.5889,67.5889,67.5889,300
2026-07-21 04:55:00,67.54,67.54,67.53,67.53,759
2026-07-21 04:56:00,67.53,67.6,67.53,67.6,2541
2026-07-21 04:57:00,67.56,67.56,67.53,67.53,629
2026-07-21 04:58:00,67.57,67.62,67.57,67.62,800
2026-07-21 05:00:00,67.57,67.57,67.55,67.55,950
2026-07-21 05:01:00,67.55,67.62,67.55,67.62,250
2026-07-21 05:02:00,67.63,67.66,67.63,67.66,329
2026-07-21 05:03:00,67.63,67.66,67.6,67.6479,3400
2026-07-21 05:05:00,67.65,67.65,67.65,67.65,169
2026-07-21 05:06:00,67.65,67.66,67.6441,67.66,2289
2026-07-21 05:07:00,67.66,67.66,67.66,67.66,100
2026-07-21 05:10:00,67.69,67.69,67.69,67.69,105
2026-07-21 05:11:00,67.71,67.71,67.71,67.71,400
2026-07-21 05:12:00,67.73,67.73,67.73,67.73,100
2026-07-21 05:14:00,67.7528,67.7528,67.7528,67.7528,145
2026-07-21 05:16:00,67.82,67.82,67.82,67.82,300
2026-07-21 05:17:00,67.8,67.8,67.79,67.79,200
2026-07-21 05:18:00,67.82,67.83,67.82,67.83,447
2026-07-21 05:19:00,67.8,67.805,67.75,67.75,9379
2026-07-21 05:21:00,67.8,67.8,67.8,67.8,200
2026-07-21 05:22:00,67.8,67.8,67.8,67.8,100
2026-07-21 05:24:00,67.7,67.7,67.66,67.66,1606
2026-07-21 05:27:00,67.73,67.73,67.73,67.73,133
2026-07-21 05:28:00,67.84,67.84,67.84,67.84,250
2026-07-21 05:30:00,67.76,67.76,67.76,67.76,100
2026-07-21 05:31:00,67.75,67.75,67.75,67.75,201
2026-07-21 05:32:00,67.73,67.76,67.73,67.76,1034
2026-07-21 05:33:00,67.73,67.73,67.71,67.71,760
2026-07-21 05:34:00,67.71,67.71,67.71,67.71,190
2026-07-21 05:35:00,67.67,67.78,67.66,67.78,1432
2026-07-21 05:36:00,67.7738,67.78,67.7738,67.78,200
2026-07-21 05:37:00,67.72,67.77,67.72,67.77,205
2026-07-21 05:38:00,67.66,67.66,67.66,67.66,500
2026-07-21 05:41:00,67.6954,67.6954,67.6954,67.6954,700
2026-07-21 05:42:00,67.75,67.75,67.75,67.75,300
2026-07-21 05:43:00,67.74,67.74,67.74,67.74,200
2026-07-21 05:45:00,67.77,67.77,67.77,67.77,4000
2026-07-21 05:46:00,67.77,67.77,67.77,67.77,500
2026-07-21 05:47:00,67.745,67.7474,67.745,67.7474,320
2026-07-21 05:49:00,67.71,67.71,67.7,67.7,2434
2026-07-21 05:52:00,67.69,67.69,67.69,67.69,1300
2026-07-21 05:56:00,67.7,67.7,67.7,67.7,214
2026-07-21 05:59:00,67.7,67.7,67.67,67.67,4719
2026-07-21 06:00:00,67.7,67.7,67.7,67.7,300
2026-07-21 06:01:00,67.7136,67.7136,67.7136,67.7136,100
2026-07-21 06:02:00,67.69,67.69,67.69,67.69,100
2026-07-21 06:03:00,67.7,67.7,67.7,67.7,300
2026-07-21 06:04:00,67.69,67.69,67.68,67.68,747
2026-07-21 06:08:00,67.7,67.72,67.6806,67.6806,2980
2026-07-21 06:10:00,67.7219,67.73,67.7219,67.73,661
2026-07-21 06:12:00,67.75,67.76,67.75,67.76,555
2026-07-21 06:13:00,67.77,67.77,67.77,67.77,200
2026-07-21 06:15:00,67.71,67.71,67.71,67.71,100
2026-07-21 06:18:00,67.71,67.71,67.71,67.71,100
2026-07-21 06:19:00,67.7,67.7,67.7,67.7,200
2026-07-21 06:21:00,67.68,67.68,67.665,67.665,810
2026-07-21 06:22:00,67.66,67.66,67.65,67.65,324
2026-07-21 06:23:00,67.64,67.64,67.61,67.61,879
2026-07-21 06:24:00,67.6,67.6,67.55,67.55,666
2026-07-21 06:25:00,67.58,67.58,67.58,67.58,100
2026-07-21 06:26:00,67.52,67.52,67.52,67.52,100
2026-07-21 06:27:00,67.6,67.6,67.6,67.6,2402
2026-07-21 06:28:00,67.52,67.52,67.52,67.52,400
2026-07-21 06:38:00,67.56,67.57,67.56,67.57,795
2026-07-21 06:39:00,67.57,67.574,67.52,67.52,2769
2026-07-21 06:40:00,67.554,67.554,67.52,67.551,1422
2026-07-21 06:42:00,67.54,67.54,67.54,67.54,322
2026-07-21 06:43:00,67.59,67.59,67.54,67.55,1785
2026-07-21 06:44:00,67.52,67.52,67.5,67.5,1826
2026-07-21 06:45:00,67.5,67.51,67.5,67.5,2459
2026-07-21 06:46:00,67.5,67.5,67.5,67.5,100
2026-07-21 06:48:00,67.51,67.51,67.5,67.5,600
2026-07-21 06:50:00,67.55,67.5827,67.55,67.5827,604
2026-07-21 06:52:00,67.52,67.52,67.5,67.5,600
2026-07-21 06:53:00,67.51,67.51,67.49,67.49,785
2026-07-21 06:54:00,67.57,67.57,67.57,67.57,105
2026-07-21 06:55:00,67.53,67.55,67.5,67.5,972
2026-07-21 06:56:00,67.53,67.53,67.53,67.53,100
2026-07-21 06:57:00,67.53,67.53,67.53,67.53,200
2026-07-21 06:58:00,67.5,67.5,67.5,67.5,397
2026-07-21 07:00:00,67.5,67.5845,67.45,67.48,6358
2026-07-21 07:01:00,67.5066,67.65,67.39,67.39,12346
2026-07-21 07:02:00,67.38,67.39,67.36,67.36,1249
2026-07-21 07:03:00,67.39,67.4328,67.36,67.36,2077
2026-07-21 07:04:00,67.37,67.4,67.35,67.35,5294
2026-07-21 07:05:00,67.38,67.43,67.38,67.43,300
2026-07-21 07:06:00,67.4402,67.4404,67.37,67.37,900
2026-07-21 07:07:00,67.4269,67.4269,67.4269,67.4269,100
2026-07-21 07:08:00,67.429,67.44,67.42,67.42,2296
2026-07-21 07:09:00,67.42,67.42,67.42,67.42,1250
2026-07-21 07:10:00,67.41,67.42,67.41,67.42,1390
2026-07-21 07:11:00,67.42,67.42,67.4,67.4193,1992
2026-07-21 07:12:00,67.4194,67.45,67.4194,67.45,1102
2026-07-21 07:13:00,67.5963,67.5963,67.48,67.5,4212
2026-07-21 07:14:00,67.48,67.49,67.48,67.49,200
2026-07-21 07:15:00,67.46,67.6,67.46,67.525,3756
2026-07-21 07:16:00,67.51,67.51,67.45,67.45,672
2026-07-21 07:17:00,67.43,67.4486,67.37,67.39,4988
2026-07-21 07:18:00,67.3786,67.3838,67.3786,67.3838,392
2026-07-21 07:20:00,67.36,67.37,67.36,67.37,300
2026-07-21 07:21:00,67.38,67.38,67.38,67.38,200
2026-07-21 07:25:00,67.3743,67.39,67.3743,67.39,9751
2026-07-21 07:26:00,67.3971,67.52,67.3971,67.47,2959
2026-07-21 07:27:00,67.46,67.53,67.41,67.53,3975
2026-07-21 07:28:00,67.53,67.55,67.52,67.55,1863
2026-07-21 07:29:00,67.59,67.6,67.5,67.51,12407
2026-07-21 07:30:00,67.51,67.53,67.49,67.4931,3511
2026-07-21 07:31:00,67.48,67.4938,67.4768,67.49,1500
2026-07-21 07:32:00,67.5,67.5,67.5,67.5,150
2026-07-21 07:33:00,67.5,67.5,67.5,67.5,400
2026-07-21 07:34:00,67.5,67.5,67.4996,67.4996,600
2026-07-21 07:35:00,67.45,67.46,67.45,67.46,531
2026-07-21 07:36:00,67.46,67.47,67.4157,67.47,486
2026-07-21 07:37:00,67.47,67.5,67.45,67.45,863
2026-07-21 07:38:00,67.45,67.5,67.4041,67.49,2754
2026-07-21 07:39:00,67.47,67.47,67.47,67.47,134
2026-07-21 07:40:00,67.49,67.5,67.49,67.5,300
2026-07-21 07:41:00,67.48,67.48,67.4,67.4,6624
2026-07-21 07:42:00,67.41,67.42,67.4,67.4,1440
2026-07-21 07:43:00,67.39,67.4,67.37,67.37,1267
2026-07-21 07:44:00,67.35,67.37,67.33,67.37,766
2026-07-21 07:45:00,67.33,67.33,67.3118,67.3118,1448
2026-07-21 07:46:00,67.31,67.32,67.31,67.31,2028
2026-07-21 07:47:00,67.3,67.31,67.3,67.31,1303
2026-07-21 07:48:00,67.33,67.3507,67.3093,67.3485,1048
2026-07-21 07:49:00,67.35,67.35,67.3299,67.33,650
2026-07-21 07:50:00,67.31,67.31,67.29,67.29,1876
2026-07-21 07:51:00,67.31,67.33,67.3,67.33,629
2026-07-21 07:52:00,67.3,67.31,67.29,67.31,1018
2026-07-21 07:53:00,67.28,67.28,67.27,67.27,940
2026-07-21 07:54:00,67.2746,67.32,67.2746,67.32,2114
2026-07-21 07:55:00,67.3674,67.3674,67.33,67.3664,432
2026-07-21 07:56:00,67.35,67.38,67.35,67.37,918
2026-07-21 07:57:00,67.369,67.37,67.35,67.37,900
2026-07-21 07:58:00,67.37,67.37,67.3622,67.3622,630
2026-07-21 07:59:00,67.37,67.37,67.37,67.37,900
2026-07-21 08:00:00,67.3802,67.4,67.352,67.4,1103
2026-07-21 08:01:00,67.38,67.38,67.37,67.37,596
2026-07-21 08:02:00,67.34,67.34,67.3,67.3,11444
2026-07-21 08:03:00,67.32,67.431,67.2909,67.2909,745
2026-07-21 08:04:00,67.33,67.36,67.33,67.36,1100
2026-07-21 08:05:00,67.34,67.39,67.3,67.34,1450
2026-07-21 08:06:00,67.3,67.34,67.3,67.31,1060
2026-07-21 08:07:00,67.34,67.34,67.34,67.34,700
2026-07-21 08:08:00,67.33,67.33,67.33,67.33,200
2026-07-21 08:09:00,67.33,67.33,67.3,67.3,999
2026-07-21 08:10:00,67.3,67.34,67.3,67.34,879
2026-07-21 08:11:00,67.3,67.3364,67.29,67.33,1876
2026-07-21 08:12:00,67.3376,67.34,67.3,67.3,3350
2026-07-21 08:13:00,67.296,67.3,67.296,67.3,4500
2026-07-21 08:14:00,67.34,67.34,67.32,67.34,526
2026-07-21 08:15:00,67.35,67.36,67.34,67.35,6188
2026-07-21 08:16:00,67.2964,67.36,67.2964,67.36,1291
2026-07-21 08:17:00,67.38,67.38,67.38,67.38,450
2026-07-21 08:18:00,67.39,67.4,67.39,67.39,1000
2026-07-21 08:19:00,67.39,67.39,67.39,67.39,102
2026-07-21 08:20:00,67.4,67.45,67.4,67.45,960
2026-07-21 08:21:00,67.4,67.48,67.4,67.47,15333
2026-07-21 08:22:00,67.46,67.5244,67.46,67.5,15288
2026-07-21 08:23:00,67.494,67.4986,67.45,67.45,2300
2026-07-21 08:24:00,67.45,67.49,67.45,67.49,550
2026-07-21 08:25:00,67.4649,67.4649,67.4088,67.4088,500
2026-07-21 08:26:00,67.44,67.53,67.44,67.4592,3500
2026-07-21 08:27:00,67.47,67.47,67.46,67.46,325
2026-07-21 08:28:00,67.46,67.46,67.46,67.46,100
2026-07-21 08:29:00,67.46,67.46,67.44,67.44,1029
2026-07-21 08:30:00,67.5446,67.5446,67.5446,67.5446,550
2026-07-21 08:31:00,67.44,67.44,67.44,67.44,175
2026-07-21 08:32:00,67.4538,67.6,67.4538,67.6,12021
2026-07-21 08:33:00,67.612,67.62,67.51,67.54,1350
2026-07-21 08:34:00,67.54,67.54,67.48,67.5,2755
2026-07-21 08:35:00,67.5,67.6,67.46,67.6,1117
2026-07-21 08:36:00,67.4696,67.6,67.4696,67.52,668
2026-07-21 08:37:00,67.5,67.5,67.5,67.5,100
2026-07-21 08:38:00,67.5399,67.5399,67.5399,67.5399,1500
2026-07-21 08:39:00,67.55,67.5639,67.49,67.5639,1230
2026-07-21 08:40:00,67.52,67.52,67.5,67.5,565
2026-07-21 08:41:00,67.49,67.49,67.46,67.46,242
2026-07-21 08:42:00,67.4605,67.47,67.46,67.46,726
2026-07-21 08:43:00,67.4505,67.4577,67.4505,67.4577,706
2026-07-21 08:44:00,67.5,67.5,67.46,67.46,336
2026-07-21 08:45:00,67.48,67.4941,67.48,67.4935,700
2026-07-21 08:46:00,67.5,67.5049,67.45,67.47,3837
2026-07-21 08:47:00,67.48,67.48,67.46,67.46,200
2026-07-21 08:48:00,67.5,67.505,67.5,67.5,5348
2026-07-21 08:49:00,67.5,67.5099,67.49,67.5099,827
2026-07-21 08:50:00,67.47,67.5,67.47,67.5,2853
2026-07-21 08:52:00,67.48,67.48,67.441,67.45,1699
2026-07-21 08:54:00,67.4524,67.4923,67.45,67.45,3321
2026-07-21 08:57:00,67.48,67.51,67.48,67.51,900
2026-07-21 08:58:00,67.5,67.5,67.4173,67.4173,2125
2026-07-21 08:59:00,67.45,67.45,67.4182,67.4182,350
2026-07-21 09:00:00,67.4181,67.4676,67.4,67.4155,2445
2026-07-21 09:01:00,67.44,67.45,67.44,67.44,1300
2026-07-21 09:02:00,67.42,67.4588,67.4,67.4588,560
2026-07-21 09:03:00,67.44,67.45,67.44,67.44,756
2026-07-21 09:04:00,67.4,67.48,67.4,67.4714,2467
2026-07-21 09:05:00,67.4158,67.44,67.4158,67.44,342
2026-07-21 09:06:00,67.44,67.44,67.44,67.44,1986
2026-07-21 09:07:00,67.47,67.47,67.47,67.47,100
2026-07-21 09:09:00,67.44,67.46,67.4122,67.46,1107
2026-07-21 09:10:00,67.42,67.44,67.42,67.4293,1475
2026-07-21 09:11:00,67.4454,67.45,67.42,67.45,748
2026-07-21 09:12:00,67.47,67.47,67.47,67.47,277
2026-07-21 09:13:00,67.4774,67.4774,67.4,67.4401,2346
2026-07-21 09:14:00,67.4469,67.4469,67.43,67.44,1090
2026-07-21 09:15:00,67.4429,67.4472,67.4429,67.4472,400
2026-07-21 09:16:00,67.44,67.44,67.43,67.44,368
2026-07-21 09:17:00,67.449,67.449,67.449,67.449,100
2026-07-21 09:18:00,67.43,67.49,67.43,67.4731,2738
2026-07-21 09:19:00,67.4891,67.49,67.48,67.4864,1970
2026-07-21 09:20:00,67.4894,67.54,67.4894,67.52,2100
2026-07-21 09:21:00,67.53,67.54,67.53,67.54,554
2026-07-21 09:23:00,67.53,67.55,67.5102,67.5102,2310
2026-07-21 09:24:00,67.52,67.58,67.52,67.58,2614
2026-07-21 09:25:00,67.6,67.6,67.59,67.6,1704
2026-07-21 09:26:00,67.6,67.6,67.6,67.6,250
2026-07-21 09:27:00,67.5,67.58,67.335,67.5337,12780
2026-07-21 09:28:00,67.46,67.5,67.3918,67.3918,2228
2026-07-21 09:29:00,67.495,67.5793,67.48,67.48,1524
2026-07-21 09:30:00,67.44,67.53,67.17,67.265,819905
2026-07-21 09:31:00,67.28,67.46,67.16,67.3,167993
2026-07-21 09:32:00,67.29,67.59,67.26,67.53,144857
2026-07-21 09:33:00,67.54,67.57,67.24,67.4,176091
2026-07-21 09:34:00,67.4,67.7,67.35,67.7,138003
2026-07-21 09:35:00,67.695,67.76,67.55,67.6595,164498
2026-07-21 09:36:00,67.645,67.7,67.49,67.54,125477
2026-07-21 09:37:00,67.54,67.62,67.5002,67.555,125846
2026-07-21 09:38:00,67.56,67.71,67.49,67.642,106850
2026-07-21 09:39:00,67.65,67.65,67.552,67.57,89706
2026-07-21 09:40:00,67.57,67.59,67.44,67.545,145927
2026-07-21 09:41:00,67.555,67.63,67.47,67.59,124152
2026-07-21 09:42:00,67.59,67.77,67.56,67.74,107061
2026-07-21 09:43:00,67.748,67.75,67.64,67.6503,176085
2026-07-21 09:44:00,67.658,67.675,67.43,67.5,190503
2026-07-21 09:45:00,67.51,67.63,67.465,67.59,66783
2026-07-21 09:46:00,67.6,67.76,67.525,67.55,151969
2026-07-21 09:47:00,67.54,67.59,67.49,67.53,137292
2026-07-21 09:48:00,67.53,67.7,67.52,67.605,171969
2026-07-21 09:49:00,67.63,67.66,67.55,67.575,95683
2026-07-21 09:50:00,67.58,67.67,67.565,67.605,151647
2026-07-21 09:51:00,67.6,67.92,67.58,67.86,147148
2026-07-21 09:52:00,67.87,67.878,67.76,67.81,57410
2026-07-21 09:53:00,67.795,67.94,67.75,67.9299,73410
2026-07-21 09:54:00,67.9152,68.06,67.9069,67.9274,205587
2026-07-21 09:55:00,67.92,68.0401,67.89,68.0297,81183
2026-07-21 09:56:00,68.0298,68.04,67.8902,67.925,112673
2026-07-21 09:57:00,67.93,68.02,67.93,68,71333
2026-07-21 09:58:00,68,68.07,67.93,68.06,156912
2026-07-21 09:59:00,68.06,68.06,67.95,67.97,68435
2026-07-21 10:00:00,67.95,68.0448,67.84,67.965,132614
2026-07-21 10:01:00,67.97,68.1,67.95,68.025,164158
2026-07-21 10:02:00,68.025,68.07,67.86,67.89,111320
2026-07-21 10:03:00,67.9,67.91,67.76,67.78,179964
2026-07-21 10:04:00,67.785,67.84,67.75,67.825,122954
2026-07-21 10:05:00,67.825,67.87,67.805,67.805,89062
2026-07-21 10:06:00,67.81,67.85,67.77,67.785,47509
2026-07-21 10:07:00,67.78,67.79,67.74,67.7601,51032
2026-07-21 10:08:00,67.77,67.865,67.69,67.83,164834
2026-07-21 10:09:00,67.84,67.85,67.75,67.76,79662
2026-07-21 10:10:00,67.75,67.85,67.75,67.845,59854
2026-07-21 10:11:00,67.85,67.86,67.73,67.76,203227
2026-07-21 10:12:00,67.76,67.805,67.735,67.775,158411
2026-07-21 10:13:00,67.77,67.8527,67.75,67.825,68046
2026-07-21 10:14:00,67.825,67.85,67.6701,67.72,151493
2026-07-21 10:15:00,67.71,67.7161,67.645,67.645,89728
2026-07-21 10:16:00,67.65,67.67,67.5901,67.665,104551
2026-07-21 10:17:00,67.6641,67.6968,67.635,67.681,60791
2026-07-21 10:18:00,67.69,67.72,67.65,67.69,53419
2026-07-21 10:19:00,67.685,67.7,67.65,67.68,68861
2026-07-21 10:20:00,67.685,67.7,67.655,67.695,53065
2026-07-21 10:21:00,67.69,67.715,67.655,67.67,38676
2026-07-21 10:22:00,67.6799,67.7,67.6501,67.695,27138
2026-07-21 10:23:00,67.69,67.7,67.6349,67.655,63278
2026-07-21 10:24:00,67.6599,67.7,67.605,67.62,60480
2026-07-21 10:25:00,67.615,67.73,67.6,67.68,70566
2026-07-21 10:26:00,67.68,67.78,67.66,67.7,150685
2026-07-21 10:27:00,67.695,67.71,67.675,67.705,55196
2026-07-21 10:28:00,67.705,67.7799,67.62,67.66,124074
2026-07-21 10:29:00,67.66,67.72,67.635,67.69,70816
2026-07-21 10:30:00,67.68,67.6899,67.635,67.67,41337
2026-07-21 10:31:00,67.675,67.73,67.663,67.7257,53822
2026-07-21 10:32:00,67.725,67.735,67.68,67.7,102150
2026-07-21 10:33:00,67.7,67.73,67.645,67.675,56799
2026-07-21 10:34:00,67.675,67.68,67.575,67.62,87806
2026-07-21 10:35:00,67.62,67.63,67.47,67.55,117884
2026-07-21 10:36:00,67.55,67.645,67.535,67.645,80894
2026-07-21 10:37:00,67.6403,67.665,67.62,67.665,38474
2026-07-21 10:38:00,67.67,67.7,67.62,67.695,86193
2026-07-21 10:39:00,67.695,67.7264,67.57,67.64,339036
2026-07-21 10:40:00,67.635,67.68,67.565,67.565,99419
2026-07-21 10:41:00,67.58,67.58,67.49,67.51,141102
2026-07-21 10:42:00,67.515,67.57,67.49,67.55,59735
2026-07-21 10:43:00,67.55,67.5999,67.53,67.575,45072
2026-07-21 10:44:00,67.58,67.61,67.57,67.5899,77467
2026-07-21 10:45:00,67.59,67.72,67.57,67.7,131683
2026-07-21 10:46:00,67.6901,67.79,67.65,67.78,215251
2026-07-21 10:47:00,67.795,67.87,67.75,67.85,69471
2026-07-21 10:48:00,67.85,67.954,67.8,67.815,119354
2026-07-21 10:49:00,67.815,67.83,67.79,67.8201,49481
2026-07-21 10:50:00,67.825,67.845,67.765,67.8437,55389
2026-07-21 10:51:00,67.85,68.02,67.825,67.97,140959
2026-07-21 10:52:00,67.96,67.97,67.92,67.9599,35831
2026-07-21 10:53:00,67.95,67.97,67.92,67.935,85454
2026-07-21 10:54:00,67.935,67.9899,67.915,67.945,58098
2026-07-21 10:55:00,67.945,67.9562,67.9,67.955,51615
2026-07-21 10:56:00,67.95,67.95,67.895,67.905,47417
2026-07-21 10:57:00,67.905,67.9105,67.83,67.905,52103
2026-07-21 10:58:00,67.905,67.95,67.83,67.835,99093
2026-07-21 10:59:00,67.83,67.835,67.78,67.835,48994
2026-07-21 11:00:00,67.83,67.84,67.72,67.73,56157
2026-07-21 11:01:00,67.725,67.74,67.6399,67.65,55561
2026-07-21 11:02:00,67.645,67.66,67.6,67.61,64903
2026-07-21 11:03:00,67.6099,67.6386,67.57,67.635,51140
2026-07-21 11:04:00,67.635,67.695,67.61,67.655,102936
2026-07-21 11:05:00,67.655,67.67,67.625,67.655,44053
2026-07-21 11:06:00,67.66,67.8486,67.66,67.815,107601
2026-07-21 11:07:00,67.82,67.91,67.79,67.86,71577
2026-07-21 11:08:00,67.865,67.88,67.83,67.86,67700
2026-07-21 11:09:00,67.855,67.92,67.83,67.895,78401
2026-07-21 11:10:00,67.895,67.99,67.785,67.795,155181
2026-07-21 11:11:00,67.79,67.83,67.715,67.795,56421
2026-07-21 11:12:00,67.795,67.82,67.74,67.775,46911
2026-07-21 11:13:00,67.7701,67.78,67.72,67.7201,78874
2026-07-21 11:14:00,67.7299,67.75,67.67,67.675,34433
2026-07-21 11:15:00,67.67,67.705,67.64,67.7,63954
2026-07-21 11:16:00,67.695,67.7,67.67,67.69,69019
2026-07-21 11:17:00,67.685,67.695,67.64,67.66,31938
2026-07-21 11:18:00,67.66,67.69,67.625,67.67,63491
2026-07-21 11:19:00,67.675,67.7,67.645,67.675,58428
2026-07-21 11:20:00,67.675,67.725,67.67,67.71,104510
2026-07-21 11:21:00,67.71,67.78,67.665,67.675,73741
2026-07-21 11:22:00,67.67,67.69,67.655,67.665,36069
2026-07-21 11:23:00,67.665,67.67,67.61,67.6201,61687
2026-07-21 11:24:00,67.625,67.64,67.6,67.6201,64815
2026-07-21 11:25:00,67.625,67.63,67.58,67.5999,57574
2026-07-21 11:26:00,67.59,67.6,67.53,67.575,98848
2026-07-21 11:27:00,67.575,67.585,67.55,67.575,52423
2026-07-21 11:28:00,67.5723,67.5723,67.44,67.45,140806
2026-07-21 11:29:00,67.4544,67.5,67.44,67.47,86999
2026-07-21 11:30:00,67.475,67.485,67.45,67.4799,61547
2026-07-21 11:31:00,67.475,67.475,67.42,67.4499,61797
2026-07-21 11:32:00,67.45,67.465,67.405,67.4142,38150
2026-07-21 11:33:00,67.42,67.43,67.32,67.415,195742
2026-07-21 11:34:00,67.4135,67.47,67.39,67.455,66412
2026-07-21 11:35:00,67.4565,67.4565,67.35,67.39,60673
2026-07-21 11:36:00,67.395,67.42,67.365,67.415,47780
2026-07-21 11:37:00,67.42,67.4599,67.42,67.43,34681
2026-07-21 11:38:00,67.43,67.43,67.34,67.375,71149
2026-07-21 11:39:00,67.375,67.44,67.37,67.4399,44287
2026-07-21 11:40:00,67.43,67.4599,67.4,67.44,72624
2026-07-21 11:41:00,67.43,67.43,67.37,67.395,75613
2026-07-21 11:42:00,67.4,67.405,67.37,67.375,42825
2026-07-21 11:43:00,67.37,67.375,67.32,67.3599,104820
2026-07-21 11:44:00,67.355,67.375,67.35,67.375,42150
2026-07-21 11:45:00,67.375,67.45,67.355,67.4151,73501
2026-07-21 11:46:00,67.415,67.5007,67.41,67.5007,73933
2026-07-21 11:47:00,67.495,67.5,67.4,67.4,78949
2026-07-21 11:48:00,67.4,67.43,67.4,67.425,47707
2026-07-21 11:49:00,67.42,67.44,67.41,67.435,35311
2026-07-21 11:50:00,67.435,67.46,67.415,67.46,75959
2026-07-21 11:51:00,67.46,67.4799,67.43,67.465,41325
2026-07-21 11:52:00,67.4623,67.51,67.455,67.51,28012
2026-07-21 11:53:00,67.505,67.5399,67.475,67.475,53311
2026-07-21 11:54:00,67.4701,67.475,67.325,67.385,239053
2026-07-21 11:55:00,67.365,67.425,67.345,67.395,68009
2026-07-21 11:56:00,67.395,67.41,67.36,67.395,42390
2026-07-21 11:57:00,67.395,67.41,67.34,67.3699,68187
2026-07-21 11:58:00,67.365,67.3699,67.34,67.345,54425
2026-07-21 11:59:00,67.345,67.36,67.335,67.345,43805
2026-07-21 12:00:00,67.34,67.36,67.27,67.305,135504
2026-07-21 12:01:00,67.305,67.32,67.285,67.295,48417
2026-07-21 12:02:00,67.2901,67.295,67.2,67.225,176588
2026-07-21 12:03:00,67.2223,67.226,67.185,67.21,130195
2026-07-21 12:04:00,67.218,67.24,67.21,67.235,76296
2026-07-21 12:05:00,67.235,67.24,67.125,67.16,137309
2026-07-21 12:06:00,67.16,67.18,67.14,67.1468,120466
2026-07-21 12:07:00,67.145,67.1767,67.12,67.175,70101
2026-07-21 12:08:00,67.17,67.17,67.14,67.145,67218
2026-07-21 12:09:00,67.145,67.15,67.11,67.1167,62891
2026-07-21 12:10:00,67.11,67.1145,66.98,66.99,278698
2026-07-21 12:11:00,66.99,67.01,66.965,66.995,104922
2026-07-21 12:12:00,66.99,67.005,66.96,66.98,121231
2026-07-21 12:13:00,66.9803,67.01,66.975,66.985,63271
2026-07-21 12:14:00,66.99,67,66.95,66.995,71813
2026-07-21 12:15:00,66.995,67,66.89,66.905,163358
2026-07-21 12:16:00,66.91,66.92,66.88,66.885,100917
2026-07-21 12:17:00,66.88,66.9099,66.855,66.8657,93889
2026-07-21 12:18:00,66.8699,66.875,66.81,66.82,70029
2026-07-21 12:19:00,66.82,66.87,66.81,66.835,79278
2026-07-21 12:20:00,66.835,66.855,66.8243,66.84,61856
2026-07-21 12:21:00,66.835,66.87,66.83,66.84,73774
2026-07-21 12:22:00,66.85,66.8561,66.81,66.835,71038
2026-07-21 12:23:00,66.835,66.945,66.82,66.905,91931
2026-07-21 12:24:00,66.9,66.96,66.89,66.95,73493
2026-07-21 12:25:00,66.95,66.96,66.86,66.8853,86244
2026-07-21 12:26:00,66.885,66.93,66.865,66.865,71493
2026-07-21 12:27:00,66.865,66.89,66.85,66.8798,80277
2026-07-21 12:28:00,66.8798,66.88,66.85,66.865,88744
2026-07-21 12:29:00,66.865,66.8898,66.84,66.8499,129487
2026-07-21 12:30:00,66.85,66.87,66.82,66.84,169501
2026-07-21 12:31:00,66.85,66.85,66.82,66.845,85461
2026-07-21 12:32:00,66.85,66.875,66.725,66.755,628452
2026-07-21 12:33:00,66.755,66.9,66.75,66.895,83144
2026-07-21 12:34:00,66.89,66.92,66.86,66.89,74791
2026-07-21 12:35:00,66.89,66.92,66.8525,66.895,82969
2026-07-21 12:36:00,66.895,66.955,66.89,66.935,58331
2026-07-21 12:37:00,66.935,66.94,66.8,66.8499,487464
2026-07-21 12:38:00,66.85,66.866,66.8338,66.8578,49697
2026-07-21 12:39:00,66.855,66.89,66.835,66.856,94715
2026-07-21 12:40:00,66.84,66.8465,66.775,66.795,122785
2026-07-21 12:41:00,66.795,66.81,66.77,66.795,76263
2026-07-21 12:42:00,66.794,66.83,66.78,66.805,72753
2026-07-21 12:43:00,66.81,66.81,66.79,66.8099,41249
2026-07-21 12:44:00,66.805,66.825,66.8,66.82,55539
2026-07-21 12:45:00,66.815,66.845,66.81,66.825,42827
2026-07-21 12:46:00,66.825,66.85,66.81,66.825,66099
2026-07-21 12:47:00,66.825,66.86,66.82,66.845,84539
2026-07-21 12:48:00,66.845,66.88,66.84,66.855,48756
2026-07-21 12:49:00,66.8544,66.92,66.845,66.865,90377
2026-07-21 12:50:00,66.86,66.9,66.855,66.89,57893
2026-07-21 12:51:00,66.885,66.905,66.873,66.895,76745
2026-07-21 12:52:00,66.895,66.93,66.895,66.915,46027
2026-07-21 12:53:00,66.915,66.915,66.875,66.8883,73493
2026-07-21 12:54:00,66.885,66.895,66.85,66.87,78314
2026-07-21 12:55:00,66.865,66.9,66.84,66.9,79541
2026-07-21 12:56:00,66.905,66.915,66.88,66.9099,59450
2026-07-21 12:57:00,66.9026,66.92,66.8901,66.895,32894
2026-07-21 12:58:00,66.895,66.895,66.85,66.865,56564
2026-07-21 12:59:00,66.865,66.94,66.815,66.9064,168416
2026-07-21 13:00:00,66.905,66.915,66.87,66.87,42560
2026-07-21 13:01:00,66.875,66.885,66.855,66.885,58009
2026-07-21 13:02:00,66.8899,66.89,66.855,66.875,59141
2026-07-21 13:03:00,66.875,66.915,66.87,66.905,108339
2026-07-21 13:04:00,66.905,66.94,66.895,66.9054,66613
2026-07-21 13:05:00,66.9086,66.92,66.83,66.8647,126622
2026-07-21 13:06:00,66.8671,66.875,66.845,66.87,52828
2026-07-21 13:07:00,66.87,66.9,66.85,66.895,56140
2026-07-21 13:08:00,66.895,66.9,66.875,66.875,26451
2026-07-21 13:09:00,66.88,66.89,66.865,66.8739,71355
2026-07-21 13:10:00,66.875,66.89,66.86,66.875,64192
2026-07-21 13:11:00,66.875,66.89,66.85,66.865,89812
2026-07-21 13:12:00,66.865,66.87,66.85,66.86,47542
2026-07-21 13:13:00,66.865,66.88,66.85,66.86,42548
2026-07-21 13:14:00,66.865,66.87,66.83,66.835,169323
2026-07-21 13:15:00,66.835,66.8799,66.82,66.8758,108534
2026-07-21 13:16:00,66.8701,66.885,66.85,66.855,62308
2026-07-21 13:17:00,66.8577,66.915,66.85,66.895,95189
2026-07-21 13:18:00,66.895,66.92,66.88,66.8999,76024
2026-07-21 13:19:00,66.895,66.925,66.88,66.925,84216
2026-07-21 13:20:00,66.925,66.94,66.91,66.925,51877
2026-07-21 13:21:00,66.925,66.93,66.845,66.865,115721
2026-07-21 13:22:00,66.865,66.89,66.85,66.875,87404
2026-07-21 13:23:00,66.88,66.9,66.88,66.895,34797
2026-07-21 13:24:00,66.895,66.9054,66.87,66.9,84755
2026-07-21 13:25:00,66.905,66.92,66.9,66.9,54335
2026-07-21 13:26:00,66.905,66.925,66.86,66.875,108836
2026-07-21 13:27:00,66.875,66.8899,66.86,66.885,44245
2026-07-21 13:28:00,66.885,66.95,66.885,66.945,132658
2026-07-21 13:29:00,66.95,66.9699,66.94,66.945,90075
2026-07-21 13:30:00,66.945,66.96,66.91,66.9599,45062
2026-07-21 13:31:00,66.95,66.96,66.94,66.955,31993
2026-07-21 13:32:00,66.9599,67,66.895,66.925,263689
2026-07-21 13:33:00,66.925,66.9297,66.88,66.925,40274
2026-07-21 13:34:00,66.925,66.9699,66.915,66.96,52187
2026-07-21 13:35:00,66.965,66.99,66.96,66.985,48094
2026-07-21 13:36:00,66.985,67,66.95,66.955,105419
2026-07-21 13:37:00,66.9513,66.99,66.95,66.985,45902
2026-07-21 13:38:00,66.985,66.99,66.97,66.9701,25118
2026-07-21 13:39:00,66.9702,66.98,66.96,66.98,41391
2026-07-21 13:40:00,66.985,67.06,66.975,67.05,159325
2026-07-21 13:41:00,67.05,67.12,67.04,67.07,136869
2026-07-21 13:42:00,67.065,67.12,67.06,67.115,39666
2026-07-21 13:43:00,67.115,67.135,67.07,67.105,54038
2026-07-21 13:44:00,67.1089,67.1097,67.065,67.1,40729
2026-07-21 13:45:00,67.095,67.1,67.03,67.075,46618
2026-07-21 13:46:00,67.0701,67.08,67.05,67.075,42422
2026-07-21 13:47:00,67.075,67.09,67.06,67.08,33680
2026-07-21 13:48:00,67.085,67.1097,67.0701,67.105,60128
2026-07-21 13:49:00,67.105,67.15,67.1,67.125,178717
2026-07-21 13:50:00,67.125,67.155,67.11,67.14,81908
2026-07-21 13:51:00,67.145,67.145,67.125,67.14,30774
2026-07-21 13:52:00,67.1358,67.14,67.04,67.12,107461
2026-07-21 13:53:00,67.115,67.15,67.115,67.135,36340
2026-07-21 13:54:00,67.135,67.15,67.12,67.135,30495
2026-07-21 13:55:00,67.135,67.16,67.12,67.135,29606
2026-07-21 13:56:00,67.135,67.22,67.13,67.215,94680
2026-07-21 13:57:00,67.215,67.2353,67.19,67.21,91105
2026-07-21 13:58:00,67.215,67.25,67.21,67.2436,78531
2026-07-21 13:59:00,67.24,67.28,67.23,67.275,109657
2026-07-21 14:00:00,67.275,67.295,67.2408,67.2408,175427
2026-07-21 14:01:00,67.245,67.2499,67.15,67.21,114814
2026-07-21 14:02:00,67.215,67.43,67.21,67.42,248136
2026-07-21 14:03:00,67.425,67.43,67.28,67.32,114021
2026-07-21 14:04:00,67.31,67.44,67.24,67.415,96130
2026-07-21 14:05:00,67.4101,67.42,67.305,67.315,58324
2026-07-21 14:06:00,67.315,67.315,67.28,67.285,43548
2026-07-21 14:07:00,67.28,67.405,67.28,67.405,52925
2026-07-21 14:08:00,67.415,67.43,67.37,67.38,60280
2026-07-21 14:09:00,67.39,67.44,67.365,67.42,73239
2026-07-21 14:10:00,67.42,67.46,67.4,67.455,54993
2026-07-21 14:11:00,67.45,67.45,67.39,67.395,63179
2026-07-21 14:12:00,67.39,67.42,67.38,67.41,67893
2026-07-21 14:13:00,67.4099,67.425,67.395,67.415,26219
2026-07-21 14:14:00,67.41,67.44,67.405,67.434,37798
2026-07-21 14:15:00,67.43,67.44,67.405,67.405,58168
2026-07-21 14:16:00,67.405,67.405,67.361,67.405,81049
2026-07-21 14:17:00,67.4,67.4759,67.4,67.455,64507
2026-07-21 14:18:00,67.455,67.455,67.41,67.45,55607
2026-07-21 14:19:00,67.445,67.48,67.44,67.455,68385
2026-07-21 14:20:00,67.455,67.475,67.43,67.465,144412
2026-07-21 14:21:00,67.465,67.47,67.44,67.4547,45331
2026-07-21 14:22:00,67.455,67.55,67.44,67.5477,67404
2026-07-21 14:23:00,67.545,67.6,67.53,67.595,60334
2026-07-21 14:24:00,67.595,67.67,67.57,67.655,84769
2026-07-21 14:25:00,67.655,67.69,67.65,67.69,77335
2026-07-21 14:26:00,67.7,67.795,67.7,67.79,62379
2026-07-21 14:27:00,67.79,67.89,67.78,67.885,78410
2026-07-21 14:28:00,67.885,67.89,67.69,67.73,183150
2026-07-21 14:29:00,67.7347,67.761,67.685,67.74,99898
2026-07-21 14:30:00,67.73,67.79,67.68,67.755,86146
2026-07-21 14:31:00,67.755,67.815,67.72,67.725,118415
2026-07-21 14:32:00,67.725,67.75,67.7003,67.745,38504
2026-07-21 14:33:00,67.7444,67.76,67.72,67.735,51990
2026-07-21 14:34:00,67.735,67.755,67.695,67.72,67627
2026-07-21 14:35:00,67.715,67.7851,67.705,67.785,79811
2026-07-21 14:36:00,67.785,67.79,67.715,67.74,36133
2026-07-21 14:37:00,67.745,67.78,67.745,67.765,34607
2026-07-21 14:38:00,67.765,67.81,67.74,67.76,57174
2026-07-21 14:39:00,67.735,67.74,67.6301,67.6301,83989
2026-07-21 14:40:00,67.635,67.69,67.6,67.685,46806
2026-07-21 14:41:00,67.68,67.71,67.62,67.645,80699
2026-07-21 14:42:00,67.645,67.68,67.61,67.665,70035
2026-07-21 14:43:00,67.67,67.715,67.66,67.695,70567
2026-07-21 14:44:00,67.695,67.745,67.685,67.735,58869
2026-07-21 14:45:00,67.735,67.74,67.67,67.71,116071
2026-07-21 14:46:00,67.71,67.73,67.68,67.69,53949
2026-07-21 14:47:00,67.69,67.7,67.67,67.695,35850
2026-07-21 14:48:00,67.695,67.7399,67.6937,67.735,57734
2026-07-21 14:49:00,67.735,67.75,67.7,67.715,87507
2026-07-21 14:50:00,67.72,67.72,67.61,67.6499,90543
2026-07-21 14:51:00,67.6499,67.67,67.64,67.6699,20518
2026-07-21 14:52:00,67.6675,67.67,67.65,67.6595,49075
2026-07-21 14:53:00,67.655,67.69,67.65,67.665,43666
2026-07-21 14:54:00,67.6682,67.7,67.645,67.695,69765
2026-07-21 14:55:00,67.7,67.745,67.695,67.705,68314
2026-07-21 14:56:00,67.705,67.71,67.655,67.665,73485
2026-07-21 14:57:00,67.665,67.69,67.63,67.665,103849
2026-07-21 14:58:00,67.665,67.685,67.655,67.655,48047
2026-07-21 14:59:00,67.655,67.6893,67.64,67.685,45530
2026-07-21 15:00:00,67.68,67.7,67.635,67.695,49096
2026-07-21 15:01:00,67.69,67.725,67.675,67.7207,37109
2026-07-21 15:02:00,67.72,67.755,67.715,67.715,70026
2026-07-21 15:03:00,67.715,67.745,67.7,67.705,51030
2026-07-21 15:04:00,67.71,67.745,67.7,67.715,54975
2026-07-21 15:05:00,67.715,67.74,67.71,67.73,52232
2026-07-21 15:06:00,67.735,67.78,67.73,67.74,77395
2026-07-21 15:07:00,67.748,67.77,67.72,67.755,38355
2026-07-21 15:08:00,67.765,67.84,67.75,67.815,76154
2026-07-21 15:09:00,67.815,67.855,67.81,67.845,58513
2026-07-21 15:10:00,67.845,67.85,67.8006,67.825,51340
2026-07-21 15:11:00,67.822,67.84,67.8,67.835,68846
2026-07-21 15:12:00,67.83,67.83,67.77,67.775,66694
2026-07-21 15:13:00,67.775,67.78,67.72,67.7401,52721
2026-07-21 15:14:00,67.745,67.795,67.74,67.765,57780
2026-07-21 15:15:00,67.76,67.77,67.67,67.695,120623
2026-07-21 15:16:00,67.7,67.8492,67.7,67.8492,107141
2026-07-21 15:17:00,67.8474,67.89,67.84,67.872,94513
2026-07-21 15:18:00,67.875,67.91,67.795,67.82,95965
2026-07-21 15:19:00,67.81,67.875,67.81,67.85,68145
2026-07-21 15:20:00,67.8513,67.895,67.85,67.855,79674
2026-07-21 15:21:00,67.855,67.89,67.82,67.865,212085
2026-07-21 15:22:00,67.8664,67.8664,67.75,67.755,101329
2026-07-21 15:23:00,67.755,67.79,67.7302,67.785,56202
2026-07-21 15:24:00,67.785,67.785,67.745,67.765,36564
2026-07-21 15:25:00,67.765,67.8797,67.75,67.8797,58695
2026-07-21 15:26:00,67.875,67.945,67.8705,67.945,93786
2026-07-21 15:27:00,67.945,68.01,67.935,67.99,167410
2026-07-21 15:28:00,67.98,67.995,67.945,67.975,106070
2026-07-21 15:29:00,67.975,68.08,67.9675,68.07,205745
2026-07-21 15:30:00,68.075,68.1299,68.04,68.105,89785
2026-07-21 15:31:00,68.105,68.14,68.09,68.105,64798
2026-07-21 15:32:00,68.1,68.18,68.095,68.165,110611
2026-07-21 15:33:00,68.165,68.165,68.05,68.085,198944
2026-07-21 15:34:00,68.085,68.085,67.95,67.975,123098
2026-07-21 15:35:00,67.976,68.03,67.96,68.0086,76511
2026-07-21 15:36:00,68.005,68.06,68,68.045,141814
2026-07-21 15:37:00,68.045,68.0982,68.015,68.095,124568
2026-07-21 15:38:00,68.09,68.105,68.04,68.065,87045
2026-07-21 15:39:00,68.0699,68.17,68.05,68.165,107720
2026-07-21 15:40:00,68.165,68.2,68.15,68.17,129204
2026-07-21 15:41:00,68.17,68.175,68.115,68.14,163959
2026-07-21 15:42:00,68.131,68.3,68.115,68.295,184352
2026-07-21 15:43:00,68.295,68.375,68.295,68.345,115765
2026-07-21 15:44:00,68.3499,68.42,68.33,68.405,179190
2026-07-21 15:45:00,68.405,68.54,68.385,68.5192,159126
2026-07-21 15:46:00,68.515,68.565,68.485,68.55,165587
2026-07-21 15:47:00,68.545,68.56,68.45,68.465,178470
2026-07-21 15:48:00,68.46,68.49,68.39,68.485,150642
2026-07-21 15:49:00,68.4899,68.4899,68.3505,68.415,137320
2026-07-21 15:50:00,68.41,68.68,68.4,68.635,318437
2026-07-21 15:51:00,68.63,68.65,68.485,68.4936,301382
2026-07-21 15:52:00,68.505,68.57,68.475,68.545,346529
2026-07-21 15:53:00,68.55,68.57,68.5,68.545,156752
2026-07-21 15:54:00,68.545,68.69,68.51,68.68,228972
2026-07-21 15:55:00,68.7,68.73,68.58,68.685,465663
2026-07-21 15:56:00,68.685,68.75,68.65,68.72,282706
2026-07-21 15:57:00,68.715,68.735,68.665,68.715,335557
2026-07-21 15:58:00,68.715,68.745,68.645,68.725,529741
2026-07-21 15:59:00,68.72,68.73,68.62,68.625,1401582
2026-07-21 16:00:00,68.625,68.72,68.6,68.62,5850393
2026-07-21 16:01:00,68.6,68.62,68.54,68.5985,4734
2026-07-21 16:02:00,68.55,68.56,68.51,68.55,7305
2026-07-21 16:03:00,68.51,68.55,68.4504,68.55,2713
2026-07-21 16:04:00,68.51,68.51,68.4324,68.4701,3742
2026-07-21 16:05:00,68.4891,68.64,68.47,68.47,11573
2026-07-21 16:06:00,68.51,68.51,68.47,68.48,2715
2026-07-21 16:07:00,68.48,68.54,68.47,68.47,2483
2026-07-21 16:08:00,68.47,68.47,68.29,68.3299,7801
2026-07-21 16:09:00,68.33,68.43,68.22,68.3863,12147
2026-07-21 16:10:00,68.3694,68.39,68.32,68.39,1760
2026-07-21 16:11:00,68.26,68.3899,68.26,68.3843,1220
2026-07-21 16:12:00,68.32,68.38,68.32,68.38,2019
2026-07-21 16:13:00,68.38,68.38,68.3293,68.3293,1700
2026-07-21 16:14:00,68.38,68.38,68.3505,68.3521,937
2026-07-21 16:15:00,68.36,68.36,68.32,68.32,416
2026-07-21 16:16:00,68.34,68.34,68.24,68.25,6915
2026-07-21 16:17:00,68.24,68.34,68.24,68.34,545
2026-07-21 16:18:00,68.28,68.3,68.2,68.211,3717
2026-07-21 16:19:00,68.1674,68.2192,68.16,68.2,2001
2026-07-21 16:20:00,68.23,68.23,68.2226,68.23,4036
2026-07-21 16:21:00,68.2415,68.25,68.2404,68.25,585
2026-07-21 16:22:00,68.25,68.3,68.25,68.3,4460
2026-07-21 16:23:00,68.2989,68.2989,68.25,68.25,1200
2026-07-21 16:24:00,68.2991,68.67,68.25,68.275,35644
2026-07-21 16:25:00,68.25,68.29,68.24,68.24,3892
2026-07-21 16:26:00,68.24,68.29,68.24,68.29,2388
2026-07-21 16:27:00,68.2535,68.29,68.2535,68.26,311
2026-07-21 16:28:00,68.2723,68.29,68.2723,68.29,876
2026-07-21 16:29:00,68.2838,68.29,68.2838,68.29,641
2026-07-21 16:30:00,68.2899,68.29,68.2878,68.29,1400
2026-07-21 16:31:00,68.25,68.29,68.25,68.2859,1350
2026-07-21 16:32:00,68.2562,68.29,68.2306,68.2306,4005
2026-07-21 16:33:00,68.25,68.25,68.24,68.24,812
2026-07-21 16:34:00,68.23,68.25,68.23,68.24,1349
2026-07-21 16:35:00,68.21,68.21,68.2017,68.2017,1345
2026-07-21 16:36:00,68.22,68.22,68.2,68.2107,1811
2026-07-21 16:37:00,68.225,68.24,68.21,68.24,530
2026-07-21 16:38:00,68.201,68.201,68.201,68.201,100
2026-07-21 16:39:00,68.21,68.21,68.2,68.2001,4017
2026-07-21 16:40:00,68.2017,68.2017,68.2017,68.2017,3400
2026-07-21 16:41:00,68.2,68.2,68.1,68.15,3077
2026-07-21 16:42:00,68.15,68.16,68.15,68.15,1928
2026-07-21 16:43:00,68.1423,68.15,68.14,68.15,2250
2026-07-21 16:44:00,68.19,68.22,68.1115,68.1248,913
2026-07-21 16:45:00,68.15,68.15,68.14,68.14,240
2026-07-21 16:46:00,68.13,68.17,68.13,68.17,5100
2026-07-21 16:47:00,68.15,68.15,68.15,68.15,788
2026-07-21 16:48:00,68.1623,68.17,68.1623,68.17,400
2026-07-21 16:49:00,68.12,68.12,68.12,68.12,390
2026-07-21 16:50:00,68.23,68.26,68.21,68.21,568
2026-07-21 16:51:00,68.205,68.25,68.205,68.25,2108
2026-07-21 16:52:00,68.24,68.25,68.24,68.2499,1300
2026-07-21 16:54:00,68.3,68.3,68.16,68.16,1200
2026-07-21 16:55:00,68.18,68.18,68.17,68.17,338
2026-07-21 16:56:00,68.1649,68.1649,68.1649,68.1649,1293
2026-07-21 16:57:00,68.157,68.157,68.13,68.13,208
2026-07-21 16:59:00,68.11,68.13,68.11,68.1176,539
2026-07-21 17:00:00,68.1229,68.15,68.11,68.15,419
2026-07-21 17:01:00,68.15,68.15,68.11,68.11,410
2026-07-21 17:02:00,68.1101,68.1101,68.1101,68.1101,500
2026-07-21 17:03:00,68.1102,68.2114,68.1102,68.2114,271
2026-07-21 17:04:00,68.15,68.15,68.1282,68.1282,600
2026-07-21 17:06:00,68.14,68.15,68.14,68.15,400
2026-07-21 17:07:00,68.15,68.2,68.12,68.1626,2009
2026-07-21 17:08:00,68.1408,68.1408,68.1408,68.1408,1000
2026-07-21 17:09:00,68.13,68.2,68.13,68.2,823
2026-07-21 17:10:00,68.19,68.2,68.1493,68.1493,1671
2026-07-21 17:11:00,68.18,68.18,68.18,68.18,465
2026-07-21 17:14:00,68.1324,68.1324,68.1324,68.1324,500
2026-07-21 17:15:00,68.1222,68.2,68.1222,68.1876,400
2026-07-21 17:16:00,68.19,68.2,68.19,68.2,217
2026-07-21 17:18:00,68.15,68.15,68.12,68.12,1600
2026-07-21 17:20:00,68.18,68.18,68.18,68.18,200
2026-07-21 17:23:00,68.13,68.15,68.13,68.15,877
2026-07-21 17:24:00,68.14,68.14,68.14,68.14,100
2026-07-21 17:25:00,68.15,68.16,68.15,68.16,532
2026-07-21 17:26:00,68.14,68.15,68.14,68.15,300
2026-07-21 17:27:00,68.15,68.15,68.15,68.15,100
2026-07-21 17:28:00,68.1485,68.1485,68.1485,68.1485,106
2026-07-21 17:29:00,68.18,68.22,68.16,68.18,19602
2026-07-21 17:30:00,68.21,68.25,68.16,68.25,3319
2026-07-21 17:31:00,68.2486,68.34,68.2486,68.34,2757
2026-07-21 17:32:00,68.31,68.34,68.28,68.34,1650
2026-07-21 17:33:00,68.28,68.28,68.28,68.28,100
2026-07-21 17:34:00,68.32,68.32,68.32,68.32,135
2026-07-21 17:35:00,68.38,68.38,68.3799,68.3799,1900
2026-07-21 17:36:00,68.36,68.36,68.25,68.2523,410
2026-07-21 17:37:00,68.3489,68.3489,68.3489,68.3489,150
2026-07-21 17:38:00,68.35,68.44,68.34,68.44,4892
2026-07-21 17:39:00,68.42,68.46,68.42,68.46,1458
2026-07-21 17:40:00,68.45,68.47,68.44,68.45,806
2026-07-21 17:41:00,68.42,68.45,68.41,68.45,1100
2026-07-21 17:42:00,68.4364,68.45,68.38,68.38,509
2026-07-21 17:43:00,68.5,68.5,68.5,68.5,1990
2026-07-21 17:44:00,68.41,68.41,68.41,68.41,159
2026-07-21 17:45:00,68.39,68.39,68.39,68.39,233
2026-07-21 17:46:00,68.38,68.4004,68.38,68.4,2960
2026-07-21 17:47:00,68.44,68.5,68.44,68.5,3173
2026-07-21 17:48:00,68.44,68.5,68.44,68.5,2962
2026-07-21 17:49:00,68.4,68.4,68.4,68.4,300
2026-07-21 17:52:00,68.48,68.49,68.42,68.42,2037
2026-07-21 17:55:00,68.38,68.38,68.32,68.32,244
2026-07-21 17:56:00,68.3004,68.3004,68.3001,68.3001,751
2026-07-21 17:58:00,68.433,68.433,68.4,68.4227,2150
2026-07-21 17:59:00,68.33,68.33,68.33,68.33,100
2026-07-21 18:00:00,68.325,68.325,68.3,68.3,1776
2026-07-21 18:01:00,68.3,68.3,68.3,68.3,1690
2026-07-21 18:02:00,68.375,68.4,68.36,68.36,934
2026-07-21 18:03:00,68.375,68.38,68.3,68.3,903
2026-07-21 18:05:00,68.3588,68.3594,68.3588,68.3594,1292
2026-07-21 18:06:00,68.3003,68.3003,68.3003,68.3003,300
2026-07-21 18:07:00,68.3761,68.45,68.3761,68.45,1200
2026-07-21 18:08:00,68.301,68.301,68.301,68.301,200
2026-07-21 18:09:00,68.31,68.33,68.28,68.2803,2245
2026-07-21 18:10:00,68.28,68.28,68.2245,68.2245,273
2026-07-21 18:11:00,68.22,68.22,68.22,68.22,100
2026-07-21 18:12:00,68.22,68.22,68.22,68.22,280
2026-07-21 18:13:00,68.235,68.235,68.235,68.235,100
2026-07-21 18:14:00,68.24,68.2937,68.24,68.2937,500
2026-07-21 18:15:00,68.25,68.3,68.21,68.25,1053
2026-07-21 18:16:00,68.22,68.22,68.22,68.22,126
2026-07-21 18:19:00,68.2079,68.23,68.2079,68.23,280
2026-07-21 18:20:00,68.22,68.34,68.2,68.34,2003
2026-07-21 18:21:00,68.34,68.34,68.21,68.21,1423
2026-07-21 18:22:00,68.24,68.24,68.24,68.24,100
2026-07-21 18:23:00,68.35,68.35,68.22,68.22,238
2026-07-21 18:24:00,68.19,68.19,68.15,68.15,555
2026-07-21 18:25:00,68.17,68.17,68.17,68.17,116
2026-07-21 18:26:00,68.22,68.25,68.22,68.25,880
2026-07-21 18:27:00,68.22,68.22,68.22,68.22,2610
2026-07-21 18:29:00,68.21,68.212,68.21,68.212,2155
2026-07-21 18:30:00,68.21,68.21,68.2,68.2,669
2026-07-21 18:31:00,68.25,68.25,68.25,68.25,100
2026-07-21 18:32:00,68.25,68.25,68.1995,68.1995,1275
2026-07-21 18:33:00,68.2,68.2,68.2,68.2,232
2026-07-21 18:34:00,68.205,68.2101,68.205,68.2101,400
2026-07-21 18:35:00,68.2,68.23,68.18,68.23,731
2026-07-21 18:36:00,68.1311,68.26,68.1311,68.17,2172
2026-07-21 18:37:00,68.21,68.21,68.21,68.21,100
2026-07-21 18:38:00,68.14,68.14,68.14,68.14,232
2026-07-21 18:39:00,68.2998,68.2998,68.13,68.15,1796
2026-07-21 18:40:00,68.13,68.13,68.13,68.13,116
2026-07-21 18:41:00,68.13,68.3,68.1,68.3,985
2026-07-21 18:42:00,68.1,68.1,68.1,68.1,199
2026-07-21 18:43:00,68.11,68.11,68.11,68.11,100
2026-07-21 18:44:00,68.2888,68.2888,68.2888,68.2888,250
2026-07-21 18:45:00,68.11,68.1995,68.09,68.1995,2542
2026-07-21 18:48:00,68.09,68.15,68.09,68.15,973
2026-07-21 18:49:00,68.1995,68.1995,68.1995,68.1995,100
2026-07-21 18:50:00,68.12,68.12,68.1102,68.1102,530
2026-07-21 18:51:00,68.12,68.12,68.12,68.12,200
2026-07-21 18:52:00,68.13,68.14,68.1,68.1,3147
2026-07-21 18:53:00,68.1899,68.1899,68.08,68.08,5109
2026-07-21 18:54:00,68.09,68.19,68.09,68.19,622
2026-07-21 18:56:00,68.09,68.09,68.09,68.09,3931
2026-07-21 18:57:00,68.09,68.17,68.09,68.17,637
2026-07-21 18:59:00,68.1,68.1,68.1,68.1,200
2026-07-21 19:00:00,68.1018,68.1576,68.1018,68.1576,438
2026-07-21 19:03:00,68.13,68.15,68.13,68.13,470
2026-07-21 19:04:00,68.15,68.15,68.13,68.13,200
2026-07-21 19:05:00,68.12,68.14,68.12,68.14,568
2026-07-21 19:06:00,68.17,68.17,68.17,68.17,385
2026-07-21 19:07:00,68.14,68.17,68.14,68.17,316
2026-07-21 19:09:00,68.11,68.11,68.1,68.1,2177
2026-07-21 19:10:00,68.1,68.1,68.1,68.1,192
2026-07-21 19:11:00,68.14,68.1525,68.14,68.1525,200
2026-07-21 19:12:00,68.1035,68.1035,68.08,68.0824,1799
2026-07-21 19:13:00,68.08,68.15,68.08,68.15,300
2026-07-21 19:14:00,68.13,68.14,68.0939,68.14,600
2026-07-21 19:15:00,68.1464,68.1464,68.09,68.09,662
2026-07-21 19:16:00,68.08,68.08,68.08,68.08,2004
2026-07-21 19:17:00,68.0801,68.1,68.08,68.08,2324
2026-07-21 19:18:00,68.0709,68.0709,68.0709,68.0709,294
2026-07-21 19:19:00,68.1,68.1,68.1,68.1,100
2026-07-21 19:20:00,68.08,68.0957,68.07,68.0957,1843
2026-07-21 19:21:00,68.1,68.1,68.1,68.1,1250
2026-07-21 19:23:00,68.09,68.09,68.07,68.07,1009
2026-07-21 19:24:00,68.083,68.083,68.05,68.05,1060
2026-07-21 19:25:00,68.0506,68.14,68.0506,68.14,260
2026-07-21 19:26:00,68.1,68.1,68.1,68.1,100
2026-07-21 19:27:00,68.11,68.11,68.11,68.11,100
2026-07-21 19:28:00,68.09,68.12,68.0727,68.1025,844
2026-07-21 19:29:00,68.08,68.08,68.05,68.05,421
2026-07-21 19:30:00,68.08,68.12,68.0609,68.12,1400
2026-07-21 19:31:00,68.0999,68.1,68.0999,68.1,834
2026-07-21 19:33:00,68.1,68.1099,68.06,68.06,4772
2026-07-21 19:34:00,68.11,68.12,68.07,68.12,541
2026-07-21 19:35:00,68.07,68.1,68.0563,68.1,813
2026-07-21 19:36:00,68.157,68.157,68.13,68.13,600
2026-07-21 19:38:00,68.1483,68.1483,68.1483,68.1483,145
2026-07-21 19:39:00,68.12,68.1507,68.1,68.1507,471
2026-07-21 19:40:00,68.1055,68.12,68.1055,68.1199,950
2026-07-21 19:41:00,68.1024,68.11,68.05,68.05,654
2026-07-21 19:44:00,68.1,68.14,68.1,68.13,1123
2026-07-21 19:45:00,68.11,68.1574,68.061,68.061,650
2026-07-21 19:46:00,68.0601,68.1445,68.0601,68.1445,1270
2026-07-21 19:47:00,68.14,68.16,68.14,68.16,1221
2026-07-21 19:48:00,68.14,68.1408,68.14,68.1408,2097
2026-07-21 19:50:00,68.1597,68.1597,68.1597,68.1597,300
2026-07-21 19:51:00,68.1598,68.16,68.15,68.16,2900
2026-07-21 19:53:00,68.06,68.13,68.06,68.13,1159
2026-07-21 19:54:00,68.1293,68.1293,68.1293,68.1293,1000
2026-07-21 19:55:00,68.1,68.1,68.1,68.1,151
2026-07-21 19:57:00,68.16,68.16,68.15,68.15,603
2026-07-21 19:58:00,68.1585,68.2,68.1585,68.2,3249
2026-07-21 19:59:00,68.2,68.2,68.16,68.2,1600
2026-07-22 04:00:00,68.89,68.9774,68.51,68.51,46181
2026-07-22 04:01:00,68.52,68.97,68.52,68.73,16608
2026-07-22 04:02:00,68.75,68.99,68.68,68.77,21673
2026-07-22 04:03:00,68.73,68.96,68.72,68.96,1599
2026-07-22 04:04:00,68.96,68.99,68.8917,68.95,1459
2026-07-22 04:05:00,68.9,68.98,68.9,68.98,200
2026-07-22 04:07:00,68.94,68.94,68.73,68.73,447
2026-07-22 04:08:00,68.95,68.95,68.9,68.9,4561
2026-07-22 04:17:00,68.81,68.81,68.81,68.81,100
2026-07-22 04:18:00,68.82,68.89,68.82,68.89,324
2026-07-22 04:19:00,68.93,68.93,68.93,68.93,216
2026-07-22 04:22:00,68.8,68.83,68.8,68.83,1171
2026-07-22 04:24:00,68.9,68.9,68.9,68.9,535
2026-07-22 04:25:00,68.94,68.94,68.94,68.94,500
2026-07-22 04:26:00,68.88,68.88,68.88,68.88,204
2026-07-22 04:28:00,68.88,68.88,68.88,68.88,604
2026-07-22 04:29:00,68.88,68.88,68.88,68.88,312
2026-07-22 04:30:00,68.88,68.88,68.88,68.88,219
2026-07-22 04:36:00,68.88,68.88,68.88,68.88,250
2026-07-22 04:40:00,68.86,68.86,68.86,68.86,440
2026-07-22 04:42:00,68.81,68.81,68.81,68.81,100
2026-07-22 04:43:00,68.88,68.88,68.88,68.88,100
2026-07-22 04:46:00,68.88,68.88,68.88,68.88,330
2026-07-22 04:47:00,68.88,68.88,68.88,68.88,157
2026-07-22 04:48:00,68.88,68.88,68.88,68.88,219
2026-07-22 04:49:00,68.88,68.88,68.88,68.88,346
2026-07-22 04:51:00,68.88,68.88,68.88,68.88,212
2026-07-22 04:56:00,68.93,68.93,68.93,68.93,101
2026-07-22 04:57:00,68.92,68.92,68.92,68.92,101
2026-07-22 04:58:00,68.91,68.92,68.91,68.92,998
2026-07-22 05:00:00,68.89,68.89,68.86,68.86,9290
2026-07-22 05:01:00,68.91,68.92,68.91,68.92,569
2026-07-22 05:02:00,68.8115,68.8115,68.8115,68.8115,600
2026-07-22 05:03:00,68.8188,68.94,68.8188,68.94,613
2026-07-22 05:04:00,68.93,68.93,68.93,68.93,100
2026-07-22 05:05:00,68.96,68.96,68.96,68.96,283
2026-07-22 05:06:00,68.97,68.97,68.97,68.97,270
2026-07-22 05:07:00,68.98,68.98,68.98,68.98,157
2026-07-22 05:08:00,68.99,68.99,68.99,68.99,150
2026-07-22 05:13:00,68.97,68.97,68.91,68.91,550
2026-07-22 05:15:00,68.96,68.96,68.96,68.96,500
2026-07-22 05:19:00,68.96,68.96,68.96,68.96,2143
2026-07-22 05:21:00,68.96,68.96,68.96,68.96,500
2026-07-22 05:23:00,68.95,68.95,68.95,68.95,100
2026-07-22 05:27:00,68.81,68.81,68.81,68.81,300
2026-07-22 05:28:00,68.95,68.95,68.95,68.95,714
2026-07-22 05:29:00,68.9738,68.9738,68.9738,68.9738,100
2026-07-22 05:34:00,68.91,68.91,68.91,68.91,320
2026-07-22 05:35:00,68.92,68.92,68.9186,68.9186,280
2026-07-22 05:37:00,68.92,68.96,68.92,68.92,841
2026-07-22 05:39:00,68.9662,68.9662,68.9662,68.9662,100
2026-07-22 05:45:00,68.9664,68.98,68.9664,68.98,229
2026-07-22 05:47:00,68.94,68.94,68.94,68.94,100
2026-07-22 05:49:00,68.9674,68.9674,68.96,68.96,401
2026-07-22 05:51:00,68.906,68.906,68.906,68.906,170
2026-07-22 05:52:00,68.9538,68.9538,68.9538,68.9538,219
2026-07-22 05:54:00,68.945,68.945,68.945,68.945,120
2026-07-22 05:55:00,68.96,68.96,68.96,68.96,112
2026-07-22 05:56:00,68.965,68.98,68.9529,68.98,878
2026-07-22 05:57:00,68.98,68.98,68.97,68.97,276
2026-07-22 05:58:00,68.99,68.99,68.97,68.97,202
2026-07-22 05:59:00,68.9711,68.9711,68.9711,68.9711,300
2026-07-22 06:00:00,68.99,69.01,68.99,69.01,3432
2026-07-22 06:01:00,69.1,69.1,69.1,69.1,112
2026-07-22 06:05:00,69.06,69.06,69.06,69.06,141
2026-07-22 06:06:00,69.09,69.09,68.99,68.99,1600
2026-07-22 06:07:00,69,69,69,69,350
2026-07-22 06:08:00,69.1,69.1,69.1,69.1,100
2026-07-22 06:10:00,69,69,68.94,68.94,512
2026-07-22 06:11:00,68.93,68.93,68.93,68.93,190
2026-07-22 06:12:00,69,69,69,69,990
2026-07-22 06:13:00,68.91,68.91,68.91,68.91,175
2026-07-22 06:22:00,68.91,68.91,68.91,68.91,1528
2026-07-22 06:24:00,68.9,68.9,68.9,68.9,100
2026-07-22 06:25:00,68.89,68.89,68.88,68.88,1300
2026-07-22 06:26:00,68.86,68.86,68.86,68.86,520
2026-07-22 06:28:00,68.86,68.86,68.86,68.86,100
2026-07-22 06:29:00,68.9232,68.9232,68.9232,68.9232,204
2026-07-22 06:30:00,68.97,68.97,68.97,68.97,586
2026-07-22 06:32:00,68.99,68.99,68.99,68.99,100
2026-07-22 06:35:00,69,69,69,69,300
2026-07-22 06:36:00,69.08,69.08,69.08,69.08,100
2026-07-22 06:37:00,69.08,69.08,69.08,69.08,202
2026-07-22 06:40:00,69.04,69.04,69.04,69.04,115
2026-07-22 06:41:00,69.01,69.01,69.01,69.01,990
2026-07-22 06:42:00,69.01,69.01,69.01,69.01,366
2026-07-22 06:43:00,69,69,69,69,179
2026-07-22 06:44:00,68.9834,68.9834,68.9834,68.9834,100
2026-07-22 06:50:00,69.05,69.05,69,69,497
2026-07-22 06:54:00,68.9841,68.99,68.96,68.99,2900
2026-07-22 06:59:00,68.905,68.905,68.905,68.905,141
2026-07-22 07:00:00,68.905,68.96,68.8904,68.92,3562
2026-07-22 07:02:00,68.88,68.92,68.831,68.92,2350
2026-07-22 07:03:00,68.88,68.8903,68.8509,68.8903,910
2026-07-22 07:04:00,68.8524,68.94,68.8524,68.94,799
2026-07-22 07:05:00,68.9434,68.9434,68.8281,68.8281,640
2026-07-22 07:06:00,68.87,68.89,68.8,68.8845,1560
2026-07-22 07:07:00,68.8949,68.8949,68.8949,68.8949,140
2026-07-22 07:08:00,68.88,68.8999,68.86,68.8999,771
2026-07-22 07:09:00,68.85,68.85,68.85,68.85,200
2026-07-22 07:10:00,68.84,68.9,68.84,68.9,1447
2026-07-22 07:11:00,68.95,68.95,68.95,68.95,1000
2026-07-22 07:13:00,68.85,68.85,68.85,68.85,100
2026-07-22 07:15:00,68.83,68.89,68.82,68.82,725
2026-07-22 07:17:00,68.85,68.85,68.8112,68.8158,2471
2026-07-22 07:18:00,68.82,68.89,68.82,68.89,2237
2026-07-22 07:20:00,68.89,68.942,68.89,68.942,1712
2026-07-22 07:21:00,68.93,68.93,68.9011,68.9089,559
2026-07-22 07:22:00,68.9392,68.9392,68.88,68.88,300
2026-07-22 07:23:00,68.893,68.91,68.893,68.91,214
2026-07-22 07:24:00,68.91,68.91,68.91,68.91,100
2026-07-22 07:26:00,68.9,68.9,68.9,68.9,100
2026-07-22 07:29:00,68.87,68.88,68.8171,68.88,850
2026-07-22 07:30:00,68.84,68.84,68.84,68.84,300
2026-07-22 07:31:00,68.8516,68.893,68.85,68.85,520
2026-07-22 07:32:00,68.8939,68.8939,68.8493,68.87,829
2026-07-22 07:33:00,68.871,68.91,68.871,68.8736,1382
2026-07-22 07:34:00,68.93,68.93,68.92,68.92,300
2026-07-22 07:35:00,68.9228,68.95,68.9228,68.95,2071
2026-07-22 07:36:00,68.91,68.94,68.8801,68.8801,1520
2026-07-22 07:37:00,68.97,68.9842,68.97,68.9842,200
2026-07-22 07:38:00,68.97,68.9966,68.97,68.9966,200
2026-07-22 07:39:00,69,69.0041,69,69,1900
2026-07-22 07:40:00,69.0481,69.0481,69.0481,69.0481,100
2026-07-22 07:41:00,68.9855,69,68.933,68.988,1749
2026-07-22 07:42:00,68.95,68.96,68.935,68.935,734
2026-07-22 07:43:00,68.95,68.9668,68.92,68.9668,454
2026-07-22 07:45:00,68.95,68.98,68.95,68.98,750
2026-07-22 07:46:00,68.98,68.98,68.915,68.915,600
2026-07-22 07:47:00,68.98,68.99,68.98,68.99,408
2026-07-22 07:48:00,68.9226,68.9226,68.9226,68.9226,120
2026-07-22 07:49:00,68.9895,68.9895,68.95,68.98,664
2026-07-22 07:50:00,68.95,68.95,68.95,68.95,100
2026-07-22 07:51:00,68.98,68.98,68.9,68.9,1300
2026-07-22 07:52:00,68.9525,68.9525,68.933,68.95,1480
2026-07-22 07:53:00,68.98,68.98,68.96,68.96,213
2026-07-22 07:54:00,68.97,68.97,68.97,68.97,100
2026-07-22 07:55:00,68.9215,68.9215,68.9215,68.9215,400
2026-07-22 07:56:00,68.92,68.99,68.9052,68.93,2187
2026-07-22 07:57:00,68.945,68.9602,68.8719,68.8719,1828
2026-07-22 07:58:00,68.94,68.94,68.94,68.94,353
2026-07-22 07:59:00,68.969,68.969,68.969,68.969,100
2026-07-22 08:00:00,68.9429,68.9429,68.88,68.88,450
2026-07-22 08:02:00,68.92,68.92,68.88,68.9,2000
2026-07-22 08:03:00,68.9011,68.9011,68.67,68.9,199169
2026-07-22 08:04:00,68.85,68.9,68.85,68.9,328
2026-07-22 08:05:00,68.9119,68.9119,68.9,68.9,500
2026-07-22 08:06:00,68.91,68.9195,68.884,68.884,2325
2026-07-22 08:07:00,68.9391,68.9391,68.9391,68.9391,653
2026-07-22 08:08:00,68.8555,68.94,68.8555,68.894,958
2026-07-22 08:09:00,68.91,68.95,68.8819,68.95,809
2026-07-22 08:10:00,68.92,68.98,68.8957,68.98,3083
2026-07-22 08:11:00,68.8632,68.96,68.8632,68.96,6250
2026-07-22 08:12:00,68.98,68.99,68.94,68.99,1619
2026-07-22 08:13:00,68.97,69.0353,68.96,69.0353,6676
2026-07-22 08:14:00,69.04,69.044,69.0397,69.0397,1200
2026-07-22 08:15:00,69.0044,69.02,69,69,650
2026-07-22 08:16:00,69.02,69.02,69.019,69.019,417
2026-07-22 08:17:00,69.0026,69.0026,68.77,68.95,6092
2026-07-22 08:18:00,68.9042,68.9042,68.9042,68.9042,700
2026-07-22 08:19:00,68.888,68.888,68.86,68.8842,1335
2026-07-22 08:20:00,68.8811,68.8811,68.8811,68.8811,200
2026-07-22 08:21:00,68.87,68.87,68.87,68.87,1000
2026-07-22 08:22:00,68.88,68.926,68.8331,68.8331,1785
2026-07-22 08:23:00,68.89,68.89,68.88,68.88,200
2026-07-22 08:24:00,68.86,68.86,68.86,68.86,100
2026-07-22 08:25:00,68.8442,68.9,68.83,68.83,523
2026-07-22 08:26:00,68.8374,68.88,68.8374,68.88,1400
2026-07-22 08:27:00,68.87,68.87,68.8344,68.8344,1854
2026-07-22 08:28:00,68.86,68.86,68.86,68.86,778
2026-07-22 08:29:00,68.88,68.88,68.88,68.88,100
2026-07-22 08:30:00,68.865,68.865,68.7512,68.7512,1979
2026-07-22 08:31:00,68.82,68.88,68.82,68.88,1644
2026-07-22 08:32:00,68.89,69.01,68.81,69.01,3669
2026-07-22 08:33:00,68.85,69,68.85,68.95,650
2026-07-22 08:34:00,68.99,68.99,68.9167,68.99,500
2026-07-22 08:36:00,68.96,69,68.95,68.9714,558
2026-07-22 08:39:00,68.95,68.95,68.87,68.87,400
2026-07-22 08:40:00,68.98,68.98,68.98,68.98,200
2026-07-22 08:41:00,68.95,68.9553,68.95,68.9553,1600
2026-07-22 08:42:00,68.9543,69.01,68.9543,68.97,15952
2026-07-22 08:43:00,68.93,68.9871,68.87,68.87,5981
2026-07-22 08:44:00,68.8828,68.96,68.8828,68.96,200
2026-07-22 08:47:00,68.87,68.88,68.85,68.8515,1290
2026-07-22 08:48:00,68.83,68.85,68.77,68.77,16538
2026-07-22 08:49:00,68.7916,68.8,68.79,68.79,2140
2026-07-22 08:50:00,68.7901,68.8,68.75,68.75,2150
2026-07-22 08:51:00,68.8,68.8,68.76,68.7678,1455
2026-07-22 08:52:00,68.8,68.91,68.75,68.91,2609
2026-07-22 08:53:00,68.81,68.83,68.8,68.8067,3602
2026-07-22 08:54:00,68.83,68.86,68.83,68.86,559
2026-07-22 08:55:00,68.83,68.83,68.83,68.83,100
2026-07-22 08:56:00,68.8574,68.8593,68.83,68.84,3821
2026-07-22 08:57:00,68.85,68.91,68.85,68.9,1893
2026-07-22 08:58:00,68.8421,68.86,68.8421,68.86,295
2026-07-22 08:59:00,68.87,68.87,68.87,68.87,100
2026-07-22 09:00:00,68.85,68.85,68.81,68.81,1587
2026-07-22 09:01:00,68.8531,68.87,68.83,68.8563,1743
2026-07-22 09:02:00,68.8526,68.86,68.85,68.85,600
2026-07-22 09:03:00,68.9,68.9,68.9,68.9,100
2026-07-22 09:04:00,68.9,68.91,68.9,68.91,932
2026-07-22 09:05:00,68.8637,68.9,68.86,68.86,1249
2026-07-22 09:06:00,68.88,68.8962,68.88,68.8962,300
2026-07-22 09:07:00,68.9,68.9,68.86,68.9,1902
2026-07-22 09:08:00,68.9,68.91,68.8991,68.8991,3595
2026-07-22 09:09:00,68.9,68.9,68.85,68.85,3000
2026-07-22 09:10:00,68.8988,68.91,68.895,68.895,2028
2026-07-22 09:12:00,68.876,68.9,68.876,68.9,862
2026-07-22 09:13:00,68.89,68.89,68.88,68.88,3699
2026-07-22 09:14:00,68.88,68.91,68.88,68.9,8185
2026-07-22 09:15:00,68.91,68.93,68.907,68.907,1605
2026-07-22 09:16:00,68.9932,68.9932,68.95,68.9501,2279
2026-07-22 09:17:00,68.9669,68.9689,68.966,68.9689,645
2026-07-22 09:18:00,68.9672,68.97,68.96,68.97,1849
2026-07-22 09:19:00,68.9514,68.98,68.95,68.98,850
2026-07-22 09:20:00,68.97,68.9902,68.97,68.99,505
2026-07-22 09:21:00,68.9838,68.9838,68.95,68.95,1000
2026-07-22 09:22:00,68.9657,68.9657,68.85,68.92,7979
2026-07-22 09:23:00,68.9244,68.9503,68.9244,68.9503,515
2026-07-22 09:24:00,68.955,69.025,68.8731,68.8731,7667
2026-07-22 09:25:00,68.85,69.1,68.85,69.1,2484
2026-07-22 09:26:00,69.0636,69.2,69.0636,69.185,4994
2026-07-22 09:27:00,69.19,69.2434,69.14,69.2,6516
2026-07-22 09:28:00,69.2,69.34,69.2,69.34,13594
2026-07-22 09:29:00,69.31,69.38,69.26,69.35,2703
2026-07-22 09:30:00,69.38,69.93,69.34,69.7753,977520
2026-07-22 09:31:00,69.82,69.91,69.2901,69.355,256353
2026-07-22 09:32:00,69.33,69.45,69.2,69.32,219776
2026-07-22 09:33:00,69.32,69.34,69.06,69.235,227386
2026-07-22 09:34:00,69.23,69.35,69.17,69.28,149866
2026-07-22 09:35:00,69.29,69.54,69.25,69.485,213385
2026-07-22 09:36:00,69.49,69.69,69.44,69.605,150481
2026-07-22 09:37:00,69.605,69.6499,69.475,69.4901,138460
2026-07-22 09:38:00,69.48,69.56,69.43,69.52,121255
2026-07-22 09:39:00,69.54,69.605,69.44,69.565,237058
2026-07-22 09:40:00,69.565,69.62,69.515,69.56,170615
2026-07-22 09:41:00,69.555,69.93,69.555,69.925,212222
2026-07-22 09:42:00,69.93,70.1,69.92,70.06,386697
2026-07-22 09:43:00,70.055,70.19,70.01,70.14,214268
2026-07-22 09:44:00,70.144,70.19,69.9713,69.99,143162
2026-07-22 09:45:00,69.99,70.085,69.95,70.06,158555
2026-07-22 09:46:00,70.07,70.19,70.05,70.1199,151424
2026-07-22 09:47:00,70.11,70.16,70.01,70.115,107506
2026-07-22 09:48:00,70.11,70.35,69.9805,70.25,235499
2026-07-22 09:49:00,70.25,70.38,70.2,70.37,105567
2026-07-22 09:50:00,70.38,70.445,70.305,70.36,205304
2026-07-22 09:51:00,70.345,70.345,70.21,70.255,115020
2026-07-22 09:52:00,70.27,70.38,70.235,70.24,99768
2026-07-22 09:53:00,70.25,70.25,70.115,70.175,115766
2026-07-22 09:54:00,70.1789,70.25,70.06,70.21,119676
2026-07-22 09:55:00,70.2,70.35,70.14,70.32,133589
2026-07-22 09:56:00,70.3113,70.33,70.12,70.16,122661
2026-07-22 09:57:00,70.155,70.22,70.01,70.2,130692
2026-07-22 09:58:00,70.19,70.47,70.19,70.38,211128
2026-07-22 09:59:00,70.37,70.37,70.07,70.115,149392
2026-07-22 10:00:00,70.1,70.14,69.9503,70.06,162678
2026-07-22 10:01:00,70.0516,70.13,69.98,70.07,114015
2026-07-22 10:02:00,70.08,70.1199,70.03,70.065,70507
2026-07-22 10:03:00,70.07,70.1499,70.02,70.13,84671
2026-07-22 10:04:00,70.13,70.24,70.09,70.22,85087
2026-07-22 10:05:00,70.225,70.35,70.2,70.22,117202
2026-07-22 10:06:00,70.23,70.26,70.18,70.18,50812
2026-07-22 10:07:00,70.18,70.26,70.18,70.22,63877
2026-07-22 10:08:00,70.225,70.25,70.11,70.115,50333
2026-07-22 10:09:00,70.11,70.1486,70.065,70.125,45384
2026-07-22 10:10:00,70.125,70.25,70.12,70.2001,76988
2026-07-22 10:11:00,70.21,70.245,70.075,70.075,37888
2026-07-22 10:12:00,70.075,70.125,69.995,70.01,111562
2026-07-22 10:13:00,70.02,70.07,69.97,70.05,181465
2026-07-22 10:14:00,70.0518,70.11,70.02,70.1,50607
2026-07-22 10:15:00,70.1,70.23,70.08,70.225,74689
2026-07-22 10:16:00,70.225,70.245,70.1,70.1,75004
2026-07-22 10:17:00,70.11,70.19,70.0942,70.135,59754
2026-07-22 10:18:00,70.1348,70.27,70.09,70.2614,85142
2026-07-22 10:19:00,70.27,70.315,70.245,70.2772,87332
2026-07-22 10:20:00,70.29,70.4,70.24,70.3599,93336
2026-07-22 10:21:00,70.36,70.365,70.2702,70.275,60579
2026-07-22 10:22:00,70.275,70.34,70.2714,70.3,60664
2026-07-22 10:23:00,70.29,70.295,70.175,70.24,58855
2026-07-22 10:24:00,70.24,70.47,70.23,70.455,93763
2026-07-22 10:25:00,70.455,70.47,70.375,70.4033,135422
2026-07-22 10:26:00,70.395,70.41,70.315,70.385,70182
2026-07-22 10:27:00,70.385,70.39,70.28,70.28,43327
2026-07-22 10:28:00,70.26,70.27,70.2,70.25,61799
2026-07-22 10:29:00,70.24,70.26,70.16,70.26,46280
2026-07-22 10:30:00,70.245,70.3792,70.22,70.33,61657
2026-07-22 10:31:00,70.33,70.33,70.295,70.315,35989
2026-07-22 10:32:00,70.32,70.365,70.305,70.36,62017
2026-07-22 10:33:00,70.36,70.46,70.345,70.455,173130
2026-07-22 10:34:00,70.4555,70.55,70.43,70.43,98796
2026-07-22 10:35:00,70.42,70.45,70.37,70.405,114877
2026-07-22 10:36:00,70.41,70.5155,70.37,70.4998,52145
2026-07-22 10:37:00,70.495,70.53,70.47,70.515,42971
2026-07-22 10:38:00,70.515,70.57,70.4,70.4,91449
2026-07-22 10:39:00,70.4,70.4,70.26,70.375,96981
2026-07-22 10:40:00,70.38,70.4,70.325,70.39,41647
2026-07-22 10:41:00,70.385,70.4099,70.33,70.33,40525
2026-07-22 10:42:00,70.33,70.37,70.2705,70.37,41718
2026-07-22 10:43:00,70.36,70.38,70.325,70.36,39490
2026-07-22 10:44:00,70.36,70.48,70.34,70.395,50260
2026-07-22 10:45:00,70.39,70.39,70.2,70.2109,89530
2026-07-22 10:46:00,70.22,70.255,70.185,70.2,50137
2026-07-22 10:47:00,70.205,70.25,70.13,70.175,130167
2026-07-22 10:48:00,70.175,70.22,70.09,70.1308,68059
2026-07-22 10:49:00,70.13,70.1399,70.01,70.12,70685
2026-07-22 10:50:00,70.12,70.12,70.0301,70.05,46387
2026-07-22 10:51:00,70.05,70.08,70.02,70.04,55552
2026-07-22 10:52:00,70.04,70.09,70.01,70.08,55589
2026-07-22 10:53:00,70.08,70.13,70.05,70.055,48174
2026-07-22 10:54:00,70.055,70.125,70.03,70.04,47729
2026-07-22 10:55:00,70.04,70.095,70,70.075,103544
2026-07-22 10:56:00,70.08,70.17,70.05,70.132,99117
2026-07-22 10:57:00,70.13,70.19,70.1228,70.18,42507
2026-07-22 10:58:00,70.18,70.225,70.16,70.215,49496
2026-07-22 10:59:00,70.215,70.23,70.18,70.205,43682
2026-07-22 11:00:00,70.2,70.2,70.135,70.155,39469
2026-07-22 11:01:00,70.15,70.17,70.1,70.17,55635
2026-07-22 11:02:00,70.175,70.21,70.135,70.2,52193
2026-07-22 11:03:00,70.2,70.205,70.1301,70.1997,60324
2026-07-22 11:04:00,70.2,70.235,70.15,70.235,64765
2026-07-22 11:05:00,70.24,70.255,70.095,70.1295,54381
2026-07-22 11:06:00,70.12,70.1651,70.11,70.155,34062
2026-07-22 11:07:00,70.15,70.155,70.1001,70.1213,31581
2026-07-22 11:08:00,70.1201,70.15,70.1,70.145,57948
2026-07-22 11:09:00,70.15,70.175,70.13,70.135,55142
2026-07-22 11:10:00,70.135,70.16,70.1101,70.145,76815
2026-07-22 11:11:00,70.155,70.16,70.13,70.145,67528
2026-07-22 11:12:00,70.1401,70.18,70.14,70.165,44884
2026-07-22 11:13:00,70.165,70.2173,70.15,70.195,30167
2026-07-22 11:14:00,70.195,70.23,70.1386,70.15,52965
2026-07-22 11:15:00,70.155,70.235,70.12,70.205,56195
2026-07-22 11:16:00,70.21,70.2565,70.21,70.245,40963
2026-07-22 11:17:00,70.245,70.2499,70.17,70.17,38390
2026-07-22 11:18:00,70.1799,70.1799,70.15,70.16,27463
2026-07-22 11:19:00,70.165,70.175,70.1301,70.16,85584
2026-07-22 11:20:00,70.165,70.225,70.13,70.22,36630
2026-07-22 11:21:00,70.21,70.24,70.205,70.2251,19291
2026-07-22 11:22:00,70.225,70.225,70.15,70.155,55733
2026-07-22 11:23:00,70.16,70.2,70.14,70.2,76584
2026-07-22 11:24:00,70.21,70.23,70.17,70.215,71871
2026-07-22 11:25:00,70.215,70.215,70.13,70.1495,87264
2026-07-22 11:26:00,70.145,70.1751,70.145,70.145,31197
2026-07-22 11:27:00,70.145,70.1951,70.09,70.195,168675
2026-07-22 11:28:00,70.18,70.195,70.17,70.185,43961
2026-07-22 11:29:00,70.18,70.215,70.145,70.195,40710
2026-07-22 11:30:00,70.195,70.2,70.1325,70.155,34338
2026-07-22 11:31:00,70.1514,70.195,70.14,70.195,37804
2026-07-22 11:32:00,70.195,70.205,70.12,70.135,62919
2026-07-22 11:33:00,70.135,70.165,70.08,70.115,115430
2026-07-22 11:34:00,70.11,70.16,70.095,70.115,57528
2026-07-22 11:35:00,70.11,70.115,70.02,70.03,39161
2026-07-22 11:36:00,70.035,70.132,70.03,70.132,51575
2026-07-22 11:37:00,70.135,70.17,70.1,70.155,56278
2026-07-22 11:38:00,70.15,70.165,70.11,70.165,34598
2026-07-22 11:39:00,70.165,70.19,70.1,70.15,67269
2026-07-22 11:40:00,70.14,70.2,70.09,70.2,59337
2026-07-22 11:41:00,70.2,70.21,70.155,70.19,47394
2026-07-22 11:42:00,70.195,70.3,70.195,70.26,114935
2026-07-22 11:43:00,70.28,70.31,70.26,70.285,39641
2026-07-22 11:44:00,70.285,70.29,70.215,70.275,34888
2026-07-22 11:45:00,70.28,70.29,70.22,70.245,19973
2026-07-22 11:46:00,70.245,70.26,70.215,70.215,47951
2026-07-22 11:47:00,70.215,70.3,70.2105,70.275,37014
2026-07-22 11:48:00,70.275,70.3351,70.27,70.335,58022
2026-07-22 11:49:00,70.34,70.4,70.3297,70.385,56527
2026-07-22 11:50:00,70.385,70.4,70.35,70.36,50058
2026-07-22 11:51:00,70.36,70.37,70.325,70.33,36577
2026-07-22 11:52:00,70.32,70.33,70.28,70.3,31736
2026-07-22 11:53:00,70.305,70.32,70.292,70.32,26980
2026-07-22 11:54:00,70.325,70.33,70.295,70.315,15553
2026-07-22 11:55:00,70.315,70.38,70.3,70.36,49178
2026-07-22 11:56:00,70.345,70.35,70.28,70.3099,16876
2026-07-22 11:57:00,70.31,70.32,70.22,70.225,37294
2026-07-22 11:58:00,70.225,70.2725,70.225,70.245,28031
2026-07-22 11:59:00,70.245,70.255,70.205,70.235,44652
2026-07-22 12:00:00,70.23,70.24,70.11,70.115,54861
2026-07-22 12:01:00,70.11,70.1672,70.09,70.135,73745
2026-07-22 12:02:00,70.135,70.14,70.115,70.125,38992
2026-07-22 12:03:00,70.125,70.16,70.12,70.1499,32577
2026-07-22 12:04:00,70.145,70.2,70.14,70.195,34058
2026-07-22 12:05:00,70.2,70.2106,70.18,70.195,33391
2026-07-22 12:06:00,70.1951,70.2,70.155,70.155,31782
2026-07-22 12:07:00,70.155,70.235,70.155,70.23,38722
2026-07-22 12:08:00,70.23,70.23,70.1401,70.155,17648
2026-07-22 12:09:00,70.15,70.165,70.14,70.155,27974
2026-07-22 12:10:00,70.155,70.155,70.1,70.115,44083
2026-07-22 12:11:00,70.11,70.14,70.105,70.115,49003
2026-07-22 12:12:00,70.115,70.15,70.1,70.125,40200
2026-07-22 12:13:00,70.12,70.19,70.115,70.155,47673
2026-07-22 12:14:00,70.15,70.17,70.07,70.15,178258
2026-07-22 12:15:00,70.15,70.16,70.13,70.135,106623
2026-07-22 12:16:00,70.135,70.18,70.13,70.15,110493
2026-07-22 12:17:00,70.15,70.16,70.1125,70.115,84192
2026-07-22 12:18:00,70.115,70.145,70.02,70.035,140613
2026-07-22 12:19:00,70.035,70.06,69.92,69.97,115363
2026-07-22 12:20:00,69.975,69.98,69.9,69.95,91992
2026-07-22 12:21:00,69.95,69.98,69.93,69.98,44122
2026-07-22 12:22:00,69.975,70.035,69.9501,70.025,54788
2026-07-22 12:23:00,70.0299,70.13,70.0273,70.12,65411
2026-07-22 12:24:00,70.12,70.1212,70.045,70.07,50794
2026-07-22 12:25:00,70.0799,70.085,70.03,70.05,46973
2026-07-22 12:26:00,70.04,70.05,69.995,70.01,44179
2026-07-22 12:27:00,70,70.055,70,70.03,40883
2026-07-22 12:28:00,70.0338,70.085,70.025,70.065,28900
2026-07-22 12:29:00,70.07,70.09,70.065,70.08,25509
2026-07-22 12:30:00,70.08,70.095,70.07,70.085,20212
2026-07-22 12:31:00,70.085,70.0851,70.06,70.085,29579
2026-07-22 12:32:00,70.085,70.115,70.06,70.115,33404
2026-07-22 12:33:00,70.115,70.13,70.07,70.09,38379
2026-07-22 12:34:00,70.0899,70.09,70.04,70.0427,40081
2026-07-22 12:35:00,70.045,70.105,70.045,70.1,47274
2026-07-22 12:36:00,70.1,70.11,70.06,70.07,28890
2026-07-22 12:37:00,70.075,70.1,70.0226,70.025,27830
2026-07-22 12:38:00,70.025,70.075,70.01,70.075,43767
2026-07-22 12:39:00,70.075,70.09,70.06,70.0899,21794
2026-07-22 12:40:00,70.09,70.115,70.08,70.095,30711
2026-07-22 12:41:00,70.1,70.11,70.06,70.1,53365
2026-07-22 12:42:00,70.095,70.18,70.095,70.175,184298
2026-07-22 12:43:00,70.175,70.18,70.13,70.135,50669
2026-07-22 12:44:00,70.135,70.135,70.09,70.1283,29568
2026-07-22 12:45:00,70.125,70.155,70.09,70.106,43786
2026-07-22 12:46:00,70.11,70.149,70.08,70.135,30456
2026-07-22 12:47:00,70.135,70.135,70.085,70.1,38692
2026-07-22 12:48:00,70.1,70.12,70.06,70.08,38245
2026-07-22 12:49:00,70.075,70.08,70.06,70.065,30148
2026-07-22 12:50:00,70.065,70.0659,69.97,70.005,52935
2026-07-22 12:51:00,70.0001,70.01,69.825,69.825,104694
2026-07-22 12:52:00,69.825,69.835,69.805,69.805,29875
2026-07-22 12:53:00,69.805,69.82,69.745,69.755,55208
2026-07-22 12:54:00,69.75,69.8,69.73,69.755,48031
2026-07-22 12:55:00,69.7599,69.89,69.69,69.875,71222
2026-07-22 12:56:00,69.8798,69.92,69.875,69.905,58138
2026-07-22 12:57:00,69.905,69.93,69.88,69.905,56101
2026-07-22 12:58:00,69.9,69.91,69.855,69.87,28081
2026-07-22 12:59:00,69.88,69.9,69.87,69.885,32251
2026-07-22 13:00:00,69.89,69.92,69.88,69.895,35844
2026-07-22 13:01:00,69.895,69.91,69.795,69.82,73658
2026-07-22 13:02:00,69.81,69.83,69.775,69.795,43141
2026-07-22 13:03:00,69.795,69.81,69.72,69.72,39477
2026-07-22 13:04:00,69.72,69.778,69.71,69.72,36702
2026-07-22 13:05:00,69.72,69.72,69.63,69.64,45193
2026-07-22 13:06:00,69.63,69.68,69.5825,69.625,59168
2026-07-22 13:07:00,69.625,69.63,69.61,69.625,28731
2026-07-22 13:08:00,69.625,69.64,69.61,69.62,36950
2026-07-22 13:09:00,69.625,69.669,69.61,69.6427,26161
2026-07-22 13:10:00,69.645,69.67,69.57,69.6,54127
2026-07-22 13:11:00,69.6,69.62,69.595,69.61,27441
2026-07-22 13:12:00,69.615,69.6441,69.6,69.63,27213
2026-07-22 13:13:00,69.635,69.65,69.63,69.65,26725
2026-07-22 13:14:00,69.645,69.69,69.63,69.69,59417
2026-07-22 13:15:00,69.68,69.69,69.65,69.675,30865
2026-07-22 13:16:00,69.675,69.675,69.58,69.59,27913
2026-07-22 13:17:00,69.59,69.595,69.565,69.595,24612
2026-07-22 13:18:00,69.595,69.595,69.56,69.565,32766
2026-07-22 13:19:00,69.565,69.565,69.5201,69.5499,36807
2026-07-22 13:20:00,69.55,69.575,69.55,69.575,26335
2026-07-22 13:21:00,69.57,69.59,69.565,69.565,26590
2026-07-22 13:22:00,69.565,69.58,69.55,69.55,31645
2026-07-22 13:23:00,69.555,69.56,69.535,69.56,37708
2026-07-22 13:24:00,69.555,69.6,69.53,69.599,38183
2026-07-22 13:25:00,69.595,69.595,69.55,69.56,31302
2026-07-22 13:26:00,69.557,69.565,69.48,69.495,68321
2026-07-22 13:27:00,69.499,69.59,69.495,69.57,55304
2026-07-22 13:28:00,69.565,69.6,69.545,69.56,33636
2026-07-22 13:29:00,69.57,69.6,69.52,69.5247,86023
2026-07-22 13:30:00,69.525,69.535,69.495,69.515,87438
2026-07-22 13:31:00,69.515,69.5299,69.5,69.51,30699
2026-07-22 13:32:00,69.515,69.515,69.44,69.4599,43793
2026-07-22 13:33:00,69.455,69.46,69.405,69.415,27309
2026-07-22 13:34:00,69.42,69.43,69.365,69.38,35340
2026-07-22 13:35:00,69.385,69.44,69.385,69.42,29711
2026-07-22 13:36:00,69.43,69.46,69.42,69.45,37373
2026-07-22 13:37:00,69.45,69.45,69.355,69.375,30724
2026-07-22 13:38:00,69.375,69.385,69.37,69.385,22633
2026-07-22 13:39:00,69.38,69.4,69.37,69.3951,26377
2026-07-22 13:40:00,69.395,69.395,69.32,69.32,47420
2026-07-22 13:41:00,69.32,69.37,69.31,69.3549,61978
2026-07-22 13:42:00,69.35,69.395,69.3436,69.395,37041
2026-07-22 13:43:00,69.395,69.415,69.3601,69.38,37839
2026-07-22 13:44:00,69.3772,69.385,69.34,69.365,25165
2026-07-22 13:45:00,69.37,69.375,69.33,69.335,67176
2026-07-22 13:46:00,69.335,69.335,69.295,69.315,32417
2026-07-22 13:47:00,69.315,69.315,69.27,69.275,58501
2026-07-22 13:48:00,69.275,69.28,69.2401,69.275,65691
2026-07-22 13:49:00,69.275,69.31,69.255,69.31,51359
2026-07-22 13:50:00,69.315,69.35,69.29,69.345,30328
2026-07-22 13:51:00,69.34,69.35,69.31,69.315,47640
2026-07-22 13:52:00,69.32,69.3399,69.315,69.325,27923
2026-07-22 13:53:00,69.325,69.3299,69.305,69.32,34173
2026-07-22 13:54:00,69.32,69.34,69.24,69.25,628125
2026-07-22 13:55:00,69.235,69.235,69.165,69.165,54746
2026-07-22 13:56:00,69.16,69.22,69.1524,69.175,38710
2026-07-22 13:57:00,69.175,69.1999,69.16,69.1825,27025
2026-07-22 13:58:00,69.19,69.2,69.15,69.1681,37772
2026-07-22 13:59:00,69.165,69.19,69.16,69.18,19054
2026-07-22 14:00:00,69.17,69.195,69.16,69.19,61446
2026-07-22 14:01:00,69.17,69.215,69.17,69.215,20361
2026-07-22 14:02:00,69.215,69.2999,69.21,69.245,36411
2026-07-22 14:03:00,69.245,69.3,69.235,69.275,31934
2026-07-22 14:04:00,69.285,69.29,69.25,69.275,33001
2026-07-22 14:05:00,69.275,69.29,69.255,69.26,22102
2026-07-22 14:06:00,69.26,69.26,69.21,69.23,27162
2026-07-22 14:07:00,69.235,69.245,69.13,69.1375,42162
2026-07-22 14:08:00,69.1375,69.19,69.095,69.185,32530
2026-07-22 14:09:00,69.185,69.195,69.17,69.195,25222
2026-07-22 14:10:00,69.195,69.225,69.18,69.2136,49786
2026-07-22 14:11:00,69.2275,69.23,69.205,69.205,17187
2026-07-22 14:12:00,69.205,69.26,69.2007,69.255,36479
2026-07-22 14:13:00,69.255,69.26,69.22,69.225,48596
2026-07-22 14:14:00,69.225,69.25,69.21,69.235,52630
2026-07-22 14:15:00,69.235,69.235,69.14,69.15,46423
2026-07-22 14:16:00,69.155,69.235,69.155,69.215,61674
2026-07-22 14:17:00,69.215,69.24,69.16,69.2,101737
2026-07-22 14:18:00,69.205,69.205,69.14,69.145,53079
2026-07-22 14:19:00,69.14,69.27,69.13,69.2372,75503
2026-07-22 14:20:00,69.253,69.298,69.23,69.24,34843
2026-07-22 14:21:00,69.24,69.28,69.24,69.2799,25725
2026-07-22 14:22:00,69.2701,69.3,69.215,69.22,33286
2026-07-22 14:23:00,69.22,69.245,69.22,69.24,19897
2026-07-22 14:24:00,69.23,69.24,69.22,69.24,22388
2026-07-22 14:25:00,69.24,69.27,69.21,69.215,58228
2026-07-22 14:26:00,69.215,69.22,69.17,69.175,52040
2026-07-22 14:27:00,69.17,69.175,69.0989,69.16,77710
2026-07-22 14:28:00,69.16,69.17,69.11,69.16,47139
2026-07-22 14:29:00,69.16,69.17,69.095,69.095,41717
2026-07-22 14:30:00,69.095,69.1,69.035,69.075,76936
2026-07-22 14:31:00,69.075,69.125,69.055,69.075,91448
2026-07-22 14:32:00,69.075,69.075,68.9812,69.0179,130513
2026-07-22 14:33:00,69.01,69.04,68.99,69.01,56286
2026-07-22 14:34:00,69.0001,69.03,69,69.03,43111
2026-07-22 14:35:00,69.03,69.05,69,69.02,53043
2026-07-22 14:36:00,69.02,69.02,68.98,69.01,26134
2026-07-22 14:37:00,69.01,69.025,68.95,69.0001,69620
2026-07-22 14:38:00,69.005,69.05,68.99,69.03,39244
2026-07-22 14:39:00,69.02,69.02,68.93,68.93,38198
2026-07-22 14:40:00,68.945,68.95,68.88,68.8854,63954
2026-07-22 14:41:00,68.88,68.905,68.855,68.875,79808
2026-07-22 14:42:00,68.88,68.88,68.76,68.79,110311
2026-07-22 14:43:00,68.785,68.785,68.72,68.73,55114
2026-07-22 14:44:00,68.73,68.75,68.7012,68.74,59029
2026-07-22 14:45:00,68.73,68.785,68.73,68.775,38927
2026-07-22 14:46:00,68.775,68.775,68.735,68.7399,38649
2026-07-22 14:47:00,68.735,68.76,68.715,68.725,48878
2026-07-22 14:48:00,68.725,68.7497,68.7,68.7109,31866
2026-07-22 14:49:00,68.71,68.72,68.66,68.66,35264
2026-07-22 14:50:00,68.6699,68.6799,68.58,68.61,131179
2026-07-22 14:51:00,68.62,68.72,68.59,68.715,110860
2026-07-22 14:52:00,68.715,68.72,68.66,68.665,61339
2026-07-22 14:53:00,68.665,68.685,68.62,68.645,44343
2026-07-22 14:54:00,68.645,68.685,68.64,68.66,41564
2026-07-22 14:55:00,68.665,68.7,68.66,68.675,64127
2026-07-22 14:56:00,68.675,68.72,68.665,68.67,125821
2026-07-22 14:57:00,68.66,68.67,68.64,68.655,60738
2026-07-22 14:58:00,68.655,68.665,68.58,68.605,164750
2026-07-22 14:59:00,68.605,68.635,68.59,68.605,77951
2026-07-22 15:00:00,68.6,68.6,68.56,68.5701,44991
2026-07-22 15:01:00,68.575,68.6101,68.565,68.565,55143
2026-07-22 15:02:00,68.565,68.57,68.49,68.4919,66920
2026-07-22 15:03:00,68.495,68.53,68.44,68.485,75055
2026-07-22 15:04:00,68.485,68.51,68.46,68.495,49555
2026-07-22 15:05:00,68.5,68.54,68.49,68.535,42288
2026-07-22 15:06:00,68.54,68.555,68.49,68.51,57777
2026-07-22 15:07:00,68.515,68.515,68.45,68.465,41059
2026-07-22 15:08:00,68.465,68.48,68.45,68.45,31455
2026-07-22 15:09:00,68.46,68.46,68.4,68.405,43640
2026-07-22 15:10:00,68.4,68.405,68.36,68.37,55551
2026-07-22 15:11:00,68.365,68.42,68.35,68.405,44581
2026-07-22 15:12:00,68.4097,68.44,68.37,68.375,55908
2026-07-22 15:13:00,68.375,68.4,68.36,68.375,75598
2026-07-22 15:14:00,68.375,68.4,68.36,68.37,53634
2026-07-22 15:15:00,68.38,68.48,68.37,68.43,74076
2026-07-22 15:16:00,68.435,68.44,68.41,68.4126,64885
2026-07-22 15:17:00,68.41,68.415,68.38,68.395,58486
2026-07-22 15:18:00,68.395,68.425,68.38,68.395,42686
2026-07-22 15:19:00,68.395,68.4499,68.39,68.415,91709
2026-07-22 15:20:00,68.41,68.43,68.38,68.42,57633
2026-07-22 15:21:00,68.415,68.4416,68.4,68.42,58937
2026-07-22 15:22:00,68.425,68.43,68.39,68.41,46721
2026-07-22 15:23:00,68.415,68.445,68.405,68.41,51385
2026-07-22 15:24:00,68.4152,68.455,68.41,68.44,62378
2026-07-22 15:25:00,68.445,68.45,68.425,68.445,51781
2026-07-22 15:26:00,68.445,68.46,68.415,68.415,83588
2026-07-22 15:27:00,68.415,68.445,68.41,68.435,44716
2026-07-22 15:28:00,68.43,68.47,68.395,68.455,188784
2026-07-22 15:29:00,68.45,68.4899,68.44,68.485,43760
2026-07-22 15:30:00,68.48,68.55,68.47,68.53,112483
2026-07-22 15:31:00,68.5301,68.545,68.49,68.53,101424
2026-07-22 15:32:00,68.53,68.5499,68.51,68.535,63534
2026-07-22 15:33:00,68.535,68.6175,68.535,68.5943,88876
2026-07-22 15:34:00,68.595,68.595,68.5,68.535,92350
2026-07-22 15:35:00,68.535,68.55,68.44,68.444,89328
2026-07-22 15:36:00,68.445,68.53,68.445,68.495,65198
2026-07-22 15:37:00,68.49,68.51,68.4701,68.495,76358
2026-07-22 15:38:00,68.495,68.53,68.45,68.53,78560
2026-07-22 15:39:00,68.525,68.54,68.5201,68.535,46090
2026-07-22 15:40:00,68.54,68.605,68.535,68.575,97954
2026-07-22 15:41:00,68.575,68.595,68.555,68.575,75490
2026-07-22 15:42:00,68.575,68.6188,68.53,68.54,65064
2026-07-22 15:43:00,68.545,68.55,68.51,68.535,66595
2026-07-22 15:44:00,68.53,68.54,68.45,68.515,127155
2026-07-22 15:45:00,68.51,68.565,68.5,68.555,94492
2026-07-22 15:46:00,68.555,68.6,68.54,68.585,107797
2026-07-22 15:47:00,68.585,68.62,68.5725,68.585,78981
2026-07-22 15:48:00,68.5801,68.62,68.575,68.605,89825
2026-07-22 15:49:00,68.605,68.67,68.605,68.665,66819
2026-07-22 15:50:00,68.66,68.71,68.52,68.525,319589
2026-07-22 15:51:00,68.525,68.54,68.49,68.525,156824
2026-07-22 15:52:00,68.53,68.54,68.5,68.505,109878
2026-07-22 15:53:00,68.505,68.5299,68.475,68.5,120708
2026-07-22 15:54:00,68.5,68.55,68.45,68.515,299629
2026-07-22 15:55:00,68.53,68.665,68.51,68.57,281919
2026-07-22 15:56:00,68.575,68.64,68.5,68.61,231700
2026-07-22 15:57:00,68.615,68.63,68.56,68.575,273743
2026-07-22 15:58:00,68.58,68.63,68.56,68.56,356271
2026-07-22 15:59:00,68.57,68.58,68.51,68.53,874434
2026-07-22 16:00:00,68.53,68.6,68.49,68.6,4892664
2026-07-22 16:01:00,68.56,68.56,68.49,68.49,517
2026-07-22 16:02:00,68.4624,68.4624,68.35,68.35,7532
2026-07-22 16:03:00,68.59,68.59,68.45,68.45,240
2026-07-22 16:04:00,68.48,68.53,68.47,68.5,2038
2026-07-22 16:05:00,68.49,68.6,68.4501,68.57,2633
2026-07-22 16:06:00,68.58,68.59,68.45,68.45,2866
2026-07-22 16:07:00,68.5846,68.59,68.5045,68.59,520
2026-07-22 16:08:00,68.53,68.53,68.45,68.5091,5857
2026-07-22 16:09:00,68.46,68.46,68.45,68.45,775
2026-07-22 16:10:00,68.4519,68.4519,68.4519,68.4519,3649
2026-07-22 16:11:00,68.51,68.51,68.5,68.5,448
2026-07-22 16:12:00,68.53,68.53,68.5114,68.5114,308
2026-07-22 16:13:00,68.54,68.54,68.45,68.45,6335
2026-07-22 16:14:00,68.42,68.57,68.3676,68.3676,1416
2026-07-22 16:15:00,68.4165,68.4165,68.4,68.4,550
2026-07-22 16:16:00,68.4,68.4785,68.4,68.4785,1250
2026-07-22 16:17:00,68.45,68.45,68.4,68.45,446
2026-07-22 16:18:00,68.4002,68.45,68.3704,68.45,1295
2026-07-22 16:19:00,68.35,68.4,68.35,68.4,1647
2026-07-22 16:20:00,68.4,68.4,68.4,68.4,474
2026-07-22 16:21:00,68.45,68.5,68.45,68.5,350
2026-07-22 16:22:00,68.43,68.43,68.43,68.43,130
2026-07-22 16:23:00,68.44,68.44,68.44,68.44,1487
2026-07-22 16:24:00,68.5,68.5,68.4965,68.4965,4500
2026-07-22 16:25:00,68.46,68.52,68.46,68.4953,550
2026-07-22 16:26:00,68.47,68.4953,68.47,68.48,637
2026-07-22 16:27:00,68.52,68.52,68.5,68.52,690
2026-07-22 16:28:00,68.5045,68.5045,68.5045,68.5045,1500
2026-07-22 16:29:00,68.4677,68.4677,68.4677,68.4677,200
2026-07-22 16:30:00,68.506,68.5097,68.506,68.5097,1100
2026-07-22 16:31:00,68.51,68.51,68.5023,68.5023,1377
2026-07-22 16:32:00,68.47,68.51,68.47,68.51,877
2026-07-22 16:33:00,68.5,68.5092,68.5,68.5,466
2026-07-22 16:35:00,68.4994,68.5,68.4563,68.46,1328
2026-07-22 16:36:00,68.46,68.46,68.41,68.41,383
2026-07-22 16:37:00,68.4165,68.4632,68.4165,68.4632,409
2026-07-22 16:38:00,68.47,68.47,68.45,68.47,1162
2026-07-22 16:39:00,68.498,68.498,68.4675,68.48,701
2026-07-22 16:40:00,68.48,68.48,68.48,68.48,200
2026-07-22 16:41:00,68.4977,68.4977,68.4977,68.4977,300
2026-07-22 16:42:00,68.47,68.4949,68.47,68.4801,1586
2026-07-22 16:43:00,68.48,68.4801,68.48,68.48,300
2026-07-22 16:44:00,68.4515,68.4515,68.424,68.424,1078
2026-07-22 16:45:00,68.43,68.43,68.43,68.43,150
2026-07-22 16:46:00,68.4162,68.4162,68.4162,68.4162,462
2026-07-22 16:48:00,68.4497,68.4497,68.4206,68.4206,646
2026-07-22 16:50:00,68.4476,68.4476,68.44,68.44,576
2026-07-22 16:51:00,68.44,68.45,68.44,68.45,400
2026-07-22 16:52:00,68.5,68.5,68.4312,68.5,6305
2026-07-22 16:53:00,68.4897,68.49,68.4804,68.49,900
2026-07-22 16:56:00,68.4897,68.4897,68.48,68.48,1555
2026-07-22 16:57:00,68.43,68.49,68.43,68.49,900
2026-07-22 16:58:00,68.49,68.491,68.4711,68.4711,1812
2026-07-22 16:59:00,68.53,68.59,68.53,68.59,778
2026-07-22 17:00:00,68.59,68.59,68.53,68.53,2323
2026-07-22 17:01:00,68.55,68.55,68.55,68.55,200
2026-07-22 17:02:00,68.54,68.55,68.53,68.53,405
2026-07-22 17:03:00,68.5315,68.5315,68.46,68.5304,700
2026-07-22 17:04:00,68.54,68.55,68.54,68.55,1919
2026-07-22 17:05:00,68.59,68.59,68.59,68.59,942
2026-07-22 17:07:00,68.45,68.45,68.45,68.45,1800
2026-07-22 17:08:00,68.55,68.55,68.53,68.53,600
2026-07-22 17:09:00,68.53,68.55,68.53,68.55,618
2026-07-22 17:10:00,68.502,68.502,68.502,68.502,500
2026-07-22 17:11:00,68.5093,68.52,68.5093,68.52,1650
2026-07-22 17:12:00,68.5498,68.5498,68.5,68.5,395
2026-07-22 17:14:00,68.5232,68.65,68.5232,68.65,530
2026-07-22 17:15:00,68.55,68.55,68.55,68.55,300
2026-07-22 17:16:00,68.56,68.56,68.5503,68.5503,430
2026-07-22 17:19:00,68.64,68.69,68.64,68.69,5872
2026-07-22 17:21:00,68.67,68.67,68.55,68.55,260
2026-07-22 17:22:00,68.6763,68.6763,68.55,68.55,392
2026-07-22 17:24:00,68.65,68.65,68.65,68.65,100
2026-07-22 17:25:00,68.6,68.6097,68.6,68.6097,289
2026-07-22 17:26:00,68.6487,68.6487,68.6487,68.6487,200
2026-07-22 17:27:00,68.6015,68.6423,68.55,68.55,2183
2026-07-22 17:28:00,68.6261,68.6261,68.6261,68.6261,100
2026-07-22 17:29:00,68.5569,68.61,68.5569,68.6,1052
2026-07-22 17:30:00,68.61,68.66,68.58,68.66,2592
2026-07-22 17:32:00,68.68,68.68,68.66,68.66,633
2026-07-22 17:33:00,68.65,68.673,68.5853,68.5853,464
2026-07-22 17:34:00,68.6039,68.6039,68.6039,68.6039,400
2026-07-22 17:35:00,68.65,68.7,68.65,68.6936,924
2026-07-22 17:37:00,68.66,68.7,68.66,68.7,444
2026-07-22 17:38:00,68.6,68.6,68.6,68.6,111
2026-07-22 17:39:00,68.6025,68.66,68.6017,68.6017,550
2026-07-22 17:40:00,68.6094,68.6606,68.6094,68.6606,950
2026-07-22 17:42:00,68.6155,68.72,68.6155,68.72,514
2026-07-22 17:43:00,68.71,68.74,68.71,68.74,244
2026-07-22 17:44:00,68.74,68.78,68.74,68.78,424
2026-07-22 17:45:00,68.7105,68.77,68.7105,68.77,308
2026-07-22 17:47:00,68.7483,68.75,68.72,68.72,679
2026-07-22 17:48:00,68.73,68.74,68.71,68.7157,3977
2026-07-22 17:49:00,68.7101,68.7163,68.65,68.65,3440
2026-07-22 17:51:00,68.6001,68.63,68.6001,68.63,1566
2026-07-22 17:53:00,68.65,68.65,68.65,68.65,100
2026-07-22 17:55:00,68.5811,68.62,68.5811,68.62,331
2026-07-22 17:56:00,68.5805,68.6419,68.5805,68.6419,916
2026-07-22 17:57:00,68.65,68.65,68.65,68.65,100
2026-07-22 17:59:00,68.6484,68.65,68.6002,68.6002,444
2026-07-22 18:00:00,68.65,68.65,68.62,68.64,750
2026-07-22 18:01:00,68.64,68.65,68.64,68.65,907
2026-07-22 18:02:00,68.64,68.64,68.64,68.64,100
2026-07-22 18:03:00,68.6169,68.6169,68.6,68.6,3782
2026-07-22 18:04:00,68.6357,68.6357,68.6357,68.6357,100
2026-07-22 18:05:00,68.6455,68.6455,68.6,68.62,925
2026-07-22 18:06:00,68.65,68.65,68.65,68.65,250
2026-07-22 18:07:00,68.6492,68.65,68.6492,68.65,3100
2026-07-22 18:08:00,68.62,68.6207,68.62,68.6207,250
2026-07-22 18:11:00,68.65,68.65,68.65,68.65,150
2026-07-22 18:12:00,68.6301,68.6301,68.63,68.63,400
2026-07-22 18:13:00,68.6,68.6,68.6,68.6,100
2026-07-22 18:14:00,68.62,68.62,68.62,68.62,100
2026-07-22 18:16:00,68.6019,68.63,68.6019,68.63,320
2026-07-22 18:17:00,68.63,68.64,68.63,68.6338,585
2026-07-22 18:18:00,68.64,68.64,68.64,68.64,100
2026-07-22 18:19:00,68.625,68.6411,68.6,68.63,9536
2026-07-22 18:21:00,68.65,68.65,68.58,68.6353,330
2026-07-22 18:22:00,68.5958,68.65,68.5958,68.6499,350
2026-07-22 18:24:00,68.62,68.62,68.62,68.62,800
2026-07-22 18:26:00,68.58,68.58,68.58,68.58,100
2026-07-22 18:28:00,68.594,68.594,68.594,68.594,2000
2026-07-22 18:31:00,68.6388,68.6388,68.6388,68.6388,145
2026-07-22 18:34:00,68.65,68.65,68.5879,68.61,300
2026-07-22 18:35:00,68.5908,68.5908,68.5908,68.5908,500
2026-07-22 18:39:00,68.59,68.59,68.59,68.59,101
2026-07-22 18:41:00,68.59,68.64,68.59,68.64,5200
2026-07-22 18:42:00,68.65,68.65,68.6489,68.6489,300
2026-07-22 18:44:00,68.591,68.591,68.591,68.591,180
2026-07-22 18:46:00,68.65,68.65,68.65,68.65,100
2026-07-22 18:47:00,68.65,68.65,68.6469,68.6469,2350
2026-07-22 18:48:00,68.6246,68.6246,68.6246,68.6246,265
2026-07-22 18:49:00,68.6485,68.6485,68.6485,68.6485,400
2026-07-22 18:51:00,68.64,68.64,68.64,68.64,200
2026-07-22 18:53:00,68.6,68.6,68.6,68.6,17800
2026-07-22 18:54:00,68.64,68.64,68.64,68.64,145
2026-07-22 18:55:00,68.62,68.62,68.62,68.62,110
2026-07-22 18:56:00,68.65,68.65,68.65,68.65,245
2026-07-22 18:59:00,68.63,68.6485,68.63,68.6485,600
2026-07-22 19:00:00,68.63,68.63,68.63,68.63,400
2026-07-22 19:02:00,68.6,68.65,68.6,68.65,1100
2026-07-22 19:04:00,68.61,68.61,68.6,68.6,261
2026-07-22 19:05:00,68.65,68.65,68.65,68.65,100
2026-07-22 19:06:00,68.6407,68.65,68.6407,68.65,300
2026-07-22 19:07:00,68.63,68.63,68.63,68.63,100
2026-07-22 19:08:00,68.63,68.63,68.63,68.63,127
2026-07-22 19:09:00,68.6,68.6,68.59,68.59,580
2026-07-22 19:10:00,68.5865,68.61,68.5865,68.61,300
2026-07-22 19:12:00,68.63,68.63,68.63,68.63,146
2026-07-22 19:13:00,68.63,68.65,68.63,68.65,267
2026-07-22 19:14:00,68.5848,68.5848,68.5848,68.5848,400
2026-07-22 19:15:00,68.65,68.65,68.65,68.65,130
2026-07-22 19:17:00,68.5969,68.5969,68.5969,68.5969,100
2026-07-22 19:18:00,68.5801,68.6,68.5801,68.6,300
2026-07-22 19:19:00,68.61,68.61,68.59,68.59,916
2026-07-22 19:20:00,68.595,68.595,68.59,68.59,500
2026-07-22 19:21:00,68.6,68.6,68.58,68.58,1152
2026-07-22 19:23:00,68.5825,68.6,68.5825,68.6,400
2026-07-22 19:25:00,68.6,68.6,68.6,68.6,400
2026-07-22 19:26:00,68.6,68.6,68.58,68.58,325
2026-07-22 19:27:00,68.6,68.6,68.6,68.6,100
2026-07-22 19:28:00,68.58,68.5801,68.58,68.5801,382
2026-07-22 19:29:00,68.5903,68.5903,68.5903,68.5903,150
2026-07-22 19:30:00,68.5985,68.5985,68.5985,68.5985,240
2026-07-22 19:31:00,68.6,68.6,68.6,68.6,1095
2026-07-22 19:33:00,68.6319,68.6338,68.6319,68.6338,200
2026-07-22 19:34:00,68.63,68.63,68.63,68.63,267
2026-07-22 19:35:00,68.6,68.6,68.59,68.59,200
2026-07-22 19:36:00,68.59,68.59,68.57,68.57,800
2026-07-22 19:37:00,68.56,68.56,68.5004,68.5004,5015
2026-07-22 19:38:00,68.5591,68.5591,68.5591,68.5591,715
2026-07-22 19:40:00,68.55,68.55,68.5,68.5,4137
2026-07-22 19:43:00,68.55,68.55,68.55,68.55,1100
2026-07-22 19:45:00,68.55,68.58,68.55,68.58,1425
2026-07-22 19:46:00,68.6,68.6,68.6,68.6,164
2026-07-22 19:47:00,68.6,68.6,68.6,68.6,125
2026-07-22 19:48:00,68.54,68.59,68.54,68.59,625
2026-07-22 19:49:00,68.55,68.55,68.52,68.53,2982
2026-07-22 19:50:00,68.5212,68.5212,68.5212,68.5212,150
2026-07-22 19:51:00,68.51,68.51,68.51,68.51,100
2026-07-22 19:52:00,68.6,68.6,68.6,68.6,276
2026-07-22 19:54:00,68.54,68.54,68.54,68.54,200
2026-07-22 19:55:00,68.52,68.52,68.52,68.52,1000
2026-07-22 19:58:00,68.6,68.62,68.58,68.58,488
2026-07-22 19:59:00,68.6,68.6,68.5999,68.5999,5300
2026-07-23 04:00:00,68.7,68.72,68.5001,68.72,15113
2026-07-23 04:01:00,68.51,68.73,68.51,68.56,1997
2026-07-23 04:02:00,68.59,68.67,68.54,68.65,6786
2026-07-23 04:03:00,68.74,68.99,68.74,68.99,4817
2026-07-23 04:04:00,69.0,69.2,69.0,69.09,2358
2026-07-23 04:05:00,69.12,69.12,69.12,69.12,100
2026-07-23 04:06:00,69.12,69.165,68.66,68.66,500
2026-07-23 04:07:00,69.11,69.11,69.07,69.07,250
2026-07-23 04:08:00,69.01,69.01,69.01,69.01,130
2026-07-23 04:09:00,69.1099,69.1099,69.1099,69.1099,300
2026-07-23 04:10:00,69.0291,69.0291,69.0291,69.0291,100
2026-07-23 04:11:00,69.0382,69.0382,69.0382,69.0382,100
2026-07-23 04:14:00,69.03,69.03,69.03,69.03,100
2026-07-23 04:19:00,69.0,69.0,69.0,69.0,120
2026-07-23 04:21:00,69.1,69.1,69.1,69.1,100
2026-07-23 04:30:00,68.97,68.97,68.97,68.97,204
2026-07-23 04:32:00,69.0368,69.0368,69.0,69.0,890
2026-07-23 04:34:00,68.95,68.95,68.95,68.95,100
2026-07-23 04:50:00,68.95,68.95,68.95,68.95,100
2026-07-23 04:51:00,68.95,68.95,68.95,68.95,100
2026-07-23 04:52:00,69.0,69.0,69.0,69.0,100
2026-07-23 04:54:00,68.99,68.99,68.99,68.99,238
2026-07-23 04:55:00,68.95,68.95,68.95,68.95,100
2026-07-23 04:56:00,68.99,68.99,68.99,68.99,322
2026-07-23 04:57:00,68.95,68.95,68.95,68.95,100
2026-07-23 04:58:00,68.9945,69.0,68.9945,69.0,200
2026-07-23 05:01:00,68.96,68.96,68.95,68.95,288
2026-07-23 05:02:00,68.95,68.95,68.95,68.95,200
2026-07-23 05:05:00,68.97,69.0,68.97,69.0,1360
2026-07-23 05:06:00,68.96,68.96,68.96,68.96,100
2026-07-23 05:13:00,68.9984,68.9984,68.9984,68.9984,174
2026-07-23 05:14:00,69.0,69.0,68.97,68.97,1020
2026-07-23 05:15:00,68.96,68.96,68.96,68.96,200
2026-07-23 05:16:00,69.0,69.0,69.0,69.0,400
2026-07-23 05:17:00,69.0,69.0,69.0,69.0,430
2026-07-23 05:19:00,68.96,68.96,68.91,68.91,4892
2026-07-23 05:20:00,68.92,68.92,68.91,68.91,350
2026-07-23 05:22:00,68.94,68.94,68.94,68.94,290
2026-07-23 05:23:00,68.92,68.92,68.92,68.92,496
2026-07-23 05:24:00,68.92,68.94,68.9,68.93,1824
2026-07-23 05:27:00,68.93,68.93,68.93,68.93,198
2026-07-23 05:28:00,68.94,68.96,68.94,68.96,603
2026-07-23 05:29:00,69.0,69.02,69.0,69.01,360
2026-07-23 05:31:00,69.015,69.015,69.015,69.015,100
2026-07-23 05:36:00,69.07,69.09,69.07,69.09,886
2026-07-23 05:41:00,69.07,69.07,69.07,69.07,100
2026-07-23 05:42:00,69.05,69.055,69.05,69.055,349
2026-07-23 05:43:00,69.0948,69.0948,69.0948,69.0948,350
2026-07-23 05:45:00,69.09,69.09,69.09,69.09,108
2026-07-23 05:47:00,69.09,69.09,69.09,69.09,100
2026-07-23 05:53:00,69.05,69.05,69.05,69.05,882
2026-07-23 05:57:00,69.05,69.05,69.05,69.05,340
2026-07-23 05:58:00,69.01,69.01,69.0,69.0,400
2026-07-23 06:00:00,68.94,68.94,68.94,68.94,468
2026-07-23 06:01:00,68.92,68.93,68.92,68.93,467
2026-07-23 06:02:00,68.96,68.96,68.93,68.95,1036
2026-07-23 06:03:00,68.93,68.93,68.93,68.93,199
2026-07-23 06:08:00,68.92,68.92,68.91,68.92,993
2026-07-23 06:12:00,68.88,68.88,68.88,68.88,217
2026-07-23 06:13:00,68.87,68.9,68.85,68.88,1299
2026-07-23 06:18:00,68.85,68.85,68.85,68.85,196
2026-07-23 06:19:00,68.86,68.86,68.86,68.86,150
2026-07-23 06:28:00,68.85,68.85,68.85,68.85,319
2026-07-23 06:39:00,68.85,68.85,68.85,68.85,182
2026-07-23 06:44:00,68.865,68.9,68.865,68.9,640
2026-07-23 06:47:00,68.9584,68.9584,68.9584,68.9584,500
2026-07-23 06:49:00,68.8991,68.8991,68.8991,68.8991,100
2026-07-23 06:51:00,68.85,68.85,68.64,68.64,2560
2026-07-23 06:56:00,68.8319,68.8319,68.82,68.82,225
2026-07-23 06:58:00,68.71,68.71,68.11,68.26,44578
2026-07-23 06:59:00,68.27,68.73,68.26,68.41,25359
2026-07-23 07:00:00,68.56,68.57,68.25,68.25,9719
2026-07-23 07:01:00,68.32,68.32,68.23,68.23,2331
2026-07-23 07:02:00,68.3,68.38,68.28,68.31,1647
2026-07-23 07:03:00,68.3,68.3944,68.2795,68.2795,1281
2026-07-23 07:04:00,68.2744,68.41,68.2744,68.4,1337
2026-07-23 07:05:00,68.4,68.4,68.35,68.35,710
2026-07-23 07:06:00,68.3518,68.38,68.3518,68.38,203
2026-07-23 07:07:00,68.44,68.44,68.4,68.4,1300
2026-07-23 07:08:00,68.5,68.5,68.5,68.5,100
2026-07-23 07:11:00,68.46,68.56,68.45,68.56,4652
2026-07-23 07:13:00,68.5944,68.6,68.5923,68.6,400
2026-07-23 07:14:00,68.59,68.59,68.59,68.59,500
2026-07-23 07:16:00,68.55,68.55,68.55,68.55,334
2026-07-23 07:17:00,68.57,68.6,68.55,68.5957,3121
2026-07-23 07:18:00,68.5769,68.5769,68.5769,68.5769,300
2026-07-23 07:20:00,68.59,68.59,68.59,68.59,200
2026-07-23 07:21:00,68.5621,68.5621,68.5621,68.5621,145
2026-07-23 07:23:00,68.6,68.6,68.6,68.6,150
2026-07-23 07:24:00,68.5562,68.5562,68.5355,68.5355,550
2026-07-23 07:25:00,68.5858,68.5858,68.5324,68.57,1003
2026-07-23 07:27:00,68.64,68.64,68.61,68.61,300
2026-07-23 07:28:00,68.64,68.64,68.56,68.56,200
2026-07-23 07:29:00,68.68,68.68,68.68,68.68,250
2026-07-23 07:30:00,68.61,68.61,68.61,68.61,200
2026-07-23 07:31:00,68.61,68.61,68.61,68.61,140
2026-07-23 07:32:00,68.57,68.57,68.5572,68.5572,276
2026-07-23 07:33:00,68.5582,68.59,68.54,68.54,501
2026-07-23 07:34:00,68.6,68.6,68.6,68.6,180
2026-07-23 07:35:00,68.63,68.63,68.63,68.63,100
2026-07-23 07:37:00,68.56,68.56,68.56,68.56,189
2026-07-23 07:39:00,68.6048,68.6048,68.58,68.58,1085
2026-07-23 07:41:00,68.6289,68.6289,68.6289,68.6289,203
2026-07-23 07:43:00,68.56,68.56,68.56,68.56,100
2026-07-23 07:45:00,68.5559,68.5559,68.5559,68.5559,300
2026-07-23 07:46:00,68.533,68.533,68.51,68.51,1509
2026-07-23 07:48:00,68.5201,68.5201,68.5201,68.5201,150
2026-07-23 07:49:00,68.5284,68.56,68.5284,68.56,728
2026-07-23 07:50:00,68.6043,68.6043,68.6043,68.6043,300
2026-07-23 07:51:00,68.56,68.56,68.56,68.56,100
2026-07-23 07:52:00,68.55,68.55,68.53,68.5339,2300
2026-07-23 07:53:00,68.6095,68.6095,68.6,68.6,200
2026-07-23 07:54:00,68.57,68.57,68.5405,68.5405,492
2026-07-23 07:55:00,68.56,68.57,68.56,68.57,380
2026-07-23 07:56:00,68.55,68.62,68.55,68.61,1817
2026-07-23 07:57:00,68.6541,68.6541,68.6541,68.6541,354
2026-07-23 07:58:00,68.62,68.65,68.61,68.65,1641
2026-07-23 07:59:00,68.65,68.65,68.63,68.65,3829
2026-07-23 08:00:00,68.62,68.62,68.6,68.61,403
2026-07-23 08:01:00,68.62,68.63,68.61,68.63,2810
2026-07-23 08:02:00,68.68,68.73,68.68,68.7,1751
2026-07-23 08:03:00,68.68,68.68,68.68,68.68,100
2026-07-23 08:04:00,68.69,68.6976,68.69,68.6976,211
2026-07-23 08:06:00,68.67,68.67,68.65,68.65,450
2026-07-23 08:07:00,68.66,68.67,68.66,68.67,1243
2026-07-23 08:08:00,68.69,68.7,68.69,68.7,365
2026-07-23 08:09:00,68.7,68.72,68.7,68.72,760
2026-07-23 08:10:00,68.7,68.75,68.7,68.72,564
2026-07-23 08:11:00,68.7056,68.74,68.7056,68.73,1353
2026-07-23 08:12:00,68.74,68.74,68.74,68.74,500
2026-07-23 08:13:00,68.74,68.75,68.74,68.75,1570
2026-07-23 08:14:00,68.75,68.79,68.75,68.76,2328
2026-07-23 08:15:00,68.7839,68.7839,68.73,68.76,450
2026-07-23 08:16:00,68.73,68.73,68.73,68.73,100
2026-07-23 08:17:00,68.77,68.77,68.76,68.76,934
2026-07-23 08:19:00,68.7146,68.7146,68.71,68.71,220
2026-07-23 08:20:00,68.71,68.71,68.71,68.71,300
2026-07-23 08:21:00,68.74,68.74,68.74,68.74,116
2026-07-23 08:22:00,68.7193,68.73,68.71,68.72,1151
2026-07-23 08:23:00,68.77,68.77,68.72,68.72,1625
2026-07-23 08:24:00,68.7,68.7,68.7,68.7,100
2026-07-23 08:27:00,68.6933,68.6933,68.64,68.64,200
2026-07-23 08:28:00,68.67,68.72,68.67,68.72,200
2026-07-23 08:29:00,68.73,68.76,68.73,68.75,666
2026-07-23 08:30:00,68.74,68.76,68.7169,68.7169,2255
2026-07-23 08:31:00,68.73,68.8,68.73,68.8,4361
2026-07-23 08:32:00,68.8,68.8,68.77,68.77,2454
2026-07-23 08:33:00,68.83,68.91,68.83,68.91,2999
2026-07-23 08:34:00,68.84,68.86,68.77,68.86,487
2026-07-23 08:35:00,68.82,68.89,68.82,68.89,600
2026-07-23 08:36:00,68.8269,68.89,68.8269,68.85,1375
2026-07-23 08:37:00,68.827,68.827,68.79,68.79,700
2026-07-23 08:38:00,68.81,68.8599,68.79,68.82,2670
2026-07-23 08:39:00,68.85,68.9,68.79,68.9,5203
2026-07-23 08:40:00,68.94,68.95,68.91,68.927,2384
2026-07-23 08:41:00,68.95,68.95,68.91,68.91,4331
2026-07-23 08:42:00,68.95,68.95,68.93,68.93,4005
2026-07-23 08:43:00,68.94,69.03,68.92,68.9959,8642
2026-07-23 08:44:00,68.96,68.97,68.96,68.97,260
2026-07-23 08:45:00,68.9704,68.9944,68.91,68.91,2489
2026-07-23 08:46:00,68.9,68.98,68.9,68.98,533
2026-07-23 08:47:00,68.97,68.98,68.86,68.86,1459
2026-07-23 08:48:00,68.98,68.98,68.85,68.85,328
2026-07-23 08:49:00,68.84,68.84,68.84,68.84,180
2026-07-23 08:50:00,68.828,68.828,68.828,68.828,150
2026-07-23 08:51:00,68.84,68.84,68.84,68.84,1591
2026-07-23 08:52:00,68.6887,68.6887,68.6887,68.6887,100
2026-07-23 08:53:00,68.7428,68.8,68.7428,68.8,352
2026-07-23 08:54:00,68.6724,68.7322,68.67,68.67,1100
2026-07-23 08:55:00,68.7322,68.76,68.7322,68.76,1270
2026-07-23 08:56:00,68.73,68.73,68.71,68.71,1715
2026-07-23 08:58:00,68.769,68.769,68.74,68.76,1945
2026-07-23 08:59:00,68.74,68.74,68.74,68.74,100
2026-07-23 09:00:00,68.6686,68.74,68.65,68.74,420
2026-07-23 09:01:00,68.72,68.87,68.65,68.78,12865
2026-07-23 09:02:00,68.84,68.84,68.79,68.79,1993
2026-07-23 09:03:00,68.81,68.88,68.81,68.88,1227
2026-07-23 09:04:00,68.53,68.9781,68.53,68.9089,26639
2026-07-23 09:05:00,68.93,68.93,68.88,68.88,12012
2026-07-23 09:06:00,68.888,68.91,68.888,68.91,485
2026-07-23 09:07:00,68.91,68.91,68.9001,68.9001,1067
2026-07-23 09:08:00,68.9262,68.93,68.87,68.87,2999
2026-07-23 09:09:00,68.91,68.92,68.91,68.91,1760
2026-07-23 09:10:00,68.91,68.95,68.91,68.95,735
2026-07-23 09:11:00,68.9006,68.96,68.9,68.9,350
2026-07-23 09:12:00,68.94,68.94,68.902,68.902,3976
2026-07-23 09:13:00,68.95,68.95,68.92,68.92,1025
2026-07-23 09:14:00,68.93,68.94,68.913,68.94,1274
2026-07-23 09:15:00,68.92,68.92,68.9,68.9044,537
2026-07-23 09:16:00,68.93,68.93,68.91,68.93,688
2026-07-23 09:17:00,68.91,68.94,68.91,68.9131,1300
2026-07-23 09:18:00,68.91,68.91,68.9,68.9,300
2026-07-23 09:19:00,68.9,69.0,68.9,68.93,5909
2026-07-23 09:20:00,68.97,68.9897,68.91,68.94,1912
2026-07-23 09:21:00,68.94,68.94,68.87,68.87,2325
2026-07-23 09:22:00,68.87,68.88,68.85,68.88,16361
2026-07-23 09:23:00,68.87,68.885,68.87,68.88,45999
2026-07-23 09:24:00,68.87,68.89,68.87,68.87,3040
2026-07-23 09:25:00,69.0,69.05,68.9,68.9586,4692
2026-07-23 09:26:00,69.09,69.2854,69.09,69.2854,7444
2026-07-23 09:27:00,69.2668,69.2668,68.5858,68.63,10411
2026-07-23 09:28:00,68.56,68.56,68.41,68.434,34851
2026-07-23 09:29:00,68.56,68.61,68.51,68.58,10917
2026-07-23 09:30:00,68.57,68.645,68.0,68.03,837887
2026-07-23 09:31:00,68.01,68.055,67.67,67.92,296928
2026-07-23 09:32:00,67.95,68.135,67.9,67.94,196847
2026-07-23 09:33:00,67.94,68.38,67.9184,68.35,99260
2026-07-23 09:34:00,68.35,68.55,68.29,68.46,117474
2026-07-23 09:35:00,68.44,68.51,68.38,68.495,130735
2026-07-23 09:36:00,68.505,68.65,68.35,68.44,176579
2026-07-23 09:37:00,68.4297,68.52,68.355,68.465,161723
2026-07-23 09:38:00,68.47,68.84,68.45,68.8,127710
2026-07-23 09:39:00,68.8,68.91,68.59,68.655,225413
2026-07-23 09:40:00,68.6496,68.8,68.595,68.68,155480
2026-07-23 09:41:00,68.665,68.71,68.52,68.705,88498
2026-07-23 09:42:00,68.705,68.93,68.69,68.835,99993
2026-07-23 09:43:00,68.85,68.8577,68.71,68.81,63361
2026-07-23 09:44:00,68.805,68.91,68.78,68.805,51728
2026-07-23 09:45:00,68.81,68.94,68.75,68.78,135636
2026-07-23 09:46:00,68.78,68.97,68.755,68.8841,91969
2026-07-23 09:47:00,68.885,69.075,68.88,68.9791,179701
2026-07-23 09:48:00,68.985,69.04,68.92,69.02,88019
2026-07-23 09:49:00,69.02,69.1139,68.9394,68.985,82072
2026-07-23 09:50:00,68.985,69.0299,68.9002,68.94,72153
2026-07-23 09:51:00,68.94,69.06,68.9101,69.06,106434
2026-07-23 09:52:00,69.065,69.14,68.97,68.98,101518
2026-07-23 09:53:00,68.974,68.98,68.765,68.775,56547
2026-07-23 09:54:00,68.775,68.81,68.74,68.78,53916
2026-07-23 09:55:00,68.78,68.9,68.7701,68.78,112472
2026-07-23 09:56:00,68.79,68.84,68.755,68.8,83486
2026-07-23 09:57:00,68.79,68.8,68.68,68.7599,58202
2026-07-23 09:58:00,68.74,68.78,68.705,68.73,67056
2026-07-23 09:59:00,68.73,68.74,68.665,68.69,62805
2026-07-23 10:00:00,68.7,68.715,68.61,68.61,84643
2026-07-23 10:01:00,68.61,68.65,68.58,68.64,91933
2026-07-23 10:02:00,68.6423,68.67,68.58,68.58,64452
2026-07-23 10:03:00,68.57,68.58,68.45,68.515,81193
2026-07-23 10:04:00,68.515,68.52,68.335,68.38,94732
2026-07-23 10:05:00,68.37,68.3735,68.25,68.32,84750
2026-07-23 10:06:00,68.335,68.38,68.3195,68.355,52353
2026-07-23 10:07:00,68.36,68.3799,68.295,68.315,67177
2026-07-23 10:08:00,68.31,68.365,68.275,68.35,95932
2026-07-23 10:09:00,68.345,68.375,68.315,68.35,83125
2026-07-23 10:10:00,68.35,68.36,68.3,68.325,54576
2026-07-23 10:11:00,68.325,68.49,68.26,68.48,136742
2026-07-23 10:12:00,68.48,68.48,68.325,68.355,59492
2026-07-23 10:13:00,68.36,68.38,68.28,68.295,60761
2026-07-23 10:14:00,68.295,68.345,68.23,68.33,81342
2026-07-23 10:15:00,68.33,68.4,68.2937,68.39,71813
2026-07-23 10:16:00,68.38,68.53,68.35,68.49,148644
2026-07-23 10:17:00,68.49,68.5458,68.48,68.49,51950
2026-07-23 10:18:00,68.49,68.53,68.47,68.51,32378
2026-07-23 10:19:00,68.5093,68.535,68.4706,68.486,120685
2026-07-23 10:20:00,68.48,68.48,68.385,68.42,69006
2026-07-23 10:21:00,68.415,68.415,68.29,68.33,111549
2026-07-23 10:22:00,68.32,68.36,68.28,68.3051,132989
2026-07-23 10:23:00,68.31,68.34,68.29,68.315,114555
2026-07-23 10:24:00,68.315,68.36,68.305,68.315,41898
2026-07-23 10:25:00,68.315,68.315,68.26,68.275,136555
2026-07-23 10:26:00,68.28,68.405,68.265,68.37,61817
2026-07-23 10:27:00,68.36,68.455,68.35,68.44,67927
2026-07-23 10:28:00,68.44,68.54,68.43,68.52,62115
2026-07-23 10:29:00,68.52,68.555,68.51,68.54,59489
2026-07-23 10:30:00,68.545,68.75,68.515,68.74,117622
2026-07-23 10:31:00,68.74,68.79,68.59,68.69,166550
2026-07-23 10:32:00,68.7,68.75,68.6,68.665,80137
2026-07-23 10:33:00,68.66,68.7099,68.64,68.69,36540
2026-07-23 10:34:00,68.695,68.705,68.6,68.7,79481
2026-07-23 10:35:00,68.7,68.7199,68.61,68.69,116205
2026-07-23 10:36:00,68.69,68.78,68.5923,68.61,75149
2026-07-23 10:37:00,68.61,68.71,68.59,68.69,28827
2026-07-23 10:38:00,68.69,68.72,68.66,68.71,30020
2026-07-23 10:39:00,68.715,68.74,68.66,68.66,30463
2026-07-23 10:40:00,68.65,68.66,68.54,68.54,34293
2026-07-23 10:41:00,68.54,68.71,68.54,68.685,136894
2026-07-23 10:42:00,68.7,68.71,68.65,68.705,45163
2026-07-23 10:43:00,68.7076,68.725,68.65,68.695,61875
2026-07-23 10:44:00,68.695,68.88,68.65,68.81,188604
2026-07-23 10:45:00,68.81,68.88,68.79,68.86,43222
2026-07-23 10:46:00,68.87,68.9,68.82,68.86,67544
2026-07-23 10:47:00,68.8688,69.0,68.86,68.88,183251
2026-07-23 10:48:00,68.88,68.91,68.85,68.8799,67206
2026-07-23 10:49:00,68.8799,68.8799,68.72,68.744,47847
2026-07-23 10:50:00,68.75,68.805,68.72,68.77,56271
2026-07-23 10:51:00,68.77,68.77,68.735,68.76,55164
2026-07-23 10:52:00,68.76,68.772,68.73,68.74,37038
2026-07-23 10:53:00,68.74,68.82,68.74,68.8003,26944
2026-07-23 10:54:00,68.8,68.815,68.75,68.78,48603
2026-07-23 10:55:00,68.7813,68.83,68.75,68.77,52338
2026-07-23 10:56:00,68.78,68.78,68.71,68.71,24183
2026-07-23 10:57:00,68.715,68.76,68.7,68.76,29363
2026-07-23 10:58:00,68.77,68.78,68.73,68.745,34612
2026-07-23 10:59:00,68.7401,68.77,68.73,68.75,74346
2026-07-23 11:00:00,68.75,68.775,68.72,68.725,52924
2026-07-23 11:01:00,68.725,68.73,68.64,68.69,76805
2026-07-23 11:02:00,68.7,68.7251,68.675,68.71,84120
2026-07-23 11:03:00,68.71,68.735,68.67,68.6799,61026
2026-07-23 11:04:00,68.6701,68.6999,68.65,68.675,38049
2026-07-23 11:05:00,68.6715,68.73,68.665,68.71,110674
2026-07-23 11:06:00,68.72,68.73,68.645,68.66,63215
2026-07-23 11:07:00,68.665,68.72,68.665,68.715,86436
2026-07-23 11:08:00,68.71,68.72,68.67,68.685,40464
2026-07-23 11:09:00,68.685,68.69,68.65,68.655,61946
2026-07-23 11:10:00,68.655,68.68,68.6343,68.665,96091
2026-07-23 11:11:00,68.665,68.73,68.645,68.705,45912
2026-07-23 11:12:00,68.705,68.78,68.7,68.7199,30565
2026-07-23 11:13:00,68.715,68.74,68.69,68.735,63465
2026-07-23 11:14:00,68.73,68.79,68.72,68.765,61839
2026-07-23 11:15:00,68.755,68.78,68.73,68.77,38033
2026-07-23 11:16:00,68.775,68.7799,68.734,68.76,63154
2026-07-23 11:17:00,68.76,68.765,68.69,68.735,34457
2026-07-23 11:18:00,68.735,68.76,68.735,68.745,32086
2026-07-23 11:19:00,68.745,68.765,68.69,68.74,50090
2026-07-23 11:20:00,68.7303,68.77,68.6805,68.725,35120
2026-07-23 11:21:00,68.73,68.75,68.73,68.735,14787
2026-07-23 11:22:00,68.735,68.76,68.655,68.66,56933
2026-07-23 11:23:00,68.665,68.68,68.655,68.6751,26503
2026-07-23 11:24:00,68.6799,68.68,68.65,68.665,44970
2026-07-23 11:25:00,68.6651,68.6699,68.62,68.625,149810
2026-07-23 11:26:00,68.625,68.695,68.59,68.695,146005
2026-07-23 11:27:00,68.695,68.695,68.625,68.655,83992
2026-07-23 11:28:00,68.655,68.695,68.635,68.685,54169
2026-07-23 11:29:00,68.685,68.685,68.64,68.68,45872
2026-07-23 11:30:00,68.68,68.6999,68.64,68.6675,67534
2026-07-23 11:31:00,68.6688,68.75,68.66,68.745,57324
2026-07-23 11:32:00,68.745,68.78,68.725,68.735,42647
2026-07-23 11:33:00,68.735,68.7357,68.705,68.73,28358
2026-07-23 11:34:00,68.735,68.84,68.705,68.84,31998
2026-07-23 11:35:00,68.83,68.83,68.8,68.82,44425
2026-07-23 11:36:00,68.82,68.82,68.78,68.8,39488
2026-07-23 11:37:00,68.8,68.9,68.8,68.885,45231
2026-07-23 11:38:00,68.885,68.92,68.8103,68.835,35114
2026-07-23 11:39:00,68.835,68.85,68.76,68.815,88870
2026-07-23 11:40:00,68.81,68.815,68.77,68.8,29753
2026-07-23 11:41:00,68.79,68.7961,68.76,68.7924,26584
2026-07-23 11:42:00,68.79,68.8,68.7,68.72,28775
2026-07-23 11:43:00,68.715,68.775,68.715,68.7628,81415
2026-07-23 11:44:00,68.775,68.805,68.7699,68.785,20608
2026-07-23 11:45:00,68.785,68.805,68.76,68.7942,29868
2026-07-23 11:46:00,68.8,68.825,68.79,68.8,32633
2026-07-23 11:47:00,68.79,68.825,68.785,68.795,32568
2026-07-23 11:48:00,68.795,68.8,68.765,68.775,22832
2026-07-23 11:49:00,68.777,68.78,68.74,68.765,38983
2026-07-23 11:50:00,68.765,68.805,68.7,68.7299,54196
2026-07-23 11:51:00,68.715,68.7201,68.6612,68.7,36623
2026-07-23 11:52:00,68.695,68.725,68.6801,68.725,28269
2026-07-23 11:53:00,68.725,68.745,68.71,68.71,25303
2026-07-23 11:54:00,68.715,68.72,68.665,68.685,50606
2026-07-23 11:55:00,68.6801,68.685,68.5401,68.55,116563
2026-07-23 11:56:00,68.55,68.56,68.48,68.5,80510
2026-07-23 11:57:00,68.5,68.505,68.4101,68.4578,38713
2026-07-23 11:58:00,68.455,68.485,68.44,68.485,24017
2026-07-23 11:59:00,68.485,68.4986,68.4225,68.4241,49715
2026-07-23 12:00:00,68.42,68.44,68.405,68.43,44075
2026-07-23 12:01:00,68.425,68.515,68.4,68.515,63610
2026-07-23 12:02:00,68.515,68.52,68.41,68.415,23046
2026-07-23 12:03:00,68.42,68.42,68.335,68.375,38223
2026-07-23 12:04:00,68.375,68.395,68.35,68.3651,39269
2026-07-23 12:05:00,68.37,68.42,68.37,68.4061,33607
2026-07-23 12:06:00,68.41,68.45,68.385,68.395,108502
2026-07-23 12:07:00,68.3923,68.46,68.385,68.385,57043
2026-07-23 12:08:00,68.39,68.415,68.365,68.365,19544
2026-07-23 12:09:00,68.365,68.415,68.364,68.405,24605
2026-07-23 12:10:00,68.41,68.47,68.335,68.385,114206
2026-07-23 12:11:00,68.38,68.44,68.38,68.435,47411
2026-07-23 12:12:00,68.435,68.47,68.41,68.42,81396
2026-07-23 12:13:00,68.41,68.41,68.335,68.345,32032
2026-07-23 12:14:00,68.345,68.415,68.29,68.415,91971
2026-07-23 12:15:00,68.415,68.45,68.4,68.41,107608
2026-07-23 12:16:00,68.415,68.42,68.355,68.415,34206
2026-07-23 12:17:00,68.415,68.46,68.4,68.44,71190
2026-07-23 12:18:00,68.44,68.44,68.37,68.37,29933
2026-07-23 12:19:00,68.375,68.61,68.375,68.5995,250188
2026-07-23 12:20:00,68.59,68.66,68.52,68.645,141981
2026-07-23 12:21:00,68.66,68.6999,68.64,68.655,24153
2026-07-23 12:22:00,68.66,68.68,68.6,68.6001,25767
2026-07-23 12:23:00,68.605,68.605,68.53,68.5898,41982
2026-07-23 12:24:00,68.59,68.63,68.57,68.63,80549
2026-07-23 12:25:00,68.63,68.66,68.605,68.615,35490
2026-07-23 12:26:00,68.615,68.6161,68.59,68.615,18020
2026-07-23 12:27:00,68.615,68.615,68.55,68.5699,36153
2026-07-23 12:28:00,68.575,68.575,68.555,68.555,22376
2026-07-23 12:29:00,68.56,68.57,68.51,68.515,22351
2026-07-23 12:30:00,68.515,68.645,68.515,68.635,75768
2026-07-23 12:31:00,68.6373,68.65,68.61,68.615,23136
2026-07-23 12:32:00,68.61,68.61,68.5999,68.605,26770
2026-07-23 12:33:00,68.605,68.61,68.54,68.545,34529
2026-07-23 12:34:00,68.55,68.58,68.525,68.53,46467
2026-07-23 12:35:00,68.525,68.55,68.5,68.505,130458
2026-07-23 12:36:00,68.505,68.53,68.5,68.515,54659
2026-07-23 12:37:00,68.515,68.53,68.505,68.515,31918
2026-07-23 12:38:00,68.515,68.52,68.5,68.5,65251
2026-07-23 12:39:00,68.5,68.54,68.5,68.515,63862
2026-07-23 12:40:00,68.515,68.535,68.49,68.495,37742
2026-07-23 12:41:00,68.495,68.515,68.49,68.5,61001
2026-07-23 12:42:00,68.5,68.525,68.49,68.52,68207
2026-07-23 12:43:00,68.51,68.57,68.51,68.57,30796
2026-07-23 12:44:00,68.565,68.625,68.565,68.625,35149
2026-07-23 12:45:00,68.625,68.685,68.625,68.635,28027
2026-07-23 12:46:00,68.64,68.6599,68.62,68.63,17367
2026-07-23 12:47:00,68.625,68.68,68.615,68.6599,38316
2026-07-23 12:48:00,68.65,68.65,68.63,68.645,23027
2026-07-23 12:49:00,68.645,68.645,68.58,68.58,26089
2026-07-23 12:50:00,68.585,68.66,68.57,68.66,44019
2026-07-23 12:51:00,68.66,68.69,68.65,68.69,28136
2026-07-23 12:52:00,68.68,68.6999,68.6249,68.64,27844
2026-07-23 12:53:00,68.635,68.685,68.63,68.68,29379
2026-07-23 12:54:00,68.675,68.68,68.65,68.675,36774
2026-07-23 12:55:00,68.67,68.725,68.665,68.71,56161
2026-07-23 12:56:00,68.715,68.715,68.685,68.685,18409
2026-07-23 12:57:00,68.685,68.7,68.635,68.635,24882
2026-07-23 12:58:00,68.635,68.67,68.62,68.6278,31830
2026-07-23 12:59:00,68.63,68.8265,68.63,68.8265,127809
2026-07-23 13:00:00,68.825,68.88,68.805,68.83,135053
2026-07-23 13:01:00,68.825,68.845,68.8,68.84,35893
2026-07-23 13:02:00,68.83,68.92,68.82,68.91,43877
2026-07-23 13:03:00,68.9121,68.915,68.855,68.855,41053
2026-07-23 13:04:00,68.8503,68.92,68.8503,68.885,33751
2026-07-23 13:05:00,68.885,68.94,68.885,68.93,45279
2026-07-23 13:06:00,68.93,68.93,68.885,68.885,25237
2026-07-23 13:07:00,68.885,68.91,68.87,68.89,33692
2026-07-23 13:08:00,68.885,68.93,68.885,68.905,30778
2026-07-23 13:09:00,68.905,68.945,68.89,68.945,23537
2026-07-23 13:10:00,68.9463,68.96,68.93,68.94,29222
2026-07-23 13:11:00,68.935,68.9453,68.88,68.885,28070
2026-07-23 13:12:00,68.88,68.89,68.855,68.865,22474
2026-07-23 13:13:00,68.865,68.87,68.825,68.855,42660
2026-07-23 13:14:00,68.855,68.89,68.855,68.885,32559
2026-07-23 13:15:00,68.88,68.89,68.85,68.885,16684
2026-07-23 13:16:00,68.885,68.95,68.875,68.9,46726
2026-07-23 13:17:00,68.905,68.925,68.8705,68.875,21770
2026-07-23 13:18:00,68.8701,68.8701,68.835,68.8372,25179
2026-07-23 13:19:00,68.84,68.875,68.835,68.875,30386
2026-07-23 13:20:00,68.875,68.89,68.855,68.885,30605
2026-07-23 13:21:00,68.895,68.9,68.875,68.88,20557
2026-07-23 13:22:00,68.885,68.89,68.865,68.865,20533
2026-07-23 13:23:00,68.86,68.895,68.83,68.8875,42356
2026-07-23 13:24:00,68.8875,69.0542,68.885,69.035,145053
2026-07-23 13:25:00,69.035,69.065,69.0222,69.065,33847
2026-07-23 13:26:00,69.06,69.065,69.05,69.055,17233
2026-07-23 13:27:00,69.05,69.06,69.03,69.055,29682
2026-07-23 13:28:00,69.055,69.1079,69.055,69.1079,29036
2026-07-23 13:29:00,69.1064,69.12,69.08,69.0994,33355
2026-07-23 13:30:00,69.095,69.13,69.09,69.12,35494
2026-07-23 13:31:00,69.1166,69.17,69.11,69.15,46264
2026-07-23 13:32:00,69.145,69.18,69.11,69.17,74368
2026-07-23 13:33:00,69.18,69.21,69.175,69.175,46151
2026-07-23 13:34:00,69.17,69.1998,69.135,69.145,33838
2026-07-23 13:35:00,69.145,69.145,69.09,69.1199,55377
2026-07-23 13:36:00,69.12,69.13,69.105,69.125,42617
2026-07-23 13:37:00,69.125,69.13,69.1101,69.125,30191
2026-07-23 13:38:00,69.129,69.1599,69.125,69.125,46936
2026-07-23 13:39:00,69.125,69.1562,69.085,69.1,40936
2026-07-23 13:40:00,69.1,69.11,69.075,69.085,32533
2026-07-23 13:41:00,69.0851,69.1,68.995,69.0861,121633
2026-07-23 13:42:00,69.09,69.12,69.08,69.115,19431
2026-07-23 13:43:00,69.12,69.18,69.12,69.18,60974
2026-07-23 13:44:00,69.185,69.2,69.17,69.1801,50006
2026-07-23 13:45:00,69.18,69.21,69.17,69.205,41144
2026-07-23 13:46:00,69.205,69.24,69.2035,69.2199,32442
2026-07-23 13:47:00,69.215,69.225,69.16,69.1699,43636
2026-07-23 13:48:00,69.165,69.17,69.13,69.145,26906
2026-07-23 13:49:00,69.145,69.175,69.14,69.155,32959
2026-07-23 13:50:00,69.1501,69.19,69.145,69.185,29547
2026-07-23 13:51:00,69.18,69.185,69.13,69.13,29594
2026-07-23 13:52:00,69.13,69.155,69.12,69.155,25436
2026-07-23 13:53:00,69.1501,69.18,69.15,69.15,53778
2026-07-23 13:54:00,69.155,69.17,69.1511,69.155,14557
2026-07-23 13:55:00,69.155,69.17,69.14,69.165,28075
2026-07-23 13:56:00,69.165,69.175,69.13,69.1436,24639
2026-07-23 13:57:00,69.145,69.15,69.13,69.145,41881
2026-07-23 13:58:00,69.145,69.17,69.13,69.16,36580
2026-07-23 13:59:00,69.15,69.19,69.14,69.185,28962
2026-07-23 14:00:00,69.185,69.2197,69.18,69.2099,17536
2026-07-23 14:01:00,69.205,69.23,69.2,69.21,50238
2026-07-23 14:02:00,69.21,69.295,69.2,69.275,55073
2026-07-23 14:03:00,69.275,69.33,69.26,69.305,28517
2026-07-23 14:04:00,69.31,69.33,69.295,69.32,28603
2026-07-23 14:05:00,69.3101,69.3299,69.3001,69.305,29763
2026-07-23 14:06:00,69.305,69.355,69.3003,69.305,34752
2026-07-23 14:07:00,69.3,69.315,69.275,69.305,41054
2026-07-23 14:08:00,69.305,69.31,69.26,69.275,39464
2026-07-23 14:09:00,69.275,69.295,69.26,69.295,51449
2026-07-23 14:10:00,69.291,69.33,69.291,69.315,58945
2026-07-23 14:11:00,69.3197,69.3197,69.28,69.28,27228
2026-07-23 14:12:00,69.28,69.29,69.25,69.28,53997
2026-07-23 14:13:00,69.29,69.29,69.23,69.25,43217
2026-07-23 14:14:00,69.235,69.2551,69.22,69.235,51480
2026-07-23 14:15:00,69.235,69.2561,69.23,69.245,66355
2026-07-23 14:16:00,69.245,69.27,69.22,69.225,113780
2026-07-23 14:17:00,69.23,69.28,69.195,69.275,138156
2026-07-23 14:18:00,69.275,69.295,69.26,69.265,50303
2026-07-23 14:19:00,69.2601,69.275,69.21,69.21,18185
2026-07-23 14:20:00,69.215,69.215,69.055,69.06,297413
2026-07-23 14:21:00,69.06,69.07,68.8625,68.895,157006
2026-07-23 14:22:00,68.9,68.97,68.86,68.955,68133
2026-07-23 14:23:00,68.955,69.015,68.95,69.0,66989
2026-07-23 14:24:00,68.995,69.035,68.93,69.0199,83069
2026-07-23 14:25:00,69.015,69.11,69.015,69.05,55869
2026-07-23 14:26:00,69.0525,69.09,69.0525,69.075,28361
2026-07-23 14:27:00,69.075,69.095,69.055,69.06,34869
2026-07-23 14:28:00,69.0656,69.0899,69.055,69.085,20704
2026-07-23 14:29:00,69.085,69.105,69.055,69.06,38092
2026-07-23 14:30:00,69.07,69.09,69.03,69.085,44050
2026-07-23 14:31:00,69.085,69.0854,69.055,69.0551,32467
2026-07-23 14:32:00,69.05,69.06,69.03,69.035,26708
2026-07-23 14:33:00,69.0399,69.065,69.025,69.0401,30498
2026-07-23 14:34:00,69.045,69.0478,69.01,69.014,42576
2026-07-23 14:35:00,69.02,69.04,69.015,69.025,30542
2026-07-23 14:36:00,69.025,69.04,68.99,69.03,65660
2026-07-23 14:37:00,69.035,69.06,69.015,69.03,31060
2026-07-23 14:38:00,69.025,69.04,69.02,69.025,30898
2026-07-23 14:39:00,69.025,69.04,69.01,69.015,18813
2026-07-23 14:40:00,69.015,69.0199,68.98,69.005,83328
2026-07-23 14:41:00,69.005,69.01,68.99,69.005,53403
2026-07-23 14:42:00,69.005,69.025,68.985,69.02,81303
2026-07-23 14:43:00,69.015,69.035,68.985,69.035,51478
2026-07-23 14:44:00,69.035,69.04,69.014,69.03,25150
2026-07-23 14:45:00,69.04,69.08,69.04,69.05,65333
2026-07-23 14:46:00,69.05,69.13,69.035,69.0901,36609
2026-07-23 14:47:00,69.095,69.12,69.08,69.12,29699
2026-07-23 14:48:00,69.11,69.115,69.08,69.095,24091
2026-07-23 14:49:00,69.1,69.1299,69.09,69.125,13517
2026-07-23 14:50:00,69.13,69.145,69.1,69.11,27321
2026-07-23 14:51:00,69.115,69.165,69.11,69.16,42407
2026-07-23 14:52:00,69.155,69.175,69.15,69.165,27410
2026-07-23 14:53:00,69.1679,69.1679,69.14,69.16,42485
2026-07-23 14:54:00,69.16,69.19,69.145,69.145,45868
2026-07-23 14:55:00,69.145,69.169,69.14,69.145,28779
2026-07-23 14:56:00,69.15,69.17,69.145,69.17,44443
2026-07-23 14:57:00,69.165,69.17,69.15,69.16,25389
2026-07-23 14:58:00,69.155,69.1799,69.155,69.175,18568
2026-07-23 14:59:00,69.175,69.19,69.15,69.185,34004
2026-07-23 15:00:00,69.185,69.21,69.16,69.165,44636
2026-07-23 15:01:00,69.16,69.19,69.15,69.1581,25888
2026-07-23 15:02:00,69.155,69.17,69.155,69.165,18983
2026-07-23 15:03:00,69.165,69.17,69.14,69.145,35902
2026-07-23 15:04:00,69.145,69.15,69.12,69.125,50926
2026-07-23 15:05:00,69.1273,69.15,69.1205,69.145,21176
2026-07-23 15:06:00,69.1419,69.155,69.14,69.14,39738
2026-07-23 15:07:00,69.145,69.17,69.075,69.085,119984
2026-07-23 15:08:00,69.085,69.14,69.065,69.085,70193
2026-07-23 15:09:00,69.095,69.095,69.025,69.025,44394
2026-07-23 15:10:00,69.03,69.06,68.98,68.985,48253
2026-07-23 15:11:00,68.98,69.015,68.96,68.9899,39609
2026-07-23 15:12:00,68.985,68.995,68.945,68.945,21952
2026-07-23 15:13:00,68.945,68.955,68.93,68.93,38565
2026-07-23 15:14:00,68.935,68.95,68.925,68.95,34424
2026-07-23 15:15:00,68.945,68.95,68.885,68.905,61714
2026-07-23 15:16:00,68.905,68.91,68.875,68.895,51136
2026-07-23 15:17:00,68.895,68.92,68.8,68.885,160034
2026-07-23 15:18:00,68.89,68.925,68.855,68.865,82969
2026-07-23 15:19:00,68.8617,68.87,68.805,68.815,36672
2026-07-23 15:20:00,68.815,68.82,68.75,68.785,127369
2026-07-23 15:21:00,68.79,68.84,68.785,68.805,69239
2026-07-23 15:22:00,68.8099,68.82,68.755,68.805,52828
2026-07-23 15:23:00,68.805,68.83,68.79,68.7922,55756
2026-07-23 15:24:00,68.795,68.8,68.76,68.775,28508
2026-07-23 15:25:00,68.7723,68.775,68.75,68.755,33777
2026-07-23 15:26:00,68.755,68.805,68.755,68.795,71283
2026-07-23 15:27:00,68.8,68.84,68.8,68.835,30814
2026-07-23 15:28:00,68.835,68.86,68.8343,68.84,41819
2026-07-23 15:29:00,68.84,68.84,68.7586,68.7622,44715
2026-07-23 15:30:00,68.76,68.79,68.75,68.7825,49595
2026-07-23 15:31:00,68.785,68.785,68.71,68.72,44587
2026-07-23 15:32:00,68.725,68.74,68.69,68.705,73182
2026-07-23 15:33:00,68.7001,68.785,68.7001,68.772,62102
2026-07-23 15:34:00,68.78,68.78,68.7512,68.755,36422
2026-07-23 15:35:00,68.755,68.77,68.685,68.7,65995
2026-07-23 15:36:00,68.7,68.705,68.6,68.6,46163
2026-07-23 15:37:00,68.601,68.605,68.54,68.545,46933
2026-07-23 15:38:00,68.545,68.58,68.48,68.5165,89797
2026-07-23 15:39:00,68.515,68.535,68.5,68.515,92677
2026-07-23 15:40:00,68.515,68.565,68.505,68.535,86228
2026-07-23 15:41:00,68.53,68.535,68.5,68.515,88725
2026-07-23 15:42:00,68.5199,68.5499,68.475,68.485,70669
2026-07-23 15:43:00,68.49,68.6,68.46,68.5399,304939
2026-07-23 15:44:00,68.5351,68.655,68.53,68.62,58766
2026-07-23 15:45:00,68.615,68.7475,68.605,68.695,129323
2026-07-23 15:46:00,68.695,68.72,68.59,68.6,114865
2026-07-23 15:47:00,68.6,68.61,68.56,68.575,47770
2026-07-23 15:48:00,68.575,68.58,68.55,68.565,48546
2026-07-23 15:49:00,68.56,68.56,68.5332,68.555,41066
2026-07-23 15:50:00,68.56,68.67,68.55,68.665,180889
2026-07-23 15:51:00,68.665,68.715,68.635,68.705,73115
2026-07-23 15:52:00,68.71,68.73,68.685,68.705,91578
2026-07-23 15:53:00,68.7,68.735,68.69,68.725,77475
2026-07-23 15:54:00,68.725,68.85,68.71,68.84,136814
2026-07-23 15:55:00,68.85,68.96,68.85,68.88,253004
2026-07-23 15:56:00,68.875,68.98,68.875,68.935,136258
2026-07-23 15:57:00,68.935,68.96,68.895,68.95,161344
2026-07-23 15:58:00,68.95,69.01,68.94,68.96,310343
2026-07-23 15:59:00,68.96,68.96,68.86,68.865,700618
2026-07-23 16:00:00,68.865,68.9,68.865,68.8861,5525908
2026-07-23 16:01:00,68.91,68.98,68.82,68.91,4020
2026-07-23 16:02:00,68.92,68.92,68.91,68.91,920
2026-07-23 16:03:00,68.8822,68.8822,68.56,68.56,7152
2026-07-23 16:04:00,68.56,68.75,68.5317,68.65,5607
2026-07-23 16:05:00,68.6,68.68,68.5869,68.63,1534
2026-07-23 16:06:00,68.62,68.7895,68.6,68.7895,2547
2026-07-23 16:07:00,68.62,68.79,68.4,68.51,3475
2026-07-23 16:08:00,68.51,68.5145,68.51,68.51,702
2026-07-23 16:09:00,68.5395,68.5395,68.52,68.52,561
2026-07-23 16:10:00,68.55,68.62,68.55,68.62,2524
2026-07-23 16:11:00,68.5691,68.63,68.44,68.63,1244
2026-07-23 16:12:00,68.42,68.5013,68.37,68.37,1112
2026-07-23 16:13:00,68.4984,68.4984,68.4,68.4161,1032
2026-07-23 16:14:00,68.41,68.5,68.4,68.4222,864
2026-07-23 16:15:00,68.6,68.6,68.55,68.55,700
2026-07-23 16:16:00,68.45,68.45,68.45,68.45,164
2026-07-23 16:17:00,68.55,68.55,68.5,68.5,545
2026-07-23 16:18:00,68.54,68.54,68.4,68.4,1351
2026-07-23 16:19:00,68.36,68.38,68.36,68.38,229
2026-07-23 16:20:00,68.4,68.48,68.4,68.48,1150
2026-07-23 16:21:00,68.42,68.47,68.42,68.47,2434
2026-07-23 16:22:00,68.47,68.5308,68.45,68.45,957
2026-07-23 16:23:00,68.46,68.6,68.46,68.6,866
2026-07-23 16:24:00,68.6,68.6,68.4817,68.5535,2100
2026-07-23 16:25:00,68.6,68.6,68.47,68.47,535
2026-07-23 16:26:00,68.45,68.5345,68.45,68.5345,1541
2026-07-23 16:27:00,68.54,68.54,68.4655,68.4655,400
2026-07-23 16:28:00,68.5345,68.5345,68.5,68.5,281
2026-07-23 16:29:00,68.52,68.52,68.52,68.52,188
2026-07-23 16:30:00,68.4655,68.55,68.4655,68.55,686
2026-07-23 16:31:00,68.55,68.55,68.55,68.55,644
2026-07-23 16:32:00,68.5997,68.6,68.59,68.59,750
2026-07-23 16:33:00,68.59,68.59,68.59,68.59,200
2026-07-23 16:34:00,68.59,68.6,68.58,68.6,2453
2026-07-23 16:36:00,68.67,68.67,68.65,68.65,3494
2026-07-23 16:37:00,68.6092,68.64,68.6092,68.64,548
2026-07-23 16:38:00,68.66,68.66,68.66,68.66,100
2026-07-23 16:39:00,68.65,68.65,68.65,68.65,1000
2026-07-23 16:42:00,68.6621,68.6621,68.6621,68.6621,300
2026-07-23 16:44:00,68.55,68.55,68.55,68.55,100
2026-07-23 16:45:00,68.6199,68.6199,68.6199,68.6199,642
2026-07-23 16:46:00,68.6399,68.6399,68.6399,68.6399,725
2026-07-23 16:49:00,68.56,68.56,68.56,68.56,164
2026-07-23 16:50:00,68.5264,68.56,68.5264,68.5388,2310
2026-07-23 16:53:00,68.5499,68.5499,68.5499,68.5499,150
2026-07-23 16:54:00,68.49,68.52,68.49,68.5101,3889
2026-07-23 16:55:00,68.51,68.51,68.51,68.51,300
2026-07-23 16:56:00,68.45,68.5,68.45,68.4763,640
2026-07-23 16:57:00,68.55,68.58,68.55,68.58,4819
2026-07-23 16:58:00,68.47,68.53,68.47,68.53,523
2026-07-23 16:59:00,68.5007,68.5007,68.5007,68.5007,656
2026-07-23 17:01:00,68.6,68.6,68.6,68.6,100
2026-07-23 17:02:00,68.5,68.58,68.5,68.58,300
2026-07-23 17:03:00,68.52,68.55,68.5011,68.5011,770
2026-07-23 17:04:00,68.4958,68.5,68.4958,68.5,200
2026-07-23 17:05:00,68.45,68.45,68.45,68.45,146
2026-07-23 17:06:00,68.45,68.4528,68.45,68.45,500
2026-07-23 17:07:00,68.41,68.41,68.4,68.4,1111
2026-07-23 17:08:00,68.438,68.438,68.438,68.438,100
2026-07-23 17:11:00,68.4913,68.5,68.4913,68.5,500
2026-07-23 17:13:00,68.45,68.45,68.45,68.45,100
2026-07-23 17:14:00,68.5,68.5,68.5,68.5,5000
2026-07-23 17:15:00,68.4514,68.4514,68.4514,68.4514,100
2026-07-23 17:17:00,68.55,68.55,68.55,68.55,200
2026-07-23 17:18:00,68.54,68.55,68.54,68.55,1173
2026-07-23 17:20:00,68.5301,68.6328,68.5301,68.6328,700
2026-07-23 17:21:00,68.6062,68.63,68.6062,68.63,256
2026-07-23 17:22:00,68.62,68.62,68.61,68.61,500
2026-07-23 17:23:00,68.63,68.63,68.63,68.63,100
2026-07-23 17:27:00,68.56,68.56,68.56,68.56,106
2026-07-23 17:29:00,68.61,68.63,68.61,68.63,500
2026-07-23 17:30:00,68.63,68.63,68.6,68.6,200
2026-07-23 17:31:00,68.55,68.55,68.55,68.55,290
2026-07-23 17:33:00,68.6238,68.6238,68.6238,68.6238,100
2026-07-23 17:34:00,68.51,68.63,68.51,68.63,6320
2026-07-23 17:36:00,68.6215,68.6215,68.6215,68.6215,200
2026-07-23 17:38:00,68.55,68.55,68.55,68.55,100
2026-07-23 17:39:00,68.63,68.63,68.6299,68.6299,1700
2026-07-23 17:40:00,68.63,68.63,68.6,68.6,200
2026-07-23 17:43:00,68.63,68.63,68.5805,68.5805,1620
2026-07-23 17:44:00,68.5877,68.5877,68.5877,68.5877,100
2026-07-23 17:45:00,68.5816,68.5816,68.5816,68.5816,100
2026-07-23 17:46:00,68.5877,68.5877,68.5877,68.5877,300
2026-07-23 17:47:00,68.59,68.59,68.59,68.59,1480
2026-07-23 17:50:00,68.59,68.59,68.51,68.51,380
2026-07-23 17:52:00,68.6,68.6,68.6,68.6,102
2026-07-23 17:53:00,68.62,68.63,68.62,68.63,1449
2026-07-23 17:54:00,68.6007,68.6007,68.6007,68.6007,100
2026-07-23 17:55:00,68.63,68.63,68.611,68.63,1100
2026-07-23 17:58:00,68.63,68.63,68.63,68.63,142
2026-07-23 17:59:00,68.6,68.6,68.6,68.6,140
2026-07-23 18:00:00,68.62,68.63,68.6,68.6,1010
2026-07-23 18:01:00,68.62,68.62,68.62,68.62,451
2026-07-23 18:04:00,68.63,68.63,68.63,68.63,200
2026-07-23 18:05:00,68.51,68.51,68.51,68.51,470
2026-07-23 18:06:00,68.55,68.55,68.55,68.55,150
2026-07-23 18:08:00,68.5273,68.5273,68.5273,68.5273,110
2026-07-23 18:10:00,68.51,68.51,68.51,68.51,100
2026-07-23 18:12:00,68.62,68.6299,68.62,68.6299,244
2026-07-23 18:14:00,68.63,68.63,68.63,68.63,100
2026-07-23 18:15:00,68.6161,68.6161,68.5498,68.5498,1900
2026-07-23 18:17:00,68.6,68.6,68.6,68.6,105
2026-07-23 18:19:00,68.6,68.6,68.6,68.6,224
2026-07-23 18:21:00,68.5782,68.5782,68.5782,68.5782,100
2026-07-23 18:23:00,68.6092,68.6092,68.5608,68.5608,300
2026-07-23 18:24:00,68.6,68.6,68.6,68.6,400
2026-07-23 18:25:00,68.6193,68.6193,68.6193,68.6193,308
2026-07-23 18:27:00,68.57,68.62,68.55,68.62,1747
2026-07-23 18:29:00,68.6,68.6,68.58,68.6,508
2026-07-23 18:30:00,68.62,68.63,68.55,68.55,1916
2026-07-23 18:31:00,68.55,68.55,68.55,68.55,100
2026-07-23 18:32:00,68.63,68.63,68.63,68.63,200
2026-07-23 18:33:00,68.63,68.63,68.63,68.63,100
2026-07-23 18:35:00,68.61,68.61,68.61,68.61,100
2026-07-23 18:37:00,68.64,68.64,68.64,68.64,115
2026-07-23 18:39:00,68.64,68.64,68.64,68.64,1000
2026-07-23 18:42:00,68.5816,68.5816,68.5816,68.5816,100
2026-07-23 18:43:00,68.5816,68.5816,68.5658,68.5658,300
2026-07-23 18:44:00,68.5655,68.5655,68.5655,68.5655,130
2026-07-23 18:50:00,68.5635,68.5635,68.5635,68.5635,250
2026-07-23 18:51:00,68.62,68.62,68.62,68.62,174
2026-07-23 18:54:00,68.6375,68.6375,68.6375,68.6375,100
2026-07-23 18:55:00,68.63,68.6399,68.63,68.6399,4164
2026-07-23 18:56:00,68.6348,68.6348,68.6348,68.6348,105
2026-07-23 18:58:00,68.64,68.65,68.64,68.65,328
2026-07-23 18:59:00,68.63,68.6498,68.63,68.6497,1087
2026-07-23 19:00:00,68.65,68.65,68.65,68.65,328
2026-07-23 19:03:00,68.553,68.553,68.553,68.553,700
2026-07-23 19:05:00,68.61,68.61,68.61,68.61,225
2026-07-23 19:07:00,68.6499,68.6499,68.6499,68.6499,300
2026-07-23 19:11:00,68.56,68.56,68.56,68.56,100
2026-07-23 19:12:00,68.58,68.58,68.58,68.58,478
2026-07-23 19:15:00,68.6,68.6,68.6,68.6,300
2026-07-23 19:17:00,68.5628,68.5628,68.5628,68.5628,100
2026-07-23 19:18:00,68.5704,68.5704,68.5704,68.5704,994
2026-07-23 19:24:00,68.63,68.63,68.6001,68.6001,1291
2026-07-23 19:27:00,68.6007,68.63,68.6007,68.63,1050
2026-07-23 19:29:00,68.61,68.61,68.61,68.61,100
2026-07-23 19:30:00,68.6039,68.63,68.6,68.6015,1268
2026-07-23 19:34:00,68.5567,68.5567,68.5567,68.5567,113
2026-07-23 19:37:00,68.6176,68.6176,68.6176,68.6176,500
2026-07-23 19:38:00,68.6,68.6,68.6,68.6,121
2026-07-23 19:39:00,68.59,68.6001,68.59,68.6001,200
2026-07-23 19:43:00,68.61,68.62,68.61,68.62,490
2026-07-23 19:44:00,68.615,68.63,68.6,68.6,2392
2026-07-23 19:45:00,68.6269,68.6269,68.6,68.62,1228
2026-07-23 19:46:00,68.63,68.63,68.63,68.63,100
2026-07-23 19:47:00,68.6285,68.6285,68.6285,68.6285,350
2026-07-23 19:48:00,68.62,68.62,68.62,68.62,1712
2026-07-23 19:49:00,68.6206,68.6206,68.6206,68.6206,150
2026-07-23 19:51:00,68.6001,68.6001,68.6001,68.6001,200
2026-07-23 19:56:00,68.6254,68.6254,68.6254,68.6254,100
