timestamp,open,high,low,close,volume
2026-07-09 04:00:00,398,398,394.6,397,31005
2026-07-09 04:01:00,397.22,397.91,394.58,397.15,4899
2026-07-09 04:02:00,397.4,397.4,394.31,396.11,7967
2026-07-09 04:03:00,394.93,397.2242,394.84,397.2,17787
2026-07-09 04:04:00,396.56,398,396.56,397.96,16526
2026-07-09 04:05:00,397.29,397.75,397.29,397.58,1922
2026-07-09 04:06:00,397.79,398,397.71,397.95,1024
2026-07-09 04:07:00,397.9446,397.96,397.8,397.8,838
2026-07-09 04:08:00,397.7554,397.86,397.7554,397.8,1192
2026-07-09 04:09:00,397.87,398.43,397.87,398.39,4758
2026-07-09 04:10:00,398.22,398.3,397.95,398.2,796
2026-07-09 04:11:00,398.15,398.15,398.15,398.15,200
2026-07-09 04:12:00,398.0254,398.0254,397.76,397.76,416
2026-07-09 04:13:00,397.84,397.84,397.58,397.61,3412
2026-07-09 04:14:00,397.6,398,397.5,397.5,894
2026-07-09 04:15:00,397.6,397.6,397.5,397.5,197
2026-07-09 04:16:00,397.66,397.8,397.66,397.8,307
2026-07-09 04:17:00,397.63,397.728,397.57,397.728,550
2026-07-09 04:18:00,397.44,397.44,397.21,397.22,3176
2026-07-09 04:19:00,397.22,397.22,396.9,396.9,1195
2026-07-09 04:20:00,396.9,396.9,396.8615,396.9,340
2026-07-09 04:21:00,396.98,396.98,396.89,396.89,225
2026-07-09 04:22:00,397.1,397.26,397.1,397.12,364
2026-07-09 04:23:00,397.18,397.18,397.18,397.18,210
2026-07-09 04:24:00,397.4,397.4,397.1558,397.1558,261
2026-07-09 04:25:00,397.38,397.38,397.38,397.38,100
2026-07-09 04:26:00,397.18,397.2,397.18,397.2,887
2026-07-09 04:27:00,397.43,397.43,397.3,397.43,290
2026-07-09 04:28:00,397.35,397.35,397.3,397.3,231
2026-07-09 04:29:00,397.35,397.35,397.35,397.35,43
2026-07-09 04:31:00,397.3674,397.4,397.36,397.4,394
2026-07-09 04:32:00,397.36,397.36,397.34,397.34,423
2026-07-09 04:34:00,397.3,397.3,397.3,397.3,90
2026-07-09 04:35:00,397,397.01,397,397,867
2026-07-09 04:36:00,396.82,396.82,396.82,396.82,40
2026-07-09 04:37:00,396.69,396.7,396.65,396.7,160
2026-07-09 04:38:00,396.65,396.65,396.65,396.65,40
2026-07-09 04:39:00,396.5,396.5014,396.4,396.4,666
2026-07-09 04:40:00,396.4,396.5,396.3962,396.3962,270
2026-07-09 04:41:00,396.5,396.5,396.48,396.5,208
2026-07-09 04:42:00,396.6,396.6,396.6,396.6,120
2026-07-09 04:43:00,396.6,396.8,396.6,396.8,265
2026-07-09 04:44:00,396.7633,396.86,396.7633,396.86,108
2026-07-09 04:45:00,396.69,396.69,396.5,396.5,282
2026-07-09 04:46:00,396.5,396.5,396.45,396.45,239
2026-07-09 04:48:00,396.08,396.08,396.05,396.05,220
2026-07-09 04:49:00,396.04,396.13,396,396.1,372
2026-07-09 04:50:00,396,396.05,395.98,396.05,512
2026-07-09 04:51:00,396.05,396.5911,396.05,396.5911,1932
2026-07-09 04:52:00,396.25,396.5,396.25,396.5,1261
2026-07-09 04:53:00,396.34,396.38,396.34,396.36,400
2026-07-09 04:54:00,396.33,396.33,396.33,396.33,100
2026-07-09 04:55:00,396.238,396.238,396.238,396.238,500
2026-07-09 04:56:00,396.39,396.5545,396.3,396.3,439
2026-07-09 04:58:00,396.5,396.5,396.45,396.48,200
2026-07-09 05:00:00,396.58,396.6,396.3,396.3,691
2026-07-09 05:01:00,396.2038,396.23,396.2038,396.23,1322
2026-07-09 05:02:00,396.23,396.5138,396.16,396.16,354
2026-07-09 05:03:00,396.01,396.19,396.01,396.11,837
2026-07-09 05:04:00,396.01,396.01,395.84,395.84,667
2026-07-09 05:05:00,395.85,396.01,395.8,396.01,348
2026-07-09 05:08:00,395.7,395.7,395.64,395.64,920
2026-07-09 05:09:00,395.75,395.75,395.56,395.56,207
2026-07-09 05:10:00,395.7,395.7,395.7,395.7,160
2026-07-09 05:11:00,395.82,395.82,395.71,395.71,111
2026-07-09 05:12:00,395.6347,395.6347,395.6347,395.6347,150
2026-07-09 05:13:00,395.69,395.69,395.55,395.55,440
2026-07-09 05:14:00,395.7188,395.7188,395.6,395.66,315
2026-07-09 05:15:00,395.6,395.6,395.6,395.6,100
2026-07-09 05:17:00,395.8,396,395.8,395.99,672
2026-07-09 05:18:00,396.07,396.07,396.03,396.04,471
2026-07-09 05:19:00,396.1,396.2686,396.0595,396.19,302
2026-07-09 05:20:00,396.212,396.212,396.212,396.212,420
2026-07-09 05:21:00,396.2,396.2,396.16,396.16,330
2026-07-09 05:22:00,396.016,396.016,396.0021,396.0021,560
2026-07-09 05:23:00,396.08,396.08,396.08,396.08,40
2026-07-09 05:24:00,396.04,396.04,396.04,396.04,135
2026-07-09 05:25:00,396.0001,396.04,395.8553,396.04,763
2026-07-09 05:27:00,396.22,396.22,396.1,396.1,90
2026-07-09 05:29:00,396.2,396.2,396.2,396.2,40
2026-07-09 05:30:00,396.1,396.1,396.06,396.06,229
2026-07-09 05:32:00,396.28,396.34,396.28,396.34,434
2026-07-09 05:34:00,396.38,396.38,396.15,396.15,420
2026-07-09 05:35:00,396.22,396.22,396.22,396.22,42
2026-07-09 05:36:00,396.15,396.15,396,396,390
2026-07-09 05:37:00,395.9929,396,395.9929,396,100
2026-07-09 05:39:00,395.9,395.9,395.9,395.9,87
2026-07-09 05:40:00,396,396,395.97,395.97,219
2026-07-09 05:41:00,395.96,395.96,395.8,395.8,450
2026-07-09 05:42:00,395.8593,395.8593,395.8,395.8,1458
2026-07-09 05:43:00,395.65,395.65,395.65,395.65,60
2026-07-09 05:44:00,395.87,395.87,395.87,395.87,80
2026-07-09 05:45:00,395.88,395.88,395.8014,395.8014,130
2026-07-09 05:46:00,395.81,395.81,395.81,395.81,47
2026-07-09 05:48:00,395.81,395.81,395.74,395.74,278
2026-07-09 05:50:00,395.76,395.76,395.76,395.76,43
2026-07-09 05:52:00,395.84,395.84,395.84,395.84,50
2026-07-09 05:53:00,395.88,395.88,395.82,395.82,94
2026-07-09 05:54:00,395.95,396,395.95,396,1833
2026-07-09 05:55:00,396.15,396.15,396.05,396.13,304
2026-07-09 05:56:00,396.11,396.11,396.11,396.11,100
2026-07-09 05:57:00,396.02,396.2,396.02,396.2,91
2026-07-09 05:58:00,396.058,396.058,396.058,396.058,300
2026-07-09 05:59:00,396.15,396.16,396.15,396.16,109
2026-07-09 06:00:00,396.11,396.11,396.11,396.11,50
2026-07-09 06:01:00,396.1,396.1,396.1,396.1,80
2026-07-09 06:05:00,396.19,396.19,396.06,396.125,131
2026-07-09 06:06:00,396.2,396.21,396.2,396.21,560
2026-07-09 06:07:00,396.2,396.2,396.2,396.2,50
2026-07-09 06:08:00,396.2,396.2,396.2,396.2,85
2026-07-09 06:09:00,396.18,396.2,396.18,396.2,606
2026-07-09 06:10:00,396.21,396.21,396.06,396.2,461
2026-07-09 06:11:00,396.08,396.08,396.06,396.06,465
2026-07-09 06:12:00,396.02,396.02,396,396,240
2026-07-09 06:13:00,395.8501,395.8501,395.8501,395.8501,600
2026-07-09 06:14:00,395.96,395.96,395.96,395.96,80
2026-07-09 06:15:00,395.91,395.91,395.875,395.875,155
2026-07-09 06:17:00,395.99,396,395.94,395.94,731
2026-07-09 06:18:00,396.08,396.0896,396.08,396.0896,307
2026-07-09 06:19:00,396.08,396.08,396.02,396.02,132
2026-07-09 06:20:00,396.16,396.16,396.16,396.16,150
2026-07-09 06:21:00,396,396,396,396,50
2026-07-09 06:22:00,396.1603,396.1603,396.1603,396.1603,150
2026-07-09 06:24:00,396.14,396.14,396.01,396.01,350
2026-07-09 06:25:00,395.97,395.99,395.97,395.99,100
2026-07-09 06:26:00,395.84,395.84,395.8,395.8,177
2026-07-09 06:27:00,395.82,395.82,395.8,395.8,641
2026-07-09 06:29:00,395.93,395.93,395.7,395.7,482
2026-07-09 06:30:00,395.6,395.6,395.33,395.33,1082
2026-07-09 06:31:00,395.3001,395.4069,395.3001,395.373,331
2026-07-09 06:32:00,395.3978,395.53,395.3978,395.53,96
2026-07-09 06:33:00,395.39,395.55,395.38,395.55,832
2026-07-09 06:34:00,395.85,395.85,395.85,395.85,62
2026-07-09 06:35:00,395.55,395.7,395.55,395.7,632
2026-07-09 06:37:00,395.77,395.77,395.77,395.77,108
2026-07-09 06:39:00,395.56,395.6,395.5444,395.6,464
2026-07-09 06:41:00,395.55,395.88,395.5,395.88,336
2026-07-09 06:42:00,395.59,395.59,395.59,395.59,50
2026-07-09 06:44:00,395.6963,395.6963,395.6963,395.6963,50
2026-07-09 06:46:00,395.4,395.4,395.11,395.4,1093
2026-07-09 06:47:00,395.5255,395.5255,395.2,395.365,132
2026-07-09 06:48:00,395.11,395.11,395.05,395.05,80
2026-07-09 06:49:00,395,395.05,394.8725,394.8725,3289
2026-07-09 06:50:00,394.95,394.99,394.86,394.875,431
2026-07-09 06:52:00,394.8,394.8599,394.75,394.75,158
2026-07-09 06:53:00,394.75,394.75,394.6,394.7,558
2026-07-09 06:54:00,394.6342,394.77,394.61,394.77,198
2026-07-09 06:55:00,394.68,394.68,394.64,394.64,380
2026-07-09 06:56:00,394.75,394.76,394.75,394.76,120
2026-07-09 06:58:00,394.89,394.9,394.89,394.9,140
2026-07-09 06:59:00,394.91,394.91,394.91,394.91,40
2026-07-09 07:00:00,395,395.68,394.9367,395.5,4141
2026-07-09 07:01:00,395.4501,395.4501,395.1104,395.24,2150
2026-07-09 07:02:00,395.24,395.45,395.24,395.3,469
2026-07-09 07:03:00,395.3159,395.49,395.3159,395.49,181
2026-07-09 07:04:00,395.3,395.32,395.12,395.2314,2565
2026-07-09 07:05:00,395.2,395.24,395.12,395.19,614
2026-07-09 07:06:00,395.217,395.2287,395.0372,395.0372,612
2026-07-09 07:07:00,395.0988,395.0988,395,395.05,1288
2026-07-09 07:08:00,394.89,394.8997,394.6,394.69,4510
2026-07-09 07:09:00,394.6,394.9558,394.5301,394.5301,3505
2026-07-09 07:10:00,394.96,394.97,394.5949,394.97,1603
2026-07-09 07:11:00,395.2363,395.2873,395,395.2873,1240
2026-07-09 07:12:00,395.2874,395.2874,395.16,395.16,245
2026-07-09 07:13:00,395.12,395.28,395.12,395.28,1463
2026-07-09 07:14:00,395.41,395.41,395.2,395.3,449
2026-07-09 07:15:00,395.24,395.3717,395.22,395.22,422
2026-07-09 07:16:00,395.22,395.374,395.22,395.3722,540
2026-07-09 07:17:00,395.33,395.37,395.2,395.2702,835
2026-07-09 07:18:00,395.29,395.29,395.2718,395.2718,150
2026-07-09 07:19:00,395.224,395.224,394.926,394.926,8625
2026-07-09 07:20:00,394.94,395.355,394.94,395.355,649
2026-07-09 07:21:00,395.04,395.1759,395,395,385
2026-07-09 07:22:00,395.0538,395.2,395.0538,395.1305,1291
2026-07-09 07:23:00,395.1,395.1,394.9,395,2539
2026-07-09 07:24:00,395.1,395.1,395,395,1572
2026-07-09 07:25:00,395,395.1,395,395,2452
2026-07-09 07:26:00,394.9344,394.9344,394.5,394.5,3290
2026-07-09 07:27:00,394.39,394.6791,394.3,394.3,9439
2026-07-09 07:28:00,394.3,394.3779,393.8661,393.9,37584
2026-07-09 07:29:00,393.9,394,393.9,394,1867
2026-07-09 07:30:00,394.05,394.05,393.8,393.8,1219
2026-07-09 07:31:00,393.77,394.14,393.77,394.101,2025
2026-07-09 07:32:00,394.18,394.28,394.15,394.274,785
2026-07-09 07:33:00,394.3,394.5,394.25,394.4564,2427
2026-07-09 07:34:00,394.4,394.5,394.37,394.5,400
2026-07-09 07:35:00,394.44,394.4781,394.3637,394.4,809
2026-07-09 07:36:00,394.38,394.45,394.3567,394.3567,373
2026-07-09 07:37:00,394.4877,394.4877,394.28,394.2994,668
2026-07-09 07:38:00,394.3,394.47,394.2,394.4,2746
2026-07-09 07:39:00,394.3,394.3,393.75,393.76,5016
2026-07-09 07:40:00,393.89,394.18,393.7001,394.04,4245
2026-07-09 07:41:00,394.2,394.3,394.135,394.135,2088
2026-07-09 07:42:00,394.09,394.4052,394,394.12,687
2026-07-09 07:43:00,394.4263,394.49,394.34,394.4,794
2026-07-09 07:44:00,394.49,394.5,394.34,394.34,868
2026-07-09 07:45:00,394.38,394.68,394.38,394.6769,1754
2026-07-09 07:46:00,394.6,394.8,394.55,394.55,3706
2026-07-09 07:47:00,394.7,394.7548,394.7,394.72,369
2026-07-09 07:48:00,394.79,394.883,394.79,394.87,996
2026-07-09 07:49:00,394.88,395,394.4,394.58,5528
2026-07-09 07:50:00,394.4957,394.81,394.4957,394.81,208
2026-07-09 07:51:00,394.82,394.95,394.77,394.9164,2051
2026-07-09 07:52:00,394.92,394.9675,394.7445,394.9675,1140
2026-07-09 07:53:00,394.98,395.09,394.94,395,1559
2026-07-09 07:54:00,394.94,395.09,394.9,394.9,631
2026-07-09 07:55:00,394.95,394.96,394.94,394.95,348
2026-07-09 07:56:00,394.9,394.9,394.86,394.86,927
2026-07-09 07:57:00,394.91,394.91,394.74,394.74,800
2026-07-09 07:58:00,394.8408,394.8408,394.79,394.79,634
2026-07-09 07:59:00,394.83,394.84,394.74,394.84,1357
2026-07-09 08:00:00,394.87,395.0987,394.87,395,2921
2026-07-09 08:01:00,395.072,395.0893,395.072,395.0893,100
2026-07-09 08:02:00,395.0877,395.2,395.0877,395.2,2578
2026-07-09 08:03:00,395.2001,395.26,395.1,395.18,7417
2026-07-09 08:04:00,395.29,395.45,395.2,395.45,1473
2026-07-09 08:05:00,395.4181,395.4181,395.17,395.361,1197
2026-07-09 08:06:00,395.2,395.5,395.07,395.3095,3048
2026-07-09 08:07:00,395.49,395.49,395.3641,395.3641,918
2026-07-09 08:08:00,395.35,395.5,395.35,395.5,4026
2026-07-09 08:09:00,395.47,395.5,395.42,395.5,1336
2026-07-09 08:10:00,395.413,395.4818,395.35,395.41,1731
2026-07-09 08:11:00,395.38,395.5,395.38,395.4,909
2026-07-09 08:12:00,395.261,395.3797,395.1,395.1,5079
2026-07-09 08:13:00,395.0947,395.2,395.08,395.2,1172
2026-07-09 08:14:00,395.2,395.2,395,395,4966
2026-07-09 08:15:00,395,395.15,395,395.15,1779
2026-07-09 08:16:00,395.14,395.4,395.1,395.4,999
2026-07-09 08:17:00,395.2321,395.38,395.2321,395.3047,324
2026-07-09 08:18:00,395.2966,395.37,395.17,395.17,1278
2026-07-09 08:19:00,395.3804,395.3804,395.2475,395.25,679
2026-07-09 08:20:00,395.36,395.46,395.36,395.46,693
2026-07-09 08:21:00,395.4566,395.5,395.3807,395.46,3862
2026-07-09 08:22:00,395.4975,395.4975,395.38,395.48,3244
2026-07-09 08:23:00,395.48,395.87,395.48,395.865,2662
2026-07-09 08:24:00,395.88,396.2,395.88,396.03,8007
2026-07-09 08:25:00,396.1384,396.2,395.08,395.08,11563
2026-07-09 08:26:00,395.28,395.42,395.02,395.2,5600
2026-07-09 08:27:00,395.39,395.39,395.1,395.12,2645
2026-07-09 08:28:00,395.26,395.26,393.99,394.3102,12309
2026-07-09 08:29:00,393.9928,395.18,393.87,395.18,399
2026-07-09 08:30:00,394.2129,394.98,394.2129,394.61,2368
2026-07-09 08:31:00,394.8568,394.93,394.32,394.7,2147
2026-07-09 08:32:00,394.78,394.78,394.63,394.75,1111
2026-07-09 08:33:00,394.6,394.9,394.6,394.63,1965
2026-07-09 08:34:00,394.6,394.77,394.6,394.7294,1837
2026-07-09 08:35:00,394.7,394.8,394.64,394.6561,1825
2026-07-09 08:36:00,394.8001,395,394.7148,394.7148,3952
2026-07-09 08:37:00,394.71,394.97,394.71,394.96,981
2026-07-09 08:38:00,394.876,394.98,394.876,394.9,473
2026-07-09 08:39:00,394.8587,394.98,394.6541,394.8,5808
2026-07-09 08:40:00,394.72,394.72,394.51,394.51,3172
2026-07-09 08:41:00,394.51,394.7,394.5,394.7,2452
2026-07-09 08:42:00,394.5944,394.7603,394.5,394.5,2381
2026-07-09 08:43:00,394.5,394.63,394.0815,394.0815,3580
2026-07-09 08:44:00,394.1805,394.289,393.902,393.902,5324
2026-07-09 08:45:00,393.9,394.13,393.9,394.01,2800
2026-07-09 08:46:00,393.96,394.15,393.95,394.15,976
2026-07-09 08:47:00,394.23,394.25,394.15,394.15,1272
2026-07-09 08:48:00,394.3,394.4518,394.15,394.25,1886
2026-07-09 08:49:00,394.4,394.46,394.3058,394.45,330
2026-07-09 08:50:00,394.406,394.4955,394.4,394.42,1645
2026-07-09 08:51:00,394.4902,394.5,394.4902,394.5,650
2026-07-09 08:52:00,394.5,394.5784,394.4,394.4388,2241
2026-07-09 08:53:00,394.44,394.4993,394.39,394.44,2365
2026-07-09 08:54:00,394.54,394.54,394.5293,394.53,2067
2026-07-09 08:55:00,394.54,394.58,394.36,394.43,3035
2026-07-09 08:56:00,394.3878,394.47,394.35,394.4,2335
2026-07-09 08:57:00,394.4,394.5,394.4,394.45,1335
2026-07-09 08:58:00,394.4573,394.4573,394.45,394.4565,1305
2026-07-09 08:59:00,394.45,394.5106,394.4031,394.5106,3739
2026-07-09 09:00:00,394.56,394.7,394.56,394.7,537
2026-07-09 09:01:00,394.78,394.9165,394.69,394.89,1354
2026-07-09 09:02:00,394.8671,394.8671,394.7,394.7,578
2026-07-09 09:03:00,394.7496,394.87,394.5,394.7256,2191
2026-07-09 09:04:00,394.73,394.73,394.5,394.7,947
2026-07-09 09:05:00,394.7,394.74,394.66,394.66,407
2026-07-09 09:06:00,394.63,394.7597,394.63,394.7597,1529
2026-07-09 09:07:00,394.76,394.9231,394.7544,394.8,1383
2026-07-09 09:08:00,394.87,394.87,394.63,394.65,1678
2026-07-09 09:09:00,394.7,395,394.65,394.99,3881
2026-07-09 09:10:00,395.1,395.1,394.9,394.99,2394
2026-07-09 09:11:00,394.95,395,394.8633,394.98,1475
2026-07-09 09:12:00,395.05,395.1805,394.95,395.07,1949
2026-07-09 09:13:00,395.2,395.34,395,395.0805,3560
2026-07-09 09:14:00,395.087,395.1,394.95,395.0643,1159
2026-07-09 09:15:00,395,395.1,395,395,1004
2026-07-09 09:16:00,394.9,394.91,394.8355,394.8413,1405
2026-07-09 09:17:00,394.84,395,394.82,394.9,2127
2026-07-09 09:18:00,394.9,395,394.8032,394.8032,2281
2026-07-09 09:19:00,394.89,394.89,394.66,394.66,2044
2026-07-09 09:20:00,394.65,394.8,394.61,394.687,1653
2026-07-09 09:21:00,394.65,394.7891,394.64,394.7891,1688
2026-07-09 09:22:00,394.8,394.84,394.7499,394.8218,5002
2026-07-09 09:23:00,394.7,394.7,394.55,394.55,987
2026-07-09 09:24:00,394.5947,394.7,394.5947,394.62,1230
2026-07-09 09:25:00,394.62,394.79,394.03,394.1106,5055
2026-07-09 09:26:00,394.45,394.49,394,394.07,6754
2026-07-09 09:27:00,394.18,394.49,394.01,394.15,4993
2026-07-09 09:28:00,394,394.25,393.85,394.02,9167
2026-07-09 09:29:00,394,394,393.6,393.91,13184
2026-07-09 09:30:00,393.99,395.538,392.21,394.43,391608
2026-07-09 09:31:00,394.43,394.9927,391.52,392.21,150179
2026-07-09 09:32:00,392.15,392.33,391.15,391.8649,119453
2026-07-09 09:33:00,392,392,390.9002,391.5499,117051
2026-07-09 09:34:00,391.48,392.3799,390.8631,392.1,146513
2026-07-09 09:35:00,392.17,392.61,391.68,392.165,107929
2026-07-09 09:36:00,392.165,393.2,392.165,392.7398,106843
2026-07-09 09:37:00,392.83,393.28,392.21,392.485,107509
2026-07-09 09:38:00,392.5563,392.85,392.28,392.48,71138
2026-07-09 09:39:00,392.43,393.62,392.395,393.32,103015
2026-07-09 09:40:00,393.38,394.97,393.07,394.38,179245
2026-07-09 09:41:00,394.3774,394.94,393.92,394.93,124085
2026-07-09 09:42:00,394.92,395.82,394.6503,395.48,171152
2026-07-09 09:43:00,395.49,395.75,394.1,395.25,158837
2026-07-09 09:44:00,395.245,395.73,394.8,395.2151,98751
2026-07-09 09:45:00,395.215,396.25,394.93,395.42,178143
2026-07-09 09:46:00,395.42,395.6186,394.4,395.6186,90402
2026-07-09 09:47:00,395.54,395.79,394.7,394.89,79550
2026-07-09 09:48:00,394.72,395.3499,394.54,394.65,67220
2026-07-09 09:49:00,394.65,395.02,393.9101,394.44,106506
2026-07-09 09:50:00,394.43,394.5899,392.901,393.0268,128255
2026-07-09 09:51:00,393.08,393.6199,392.9,393.26,87387
2026-07-09 09:52:00,393.2876,393.9996,393.2001,393.8901,87409
2026-07-09 09:53:00,393.89,394.4,393.55,394.305,75855
2026-07-09 09:54:00,394.305,394.7999,393.41,393.8001,94099
2026-07-09 09:55:00,393.845,394,393.48,393.64,66720
2026-07-09 09:56:00,393.715,394.64,393.4201,394.5,75803
2026-07-09 09:57:00,394.54,395.48,394.3401,395.39,91164
2026-07-09 09:58:00,395.3001,395.47,394.81,395.3,61588
2026-07-09 09:59:00,395.28,395.55,394.89,395.41,79622
2026-07-09 10:00:00,395.43,395.87,395.1601,395.77,106823
2026-07-09 10:01:00,395.69,397.15,395.48,397.105,197888
2026-07-09 10:02:00,397.11,397.28,396.6,396.88,120396
2026-07-09 10:03:00,396.9899,397.26,396.6122,397.18,88431
2026-07-09 10:04:00,397.18,398.25,397.06,398.01,193482
2026-07-09 10:05:00,398.05,398.46,397.33,397.415,152111
2026-07-09 10:06:00,397.415,397.69,396.82,396.82,133389
2026-07-09 10:07:00,396.81,396.9989,395.79,396.905,93499
2026-07-09 10:08:00,396.905,397.4,396.191,396.445,85838
2026-07-09 10:09:00,396.445,396.6299,396.14,396.2801,51381
2026-07-09 10:10:00,396.245,396.39,394.11,394.26,147941
2026-07-09 10:11:00,394.33,394.33,393.14,393.53,155548
2026-07-09 10:12:00,393.53,394.04,393.3026,393.5599,96866
2026-07-09 10:13:00,393.63,393.7399,393.37,393.5699,66441
2026-07-09 10:14:00,393.49,394.45,393.49,393.975,90958
2026-07-09 10:15:00,393.92,393.92,392.38,392.47,140052
2026-07-09 10:16:00,392.44,393.11,391.91,393.02,145924
2026-07-09 10:17:00,393.08,393.6299,392.83,393.1,70281
2026-07-09 10:18:00,393.105,393.105,392.5,392.92,72055
2026-07-09 10:19:00,392.91,393.12,392.15,392.43,71429
2026-07-09 10:20:00,392.33,392.6676,391.92,392.2,79379
2026-07-09 10:21:00,392.22,392.96,392.01,392.85,69458
2026-07-09 10:22:00,392.8584,393.02,392.4501,392.4501,66259
2026-07-09 10:23:00,392.5685,393.01,392.2,392.81,51337
2026-07-09 10:24:00,392.78,393.08,392.4601,392.98,47624
2026-07-09 10:25:00,393.03,393.47,392.91,393.23,61086
2026-07-09 10:26:00,393.2999,393.8183,393.2201,393.7199,62957
2026-07-09 10:27:00,393.64,394.5999,393.64,394.4,105677
2026-07-09 10:28:00,394.42,394.54,394.04,394.505,54723
2026-07-09 10:29:00,394.48,394.68,394.1144,394.525,57547
2026-07-09 10:30:00,394.5375,394.5895,393.6974,393.81,73908
2026-07-09 10:31:00,393.86,393.95,393.2705,393.39,58171
2026-07-09 10:32:00,393.41,393.77,393.37,393.77,38107
2026-07-09 10:33:00,393.77,394.06,393.52,393.75,41637
2026-07-09 10:34:00,393.7,393.83,393.2,393.245,43122
2026-07-09 10:35:00,393.31,393.98,393.0501,393.73,69086
2026-07-09 10:36:00,393.77,394.13,393.6,393.93,41659
2026-07-09 10:37:00,393.9687,394.24,393.6,394.145,45083
2026-07-09 10:38:00,394.23,394.57,394,394.47,69121
2026-07-09 10:39:00,394.515,395.23,393.5701,395.18,82914
2026-07-09 10:40:00,395.1147,395.27,393.5701,394.87,64764
2026-07-09 10:41:00,394.875,394.875,393.5701,394.585,50417
2026-07-09 10:42:00,394.54,394.9453,394.4801,394.88,39425
2026-07-09 10:43:00,394.83,395,394.33,394.49,31508
2026-07-09 10:44:00,394.51,394.56,393.84,394.1,59166
2026-07-09 10:45:00,394.085,394.7194,394.05,394.63,35463
2026-07-09 10:46:00,394.63,394.9899,394.5,394.71,49913
2026-07-09 10:47:00,394.63,395,394.59,394.66,44725
2026-07-09 10:48:00,394.66,394.96,394.5,394.76,36120
2026-07-09 10:49:00,394.8,395.0599,394.75,394.8625,41496
2026-07-09 10:50:00,394.8395,395.31,394.51,395.27,42780
2026-07-09 10:51:00,395.31,395.49,394.5701,394.82,62429
2026-07-09 10:52:00,394.84,395.11,394.38,394.48,46006
2026-07-09 10:53:00,394.48,395.2,394.4,395.17,42356
2026-07-09 10:54:00,395.2,395.48,394.77,395.4799,53043
2026-07-09 10:55:00,395.4521,395.85,395.09,395.58,59104
2026-07-09 10:56:00,395.7312,395.7599,395.03,395.09,46117
2026-07-09 10:57:00,395.1232,395.39,395.02,395.275,35863
2026-07-09 10:58:00,395.275,396.03,395.22,395.82,68359
2026-07-09 10:59:00,395.82,395.8415,395.55,395.67,38048
2026-07-09 11:00:00,395.7,396.12,395.5,396.055,58386
2026-07-09 11:01:00,396.01,396.26,395.7301,396.2167,49306
2026-07-09 11:02:00,396.2151,396.83,396.05,396.2201,81245
2026-07-09 11:03:00,396.3499,396.65,396.08,396.56,40353
2026-07-09 11:04:00,396.54,396.56,396.25,396.36,45330
2026-07-09 11:05:00,396.3479,396.497,396,396.3001,47863
2026-07-09 11:06:00,396.34,397.01,396.3202,396.93,82083
2026-07-09 11:07:00,396.9,396.98,396.17,396.44,67992
2026-07-09 11:08:00,396.3609,396.45,396,396.1,53359
2026-07-09 11:09:00,396.06,396.12,395.7,395.845,45561
2026-07-09 11:10:00,395.81,396.19,395.12,395.405,86791
2026-07-09 11:11:00,395.36,395.4994,395.04,395.45,50707
2026-07-09 11:12:00,395.455,395.98,395.42,395.93,72133
2026-07-09 11:13:00,395.88,396.2,395.7,395.76,42778
2026-07-09 11:14:00,395.78,395.865,395.31,395.365,35128
2026-07-09 11:15:00,395.31,395.92,395.1306,395.67,51477
2026-07-09 11:16:00,395.67,395.77,395.5,395.59,20197
2026-07-09 11:17:00,395.5912,395.625,394.82,394.885,54869
2026-07-09 11:18:00,394.885,394.9599,394.5,394.72,56615
2026-07-09 11:19:00,394.67,395.0981,394.62,395.07,39773
2026-07-09 11:20:00,395.05,395.24,394.9003,395.11,29133
2026-07-09 11:21:00,395.05,395.2,394.8,394.86,29666
2026-07-09 11:22:00,394.91,395.44,394.8104,395.35,33662
2026-07-09 11:23:00,395.4,395.4,395.01,395.125,26540
2026-07-09 11:24:00,395.11,395.41,395.11,395.2525,32145
2026-07-09 11:25:00,395.26,395.64,395.19,395.64,34504
2026-07-09 11:26:00,395.6301,396.05,395.39,396,48384
2026-07-09 11:27:00,396,396.08,395.63,395.83,38373
2026-07-09 11:28:00,395.7581,396.09,395.3301,395.455,50370
2026-07-09 11:29:00,395.455,395.8,395.41,395.8,18733
2026-07-09 11:30:00,395.81,396.11,395.6801,396.0499,51092
2026-07-09 11:31:00,395.9938,396.6,395.94,396.29,72014
2026-07-09 11:32:00,396.29,396.35,396.1,396.225,45319
2026-07-09 11:33:00,396.17,396.29,396.02,396.1,29496
2026-07-09 11:34:00,396.07,396.1,395.7,395.935,40245
2026-07-09 11:35:00,395.91,396.45,395.82,396.14,67860
2026-07-09 11:36:00,396.19,396.6971,396.1,396.535,69583
2026-07-09 11:37:00,396.58,397.17,396.4301,396.5,115910
2026-07-09 11:38:00,396.55,396.94,396.505,396.8701,40279
2026-07-09 11:39:00,396.935,397.25,396.71,397.19,63684
2026-07-09 11:40:00,397.205,397.34,396.97,397.06,78279
2026-07-09 11:41:00,397.06,397.4799,396.9,397.31,55030
2026-07-09 11:42:00,397.24,397.35,397.0301,397.24,29549
2026-07-09 11:43:00,397.2999,397.42,397.13,397.19,35041
2026-07-09 11:44:00,397.23,397.35,396.99,397.055,52215
2026-07-09 11:45:00,397.1099,397.25,397,397.045,35265
2026-07-09 11:46:00,397.045,397.45,396.9,397.395,53196
2026-07-09 11:47:00,397.436,398,397.38,397.95,74442
2026-07-09 11:48:00,397.99,399.24,397.9,399.1,182658
2026-07-09 11:49:00,399.105,399.99,398.97,399.85,134071
2026-07-09 11:50:00,399.85,400.1999,399.65,399.79,173363
2026-07-09 11:51:00,399.75,399.785,399.09,399.38,112730
2026-07-09 11:52:00,399.39,400.09,399.29,399.98,117480
2026-07-09 11:53:00,400.03,400.46,399.239,399.3437,158673
2026-07-09 11:54:00,399.315,399.49,398.79,399.28,84379
2026-07-09 11:55:00,399.28,399.59,399.13,399.4001,54456
2026-07-09 11:56:00,399.4,399.48,399.06,399.125,53059
2026-07-09 11:57:00,399.08,399.17,398.57,398.6626,65264
2026-07-09 11:58:00,398.74,399.44,398.6743,399.35,50625
2026-07-09 11:59:00,399.35,399.58,399.15,399.42,52839
2026-07-09 12:00:00,399.42,399.77,399.34,399.44,66835
2026-07-09 12:01:00,399.39,399.739,399.3201,399.52,40465
2026-07-09 12:02:00,399.5231,400.09,399.47,400.045,74580
2026-07-09 12:03:00,400.1,400.4399,399.82,399.97,137282
2026-07-09 12:04:00,399.985,400.13,399.8205,399.9607,62312
2026-07-09 12:05:00,399.975,400.35,399.9,400.28,84590
2026-07-09 12:06:00,400.3488,400.35,399.92,399.975,51999
2026-07-09 12:07:00,400,400.35,399.77,400.1286,98871
2026-07-09 12:08:00,400.09,400.23,399.73,400.115,54217
2026-07-09 12:09:00,400.1,400.249,399.68,399.85,56094
2026-07-09 12:10:00,399.845,399.96,399.5,399.58,61494
2026-07-09 12:11:00,399.61,399.87,399.47,399.5601,45404
2026-07-09 12:12:00,399.58,400.349,399.56,400.3,93386
2026-07-09 12:13:00,400.3,400.91,399.83,400.875,125730
2026-07-09 12:14:00,400.9,401.1,400.73,401.01,101970
2026-07-09 12:15:00,401.05,401.75,401,401.5407,119464
2026-07-09 12:16:00,401.57,402.05,401.53,401.6955,128564
2026-07-09 12:17:00,401.705,401.9399,401.28,401.5001,107073
2026-07-09 12:18:00,401.55,401.75,401.11,401.4501,120489
2026-07-09 12:19:00,401.46,401.51,401.05,401.36,69958
2026-07-09 12:20:00,401.405,401.91,401.19,401.4314,78975
2026-07-09 12:21:00,401.36,401.4899,400.85,400.9262,91403
2026-07-09 12:22:00,401,401,400.5,400.61,72592
2026-07-09 12:23:00,400.6421,400.8888,400.17,400.24,46703
2026-07-09 12:24:00,400.24,400.4,399.89,400.03,75059
2026-07-09 12:25:00,399.97,399.97,399.1,399.2,120719
2026-07-09 12:26:00,399.15,399.22,398.41,398.41,96043
2026-07-09 12:27:00,398.46,398.75,398.32,398.4471,67558
2026-07-09 12:28:00,398.3814,398.85,398.3814,398.795,41395
2026-07-09 12:29:00,398.784,398.85,398.5,398.62,42866
2026-07-09 12:30:00,398.57,398.76,398.36,398.395,45613
2026-07-09 12:31:00,398.395,398.5124,398.25,398.37,47536
2026-07-09 12:32:00,398.32,398.39,398.04,398.27,53784
2026-07-09 12:33:00,398.27,398.65,398.2,398.5951,36006
2026-07-09 12:34:00,398.595,398.64,398.35,398.4,39183
2026-07-09 12:35:00,398.35,399,398.3401,398.94,43322
2026-07-09 12:36:00,398.94,399.21,398.89,399.01,52950
2026-07-09 12:37:00,399.06,399.68,398.88,399.47,64595
2026-07-09 12:38:00,399.5,399.89,399.3501,399.77,57422
2026-07-09 12:39:00,399.75,399.9,399.43,399.73,49741
2026-07-09 12:40:00,399.7124,399.8899,399.5,399.585,37139
2026-07-09 12:41:00,399.585,399.99,399.55,399.96,30222
2026-07-09 12:42:00,400,400.59,399.97,400.435,86254
2026-07-09 12:43:00,400.435,401.31,400.435,401.28,92876
2026-07-09 12:44:00,401.24,401.31,400.91,401.1,47904
2026-07-09 12:45:00,401.04,401.7,401.01,401.645,59550
2026-07-09 12:46:00,401.645,402.1,401.56,401.83,128103
2026-07-09 12:47:00,401.81,402.015,401.72,401.8,91846
2026-07-09 12:48:00,401.8,401.97,401.54,401.63,64680
2026-07-09 12:49:00,401.675,401.91,401.55,401.89,39174
2026-07-09 12:50:00,401.9,402.15,401.62,401.825,63570
2026-07-09 12:51:00,401.825,402.0997,401.7,402.02,37115
2026-07-09 12:52:00,402.0296,402.05,401.75,401.92,37922
2026-07-09 12:53:00,401.95,401.99,401.69,401.75,34215
2026-07-09 12:54:00,401.78,401.84,401.57,401.677,50180
2026-07-09 12:55:00,401.675,401.85,401.36,401.73,64451
2026-07-09 12:56:00,401.72,401.8399,401.54,401.7301,41786
2026-07-09 12:57:00,401.78,401.89,401.52,401.69,31524
2026-07-09 12:58:00,401.63,401.67,401.52,401.66,19454
2026-07-09 12:59:00,401.65,401.85,401.61,401.77,26572
2026-07-09 13:00:00,401.74,402.39,401.62,402.38,96597
2026-07-09 13:01:00,402.36,403.05,402.23,402.9,162440
2026-07-09 13:02:00,402.8601,403.39,402.86,403.3,88690
2026-07-09 13:03:00,403.28,404.1,403.18,404,119083
2026-07-09 13:04:00,404.07,404.07,403.7,403.91,64386
2026-07-09 13:05:00,403.94,403.96,403.4706,403.65,111112
2026-07-09 13:06:00,403.63,403.64,403.32,403.43,48881
2026-07-09 13:07:00,403.48,404.09,403.465,404.03,71462
2026-07-09 13:08:00,404.0405,404.13,403.6,403.7415,70637
2026-07-09 13:09:00,403.79,403.83,403.48,403.6399,45322
2026-07-09 13:10:00,403.5,403.68,403.05,403.13,67989
2026-07-09 13:11:00,403.28,403.28,402.86,403.085,46421
2026-07-09 13:12:00,403.085,403.5,402.97,403.42,55305
2026-07-09 13:13:00,403.42,403.56,403.28,403.495,34643
2026-07-09 13:14:00,403.4862,403.6882,403.3488,403.61,40346
2026-07-09 13:15:00,403.61,404.05,403.5664,404.05,61502
2026-07-09 13:16:00,404.04,404.393,403.84,404.245,54928
2026-07-09 13:17:00,404.24,404.4,404.02,404.2529,58967
2026-07-09 13:18:00,404.26,404.79,404.2271,404.75,78471
2026-07-09 13:19:00,404.78,405.25,404.7,405.16,132998
2026-07-09 13:20:00,405.1,405.28,404.87,405.23,103597
2026-07-09 13:21:00,405.21,405.47,404.88,404.915,92152
2026-07-09 13:22:00,404.9,404.95,404.38,404.62,79264
2026-07-09 13:23:00,404.6182,404.65,404.24,404.3999,60209
2026-07-09 13:24:00,404.33,404.52,404.27,404.5,45792
2026-07-09 13:25:00,404.4999,404.82,404.3101,404.62,50743
2026-07-09 13:26:00,404.675,404.73,403.94,403.96,64275
2026-07-09 13:27:00,403.9301,404.48,403.9,404.2927,61102
2026-07-09 13:28:00,404.26,404.5699,404.26,404.37,48699
2026-07-09 13:29:00,404.366,404.59,404.25,404.4605,36747
2026-07-09 13:30:00,404.44,404.535,404.28,404.3677,27798
2026-07-09 13:31:00,404.38,404.44,403.12,403.15,99516
2026-07-09 13:32:00,403.17,403.53,402.86,403.45,82029
2026-07-09 13:33:00,403.3601,403.84,403.3601,403.82,53196
2026-07-09 13:34:00,403.8364,404.077,403.61,403.91,38138
2026-07-09 13:35:00,403.975,404.38,403.69,404.235,51532
2026-07-09 13:36:00,404.235,405.06,404.16,404.99,124174
2026-07-09 13:37:00,404.96,405.1,404.381,404.381,75602
2026-07-09 13:38:00,404.44,404.63,404.18,404.62,50812
2026-07-09 13:39:00,404.626,404.7,404.19,404.32,46088
2026-07-09 13:40:00,404.28,404.42,403.8601,403.9699,54754
2026-07-09 13:41:00,403.918,404.1,403.75,403.795,37086
2026-07-09 13:42:00,403.75,404.02,403.61,403.84,38203
2026-07-09 13:43:00,403.82,404.2,403.76,404.19,32583
2026-07-09 13:44:00,404.1989,404.37,403.9,404.035,45486
2026-07-09 13:45:00,404.0487,404.65,403.99,404.575,46272
2026-07-09 13:46:00,404.54,404.82,404.37,404.7221,48059
2026-07-09 13:47:00,404.74,404.84,404.13,404.3076,51428
2026-07-09 13:48:00,404.305,404.6,404.26,404.555,22114
2026-07-09 13:49:00,404.52,404.5799,404.22,404.27,27515
2026-07-09 13:50:00,404.3,404.36,404.06,404.1578,34379
2026-07-09 13:51:00,404.205,404.48,404.12,404.34,37151
2026-07-09 13:52:00,404.34,404.37,404.12,404.3,39202
2026-07-09 13:53:00,404.34,404.718,404.2,404.7103,33469
2026-07-09 13:54:00,404.7,404.85,404.58,404.815,55045
2026-07-09 13:55:00,404.815,404.83,404.65,404.7,27285
2026-07-09 13:56:00,404.68,404.78,404.5,404.745,26070
2026-07-09 13:57:00,404.765,404.99,404.725,404.775,61845
2026-07-09 13:58:00,404.775,405.18,404.63,404.8708,152005
2026-07-09 13:59:00,404.81,405.25,404.8,404.988,68890
2026-07-09 14:00:00,405,405.215,404.9,405.18,87235
2026-07-09 14:01:00,405.2157,405.24,404.5205,404.7,71286
2026-07-09 14:02:00,404.7,405,404.61,404.785,45659
2026-07-09 14:03:00,404.798,405.1,404.5705,404.5705,56383
2026-07-09 14:04:00,404.59,404.7112,404.35,404.5568,44969
2026-07-09 14:05:00,404.6,404.6075,404.31,404.4,43052
2026-07-09 14:06:00,404.35,404.9899,404.31,404.5,54678
2026-07-09 14:07:00,404.56,404.81,404.45,404.64,32460
2026-07-09 14:08:00,404.65,404.65,404.31,404.49,25377
2026-07-09 14:09:00,404.5353,404.61,404.32,404.5001,20684
2026-07-09 14:10:00,404.55,405.25,404.51,405.2,87011
2026-07-09 14:11:00,405.25,405.29,405.06,405.1825,45129
2026-07-09 14:12:00,405.2078,405.24,404.8801,405.15,31721
2026-07-09 14:13:00,405.13,405.44,405.01,405.3088,56137
2026-07-09 14:14:00,405.2301,406.01,405.23,405.945,128938
2026-07-09 14:15:00,405.97,406.27,405.78,405.83,97960
2026-07-09 14:16:00,405.8273,405.9,405.64,405.72,82536
2026-07-09 14:17:00,405.7201,405.84,405.36,405.63,50440
2026-07-09 14:18:00,405.63,406.23,405.56,406.23,55540
2026-07-09 14:19:00,406.24,406.24,405.9701,406.05,30524
2026-07-09 14:20:00,406.0004,406.13,405.81,406.0978,44749
2026-07-09 14:21:00,406.1,406.49,406.07,406.41,78129
2026-07-09 14:22:00,406.3301,406.94,406.3301,406.78,101784
2026-07-09 14:23:00,406.8399,407.11,406.69,406.73,80628
2026-07-09 14:24:00,406.73,406.7699,406.511,406.625,51143
2026-07-09 14:25:00,406.56,407.08,406.51,406.97,64601
2026-07-09 14:26:00,406.93,407.0299,406.72,406.9379,42332
2026-07-09 14:27:00,406.9203,407.82,406.9203,407.58,121002
2026-07-09 14:28:00,407.64,407.85,407.27,407.27,107131
2026-07-09 14:29:00,407.32,407.5899,407.26,407.3911,57095
2026-07-09 14:30:00,407.44,407.86,407.44,407.745,67671
2026-07-09 14:31:00,407.745,407.8,407.31,407.42,65278
2026-07-09 14:32:00,407.3301,407.59,407.19,407.2444,54302
2026-07-09 14:33:00,407.2383,407.3,406.81,406.89,67546
2026-07-09 14:34:00,406.9299,407.17,406.69,406.74,56442
2026-07-09 14:35:00,406.67,406.94,406.36,406.3634,64943
2026-07-09 14:36:00,406.41,406.77,406.41,406.59,52678
2026-07-09 14:37:00,406.59,407.09,406.51,406.77,56175
2026-07-09 14:38:00,406.8,407.15,406.77,407.06,39765
2026-07-09 14:39:00,407.0501,407.2,406.8001,406.9011,39460
2026-07-09 14:40:00,406.895,407.13,406.8,407.01,43750
2026-07-09 14:41:00,407.06,407.16,406.785,406.92,30762
2026-07-09 14:42:00,406.92,407.11,406.8205,406.94,29346
2026-07-09 14:43:00,406.99,407.0399,406.8601,406.9899,21884
2026-07-09 14:44:00,406.925,407.01,406.81,406.88,18954
2026-07-09 14:45:00,406.87,406.9655,406.72,406.89,31272
2026-07-09 14:46:00,406.88,407.03,406.82,406.87,60982
2026-07-09 14:47:00,406.83,407.22,406.83,407.2,43304
2026-07-09 14:48:00,407.17,407.24,407,407.14,46587
2026-07-09 14:49:00,407.19,407.19,406.9501,407.01,22212
2026-07-09 14:50:00,407.035,407.32,407.02,407.21,50625
2026-07-09 14:51:00,407.18,407.2,406.91,406.99,50797
2026-07-09 14:52:00,407.016,407.08,406.8601,406.92,25047
2026-07-09 14:53:00,406.877,407.11,406.87,407.0301,26442
2026-07-09 14:54:00,407.02,407.57,406.88,407.5695,45155
2026-07-09 14:55:00,407.52,407.72,407.32,407.321,79193
2026-07-09 14:56:00,407.3205,407.5575,407.2901,407.41,35062
2026-07-09 14:57:00,407.41,407.48,407.27,407.42,36521
2026-07-09 14:58:00,407.43,407.67,407.34,407.445,28659
2026-07-09 14:59:00,407.445,407.445,407.1101,407.1601,59094
2026-07-09 15:00:00,407.205,407.25,406.8,407.0016,74490
2026-07-09 15:01:00,407,407.088,406.65,406.8,57035
2026-07-09 15:02:00,406.75,407.24,406.7,407.105,54808
2026-07-09 15:03:00,407.115,407.74,407.1016,407.4456,79954
2026-07-09 15:04:00,407.42,407.46,406.9461,407.215,49426
2026-07-09 15:05:00,407.23,407.23,406.78,406.92,38432
2026-07-09 15:06:00,406.93,407,406.56,406.59,58761
2026-07-09 15:07:00,406.58,406.94,406.4,406.8704,56365
2026-07-09 15:08:00,406.91,406.99,406.5515,406.76,42832
2026-07-09 15:09:00,406.76,406.99,406.56,406.6254,26879
2026-07-09 15:10:00,406.665,406.7299,405.93,406.255,106142
2026-07-09 15:11:00,406.22,406.57,406.1,406.44,38279
2026-07-09 15:12:00,406.48,406.66,406.4014,406.615,48862
2026-07-09 15:13:00,406.62,406.75,406.42,406.565,32112
2026-07-09 15:14:00,406.57,406.77,406.4,406.62,35950
2026-07-09 15:15:00,406.655,406.79,406.38,406.45,37221
2026-07-09 15:16:00,406.45,406.94,406.4401,406.94,36236
2026-07-09 15:17:00,406.93,407.34,406.8,407.025,85620
2026-07-09 15:18:00,406.996,407.35,406.84,406.9299,74708
2026-07-09 15:19:00,406.8684,407.0901,406.8684,407,35265
2026-07-09 15:20:00,406.98,406.99,406.32,406.475,66127
2026-07-09 15:21:00,406.48,406.695,406.45,406.5399,31204
2026-07-09 15:22:00,406.5,406.54,406.24,406.25,30536
2026-07-09 15:23:00,406.2301,406.45,406.2101,406.37,23976
2026-07-09 15:24:00,406.44,406.445,406.1,406.195,35347
2026-07-09 15:25:00,406.195,406.31,405.97,406.195,55921
2026-07-09 15:26:00,406.1582,406.36,405.7,405.7303,77540
2026-07-09 15:27:00,405.82,406.1099,405.57,405.76,68202
2026-07-09 15:28:00,405.7601,406.2,405.75,405.9,50537
2026-07-09 15:29:00,405.8301,406.12,405.7501,405.7501,41739
2026-07-09 15:30:00,405.75,405.78,405.21,405.27,85837
2026-07-09 15:31:00,405.325,405.325,404.97,405,91954
2026-07-09 15:32:00,404.99,405.5099,404.9001,405.47,71525
2026-07-09 15:33:00,405.4999,405.98,405.4,405.7958,60421
2026-07-09 15:34:00,405.78,406.1,405.78,405.865,40043
2026-07-09 15:35:00,405.88,406.29,405.76,405.99,63961
2026-07-09 15:36:00,405.9701,406.33,405.92,406.145,45062
2026-07-09 15:37:00,406.09,406.14,405.55,405.55,38693
2026-07-09 15:38:00,405.52,405.54,404.94,405.195,58842
2026-07-09 15:39:00,405.195,405.21,404.45,404.56,77695
2026-07-09 15:40:00,404.56,404.99,404.51,404.76,80383
2026-07-09 15:41:00,404.76,405.1695,404.61,405.12,58447
2026-07-09 15:42:00,405.11,405.2,404.87,404.965,35312
2026-07-09 15:43:00,404.965,405.235,404.7752,404.7752,58525
2026-07-09 15:44:00,404.77,404.8699,404.62,404.73,42590
2026-07-09 15:45:00,404.7,405.1,404.63,404.87,58530
2026-07-09 15:46:00,404.84,405.09,404.82,404.845,41073
2026-07-09 15:47:00,404.84,405.0099,404.71,404.8,39218
2026-07-09 15:48:00,404.82,405.4,404.77,405.33,49199
2026-07-09 15:49:00,405.32,405.4297,405.155,405.265,43820
2026-07-09 15:50:00,405.31,405.31,404.17,404.335,142600
2026-07-09 15:51:00,404.31,404.39,403.88,404.03,109623
2026-07-09 15:52:00,404.01,404.37,403.92,404.3475,71790
2026-07-09 15:53:00,404.335,404.4,403.88,404.1396,99699
2026-07-09 15:54:00,404.18,404.41,403.85,404.2551,99254
2026-07-09 15:55:00,404.33,405.9069,404.33,405.57,229211
2026-07-09 15:56:00,405.57,405.63,405.32,405.4127,132424
2026-07-09 15:57:00,405.42,406,405.3201,405.935,183679
2026-07-09 15:58:00,405.935,406.23,405.92,406.1,229632
2026-07-09 15:59:00,406.1,406.65,406,406.56,568828
2026-07-09 16:00:00,406.55,407,406.0347,406.63,3436969
2026-07-09 16:01:00,406.2,406.8163,406.09,406.8,7119
2026-07-09 16:02:00,406.96,407,406.79,406.96,10125
2026-07-09 16:03:00,406.96,406.96,406.8,406.89,3743
2026-07-09 16:04:00,406.84,406.8865,406.55,406.75,11438
2026-07-09 16:05:00,406.72,406.88,406.55,406.75,17695
2026-07-09 16:06:00,406.75,406.94,406.75,406.8586,2867
2026-07-09 16:07:00,407,407,406.8136,406.88,792
2026-07-09 16:08:00,406.97,407,406.8288,406.95,1902
2026-07-09 16:09:00,406.95,407.1931,406.9,407,10584
2026-07-09 16:10:00,407.02,407.02,406.7559,406.7732,320
2026-07-09 16:11:00,406.75,406.75,406.55,406.72,118471
2026-07-09 16:12:00,406.85,406.85,406.72,406.79,1006
2026-07-09 16:13:00,406.75,406.84,406.73,406.74,240
2026-07-09 16:14:00,406.8,406.8027,406.7996,406.8,1461
2026-07-09 16:15:00,406.8104,406.94,406.72,406.91,2981
2026-07-09 16:16:00,406.8,406.95,406.8,406.95,487
2026-07-09 16:17:00,407,407,406.92,406.9439,3455
2026-07-09 16:18:00,406.92,407.0362,406.85,407,5044
2026-07-09 16:19:00,407.0987,407.2,407,407.1999,5751
2026-07-09 16:20:00,407.19,407.4,407.18,407.4,2156
2026-07-09 16:21:00,407.3,407.3,407.1013,407.1013,2768
2026-07-09 16:22:00,407.1,407.1,406.9,406.9011,670
2026-07-09 16:23:00,407,407,407,407,72
2026-07-09 16:24:00,407,407,406.75,406.75,2295
2026-07-09 16:25:00,406.9,407.06,406.8,407,1431
2026-07-09 16:26:00,406.83,406.96,406.75,406.77,1823
2026-07-09 16:27:00,406.77,406.7917,406.75,406.75,591
2026-07-09 16:28:00,406.75,406.7565,406.7,406.72,4405
2026-07-09 16:29:00,406.72,406.72,406.55,406.5509,2497
2026-07-09 16:30:00,406.55,406.65,406.55,406.55,1385
2026-07-09 16:31:00,406.5,406.5001,406.2748,406.2748,3172
2026-07-09 16:32:00,406.2782,406.45,406.26,406.4,1401
2026-07-09 16:33:00,406.3,406.45,406.26,406.3405,715
2026-07-09 16:34:00,406.347,406.5,406.26,406.5,571
2026-07-09 16:35:00,406.4959,406.4959,406.26,406.26,650
2026-07-09 16:36:00,406.2782,406.33,406.26,406.33,875
2026-07-09 16:37:00,406.3,406.3434,406.2,406.3434,446
2026-07-09 16:38:00,406.3201,406.3201,406.2,406.2,292
2026-07-09 16:39:00,406.2,406.2727,406.2,406.2727,371
2026-07-09 16:40:00,406.19,406.19,406,406,579
2026-07-09 16:41:00,406.01,406.13,406.01,406.0209,1136
2026-07-09 16:42:00,406.03,406.08,405.9,406.0746,3802
2026-07-09 16:43:00,406.08,406.08,405.9195,406,447
2026-07-09 16:44:00,405.96,406.08,405.91,406.08,1941
2026-07-09 16:45:00,406.1,406.15,406.1,406.1,642
2026-07-09 16:46:00,406.1,406.17,394.68,406.11,620
2026-07-09 16:47:00,406.2,406.2,406.12,406.12,1425
2026-07-09 16:48:00,406.42,406.42,406.1,406.21,1540
2026-07-09 16:49:00,406.11,406.43,406.11,406.43,1333
2026-07-09 16:50:00,406.11,406.11,406.11,406.11,128
2026-07-09 16:51:00,406.29,406.43,406.115,406.43,1372
2026-07-09 16:52:00,406.5,406.58,406.5,406.5761,5974
2026-07-09 16:53:00,406.55,406.58,406.55,406.55,2920
2026-07-09 16:54:00,406.55,406.5799,406.55,406.5539,1146
2026-07-09 16:55:00,406.56,406.56,406.55,406.55,1290
2026-07-09 16:56:00,406.5505,406.6,406.55,406.6,1494
2026-07-09 16:57:00,406.55,406.75,406.55,406.75,751
2026-07-09 16:58:00,406.5703,406.6,406.5703,406.6,102
2026-07-09 16:59:00,406.55,406.5516,395.225,406.5516,285
2026-07-09 17:00:00,406.56,406.56,406.55,406.55,4785
2026-07-09 17:01:00,406.35,406.3672,406.35,406.3517,1104
2026-07-09 17:02:00,406.25,406.36,406.1,406.1,250
2026-07-09 17:04:00,406,406.2175,406,406.2175,310
2026-07-09 17:05:00,406.17,406.17,406.01,406.01,1547
2026-07-09 17:06:00,406.1,406.1,406.01,406.06,880
2026-07-09 17:07:00,406.0217,406.0606,406.01,406.0606,1448
2026-07-09 17:08:00,406.07,406.07,406.07,406.07,50
2026-07-09 17:09:00,406.15,406.25,406.1,406.25,566
2026-07-09 17:10:00,406.02,406.1318,406,406.0012,1388
2026-07-09 17:11:00,406.0017,406.0101,406,406,704
2026-07-09 17:12:00,406,406.1168,406,406.01,1392
2026-07-09 17:13:00,406.0303,406.0303,406.0001,406.013,1145
2026-07-09 17:14:00,406,406.099,406,406.079,557
2026-07-09 17:15:00,406.0952,406.0952,406.02,406.04,1247
2026-07-09 17:16:00,406.04,406.4,406,406.15,5401
2026-07-09 17:17:00,406.12,406.12,406,406,245
2026-07-09 17:19:00,406.0188,406.05,406,406.05,622
2026-07-09 17:20:00,406.01,406.0216,405.901,405.901,1900
2026-07-09 17:21:00,405.9,405.9,405.9,405.9,40
2026-07-09 17:23:00,405.9007,405.9488,405.9,405.91,342
2026-07-09 17:24:00,405.92,405.92,405.65,405.65,1281
2026-07-09 17:25:00,405.6526,405.67,405.65,405.66,1183
2026-07-09 17:26:00,405.5,405.6479,405.5,405.5,2170
2026-07-09 17:27:00,405.5,405.6479,405.5,405.6,713
2026-07-09 17:28:00,405.5,405.5,405.5,405.5,4034
2026-07-09 17:29:00,405.42,405.5,405.3,405.3101,1740
2026-07-09 17:30:00,405.3101,405.4558,405.31,405.4558,1659
2026-07-09 17:31:00,405.43,405.43,405.43,405.43,199
2026-07-09 17:33:00,405.41,405.45,405.41,405.45,521
2026-07-09 17:34:00,405.3625,405.3625,405.3625,405.3625,60
2026-07-09 17:35:00,405.4424,405.45,405.32,405.45,935
2026-07-09 17:36:00,405.5,405.5,405.4805,405.49,1098
2026-07-09 17:37:00,405.35,405.35,405.35,405.35,100
2026-07-09 17:38:00,405.43,405.45,405.351,405.351,539
2026-07-09 17:39:00,405.4,405.4,405.39,405.39,170
2026-07-09 17:40:00,405.3519,405.353,405.31,405.31,441
2026-07-09 17:41:00,405.3481,405.35,405.32,405.32,915
2026-07-09 17:42:00,405.3442,405.35,405.29,405.3242,1347
2026-07-09 17:43:00,405.2304,405.2999,405.2304,405.2304,359
2026-07-09 17:44:00,405.22,405.22,405.22,405.22,400
2026-07-09 17:45:00,405.2722,405.2722,405.2722,405.2722,100
2026-07-09 17:46:00,405.07,405.27,405.07,405.27,130
2026-07-09 17:47:00,405.1297,405.1297,405.1297,405.1297,71
2026-07-09 17:48:00,405.2519,405.2519,405.0947,405.0947,946
2026-07-09 17:49:00,405.26,405.26,405.16,405.26,1132
2026-07-09 17:50:00,405.25,405.309,405.25,405.3,368
2026-07-09 17:51:00,405.3,405.35,405.26,405.26,1286
2026-07-09 17:52:00,405.39,405.39,405.39,405.39,640
2026-07-09 17:53:00,405.41,405.41,405.4065,405.4082,932
2026-07-09 17:54:00,405.4103,405.42,405.4103,405.42,116
2026-07-09 17:55:00,405.41,405.4345,405.4,405.4345,170
2026-07-09 17:56:00,405.4,405.4,405.4,405.4,160
2026-07-09 17:57:00,405.3329,405.3329,405.33,405.33,140
2026-07-09 17:58:00,405.33,405.3301,405.33,405.33,374
2026-07-09 18:00:00,405.21,405.23,405.21,405.23,296
2026-07-09 18:01:00,405.25,405.28,405.25,405.28,97
2026-07-09 18:02:00,405.13,405.33,405.1,405.1,339
2026-07-09 18:03:00,405.306,405.306,405.306,405.306,200
2026-07-09 18:05:00,405.19,405.19,404.9,404.9,1513
2026-07-09 18:06:00,405.1,405.1,404.9,405.1,1480
2026-07-09 18:07:00,405.17,405.42,405.17,405.17,5666
2026-07-09 18:08:00,405.3874,405.3874,405.3874,405.3874,100
2026-07-09 18:09:00,405.24,405.24,405.01,405.01,181
2026-07-09 18:10:00,405.17,405.29,405,405,1384
2026-07-09 18:11:00,405.3399,405.3399,405.1,405.3,765
2026-07-09 18:13:00,405.11,405.11,405.11,405.11,40
2026-07-09 18:14:00,405.17,405.17,405.15,405.15,244
2026-07-09 18:15:00,405.16,405.16,405.16,405.16,40
2026-07-09 18:16:00,405.2,405.2,405.1,405.1,1154
2026-07-09 18:17:00,405.09,405.09,405.09,405.09,79
2026-07-09 18:18:00,405.06,405.06,405.05,405.05,100
2026-07-09 18:19:00,405.05,405.05,404.6,404.61,2018
2026-07-09 18:20:00,404.75,404.7501,404.5719,404.5719,2657
2026-07-09 18:21:00,404.7,404.7942,404.6,404.6,1386
2026-07-09 18:22:00,404.61,404.8,404.61,404.8,230
2026-07-09 18:23:00,404.6878,404.79,404.6878,404.78,706
2026-07-09 18:24:00,404.68,404.7486,404.68,404.7,390
2026-07-09 18:25:00,404.7,404.7,404.68,404.681,356
2026-07-09 18:26:00,404.65,404.6565,404.65,404.65,622
2026-07-09 18:27:00,404.625,404.625,404.6007,404.6007,139
2026-07-09 18:28:00,404.6,404.61,404.6,404.61,1684
2026-07-09 18:29:00,404.62,404.65,404.6001,404.61,1336
2026-07-09 18:30:00,404.63,404.63,404.58,404.58,435
2026-07-09 18:31:00,404.63,404.63,404.58,404.58,1046
2026-07-09 18:32:00,404.62,404.62,404.59,404.59,313
2026-07-09 18:33:00,404.6,404.6149,404.6,404.6149,158
2026-07-09 18:34:00,404.6081,404.68,404.5816,404.68,1369
2026-07-09 18:35:00,404.6,404.61,404.548,404.548,182
2026-07-09 18:36:00,404.54,404.54,404.501,404.5011,199
2026-07-09 18:37:00,404.55,404.55,404.46,404.5,840
2026-07-09 18:38:00,404.4972,404.4985,404.4003,404.4003,680
2026-07-09 18:39:00,404.4,404.4,404.4,404.4,326
2026-07-09 18:40:00,404.4,404.42,404.4,404.41,278
2026-07-09 18:41:00,404.4088,404.55,404.4,404.55,1785
2026-07-09 18:42:00,404.55,404.58,404.55,404.58,1414
2026-07-09 18:43:00,404.5761,404.58,404.48,404.5,1136
2026-07-09 18:44:00,404.5709,404.58,404.5059,404.5722,906
2026-07-09 18:45:00,404.58,404.6738,404.58,404.65,1412
2026-07-09 18:46:00,404.68,404.73,404.68,404.71,339
2026-07-09 18:47:00,404.81,405,404.8,405,6182
2026-07-09 18:48:00,405.11,405.11,405.0001,405.0001,702
2026-07-09 18:49:00,405,405,404.89,404.89,2329
2026-07-09 18:50:00,405,405,404.99,404.99,275
2026-07-09 18:51:00,404.98,404.98,404.98,404.98,80
2026-07-09 18:52:00,405.04,405.04,405,405.01,360
2026-07-09 18:53:00,405.04,405.12,405.04,405.11,2756
2026-07-09 18:54:00,405.2,405.2,405.11,405.11,552
2026-07-09 18:55:00,405.19,405.25,405.1638,405.1638,616
2026-07-09 18:56:00,405.25,405.25,405.2,405.2221,231
2026-07-09 18:57:00,405.15,405.28,405.15,405.28,411
2026-07-09 18:58:00,405.22,405.22,405.11,405.1619,528
2026-07-09 18:59:00,405.1001,405.1001,405.1,405.1,2134
2026-07-09 19:00:00,405.18,405.18,405.18,405.18,100
2026-07-09 19:01:00,405.16,405.16,404.95,404.95,277
2026-07-09 19:02:00,404.7819,404.79,404.7819,404.79,178
2026-07-09 19:03:00,404.7906,404.7906,404.7906,404.7906,130
2026-07-09 19:04:00,404.8,404.9,404.7668,404.7668,3630
2026-07-09 19:05:00,404.97,404.97,404.89,404.89,1875
2026-07-09 19:06:00,404.9799,404.9799,404.88,404.94,825
2026-07-09 19:07:00,404.79,404.8703,404.79,404.8113,2297
2026-07-09 19:08:00,404.8,404.8018,404.7417,404.7417,580
2026-07-09 19:09:00,404.77,404.8409,404.77,404.8409,380
2026-07-09 19:10:00,404.82,404.85,404.77,404.77,2126
2026-07-09 19:12:00,404.74,404.74,404.67,404.67,1371
2026-07-09 19:13:00,404.6651,404.7035,404.66,404.69,313
2026-07-09 19:14:00,404.69,404.69,404.68,404.69,307
2026-07-09 19:15:00,404.65,404.65,404.612,404.63,789
2026-07-09 19:16:00,404.6116,404.65,404.6,404.6499,1457
2026-07-09 19:17:00,404.65,404.7,404.65,404.65,320
2026-07-09 19:18:00,404.78,404.78,404.78,404.78,56
2026-07-09 19:19:00,404.75,404.85,404.75,404.7501,348
2026-07-09 19:21:00,404.87,405,404.87,405,5484
2026-07-09 19:23:00,405.0269,405.1356,405.0269,405.1,761
2026-07-09 19:24:00,405.11,405.25,405.11,405.25,133
2026-07-09 19:25:00,405.2,405.2,405.15,405.15,220
2026-07-09 19:26:00,405.15,405.19,405.08,405.08,430
2026-07-09 19:29:00,405.2,405.2,405.15,405.15,544
2026-07-09 19:30:00,405.15,405.15,405.1,405.1,182
2026-07-09 19:31:00,405.087,405.1,404.97,404.97,539
2026-07-09 19:32:00,405,405.02,405,405.02,95
2026-07-09 19:34:00,405.01,405.01,405.01,405.01,92
2026-07-09 19:35:00,405.1,405.1,405,405,786
2026-07-09 19:36:00,405.01,405.2072,405.01,405.2072,150
2026-07-09 19:37:00,405.21,405.22,405.1,405.174,411
2026-07-09 19:38:00,405.0328,405.1,405,405.1,645
2026-07-09 19:39:00,405.05,405.1,405.05,405.1,462
2026-07-09 19:40:00,405.19,405.2,405.11,405.11,338
2026-07-09 19:41:00,405.17,405.21,405.12,405.12,188
2026-07-09 19:42:00,405.1291,405.16,405.12,405.16,738
2026-07-09 19:43:00,405.14,405.1959,405.12,405.19,575
2026-07-09 19:44:00,405.1658,405.17,405.12,405.17,384
2026-07-09 19:45:00,405.12,405.12,404.88,404.88,1896
2026-07-09 19:46:00,404.88,405.16,404.88,405.16,835
2026-07-09 19:47:00,404.9214,405.16,404.9214,405.16,245
2026-07-09 19:48:00,405,405.02,405,405,340
2026-07-09 19:49:00,405.02,405.06,404.7388,404.74,5695
2026-07-09 19:50:00,404.94,405.05,404.7,404.7,1522
2026-07-09 19:51:00,404.98,404.98,404.98,404.98,72
2026-07-09 19:52:00,404.78,404.78,404.75,404.75,319
2026-07-09 19:53:00,404.99,404.99,404.99,404.99,80
2026-07-09 19:54:00,404.7825,404.9999,404.75,404.9999,950
2026-07-09 19:55:00,404.85,404.98,404.85,404.98,220
2026-07-09 19:56:00,404.9064,404.9064,404.86,404.86,210
2026-07-09 19:57:00,404.9805,404.9805,404.75,404.85,1116
2026-07-09 19:58:00,404.8601,404.9,404.85,404.8501,1284
2026-07-09 19:59:00,404.9008,405.1807,404.9008,405.1807,2344
2026-07-10 04:00:00,404,406.3902,404,406.31,25384
2026-07-10 04:01:00,406.24,406.4,404.05,404.17,21516
2026-07-10 04:02:00,404.15,404.67,404.03,404.63,4282
2026-07-10 04:03:00,404.6,404.7,404.37,404.46,528
2026-07-10 04:04:00,404.31,404.31,404.3,404.3,185
2026-07-10 04:05:00,404.3,404.97,404.1,404.29,662
2026-07-10 04:06:00,404.0329,404.05,404.03,404.05,233
2026-07-10 04:07:00,404.02,404.29,404,404,2501
2026-07-10 04:08:00,404.32,404.51,404.26,404.5,672
2026-07-10 04:09:00,404.6966,404.71,404.598,404.598,529
2026-07-10 04:10:00,404.81,404.81,404.7,404.7,156
2026-07-10 04:11:00,404.71,404.71,404.5,404.5,1050
2026-07-10 04:12:00,404.27,404.32,404.27,404.3,632
2026-07-10 04:14:00,404.4967,404.5,404.4967,404.5,180
2026-07-10 04:15:00,404.4,404.4,404.4,404.4,250
2026-07-10 04:18:00,404.4,404.4,404.07,404.07,133
2026-07-10 04:19:00,404.51,404.51,404.36,404.36,831
2026-07-10 04:20:00,404.2,404.2,404.2,404.2,191
2026-07-10 04:21:00,404.4999,404.4999,404.19,404.19,314
2026-07-10 04:22:00,404.0001,404.12,403.91,403.91,687
2026-07-10 04:23:00,403.88,404.02,403.8,403.9,1085
2026-07-10 04:24:00,403.8049,403.8049,403.8,403.8,190
2026-07-10 04:25:00,403.9,403.99,403.9,403.99,391
2026-07-10 04:26:00,404.11,404.11,404.1,404.1,262
2026-07-10 04:27:00,403.9,403.9,403.9,403.9,73
2026-07-10 04:28:00,404,404,404,404,100
2026-07-10 04:29:00,403.82,403.82,403.81,403.81,83
2026-07-10 04:30:00,403.81,403.845,403.7366,403.7366,492
2026-07-10 04:31:00,403.7,403.7,403.38,403.38,2057
2026-07-10 04:32:00,403.25,403.3,403.12,403.12,1744
2026-07-10 04:34:00,403.02,403.17,403.02,403.17,949
2026-07-10 04:35:00,403.16,403.4,403.11,403.4,679
2026-07-10 04:36:00,403.11,403.15,402.8,402.95,1972
2026-07-10 04:37:00,403.08,403.15,402.64,402.64,1153
2026-07-10 04:38:00,402.6246,402.79,402.6246,402.74,792
2026-07-10 04:40:00,402.62,402.62,402.41,402.41,597
2026-07-10 04:41:00,402.4,402.43,402.25,402.41,1407
2026-07-10 04:42:00,402.42,402.42,401.5,402.135,12415
2026-07-10 04:43:00,402.375,402.375,402.375,402.375,42
2026-07-10 04:44:00,402.49,402.49,402.2,402.22,663
2026-07-10 04:45:00,402.36,402.4,402.36,402.4,185
2026-07-10 04:46:00,402.6,402.69,402.55,402.69,485
2026-07-10 04:47:00,402.72,402.72,402.72,402.72,84
2026-07-10 04:48:00,402.8371,402.99,402.8371,402.99,669
2026-07-10 04:49:00,402.95,402.97,402.82,402.82,352
2026-07-10 04:50:00,402.81,402.81,402.81,402.81,187
2026-07-10 04:51:00,402.7949,402.8,402.79,402.79,192
2026-07-10 04:52:00,402.79,402.99,402.79,402.99,116
2026-07-10 04:56:00,402.99,402.99,402.99,402.99,521
2026-07-10 04:57:00,403.0432,403.0432,403.0432,403.0432,100
2026-07-10 04:58:00,403.15,403.26,403.15,403.26,208
2026-07-10 04:59:00,403.2,403.2575,403.2,403.2575,99
2026-07-10 05:00:00,403.13,403.25,403.13,403.25,319
2026-07-10 05:01:00,403.13,403.13,402.2,402.2,1884
2026-07-10 05:03:00,402.67,402.67,402.67,402.67,96
2026-07-10 05:05:00,402.19,402.19,402.19,402.19,50
2026-07-10 05:06:00,402.66,402.7,402.351,402.57,681
2026-07-10 05:08:00,402.72,402.72,402.67,402.67,150
2026-07-10 05:09:00,402.3045,402.3045,402.3045,402.3045,150
2026-07-10 05:10:00,402.62,402.75,402.62,402.69,570
2026-07-10 05:12:00,402.65,402.75,402.65,402.75,215
2026-07-10 05:15:00,403,403.1,403,403.1,920
2026-07-10 05:16:00,403.3,403.3,403.2,403.2,924
2026-07-10 05:17:00,403.13,403.13,403.13,403.13,48
2026-07-10 05:18:00,403.3,403.3,403.1,403.1,84
2026-07-10 05:19:00,403.19,403.263,403.19,403.263,105
2026-07-10 05:20:00,403.13,403.13,402.69,402.69,259
2026-07-10 05:21:00,402.76,402.8,402.64,402.64,290
2026-07-10 05:22:00,402.6044,402.9,402.6044,402.9,490
2026-07-10 05:23:00,403.01,403.255,403.01,403.01,582
2026-07-10 05:24:00,403.2,403.22,403.2,403.22,80
2026-07-10 05:25:00,403.15,403.15,403.15,403.15,50
2026-07-10 05:26:00,403.29,403.31,403.26,403.29,409
2026-07-10 05:27:00,403.4,403.4,403.4,403.4,80
2026-07-10 05:28:00,403.4875,403.4875,403.4875,403.4875,199
2026-07-10 05:29:00,403.5,403.5,403.4,403.4,160
2026-07-10 05:31:00,403.5,403.6,403.5,403.6,1434
2026-07-10 05:32:00,403.74,403.9,403.74,403.9,248
2026-07-10 05:33:00,403.8,403.92,403.66,403.66,646
2026-07-10 05:34:00,403.9,403.9,403.9,403.9,40
2026-07-10 05:35:00,403.94,404,403.94,404,891
2026-07-10 05:36:00,403.69,404.1693,403.69,404.1693,571
2026-07-10 05:37:00,404.25,404.25,404.17,404.17,90
2026-07-10 05:38:00,403.7728,404.34,403.7728,404.25,347
2026-07-10 05:39:00,404.33,404.33,404.28,404.28,160
2026-07-10 05:40:00,404.3,404.42,404.25,404.42,316
2026-07-10 05:41:00,404.56,404.58,404.35,404.58,940
2026-07-10 05:42:00,404.59,404.6,404.46,404.5,800
2026-07-10 05:43:00,404.44,404.49,404.44,404.49,860
2026-07-10 05:45:00,404.54,404.69,404.54,404.69,247
2026-07-10 05:46:00,404.65,404.71,404.16,404.71,2538
2026-07-10 05:47:00,404.75,404.82,404.75,404.82,85
2026-07-10 05:48:00,404.5364,404.9,404.5364,404.74,525
2026-07-10 05:49:00,404.5,404.69,404.49,404.59,611
2026-07-10 05:50:00,404.4834,404.64,404.26,404.64,740
2026-07-10 05:51:00,404.7,404.76,404.7,404.76,214
2026-07-10 05:52:00,404.8,404.8,404.7,404.8,394
2026-07-10 05:54:00,404.9,404.9,404.9,404.9,40
2026-07-10 05:55:00,404.88,404.99,404.88,404.99,900
2026-07-10 05:56:00,405,405,404.77,404.885,720
2026-07-10 05:57:00,404.99,405,404.99,405,811
2026-07-10 05:58:00,404.99,405.07,404.99,405.07,250
2026-07-10 05:59:00,405.1,405.1,405.08,405.1,472
2026-07-10 06:00:00,405.2,405.2,405.2,405.2,40
2026-07-10 06:01:00,405.2,405.2,405.2,405.2,160
2026-07-10 06:02:00,405.22,405.24,405.13,405.19,301
2026-07-10 06:03:00,405.19,405.19,405.05,405.05,140
2026-07-10 06:04:00,405.19,405.42,405.19,405.34,2201
2026-07-10 06:05:00,405.4,405.42,405.39,405.39,550
2026-07-10 06:06:00,405.34,405.34,405.34,405.34,235
2026-07-10 06:07:00,405.4,405.4,405.4,405.4,46
2026-07-10 06:08:00,405.4,405.4,405.4,405.4,50
2026-07-10 06:09:00,405.38,405.452,405.12,405.25,2173
2026-07-10 06:10:00,405.46,405.46,405.46,405.46,83
2026-07-10 06:11:00,405.38,405.38,405.13,405.2,638
2026-07-10 06:12:00,405.32,405.35,405.13,405.29,716
2026-07-10 06:13:00,405.2,405.3,405.2,405.3,177
2026-07-10 06:14:00,405.26,405.2866,405.26,405.2866,140
2026-07-10 06:15:00,405.26,405.26,405.26,405.26,40
2026-07-10 06:19:00,405.2,405.2,405.2,405.2,100
2026-07-10 06:20:00,405.0638,405.0638,405.0638,405.0638,50
2026-07-10 06:21:00,405.18,405.18,405.18,405.18,50
2026-07-10 06:22:00,405.21,405.26,404.8,404.99,1102
2026-07-10 06:24:00,404.99,405.06,404.6,404.8,2178
2026-07-10 06:25:00,404.9571,404.96,404.5,404.76,773
2026-07-10 06:28:00,404.98,405,404.97,405,1208
2026-07-10 06:29:00,405,405.01,405,405,344
2026-07-10 06:30:00,404.83,405.26,404.83,405.26,153
2026-07-10 06:31:00,405.31,405.31,405.31,405.31,85
2026-07-10 06:32:00,405.3,405.44,405.29,405.3903,681
2026-07-10 06:33:00,405.34,405.5,405.34,405.5,615
2026-07-10 06:34:00,405.5,405.5,405.49,405.49,100
2026-07-10 06:35:00,405.45,405.5,405.45,405.5,1731
2026-07-10 06:36:00,405.32,405.5,405.32,405.5,100
2026-07-10 06:37:00,405.2,405.53,405.2,405.482,360
2026-07-10 06:40:00,405.29,405.29,405.29,405.29,54
2026-07-10 06:41:00,405.53,405.53,405.48,405.48,2531
2026-07-10 06:43:00,405.3763,405.55,405.3763,405.51,273
2026-07-10 06:44:00,405.43,405.43,405.43,405.43,80
2026-07-10 06:45:00,405.49,405.49,405.49,405.49,80
2026-07-10 06:46:00,405.49,405.49,405.49,405.49,50
2026-07-10 06:47:00,405.49,405.51,405.49,405.51,865
2026-07-10 06:49:00,405.45,405.45,405.45,405.45,100
2026-07-10 06:51:00,405.65,405.65,405.65,405.65,150
2026-07-10 06:52:00,405.54,405.54,405.54,405.54,71
2026-07-10 06:53:00,405.68,405.68,405.62,405.62,191
2026-07-10 06:55:00,405.5776,405.5776,405.41,405.41,113
2026-07-10 06:57:00,405.71,405.71,405.71,405.71,49
2026-07-10 06:58:00,405.69,405.71,405.6,405.6,355
2026-07-10 06:59:00,405.62,405.67,405.62,405.655,289
2026-07-10 07:00:00,405.655,406,405.02,406,6447
2026-07-10 07:01:00,405.96,406,405.81,405.81,1332
2026-07-10 07:02:00,406,406.1,406,406.0869,826
2026-07-10 07:03:00,406.2,406.31,406.14,406.18,1219
2026-07-10 07:04:00,406.19,406.3,406.1,406.2,745
2026-07-10 07:05:00,406.3,406.3,406.2,406.2,520
2026-07-10 07:06:00,406.3,406.3,406.1,406.1,146
2026-07-10 07:07:00,406.11,406.14,405.83,406.1129,1787
2026-07-10 07:09:00,405.7639,405.7639,405.74,405.74,213
2026-07-10 07:10:00,406.15,406.43,406.14,406.36,3795
2026-07-10 07:11:00,406.4,406.4,406.24,406.27,356
2026-07-10 07:12:00,406.34,406.5,406.22,406.5,1473
2026-07-10 07:13:00,406.4,406.8,406.355,406.8,1554
2026-07-10 07:14:00,406.8,406.8,406.69,406.7779,2051
2026-07-10 07:15:00,406.8,406.8,406.5,406.55,689
2026-07-10 07:16:00,406.49,406.58,406.4183,406.5,448
2026-07-10 07:17:00,406.56,406.57,406.48,406.5,1410
2026-07-10 07:18:00,406.4,406.5,406.4,406.45,380
2026-07-10 07:19:00,406.49,406.58,406.4188,406.58,1021
2026-07-10 07:20:00,406.58,406.7403,406.58,406.7403,543
2026-07-10 07:21:00,406.6986,406.79,406.65,406.774,1489
2026-07-10 07:22:00,406.7,406.94,406.7,406.94,1229
2026-07-10 07:23:00,406.9381,407,406.88,406.99,3471
2026-07-10 07:24:00,406.92,407,406.8,406.8,1080
2026-07-10 07:25:00,406.66,406.66,406.36,406.36,1212
2026-07-10 07:26:00,406.21,406.5328,406.21,406.5328,390
2026-07-10 07:27:00,406.27,406.463,406.22,406.22,256
2026-07-10 07:28:00,406.3927,406.45,406.3927,406.3927,294
2026-07-10 07:29:00,406.35,406.35,406.249,406.249,649
2026-07-10 07:30:00,406.2637,406.53,406.15,406.41,4138
2026-07-10 07:31:00,406.6267,406.6267,406.4,406.4,640
2026-07-10 07:32:00,406.4,406.47,406.3211,406.4,439
2026-07-10 07:33:00,406.31,406.45,406.31,406.4,296
2026-07-10 07:34:00,406.4,406.52,406.4,406.52,388
2026-07-10 07:35:00,406.66,406.6874,406.3,406.5,2881
2026-07-10 07:36:00,406.51,406.6049,406.5034,406.6049,980
2026-07-10 07:37:00,406.5013,406.5783,406.5,406.5783,936
2026-07-10 07:38:00,406.51,406.6,406.51,406.55,360
2026-07-10 07:39:00,406.5835,406.6978,406.5,406.6,737
2026-07-10 07:40:00,406.71,406.7983,406.6,406.6,1603
2026-07-10 07:41:00,406.56,406.7196,406.56,406.7196,639
2026-07-10 07:42:00,406.7,406.85,406.688,406.688,758
2026-07-10 07:43:00,406.5,406.5,406.5,406.5,49
2026-07-10 07:44:00,406.6011,406.6011,406.6011,406.6011,500
2026-07-10 07:45:00,406.6,406.692,406.5241,406.5241,975
2026-07-10 07:46:00,406.56,406.74,406.56,406.69,2363
2026-07-10 07:47:00,406.72,406.76,406.72,406.76,110
2026-07-10 07:48:00,406.832,406.9,406.7544,406.85,883
2026-07-10 07:49:00,406.9,407,406.8509,407,1233
2026-07-10 07:50:00,407,407.2831,407,407.1952,800
2026-07-10 07:51:00,407.225,407.4,407.225,407.4,2785
2026-07-10 07:52:00,407.36,407.4,407.27,407.27,1070
2026-07-10 07:53:00,407.3,407.4,407.3,407.3947,1302
2026-07-10 07:54:00,407.4,407.4,407.23,407.23,831
2026-07-10 07:55:00,407.2,407.28,407.2,407.25,448
2026-07-10 07:56:00,407.25,407.25,407.12,407.12,1279
2026-07-10 07:57:00,407.19,407.19,406.95,406.95,900
2026-07-10 07:58:00,406.8632,406.9773,406.8632,406.9,1074
2026-07-10 07:59:00,406.9,406.9,406.5,406.7212,939
2026-07-10 08:00:00,406.85,406.95,406.5,406.5,1429
2026-07-10 08:01:00,406.8,407,406.8,407,2056
2026-07-10 08:02:00,407.05,407.05,406.6,406.6,872
2026-07-10 08:03:00,406.6,406.86,406.6,406.8473,612
2026-07-10 08:04:00,406.8004,406.8004,406.7135,406.7135,419
2026-07-10 08:05:00,406.7,406.7245,406.585,406.585,1119
2026-07-10 08:06:00,406.5342,406.72,406.5123,406.68,2316
2026-07-10 08:07:00,406.55,406.747,406.55,406.747,215
2026-07-10 08:08:00,406.7629,406.7629,406.7,406.7,2176
2026-07-10 08:09:00,406.75,406.99,406.75,406.99,383
2026-07-10 08:10:00,407,407,406.86,406.98,451
2026-07-10 08:11:00,406.91,406.95,406.87,406.93,349
2026-07-10 08:12:00,406.93,406.93,406.7269,406.82,698
2026-07-10 08:13:00,406.73,408.35,406.7,408.06,12613
2026-07-10 08:14:00,408.24,408.4,407.3823,407.7,856
2026-07-10 08:15:00,407.8,407.88,407.6,407.78,1348
2026-07-10 08:16:00,407.7651,407.7651,407.26,407.35,1591
2026-07-10 08:17:00,407.5,407.5,407.3,407.474,2691
2026-07-10 08:18:00,407.4043,407.545,407.2,407.2,813
2026-07-10 08:19:00,407.2,407.28,407.08,407.28,1932
2026-07-10 08:20:00,407.5,407.5,407.49,407.5,1230
2026-07-10 08:21:00,407.5125,407.63,407.5,407.5467,817
2026-07-10 08:22:00,407.5572,407.69,407.21,407.64,481
2026-07-10 08:23:00,407.51,407.63,407.5003,407.63,1273
2026-07-10 08:24:00,407.69,407.78,407.68,407.75,444
2026-07-10 08:25:00,407.77,407.8499,407.68,407.8,2096
2026-07-10 08:26:00,407.78,407.849,407.7,407.703,3168
2026-07-10 08:27:00,407.74,407.8,407.52,407.69,1815
2026-07-10 08:28:00,407.8,407.99,407.5,407.9505,658
2026-07-10 08:29:00,407.85,407.88,407.7279,407.7279,870
2026-07-10 08:30:00,407.9,407.9,407.59,407.64,1404
2026-07-10 08:31:00,407.7563,407.85,407.7563,407.85,567
2026-07-10 08:32:00,407.8499,407.85,407.7,407.82,4660
2026-07-10 08:33:00,407.82,408.2,407.8,408.05,1615
2026-07-10 08:34:00,408.02,408.4,408,408.4,6965
2026-07-10 08:35:00,408.29,408.4468,408,408.1,1125
2026-07-10 08:36:00,408.3,408.3526,408.2,408.35,1747
2026-07-10 08:37:00,408.2,408.2702,408,408,1987
2026-07-10 08:38:00,407.89,408,407.7943,408,1087
2026-07-10 08:39:00,408.17,408.5,408,408.0712,5386
2026-07-10 08:40:00,408.32,408.5,408.0599,408.4493,4382
2026-07-10 08:41:00,408.21,408.22,407.9822,408.04,2334
2026-07-10 08:42:00,408.03,408.09,407.9,408.09,1074
2026-07-10 08:43:00,408,408.1666,407.7368,407.92,1233
2026-07-10 08:44:00,407.94,408.08,407.94,408.06,143
2026-07-10 08:45:00,407.71,407.91,407.71,407.91,180
2026-07-10 08:46:00,407.71,407.93,407.71,407.87,968
2026-07-10 08:47:00,407.9,407.93,407.71,407.71,2316
2026-07-10 08:48:00,407.79,407.91,407.6838,407.91,852
2026-07-10 08:49:00,407.8,407.8143,407.6221,407.8143,1849
2026-07-10 08:50:00,407.65,407.8246,407.65,407.8246,149
2026-07-10 08:51:00,407.83,407.83,407.63,407.67,703
2026-07-10 08:52:00,407.83,407.95,407.83,407.85,1362
2026-07-10 08:53:00,407.65,407.8483,407.65,407.8483,158
2026-07-10 08:54:00,407.76,408.1,407.76,407.85,2948
2026-07-10 08:55:00,407.95,407.976,407.784,407.8644,1278
2026-07-10 08:56:00,407.76,407.88,407.735,407.7808,1831
2026-07-10 08:57:00,407.76,407.85,407.6,407.6,1214
2026-07-10 08:58:00,407.72,407.75,407.55,407.68,2496
2026-07-10 08:59:00,407.5,407.61,407.5,407.6,3784
2026-07-10 09:00:00,407.5,407.5174,407.16,407.42,5512
2026-07-10 09:01:00,407.1901,407.4,407.04,407.4,1683
2026-07-10 09:02:00,407.1921,407.5,407.1921,407.2602,2233
2026-07-10 09:03:00,407.38,407.48,407.3484,407.4675,584
2026-07-10 09:04:00,407.27,407.4512,407.1857,407.2,2378
2026-07-10 09:05:00,407.25,407.44,407.17,407.35,1618
2026-07-10 09:06:00,407.27,407.6,407.27,407.6,1692
2026-07-10 09:07:00,407.71,407.9,407.6681,407.76,5720
2026-07-10 09:08:00,407.864,407.864,407.55,407.69,1491
2026-07-10 09:09:00,407.58,407.7,407.4235,407.47,2305
2026-07-10 09:10:00,407.52,407.65,407.4479,407.5,2059
2026-07-10 09:11:00,407.445,407.65,407.43,407.5,561
2026-07-10 09:12:00,407.54,407.88,407.54,407.88,1845
2026-07-10 09:13:00,407.76,407.76,407.5493,407.72,1591
2026-07-10 09:14:00,407.8,407.8,407.5489,407.5489,354
2026-07-10 09:15:00,407.66,407.8,407.66,407.8,180
2026-07-10 09:16:00,407.8,407.8,407.3691,407.3691,1941
2026-07-10 09:17:00,407.38,407.6183,407.2339,407.49,503
2026-07-10 09:18:00,407.4,407.4,407.34,407.39,794
2026-07-10 09:19:00,407.21,407.384,407.21,407.28,1989
2026-07-10 09:20:00,407.3656,407.69,407.36,407.36,968
2026-07-10 09:21:00,407.29,407.3417,407,407,6034
2026-07-10 09:22:00,407,407.05,407,407,4681
2026-07-10 09:23:00,407,407.23,406.89,407.23,4206
2026-07-10 09:24:00,407,407.38,407,407.13,4300
2026-07-10 09:25:00,407.3234,408,407.27,407.8,3527
2026-07-10 09:26:00,408,409.51,408,409.51,24165
2026-07-10 09:27:00,409.66,410.92,409.5238,410.7912,27693
2026-07-10 09:28:00,411,411.05,409.79,410.28,19646
2026-07-10 09:29:00,410.2,410.86,410.2,410.59,16034
2026-07-10 09:30:00,410.59,412.29,408.8,408.8951,616612
2026-07-10 09:31:00,408.965,409.3201,407.05,409.09,205960
2026-07-10 09:32:00,409.1792,410.8093,407.89,410.8093,165556
2026-07-10 09:33:00,410.755,412.58,410.4059,412.58,280283
2026-07-10 09:34:00,412.5799,412.58,410.47,410.726,165277
2026-07-10 09:35:00,410.85,412.02,410.69,411.335,167413
2026-07-10 09:36:00,411.315,411.66,409.02,410.17,143951
2026-07-10 09:37:00,410.11,410.64,408.5,409.19,168849
2026-07-10 09:38:00,409.205,409.88,408.13,408.3601,124582
2026-07-10 09:39:00,408.5,408.64,406.11,406.24,242365
2026-07-10 09:40:00,406.2065,406.4564,404.91,405.71,243812
2026-07-10 09:41:00,405.7101,407.1,405.59,406.72,201365
2026-07-10 09:42:00,406.735,408.67,406.65,408.3501,177972
2026-07-10 09:43:00,408.54,408.62,407.65,408.34,125031
2026-07-10 09:44:00,408.39,408.63,407.6901,407.895,101853
2026-07-10 09:45:00,407.89,408.72,407.65,408.51,100418
2026-07-10 09:46:00,408.45,408.85,407.61,408.455,85356
2026-07-10 09:47:00,408.53,409.55,408.05,409.19,128368
2026-07-10 09:48:00,409.13,409.4091,408.5,408.96,129745
2026-07-10 09:49:00,408.955,409.5,408.6,409.24,115223
2026-07-10 09:50:00,409.24,410.1,408.91,409.79,112075
2026-07-10 09:51:00,409.78,410.23,409.39,410.12,169245
2026-07-10 09:52:00,410.08,410.5,409.7001,409.93,121737
2026-07-10 09:53:00,409.915,410.95,409.79,410.925,109833
2026-07-10 09:54:00,410.84,410.9,409.87,410.1125,83271
2026-07-10 09:55:00,410.105,410.6,409.6801,410.23,80089
2026-07-10 09:56:00,410.213,410.44,409.48,410.3482,78299
2026-07-10 09:57:00,410.33,410.33,409.35,409.405,72609
2026-07-10 09:58:00,409.45,410.13,409.45,409.92,67507
2026-07-10 09:59:00,409.82,410.29,409.76,409.84,71358
2026-07-10 10:00:00,409.76,409.89,408.91,409.31,86093
2026-07-10 10:01:00,409.34,409.95,409.01,409.73,103705
2026-07-10 10:02:00,409.735,410.06,409.12,409.41,68671
2026-07-10 10:03:00,409.3795,409.51,408.631,408.79,79078
2026-07-10 10:04:00,408.7,409,408.08,408.845,99071
2026-07-10 10:05:00,408.85,409.25,408.23,408.5,82148
2026-07-10 10:06:00,408.525,409.2237,408.34,408.41,55075
2026-07-10 10:07:00,408.42,409.1,408.06,408.5601,59557
2026-07-10 10:08:00,408.6213,409.7499,408.6213,409.565,57377
2026-07-10 10:09:00,409.65,410.93,409.65,410.44,161198
2026-07-10 10:10:00,410.39,410.9,410.17,410.855,108246
2026-07-10 10:11:00,410.83,411.05,410.144,410.46,152755
2026-07-10 10:12:00,410.5021,411.42,410.435,411.255,85596
2026-07-10 10:13:00,411.2,411.34,410.65,411.13,61872
2026-07-10 10:14:00,411.13,411.13,410.25,410.565,70121
2026-07-10 10:15:00,410.575,410.8299,410.01,410.605,67335
2026-07-10 10:16:00,410.605,410.605,409.6215,409.81,77915
2026-07-10 10:17:00,409.83,410.6299,409.0166,410.27,127860
2026-07-10 10:18:00,410.28,410.55,409.25,409.285,68586
2026-07-10 10:19:00,409.26,409.778,408.7101,409.0221,109458
2026-07-10 10:20:00,409.1677,409.24,408.25,408.79,81583
2026-07-10 10:21:00,408.81,409,407.8,408.05,105875
2026-07-10 10:22:00,408.08,408.225,406.42,406.54,196576
2026-07-10 10:23:00,406.59,407.13,405.71,407.07,168005
2026-07-10 10:24:00,407.07,407.83,407.07,407.18,131681
2026-07-10 10:25:00,407.195,407.195,406.27,406.795,117571
2026-07-10 10:26:00,406.795,407.59,406.61,407.39,99557
2026-07-10 10:27:00,407.39,408.4463,407.39,408.1034,101856
2026-07-10 10:28:00,408.07,408.21,407.73,408.115,57060
2026-07-10 10:29:00,408.07,408.15,407.51,407.575,53079
2026-07-10 10:30:00,407.58,407.8699,407.2201,407.4,43449
2026-07-10 10:31:00,407.33,407.78,407.2,407.78,50646
2026-07-10 10:32:00,407.725,407.88,404.3405,404.3405,223184
2026-07-10 10:33:00,404.43,406.7399,402.8101,406.48,216871
2026-07-10 10:34:00,406.4,407.48,406.32,407.1255,103673
2026-07-10 10:35:00,407.1,407.89,406.761,406.835,81993
2026-07-10 10:36:00,406.79,408.34,406.79,407.93,73821
2026-07-10 10:37:00,407.85,408.49,407.6701,407.9737,63942
2026-07-10 10:38:00,408.04,408.6,407.74,408.49,76114
2026-07-10 10:39:00,408.4601,408.82,408.12,408.32,76204
2026-07-10 10:40:00,408.44,408.46,407.794,407.978,49491
2026-07-10 10:41:00,407.95,408.0004,407.11,407.2608,53207
2026-07-10 10:42:00,407.1501,408.107,407.1101,407.63,59465
2026-07-10 10:43:00,407.66,407.7682,407.2,407.31,23208
2026-07-10 10:44:00,407.31,408.065,407.06,407.8889,44239
2026-07-10 10:45:00,407.83,408.11,407.64,407.98,40992
2026-07-10 10:46:00,407.98,408.31,407.74,407.89,33597
2026-07-10 10:47:00,407.93,408.1199,407.4705,408.015,34859
2026-07-10 10:48:00,408.045,408.45,407.731,408.395,42902
2026-07-10 10:49:00,408.4,409.45,408.18,409.2301,118546
2026-07-10 10:50:00,409.2301,409.7,408.34,408.39,101452
2026-07-10 10:51:00,408.395,409,408.14,408.6188,54696
2026-07-10 10:52:00,408.685,409.0999,408.39,408.5751,46451
2026-07-10 10:53:00,408.54,408.7129,407.8,408.04,57216
2026-07-10 10:54:00,408.1,408.1,407.305,407.305,44868
2026-07-10 10:55:00,407.43,407.96,407.1001,407.21,62421
2026-07-10 10:56:00,407.15,407.2114,406.3105,406.7999,107710
2026-07-10 10:57:00,406.72,407.26,406.61,407.1899,72826
2026-07-10 10:58:00,407.0931,407.28,406.32,406.52,75082
2026-07-10 10:59:00,406.475,407.05,406.34,406.755,46114
2026-07-10 11:00:00,406.77,407.07,406.3,406.98,50341
2026-07-10 11:01:00,406.955,407.05,406.45,406.4701,36586
2026-07-10 11:02:00,406.47,406.8484,406.1272,406.24,48587
2026-07-10 11:03:00,406.24,407.13,406.22,406.91,40676
2026-07-10 11:04:00,406.91,407.0051,406.21,406.34,40519
2026-07-10 11:05:00,406.21,406.68,405.8,406.36,89831
2026-07-10 11:06:00,406.365,406.5,405.91,406.17,40911
2026-07-10 11:07:00,406.175,406.85,406.07,406.79,58179
2026-07-10 11:08:00,406.78,407.0799,406.66,406.84,54048
2026-07-10 11:09:00,406.7801,407,406.52,406.92,57248
2026-07-10 11:10:00,406.92,407.5499,406.86,407.075,71586
2026-07-10 11:11:00,407.13,407.1799,406.14,406.5301,62884
2026-07-10 11:12:00,406.625,406.8599,406.49,406.6442,32726
2026-07-10 11:13:00,406.62,406.62,406.24,406.36,38772
2026-07-10 11:14:00,406.36,406.54,406.1,406.26,40446
2026-07-10 11:15:00,406.1935,407.2699,406.1,407.2,73054
2026-07-10 11:16:00,407.1496,408.0651,407.1496,407.88,96246
2026-07-10 11:17:00,407.88,408.33,407.6,407.785,79266
2026-07-10 11:18:00,407.76,408.04,407.6001,407.8642,43891
2026-07-10 11:19:00,407.83,407.8899,407.03,407.585,51332
2026-07-10 11:20:00,407.54,407.69,407.2,407.62,29108
2026-07-10 11:21:00,407.63,407.8,407.45,407.7911,34107
2026-07-10 11:22:00,407.77,408.75,407.7301,408.685,69513
2026-07-10 11:23:00,408.64,409.1565,408.25,408.8901,79056
2026-07-10 11:24:00,408.9433,409.337,408.72,409.1,63748
2026-07-10 11:25:00,409.22,409.5,409.11,409.26,62058
2026-07-10 11:26:00,409.25,409.38,409,409.285,43390
2026-07-10 11:27:00,409.28,409.7999,409.2001,409.7399,67276
2026-07-10 11:28:00,409.71,409.7499,409.35,409.505,54946
2026-07-10 11:29:00,409.51,409.66,409.2,409.565,44877
2026-07-10 11:30:00,409.63,409.94,409.47,409.745,101607
2026-07-10 11:31:00,409.745,409.87,409.3001,409.6648,70693
2026-07-10 11:32:00,409.61,409.8999,409.4,409.47,48974
2026-07-10 11:33:00,409.47,410.06,409.47,409.96,104757
2026-07-10 11:34:00,409.96,410.55,409.82,410.55,100819
2026-07-10 11:35:00,410.4606,410.5936,409.64,409.66,83229
2026-07-10 11:36:00,409.73,409.99,409.4514,409.63,53375
2026-07-10 11:37:00,409.63,410,409.51,409.6801,44904
2026-07-10 11:38:00,409.755,409.84,409.15,409.28,46799
2026-07-10 11:39:00,409.28,409.2999,408.27,408.44,114399
2026-07-10 11:40:00,408.4,408.9499,408.16,408.4301,81591
2026-07-10 11:41:00,408.4782,408.68,407.7101,408,76814
2026-07-10 11:42:00,408.045,408.1,407.05,407.31,74674
2026-07-10 11:43:00,407.305,407.84,407.171,407.5401,44924
2026-07-10 11:44:00,407.59,408.0999,407.54,407.6099,44422
2026-07-10 11:45:00,407.55,407.6,406.82,407.05,62340
2026-07-10 11:46:00,407.1,407.42,406.99,407.25,37439
2026-07-10 11:47:00,407.27,407.67,407,407.47,38414
2026-07-10 11:48:00,407.55,407.97,407.46,407.86,49029
2026-07-10 11:49:00,407.79,408.2542,407.75,408.09,54986
2026-07-10 11:50:00,408.21,408.67,408.1901,408.56,62054
2026-07-10 11:51:00,408.59,409.42,408.56,409.145,99830
2026-07-10 11:52:00,409.13,409.95,409.08,409.73,75806
2026-07-10 11:53:00,409.62,409.92,409.575,409.855,38331
2026-07-10 11:54:00,409.845,410.26,409.5,409.72,106264
2026-07-10 11:55:00,409.78,410.08,409.73,409.87,45267
2026-07-10 11:56:00,409.87,410.05,409.6301,409.785,49079
2026-07-10 11:57:00,409.8,409.81,409.3,409.68,50575
2026-07-10 11:58:00,409.68,409.7443,409.35,409.56,28007
2026-07-10 11:59:00,409.5999,409.66,409.35,409.425,33443
2026-07-10 12:00:00,409.425,410.375,409.425,410.1301,141726
2026-07-10 12:01:00,410.175,410.76,410.17,410.42,103271
2026-07-10 12:02:00,410.42,410.5,409.95,410.3451,47717
2026-07-10 12:03:00,410.345,410.45,409.8,410,44475
2026-07-10 12:04:00,409.955,410.3,409.7093,409.98,40311
2026-07-10 12:05:00,410.13,410.24,409.61,409.74,36138
2026-07-10 12:06:00,409.7053,410.535,409.67,410.2,62000
2026-07-10 12:07:00,410.12,410.1991,409.8,409.99,34962
2026-07-10 12:08:00,409.97,410.19,409.9,410.05,29407
2026-07-10 12:09:00,410.115,410.46,410.07,410.46,29911
2026-07-10 12:10:00,410.49,411.2,410.2101,411.0301,119480
2026-07-10 12:11:00,411.07,411.34,409.8,410.17,145127
2026-07-10 12:12:00,410.17,410.8,409.8001,409.97,89829
2026-07-10 12:13:00,409.98,410.0897,409.54,409.6901,70130
2026-07-10 12:14:00,409.6916,410,409.52,409.64,46232
2026-07-10 12:15:00,409.695,411.1,409.695,411.03,107275
2026-07-10 12:16:00,411.1,411.17,410.58,410.65,56794
2026-07-10 12:17:00,410.5751,411.045,410.4,411.045,34567
2026-07-10 12:18:00,411.016,411.28,410.8168,411.17,51630
2026-07-10 12:19:00,411.185,412.09,411.17,411.69,181591
2026-07-10 12:20:00,411.78,411.78,411.22,411.48,48780
2026-07-10 12:21:00,411.435,411.5999,410.87,410.95,56370
2026-07-10 12:22:00,410.95,411.47,410.76,411.36,53566
2026-07-10 12:23:00,411.3493,411.388,410.91,411.0219,36831
2026-07-10 12:24:00,411.075,411.08,410.59,410.6499,61215
2026-07-10 12:25:00,410.5513,410.8,410.51,410.78,40055
2026-07-10 12:26:00,410.8,411.38,410.74,411.24,63153
2026-07-10 12:27:00,411.2496,411.77,411.12,411.43,66314
2026-07-10 12:28:00,411.49,411.54,410.35,410.44,78645
2026-07-10 12:29:00,410.3602,411,410.31,410.66,44852
2026-07-10 12:30:00,410.7,411.4,410.6845,410.96,57276
2026-07-10 12:31:00,410.935,411.5448,410.8401,411.229,54926
2026-07-10 12:32:00,411.23,411.37,411.0423,411.14,24117
2026-07-10 12:33:00,411.1,411.44,411.078,411.342,38995
2026-07-10 12:34:00,411.335,411.5238,411.2309,411.425,55914
2026-07-10 12:35:00,411.47,411.88,411.21,411.81,46751
2026-07-10 12:36:00,411.835,411.99,411.06,411.1,74439
2026-07-10 12:37:00,411.075,411.355,410.8,411.02,53092
2026-07-10 12:38:00,411,411.2499,410.95,411.15,19987
2026-07-10 12:39:00,411.15,411.49,411.1101,411.245,19244
2026-07-10 12:40:00,411.238,411.67,411.221,411.52,37654
2026-07-10 12:41:00,411.52,411.64,411.32,411.33,26002
2026-07-10 12:42:00,411.32,411.65,411.0806,411.595,78046
2026-07-10 12:43:00,411.595,412.11,411.55,411.9451,90863
2026-07-10 12:44:00,411.935,411.99,411.54,411.605,59260
2026-07-10 12:45:00,411.605,411.84,411.56,411.61,20521
2026-07-10 12:46:00,411.615,412.1,411.57,411.995,37608
2026-07-10 12:47:00,411.995,412.0581,411.66,411.87,43577
2026-07-10 12:48:00,411.82,411.93,411.7301,411.84,23155
2026-07-10 12:49:00,411.77,412.1,411.5417,412.05,41839
2026-07-10 12:50:00,412.065,412.25,411.77,412.06,104553
2026-07-10 12:51:00,412.02,412.95,411.9,412.75,126192
2026-07-10 12:52:00,412.78,413.16,412.72,413.06,107221
2026-07-10 12:53:00,413.065,413.1,412.7,412.965,92403
2026-07-10 12:54:00,412.98,412.98,412.636,412.7,46421
2026-07-10 12:55:00,412.69,412.77,412.01,412.0767,63148
2026-07-10 12:56:00,412.17,412.4791,412.14,412.3499,57590
2026-07-10 12:57:00,412.27,412.5,412.1,412.32,35628
2026-07-10 12:58:00,412.3,412.5,412.21,412.32,31567
2026-07-10 12:59:00,412.328,412.42,412.17,412.215,23418
2026-07-10 13:00:00,412.21,412.4,412.1,412.2697,28382
2026-07-10 13:01:00,412.34,412.43,412.18,412.27,36207
2026-07-10 13:02:00,412.24,412.3,411.75,412.185,78633
2026-07-10 13:03:00,412.205,412.34,411.92,412.13,32875
2026-07-10 13:04:00,412.11,412.11,411.53,411.74,68184
2026-07-10 13:05:00,411.74,411.82,411.5242,411.58,40739
2026-07-10 13:06:00,411.5991,411.7599,411.38,411.505,46126
2026-07-10 13:07:00,411.535,411.535,411.03,411.19,68072
2026-07-10 13:08:00,411.15,411.22,410.67,410.88,66190
2026-07-10 13:09:00,410.88,410.9028,410.33,410.42,63200
2026-07-10 13:10:00,410.4001,410.78,410.4001,410.54,101110
2026-07-10 13:11:00,410.5399,410.56,409.8,409.87,106019
2026-07-10 13:12:00,409.9,410.06,409.2,409.48,131862
2026-07-10 13:13:00,409.5,409.55,408.75,408.865,79835
2026-07-10 13:14:00,408.9099,409.09,408.278,408.98,89183
2026-07-10 13:15:00,408.97,409.6,408.9,409.46,127477
2026-07-10 13:16:00,409.5097,409.54,408.9,409.14,68654
2026-07-10 13:17:00,409.14,409.54,409.1001,409.4199,78441
2026-07-10 13:18:00,409.44,409.59,409.36,409.505,48762
2026-07-10 13:19:00,409.49,409.4999,409.1201,409.15,38492
2026-07-10 13:20:00,409.16,409.86,409.15,409.6775,74881
2026-07-10 13:21:00,409.68,410.21,409.6601,410.135,88756
2026-07-10 13:22:00,410.135,410.43,410.0901,410.22,53359
2026-07-10 13:23:00,410.225,410.25,409.9301,410.05,46320
2026-07-10 13:24:00,410.04,410.46,409.98,410.135,45993
2026-07-10 13:25:00,410.145,410.68,410.07,410.6,65469
2026-07-10 13:26:00,410.54,411.03,410.54,410.8203,94314
2026-07-10 13:27:00,410.83,411.11,410.8201,410.9407,28373
2026-07-10 13:28:00,410.9001,411.03,410.561,410.705,58622
2026-07-10 13:29:00,410.695,410.695,410.1,410.195,45961
2026-07-10 13:30:00,410.195,410.295,409.84,410.07,72482
2026-07-10 13:31:00,410.1,410.185,409.85,409.99,33214
2026-07-10 13:32:00,409.99,410,409.32,409.43,61150
2026-07-10 13:33:00,409.425,409.5,409.27,409.31,30183
2026-07-10 13:34:00,409.27,409.36,408.8,409.12,91933
2026-07-10 13:35:00,409.12,409.17,408.6001,408.9,49384
2026-07-10 13:36:00,408.9568,409.1,408.82,408.89,28946
2026-07-10 13:37:00,408.86,409.29,408.82,409.185,34108
2026-07-10 13:38:00,409.185,409.2399,408.93,409.085,33307
2026-07-10 13:39:00,409.06,409.5489,409.05,409.425,27683
2026-07-10 13:40:00,409.36,409.5399,409.14,409.23,27254
2026-07-10 13:41:00,409.2033,409.2999,408.84,408.87,81022
2026-07-10 13:42:00,408.96,408.9899,408.72,408.93,62719
2026-07-10 13:43:00,408.915,409.05,408.85,408.91,32426
2026-07-10 13:44:00,408.98,409.01,408.6,408.65,48631
2026-07-10 13:45:00,408.74,408.84,408.5009,408.71,51202
2026-07-10 13:46:00,408.71,408.89,408.54,408.6,35763
2026-07-10 13:47:00,408.65,408.87,408.58,408.715,28006
2026-07-10 13:48:00,408.7304,408.97,408.65,408.835,44520
2026-07-10 13:49:00,408.83,408.97,408.6401,408.8,24539
2026-07-10 13:50:00,408.845,409.06,408.7,408.87,38847
2026-07-10 13:51:00,408.885,408.98,408.7,408.92,23477
2026-07-10 13:52:00,408.915,408.925,408.71,408.84,21916
2026-07-10 13:53:00,408.83,408.98,408.76,408.8404,19405
2026-07-10 13:54:00,408.88,408.97,408.6703,408.735,23842
2026-07-10 13:55:00,408.73,408.79,408.5801,408.66,34417
2026-07-10 13:56:00,408.665,408.7399,408.3,408.37,58999
2026-07-10 13:57:00,408.375,408.48,408.23,408.325,27416
2026-07-10 13:58:00,408.39,408.6,408.35,408.55,24172
2026-07-10 13:59:00,408.515,408.85,408.515,408.5801,37951
2026-07-10 14:00:00,408.67,409.23,408.53,409.03,77198
2026-07-10 14:01:00,409.005,409.88,409.005,409.85,96439
2026-07-10 14:02:00,409.86,410.71,409.49,410.44,128051
2026-07-10 14:03:00,410.48,410.52,409.7,409.775,49516
2026-07-10 14:04:00,409.77,409.9385,409.5101,409.7018,30039
2026-07-10 14:05:00,409.76,410.2,409.75,410.06,29386
2026-07-10 14:06:00,409.96,409.96,409.6,409.84,24491
2026-07-10 14:07:00,409.8166,409.9899,409.775,409.8778,12421
2026-07-10 14:08:00,409.916,410.04,409.76,409.83,26137
2026-07-10 14:09:00,409.8,409.97,409.7614,409.945,12106
2026-07-10 14:10:00,409.945,410.25,409.82,410.18,34091
2026-07-10 14:11:00,410.11,410.28,409.8001,409.9801,22321
2026-07-10 14:12:00,410.015,410.74,410,410.65,79579
2026-07-10 14:13:00,410.65,410.68,410.46,410.64,40224
2026-07-10 14:14:00,410.67,411.19,410.55,410.57,104226
2026-07-10 14:15:00,410.578,410.7799,410.08,410.11,74715
2026-07-10 14:16:00,410.06,410.42,409.91,410.135,41625
2026-07-10 14:17:00,410.13,410.35,409.8201,409.91,33814
2026-07-10 14:18:00,409.96,410.1,409.8,409.92,52164
2026-07-10 14:19:00,409.8801,410.05,409.68,409.71,48738
2026-07-10 14:20:00,409.71,409.71,409.1,409.485,63241
2026-07-10 14:21:00,409.505,409.8,409.4551,409.67,30809
2026-07-10 14:22:00,409.725,409.9,409.6,409.77,74652
2026-07-10 14:23:00,409.795,409.8986,409.5,409.8,41790
2026-07-10 14:24:00,409.81,410,409.75,409.8503,37920
2026-07-10 14:25:00,409.83,409.99,409.54,409.7,37348
2026-07-10 14:26:00,409.705,409.8,409.54,409.68,12353
2026-07-10 14:27:00,409.6201,409.7,409.49,409.53,15910
2026-07-10 14:28:00,409.49,409.5139,409.221,409.3251,35170
2026-07-10 14:29:00,409.3799,409.39,408.82,408.92,57331
2026-07-10 14:30:00,408.95,409.1799,408.84,409.17,31638
2026-07-10 14:31:00,409.13,409.18,408.95,409.11,23889
2026-07-10 14:32:00,409.09,409.1416,408.92,409.045,37033
2026-07-10 14:33:00,409.065,409.27,409,409.04,36953
2026-07-10 14:34:00,409.05,409.06,408.77,408.915,33128
2026-07-10 14:35:00,408.895,408.91,408.39,408.39,57404
2026-07-10 14:36:00,408.35,408.4,407.8,408.1007,96969
2026-07-10 14:37:00,408.08,408.37,407.85,408.13,52150
2026-07-10 14:38:00,408.13,408.54,407.86,408.45,73120
2026-07-10 14:39:00,408.45,408.62,408.19,408.46,70867
2026-07-10 14:40:00,408.44,409,408.33,408.965,89144
2026-07-10 14:41:00,408.93,409.65,408.93,409.415,72726
2026-07-10 14:42:00,409.4092,409.71,409.15,409.42,55628
2026-07-10 14:43:00,409.44,409.5199,409.15,409.3461,32015
2026-07-10 14:44:00,409.305,409.4,409.215,409.3067,28278
2026-07-10 14:45:00,409.305,409.3783,408.745,408.785,52238
2026-07-10 14:46:00,408.8115,408.935,408.67,408.79,26771
2026-07-10 14:47:00,408.765,408.83,408.4,408.6361,42371
2026-07-10 14:48:00,408.7,408.73,408.21,408.285,18281
2026-07-10 14:49:00,408.24,408.5,408.24,408.34,33983
2026-07-10 14:50:00,408.44,408.44,408.2405,408.28,24333
2026-07-10 14:51:00,408.28,408.35,408.2,408.25,26870
2026-07-10 14:52:00,408.22,408.5,408.2,408.345,28764
2026-07-10 14:53:00,408.37,408.46,408.12,408.1807,39595
2026-07-10 14:54:00,408.18,408.48,408.1401,408.37,26992
2026-07-10 14:55:00,408.395,408.63,408.3301,408.5509,33025
2026-07-10 14:56:00,408.64,408.64,408.46,408.53,17244
2026-07-10 14:57:00,408.4901,408.8,408.4901,408.6999,27261
2026-07-10 14:58:00,408.66,408.99,408.57,408.61,35097
2026-07-10 14:59:00,408.57,408.63,408.32,408.47,30291
2026-07-10 15:00:00,408.5,408.72,408.37,408.67,37646
2026-07-10 15:01:00,408.65,409,408.61,408.94,43459
2026-07-10 15:02:00,408.95,409,408.85,408.9325,20146
2026-07-10 15:03:00,408.87,409.27,408.76,409.2638,76990
2026-07-10 15:04:00,409.24,409.33,408.89,409.1412,54523
2026-07-10 15:05:00,409.1709,409.26,408.8,408.935,54615
2026-07-10 15:06:00,408.935,409,408.75,408.83,31855
2026-07-10 15:07:00,408.83,408.9999,408.78,408.79,17215
2026-07-10 15:08:00,408.815,409,408.78,408.96,14413
2026-07-10 15:09:00,408.97,408.99,408.73,408.81,20384
2026-07-10 15:10:00,408.8,408.91,408.7901,408.86,18250
2026-07-10 15:11:00,408.92,408.99,408.6,408.64,36694
2026-07-10 15:12:00,408.66,408.88,408.65,408.84,30911
2026-07-10 15:13:00,408.865,409.13,408.83,408.98,63865
2026-07-10 15:14:00,408.9117,409.23,408.9117,409.13,35723
2026-07-10 15:15:00,409.13,409.17,409,409.07,16863
2026-07-10 15:16:00,409.065,409.3,409.065,409.25,31558
2026-07-10 15:17:00,409.25,409.48,408.9501,409.32,61978
2026-07-10 15:18:00,409.42,409.69,409.1201,409.65,49269
2026-07-10 15:19:00,409.69,409.77,409.5,409.6,37486
2026-07-10 15:20:00,409.6,409.66,409.4,409.65,44666
2026-07-10 15:21:00,409.62,409.6431,409.25,409.53,80757
2026-07-10 15:22:00,409.48,409.6699,409.35,409.5375,41775
2026-07-10 15:23:00,409.54,409.82,409.51,409.58,59653
2026-07-10 15:24:00,409.58,409.88,409.51,409.835,51783
2026-07-10 15:25:00,409.835,409.9192,409.6001,409.73,37831
2026-07-10 15:26:00,409.78,409.8399,409.08,409.515,85711
2026-07-10 15:27:00,409.49,409.65,409.0701,409.19,71521
2026-07-10 15:28:00,409.24,409.46,409.17,409.31,50359
2026-07-10 15:29:00,409.2699,409.3499,408.86,408.9,59138
2026-07-10 15:30:00,408.9,409.04,408.72,408.9299,35439
2026-07-10 15:31:00,408.905,409.18,408.85,409.14,48051
2026-07-10 15:32:00,409.14,409.45,409,409.25,67795
2026-07-10 15:33:00,409.25,409.25,408.86,409.0855,30000
2026-07-10 15:34:00,409.105,409.2799,409.05,409.21,22021
2026-07-10 15:35:00,409.25,409.25,408.94,409.06,37250
2026-07-10 15:36:00,409.12,409.2,408.89,408.99,25049
2026-07-10 15:37:00,408.97,409.67,408.97,409.615,53700
2026-07-10 15:38:00,409.63,410.14,409.51,409.9,112968
2026-07-10 15:39:00,409.92,409.92,409.62,409.74,34509
2026-07-10 15:40:00,409.78,409.94,409.695,409.75,33515
2026-07-10 15:41:00,409.81,409.91,409.615,409.9,35545
2026-07-10 15:42:00,409.9,410.1799,409.83,410.07,60022
2026-07-10 15:43:00,410.09,410.22,409.95,410.09,52490
2026-07-10 15:44:00,410.1783,410.33,410.0013,410.06,44219
2026-07-10 15:45:00,410.035,410.35,409.97,410.14,49764
2026-07-10 15:46:00,410.1,410.455,410.05,410.23,63773
2026-07-10 15:47:00,410.205,410.28,409.7,409.905,51426
2026-07-10 15:48:00,409.905,409.94,409.43,409.43,69353
2026-07-10 15:49:00,409.47,409.51,409,409.11,82487
2026-07-10 15:50:00,409.19,409.29,408.41,408.495,89116
2026-07-10 15:51:00,408.495,408.73,408.3,408.465,78868
2026-07-10 15:52:00,408.45,408.47,408.04,408.13,72590
2026-07-10 15:53:00,408.1,408.154,407.55,407.56,101044
2026-07-10 15:54:00,407.55,408.087,407.175,407.85,117245
2026-07-10 15:55:00,407.847,408.39,407.71,407.75,90100
2026-07-10 15:56:00,407.73,407.85,407.5,407.81,73301
2026-07-10 15:57:00,407.81,407.815,407.32,407.45,80885
2026-07-10 15:58:00,407.44,407.6199,407.37,407.475,82585
2026-07-10 15:59:00,407.5,407.87,407.45,407.6812,260298
2026-07-10 16:00:00,407.74,407.76,407.2,407.48,1835461
2026-07-10 16:01:00,407.49,407.5,407.3,407.3,10678
2026-07-10 16:02:00,407.36,407.58,407.3,407.5,6887
2026-07-10 16:03:00,407.5,407.64,407.25,407.5,9066
2026-07-10 16:04:00,407.3,407.58,407.3,407.51,6611
2026-07-10 16:05:00,407.5019,407.5559,407.5,407.54,1110
2026-07-10 16:06:00,407.55,407.58,407.5,407.5,3204
2026-07-10 16:07:00,407.5,407.51,407.36,407.45,1925
2026-07-10 16:08:00,407.4,407.44,407.4,407.4185,903
2026-07-10 16:09:00,407.44,407.52,407.38,407.5,8457
2026-07-10 16:10:00,407.4003,407.55,407.4003,407.55,969
2026-07-10 16:11:00,407.55,407.59,407.5239,407.54,1530
2026-07-10 16:12:00,407.54,407.6,407.46,407.48,1946
2026-07-10 16:13:00,407.45,407.51,407.45,407.49,637
2026-07-10 16:14:00,407.5005,407.5005,407.41,407.4304,2558
2026-07-10 16:15:00,407.4,407.47,407.4,407.47,1140
2026-07-10 16:16:00,407.47,407.5,407.41,407.41,1145
2026-07-10 16:17:00,407.4008,407.45,407.4,407.4102,1468
2026-07-10 16:18:00,407.448,407.4999,407.41,407.45,3968
2026-07-10 16:19:00,407.4505,407.48,407.4502,407.48,2783
2026-07-10 16:20:00,407.4787,407.4787,407.4,407.4065,929
2026-07-10 16:21:00,407.4,407.72,407.4,407.65,4681
2026-07-10 16:22:00,407.6505,407.7,407.6505,407.689,1080
2026-07-10 16:23:00,407.65,407.68,407.65,407.68,720
2026-07-10 16:24:00,407.65,407.69,407.65,407.65,997
2026-07-10 16:25:00,407.66,407.7,407.66,407.675,528
2026-07-10 16:26:00,407.67,407.6993,407.6597,407.6597,350
2026-07-10 16:27:00,407.65,407.7196,407.5286,407.7,1853
2026-07-10 16:28:00,407.71,407.7101,407.71,407.71,717
2026-07-10 16:30:00,407.57,407.57,407.56,407.56,1335
2026-07-10 16:31:00,407.72,407.75,407.72,407.75,579
2026-07-10 16:32:00,407.59,407.72,407.59,407.6,1159
2026-07-10 16:33:00,407.7104,407.76,407.7,407.7,1268
2026-07-10 16:34:00,407.65,407.68,407.61,407.61,1362
2026-07-10 16:35:00,407.6799,407.6799,407.61,407.61,1036
2026-07-10 16:36:00,407.67,407.705,407.67,407.7,1058
2026-07-10 16:37:00,407.7087,407.71,407.64,407.71,2858
2026-07-10 16:38:00,407.64,407.7,407.64,407.68,714
2026-07-10 16:39:00,407.7,407.7,407.65,407.65,401
2026-07-10 16:40:00,407.6796,407.69,407.6,407.6,442
2026-07-10 16:41:00,407.6,407.68,407.58,407.68,392
2026-07-10 16:42:00,407.62,407.62,407.62,407.62,157
2026-07-10 16:43:00,407.62,407.62,407.61,407.62,572
2026-07-10 16:44:00,407.6001,407.62,407.6,407.6,434
2026-07-10 16:45:00,407.62,407.62,407.6,407.6005,686
2026-07-10 16:46:00,407.59,407.59,407.45,407.45,1738
2026-07-10 16:47:00,407.48,407.52,407.48,407.52,362
2026-07-10 16:48:00,407.54,407.65,407.5,407.6021,1354
2026-07-10 16:49:00,407.68,407.71,407.5,407.71,2298
2026-07-10 16:50:00,407.69,407.69,407.55,407.596,338
2026-07-10 16:51:00,407.7,407.7,407.6,407.6,642
2026-07-10 16:52:00,407.6,407.71,407.6,407.65,921
2026-07-10 16:53:00,407.67,407.67,407.67,407.67,78
2026-07-10 16:54:00,407.5898,407.65,407.5898,407.65,796
2026-07-10 16:55:00,407.65,407.65,407.62,407.65,285
2026-07-10 16:56:00,407.65,407.67,407.65,407.67,459
2026-07-10 16:57:00,407.67,407.67,407.6526,407.669,717
2026-07-10 16:58:00,407.7,407.72,407.7,407.72,727
2026-07-10 16:59:00,407.68,407.72,407.65,407.72,1070
2026-07-10 17:00:00,407.7,407.7,407.7,407.7,72
2026-07-10 17:01:00,407.66,407.7074,407.65,407.6652,359
2026-07-10 17:03:00,407.65,407.65,407.65,407.65,638
2026-07-10 17:04:00,407.68,407.68,407.68,407.68,53
2026-07-10 17:05:00,407.6501,407.6501,407.64,407.65,1119
2026-07-10 17:06:00,407.7,407.7205,407.65,407.7205,1436
2026-07-10 17:07:00,407.72,407.73,407.65,407.65,1676
2026-07-10 17:08:00,407.65,407.65,407.65,407.65,299
2026-07-10 17:09:00,407.65,407.65,407.62,407.6461,981
2026-07-10 17:10:00,407.62,407.62,407.6,407.6,703
2026-07-10 17:11:00,407.59,407.59,407.58,407.58,656
2026-07-10 17:12:00,407.57,407.57,407.57,407.57,1000
2026-07-10 17:13:00,407.511,407.511,407.5,407.5,629
2026-07-10 17:14:00,407.5,407.5,407.45,407.45,1287
2026-07-10 17:15:00,407.55,407.55,407.55,407.55,49
2026-07-10 17:16:00,407.45,407.45,407.41,407.41,2464
2026-07-10 17:17:00,407.5,407.5,407.47,407.47,305
2026-07-10 17:18:00,407.4565,407.4565,407.4565,407.4565,200
2026-07-10 17:19:00,407.4606,407.5,407.46,407.5,738
2026-07-10 17:20:00,407.45,407.45,407.45,407.45,123
2026-07-10 17:21:00,407.5,407.5,407.41,407.47,317
2026-07-10 17:22:00,407.5,407.56,407.42,407.56,260
2026-07-10 17:23:00,407.41,407.44,407.4,407.4,343
2026-07-10 17:24:00,407.43,407.4405,407.39,407.4,641
2026-07-10 17:25:00,407.415,407.4409,407.415,407.4409,180
2026-07-10 17:26:00,407.38,407.4489,407.38,407.4489,550
2026-07-10 17:27:00,407.4435,407.4435,407.408,407.408,350
2026-07-10 17:28:00,407.4039,407.4039,407.4039,407.4039,100
2026-07-10 17:29:00,407.43,407.5,407.42,407.5,2130
2026-07-10 17:31:00,407.5,407.5,407.5,407.5,100
2026-07-10 17:32:00,407.5657,407.5657,407.5657,407.5657,100
2026-07-10 17:33:00,407.58,407.58,407.58,407.58,50
2026-07-10 17:34:00,407.4961,407.4961,407.4961,407.4961,100
2026-07-10 17:35:00,407.4702,407.4709,407.4702,407.4709,326
2026-07-10 17:36:00,407.4807,407.4807,407.4807,407.4807,50
2026-07-10 17:37:00,407.4899,407.4899,407.4899,407.4899,70
2026-07-10 17:38:00,407.5,407.5,407.47,407.47,422
2026-07-10 17:39:00,407.47,407.4701,407.4,407.4274,250
2026-07-10 17:40:00,407.4,407.4,407.3,407.3,391
2026-07-10 17:41:00,407.29,407.38,407.2001,407.38,1921
2026-07-10 17:42:00,407.4,407.4,407.226,407.3411,160
2026-07-10 17:43:00,407.2184,407.2184,407.2184,407.2184,100
2026-07-10 17:45:00,407.2,407.2,407.2,407.2,60
2026-07-10 17:46:00,407.2183,407.31,407.2,407.31,647
2026-07-10 17:47:00,407.25,407.3,407.25,407.3,540
2026-07-10 17:48:00,407.2275,407.2275,407.2275,407.2275,100
2026-07-10 17:49:00,407.25,407.25,407.25,407.25,50
2026-07-10 17:50:00,407.3492,407.3492,407.3492,407.3492,50
2026-07-10 17:52:00,407.25,407.37,407.25,407.37,554
2026-07-10 17:54:00,407.37,407.37,407.23,407.23,180
2026-07-10 17:55:00,407.26,407.26,407.26,407.26,60
2026-07-10 17:56:00,407.2814,407.2814,407.2814,407.2814,50
2026-07-10 17:58:00,407.32,407.38,407.32,407.38,150
2026-07-10 17:59:00,407.35,407.35,407.35,407.35,245
2026-07-10 18:01:00,407.36,407.36,407.36,407.36,50
2026-07-10 18:04:00,407.3626,407.3636,407.36,407.36,450
2026-07-10 18:05:00,407.32,407.33,407.2,407.2,699
2026-07-10 18:06:00,407.245,407.245,407.245,407.245,175
2026-07-10 18:07:00,407.24,407.24,407.24,407.24,137
2026-07-10 18:08:00,407.24,407.24,407.2052,407.2052,126
2026-07-10 18:09:00,407.24,407.25,407.24,407.25,213
2026-07-10 18:10:00,407.24,407.24,407.21,407.2199,328
2026-07-10 18:11:00,407.21,407.2194,407.21,407.2194,267
2026-07-10 18:12:00,407.22,407.22,407.12,407.12,1610
2026-07-10 18:13:00,407.12,407.22,407.12,407.22,650
2026-07-10 18:14:00,407.22,407.22,407.1068,407.1068,550
2026-07-10 18:15:00,407.1215,407.14,407.1201,407.1201,750
2026-07-10 18:16:00,407.1206,407.15,407.1206,407.15,225
2026-07-10 18:18:00,407.2,407.2,407.2,407.2,40
2026-07-10 18:19:00,407.1549,407.19,407.15,407.19,381
2026-07-10 18:20:00,407.17,407.2,407.17,407.17,429
2026-07-10 18:21:00,407.17,407.188,407.1314,407.1314,329
2026-07-10 18:23:00,407.18,407.18,407.18,407.18,100
2026-07-10 18:25:00,407.16,407.16,407.16,407.16,154
2026-07-10 18:26:00,407.12,407.12,407.12,407.12,818
2026-07-10 18:27:00,407.12,407.12,407.1026,407.11,213
2026-07-10 18:28:00,407.1,407.12,407.09,407.12,1852
2026-07-10 18:29:00,407.15,407.15,407.03,407.03,160
2026-07-10 18:30:00,407.11,407.11,407.11,407.11,300
2026-07-10 18:31:00,407.0797,407.0797,407.05,407.05,575
2026-07-10 18:34:00,407.0502,407.0502,407.0502,407.0502,140
2026-07-10 18:35:00,407.0501,407.0501,407.0501,407.0501,50
2026-07-10 18:36:00,407.06,407.06,407.06,407.06,100
2026-07-10 18:37:00,407.07,407.07,407.06,407.06,955
2026-07-10 18:38:00,407.0587,407.0587,407.05,407.05,195
2026-07-10 18:39:00,407.07,407.07,407.05,407.07,633
2026-07-10 18:40:00,407.0887,407.0887,407.0378,407.0378,235
2026-07-10 18:42:00,407.07,407.07,407.07,407.07,242
2026-07-10 18:43:00,407.0701,407.08,407.0617,407.0617,506
2026-07-10 18:45:00,407.07,407.09,407.07,407.09,344
2026-07-10 18:46:00,407.0686,407.0686,407.0686,407.0686,330
2026-07-10 18:47:00,407.06,407.06,407.0352,407.05,348
2026-07-10 18:48:00,407.0401,407.05,407.04,407.04,267
2026-07-10 18:49:00,407.0687,407.0687,407.05,407.05,150
2026-07-10 18:50:00,407.07,407.07,407.03,407.06,1636
2026-07-10 18:51:00,407.05,407.05,407.05,407.05,125
2026-07-10 18:52:00,407.03,407.0302,407.03,407.0302,312
2026-07-10 18:53:00,407.0302,407.0302,407.03,407.03,200
2026-07-10 18:54:00,407.0483,407.05,407.0483,407.05,685
2026-07-10 18:55:00,407.0309,407.05,407.0309,407.05,600
2026-07-10 18:56:00,407.04,407.05,407.04,407.04,341
2026-07-10 18:57:00,407.05,407.05,407.0499,407.0499,1480
2026-07-10 18:58:00,407.05,407.0983,407.03,407.09,2531
2026-07-10 18:59:00,407.1,407.1,407.05,407.1,346
2026-07-10 19:00:00,407.1,407.1,407.1,407.1,667
2026-07-10 19:01:00,407.05,407.05,407.05,407.05,64
2026-07-10 19:02:00,407.24,407.24,407.24,407.24,80
2026-07-10 19:03:00,407.24,407.4,407.24,407.4,2315
2026-07-10 19:04:00,407.4,407.4,407.4,407.4,90
2026-07-10 19:05:00,407.2,407.4,407.2,407.29,938
2026-07-10 19:06:00,407.361,407.361,407.11,407.11,150
2026-07-10 19:07:00,407.25,407.25,407.25,407.25,40
2026-07-10 19:08:00,407.3,407.3,407.29,407.29,140
2026-07-10 19:09:00,407.1,407.1,407.1,407.1,174
2026-07-10 19:11:00,407.126,407.126,407.126,407.126,155
2026-07-10 19:12:00,407.23,407.23,407.23,407.23,50
2026-07-10 19:13:00,407.21,407.21,407.21,407.21,50
2026-07-10 19:14:00,407.23,407.23,407.22,407.22,144
2026-07-10 19:15:00,407.2,407.2,407.2,407.2,500
2026-07-10 19:17:00,407.3,407.3,407.3,407.3,50
2026-07-10 19:18:00,407.28,407.28,407.28,407.28,1000
2026-07-10 19:19:00,407.19,407.25,407.13,407.25,221
2026-07-10 19:20:00,407.2,407.2,407.2,407.2,100
2026-07-10 19:21:00,407.16,407.16,407.16,407.16,76
2026-07-10 19:22:00,407.1545,407.1545,407.1545,407.1545,50
2026-07-10 19:24:00,407.16,407.16,407.16,407.16,49
2026-07-10 19:25:00,407.1252,407.16,407.1252,407.16,150
2026-07-10 19:26:00,407.16,407.25,407.16,407.25,499
2026-07-10 19:27:00,407.27,407.2761,407.27,407.2761,370
2026-07-10 19:28:00,407.28,407.28,407.26,407.27,554
2026-07-10 19:29:00,407.27,407.27,407.27,407.27,81
2026-07-10 19:30:00,407.34,407.34,407.3094,407.3094,136
2026-07-10 19:31:00,407.3008,407.4,407.3008,407.4,2406
2026-07-10 19:32:00,407.4228,407.4483,407.3916,407.44,538
2026-07-10 19:33:00,407.4974,407.51,407.4974,407.51,1455
2026-07-10 19:34:00,407.55,407.55,407.51,407.55,6250
2026-07-10 19:35:00,407.5,407.5,407.49,407.5,353
2026-07-10 19:36:00,407.47,407.47,407.44,407.47,600
2026-07-10 19:37:00,407.47,407.47,407.47,407.47,64
2026-07-10 19:38:00,407.3653,407.3653,407.3653,407.3653,49
2026-07-10 19:39:00,407.36,407.36,407.36,407.36,280
2026-07-10 19:40:00,407.45,407.45,407.45,407.45,420
2026-07-10 19:41:00,407.49,407.5,407.3,407.3,854
2026-07-10 19:42:00,407.41,407.44,407.41,407.44,443
2026-07-10 19:43:00,407.415,407.415,407.415,407.415,300
2026-07-10 19:44:00,407.41,407.42,407.41,407.41,1094
2026-07-10 19:46:00,407.4,407.45,407.3,407.45,791
2026-07-10 19:47:00,407.4,407.4488,407.4,407.4488,150
2026-07-10 19:48:00,407.4,407.4001,407.4,407.4001,150
2026-07-10 19:49:00,407.4065,407.44,407.4065,407.43,210
2026-07-10 19:50:00,407.4001,407.43,407.4001,407.43,899
2026-07-10 19:51:00,407.43,407.45,407.4299,407.45,1360
2026-07-10 19:52:00,407.4101,407.4101,407.4101,407.4101,545
2026-07-10 19:53:00,407.43,407.58,407.43,407.5796,1041
2026-07-10 19:54:00,407.58,407.61,407.58,407.6,243
2026-07-10 19:55:00,407.65,407.65,407.5,407.5,502
2026-07-10 19:56:00,407.5,407.65,407.5,407.6314,978
2026-07-10 19:57:00,407.61,407.61,407.5,407.6,1193
2026-07-10 19:58:00,407.5,407.6,407.5,407.57,2684
2026-07-10 19:59:00,407.5652,407.6,407.5652,407.59,2423
2026-07-13 04:00:00,401.5,402.67,398.07,401.5,34788
2026-07-13 04:01:00,401.37,401.89,398.5,398.95,75692
2026-07-13 04:02:00,399.95,401.9,398.55,401.68,45988
2026-07-13 04:03:00,401.54,401.63,401.22,401.5,789
2026-07-13 04:04:00,401.54,401.75,401.54,401.75,309
2026-07-13 04:05:00,401.66,401.8,398.79,401.35,1706
2026-07-13 04:06:00,401.8,401.8,401.8,401.8,1241
2026-07-13 04:07:00,401.7686,401.8,401.73,401.735,388
2026-07-13 04:08:00,401.8,402.2,401.7353,402.0251,2017
2026-07-13 04:09:00,402.25,402.86,402.25,402.86,481
2026-07-13 04:10:00,402.8,402.86,402.7,402.86,1521
2026-07-13 04:11:00,402.25,402.86,402.25,402.86,1004
2026-07-13 04:12:00,402.71,402.86,402.71,402.76,590
2026-07-13 04:13:00,402.71,402.71,402.7,402.7,194
2026-07-13 04:14:00,402.56,402.77,402.56,402.76,250
2026-07-13 04:15:00,402.7,402.81,402.7,402.81,104
2026-07-13 04:16:00,402.86,403,402.86,403,2916
2026-07-13 04:17:00,403.4,403.4,403.4,403.4,188
2026-07-13 04:18:00,403.4,403.4,403.2,403.2,1615
2026-07-13 04:19:00,403.25,403.25,403,403,230
2026-07-13 04:20:00,402.57,402.97,402.57,402.72,330
2026-07-13 04:21:00,402.62,402.62,402.4,402.4,440
2026-07-13 04:22:00,402.28,402.3,402.1,402.1,432
2026-07-13 04:23:00,402.18,402.43,402.16,402.43,755
2026-07-13 04:24:00,402.32,402.44,402.32,402.37,517
2026-07-13 04:25:00,402.4,402.44,402.4,402.44,1326
2026-07-13 04:26:00,402.44,402.92,402.44,402.92,2017
2026-07-13 04:27:00,402.9171,402.9171,402.8232,402.8232,590
2026-07-13 04:28:00,402.855,402.92,402.8,402.92,439
2026-07-13 04:29:00,402.75,402.75,402.74,402.74,125
2026-07-13 04:30:00,402.5,402.5,402.5,402.5,100
2026-07-13 04:31:00,402.6,402.7,402.5355,402.6,627
2026-07-13 04:32:00,402.55,402.66,402.475,402.66,722
2026-07-13 04:33:00,402.48,402.59,402.06,402.59,538
2026-07-13 04:34:00,402.24,402.24,402.2,402.2,177
2026-07-13 04:35:00,402.24,402.24,402.24,402.24,439
2026-07-13 04:36:00,402.3,402.3,402.16,402.16,353
2026-07-13 04:37:00,402.36,402.36,402.33,402.33,400
2026-07-13 04:39:00,402.33,402.7,402.33,402.7,279
2026-07-13 04:40:00,402.59,402.59,402.59,402.59,49
2026-07-13 04:41:00,402.6776,402.6776,402.6776,402.6776,220
2026-07-13 04:42:00,402.61,402.7,402.5,402.5,865
2026-07-13 04:48:00,402.78,402.8585,402.78,402.79,166
2026-07-13 04:49:00,402.8078,402.8078,402.8078,402.8078,60
2026-07-13 04:51:00,402.89,403.01,402.89,403.01,466
2026-07-13 04:52:00,403.18,403.18,403,403.17,695
2026-07-13 04:53:00,403,403.1691,403,403.09,189
2026-07-13 04:54:00,403.01,403.0695,402.6,402.6,861
2026-07-13 04:55:00,403.01,403.01,402.72,402.72,137
2026-07-13 04:56:00,402.75,402.75,402.625,402.625,117
2026-07-13 04:57:00,402.61,402.75,402.5,402.5,1562
2026-07-13 04:58:00,402.5,402.5,402.5,402.5,40
2026-07-13 04:59:00,402.3827,402.3827,402.3827,402.3827,518
2026-07-13 05:00:00,402.75,402.75,402.65,402.65,131
2026-07-13 05:02:00,402.82,402.82,402.82,402.82,88
2026-07-13 05:03:00,402.67,402.67,402.65,402.65,299
2026-07-13 05:04:00,402.5178,402.5178,402.5178,402.5178,60
2026-07-13 05:05:00,402.5,402.5,402.285,402.38,655
2026-07-13 05:06:00,402.4104,402.455,402.07,402.07,1580
2026-07-13 05:07:00,402.15,402.25,402.099,402.1286,436
2026-07-13 05:08:00,402.375,402.375,402.375,402.375,41
2026-07-13 05:09:00,402.1,402.18,402.1,402.18,90
2026-07-13 05:10:00,402.1051,402.42,402.1051,402.19,360
2026-07-13 05:11:00,402.16,402.6,402.16,402.38,526
2026-07-13 05:13:00,402.61,402.85,402.61,402.7,582
2026-07-13 05:14:00,402.96,402.96,402.96,402.96,576
2026-07-13 05:15:00,402.83,403,402.83,403,582
2026-07-13 05:16:00,402.95,403.1,402.95,403.1,1420
2026-07-13 05:17:00,403.2,403.28,403.2,403.268,172
2026-07-13 05:18:00,403.18,403.28,403.18,403.28,218
2026-07-13 05:19:00,403.39,403.4785,403.375,403.375,235
2026-07-13 05:21:00,403.5232,403.65,403.5232,403.65,190
2026-07-13 05:22:00,403.7,403.7,403.7,403.7,329
2026-07-13 05:23:00,403.92,403.92,403.81,403.81,341
2026-07-13 05:24:00,403.82,403.89,403.7,403.7,1712
2026-07-13 05:25:00,403.7,403.7,403.7,403.7,80
2026-07-13 05:26:00,403.6,403.77,403.58,403.58,267
2026-07-13 05:27:00,403.7,403.7,403.7,403.7,80
2026-07-13 05:28:00,403.52,403.55,403.5,403.5,281
2026-07-13 05:29:00,403.51,403.51,403.51,403.51,100
2026-07-13 05:30:00,403.6,403.64,403.58,403.64,198
2026-07-13 05:31:00,403.74,403.74,403.7,403.7,474
2026-07-13 05:32:00,403.7,403.7,403.7,403.7,94
2026-07-13 05:33:00,403.7,404,403.7,404,564
2026-07-13 05:34:00,403.9389,403.9389,403.7369,403.855,223
2026-07-13 05:35:00,403.85,403.85,403.8453,403.8453,195
2026-07-13 05:36:00,403.85,403.85,403.76,403.76,551
2026-07-13 05:37:00,403.7812,403.7812,403.7812,403.7812,100
2026-07-13 05:38:00,403.73,403.91,403.6,403.91,371
2026-07-13 05:40:00,403.75,403.75,403.75,403.75,200
2026-07-13 05:42:00,403.5,403.5,403.5,403.5,2664
2026-07-13 05:44:00,403.4,403.48,403.4,403.48,90
2026-07-13 05:45:00,403.0463,403.5,403.0463,403.5,651
2026-07-13 05:46:00,403.67,403.7,403.67,403.7,95
2026-07-13 05:48:00,403.7,403.75,403.7,403.74,337
2026-07-13 05:49:00,403.52,403.74,403.52,403.74,139
2026-07-13 05:50:00,403.738,403.738,403.5608,403.5608,361
2026-07-13 05:51:00,403.55,403.55,403.55,403.55,50
2026-07-13 05:52:00,403.5,403.51,403.5,403.5,1113
2026-07-13 05:53:00,403.6,403.6,403.5,403.6,596
2026-07-13 05:54:00,403.51,403.51,403.51,403.51,61
2026-07-13 05:55:00,403.62,403.62,403.62,403.62,176
2026-07-13 05:56:00,403.5,403.5,403.5,403.5,320
2026-07-13 05:57:00,403.63,403.63,403.63,403.63,63
2026-07-13 06:00:00,403.51,403.65,403.51,403.65,190
2026-07-13 06:02:00,403.63,403.69,403.63,403.69,370
2026-07-13 06:05:00,403.8,403.85,403.8,403.85,501
2026-07-13 06:06:00,403.69,403.7,403.69,403.69,222
2026-07-13 06:08:00,403.698,403.698,403.698,403.698,100
2026-07-13 06:09:00,403.833,403.833,403.775,403.8,231
2026-07-13 06:10:00,403.78,403.78,403.299,403.299,1446
2026-07-13 06:11:00,403.42,403.42,403.39,403.39,174
2026-07-13 06:12:00,403.46,403.46,403.1,403.1,90
2026-07-13 06:13:00,403.328,403.328,403.328,403.328,60
2026-07-13 06:14:00,403.32,403.45,403.32,403.45,106
2026-07-13 06:15:00,403.38,403.38,403.38,403.38,80
2026-07-13 06:16:00,403.4,403.4,403.4,403.4,100
2026-07-13 06:17:00,403.47,403.525,403.4,403.4,146
2026-07-13 06:18:00,403.6,403.8,403.6,403.65,414
2026-07-13 06:19:00,403.94,404.01,403.94,404,1928
2026-07-13 06:20:00,404,404,404,404,80
2026-07-13 06:22:00,403.9757,403.9757,403.9757,403.9757,149
2026-07-13 06:23:00,403.88,403.9866,403.88,403.9866,1117
2026-07-13 06:24:00,404,404,403.775,403.98,1280
2026-07-13 06:25:00,403.9607,403.9607,403.81,403.81,123
2026-07-13 06:27:00,403.79,403.82,403.79,403.82,110
2026-07-13 06:28:00,403.76,403.7654,403.685,403.685,1017
2026-07-13 06:31:00,403.75,403.75,403.75,403.75,820
2026-07-13 06:33:00,403.73,403.73,403.66,403.66,204
2026-07-13 06:34:00,403.5,403.5,403.4,403.44,730
2026-07-13 06:35:00,403.45,403.45,403.45,403.45,93
2026-07-13 06:36:00,403.5,403.5,403.5,403.5,64
2026-07-13 06:38:00,403.5,403.5,403.5,403.5,488
2026-07-13 06:39:00,403.53,403.56,403.53,403.56,156
2026-07-13 06:40:00,403.61,403.61,403.61,403.61,40
2026-07-13 06:42:00,403.4,403.4,403.4,403.4,151
2026-07-13 06:43:00,403.3,403.3,403.3,403.3,75
2026-07-13 06:45:00,403.33,403.33,403.33,403.33,40
2026-07-13 06:46:00,403.42,403.42,403.42,403.42,60
2026-07-13 06:48:00,403.5,403.5,403.5,403.5,62
2026-07-13 06:49:00,403.55,403.6,403.55,403.6,147
2026-07-13 06:51:00,403.41,403.4944,403.41,403.4944,365
2026-07-13 06:53:00,403.53,403.64,403.53,403.5639,700
2026-07-13 06:55:00,403.74,403.75,403.74,403.75,230
2026-07-13 06:56:00,403.9,403.9,403.9,403.9,53
2026-07-13 06:57:00,403.9,404.05,403.9,404.05,963
2026-07-13 06:58:00,403.98,404.49,403.91,404.3094,2684
2026-07-13 06:59:00,404.32,404.4594,404.112,404.4594,526
2026-07-13 07:00:00,404.44,405.61,404.03,405.28,13953
2026-07-13 07:01:00,405.5278,405.6,405.2347,405.6,3865
2026-07-13 07:02:00,405.5,405.5,405.05,405.08,1509
2026-07-13 07:03:00,405.1682,405.71,405.11,405.21,3268
2026-07-13 07:04:00,405.52,405.759,405.21,405.759,933
2026-07-13 07:05:00,405.76,405.87,405.5,405.87,1884
2026-07-13 07:06:00,405.8419,405.9,405.5001,405.59,1575
2026-07-13 07:07:00,405.59,406,405.59,405.8,1664
2026-07-13 07:08:00,405.9006,405.91,405.5,405.5,6607
2026-07-13 07:09:00,405.6,405.6,405.5,405.55,714
2026-07-13 07:10:00,405.55,405.55,405.33,405.33,200
2026-07-13 07:11:00,405.4,405.45,405.21,405.21,1498
2026-07-13 07:12:00,405.21,405.55,405.06,405.55,15316
2026-07-13 07:13:00,405.55,405.55,405,405.2894,2752
2026-07-13 07:14:00,405.45,405.45,405.0787,405.28,580
2026-07-13 07:15:00,405.0953,405.2,405.0953,405.2,350
2026-07-13 07:16:00,405.0195,405.03,405,405,226
2026-07-13 07:17:00,405.2,405.2,405,405,2031
2026-07-13 07:18:00,404.8,404.8,404.72,404.781,198
2026-07-13 07:19:00,404.9768,404.9768,404.7568,404.7568,350
2026-07-13 07:20:00,404.6688,404.705,404.5,404.526,1186
2026-07-13 07:21:00,404.5,404.6,404.5,404.6,671
2026-07-13 07:22:00,404.98,404.98,404.8623,404.8623,201
2026-07-13 07:23:00,404.61,404.79,404.61,404.79,250
2026-07-13 07:24:00,404.7779,404.7779,404.71,404.71,180
2026-07-13 07:25:00,404.7,404.8,404.7,404.75,836
2026-07-13 07:26:00,404.8,404.8,404.8,404.8,45
2026-07-13 07:27:00,404.959,404.99,404.8,404.97,770
2026-07-13 07:28:00,404.98,405,404.98,405,354
2026-07-13 07:29:00,405.21,405.21,405.1,405.1,676
2026-07-13 07:30:00,405.01,405.25,405.01,405.25,644
2026-07-13 07:31:00,405,405.2,404.895,404.99,1864
2026-07-13 07:32:00,405,405.2,405,405.0195,313
2026-07-13 07:33:00,405.09,405.15,405,405,859
2026-07-13 07:34:00,405.1,405.1,405.05,405.05,160
2026-07-13 07:35:00,405.1,405.1,404.85,404.85,415
2026-07-13 07:36:00,404.9,405,404.89,405,1162
2026-07-13 07:37:00,404.95,405,404.91,404.9533,1255
2026-07-13 07:38:00,405,405,404.95,404.95,428
2026-07-13 07:39:00,404.9,404.9,404.9,404.9,820
2026-07-13 07:40:00,405.01,405.438,404.95,405.2083,7525
2026-07-13 07:41:00,405.11,405.11,404.98,404.98,389
2026-07-13 07:42:00,404.91,405,404.9,404.9,1825
2026-07-13 07:43:00,404.9886,404.9886,404.77,404.77,337
2026-07-13 07:45:00,404.82,404.83,404.8,404.83,480
2026-07-13 07:46:00,404.71,404.76,404.6059,404.685,1036
2026-07-13 07:47:00,404.65,404.65,404.6,404.613,330
2026-07-13 07:48:00,404.7,404.75,404.6,404.7414,504
2026-07-13 07:49:00,404.7286,404.7286,404.573,404.7,1266
2026-07-13 07:50:00,404.8,404.9175,404.7,404.9,902
2026-07-13 07:51:00,404.82,404.82,404.82,404.82,54
2026-07-13 07:53:00,404.75,404.86,404.71,404.71,383
2026-07-13 07:54:00,404.74,404.77,404.6,404.77,943
2026-07-13 07:55:00,404.87,404.88,404.64,404.78,408
2026-07-13 07:56:00,404.7004,404.9097,404.6557,404.75,1205
2026-07-13 07:57:00,404.68,404.75,404.5,404.5169,1132
2026-07-13 07:58:00,404.5142,404.55,404.5142,404.55,137
2026-07-13 07:59:00,404.6,404.7,404.56,404.56,952
2026-07-13 08:00:00,404.53,404.5993,404.44,404.44,2188
2026-07-13 08:01:00,404.3731,404.3731,404,404.3545,2569
2026-07-13 08:02:00,404.22,404.22,404.1234,404.2,721
2026-07-13 08:03:00,404.17,404.17,404.08,404.08,229
2026-07-13 08:04:00,404.15,404.15,404.15,404.15,50
2026-07-13 08:05:00,404.01,404.25,404.01,404.1083,445
2026-07-13 08:06:00,404.1132,404.1231,404.1132,404.1231,200
2026-07-13 08:07:00,404.1059,404.2,404.1,404.1025,756
2026-07-13 08:08:00,404.0984,404.1,404.0101,404.1,595
2026-07-13 08:09:00,404.2,404.26,404.0366,404.26,1647
2026-07-13 08:10:00,404.2899,404.46,404.2899,404.46,201
2026-07-13 08:11:00,404.43,404.5,404,404,1813
2026-07-13 08:12:00,404,404.0198,403.74,403.91,2216
2026-07-13 08:13:00,403.93,404.31,403.8,404.18,939
2026-07-13 08:14:00,404.21,404.24,403.9421,404.2,685
2026-07-13 08:15:00,404.34,404.34,404.26,404.26,240
2026-07-13 08:16:00,404.1,404.2,404.08,404.08,853
2026-07-13 08:17:00,404.0023,404.0085,404,404.0085,1150
2026-07-13 08:18:00,404,404,404,404,50
2026-07-13 08:19:00,404.0187,404.1,404.01,404.0148,523
2026-07-13 08:20:00,404.1,404.1,403.9001,403.9001,1993
2026-07-13 08:21:00,403.9101,403.9122,403.9101,403.9122,1100
2026-07-13 08:22:00,403.94,403.987,403.92,403.987,3043
2026-07-13 08:23:00,403.9,403.9,403.69,403.8,3073
2026-07-13 08:24:00,403.7,403.7,403.69,403.69,304
2026-07-13 08:25:00,403.67,403.69,403.67,403.67,347
2026-07-13 08:26:00,403.6153,403.67,403.5,403.57,2190
2026-07-13 08:27:00,403.52,403.52,403,403.3833,816
2026-07-13 08:28:00,403.374,403.374,403.2,403.2001,760
2026-07-13 08:29:00,403.2,403.2,403.01,403.0293,2441
2026-07-13 08:30:00,403.04,403.1,402.87,402.91,5185
2026-07-13 08:31:00,402.876,402.91,402.84,402.84,700
2026-07-13 08:32:00,402.81,402.9,402.72,402.76,2310
2026-07-13 08:33:00,402.74,402.9471,402.66,402.66,2719
2026-07-13 08:34:00,402.83,402.87,402.7522,402.7522,1150
2026-07-13 08:35:00,402.82,402.83,402.75,402.8054,1326
2026-07-13 08:36:00,402.83,403.0063,402.81,402.91,1351
2026-07-13 08:37:00,403.21,403.5346,402.85,403.5346,3057
2026-07-13 08:38:00,403.59,403.59,403.23,403.3163,812
2026-07-13 08:39:00,403.2586,403.61,403.23,403.61,1951
2026-07-13 08:40:00,403.45,403.6,403.33,403.33,3020
2026-07-13 08:41:00,403.6,403.6,403.23,403.23,626
2026-07-13 08:42:00,403.4317,403.4317,403,403.0767,390
2026-07-13 08:43:00,403.0612,403.4473,403.0612,403.4473,267
2026-07-13 08:44:00,403.1539,403.9258,403.1539,403.9258,1977
2026-07-13 08:45:00,403.91,403.97,403.8,403.97,1914
2026-07-13 08:46:00,403.97,404.39,403.87,404.33,5249
2026-07-13 08:47:00,404.17,404.3133,404,404,711
2026-07-13 08:48:00,404.22,404.22,404.02,404.02,395
2026-07-13 08:49:00,404.13,404.29,404.13,404.14,373
2026-07-13 08:50:00,404.34,404.49,404.34,404.45,450
2026-07-13 08:51:00,404.38,404.4235,404.25,404.25,718
2026-07-13 08:52:00,404.324,404.33,404.02,404.02,2400
2026-07-13 08:53:00,404.1184,404.2027,404.1107,404.1107,270
2026-07-13 08:54:00,404.0434,404.11,404.0434,404.07,393
2026-07-13 08:55:00,404.0652,404.15,404.0652,404.11,524
2026-07-13 08:56:00,404.08,404.15,404.02,404.02,435
2026-07-13 08:57:00,403.88,403.88,403.76,403.76,545
2026-07-13 08:58:00,403.7364,403.92,403.7364,403.8786,349
2026-07-13 08:59:00,404.1,404.1563,404.065,404.1563,1136
2026-07-13 09:00:00,404,404.2,403.9,403.9,723
2026-07-13 09:01:00,403.7,404.01,403.7,404.01,364
2026-07-13 09:02:00,404.1,404.18,404.1,404.1303,206
2026-07-13 09:03:00,404.03,404.44,403.91,404.02,1412
2026-07-13 09:04:00,404.4225,404.4225,404.056,404.25,345
2026-07-13 09:05:00,404.0324,404.5,404.0324,404.5,2378
2026-07-13 09:06:00,404.38,404.38,404.05,404.05,1511
2026-07-13 09:07:00,404.18,404.18,404,404.07,786
2026-07-13 09:08:00,404.09,404.29,404.03,404.03,6148
2026-07-13 09:09:00,404.13,404.2592,404.1152,404.13,1613
2026-07-13 09:10:00,404.13,404.2128,404.11,404.2128,1228
2026-07-13 09:11:00,404.13,404.13,404.1,404.1,276
2026-07-13 09:12:00,404.07,404.1283,404.07,404.1283,206
2026-07-13 09:13:00,404.06,404.1,404,404.0017,625
2026-07-13 09:14:00,404,404,403.7,403.7,1497
2026-07-13 09:15:00,403.78,403.8,403.65,403.74,2115
2026-07-13 09:16:00,403.66,403.731,403.5195,403.731,939
2026-07-13 09:17:00,403.68,403.74,403.51,403.7,1349
2026-07-13 09:18:00,403.79,403.8,403.78,403.78,3606
2026-07-13 09:19:00,403.66,403.68,403.5,403.5,3441
2026-07-13 09:20:00,403.51,403.75,403.5,403.59,1331
2026-07-13 09:21:00,403.5049,403.59,403.5049,403.59,265
2026-07-13 09:22:00,403.57,403.75,403.51,403.75,1761
2026-07-13 09:23:00,403.57,403.57,403.15,403.3,3787
2026-07-13 09:24:00,403.46,403.47,403.25,403.38,1248
2026-07-13 09:25:00,403.4678,403.4678,403,403.1,1766
2026-07-13 09:26:00,403.2,403.22,402.8123,402.8123,1987
2026-07-13 09:27:00,403,403.2,402.8,403,3774
2026-07-13 09:28:00,403.48,404.41,403.48,404.41,4366
2026-07-13 09:29:00,404.18,404.62,404,404.62,2091
2026-07-13 09:30:00,404.67,405.6,400.2401,401.77,463291
2026-07-13 09:31:00,401.37,401.97,399.71,400.585,163755
2026-07-13 09:32:00,400.7,401.2199,400.09,400.575,99307
2026-07-13 09:33:00,400.46,400.88,399.7601,400.6547,111610
2026-07-13 09:34:00,400.55,401.4897,400.2029,400.42,118452
2026-07-13 09:35:00,400.33,400.47,397.37,397.4532,239437
2026-07-13 09:36:00,397.49,398.04,396.56,396.5706,258494
2026-07-13 09:37:00,396.65,396.8,395.65,395.86,186999
2026-07-13 09:38:00,395.85,397.2,395.65,396.8,156825
2026-07-13 09:39:00,396.74,397.17,396.37,396.41,116420
2026-07-13 09:40:00,396.39,396.87,395.32,395.565,160434
2026-07-13 09:41:00,395.565,395.885,395,395.3,170586
2026-07-13 09:42:00,395.24,395.52,395,395.28,105134
2026-07-13 09:43:00,395.24,395.75,394.811,395.68,136208
2026-07-13 09:44:00,395.66,397.19,395.64,397.035,178737
2026-07-13 09:45:00,397.07,397.26,396.36,396.82,159065
2026-07-13 09:46:00,396.9289,397.18,396.441,396.5534,135528
2026-07-13 09:47:00,396.52,396.59,395.8,395.8,110127
2026-07-13 09:48:00,395.905,396.6,395.8203,396.45,88607
2026-07-13 09:49:00,396.31,396.395,395,395.7,185801
2026-07-13 09:50:00,395.7,395.84,394.86,394.96,109426
2026-07-13 09:51:00,394.98,395.3,394.6,394.99,151584
2026-07-13 09:52:00,395.005,395.1,394.41,394.7425,119942
2026-07-13 09:53:00,394.745,395.06,394.55,394.6,75790
2026-07-13 09:54:00,394.6,395.11,394.25,394.685,162598
2026-07-13 09:55:00,394.62,394.96,394.08,394.7504,110756
2026-07-13 09:56:00,394.81,395.2,394.56,394.647,111682
2026-07-13 09:57:00,394.71,395.72,394.65,395.6661,100884
2026-07-13 09:58:00,395.66,395.75,395.32,395.53,83993
2026-07-13 09:59:00,395.51,396.12,395.21,395.4716,129349
2026-07-13 10:00:00,395.535,396.12,395.15,395.425,79535
2026-07-13 10:01:00,395.425,395.6681,395.04,395.1401,71260
2026-07-13 10:02:00,395.18,395.4299,394.51,394.71,100150
2026-07-13 10:03:00,394.69,395.6,394.22,395.54,130676
2026-07-13 10:04:00,395.495,395.75,395.12,395.2995,59265
2026-07-13 10:05:00,395.21,395.6591,394.37,394.44,129662
2026-07-13 10:06:00,394.41,394.7099,393.6,394.155,203526
2026-07-13 10:07:00,394.155,395.15,394.13,395.04,71625
2026-07-13 10:08:00,395,395.3414,394.68,394.775,82087
2026-07-13 10:09:00,394.8,395.48,394.71,395.32,67784
2026-07-13 10:10:00,395.24,395.34,394.8201,395.06,54995
2026-07-13 10:11:00,395.04,395.16,394.12,394.545,123506
2026-07-13 10:12:00,394.54,394.7099,394.13,394.265,65870
2026-07-13 10:13:00,394.265,394.74,394.11,394.702,49976
2026-07-13 10:14:00,394.7,395.1312,394.5501,394.955,73304
2026-07-13 10:15:00,395,395.33,394.84,395.03,87753
2026-07-13 10:16:00,394.94,395.11,393.36,393.98,190749
2026-07-13 10:17:00,394.04,394.31,392.7401,393.505,194870
2026-07-13 10:18:00,393.5251,393.93,393.1,393.5406,81694
2026-07-13 10:19:00,393.53,393.92,393.3412,393.78,65223
2026-07-13 10:20:00,393.8,394.15,393.2201,393.45,73783
2026-07-13 10:21:00,393.4108,393.58,392.855,393.34,107981
2026-07-13 10:22:00,393.3,393.9399,393.09,393.395,56894
2026-07-13 10:23:00,393.33,394.5,393.03,394.5,142483
2026-07-13 10:24:00,394.45,394.99,394.27,394.865,92289
2026-07-13 10:25:00,394.87,394.93,394.48,394.78,53460
2026-07-13 10:26:00,394.75,396.11,394.59,396,137200
2026-07-13 10:27:00,395.98,396.8572,395.82,396.68,150820
2026-07-13 10:28:00,396.69,396.84,396.4,396.72,85169
2026-07-13 10:29:00,396.73,397.7801,396.73,397.7801,176192
2026-07-13 10:30:00,397.8,398.37,397.41,397.53,181798
2026-07-13 10:31:00,397.57,398.6,397.29,398.48,183460
2026-07-13 10:32:00,398.53,399.3,398.24,398.89,124338
2026-07-13 10:33:00,398.8873,398.96,397.88,398.4,109664
2026-07-13 10:34:00,398.375,398.599,398.24,398.54,58054
2026-07-13 10:35:00,398.555,399.17,398.31,398.965,86669
2026-07-13 10:36:00,398.9999,399.28,398.64,398.64,90372
2026-07-13 10:37:00,398.68,398.8,398.1,398.76,93981
2026-07-13 10:38:00,398.7899,399.145,398.59,398.8,94009
2026-07-13 10:39:00,398.78,399.1,398.45,399.04,57796
2026-07-13 10:40:00,399.07,399.08,397.5,398.17,125595
2026-07-13 10:41:00,398.135,398.5292,397.77,398.13,66341
2026-07-13 10:42:00,398.08,398.65,398.02,398.49,49510
2026-07-13 10:43:00,398.43,398.43,397.9001,397.93,39590
2026-07-13 10:44:00,398.02,398.28,397.76,398.24,38336
2026-07-13 10:45:00,398.3,398.3299,397.53,397.68,54538
2026-07-13 10:46:00,397.685,398.9,397.49,398.775,60906
2026-07-13 10:47:00,398.7599,398.7599,397.96,398.36,41729
2026-07-13 10:48:00,398.35,398.49,398.085,398.19,45858
2026-07-13 10:49:00,398.19,398.4,398.03,398.4,31492
2026-07-13 10:50:00,398.4299,399.1399,398.08,398.74,79968
2026-07-13 10:51:00,398.74,398.74,398.01,398.14,45688
2026-07-13 10:52:00,398.115,398.3799,397.9,398.1352,39400
2026-07-13 10:53:00,398.2,398.62,397.9301,398.482,30938
2026-07-13 10:54:00,398.43,398.83,398.3,398.44,34768
2026-07-13 10:55:00,398.38,398.85,398.2,398.7637,41047
2026-07-13 10:56:00,398.88,399.29,398.6301,398.915,75909
2026-07-13 10:57:00,398.915,399.0755,398.52,398.67,36524
2026-07-13 10:58:00,398.675,398.79,398.16,398.205,53715
2026-07-13 10:59:00,398.24,398.3902,397.3,397.73,87718
2026-07-13 11:00:00,397.81,398.32,397.59,398.305,56063
2026-07-13 11:01:00,398.38,398.6299,397.92,398.38,39626
2026-07-13 11:02:00,398.28,398.4799,397.88,398.045,36433
2026-07-13 11:03:00,398,398.08,397.75,397.99,26271
2026-07-13 11:04:00,397.985,397.985,397.2,397.29,69125
2026-07-13 11:05:00,397.29,397.5299,397.09,397.425,51666
2026-07-13 11:06:00,397.335,398,397.33,397.705,49642
2026-07-13 11:07:00,397.698,397.7999,397.35,397.66,21300
2026-07-13 11:08:00,397.5901,398.075,397.25,397.8301,44684
2026-07-13 11:09:00,397.86,398.04,397.4001,397.53,29464
2026-07-13 11:10:00,397.61,397.6899,397.3101,397.545,28876
2026-07-13 11:11:00,397.545,397.86,397.365,397.62,21770
2026-07-13 11:12:00,397.565,397.61,397.3,397.535,22704
2026-07-13 11:13:00,397.51,397.62,397.15,397.28,31614
2026-07-13 11:14:00,397.28,397.43,397.11,397.23,26188
2026-07-13 11:15:00,397.23,397.26,396.88,397.07,56391
2026-07-13 11:16:00,397.0751,397.57,397.0751,397.5699,32733
2026-07-13 11:17:00,397.515,398.38,397.3801,398.28,60209
2026-07-13 11:18:00,398.2441,398.4,398.11,398.23,54280
2026-07-13 11:19:00,398.15,398.35,397.96,398.265,34197
2026-07-13 11:20:00,398.3199,399.07,398.26,399.01,68269
2026-07-13 11:21:00,398.97,399.19,398.9,399.135,58110
2026-07-13 11:22:00,399.135,399.18,398.74,398.914,36264
2026-07-13 11:23:00,398.9,399.15,398.82,399.04,37314
2026-07-13 11:24:00,399.05,399.12,398.07,398.29,79976
2026-07-13 11:25:00,398.34,398.34,396.9,396.96,88992
2026-07-13 11:26:00,396.9,397.42,396.4,396.465,98681
2026-07-13 11:27:00,396.48,396.93,396.24,396.93,74918
2026-07-13 11:28:00,396.93,397.37,396.8001,397.06,83636
2026-07-13 11:29:00,397.11,397.5799,396.92,397.235,46407
2026-07-13 11:30:00,397.29,397.36,396.87,396.93,81018
2026-07-13 11:31:00,396.9874,397.4,396.73,397.22,52751
2026-07-13 11:32:00,397.2464,397.68,397.2464,397.518,45651
2026-07-13 11:33:00,397.535,397.8945,397.4004,397.73,40720
2026-07-13 11:34:00,397.8099,398.16,397.74,397.74,54044
2026-07-13 11:35:00,397.71,397.7999,397.11,397.2,58443
2026-07-13 11:36:00,397.19,397.5,396.84,397.2101,43239
2026-07-13 11:37:00,397.2101,397.815,397.2101,397.805,41057
2026-07-13 11:38:00,397.8115,397.88,397.32,397.515,27180
2026-07-13 11:39:00,397.51,397.6448,397.353,397.38,21429
2026-07-13 11:40:00,397.3801,397.56,397.3,397.445,17219
2026-07-13 11:41:00,397.45,397.52,397.31,397.4025,9307
2026-07-13 11:42:00,397.4,397.42,397.13,397.36,24594
2026-07-13 11:43:00,397.355,397.405,397.09,397.145,18686
2026-07-13 11:44:00,397.17,397.72,397.09,397.68,22267
2026-07-13 11:45:00,397.65,397.74,397.14,397.5715,25963
2026-07-13 11:46:00,397.61,397.7794,397.27,397.31,29362
2026-07-13 11:47:00,397.36,397.38,396.23,396.345,92431
2026-07-13 11:48:00,396.345,396.5089,395.73,395.94,111262
2026-07-13 11:49:00,395.93,396.11,395.72,395.9,35668
2026-07-13 11:50:00,395.94,396.0499,395.33,395.475,76162
2026-07-13 11:51:00,395.46,395.4718,395.01,395.09,69998
2026-07-13 11:52:00,395.09,395.35,394.86,395.28,96945
2026-07-13 11:53:00,395.3199,395.85,395.26,395.8499,60424
2026-07-13 11:54:00,395.835,395.85,395.37,395.57,41385
2026-07-13 11:55:00,395.57,395.68,395.27,395.3799,41825
2026-07-13 11:56:00,395.335,395.4,395.1201,395.155,33616
2026-07-13 11:57:00,395.1575,395.6425,395.08,395.6425,39931
2026-07-13 11:58:00,395.67,395.8,395.33,395.54,47868
2026-07-13 11:59:00,395.55,395.68,395.39,395.575,26498
2026-07-13 12:00:00,395.5135,395.6482,395.13,395.19,48398
2026-07-13 12:01:00,395.225,395.59,395.14,395.4006,43241
2026-07-13 12:02:00,395.43,395.503,395.1,395.14,34128
2026-07-13 12:03:00,395.124,395.18,394.6201,394.705,106627
2026-07-13 12:04:00,394.705,394.87,394.4401,394.46,66052
2026-07-13 12:05:00,394.485,394.59,394.16,394.28,56614
2026-07-13 12:06:00,394.29,394.66,394.24,394.5,49555
2026-07-13 12:07:00,394.53,394.7,394.4534,394.64,42962
2026-07-13 12:08:00,394.64,394.76,394.44,394.555,62824
2026-07-13 12:09:00,394.555,394.99,394.4262,394.955,50893
2026-07-13 12:10:00,395,395.85,394.845,395.635,79654
2026-07-13 12:11:00,395.63,396,395.48,396,66321
2026-07-13 12:12:00,396,396.0699,395.19,395.3251,73186
2026-07-13 12:13:00,395.3,395.35,394.71,394.86,57527
2026-07-13 12:14:00,394.75,395.32,394.71,395.27,47571
2026-07-13 12:15:00,395.245,395.3399,394.8,394.815,28940
2026-07-13 12:16:00,394.92,394.92,394.51,394.58,38855
2026-07-13 12:17:00,394.5815,394.73,394.47,394.655,30250
2026-07-13 12:18:00,394.68,394.71,394.34,394.56,40632
2026-07-13 12:19:00,394.535,394.71,394.41,394.63,30406
2026-07-13 12:20:00,394.605,394.63,394.33,394.395,26031
2026-07-13 12:21:00,394.42,394.7,394.33,394.33,33374
2026-07-13 12:22:00,394.355,394.4799,394.05,394.2299,59619
2026-07-13 12:23:00,394.16,394.23,393.95,394.11,70171
2026-07-13 12:24:00,394.07,394.17,393.87,394.125,61420
2026-07-13 12:25:00,394.09,394.15,393.88,393.935,35003
2026-07-13 12:26:00,393.935,394.2899,393.56,394.17,72367
2026-07-13 12:27:00,394.14,394.29,393.6,393.98,38651
2026-07-13 12:28:00,394,394.0606,393.76,393.88,37268
2026-07-13 12:29:00,393.94,394.1948,393.58,394.15,35492
2026-07-13 12:30:00,394.18,394.18,393.75,393.8161,34376
2026-07-13 12:31:00,393.8,394,393.6,393.99,37441
2026-07-13 12:32:00,393.99,394.14,393.87,394.0498,37472
2026-07-13 12:33:00,393.96,394.08,393.73,393.95,27474
2026-07-13 12:34:00,394.0399,394.0399,393.63,393.675,21518
2026-07-13 12:35:00,393.675,393.8594,393.23,393.395,64236
2026-07-13 12:36:00,393.429,393.62,393.18,393.38,55361
2026-07-13 12:37:00,393.44,393.53,392.84,393.055,142587
2026-07-13 12:38:00,393.09,393.66,393.02,393.6284,56342
2026-07-13 12:39:00,393.58,394.01,393.58,393.88,59025
2026-07-13 12:40:00,393.925,394.0999,393.79,393.845,40059
2026-07-13 12:41:00,393.845,394.23,393.78,394.18,55037
2026-07-13 12:42:00,394.23,394.34,393.97,394.255,52276
2026-07-13 12:43:00,394.255,394.3999,393.92,394.09,50971
2026-07-13 12:44:00,394.13,394.19,393.8213,393.99,28339
2026-07-13 12:45:00,394.02,394.3,393.9,393.95,26546
2026-07-13 12:46:00,393.92,394.24,393.88,394.16,28333
2026-07-13 12:47:00,394.22,394.24,393.92,394.02,22750
2026-07-13 12:48:00,394.025,394.025,393.6,393.72,41308
2026-07-13 12:49:00,393.765,394.0683,393.73,393.925,22400
2026-07-13 12:50:00,393.92,393.97,392.79,392.975,122665
2026-07-13 12:51:00,393.02,393.56,392.9305,393.11,78893
2026-07-13 12:52:00,393.105,393.6999,393.03,393.59,35755
2026-07-13 12:53:00,393.56,393.71,393.35,393.535,19061
2026-07-13 12:54:00,393.535,393.5595,393.0901,393.16,34225
2026-07-13 12:55:00,393.165,393.5,392.97,393.5,67936
2026-07-13 12:56:00,393.49,393.67,393.2671,393.56,24011
2026-07-13 12:57:00,393.53,393.83,393.06,393.6601,97081
2026-07-13 12:58:00,393.73,393.75,393.34,393.5599,47725
2026-07-13 12:59:00,393.515,393.7899,393.35,393.7,18761
2026-07-13 13:00:00,393.7282,393.98,393.5001,393.955,20787
2026-07-13 13:01:00,393.97,393.98,393.16,393.2,40568
2026-07-13 13:02:00,393.16,393.45,393.01,393.34,84030
2026-07-13 13:03:00,393.33,393.94,393.31,393.8535,24903
2026-07-13 13:04:00,393.85,393.95,393.39,393.47,35242
2026-07-13 13:05:00,393.45,393.89,393.38,393.795,20180
2026-07-13 13:06:00,393.78,394.19,393.76,394.01,51849
2026-07-13 13:07:00,394.03,394.1199,393.52,393.935,45585
2026-07-13 13:08:00,393.935,394.07,393.75,393.97,28306
2026-07-13 13:09:00,393.9675,394.28,393.88,394.14,31793
2026-07-13 13:10:00,394.17,394.45,394.11,394.315,48908
2026-07-13 13:11:00,394.315,394.44,394.21,394.37,23543
2026-07-13 13:12:00,394.385,394.84,394.26,394.705,87765
2026-07-13 13:13:00,394.75,395.1,394.5,394.55,119407
2026-07-13 13:14:00,394.55,394.7989,394.45,394.6801,25014
2026-07-13 13:15:00,394.745,394.745,394.2,394.26,26284
2026-07-13 13:16:00,394.26,394.2699,393.8611,394.2,79023
2026-07-13 13:17:00,394.22,394.25,393.8201,394.05,21549
2026-07-13 13:18:00,394.0082,394.2,393.87,394.2,22305
2026-07-13 13:19:00,394.18,394.28,394.0101,394.1245,16007
2026-07-13 13:20:00,394.135,394.135,393.6,394.02,59000
2026-07-13 13:21:00,393.9997,394.06,393.8,393.92,18064
2026-07-13 13:22:00,393.92,394.12,393.86,393.93,29945
2026-07-13 13:23:00,393.93,394.09,393.93,393.97,11786
2026-07-13 13:24:00,393.97,394.02,393.72,393.7799,21120
2026-07-13 13:25:00,393.745,393.78,393.43,393.655,58637
2026-07-13 13:26:00,393.635,393.65,393.33,393.4,63248
2026-07-13 13:27:00,393.38,393.52,393.23,393.31,51812
2026-07-13 13:28:00,393.355,393.62,393.355,393.615,17157
2026-07-13 13:29:00,393.63,393.63,393.3428,393.4095,16495
2026-07-13 13:30:00,393.41,393.77,393.31,393.71,19703
2026-07-13 13:31:00,393.69,393.83,393.51,393.745,15966
2026-07-13 13:32:00,393.7799,393.98,393.64,393.95,38679
2026-07-13 13:33:00,393.945,394.0942,393.7,393.755,34198
2026-07-13 13:34:00,393.78,394.11,393.7,394,26013
2026-07-13 13:35:00,393.97,393.97,393.5,393.74,27704
2026-07-13 13:36:00,393.7,393.85,393.08,393.25,65500
2026-07-13 13:37:00,393.29,393.3399,393.0219,393.1,30582
2026-07-13 13:38:00,393.16,393.16,392.91,392.965,68023
2026-07-13 13:39:00,392.96,392.9799,392.5,392.92,110852
2026-07-13 13:40:00,392.88,392.8965,392.71,392.8,26134
2026-07-13 13:41:00,392.765,393.4699,392.72,393.39,40828
2026-07-13 13:42:00,393.395,393.66,393.33,393.44,51577
2026-07-13 13:43:00,393.49,394.0999,393.49,394.0477,74450
2026-07-13 13:44:00,394.03,394.19,393.8712,393.915,32099
2026-07-13 13:45:00,393.92,393.97,393.671,393.8694,41010
2026-07-13 13:46:00,393.89,393.9299,393.5,393.56,29883
2026-07-13 13:47:00,393.545,393.7199,393.48,393.54,16895
2026-07-13 13:48:00,393.5699,393.57,393.23,393.295,31589
2026-07-13 13:49:00,393.27,393.28,393,393.02,34535
2026-07-13 13:50:00,393.05,393.145,392.6,392.78,45452
2026-07-13 13:51:00,392.74,392.8699,392.59,392.725,38617
2026-07-13 13:52:00,392.71,393.05,392.57,393.015,46788
2026-07-13 13:53:00,393.015,393.17,392.84,392.99,52556
2026-07-13 13:54:00,392.98,393.2,392.92,393.18,47300
2026-07-13 13:55:00,393.2,393.41,393.1,393.19,25149
2026-07-13 13:56:00,393.18,393.26,393.01,393.165,23998
2026-07-13 13:57:00,393.16,393.3199,393.04,393.195,18754
2026-07-13 13:58:00,393.18,393.36,393.07,393.315,26906
2026-07-13 13:59:00,393.28,393.3599,393.03,393.09,14847
2026-07-13 14:00:00,393.145,393.69,393.1,393.54,30119
2026-07-13 14:01:00,393.51,393.66,392.7,392.76,83796
2026-07-13 14:02:00,392.77,393.2063,392.72,392.94,70048
2026-07-13 14:03:00,392.94,393.12,392.8,393.0719,24696
2026-07-13 14:04:00,393.1,393.2799,392.985,393.03,16429
2026-07-13 14:05:00,393.03,393.68,393.03,393.61,43444
2026-07-13 14:06:00,393.61,393.7499,393.37,393.5629,25613
2026-07-13 14:07:00,393.53,393.58,393.21,393.345,14347
2026-07-13 14:08:00,393.345,393.4,393.1,393.4,19000
2026-07-13 14:09:00,393.29,393.41,393.135,393.315,18331
2026-07-13 14:10:00,393.315,393.315,392.66,392.785,58922
2026-07-13 14:11:00,392.7432,393.0799,392.58,392.965,31731
2026-07-13 14:12:00,392.965,393.185,392.9,393.045,44240
2026-07-13 14:13:00,393.01,393.21,392.93,393.06,88212
2026-07-13 14:14:00,393.07,393.16,393,393.095,23717
2026-07-13 14:15:00,393.0601,393.239,392.9,393.2,26309
2026-07-13 14:16:00,393.22,393.38,393.17,393.225,49399
2026-07-13 14:17:00,393.2,393.5399,393.1302,393.2551,50063
2026-07-13 14:18:00,393.2001,393.36,393.08,393.1288,21624
2026-07-13 14:19:00,393.14,393.19,392.83,393.19,54455
2026-07-13 14:20:00,393.13,393.26,392.9418,393.235,20578
2026-07-13 14:21:00,393.19,393.4,393.17,393.26,20990
2026-07-13 14:22:00,393.34,393.44,393.12,393.14,29190
2026-07-13 14:23:00,393.12,393.35,393.03,393.28,29556
2026-07-13 14:24:00,393.28,393.65,393.06,393.6,54304
2026-07-13 14:25:00,393.58,393.6299,393.25,393.53,24367
2026-07-13 14:26:00,393.47,393.57,393.16,393.21,19472
2026-07-13 14:27:00,393.205,393.2899,393.071,393.13,14866
2026-07-13 14:28:00,393.14,393.22,392.68,392.85,63294
2026-07-13 14:29:00,392.85,392.9599,392.61,392.6191,31893
2026-07-13 14:30:00,392.645,392.89,392.17,392.775,83595
2026-07-13 14:31:00,392.775,393.42,392.69,393.37,51083
2026-07-13 14:32:00,393.3587,393.49,393,393.115,39439
2026-07-13 14:33:00,393.08,393.28,393.05,393.1,28281
2026-07-13 14:34:00,393.07,393.18,392.77,392.81,47372
2026-07-13 14:35:00,392.81,392.89,392.6,392.77,35827
2026-07-13 14:36:00,392.755,392.9999,392.73,392.935,18768
2026-07-13 14:37:00,392.97,393,392.595,392.9276,98379
2026-07-13 14:38:00,392.9001,393.1255,392.87,392.95,28067
2026-07-13 14:39:00,392.8301,393.055,392.55,393,19441
2026-07-13 14:40:00,392.95,392.95,392.68,392.87,18188
2026-07-13 14:41:00,392.81,392.93,392.72,392.83,20604
2026-07-13 14:42:00,392.8053,392.94,392.58,392.7,29252
2026-07-13 14:43:00,392.7,393,392.695,392.8,61592
2026-07-13 14:44:00,392.795,392.83,392.63,392.8195,23158
2026-07-13 14:45:00,392.83,392.9599,392.65,392.76,19722
2026-07-13 14:46:00,392.75,392.98,392.75,392.8,16009
2026-07-13 14:47:00,392.8251,392.96,392.77,392.835,11563
2026-07-13 14:48:00,392.81,392.98,392.8,392.885,20991
2026-07-13 14:49:00,392.909,393.25,392.8673,393.1899,36262
2026-07-13 14:50:00,393.175,393.19,392.83,393.0009,53039
2026-07-13 14:51:00,393,393.14,392.98,393.01,16037
2026-07-13 14:52:00,393.005,393.22,393.005,393.1,23739
2026-07-13 14:53:00,393.1,393.14,392.87,393.045,21099
2026-07-13 14:54:00,393.05,393.25,392.77,392.79,27577
2026-07-13 14:55:00,392.8,392.8499,392.57,392.57,45034
2026-07-13 14:56:00,392.57,392.5938,392.28,392.45,53364
2026-07-13 14:57:00,392.425,392.6699,392.27,392.4799,36474
2026-07-13 14:58:00,392.48,392.5414,392.3,392.4,42387
2026-07-13 14:59:00,392.395,392.53,392.35,392.515,26990
2026-07-13 15:00:00,392.54,392.6299,392.13,392.1601,50208
2026-07-13 15:01:00,392.17,392.83,392.17,392.77,43218
2026-07-13 15:02:00,392.8,392.85,392.6801,392.82,44330
2026-07-13 15:03:00,392.82,392.97,392.47,392.54,48097
2026-07-13 15:04:00,392.54,392.66,392.48,392.57,16382
2026-07-13 15:05:00,392.57,392.69,392.53,392.59,18719
2026-07-13 15:06:00,392.57,392.67,392.2,392.2499,45778
2026-07-13 15:07:00,392.21,392.45,392.07,392.35,67559
2026-07-13 15:08:00,392.32,392.41,392.24,392.275,31967
2026-07-13 15:09:00,392.275,392.38,392.07,392.12,32094
2026-07-13 15:10:00,392.115,392.27,391.9,392.025,122624
2026-07-13 15:11:00,392.0499,392.0791,391.65,391.72,67064
2026-07-13 15:12:00,391.685,391.77,391.52,391.63,72741
2026-07-13 15:13:00,391.5607,391.9799,391.5607,391.96,59155
2026-07-13 15:14:00,391.9699,392.17,391.88,392.15,62619
2026-07-13 15:15:00,392.15,392.22,391.88,391.91,37319
2026-07-13 15:16:00,391.94,392.2,391.87,392.09,41256
2026-07-13 15:17:00,392.0996,392.4,392.09,392.3,51452
2026-07-13 15:18:00,392.26,392.28,392.03,392.15,25599
2026-07-13 15:19:00,392.105,392.16,391.95,392.045,41015
2026-07-13 15:20:00,392.045,392.08,391.77,391.885,44557
2026-07-13 15:21:00,391.89,392.07,391.748,391.87,57351
2026-07-13 15:22:00,391.87,391.9,391.66,391.74,43153
2026-07-13 15:23:00,391.72,391.8499,391.37,391.52,79253
2026-07-13 15:24:00,391.55,391.9799,391.54,391.92,99235
2026-07-13 15:25:00,391.94,391.95,391.61,391.805,84020
2026-07-13 15:26:00,391.8302,392.0699,391.83,392.055,31987
2026-07-13 15:27:00,392.055,392.055,391.81,391.84,39307
2026-07-13 15:28:00,391.8458,392.1799,391.67,392.135,43270
2026-07-13 15:29:00,392.15,392.17,391.8,392.05,45845
2026-07-13 15:30:00,392.05,392.33,392,392.18,59162
2026-07-13 15:31:00,392.19,392.325,392,392.26,42687
2026-07-13 15:32:00,392.26,392.65,392.2,392.4201,58940
2026-07-13 15:33:00,392.4782,392.64,392.25,392.32,46373
2026-07-13 15:34:00,392.35,392.42,392.12,392.29,42402
2026-07-13 15:35:00,392.27,392.329,392.1,392.18,43915
2026-07-13 15:36:00,392.205,392.45,392.12,392.45,35954
2026-07-13 15:37:00,392.45,392.46,392.13,392.18,37348
2026-07-13 15:38:00,392.18,392.2699,391.99,392.055,46734
2026-07-13 15:39:00,392.08,392.14,391.99,392.06,37468
2026-07-13 15:40:00,392.06,392.45,391.93,392.37,58526
2026-07-13 15:41:00,392.385,392.79,392.2354,392.68,62557
2026-07-13 15:42:00,392.7299,392.77,392.43,392.55,60228
2026-07-13 15:43:00,392.56,392.86,392.51,392.77,49783
2026-07-13 15:44:00,392.79,392.9399,392.6301,392.7102,96206
2026-07-13 15:45:00,392.75,392.87,392.61,392.79,54455
2026-07-13 15:46:00,392.7899,392.8,392.57,392.595,71736
2026-07-13 15:47:00,392.5901,392.6,392.45,392.5146,49811
2026-07-13 15:48:00,392.51,392.9,392.45,392.8999,70750
2026-07-13 15:49:00,392.9,393.185,392.89,392.99,106060
2026-07-13 15:50:00,393.04,393.86,393.02,393.72,138015
2026-07-13 15:51:00,393.75,393.92,393.54,393.83,108422
2026-07-13 15:52:00,393.81,393.84,393.23,393.52,75161
2026-07-13 15:53:00,393.41,393.695,393.22,393.37,113232
2026-07-13 15:54:00,393.26,394.37,393.12,394.18,126500
2026-07-13 15:55:00,394.22,394.57,393.77,394.21,171628
2026-07-13 15:56:00,394.2555,394.39,394.07,394.26,126325
2026-07-13 15:57:00,394.28,394.66,394.2501,394.55,150547
2026-07-13 15:58:00,394.54,394.66,394.47,394.59,159034
2026-07-13 15:59:00,394.6,394.98,394.54,394.81,412018
2026-07-13 16:00:00,394.76,394.98,394.15,394.3,2684305
2026-07-13 16:01:00,394.37,394.99,393.7,393.98,19020
2026-07-13 16:02:00,393.98,394.49,393.92,394.24,3869
2026-07-13 16:03:00,394.241,394.3,394.24,394.24,504
2026-07-13 16:04:00,394.35,394.387,394.25,394.27,3410
2026-07-13 16:05:00,394.27,394.5,394.26,394.3407,3799
2026-07-13 16:06:00,394.34,394.6,394.34,394.54,11736
2026-07-13 16:07:00,394.4255,394.59,394.42,394.59,1474
2026-07-13 16:08:00,394.47,394.49,394.4305,394.48,702
2026-07-13 16:09:00,394.37,394.37,394.15,394.18,3086
2026-07-13 16:10:00,394.0105,394.21,393.9,394.2,8419
2026-07-13 16:11:00,394.1907,394.74,394.08,394.49,5927
2026-07-13 16:12:00,394.76,394.76,394.2502,394.2502,13402
2026-07-13 16:13:00,394.2504,394.4,394.09,394.09,1604
2026-07-13 16:14:00,394.18,394.18,394.09,394.13,505
2026-07-13 16:15:00,393.99,393.99,393.56,393.83,1867
2026-07-13 16:16:00,393.68,393.68,393.61,393.61,448
2026-07-13 16:17:00,393.56,393.9402,393.25,393.9402,2102
2026-07-13 16:18:00,393.75,393.75,393.71,393.75,315
2026-07-13 16:19:00,393.8,393.877,393.7,393.8762,1000
2026-07-13 16:20:00,393.9,394,393.89,393.99,1351
2026-07-13 16:21:00,393.9999,394,393.8595,393.9,1815
2026-07-13 16:22:00,393.9063,394.2999,393.9,394.2999,1385
2026-07-13 16:23:00,394,394.29,394,394.0377,300
2026-07-13 16:24:00,394.0265,394.0265,393.9,393.9,481
2026-07-13 16:25:00,393.98,393.99,393.86,393.99,427
2026-07-13 16:26:00,394.05,394.05,393.9,393.9,477
2026-07-13 16:27:00,394,394,393.95,393.95,297
2026-07-13 16:28:00,393.9,394.14,393.9,394.14,918
2026-07-13 16:29:00,394.25,394.25,394.25,394.25,40
2026-07-13 16:30:00,394.0584,394.18,393.89,393.9,6358
2026-07-13 16:31:00,393.89,393.8994,393.78,393.78,1361
2026-07-13 16:32:00,393.8,393.8,393.55,393.6,1671
2026-07-13 16:33:00,393.6,393.6,393.5,393.5231,369
2026-07-13 16:34:00,393.65,393.65,393.55,393.6493,194
2026-07-13 16:35:00,393.6,394.76,393.6,394.76,4069
2026-07-13 16:36:00,393.6,393.66,393.6,393.6,3335
2026-07-13 16:37:00,393.51,393.6,393.4,393.56,587
2026-07-13 16:38:00,393.6,393.6,393.58,393.58,204
2026-07-13 16:39:00,393.58,393.58,393.5,393.5,665
2026-07-13 16:40:00,393.5,393.5,393.3,393.34,1088
2026-07-13 16:41:00,393.4,393.5,393.25,393.5,1521
2026-07-13 16:42:00,393.5,393.5,393.48,393.5,1156
2026-07-13 16:43:00,393.5,393.5,393.485,393.5,781
2026-07-13 16:44:00,393.5,393.51,393.48,393.5,3077
2026-07-13 16:45:00,393.5,393.5,393.485,393.5,1328
2026-07-13 16:46:00,393.49,393.5,393.44,393.4997,1040
2026-07-13 16:47:00,393.5,393.5,393.36,393.36,681
2026-07-13 16:48:00,393.36,393.44,393.1,393.3,2018
2026-07-13 16:49:00,393.22,393.48,393.22,393.45,812
2026-07-13 16:50:00,393.45,393.5,393.45,393.5,1863
2026-07-13 16:51:00,393.5,393.51,393.41,393.45,2528
2026-07-13 16:53:00,393.401,393.45,393.4,393.4075,2302
2026-07-13 16:54:00,393.4492,393.4492,393.4492,393.4492,335
2026-07-13 16:55:00,393.45,393.45,393.41,393.45,331
2026-07-13 16:56:00,393.45,393.45,393.3989,393.43,2006
2026-07-13 16:57:00,393.41,393.45,393.25,393.25,2290
2026-07-13 16:58:00,393.3718,393.3718,393.25,393.25,101
2026-07-13 16:59:00,393.26,393.9038,393.25,393.6553,1799
2026-07-13 17:00:00,393.9623,393.99,393.9623,393.99,500
2026-07-13 17:01:00,393.79,393.79,393.79,393.79,73
2026-07-13 17:03:00,393.75,393.77,393.75,393.77,80
2026-07-13 17:05:00,393.96,393.99,393.94,393.99,224
2026-07-13 17:06:00,393.94,393.94,393.7672,393.7672,210
2026-07-13 17:08:00,393.8694,393.8694,393.81,393.81,208
2026-07-13 17:09:00,393.87,393.87,393.87,393.87,50
2026-07-13 17:10:00,393.87,393.98,393.83,393.98,1160
2026-07-13 17:11:00,393.786,393.94,393.786,393.94,139
2026-07-13 17:12:00,393.93,393.96,393.87,393.87,586
2026-07-13 17:14:00,393.81,393.98,393.81,393.98,610
2026-07-13 17:15:00,393.935,393.99,393.935,393.98,765
2026-07-13 17:16:00,393.89,393.93,393.89,393.93,408
2026-07-13 17:17:00,393.92,393.94,393.92,393.94,91
2026-07-13 17:18:00,393.9337,393.9337,393.9337,393.9337,253
2026-07-13 17:19:00,393.92,394,393.92,394,1140
2026-07-13 17:20:00,393.9739,394,393.9739,394,264
2026-07-13 17:21:00,393.8965,393.94,393.875,393.89,503
2026-07-13 17:22:00,393.86,393.94,393.76,393.76,1170
2026-07-13 17:23:00,393.89,393.89,393.8003,393.8003,140
2026-07-13 17:24:00,393.95,393.95,393.95,393.95,300
2026-07-13 17:26:00,393.83,393.95,393.83,393.95,493
2026-07-13 17:28:00,393.95,393.95,393.94,393.94,158
2026-07-13 17:29:00,393.88,393.88,393.81,393.81,167
2026-07-13 17:30:00,393.9346,393.9346,393.8195,393.8195,250
2026-07-13 17:31:00,393.95,393.95,393.9494,393.9494,210
2026-07-13 17:32:00,393.8756,393.8756,393.8756,393.8756,40
2026-07-13 17:33:00,393.8222,393.88,393.81,393.81,260
2026-07-13 17:34:00,393.82,393.9496,393.82,393.9496,1617
2026-07-13 17:35:00,393.8425,393.8425,393.8425,393.8425,100
2026-07-13 17:36:00,393.95,393.95,393.8483,393.8483,352
2026-07-13 17:37:00,393.9829,394.0416,393.98,394.0416,1222
2026-07-13 17:38:00,394.01,394.042,394.01,394.042,90
2026-07-13 17:40:00,393.9,393.9793,393.9,393.97,302
2026-07-13 17:41:00,394,394.25,393.9999,394.25,2295
2026-07-13 17:42:00,394.17,394.17,394.16,394.16,2481
2026-07-13 17:43:00,394.0233,394.12,394.02,394.12,425
2026-07-13 17:44:00,394.04,394.2436,394.03,394.2436,1503
2026-07-13 17:45:00,394.1,394.12,394.06,394.12,418
2026-07-13 17:46:00,394.09,394.09,394.09,394.09,100
2026-07-13 17:47:00,394.0592,394.0592,394.0592,394.0592,200
2026-07-13 17:48:00,394.0052,394.0522,394,394,405
2026-07-13 17:49:00,394.06,394.06,394.06,394.06,40
2026-07-13 17:50:00,394.0122,394.08,394.0122,394.08,440
2026-07-13 17:51:00,394.08,394.08,394.08,394.08,50
2026-07-13 17:52:00,394.03,394.0308,394.03,394.0308,134
2026-07-13 17:53:00,394.0973,394.0973,394.03,394.03,558
2026-07-13 17:54:00,394,394.0001,394,394,308
2026-07-13 17:55:00,393.97,393.97,393.85,393.96,781
2026-07-13 17:56:00,393.92,394.0842,393.9025,394.07,862
2026-07-13 17:57:00,394,394,394,394,89
2026-07-13 17:59:00,394,394.05,393.876,393.9032,1056
2026-07-13 18:00:00,394.05,394.15,394.05,394.1,401
2026-07-13 18:02:00,394.0427,394.1484,394.0427,394.14,458
2026-07-13 18:03:00,394.08,394.133,394.06,394.06,285
2026-07-13 18:04:00,394.02,394.0334,394.02,394.0334,150
2026-07-13 18:05:00,394.1333,394.1333,394.0269,394.0269,100
2026-07-13 18:06:00,394.12,394.12,394.12,394.12,100
2026-07-13 18:07:00,394.01,394.14,394.01,394.14,191
2026-07-13 18:08:00,394.03,394.05,394.03,394.05,360
2026-07-13 18:09:00,394.04,394.04,394.04,394.04,125
2026-07-13 18:10:00,394.01,394.0857,394.01,394.0857,700
2026-07-13 18:11:00,394,394.01,394,394.0001,200
2026-07-13 18:12:00,394.0117,394.0117,394.0117,394.0117,160
2026-07-13 18:13:00,394.0117,394.0117,394.0117,394.0117,160
2026-07-13 18:14:00,394.0117,394.09,394.0117,394.09,702
2026-07-13 18:15:00,394.0783,394.0783,394.0783,394.0783,50
2026-07-13 18:16:00,394.0015,394.0015,394,394,250
2026-07-13 18:17:00,394.0933,394.0933,394.05,394.05,173
2026-07-13 18:18:00,394.09,394.17,394.09,394.17,391
2026-07-13 18:19:00,394.14,394.17,394.14,394.17,1273
2026-07-13 18:20:00,394.17,394.33,394.17,394.33,1327
2026-07-13 18:21:00,394.34,394.36,394.33,394.36,670
2026-07-13 18:22:00,394.4779,394.4779,394.33,394.33,484
2026-07-13 18:24:00,394.26,394.26,394.1,394.1,390
2026-07-13 18:25:00,394.12,394.12,394,394,408
2026-07-13 18:26:00,394.1,394.1,394.1,394.1,80
2026-07-13 18:27:00,394.12,394.18,394.11,394.18,192
2026-07-13 18:28:00,394.01,394.01,394.01,394.01,694
2026-07-13 18:29:00,394,394,393.95,393.95,607
2026-07-13 18:30:00,393.95,393.95,393.9,393.9,1610
2026-07-13 18:31:00,393.95,393.95,393.95,393.95,120
2026-07-13 18:32:00,393.94,394,393.94,394,528
2026-07-13 18:33:00,393.92,394,393.9001,394,330
2026-07-13 18:35:00,393.93,393.93,393.93,393.93,40
2026-07-13 18:36:00,393.8695,393.8695,393.8695,393.8695,45
2026-07-13 18:37:00,393.88,393.88,393.8,393.8,1061
2026-07-13 18:38:00,393.805,393.84,393.7602,393.84,210
2026-07-13 18:39:00,393.8,393.886,393.8,393.886,250
2026-07-13 18:40:00,393.87,393.89,393.87,393.89,289
2026-07-13 18:41:00,393.8919,393.8919,393.8919,393.8919,50
2026-07-13 18:42:00,393.93,393.95,393.93,393.95,187
2026-07-13 18:43:00,393.9497,393.9497,393.94,393.94,168
2026-07-13 18:44:00,393.95,394.35,393.95,394,2113
2026-07-13 18:46:00,394.01,394.01,394.01,394.01,100
2026-07-13 18:47:00,394.2,394.2,394.2,394.2,50
2026-07-13 18:48:00,394.15,394.15,394.15,394.15,50
2026-07-13 18:49:00,394.1885,394.1885,394,394,90
2026-07-13 18:50:00,393.98,393.98,393.75,393.75,565
2026-07-13 18:51:00,393.75,393.9988,393.75,393.9649,475
2026-07-13 18:52:00,393.68,393.68,393.55,393.55,347
2026-07-13 18:53:00,393.75,393.75,393.68,393.68,200
2026-07-13 18:54:00,393.5985,393.62,393.55,393.62,884
2026-07-13 18:55:00,393.55,393.55,393.36,393.37,2652
2026-07-13 18:56:00,393.55,393.55,393.36,393.5,188
2026-07-13 18:57:00,393.35,393.35,393.35,393.35,118
2026-07-13 18:58:00,393.35,393.39,393.35,393.39,190
2026-07-13 18:59:00,393.4536,393.5,393.35,393.5,999
2026-07-13 19:00:00,393.35,393.5,393.35,393.45,386
2026-07-13 19:01:00,393.4,393.4,393.25,393.26,752
2026-07-13 19:02:00,393.31,393.3999,393.1558,393.157,512
2026-07-13 19:03:00,393.15,393.3,393.13,393.3,1125
2026-07-13 19:04:00,393.4706,393.53,393.13,393.13,556
2026-07-13 19:05:00,393.143,393.143,393.143,393.143,135
2026-07-13 19:06:00,393.53,393.53,393.21,393.21,313
2026-07-13 19:07:00,393.14,393.53,393.14,393.53,373
2026-07-13 19:08:00,393.19,393.51,393.19,393.33,1191
2026-07-13 19:09:00,393.15,393.15,393.1,393.1,919
2026-07-13 19:10:00,393.1,393.15,393.1,393.1,503
2026-07-13 19:11:00,393.1,393.1,393,393,3417
2026-07-13 19:12:00,392.9,392.9566,392.81,392.9566,169
2026-07-13 19:13:00,392.85,392.98,392.82,392.98,700
2026-07-13 19:15:00,393.0444,393.0444,392.97,393,410
2026-07-13 19:16:00,393.024,393.24,393.024,393.14,767
2026-07-13 19:17:00,393.2986,393.48,393.1,393.1,631
2026-07-13 19:18:00,393,393.2,393,393.139,637
2026-07-13 19:19:00,393.12,393.12,393.02,393.02,393
2026-07-13 19:20:00,393.01,393.12,393.01,393.12,278
2026-07-13 19:21:00,393.162,393.2,393.12,393.15,280
2026-07-13 19:23:00,393.24,393.24,393.24,393.24,50
2026-07-13 19:24:00,393.276,393.276,393.276,393.276,111
2026-07-13 19:25:00,393.2,393.21,393.2,393.2,546
2026-07-13 19:26:00,393.1033,393.1033,393.0113,393.0113,800
2026-07-13 19:29:00,393.2784,393.2784,393,393.01,520
2026-07-13 19:30:00,393.2,393.2,393,393,340
2026-07-13 19:31:00,392.9386,393,392.81,392.81,199
2026-07-13 19:32:00,392.8016,392.8221,392.8,392.8,363
2026-07-13 19:33:00,392.8,392.8005,392.7707,392.7707,244
2026-07-13 19:34:00,392.71,392.81,392.7008,392.7008,301
2026-07-13 19:36:00,392.98,393.05,392.98,393.05,474
2026-07-13 19:37:00,393.1123,393.1123,393.1123,393.1123,100
2026-07-13 19:38:00,393.1199,393.1199,392.9,392.9,340
2026-07-13 19:40:00,392.92,392.92,392.88,392.9,441
2026-07-13 19:41:00,393,393,392.94,392.94,420
2026-07-13 19:42:00,392.88,392.91,392.8,392.91,2295
2026-07-13 19:43:00,392.75,392.75,392.7,392.7,145
2026-07-13 19:45:00,392.93,392.96,392.8,392.8,1539
2026-07-13 19:46:00,392.9444,392.96,392.9444,392.96,150
2026-07-13 19:47:00,392.8,392.8,392.8,392.8,110
2026-07-13 19:48:00,392.7001,392.7854,392.65,392.65,812
2026-07-13 19:49:00,392.7,392.7396,392.7,392.7,347
2026-07-13 19:50:00,392.7,392.77,392.7,392.77,230
2026-07-13 19:51:00,392.924,392.924,392.8,392.8,317
2026-07-13 19:52:00,392.84,393,392.825,393,1489
2026-07-13 19:53:00,392.82,392.95,392.7,392.84,1666
2026-07-13 19:54:00,392.81,392.99,392.81,392.98,150
2026-07-13 19:55:00,392.85,393,392.85,393,2683
2026-07-13 19:56:00,393,393.1,393,393.0935,2348
2026-07-13 19:57:00,393.1983,393.1983,392.921,393.07,1143
2026-07-13 19:58:00,393.07,393.09,392.89,393.05,1206
2026-07-13 19:59:00,393.05,393.05,392.9726,393.0499,2649
2026-07-14 04:00:00,395.2,396.19,393.2111,395.22,22134
2026-07-14 04:01:00,395.38,396.17,393.44,395.75,22557
2026-07-14 04:02:00,395.73,396.19,394.76,395.43,23348
2026-07-14 04:03:00,395.44,395.44,395.08,395.08,477
2026-07-14 04:04:00,395.03,395.03,395.03,395.03,100
2026-07-14 04:05:00,395.29,395.94,394.96,394.96,883
2026-07-14 04:06:00,395.23,395.23,395,395,300
2026-07-14 04:07:00,394.79,394.79,394.7,394.7,769
2026-07-14 04:08:00,394.68,394.855,394.6042,394.855,300
2026-07-14 04:09:00,394.84,395.28,394.75,395.28,365
2026-07-14 04:10:00,395.19,395.19,395.19,395.19,233
2026-07-14 04:14:00,395.26,395.26,395.26,395.26,71
2026-07-14 04:15:00,395.16,395.26,395.16,395.22,595
2026-07-14 04:16:00,395.4323,395.4323,395.22,395.22,274
2026-07-14 04:17:00,395.3,395.3,395.3,395.3,50
2026-07-14 04:18:00,395.27,395.27,395.27,395.27,40
2026-07-14 04:19:00,395.1043,395.11,395.1043,395.11,120
2026-07-14 04:20:00,395.1,395.12,395.03,395.03,462
2026-07-14 04:21:00,395,395.1,395,395.1,142
2026-07-14 04:24:00,395.2,395.2,395.18,395.18,589
2026-07-14 04:26:00,395.3,395.35,395.3,395.35,366
2026-07-14 04:27:00,395.2182,395.35,395.2182,395.3,367
2026-07-14 04:28:00,395.3,395.37,395.3,395.37,232
2026-07-14 04:29:00,395.3986,395.3986,395.3,395.36,436
2026-07-14 04:30:00,395.3,395.39,395.27,395.39,373
2026-07-14 04:32:00,395.5,395.5,395.3,395.3,195
2026-07-14 04:33:00,395.48,395.48,395.22,395.22,490
2026-07-14 04:35:00,395.21,395.23,395.1,395.1,546
2026-07-14 04:36:00,395.24,395.24,395.24,395.24,359
2026-07-14 04:37:00,395.4,395.4,395.4,395.4,50
2026-07-14 04:41:00,395.01,395.01,395,395,307
2026-07-14 04:42:00,394.89,394.92,394.89,394.92,97
2026-07-14 04:43:00,395.1948,395.1948,395.1948,395.1948,100
2026-07-14 04:44:00,395.07,395.07,395.07,395.07,54
2026-07-14 04:45:00,395.07,395.07,394.89,394.89,605
2026-07-14 04:47:00,394.8,394.8,394.72,394.8,495
2026-07-14 04:48:00,394.64,394.64,394.63,394.63,170
2026-07-14 04:49:00,394.5,394.5,394.5,394.5,181
2026-07-14 04:50:00,394.3,394.3,394.3,394.3,90
2026-07-14 04:51:00,394.3,394.34,394.29,394.34,427
2026-07-14 04:53:00,394.63,394.63,394.6,394.6,100
2026-07-14 04:54:00,394.63,394.63,394.63,394.63,41
2026-07-14 04:56:00,394.5,394.5,394.5,394.5,534
2026-07-14 04:57:00,394.4,394.4,394.4,394.4,69
2026-07-14 05:00:00,394.2,394.2,394.14,394.14,275
2026-07-14 05:01:00,394.45,394.45,394.45,394.45,127
2026-07-14 05:02:00,394.49,394.5,394.49,394.5,231
2026-07-14 05:03:00,394.77,394.77,394.77,394.77,100
2026-07-14 05:04:00,394.7547,394.84,394.67,394.75,717
2026-07-14 05:05:00,394.78,394.78,394.78,394.78,40
2026-07-14 05:06:00,394.77,394.77,394.67,394.77,310
2026-07-14 05:08:00,394.8857,394.9942,394.8857,394.9942,452
2026-07-14 05:10:00,394.88,394.96,394.88,394.96,159
2026-07-14 05:11:00,395,395.06,395,395.06,376
2026-07-14 05:13:00,395.1001,395.1001,395.1001,395.1001,875
2026-07-14 05:14:00,395.15,395.24,395.15,395.24,174
2026-07-14 05:15:00,395.24,395.5,395.24,395.4,555
2026-07-14 05:16:00,395.4,395.4,395.4,395.4,50
2026-07-14 05:17:00,395.18,395.18,395.15,395.15,176
2026-07-14 05:20:00,395.4,395.4,395.2,395.2,150
2026-07-14 05:21:00,395.24,395.24,395.0072,395.15,275
2026-07-14 05:23:00,395.29,395.31,395,395,356
2026-07-14 05:25:00,395.32,395.32,395.32,395.32,40
2026-07-14 05:28:00,395.14,395.14,395.1,395.1,178
2026-07-14 05:29:00,395.14,395.14,394.88,394.88,261
2026-07-14 05:30:00,395.1,395.24,395.07,395.2,1196
2026-07-14 05:31:00,394.88,394.88,394.88,394.88,300
2026-07-14 05:32:00,395,395,395,395,50
2026-07-14 05:33:00,395.0613,395.0613,395.0613,395.0613,45
2026-07-14 05:34:00,394.8129,395,394.8129,395,114
2026-07-14 05:35:00,395.1719,395.1746,395.1719,395.1746,400
2026-07-14 05:36:00,395.15,395.15,395.15,395.15,70
2026-07-14 05:38:00,395.15,395.15,395.15,395.15,99
2026-07-14 05:39:00,395.1967,395.21,395.16,395.2,438
2026-07-14 05:40:00,395.18,395.18,395.15,395.15,295
2026-07-14 05:41:00,395.3345,395.3345,395.16,395.16,120
2026-07-14 05:45:00,395.17,395.17,395.17,395.17,40
2026-07-14 05:47:00,395,395.14,395,395.14,146
2026-07-14 05:49:00,395.14,395.14,395.14,395.14,40
2026-07-14 05:50:00,395.08,395.27,395.08,395.19,586
2026-07-14 05:51:00,395.03,395.03,395,395,707
2026-07-14 05:56:00,394.7838,394.85,394.75,394.85,788
2026-07-14 05:57:00,394.85,394.85,394.8,394.8,86
2026-07-14 05:58:00,394.7,394.77,394.7,394.77,268
2026-07-14 06:00:00,394.62,394.66,394.62,394.66,276
2026-07-14 06:04:00,394.977,394.977,394.61,394.62,259
2026-07-14 06:05:00,394.7,394.7,394.7,394.7,43
2026-07-14 06:06:00,394.58,394.58,394.58,394.58,50
2026-07-14 06:08:00,394.7,394.7,394.7,394.7,210
2026-07-14 06:10:00,394.86,394.86,394.8,394.8,408
2026-07-14 06:13:00,394.7,394.7,394.7,394.7,555
2026-07-14 06:14:00,394.75,394.75,394.7,394.7,205
2026-07-14 06:15:00,394.74,394.74,394.33,394.33,1056
2026-07-14 06:16:00,394.4,394.4,394.11,394.11,7008
2026-07-14 06:17:00,394.04,394.1,394.04,394.1,98
2026-07-14 06:18:00,394.08,394.08,394.08,394.08,150
2026-07-14 06:19:00,394.35,394.35,394.35,394.35,50
2026-07-14 06:20:00,394.38,394.38,394.38,394.38,50
2026-07-14 06:21:00,394.2,394.2,394.2,394.2,95
2026-07-14 06:22:00,394.34,394.34,394.2144,394.34,220
2026-07-14 06:27:00,394.47,394.47,394.47,394.47,44
2026-07-14 06:30:00,394.7794,394.7899,394.7794,394.7899,3150
2026-07-14 06:31:00,394.73,394.8,394.34,394.34,562
2026-07-14 06:32:00,394.5,394.5,394.5,394.5,94
2026-07-14 06:36:00,394.71,394.88,394.71,394.88,281
2026-07-14 06:37:00,395,395.1909,395,395.14,438
2026-07-14 06:38:00,395.2,395.2891,395.2,395.2891,194
2026-07-14 06:39:00,395.06,395.14,395.06,395.14,447
2026-07-14 06:42:00,394.96,394.96,394.5303,394.5303,437
2026-07-14 06:45:00,394.72,394.72,394.72,394.72,43
2026-07-14 06:46:00,394.627,394.66,394.627,394.63,180
2026-07-14 06:48:00,394.9407,394.9407,394.7,394.7,184
2026-07-14 06:51:00,394.79,394.9,394.7,394.9,550
2026-07-14 06:52:00,394.84,394.84,394.84,394.84,83
2026-07-14 06:55:00,394.75,394.8,394.75,394.8,335
2026-07-14 06:56:00,394.8,394.95,394.8,394.95,130
2026-07-14 06:57:00,394.71,394.85,394.71,394.85,140
2026-07-14 06:58:00,394.97,395,394.86,394.88,719
2026-07-14 07:00:00,394.86,395.21,394.71,395.0132,9588
2026-07-14 07:01:00,394.7,394.82,394.6,394.6,359
2026-07-14 07:02:00,394.7,394.94,394.66,394.94,2931
2026-07-14 07:03:00,394.808,395,394.8071,394.87,1510
2026-07-14 07:04:00,394.9,394.9714,394.83,394.83,575
2026-07-14 07:05:00,394.8364,395,394.8364,394.8502,3796
2026-07-14 07:06:00,394.99,394.99,394.85,394.95,3279
2026-07-14 07:07:00,394.95,395.2936,394.9,395.05,2573
2026-07-14 07:08:00,395.27,395.39,394.85,394.85,5703
2026-07-14 07:09:00,395,395,394.79,394.82,856
2026-07-14 07:10:00,394.81,395.0764,394.81,395,388
2026-07-14 07:11:00,395.09,395.09,394.92,394.95,1796
2026-07-14 07:12:00,394.92,394.97,394.89,394.918,1190
2026-07-14 07:13:00,394.71,394.98,394.71,394.95,450
2026-07-14 07:14:00,394.97,395.1,394.97,395.1,1991
2026-07-14 07:15:00,395.33,395.5,395.33,395.5,1294
2026-07-14 07:16:00,395.4788,395.68,395.4788,395.67,4962
2026-07-14 07:17:00,395.67,395.72,395.5,395.59,1315
2026-07-14 07:18:00,395.64,395.64,395.5,395.5,822
2026-07-14 07:19:00,395.4505,395.75,395.4505,395.75,1470
2026-07-14 07:20:00,395.7175,395.75,395.5,395.68,254
2026-07-14 07:21:00,395.74,395.74,395.56,395.6805,297
2026-07-14 07:22:00,395.6805,395.7,395.55,395.65,470
2026-07-14 07:23:00,395.7,395.7,395.54,395.5565,1152
2026-07-14 07:24:00,395.6,395.78,395.6,395.61,7040
2026-07-14 07:25:00,395.61,395.7279,395.56,395.56,372
2026-07-14 07:26:00,395.7,395.7,395.55,395.56,875
2026-07-14 07:27:00,395.52,395.5783,395.4962,395.5783,200
2026-07-14 07:28:00,395.51,395.56,395.5,395.56,670
2026-07-14 07:29:00,395.5,395.5,395.36,395.3618,1063
2026-07-14 07:30:00,395.5,395.51,395.36,395.505,780
2026-07-14 07:31:00,395.5405,395.7,395.5405,395.63,6106
2026-07-14 07:32:00,395.75,395.9,395.7346,395.8,1568
2026-07-14 07:33:00,395.94,396,395.75,395.75,726
2026-07-14 07:34:00,395.9319,396,395.83,395.8999,4807
2026-07-14 07:35:00,395.83,395.9,395.8213,395.9,1315
2026-07-14 07:36:00,395.87,395.9,395.75,395.77,1410
2026-07-14 07:37:00,395.8,395.8,395.7522,395.7522,705
2026-07-14 07:38:00,395.77,395.83,395.74,395.83,664
2026-07-14 07:39:00,395.88,395.88,395.76,395.77,1853
2026-07-14 07:40:00,395.85,395.85,395.8,395.8,1008
2026-07-14 07:41:00,395.77,395.8,395.7,395.8,2516
2026-07-14 07:42:00,395.75,395.82,395.7156,395.76,652
2026-07-14 07:43:00,395.85,395.95,395.85,395.95,902
2026-07-14 07:44:00,395.9001,396.07,395.9001,396,6167
2026-07-14 07:45:00,396.19,396.4,396.18,396.3,4143
2026-07-14 07:46:00,396.4,396.4,396.37,396.4,682
2026-07-14 07:47:00,396.4522,396.55,396.44,396.5381,804
2026-07-14 07:48:00,396.4593,396.76,396.4593,396.76,2778
2026-07-14 07:49:00,396.78,396.7999,396.65,396.65,2597
2026-07-14 07:50:00,396.78,396.8,396.6,396.77,3510
2026-07-14 07:51:00,396.67,396.79,396.61,396.64,972
2026-07-14 07:52:00,396.7,396.7,396.6929,396.6929,2195
2026-07-14 07:53:00,396.6122,396.65,396.41,396.59,3285
2026-07-14 07:54:00,396.44,396.44,396.4,396.4001,1488
2026-07-14 07:55:00,396.4,396.4781,396.27,396.3156,2743
2026-07-14 07:56:00,396.27,396.32,396.27,396.32,400
2026-07-14 07:57:00,396.31,396.48,396.26,396.2912,1615
2026-07-14 07:58:00,396.5,396.5,396.4,396.4499,1524
2026-07-14 07:59:00,396.4331,396.5,396.32,396.5,342
2026-07-14 08:00:00,396.45,396.58,396.45,396.58,730
2026-07-14 08:01:00,396.451,396.6848,396.45,396.5,2084
2026-07-14 08:02:00,396.5,396.6,396.5,396.52,450
2026-07-14 08:03:00,396.5,396.52,396.32,396.52,2925
2026-07-14 08:04:00,396.32,396.32,396.11,396.3,19628
2026-07-14 08:05:00,396.1234,396.3382,396.1234,396.26,3185
2026-07-14 08:06:00,396.18,396.2542,396.18,396.25,530
2026-07-14 08:07:00,396.1104,396.19,396.06,396.0604,4394
2026-07-14 08:08:00,396.02,396.3,396.02,396.16,744
2026-07-14 08:09:00,396.0527,396.22,396.0527,396.22,247
2026-07-14 08:10:00,396.12,396.3,396.02,396.02,1376
2026-07-14 08:11:00,396.2,396.2,396.0262,396.06,524
2026-07-14 08:12:00,396.06,396.07,396.0011,396.07,4152
2026-07-14 08:13:00,396,396.1771,396,396.02,1138
2026-07-14 08:14:00,396,396,395.8,395.98,1622
2026-07-14 08:15:00,395.94,396.03,395.82,396.03,1164
2026-07-14 08:16:00,396.04,396.15,396.0002,396.0688,873
2026-07-14 08:17:00,396.18,396.3045,396.1348,396.226,3163
2026-07-14 08:18:00,396.2102,396.2492,396,396.05,707
2026-07-14 08:19:00,396.26,396.33,396.2,396.33,310
2026-07-14 08:20:00,396.3766,396.3999,396.3766,396.3999,2672
2026-07-14 08:21:00,396.2788,396.43,396.2788,396.43,758
2026-07-14 08:22:00,396.4,396.6,396.4,396.47,1935
2026-07-14 08:23:00,396.6,396.69,396.55,396.55,4541
2026-07-14 08:24:00,396.5,396.75,396.5,396.75,1950
2026-07-14 08:25:00,396.78,396.87,396.53,396.7127,2274
2026-07-14 08:26:00,396.7399,396.7399,396.51,396.67,975
2026-07-14 08:27:00,396.7001,396.7001,396.55,396.55,1495
2026-07-14 08:28:00,396.55,396.6,396.3,396.57,2012
2026-07-14 08:29:00,396.368,397.01,396.368,396.98,4543
2026-07-14 08:30:00,396.98,400.19,396.98,400,49682
2026-07-14 08:31:00,400.13,400.25,398.6159,399.6,19578
2026-07-14 08:32:00,399.41,400,399.3,399.3513,11519
2026-07-14 08:33:00,399.69,399.9,399.3,399.3,8620
2026-07-14 08:34:00,399.14,399.45,398.7,398.87,7901
2026-07-14 08:35:00,398.76,398.76,398.17,398.48,9339
2026-07-14 08:36:00,398.48,398.48,398.04,398.27,2563
2026-07-14 08:37:00,398.2651,398.27,398,398,1918
2026-07-14 08:38:00,398,398.84,398,398.84,6755
2026-07-14 08:39:00,398.66,398.8,398.26,398.63,2917
2026-07-14 08:40:00,398.55,398.8,398.4,398.4888,4852
2026-07-14 08:41:00,398.47,398.4864,398,398.4864,5134
2026-07-14 08:42:00,398.17,398.6377,398.17,398.6377,4983
2026-07-14 08:43:00,398.61,398.75,398.55,398.7,3958
2026-07-14 08:44:00,398.6,398.69,398.2,398.6,7999
2026-07-14 08:45:00,398.71,398.8,398.55,398.55,4251
2026-07-14 08:46:00,398.75,398.75,398.6,398.6001,4512
2026-07-14 08:47:00,398.6,398.6,398.03,398.0321,1849
2026-07-14 08:48:00,398.11,398.5,398.0286,398.3399,1683
2026-07-14 08:49:00,398.3,398.5,398.25,398.47,2800
2026-07-14 08:50:00,398.6,398.6,398.2,398.31,580
2026-07-14 08:51:00,398.3,398.46,398.2,398.4,1897
2026-07-14 08:52:00,398.4,398.4,398.15,398.3,913
2026-07-14 08:53:00,398.25,398.4,398.09,398.21,2581
2026-07-14 08:54:00,398.07,398.3419,398.05,398.18,936
2026-07-14 08:55:00,398.22,398.24,397.9,397.9,3341
2026-07-14 08:56:00,397.84,398.3,397.76,397.96,4838
2026-07-14 08:57:00,398.07,398.3599,397.8233,398.19,2915
2026-07-14 08:58:00,398.26,398.4,398.04,398.4,2438
2026-07-14 08:59:00,398.46,398.6,398.22,398.4999,3152
2026-07-14 09:00:00,398.48,398.97,398.48,398.89,5096
2026-07-14 09:01:00,398.7554,398.97,398.62,398.8261,3047
2026-07-14 09:02:00,398.8,399,398.75,398.9,3724
2026-07-14 09:03:00,398.65,398.8,398.51,398.65,2065
2026-07-14 09:04:00,398.65,398.6686,398.53,398.64,3156
2026-07-14 09:05:00,398.64,398.87,398.6399,398.87,1577
2026-07-14 09:06:00,398.89,399.01,398.7,398.7208,11938
2026-07-14 09:07:00,398.8531,399,398.53,398.7037,4526
2026-07-14 09:08:00,398.85,398.961,398.7,398.863,1565
2026-07-14 09:09:00,398.9423,399.0658,398.7,398.7,6042
2026-07-14 09:10:00,398.88,399.02,398.6541,398.6541,5347
2026-07-14 09:11:00,398.85,399,398.7,398.7,1323
2026-07-14 09:12:00,398.7872,398.91,398.65,398.715,2144
2026-07-14 09:13:00,398.65,398.65,398,398.33,4689
2026-07-14 09:14:00,398.35,398.49,398.35,398.35,1498
2026-07-14 09:15:00,398.34,398.6,398.34,398.6,1106
2026-07-14 09:16:00,398.39,398.48,398.3465,398.3465,795
2026-07-14 09:17:00,398.39,398.6,398.36,398.3626,3021
2026-07-14 09:18:00,398.4506,398.46,398.3454,398.3454,1018
2026-07-14 09:19:00,398.34,398.4337,398,398,2985
2026-07-14 09:20:00,398.19,398.22,397.52,398.09,8224
2026-07-14 09:21:00,398.09,398.31,398.01,398.31,1643
2026-07-14 09:22:00,398.18,398.4,398.13,398.4,2253
2026-07-14 09:23:00,398.3464,398.36,398.105,398.35,1534
2026-07-14 09:24:00,398.21,398.49,398.21,398.36,5132
2026-07-14 09:25:00,398.21,398.21,397.16,397.46,6875
2026-07-14 09:26:00,397.53,397.79,397.2478,397.5,3940
2026-07-14 09:27:00,397.73,398.99,397.67,398.565,4713
2026-07-14 09:28:00,398,398.94,398,398.69,6017
2026-07-14 09:29:00,398.72,399,398.72,398.94,6212
2026-07-14 09:30:00,399.16,400.82,397.18,397.76,357009
2026-07-14 09:31:00,397.93,399.64,397.8,398.335,120787
2026-07-14 09:32:00,398.325,398.7399,397.1101,397.4601,120596
2026-07-14 09:33:00,397.58,398.0597,397.16,397.7364,111350
2026-07-14 09:34:00,397.75,397.8999,396.7,397.265,98354
2026-07-14 09:35:00,397.3,397.77,396.77,397.59,88868
2026-07-14 09:36:00,397.65,397.75,396.55,396.775,70704
2026-07-14 09:37:00,396.86,398.4613,396.33,398.07,140223
2026-07-14 09:38:00,398.02,399.1499,397.8701,399.0801,128971
2026-07-14 09:39:00,399.15,399.27,398.7117,399.045,96079
2026-07-14 09:40:00,399.045,399.55,398.6,398.9375,143493
2026-07-14 09:41:00,398.98,399.5,398.61,398.91,87248
2026-07-14 09:42:00,398.9378,399.79,398.1,398.4216,116520
2026-07-14 09:43:00,398.39,398.55,397.73,397.9001,88546
2026-07-14 09:44:00,397.9451,398.31,396.81,397.32,103069
2026-07-14 09:45:00,397.39,398.2499,397.32,397.8,70734
2026-07-14 09:46:00,397.905,398.0499,396.35,396.35,104225
2026-07-14 09:47:00,396.375,396.6899,395.202,395.67,139539
2026-07-14 09:48:00,395.77,397.09,395.67,397.07,102072
2026-07-14 09:49:00,397.07,397.57,396.82,397.535,77484
2026-07-14 09:50:00,397.55,398.17,397.4,397.8949,86050
2026-07-14 09:51:00,397.83,398.6,397.7,397.84,75625
2026-07-14 09:52:00,397.839,398.49,397.4201,398,55503
2026-07-14 09:53:00,397.995,399.21,397.89,399.08,110443
2026-07-14 09:54:00,399.08,399.2,398.02,398.105,70297
2026-07-14 09:55:00,398.0401,398.19,397.755,398.09,64596
2026-07-14 09:56:00,398.15,398.91,398.06,398.6837,72617
2026-07-14 09:57:00,398.72,398.94,398.5,398.7675,48609
2026-07-14 09:58:00,398.69,398.99,398.65,398.675,41764
2026-07-14 09:59:00,398.6999,398.6999,398.17,398.31,53974
2026-07-14 10:00:00,398.37,399,398.2201,398.86,73926
2026-07-14 10:01:00,398.82,398.865,398.1,398.1501,65476
2026-07-14 10:02:00,398.24,398.7,397.87,398.255,61446
2026-07-14 10:03:00,398.245,398.4,397.81,398.25,44410
2026-07-14 10:04:00,398.3,398.44,398.04,398.16,21913
2026-07-14 10:05:00,398.15,398.36,397.68,398.2869,50772
2026-07-14 10:06:00,398.325,398.98,398.1701,398.98,70178
2026-07-14 10:07:00,398.905,399.28,398.41,398.905,101576
2026-07-14 10:08:00,398.82,399,398.5001,398.715,49159
2026-07-14 10:09:00,398.71,398.82,398.2918,398.75,34116
2026-07-14 10:10:00,398.67,398.95,398,398.07,70432
2026-07-14 10:11:00,398.066,398.5699,397.8,398.395,48888
2026-07-14 10:12:00,398.3401,398.94,398.3401,398.8801,40086
2026-07-14 10:13:00,398.95,399.2,398.49,398.92,73298
2026-07-14 10:14:00,398.915,399.19,398.63,399.0628,86272
2026-07-14 10:15:00,399.115,399.115,398.54,398.54,29728
2026-07-14 10:16:00,398.5699,398.6,397.4,398.22,123959
2026-07-14 10:17:00,398.0601,398.17,397.4,397.49,52254
2026-07-14 10:18:00,397.54,397.9294,397.21,397.7,54596
2026-07-14 10:19:00,397.69,398.88,397.64,398.21,73111
2026-07-14 10:20:00,398.34,398.9489,398.285,398.8312,41315
2026-07-14 10:21:00,398.9,399.17,398.68,399.17,75814
2026-07-14 10:22:00,399.08,399.3,398.73,399.215,64256
2026-07-14 10:23:00,399.13,399.205,398.43,398.546,57366
2026-07-14 10:24:00,398.51,398.69,398.11,398.2674,44213
2026-07-14 10:25:00,398.36,398.84,398.18,398.775,51329
2026-07-14 10:26:00,398.775,398.79,397.8,398.0001,73659
2026-07-14 10:27:00,398,398.13,397.71,397.89,39657
2026-07-14 10:28:00,397.88,397.9599,397.4,397.73,48372
2026-07-14 10:29:00,397.73,397.77,397.3,397.5118,47371
2026-07-14 10:30:00,397.57,397.84,397.1,397.24,47829
2026-07-14 10:31:00,397.3899,397.5999,396.7,397.1517,75396
2026-07-14 10:32:00,397.08,397.7,397.04,397.655,56008
2026-07-14 10:33:00,397.6999,398.2199,397.65,397.93,53478
2026-07-14 10:34:00,397.9299,399.6,397.56,398.1,175697
2026-07-14 10:35:00,398.08,398.8399,397.91,398.8399,75019
2026-07-14 10:36:00,398.79,398.972,398.03,398.3124,56183
2026-07-14 10:37:00,398.27,398.3918,397.83,397.945,45960
2026-07-14 10:38:00,397.9476,398.2426,397.73,398.185,37256
2026-07-14 10:39:00,398.15,398.32,397.87,398.185,33095
2026-07-14 10:40:00,398.185,398.71,398.14,398.32,38634
2026-07-14 10:41:00,398.28,398.36,397.57,397.625,36755
2026-07-14 10:42:00,397.67,398.03,397.67,397.97,34294
2026-07-14 10:43:00,397.945,397.945,397.39,397.44,34122
2026-07-14 10:44:00,397.47,397.8,397.41,397.7999,24134
2026-07-14 10:45:00,397.8,397.99,397.66,397.895,18761
2026-07-14 10:46:00,397.82,397.8985,397.07,397.2425,39133
2026-07-14 10:47:00,397.27,397.41,396.94,397.01,40354
2026-07-14 10:48:00,397.04,397.6,396.78,397.485,40713
2026-07-14 10:49:00,397.51,397.51,397,397.0801,27972
2026-07-14 10:50:00,397.15,397.44,396.91,397.35,50697
2026-07-14 10:51:00,397.37,398.07,397.19,398.0114,46753
2026-07-14 10:52:00,398.049,398.58,397.8575,398.45,63302
2026-07-14 10:53:00,398.48,398.73,398.13,398.6001,38816
2026-07-14 10:54:00,398.6501,398.75,398.39,398.675,28416
2026-07-14 10:55:00,398.7295,398.93,398.62,398.705,61141
2026-07-14 10:56:00,398.705,398.96,398.6204,398.672,33802
2026-07-14 10:57:00,398.76,399.2,398.71,399.165,74444
2026-07-14 10:58:00,399.165,399.2199,398.75,398.8701,45142
2026-07-14 10:59:00,398.925,399.24,398.79,398.96,36805
2026-07-14 11:00:00,399,399.2,398.64,398.7236,30219
2026-07-14 11:01:00,398.69,398.74,398.4,398.5299,41109
2026-07-14 11:02:00,398.47,398.5999,398.17,398.2863,28664
2026-07-14 11:03:00,398.27,398.48,398.11,398.2136,26812
2026-07-14 11:04:00,398.24,399.3499,398.1,398.68,88006
2026-07-14 11:05:00,398.72,398.8899,398.5638,398.685,19750
2026-07-14 11:06:00,398.6,398.7699,398.3,398.5462,33028
2026-07-14 11:07:00,398.51,399.18,398.51,399.06,42891
2026-07-14 11:08:00,399.06,399.97,399.03,399.81,108310
2026-07-14 11:09:00,399.79,400.5999,399.75,400.535,209793
2026-07-14 11:10:00,400.535,402.22,400.525,401.89,221225
2026-07-14 11:11:00,401.89,401.9499,400.31,400.5,126648
2026-07-14 11:12:00,400.45,400.58,399.92,400.32,60801
2026-07-14 11:13:00,400.32,400.7499,400.28,400.72,56084
2026-07-14 11:14:00,400.71,400.73,400.3608,400.5133,41874
2026-07-14 11:15:00,400.54,400.82,400.3,400.4581,42960
2026-07-14 11:16:00,400.46,400.59,400.25,400.57,33526
2026-07-14 11:17:00,400.545,400.86,400.53,400.695,48416
2026-07-14 11:18:00,400.69,400.71,400.1401,400.1739,37429
2026-07-14 11:19:00,400.14,400.15,399.6,399.6,63652
2026-07-14 11:20:00,399.6,399.6,398.71,399.32,93615
2026-07-14 11:21:00,399.295,399.6,399.111,399.308,38965
2026-07-14 11:22:00,399.31,399.46,399.05,399.16,26174
2026-07-14 11:23:00,399.155,399.21,398.71,399.06,62239
2026-07-14 11:24:00,399.06,399.1699,398.899,399.0422,23225
2026-07-14 11:25:00,399.04,399.09,398.81,398.92,30405
2026-07-14 11:26:00,398.92,399.4089,398.9,399.34,49449
2026-07-14 11:27:00,399.4,399.4295,398.95,399.32,28041
2026-07-14 11:28:00,399.295,399.4694,399.1305,399.3448,34271
2026-07-14 11:29:00,399.3147,399.7895,399.3,399.71,57226
2026-07-14 11:30:00,399.7661,399.85,399.42,399.51,36420
2026-07-14 11:31:00,399.51,399.6499,399.04,399.56,38032
2026-07-14 11:32:00,399.565,399.61,399.23,399.31,22747
2026-07-14 11:33:00,399.3,399.4,398.81,398.91,47743
2026-07-14 11:34:00,398.91,398.96,398.5,398.55,42049
2026-07-14 11:35:00,398.55,398.66,397.9,398.4651,112622
2026-07-14 11:36:00,398.475,398.59,398.21,398.255,41074
2026-07-14 11:37:00,398.3699,398.3699,397.88,397.88,38511
2026-07-14 11:38:00,397.88,398.14,397.75,398.03,40815
2026-07-14 11:39:00,398.0804,398.25,397.66,398.14,41582
2026-07-14 11:40:00,398.14,398.25,397.9101,398,34123
2026-07-14 11:41:00,398,398.1,397.36,397.78,58088
2026-07-14 11:42:00,397.73,397.83,397.02,397.205,121658
2026-07-14 11:43:00,397.21,397.29,396.94,397.155,62135
2026-07-14 11:44:00,397.15,397.4,397.08,397.2417,44680
2026-07-14 11:45:00,397.2,397.69,397.2,397.52,52641
2026-07-14 11:46:00,397.53,397.53,397.24,397.42,36620
2026-07-14 11:47:00,397.45,397.96,397.37,397.82,43437
2026-07-14 11:48:00,397.77,397.98,397.6,397.7181,24970
2026-07-14 11:49:00,397.74,397.79,397.3,397.37,35658
2026-07-14 11:50:00,397.37,397.55,397.1604,397.255,27931
2026-07-14 11:51:00,397.22,397.4,396.81,396.86,51449
2026-07-14 11:52:00,396.86,396.9,396.2,396.29,75207
2026-07-14 11:53:00,396.34,396.67,396.26,396.58,46153
2026-07-14 11:54:00,396.58,396.614,395.95,396.035,69415
2026-07-14 11:55:00,396.0201,396.27,395.76,396.2,70011
2026-07-14 11:56:00,396.195,396.44,396.1262,396.266,39614
2026-07-14 11:57:00,396.23,396.5,396.11,396.27,40717
2026-07-14 11:58:00,396.23,396.4,396.16,396.275,22209
2026-07-14 11:59:00,396.28,396.6699,396.23,396.62,45952
2026-07-14 12:00:00,396.6139,396.7,395.92,396,60286
2026-07-14 12:01:00,395.97,396.27,395.8,395.855,39467
2026-07-14 12:02:00,395.8685,396.06,395.7401,396,38293
2026-07-14 12:03:00,395.95,396.15,395.82,396.09,23951
2026-07-14 12:04:00,396.01,396.16,395.84,396.0379,26413
2026-07-14 12:05:00,396.09,396.4,395.9701,396.37,43545
2026-07-14 12:06:00,396.325,396.75,396.2701,396.725,43844
2026-07-14 12:07:00,396.69,396.735,396.21,396.295,48872
2026-07-14 12:08:00,396.295,396.53,396.2201,396.4301,15052
2026-07-14 12:09:00,396.48,396.71,396.36,396.448,29362
2026-07-14 12:10:00,396.53,396.65,395.96,396.03,54031
2026-07-14 12:11:00,395.99,396.17,395.92,396.1,34551
2026-07-14 12:12:00,396.1499,396.33,395.97,396.28,24223
2026-07-14 12:13:00,396.2801,396.6,396.231,396.33,23687
2026-07-14 12:14:00,396.31,396.42,396.11,396.1475,16030
2026-07-14 12:15:00,396.15,396.16,395.6406,395.97,63626
2026-07-14 12:16:00,395.97,396.2,395.94,396.155,27709
2026-07-14 12:17:00,396.16,396.28,395.99,396.14,30074
2026-07-14 12:18:00,396.14,396.4699,396.14,396.38,29425
2026-07-14 12:19:00,396.37,396.58,396.13,396.515,25039
2026-07-14 12:20:00,396.47,396.86,396.45,396.49,47570
2026-07-14 12:21:00,396.53,396.58,396.1,396.355,25682
2026-07-14 12:22:00,396.37,396.41,395.99,396.05,29064
2026-07-14 12:23:00,396.07,396.23,395.87,396.05,29601
2026-07-14 12:24:00,396.03,396.44,395.97,396.305,18365
2026-07-14 12:25:00,396.295,396.58,396.27,396.455,36245
2026-07-14 12:26:00,396.45,396.58,396.25,396.3699,17806
2026-07-14 12:27:00,396.29,396.4999,396.2,396.43,13505
2026-07-14 12:28:00,396.48,396.6,396.35,396.545,18908
2026-07-14 12:29:00,396.59,396.63,396.46,396.4957,24588
2026-07-14 12:30:00,396.5233,397.01,396.48,396.9755,45884
2026-07-14 12:31:00,397.0037,397.51,396.995,397.305,74458
2026-07-14 12:32:00,397.3055,397.3168,397.05,397.08,24621
2026-07-14 12:33:00,397.1699,397.21,396.91,397.14,20243
2026-07-14 12:34:00,397.13,397.41,397.09,397.3748,22430
2026-07-14 12:35:00,397.37,397.87,397.26,397.85,42341
2026-07-14 12:36:00,397.88,398.16,397.8,398.03,71362
2026-07-14 12:37:00,397.975,398.17,397.8001,397.8905,27859
2026-07-14 12:38:00,397.89,397.92,397.5,397.84,78782
2026-07-14 12:39:00,397.79,397.9,397.71,397.81,13994
2026-07-14 12:40:00,397.8,397.8799,397.5501,397.75,13460
2026-07-14 12:41:00,397.7,397.86,397.53,397.675,83508
2026-07-14 12:42:00,397.6201,397.6201,397.225,397.425,18601
2026-07-14 12:43:00,397.4005,397.6,397.4,397.565,9297
2026-07-14 12:44:00,397.57,397.8,397.5101,397.555,19051
2026-07-14 12:45:00,397.56,397.71,397.28,397.34,17560
2026-07-14 12:46:00,397.355,397.4,396.9,397.0697,43222
2026-07-14 12:47:00,396.9503,397.08,396.65,396.665,21030
2026-07-14 12:48:00,396.665,396.665,396.36,396.504,30491
2026-07-14 12:49:00,396.52,396.85,396.5,396.7599,33087
2026-07-14 12:50:00,396.6415,396.92,396.58,396.81,21474
2026-07-14 12:51:00,396.8365,396.9699,396.7,396.81,43415
2026-07-14 12:52:00,396.78,396.825,396.18,396.29,37949
2026-07-14 12:53:00,396.318,396.7482,396.3,396.51,23333
2026-07-14 12:54:00,396.47,396.54,396.2,396.24,20491
2026-07-14 12:55:00,396.25,396.49,396.2101,396.4684,16166
2026-07-14 12:56:00,396.48,396.54,396.21,396.23,17373
2026-07-14 12:57:00,396.2002,396.28,395.9,396.11,43355
2026-07-14 12:58:00,396.1401,396.17,395.92,396.125,20288
2026-07-14 12:59:00,396.125,396.125,395.4,395.475,65874
2026-07-14 13:00:00,395.475,395.76,395.3,395.6699,40845
2026-07-14 13:01:00,395.58,395.88,395.5001,395.83,32982
2026-07-14 13:02:00,395.88,395.88,395.63,395.845,22092
2026-07-14 13:03:00,395.845,396.1699,395.7101,395.835,28997
2026-07-14 13:04:00,395.83,395.95,395.63,395.91,24115
2026-07-14 13:05:00,395.91,395.91,395.55,395.66,21043
2026-07-14 13:06:00,395.665,395.79,395.55,395.55,21426
2026-07-14 13:07:00,395.5201,395.6588,395.45,395.545,20911
2026-07-14 13:08:00,395.545,395.61,395.22,395.45,27342
2026-07-14 13:09:00,395.38,395.6,395.28,395.475,23496
2026-07-14 13:10:00,395.5,395.86,395.42,395.84,25641
2026-07-14 13:11:00,395.815,395.85,395.56,395.61,35004
2026-07-14 13:12:00,395.68,395.68,395.251,395.3299,35330
2026-07-14 13:13:00,395.295,395.5,395.29,395.4499,16604
2026-07-14 13:14:00,395.351,395.45,395.275,395.345,20418
2026-07-14 13:15:00,395.37,395.44,394.76,395.05,114656
2026-07-14 13:16:00,395.02,395.405,395.01,395.23,29957
2026-07-14 13:17:00,395.22,395.3899,395.16,395.16,20622
2026-07-14 13:18:00,395.155,395.3,395.0717,395.215,21237
2026-07-14 13:19:00,395.24,395.5,395.17,395.47,22387
2026-07-14 13:20:00,395.4575,395.68,395.33,395.615,36953
2026-07-14 13:21:00,395.5969,395.77,395.54,395.6,30874
2026-07-14 13:22:00,395.595,395.8235,395.5,395.54,25098
2026-07-14 13:23:00,395.555,395.98,395.53,395.79,31128
2026-07-14 13:24:00,395.81,395.87,395.53,395.585,18696
2026-07-14 13:25:00,395.585,395.84,395.48,395.57,18950
2026-07-14 13:26:00,395.57,395.66,395.5501,395.63,12712
2026-07-14 13:27:00,395.635,395.67,395.4701,395.62,15117
2026-07-14 13:28:00,395.58,395.63,395.5,395.59,12642
2026-07-14 13:29:00,395.5887,395.64,395.33,395.3375,24197
2026-07-14 13:30:00,395.335,395.46,395.22,395.29,23003
2026-07-14 13:31:00,395.22,395.41,395.13,395.235,27422
2026-07-14 13:32:00,395.24,395.36,395.18,395.23,14661
2026-07-14 13:33:00,395.2499,395.3,394.94,394.97,41167
2026-07-14 13:34:00,394.98,395.35,394.93,395.2626,33316
2026-07-14 13:35:00,395.295,395.59,395.17,395.545,27670
2026-07-14 13:36:00,395.545,395.62,395.23,395.29,16039
2026-07-14 13:37:00,395.3065,395.43,395.2,395.2705,13721
2026-07-14 13:38:00,395.34,395.34,395.2,395.25,9804
2026-07-14 13:39:00,395.22,395.5,395.22,395.39,15024
2026-07-14 13:40:00,395.42,395.6,395.35,395.545,17929
2026-07-14 13:41:00,395.5101,395.619,395.4115,395.465,12750
2026-07-14 13:42:00,395.49,395.52,395.35,395.35,11450
2026-07-14 13:43:00,395.31,395.56,395.26,395.39,17206
2026-07-14 13:44:00,395.39,395.4929,395.22,395.235,13792
2026-07-14 13:45:00,395.24,395.3999,395.0973,395.34,17182
2026-07-14 13:46:00,395.2673,395.2999,394.92,395.11,32612
2026-07-14 13:47:00,395.0301,395.45,395.03,395.41,35741
2026-07-14 13:48:00,395.41,395.959,395.33,395.93,38794
2026-07-14 13:49:00,395.93,395.96,395.62,395.675,38212
2026-07-14 13:50:00,395.68,395.8699,395.64,395.8186,17896
2026-07-14 13:51:00,395.81,396.1,395.79,395.98,31297
2026-07-14 13:52:00,396.0799,396.08,395.7001,395.745,21772
2026-07-14 13:53:00,395.7799,395.9,395.72,395.85,22029
2026-07-14 13:54:00,395.865,396.15,395.865,396.125,21930
2026-07-14 13:55:00,396.125,396.1699,395.91,396.03,20865
2026-07-14 13:56:00,396.03,396.0797,395.8,395.945,15810
2026-07-14 13:57:00,395.965,395.965,395.642,395.89,23708
2026-07-14 13:58:00,395.8501,395.96,395.62,395.785,24856
2026-07-14 13:59:00,395.7611,395.88,395.65,395.78,28049
2026-07-14 14:00:00,395.78,395.99,395.68,395.68,21899
2026-07-14 14:01:00,395.7099,395.82,395.42,395.795,24722
2026-07-14 14:02:00,395.74,396.45,395.74,396.383,79693
2026-07-14 14:03:00,396.33,396.7,396.3,396.34,69171
2026-07-14 14:04:00,396.34,396.6,396.3,396.4,34705
2026-07-14 14:05:00,396.45,396.7385,396.43,396.475,28273
2026-07-14 14:06:00,396.4716,396.84,396.45,396.74,27049
2026-07-14 14:07:00,396.74,396.74,396.3984,396.49,27026
2026-07-14 14:08:00,396.46,396.53,396.24,396.4,22450
2026-07-14 14:09:00,396.38,396.53,396.3301,396.3897,14939
2026-07-14 14:10:00,396.38,396.5822,396.35,396.491,11941
2026-07-14 14:11:00,396.51,396.6799,396.33,396.36,28025
2026-07-14 14:12:00,396.37,396.44,396.02,396.22,21255
2026-07-14 14:13:00,396.22,396.22,395.9524,396.005,30811
2026-07-14 14:14:00,396.0185,396.2,395.95,396.15,21837
2026-07-14 14:15:00,396.155,396.27,396.06,396.15,14825
2026-07-14 14:16:00,396.11,396.47,396.04,396.42,24118
2026-07-14 14:17:00,396.45,396.5,396.29,396.47,19798
2026-07-14 14:18:00,396.395,396.52,396.31,396.475,11962
2026-07-14 14:19:00,396.475,396.5184,396.39,396.46,11642
2026-07-14 14:20:00,396.46,396.53,396.29,396.45,11494
2026-07-14 14:21:00,396.43,396.55,396.41,396.47,16143
2026-07-14 14:22:00,396.4795,396.48,396.29,396.415,12956
2026-07-14 14:23:00,396.415,396.415,396.2,396.2675,17686
2026-07-14 14:24:00,396.28,396.39,396.17,396.335,18068
2026-07-14 14:25:00,396.34,396.56,396.2,396.48,17934
2026-07-14 14:26:00,396.525,396.82,396.48,396.785,36228
2026-07-14 14:27:00,396.81,396.92,396.76,396.845,31178
2026-07-14 14:28:00,396.84,396.89,396.72,396.805,22495
2026-07-14 14:29:00,396.75,396.76,396.31,396.415,33943
2026-07-14 14:30:00,396.38,396.46,396.1201,396.13,20044
2026-07-14 14:31:00,396.21,396.48,396.14,396.425,29376
2026-07-14 14:32:00,396.37,396.4596,396.2,396.425,13570
2026-07-14 14:33:00,396.45,396.54,396.35,396.51,11149
2026-07-14 14:34:00,396.51,396.51,396.2894,396.365,9969
2026-07-14 14:35:00,396.38,396.75,396.38,396.69,28904
2026-07-14 14:36:00,396.67,396.72,396.41,396.41,13636
2026-07-14 14:37:00,396.425,396.5499,396.06,396.44,21586
2026-07-14 14:38:00,396.445,396.49,396.11,396.4,20150
2026-07-14 14:39:00,396.38,396.4213,396.16,396.16,12558
2026-07-14 14:40:00,396.18,396.2188,395.9109,395.95,37544
2026-07-14 14:41:00,395.95,396.01,395.4,395.57,52243
2026-07-14 14:42:00,395.59,395.7956,395.48,395.67,32407
2026-07-14 14:43:00,395.715,395.8,395.53,395.6551,22662
2026-07-14 14:44:00,395.6302,395.97,395.6302,395.935,21098
2026-07-14 14:45:00,395.94,395.97,395.76,395.88,27763
2026-07-14 14:46:00,395.86,396.14,395.845,396.13,34025
2026-07-14 14:47:00,396.1395,396.2,395.95,395.99,18813
2026-07-14 14:48:00,395.99,396.18,395.8582,396.18,19708
2026-07-14 14:49:00,396.16,396.27,396.0208,396.0208,22307
2026-07-14 14:50:00,396.12,396.12,395.87,396.035,19392
2026-07-14 14:51:00,396.05,396.45,396.04,396.34,30243
2026-07-14 14:52:00,396.36,396.41,396.261,396.335,19999
2026-07-14 14:53:00,396.335,396.68,396.32,396.61,22396
2026-07-14 14:54:00,396.61,396.9,396.5501,396.806,38194
2026-07-14 14:55:00,396.8,397.05,396.6,396.7701,47283
2026-07-14 14:56:00,396.91,396.96,396.73,396.825,23796
2026-07-14 14:57:00,396.835,396.97,396.63,396.7106,50117
2026-07-14 14:58:00,396.735,396.8,396.62,396.7,19462
2026-07-14 14:59:00,396.7,396.78,396.58,396.69,15613
2026-07-14 15:00:00,396.74,396.84,396.53,396.8,14851
2026-07-14 15:01:00,396.785,397,396.76,396.865,31759
2026-07-14 15:02:00,396.87,396.8801,396.73,396.8138,25518
2026-07-14 15:03:00,396.8,396.97,396.75,396.78,21211
2026-07-14 15:04:00,396.8,396.8351,396.7,396.725,17193
2026-07-14 15:05:00,396.725,396.8999,396.62,396.86,23302
2026-07-14 15:06:00,396.82,397.33,396.78,397.26,57366
2026-07-14 15:07:00,397.25,397.26,396.87,397.1,29688
2026-07-14 15:08:00,397.11,397.15,396.87,397,18066
2026-07-14 15:09:00,396.975,397.06,396.835,396.835,16580
2026-07-14 15:10:00,396.835,397.03,396.78,396.945,20482
2026-07-14 15:11:00,396.945,396.945,396.74,396.815,12727
2026-07-14 15:12:00,396.86,397.21,396.815,397.17,43981
2026-07-14 15:13:00,397.17,397.23,396.94,396.99,28355
2026-07-14 15:14:00,396.99,397.04,396.7698,396.875,19599
2026-07-14 15:15:00,396.875,396.97,396.8,396.8,14951
2026-07-14 15:16:00,396.8,396.93,396.7,396.83,18408
2026-07-14 15:17:00,396.8,396.98,396.69,396.95,19153
2026-07-14 15:18:00,396.945,397,396.28,396.495,41931
2026-07-14 15:19:00,396.4624,396.57,396.33,396.5101,17706
2026-07-14 15:20:00,396.525,396.66,396.48,396.59,19284
2026-07-14 15:21:00,396.61,396.87,396.601,396.61,37202
2026-07-14 15:22:00,396.61,396.92,396.61,396.885,15250
2026-07-14 15:23:00,396.885,397.13,396.885,397,26423
2026-07-14 15:24:00,396.99,397.1,396.93,397.0231,15855
2026-07-14 15:25:00,397.0101,397.07,396.8,396.8599,20699
2026-07-14 15:26:00,396.83,397.29,396.8,397.25,44697
2026-07-14 15:27:00,397.26,397.3,397.08,397.12,33760
2026-07-14 15:28:00,397.15,397.15,396.62,396.7,21521
2026-07-14 15:29:00,396.745,397.1,396.57,396.6,42595
2026-07-14 15:30:00,396.632,396.64,396.23,396.3094,38069
2026-07-14 15:31:00,396.25,396.26,395.9201,396.08,47697
2026-07-14 15:32:00,396.07,396.2,395.9,396.17,29287
2026-07-14 15:33:00,396.145,396.25,396.07,396.18,23884
2026-07-14 15:34:00,396.16,396.31,396.06,396.2281,23406
2026-07-14 15:35:00,396.255,396.255,395.91,395.93,32826
2026-07-14 15:36:00,395.94,396.08,395.43,395.565,36299
2026-07-14 15:37:00,395.57,395.73,395.49,395.66,29078
2026-07-14 15:38:00,395.66,395.8,395.3,395.3699,43383
2026-07-14 15:39:00,395.335,395.5398,395.24,395.475,39831
2026-07-14 15:40:00,395.43,395.74,395.405,395.56,31735
2026-07-14 15:41:00,395.547,395.78,395.5,395.55,24040
2026-07-14 15:42:00,395.51,396.12,395.51,395.9701,38674
2026-07-14 15:43:00,396.02,396.12,395.84,396.04,22243
2026-07-14 15:44:00,396.09,396.17,395.96,396,21740
2026-07-14 15:45:00,396,396.13,395.91,395.95,22855
2026-07-14 15:46:00,395.9664,396.2,395.945,396.0301,28225
2026-07-14 15:47:00,396.065,396.25,395.97,396.09,29984
2026-07-14 15:48:00,396.12,396.39,396.07,396.225,29890
2026-07-14 15:49:00,396.225,396.43,396.18,396.33,26928
2026-07-14 15:50:00,396.34,396.8999,396.26,396.6701,78125
2026-07-14 15:51:00,396.73,397.0982,396.66,396.68,61990
2026-07-14 15:52:00,396.68,396.92,396.32,396.4,48416
2026-07-14 15:53:00,396.42,396.83,396.386,396.7145,40451
2026-07-14 15:54:00,396.69,396.8,395.97,396.08,54180
2026-07-14 15:55:00,396.14,396.95,396.13,396.62,66332
2026-07-14 15:56:00,396.62,396.62,396.38,396.54,49807
2026-07-14 15:57:00,396.54,396.67,396.21,396.59,76424
2026-07-14 15:58:00,396.62,396.6536,396.22,396.26,110427
2026-07-14 15:59:00,396.24,396.29,396,396.06,295640
2026-07-14 16:00:00,396.05,396.18,396,396.1,1933920
2026-07-14 16:01:00,396.0142,396.1,395.3,395.8,3863
2026-07-14 16:02:00,395.68,396.18,395.5325,395.8,8402
2026-07-14 16:03:00,395.8776,395.9,395.64,395.79,2244
2026-07-14 16:04:00,395.75,395.78,395.5586,395.6,2436
2026-07-14 16:05:00,395.7214,395.96,395.5149,395.95,2714
2026-07-14 16:06:00,395.6714,395.8,395.6366,395.8,600
2026-07-14 16:07:00,395.66,395.66,395.53,395.53,1512
2026-07-14 16:08:00,395.5,395.65,395.4,395.61,1857
2026-07-14 16:09:00,395.5,395.6,395.5,395.55,1345
2026-07-14 16:10:00,395.6,395.6,395.4,395.4001,1176
2026-07-14 16:11:00,395.36,395.36,395.3,395.3,1272
2026-07-14 16:12:00,395.32,395.35,395.05,395.1,9968
2026-07-14 16:13:00,395.1,395.2,395.0278,395.2,2961
2026-07-14 16:14:00,395.1825,395.4,395.1825,395.4,1300
2026-07-14 16:15:00,395.4,395.4,395.2046,395.3999,464
2026-07-14 16:16:00,395.36,395.4,395.3201,395.36,979
2026-07-14 16:17:00,395.35,395.35,395.2108,395.25,671
2026-07-14 16:18:00,395.2,395.2698,395.2,395.214,1167
2026-07-14 16:19:00,395.27,395.27,395.25,395.266,290
2026-07-14 16:20:00,395.25,395.27,395.2,395.27,1515
2026-07-14 16:21:00,395.27,395.29,395.22,395.22,1479
2026-07-14 16:22:00,395.25,395.26,395.21,395.26,2100
2026-07-14 16:23:00,395.22,395.22,395.22,395.22,285
2026-07-14 16:24:00,395.23,395.25,395.2239,395.25,780
2026-07-14 16:25:00,395.29,395.3,395.258,395.258,741
2026-07-14 16:26:00,395.29,395.29,395.25,395.29,475
2026-07-14 16:27:00,395.29,395.3,395.26,395.26,716
2026-07-14 16:28:00,395.2552,395.258,395.2552,395.2552,150
2026-07-14 16:29:00,395.29,395.3086,395.24,395.24,1323
2026-07-14 16:30:00,395.21,396.5,395.21,395.45,3209
2026-07-14 16:31:00,395.37,395.37,395,395.2,819
2026-07-14 16:32:00,395.3,395.3,395.25,395.28,1922
2026-07-14 16:33:00,395.31,396.18,395.22,396.18,3103
2026-07-14 16:34:00,395.21,395.31,395.21,395.31,991
2026-07-14 16:35:00,395.25,395.3,395.25,395.3,459
2026-07-14 16:36:00,395.25,395.3,395.25,395.3,827
2026-07-14 16:37:00,395.3,395.72,395.3,395.72,813
2026-07-14 16:38:00,395.35,395.5,395.35,395.37,1463
2026-07-14 16:39:00,395.38,395.6,395.2,395.3,555
2026-07-14 16:40:00,395.31,395.35,395.31,395.35,405
2026-07-14 16:41:00,395.35,395.35,395.35,395.35,200
2026-07-14 16:42:00,395.34,395.34,395.3,395.3,906
2026-07-14 16:45:00,395.28,395.35,395.28,395.34,362
2026-07-14 16:46:00,395.35,395.35,395.35,395.35,43
2026-07-14 16:47:00,395.25,395.35,395.25,395.25,1453
2026-07-14 16:48:00,395.25,395.25,395.25,395.25,100
2026-07-14 16:49:00,395.35,395.35,395.13,395.13,820
2026-07-14 16:50:00,395.2583,395.32,395.2583,395.3122,464
2026-07-14 16:52:00,395.25,395.25,395.25,395.25,643
2026-07-14 16:53:00,395.27,395.27,395.22,395.22,1235
2026-07-14 16:54:00,395.22,395.22,395.22,395.22,92
2026-07-14 16:55:00,395.27,395.27,395.27,395.27,100
2026-07-14 16:56:00,395.3496,395.35,395.32,395.35,2101
2026-07-14 16:57:00,395.32,395.35,395.22,395.35,1111
2026-07-14 16:58:00,395.2822,395.2822,395.22,395.22,204
2026-07-14 16:59:00,395.4,395.4,395.23,395.23,160
2026-07-14 17:00:00,395.34,395.34,395.34,395.34,59
2026-07-14 17:01:00,395.35,395.35,395.35,395.35,380
2026-07-14 17:02:00,395.34,395.34,395.22,395.22,2287
2026-07-14 17:03:00,395.3501,395.3501,395.3501,395.3501,796
2026-07-14 17:04:00,395.3699,395.38,395.35,395.35,349
2026-07-14 17:05:00,395.36,395.36,395.36,395.36,45
2026-07-14 17:06:00,395.74,395.74,395.5,395.5,732
2026-07-14 17:08:00,395.5,395.5,395.3662,395.3662,295
2026-07-14 17:09:00,395.41,395.41,395.35,395.35,138
2026-07-14 17:10:00,395.52,395.52,395.52,395.52,386
2026-07-14 17:11:00,395.5,395.5305,395.4,395.5,250
2026-07-14 17:12:00,395.55,395.55,395.51,395.51,80
2026-07-14 17:13:00,395.5,395.5292,395.5,395.5292,750
2026-07-14 17:14:00,395.4378,395.4378,395.4378,395.4378,40
2026-07-14 17:16:00,395.53,395.5499,395.53,395.5499,200
2026-07-14 17:17:00,395.5079,395.5079,395.5079,395.5079,200
2026-07-14 17:18:00,395.5,395.53,395.5,395.53,125
2026-07-14 17:20:00,395.55,395.55,395.48,395.48,320
2026-07-14 17:21:00,395.4122,395.46,395.4122,395.46,814
2026-07-14 17:23:00,395.5097,395.51,395.5097,395.51,500
2026-07-14 17:24:00,395.48,395.48,395.42,395.42,145
2026-07-14 17:25:00,395.46,395.46,395.46,395.46,1483
2026-07-14 17:26:00,395.44,395.46,395.44,395.44,498
2026-07-14 17:27:00,395.44,395.44,395.44,395.44,1672
2026-07-14 17:28:00,395.4,395.4,395.4,395.4,86
2026-07-14 17:29:00,395.48,395.53,395.48,395.4902,234
2026-07-14 17:30:00,395.43,395.43,395.4,395.4,940
2026-07-14 17:32:00,395.421,395.421,395.421,395.421,96
2026-07-14 17:34:00,395.468,395.468,395.41,395.4191,483
2026-07-14 17:35:00,395.41,395.4213,395.41,395.4213,193
2026-07-14 17:36:00,395.4136,395.4136,395.4136,395.4136,110
2026-07-14 17:37:00,395.4229,395.4229,395.4229,395.4229,100
2026-07-14 17:38:00,395.4696,395.4696,395.4632,395.4632,134
2026-07-14 17:40:00,395.46,395.4679,395.4004,395.4182,1757
2026-07-14 17:43:00,395.45,395.45,395.4499,395.4499,95
2026-07-14 17:44:00,395.41,395.41,395.41,395.41,100
2026-07-14 17:45:00,395.44,395.4401,395.4,395.4,430
2026-07-14 17:46:00,395.4012,395.4012,395.4012,395.4012,229
2026-07-14 17:47:00,395.4,395.4,395.2,395.2,1176
2026-07-14 17:48:00,395.18,395.18,395.1048,395.1048,2409
2026-07-14 17:49:00,395.1402,395.2,395.1402,395.2,2434
2026-07-14 17:50:00,395.46,395.46,395.46,395.46,40
2026-07-14 17:53:00,395.25,395.2575,395.25,395.2575,82
2026-07-14 17:54:00,395.35,395.35,395.35,395.35,200
2026-07-14 17:55:00,395.25,395.2501,395.25,395.2501,98
2026-07-14 17:57:00,395.2,395.244,395.2,395.22,395
2026-07-14 17:58:00,395.2201,395.2201,395.22,395.22,293
2026-07-14 17:59:00,395.2301,395.2301,395.23,395.23,108
2026-07-14 18:00:00,395.35,395.35,395.23,395.34,2969
2026-07-14 18:01:00,395.25,395.3344,395.2,395.2,650
2026-07-14 18:02:00,395.2,395.2,395.2,395.2,259
2026-07-14 18:03:00,395.19,395.19,395.19,395.19,40
2026-07-14 18:04:00,395.19,395.2,395.19,395.19,1807
2026-07-14 18:05:00,395.32,395.32,395.32,395.32,51
2026-07-14 18:06:00,395.32,395.32,395.2748,395.31,1103
2026-07-14 18:07:00,395.2,395.2,395.17,395.17,343
2026-07-14 18:08:00,395.2,395.275,395.2,395.275,103
2026-07-14 18:09:00,395.1715,395.1715,395.14,395.16,437
2026-07-14 18:10:00,395.1128,395.1128,395.1128,395.1128,40
2026-07-14 18:11:00,395.03,395.03,395.01,395.022,569
2026-07-14 18:13:00,395.021,395.021,395.021,395.021,48
2026-07-14 18:14:00,395.01,395.01,395.01,395.01,250
2026-07-14 18:15:00,395.0332,395.0332,395.0332,395.0332,50
2026-07-14 18:16:00,395.0511,395.19,395.0511,395.19,246
2026-07-14 18:17:00,395.09,395.09,395.09,395.09,49
2026-07-14 18:18:00,395.12,395.12,395.12,395.12,500
2026-07-14 18:19:00,395.12,395.12,395.03,395.03,1415
2026-07-14 18:20:00,395.05,395.2,395.05,395.2,220
2026-07-14 18:21:00,395.21,395.21,395.05,395.2001,768
2026-07-14 18:23:00,395.2,395.2,395.2,395.2,76
2026-07-14 18:24:00,395.2001,395.28,395.05,395.28,2373
2026-07-14 18:25:00,395.28,395.28,395.17,395.17,424
2026-07-14 18:26:00,395.27,395.28,395.27,395.28,866
2026-07-14 18:27:00,395.2748,395.2748,395.05,395.26,1387
2026-07-14 18:28:00,395.247,395.247,395.247,395.247,50
2026-07-14 18:29:00,395.16,395.16,395.16,395.16,1000
2026-07-14 18:30:00,395.2279,395.2279,395.2279,395.2279,40
2026-07-14 18:31:00,395.22,395.35,395.22,395.35,1995
2026-07-14 18:32:00,395.41,395.41,395.3398,395.35,540
2026-07-14 18:33:00,395.35,395.3894,395.34,395.3583,702
2026-07-14 18:34:00,395.24,395.3,395.24,395.3,626
2026-07-14 18:35:00,395.23,395.3,395.23,395.3,203
2026-07-14 18:36:00,395.2967,395.3,395.2967,395.3,133
2026-07-14 18:37:00,395.28,395.3,395.23,395.28,911
2026-07-14 18:38:00,395.3,395.3,395.05,395.05,780
2026-07-14 18:39:00,395.2998,395.3,395.28,395.3,588
2026-07-14 18:40:00,395.2551,395.2999,395.2551,395.2999,1784
2026-07-14 18:42:00,395.28,395.3,395.28,395.3,832
2026-07-14 18:43:00,395.28,395.28,395.28,395.28,86
2026-07-14 18:46:00,395.4,395.4,395.3564,395.3801,170
2026-07-14 18:47:00,395.3857,395.3857,395.3,395.3,170
2026-07-14 18:48:00,395.28,395.28,395.28,395.28,200
2026-07-14 18:49:00,395.27,395.28,395.27,395.27,317
2026-07-14 18:51:00,395.31,395.31,395.31,395.31,62
2026-07-14 18:52:00,395.28,395.28,395.2529,395.2529,116
2026-07-14 18:53:00,395.25,395.25,395.24,395.24,677
2026-07-14 18:54:00,395.22,395.22,395.2,395.2,300
2026-07-14 18:55:00,395.1,395.1,395.1,395.1,150
2026-07-14 18:56:00,395.0512,395.11,395.01,395.05,832
2026-07-14 18:57:00,395.05,395.05,395.021,395.021,195
2026-07-14 18:58:00,395.12,395.1511,395.12,395.1511,150
2026-07-14 18:59:00,395.18,395.18,395.16,395.18,458
2026-07-14 19:00:00,395.18,395.18,395.18,395.18,50
2026-07-14 19:01:00,395.18,395.18,395.18,395.18,60
2026-07-14 19:02:00,395.16,395.16,395.16,395.16,100
2026-07-14 19:04:00,395.18,395.22,395.18,395.22,346
2026-07-14 19:05:00,395.2797,395.2797,395.2797,395.2797,71
2026-07-14 19:06:00,395.2791,395.28,395.1756,395.1756,913
2026-07-14 19:07:00,395.28,395.28,395.28,395.28,155
2026-07-14 19:09:00,395.1601,395.34,395.1601,395.34,147
2026-07-14 19:11:00,395.3361,395.34,395.3,395.32,426
2026-07-14 19:12:00,395.34,395.34,395.32,395.32,644
2026-07-14 19:13:00,395.4,395.4,395.39,395.39,180
2026-07-14 19:15:00,395.4231,395.4231,395.34,395.34,184
2026-07-14 19:16:00,395.44,395.44,395.44,395.44,100
2026-07-14 19:17:00,395.3943,395.3943,395.38,395.38,98
2026-07-14 19:18:00,395.3101,395.3161,395.3101,395.3161,226
2026-07-14 19:19:00,395.34,395.4,395.34,395.4,102
2026-07-14 19:20:00,395.36,395.36,395.36,395.36,73
2026-07-14 19:22:00,395.31,395.42,395.31,395.37,683
2026-07-14 19:23:00,395.3604,395.4299,395.3604,395.4299,594
2026-07-14 19:24:00,395.4,395.41,395.39,395.41,1368
2026-07-14 19:25:00,395.44,395.99,395.43,395.91,1736
2026-07-14 19:26:00,395.55,395.8305,395.5,395.76,533
2026-07-14 19:27:00,395.84,395.84,395.84,395.84,80
2026-07-14 19:28:00,395.75,395.8,395.71,395.8,240
2026-07-14 19:29:00,395.85,395.85,395.85,395.85,129
2026-07-14 19:30:00,395.99,396,395.85,395.85,723
2026-07-14 19:31:00,395.8497,395.8497,395.84,395.84,548
2026-07-14 19:32:00,395.8484,395.99,395.8484,395.99,195
2026-07-14 19:33:00,396,396,396,396,248
2026-07-14 19:34:00,395.8276,395.8482,395.816,395.8482,900
2026-07-14 19:35:00,395.9905,396.01,395.9905,396.01,126
2026-07-14 19:36:00,395.9808,395.9808,395.9808,395.9808,50
2026-07-14 19:37:00,395.91,396.07,395.9003,396,813
2026-07-14 19:38:00,396,396,395.9018,395.9018,250
2026-07-14 19:40:00,395.9,395.99,395.9,395.99,209
2026-07-14 19:41:00,396.0318,396.0318,395.9599,395.9599,200
2026-07-14 19:42:00,395.9535,395.9535,395.91,395.95,662
2026-07-14 19:43:00,395.91,395.91,395.89,395.9,481
2026-07-14 19:44:00,395.89,395.89,395.8,395.8,410
2026-07-14 19:45:00,395.8332,395.8332,395.7503,395.7503,130
2026-07-14 19:46:00,395.8,395.8152,395.8,395.8152,149
2026-07-14 19:47:00,395.8378,395.8378,395.78,395.78,180
2026-07-14 19:48:00,395.84,395.84,395.8065,395.8065,381
2026-07-14 19:49:00,395.96,395.96,395.85,395.85,101
2026-07-14 19:50:00,395.8,395.95,395.8,395.95,102
2026-07-14 19:51:00,395.9457,395.96,395.93,395.93,407
2026-07-14 19:52:00,395.9,395.9,395.8001,395.9,996
2026-07-14 19:53:00,395.92,395.92,395.9,395.9,592
2026-07-14 19:54:00,395.85,395.96,395.8006,395.96,1023
2026-07-14 19:55:00,395.84,395.9,395.84,395.9,449
2026-07-14 19:56:00,395.8701,395.8709,395.8272,395.8272,1205
2026-07-14 19:57:00,395.89,395.9,395.82,395.9,638
2026-07-14 19:58:00,395.9,395.9,395.78,395.86,4074
2026-07-14 19:59:00,395.7423,395.84,395.7,395.8198,3574
2026-07-15 04:00:00,396.23,398.0653,395.28,398,25904
2026-07-15 04:01:00,397.55,398,396.4,396.88,15313
2026-07-15 04:02:00,397.05,397.05,396.83,396.91,506
2026-07-15 04:03:00,396.8,396.8695,396.8,396.8695,500
2026-07-15 04:04:00,396.77,396.77,396.75,396.75,752
2026-07-15 04:05:00,396.98,396.98,396.98,396.98,262
2026-07-15 04:07:00,396.83,396.83,396.43,396.54,495
2026-07-15 04:08:00,396.38,396.56,396.35,396.56,1199
2026-07-15 04:10:00,396.38,396.38,396.38,396.38,360
2026-07-15 04:11:00,396.5,396.5,396.43,396.43,540
2026-07-15 04:12:00,396.56,396.67,396.56,396.67,99
2026-07-15 04:13:00,396.67,396.72,396.67,396.72,108
2026-07-15 04:14:00,396.8,396.8,396.8,396.8,60
2026-07-15 04:15:00,396.8,396.8,396.8,396.8,46
2026-07-15 04:17:00,396.8,396.8,396.76,396.76,242
2026-07-15 04:18:00,396.82,396.82,396.82,396.82,85
2026-07-15 04:19:00,396.88,396.88,396.8,396.8,127
2026-07-15 04:20:00,396.8,396.8,396.8,396.8,50
2026-07-15 04:21:00,396.7,396.72,396.7,396.72,406
2026-07-15 04:22:00,396.8,396.8,396.8,396.8,359
2026-07-15 04:25:00,396.8879,396.8879,396.8879,396.8879,50
2026-07-15 04:26:00,396.7981,396.7981,396.6,396.6,377
2026-07-15 04:28:00,396.92,397,396.81,397,355
2026-07-15 04:29:00,397.02,397.15,397,397.11,956
2026-07-15 04:30:00,397,397,396.9,396.9,446
2026-07-15 04:31:00,396.79,396.79,396.78,396.78,110
2026-07-15 04:35:00,396.55,396.69,396.55,396.69,342
2026-07-15 04:37:00,396.8,396.8,396.8,396.8,124
2026-07-15 04:38:00,396.8,396.8,396.8,396.8,50
2026-07-15 04:39:00,396.79,396.79,396.79,396.79,85
2026-07-15 04:40:00,396.7031,396.7031,396.7031,396.7031,46
2026-07-15 04:41:00,396.7853,396.7853,396.7853,396.7853,80
2026-07-15 04:42:00,396.7,396.7,396.7,396.7,42
2026-07-15 04:44:00,396.79,396.79,396.79,396.79,60
2026-07-15 04:46:00,397,397,396.99,397,172
2026-07-15 04:47:00,396.99,396.99,396.92,396.92,124
2026-07-15 04:48:00,396.92,396.92,396.92,396.92,48
2026-07-15 04:49:00,396.85,396.85,396.85,396.85,81
2026-07-15 04:52:00,396.875,396.9264,396.875,396.9264,206
2026-07-15 04:53:00,396.846,396.846,396.846,396.846,40
2026-07-15 04:54:00,396.75,396.75,396.75,396.75,85
2026-07-15 04:55:00,396.7,396.7021,396.7,396.7021,99
2026-07-15 04:56:00,396.75,396.75,396.75,396.75,150
2026-07-15 04:57:00,396.75,396.75,396.7,396.75,692
2026-07-15 04:58:00,396.71,396.76,396.71,396.76,101
2026-07-15 04:59:00,396.78,396.78,396.78,396.78,78
2026-07-15 05:02:00,396.9701,396.9701,396.9701,396.9701,395
2026-07-15 05:03:00,396.75,396.78,396.7,396.7753,456
2026-07-15 05:04:00,396.79,396.79,396.79,396.79,45
2026-07-15 05:09:00,396.83,396.83,396.8003,396.8003,100
2026-07-15 05:10:00,396.85,396.85,396.85,396.85,50
2026-07-15 05:11:00,396.81,396.81,396.72,396.74,438
2026-07-15 05:13:00,396.7361,396.7361,396.73,396.73,87
2026-07-15 05:15:00,396.68,396.74,396.68,396.74,233
2026-07-15 05:16:00,396.6585,396.73,396.6585,396.73,93
2026-07-15 05:19:00,396.71,396.71,396.71,396.71,250
2026-07-15 05:21:00,396.67,396.67,396.625,396.625,201
2026-07-15 05:22:00,396.6,396.61,396.6,396.6,367
2026-07-15 05:24:00,396.55,396.55,396.55,396.55,50
2026-07-15 05:25:00,396.54,396.65,396.54,396.65,593
2026-07-15 05:27:00,396.66,396.66,396.65,396.65,290
2026-07-15 05:30:00,396.75,396.75,396.75,396.75,100
2026-07-15 05:31:00,396.65,396.65,396.65,396.65,110
2026-07-15 05:32:00,396.5505,396.86,396.5505,396.86,600
2026-07-15 05:33:00,396.62,396.62,396.54,396.54,961
2026-07-15 05:34:00,396.5,396.5,396.5,396.5,698
2026-07-15 05:36:00,396.48,396.54,396.48,396.54,607
2026-07-15 05:37:00,396.52,396.54,396.4407,396.4407,1044
2026-07-15 05:38:00,396.5,396.54,396.45,396.54,677
2026-07-15 05:39:00,396.5,396.5,396.5,396.5,60
2026-07-15 05:41:00,396.4,396.4,396.4,396.4,50
2026-07-15 05:43:00,396.45,396.45,396.45,396.45,675
2026-07-15 05:44:00,396.36,396.36,396.36,396.36,458
2026-07-15 05:45:00,396.27,396.27,396.26,396.26,230
2026-07-15 05:46:00,396.28,396.49,396.28,396.39,1101
2026-07-15 05:47:00,396.33,396.63,396.33,396.63,710
2026-07-15 05:51:00,396.63,396.63,396.63,396.63,96
2026-07-15 05:54:00,396.53,396.53,396.52,396.52,100
2026-07-15 05:55:00,396.4436,396.4436,396.4436,396.4436,50
2026-07-15 05:56:00,396.63,396.63,396.5,396.52,315
2026-07-15 05:58:00,396.7,396.7,396.69,396.6996,186
2026-07-15 06:01:00,396.7,396.7,396.7,396.7,160
2026-07-15 06:02:00,396.7,396.7,396.7,396.7,369
2026-07-15 06:03:00,396.6,396.6,396.6,396.6,250
2026-07-15 06:10:00,396.79,396.79,396.79,396.79,80
2026-07-15 06:15:00,396.73,396.7882,396.73,396.7882,371
2026-07-15 06:17:00,396.73,396.73,396.73,396.73,212
2026-07-15 06:19:00,396.59,396.76,396.59,396.72,229
2026-07-15 06:21:00,396.84,396.84,396.695,396.82,186
2026-07-15 06:22:00,396.77,396.77,396.77,396.77,41
2026-07-15 06:23:00,396.5,396.5,396.5,396.5,100
2026-07-15 06:24:00,396.58,396.58,396.43,396.43,99
2026-07-15 06:25:00,396.31,396.31,396.31,396.31,100
2026-07-15 06:30:00,396.43,396.44,396.32,396.44,242
2026-07-15 06:33:00,396.44,396.44,396.44,396.44,42
2026-07-15 06:34:00,396.4931,396.5,396.4931,396.5,80
2026-07-15 06:35:00,396.44,396.44,396.44,396.44,283
2026-07-15 06:36:00,396.5,396.5,396.5,396.5,61
2026-07-15 06:39:00,396.55,396.55,396.5,396.55,480
2026-07-15 06:40:00,396.55,396.55,396.55,396.55,100
2026-07-15 06:44:00,396.5,396.5,396.5,396.5,78
2026-07-15 06:45:00,396.61,396.61,396.5,396.5,139
2026-07-15 06:46:00,396.5,396.6,396.5,396.6,170
2026-07-15 06:47:00,396.84,396.84,396.59,396.59,175
2026-07-15 06:48:00,396.43,396.43,396.43,396.43,140
2026-07-15 06:50:00,396.6,396.6,396.6,396.6,250
2026-07-15 06:52:00,396.45,396.45,396.45,396.45,56
2026-07-15 06:54:00,396.56,396.56,396.56,396.56,100
2026-07-15 06:55:00,396.61,396.61,396.61,396.61,50
2026-07-15 06:57:00,396.6,396.6,396.6,396.6,85
2026-07-15 07:00:00,396.59,397,396.584,396.79,8067
2026-07-15 07:01:00,396.9988,396.9988,396.9659,396.9659,319
2026-07-15 07:02:00,396.89,397.14,396.89,397.14,1378
2026-07-15 07:03:00,397.02,397.13,397.02,397.13,1007
2026-07-15 07:04:00,397.06,397.1393,397.0217,397.1393,249
2026-07-15 07:05:00,397.1206,397.1206,397.1206,397.1206,75
2026-07-15 07:06:00,397,397,396.94,397,975
2026-07-15 07:07:00,397,397,396.94,396.96,1009
2026-07-15 07:08:00,396.79,396.89,396.78,396.89,299
2026-07-15 07:09:00,396.8379,396.98,396.81,396.98,250
2026-07-15 07:10:00,396.9,396.9513,396.9,396.9,236
2026-07-15 07:11:00,396.88,396.88,396.8173,396.8173,150
2026-07-15 07:12:00,396.94,396.94,396.85,396.91,1106
2026-07-15 07:13:00,397,397,397,397,100
2026-07-15 07:15:00,396.85,396.85,396.85,396.85,100
2026-07-15 07:16:00,396.91,396.91,396.7501,396.85,215
2026-07-15 07:17:00,396.85,396.85,396.75,396.75,175
2026-07-15 07:18:00,396.78,396.78,396.7551,396.7551,300
2026-07-15 07:19:00,396.95,396.95,396.855,396.855,202
2026-07-15 07:20:00,396.69,396.8,396.69,396.8,374
2026-07-15 07:21:00,396.85,396.85,396.7137,396.7137,300
2026-07-15 07:22:00,396.7,396.95,396.7,396.95,750
2026-07-15 07:23:00,396.78,396.78,396.78,396.78,81
2026-07-15 07:24:00,396.8,396.8,396.8,396.8,40
2026-07-15 07:25:00,396.72,396.75,396.72,396.75,283
2026-07-15 07:26:00,396.7979,396.8,396.78,396.8,831
2026-07-15 07:27:00,396.73,396.73,396.73,396.73,50
2026-07-15 07:28:00,396.7845,396.7845,396.69,396.75,656
2026-07-15 07:29:00,396.61,396.67,396.61,396.67,120
2026-07-15 07:30:00,396.6012,396.6356,396.6012,396.6356,470
2026-07-15 07:31:00,396.61,396.62,396.61,396.61,440
2026-07-15 07:32:00,396.6,396.6,396.6,396.6,159
2026-07-15 07:33:00,396.61,396.61,396.61,396.61,41
2026-07-15 07:34:00,396.83,396.852,396.83,396.8342,284
2026-07-15 07:35:00,396.85,396.94,396.85,396.9,784
2026-07-15 07:36:00,396.96,396.96,396.8,396.95,334
2026-07-15 07:37:00,396.95,396.95,396.9035,396.9035,734
2026-07-15 07:38:00,396.65,396.65,396.65,396.65,76
2026-07-15 07:39:00,396.8,396.9,396.7157,396.9,712
2026-07-15 07:40:00,396.81,396.81,396.81,396.81,60
2026-07-15 07:41:00,396.77,396.77,396.65,396.65,385
2026-07-15 07:43:00,396.95,396.95,396.95,396.95,125
2026-07-15 07:44:00,396.73,396.98,396.6,396.98,684
2026-07-15 07:45:00,396.6078,396.7,396.52,396.7,353
2026-07-15 07:46:00,396.52,396.52,396.52,396.52,164
2026-07-15 07:47:00,396.52,396.94,396.52,396.52,780
2026-07-15 07:48:00,396.75,396.88,396.52,396.88,237
2026-07-15 07:49:00,396.53,396.6721,396.52,396.52,452
2026-07-15 07:51:00,396.52,396.7,396.52,396.7,140
2026-07-15 07:52:00,396.87,396.87,396.52,396.52,1190
2026-07-15 07:53:00,396.7,396.7,396.52,396.52,90
2026-07-15 07:55:00,396.6,396.62,396.6,396.62,137
2026-07-15 07:56:00,396.52,396.7321,396.52,396.7321,215
2026-07-15 07:57:00,396.53,396.53,396.53,396.53,40
2026-07-15 07:58:00,396.75,396.75,396.75,396.75,97
2026-07-15 07:59:00,396.71,396.71,396.6,396.6,1511
2026-07-15 08:00:00,396.8,396.8,396.52,396.6,430
2026-07-15 08:01:00,396.75,396.75,396.6,396.6,314
2026-07-15 08:02:00,396.6294,396.6294,396.6294,396.6294,75
2026-07-15 08:03:00,396.63,396.63,396.6,396.6,279
2026-07-15 08:04:00,396.6281,396.63,396.46,396.46,2299
2026-07-15 08:05:00,396.44,396.6,396.4,396.6,7620
2026-07-15 08:06:00,396.6,396.63,396.6,396.63,152
2026-07-15 08:07:00,396.5,396.72,396.5,396.7,3107
2026-07-15 08:08:00,396.72,396.72,396.71,396.72,233
2026-07-15 08:09:00,396.71,396.72,396.71,396.72,171
2026-07-15 08:10:00,396.705,396.705,396.705,396.705,81
2026-07-15 08:11:00,396.73,396.82,396.73,396.82,900
2026-07-15 08:12:00,396.7699,396.7699,396.7,396.7,101
2026-07-15 08:13:00,396.6,396.77,396.6,396.77,771
2026-07-15 08:14:00,396.7,396.73,396.7,396.73,170
2026-07-15 08:15:00,396.7,396.77,396.7,396.7282,1350
2026-07-15 08:16:00,396.77,396.77,396.7699,396.7699,180
2026-07-15 08:17:00,396.75,396.77,396.7372,396.7372,183
2026-07-15 08:18:00,396.67,396.75,396.66,396.75,2327
2026-07-15 08:19:00,396.7,396.81,396.7,396.76,1060
2026-07-15 08:21:00,396.75,396.8,396.75,396.8,91
2026-07-15 08:22:00,396.7,396.7,396.7,396.7,60
2026-07-15 08:23:00,396.78,396.78,396.72,396.72,118
2026-07-15 08:24:00,396.75,396.82,396.75,396.7766,1720
2026-07-15 08:25:00,396.89,396.89,396.7,396.74,931
2026-07-15 08:26:00,396.6601,396.7406,396.6601,396.7406,2100
2026-07-15 08:27:00,396.8,396.8,396.8,396.8,40
2026-07-15 08:28:00,396.8999,396.9393,396.82,396.82,1791
2026-07-15 08:30:00,396.82,397.5,396.82,397.27,4772
2026-07-15 08:31:00,397.33,397.33,397.1834,397.32,1226
2026-07-15 08:32:00,397.39,397.85,397.39,397.83,2835
2026-07-15 08:33:00,397.85,397.85,397.34,397.8,1210
2026-07-15 08:34:00,397.75,397.82,397.6134,397.7973,1886
2026-07-15 08:35:00,397.51,398.02,397.51,398,4607
2026-07-15 08:36:00,397.87,398,397.8,397.87,610
2026-07-15 08:37:00,397.87,397.87,397.6,397.75,1772
2026-07-15 08:38:00,397.78,397.9374,397.78,397.9374,640
2026-07-15 08:39:00,397.8,397.84,397.6,397.8,2509
2026-07-15 08:40:00,397.6,397.6,397.6,397.6,158
2026-07-15 08:41:00,397.8,397.93,397.6,397.93,1595
2026-07-15 08:42:00,397.8586,398.43,397.8586,398.424,11896
2026-07-15 08:43:00,398.33,398.45,398.2,398.37,4321
2026-07-15 08:44:00,398.38,398.4081,398.2008,398.2008,1150
2026-07-15 08:45:00,398.3165,398.3165,398.15,398.15,656
2026-07-15 08:46:00,398.0326,398.15,398.01,398.0111,2578
2026-07-15 08:47:00,398.0239,398.29,397.72,398.28,2892
2026-07-15 08:48:00,398.21,398.2899,398.03,398.2,2041
2026-07-15 08:49:00,398.28,398.45,398.22,398.4106,4488
2026-07-15 08:50:00,398.402,398.402,398.2,398.2674,3257
2026-07-15 08:51:00,398.26,398.34,398.26,398.34,1502
2026-07-15 08:52:00,398.3477,398.5,398.34,398.4125,2690
2026-07-15 08:53:00,398.465,398.47,398.3,398.3,525
2026-07-15 08:54:00,398.4,398.4,398.26,398.35,482
2026-07-15 08:55:00,398.4,398.44,398.365,398.37,3103
2026-07-15 08:56:00,398.38,398.38,398.2955,398.3631,2022
2026-07-15 08:57:00,398.38,398.38,398.32,398.32,394
2026-07-15 08:58:00,398.3,398.3,398.3,398.3,173
2026-07-15 08:59:00,398.31,398.38,398.26,398.3,2496
2026-07-15 09:00:00,398.38,398.38,398.3089,398.3089,599
2026-07-15 09:01:00,398.3625,398.38,398.27,398.3643,330
2026-07-15 09:02:00,398.316,398.38,398.2786,398.38,1464
2026-07-15 09:03:00,398.3219,398.38,398.2755,398.3075,3136
2026-07-15 09:04:00,398.3208,398.61,398.31,398.6,2662
2026-07-15 09:05:00,398.66,398.87,398.66,398.79,3043
2026-07-15 09:06:00,398.78,399,398.78,398.9,5343
2026-07-15 09:07:00,398.95,399.09,398.85,398.8989,5851
2026-07-15 09:08:00,398.8662,398.91,398.65,398.715,2508
2026-07-15 09:09:00,398.7244,398.76,398.6531,398.6531,701
2026-07-15 09:10:00,398.7,398.7,398.61,398.68,1338
2026-07-15 09:11:00,398.77,398.77,398.57,398.57,326
2026-07-15 09:12:00,398.75,398.75,398.69,398.69,402
2026-07-15 09:13:00,398.64,398.7895,398.64,398.7895,2774
2026-07-15 09:14:00,398.69,398.69,398.61,398.6181,538
2026-07-15 09:15:00,398.7187,398.7497,398.6101,398.66,1817
2026-07-15 09:16:00,398.68,398.79,398.62,398.7899,1382
2026-07-15 09:17:00,398.79,399.1,398.79,399,4123
2026-07-15 09:18:00,399.11,399.36,399.093,399.23,4271
2026-07-15 09:19:00,399.35,399.47,399.11,399.3078,4000
2026-07-15 09:20:00,399.11,399.1623,398.92,398.96,3739
2026-07-15 09:21:00,399.04,399.04,398.76,398.76,4375
2026-07-15 09:22:00,398.85,398.96,398.75,398.7535,1193
2026-07-15 09:23:00,398.75,398.8248,398.72,398.804,634
2026-07-15 09:24:00,398.7,398.775,398.6703,398.775,3355
2026-07-15 09:25:00,398.7,398.75,398.26,398.7,4510
2026-07-15 09:26:00,398.5,398.5,397.88,397.98,2866
2026-07-15 09:27:00,397.88,399.5,397.88,398.605,5230
2026-07-15 09:28:00,398.93,399.18,398.87,399.17,1839
2026-07-15 09:29:00,399.179,399.48,399.02,399.48,6627
2026-07-15 09:30:00,399.48,402.5699,399.395,400.89,465552
2026-07-15 09:31:00,400.87,402.03,400.48,401.7004,178214
2026-07-15 09:32:00,401.62,403.55,401.45,403.4855,248895
2026-07-15 09:33:00,403.4153,404.92,402.8,403.9553,310826
2026-07-15 09:34:00,403.87,404.88,403.34,404.59,287728
2026-07-15 09:35:00,404.67,405.39,403.8406,404.78,424071
2026-07-15 09:36:00,404.44,405.4995,403.73,405.4798,225182
2026-07-15 09:37:00,405.31,406.5895,404.63,404.72,252886
2026-07-15 09:38:00,404.57,405.4,404.08,404.445,181481
2026-07-15 09:39:00,404.43,404.57,403.7,404.26,158700
2026-07-15 09:40:00,404.2212,404.8,403.63,403.78,175044
2026-07-15 09:41:00,403.7,404.79,403.7,404.145,138861
2026-07-15 09:42:00,404.05,404.45,403.31,403.62,131982
2026-07-15 09:43:00,403.644,404.035,402.63,403.155,235535
2026-07-15 09:44:00,403.11,403.3,402.64,402.7517,95973
2026-07-15 09:45:00,402.66,403.01,401.62,401.6852,173650
2026-07-15 09:46:00,401.73,402.69,401.48,402.558,130625
2026-07-15 09:47:00,402.47,402.6,400.75,400.9601,150662
2026-07-15 09:48:00,400.935,401,400.1,400.55,138158
2026-07-15 09:49:00,400.545,400.87,400.25,400.5299,73341
2026-07-15 09:50:00,400.53,400.54,398.74,399.01,195761
2026-07-15 09:51:00,399.01,399.475,397.44,397.747,195916
2026-07-15 09:52:00,397.75,398.53,397.52,398.43,167586
2026-07-15 09:53:00,398.445,398.9,397.95,398.665,119096
2026-07-15 09:54:00,398.63,399.24,397.99,398.075,117812
2026-07-15 09:55:00,398.1199,398.48,397.86,398.325,97438
2026-07-15 09:56:00,398.325,398.59,398,398.235,66787
2026-07-15 09:57:00,398.29,398.71,397.67,397.895,103384
2026-07-15 09:58:00,397.885,398.6,397.8109,398.34,78743
2026-07-15 09:59:00,398.38,398.85,398.0489,398.6,76058
2026-07-15 10:00:00,398.56,399.24,398.33,398.432,130193
2026-07-15 10:01:00,398.4001,398.7799,397.88,398.01,90354
2026-07-15 10:02:00,397.9501,398.69,397.8,398.58,73872
2026-07-15 10:03:00,398.5951,399.2,398.35,398.855,97891
2026-07-15 10:04:00,398.81,399.06,398.5329,399.05,48678
2026-07-15 10:05:00,399.01,399.47,398.97,399.095,99087
2026-07-15 10:06:00,399.2399,400.25,398.82,400.155,151318
2026-07-15 10:07:00,400.155,400.38,399.7505,399.98,96349
2026-07-15 10:08:00,399.94,400.31,399.71,399.8,67435
2026-07-15 10:09:00,399.7875,400.0699,399.58,399.98,55395
2026-07-15 10:10:00,399.925,400.37,399.65,399.75,56839
2026-07-15 10:11:00,399.83,399.99,399.33,399.85,59513
2026-07-15 10:12:00,399.85,400.36,399.26,399.5,59059
2026-07-15 10:13:00,399.42,399.57,398.9,399.2807,65009
2026-07-15 10:14:00,399.255,399.58,398.11,398.145,83259
2026-07-15 10:15:00,398.11,398.26,397.21,398.05,169619
2026-07-15 10:16:00,398.045,398.1899,396.7126,397.125,111674
2026-07-15 10:17:00,397.12,397.4299,396.58,397.14,99626
2026-07-15 10:18:00,397.14,397.3895,396.87,397.11,57293
2026-07-15 10:19:00,397.16,397.77,397.01,397.22,70550
2026-07-15 10:20:00,397.29,397.3899,396.17,396.37,87775
2026-07-15 10:21:00,396.365,396.9899,396.01,396.91,86112
2026-07-15 10:22:00,396.895,397.05,396.49,396.6,48534
2026-07-15 10:23:00,396.54,396.58,394.8214,395.01,226949
2026-07-15 10:24:00,395.08,395.2799,394.06,394.19,134053
2026-07-15 10:25:00,394.18,394.48,393.84,394.2,121539
2026-07-15 10:26:00,394.21,394.3,393.236,394.3,194103
2026-07-15 10:27:00,394.3,395.51,394.21,395.272,119149
2026-07-15 10:28:00,395.25,396.7099,395.02,396.635,106511
2026-07-15 10:29:00,396.63,397.73,396.63,397.65,114251
2026-07-15 10:30:00,397.62,398.78,397.62,398.08,116698
2026-07-15 10:31:00,398.07,398.07,396.285,396.425,114263
2026-07-15 10:32:00,396.425,396.8,395.51,396.07,78725
2026-07-15 10:33:00,396.075,396.71,396,396.615,69892
2026-07-15 10:34:00,396.66,397,396.5,396.65,53410
2026-07-15 10:35:00,396.58,397.18,395.8501,396.19,61179
2026-07-15 10:36:00,396.12,396.4,395.21,395.21,84945
2026-07-15 10:37:00,395.3,395.82,395.22,395.8,47302
2026-07-15 10:38:00,395.85,396.705,395.72,396.26,62703
2026-07-15 10:39:00,396.25,396.33,395.95,396.2677,50650
2026-07-15 10:40:00,396.27,396.4585,395.96,396.16,41278
2026-07-15 10:41:00,396.14,396.5,395.88,396.295,43239
2026-07-15 10:42:00,396.22,396.29,394.91,394.94,98952
2026-07-15 10:43:00,394.93,395.55,394.82,395.4,72697
2026-07-15 10:44:00,395.405,395.88,395.31,395.4966,48632
2026-07-15 10:45:00,395.51,395.7,394.82,394.84,45697
2026-07-15 10:46:00,394.91,395.4,394.825,395.2701,55645
2026-07-15 10:47:00,395.271,395.6999,395.22,395.635,42141
2026-07-15 10:48:00,395.635,395.94,395.24,395.8787,43414
2026-07-15 10:49:00,395.81,396.24,395.76,395.9101,54326
2026-07-15 10:50:00,395.91,396.2,395.63,395.7,39190
2026-07-15 10:51:00,395.67,395.8,395.3788,395.7,31031
2026-07-15 10:52:00,395.72,396.15,395.55,395.55,37377
2026-07-15 10:53:00,395.5801,395.7066,395.2248,395.345,27569
2026-07-15 10:54:00,395.345,395.345,394.9,395.3199,61313
2026-07-15 10:55:00,395.26,395.6899,395.1,395.2201,35472
2026-07-15 10:56:00,395.37,395.57,395.0744,395.5101,40413
2026-07-15 10:57:00,395.56,396.0954,395.545,395.795,44327
2026-07-15 10:58:00,395.795,395.91,395.3535,395.665,22265
2026-07-15 10:59:00,395.61,396.0469,395.5701,395.98,29479
2026-07-15 11:00:00,396.005,396.18,395.63,396.1,47815
2026-07-15 11:01:00,396.055,396.06,395.29,395.365,46511
2026-07-15 11:02:00,395.38,396.3,395.3,396.26,45994
2026-07-15 11:03:00,396.156,396.33,395.74,395.89,49894
2026-07-15 11:04:00,395.86,396.15,395.81,396.122,24315
2026-07-15 11:05:00,396.15,396.7,396.08,396.67,62751
2026-07-15 11:06:00,396.59,396.71,396.3901,396.555,37495
2026-07-15 11:07:00,396.56,396.9994,396.37,396.895,64329
2026-07-15 11:08:00,396.9799,397.1499,396.63,397.115,44028
2026-07-15 11:09:00,397.115,397.84,397.1,397.815,91640
2026-07-15 11:10:00,397.7726,397.87,397.1016,397.575,77323
2026-07-15 11:11:00,397.5874,397.5874,397,397.05,36871
2026-07-15 11:12:00,397.1,397.21,396.51,396.5417,42224
2026-07-15 11:13:00,396.5201,396.8199,396.45,396.745,38325
2026-07-15 11:14:00,396.745,396.97,396.3,396.4,40743
2026-07-15 11:15:00,396.3101,396.57,395.83,396.1999,53417
2026-07-15 11:16:00,396.1,396.42,395.8301,396.1,29737
2026-07-15 11:17:00,396.06,396.79,395.62,396.735,38690
2026-07-15 11:18:00,396.68,396.8582,396.54,396.7001,27992
2026-07-15 11:19:00,396.752,397.579,396.7053,397.579,53523
2026-07-15 11:20:00,397.51,397.65,396.99,397.35,47051
2026-07-15 11:21:00,397.42,397.5446,397.06,397.423,39990
2026-07-15 11:22:00,397.5,397.5695,396.82,396.855,29214
2026-07-15 11:23:00,396.82,396.94,396.228,396.285,47404
2026-07-15 11:24:00,396.285,397.19,396.24,396.8603,44592
2026-07-15 11:25:00,396.96,397.23,396.7,396.875,33983
2026-07-15 11:26:00,396.98,397.4,396.75,396.93,51027
2026-07-15 11:27:00,396.93,397.22,396.85,396.95,21189
2026-07-15 11:28:00,397,397.47,396.9,397.245,28656
2026-07-15 11:29:00,397.248,397.62,397.06,397.435,50213
2026-07-15 11:30:00,397.435,397.57,397.01,397.04,33126
2026-07-15 11:31:00,397.04,397.29,396.73,397.04,40957
2026-07-15 11:32:00,397.11,397.76,397.1001,397.5,52788
2026-07-15 11:33:00,397.495,397.61,397.227,397.33,30971
2026-07-15 11:34:00,397.315,397.61,397.13,397.295,29521
2026-07-15 11:35:00,397.37,397.37,396.44,396.57,46645
2026-07-15 11:36:00,396.55,397.2,396.41,397.065,42697
2026-07-15 11:37:00,397.11,397.39,396.95,397.06,33498
2026-07-15 11:38:00,397.08,397.3,396.75,396.9,18697
2026-07-15 11:39:00,396.89,397.21,396.6601,397.135,31491
2026-07-15 11:40:00,397.12,397.3681,397.0217,397.13,29750
2026-07-15 11:41:00,397.1899,397.35,396.9,397.29,21153
2026-07-15 11:42:00,397.305,397.44,397.18,397.315,26153
2026-07-15 11:43:00,397.27,397.27,396.83,396.87,20021
2026-07-15 11:44:00,396.865,396.8795,396.26,396.5,34250
2026-07-15 11:45:00,396.54,396.57,395.77,395.905,55239
2026-07-15 11:46:00,395.87,396.16,395.83,395.95,41658
2026-07-15 11:47:00,395.91,396.15,395.575,395.68,46124
2026-07-15 11:48:00,395.62,395.9899,395.44,395.775,23802
2026-07-15 11:49:00,395.84,395.9564,395.6,395.73,18159
2026-07-15 11:50:00,395.71,395.76,395.2,395.2778,39594
2026-07-15 11:51:00,395.34,395.47,395.11,395.15,31175
2026-07-15 11:52:00,395.145,395.5985,395.13,395.35,29716
2026-07-15 11:53:00,395.345,395.66,395.1701,395.63,23702
2026-07-15 11:54:00,395.68,395.7199,395.35,395.57,30860
2026-07-15 11:55:00,395.5222,395.6,395.2,395.32,21165
2026-07-15 11:56:00,395.335,395.5,395.19,395.3,35363
2026-07-15 11:57:00,395.44,395.59,395.18,395.3099,20257
2026-07-15 11:58:00,395.31,395.59,395.27,395.45,29460
2026-07-15 11:59:00,395.46,395.5199,395.17,395.23,17988
2026-07-15 12:00:00,395.1702,395.78,395.08,395.5351,40042
2026-07-15 12:01:00,395.51,395.55,394.5,394.59,81502
2026-07-15 12:02:00,394.59,394.79,394.34,394.665,55348
2026-07-15 12:03:00,394.665,394.67,394.07,394.2,46245
2026-07-15 12:04:00,394.26,394.83,394.16,394.8299,38813
2026-07-15 12:05:00,394.83,394.8499,394.2,394.205,36909
2026-07-15 12:06:00,394.15,394.45,393.74,393.93,94408
2026-07-15 12:07:00,393.945,394.22,393.71,393.8,57879
2026-07-15 12:08:00,393.78,393.86,393.63,393.85,51327
2026-07-15 12:09:00,393.83,394.63,393.79,394.52,57178
2026-07-15 12:10:00,394.485,394.67,394.21,394.535,43963
2026-07-15 12:11:00,394.5,394.5,393.8401,393.8901,35061
2026-07-15 12:12:00,393.9,394.1499,393.15,394.14,89969
2026-07-15 12:13:00,394.1,394.1,393.19,393.31,44825
2026-07-15 12:14:00,393.25,393.2999,392.69,392.96,120161
2026-07-15 12:15:00,392.94,393.31,392.84,393.2394,53382
2026-07-15 12:16:00,393.23,393.27,392.75,392.81,62994
2026-07-15 12:17:00,392.81,392.98,392.55,392.91,63951
2026-07-15 12:18:00,392.91,393.22,392.72,393.11,49634
2026-07-15 12:19:00,393.18,393.47,392.88,392.9,40582
2026-07-15 12:20:00,392.9,393.04,392.56,392.61,40302
2026-07-15 12:21:00,392.61,392.65,392.16,392.49,68143
2026-07-15 12:22:00,392.5399,392.81,392.31,392.4501,42549
2026-07-15 12:23:00,392.45,392.8,392.31,392.605,42067
2026-07-15 12:24:00,392.56,392.58,391.7,391.85,114321
2026-07-15 12:25:00,391.845,392.4,391.7,392.07,68293
2026-07-15 12:26:00,392.0851,392.435,391.85,391.93,68157
2026-07-15 12:27:00,391.93,392.14,391.86,391.92,44309
2026-07-15 12:28:00,391.89,392.44,391.86,392.28,46707
2026-07-15 12:29:00,392.28,392.71,392.2101,392.68,60447
2026-07-15 12:30:00,392.685,393.0553,392.64,392.9299,73201
2026-07-15 12:31:00,392.85,392.91,392.21,392.2488,49051
2026-07-15 12:32:00,392.305,392.5,392.15,392.25,27791
2026-07-15 12:33:00,392.18,392.45,391.74,392.44,87220
2026-07-15 12:34:00,392.41,392.67,391.5,391.695,56171
2026-07-15 12:35:00,391.674,391.76,391.425,391.685,65232
2026-07-15 12:36:00,391.63,391.7618,391.04,391.17,78466
2026-07-15 12:37:00,391.17,391.46,391.13,391.26,41302
2026-07-15 12:38:00,391.275,391.425,390.82,391.12,92859
2026-07-15 12:39:00,391.11,391.38,391.0189,391.215,35118
2026-07-15 12:40:00,391.18,391.35,390.9,391.03,35964
2026-07-15 12:41:00,391.0175,391.6499,390.66,391.35,69112
2026-07-15 12:42:00,391.32,391.43,391.01,391.01,37673
2026-07-15 12:43:00,391,391.4999,390.88,391.365,44473
2026-07-15 12:44:00,391.33,392.0299,391.315,391.81,75480
2026-07-15 12:45:00,391.8561,391.96,391.47,391.615,44547
2026-07-15 12:46:00,391.58,393.4,391.37,392.13,136372
2026-07-15 12:47:00,392.145,392.21,391.51,391.605,38226
2026-07-15 12:48:00,391.67,392.1999,391.58,392.03,36861
2026-07-15 12:49:00,392.09,392.49,391.9701,392.27,47508
2026-07-15 12:50:00,392.26,392.6832,392.25,392.6699,47028
2026-07-15 12:51:00,392.605,392.69,392.11,392.11,38421
2026-07-15 12:52:00,392.1324,392.75,392.04,392.685,40408
2026-07-15 12:53:00,392.685,393.1219,392.5801,392.83,49062
2026-07-15 12:54:00,392.81,393.26,392.62,392.69,54161
2026-07-15 12:55:00,392.745,393.13,392.63,392.63,31313
2026-07-15 12:56:00,392.61,392.97,392.52,392.8599,39117
2026-07-15 12:57:00,392.785,393.1999,392.6701,393.02,33401
2026-07-15 12:58:00,393.025,393.37,392.97,393.3,31718
2026-07-15 12:59:00,393.3499,393.48,393.19,393.455,36228
2026-07-15 13:00:00,393.48,393.98,393.43,393.915,77996
2026-07-15 13:01:00,393.915,393.98,393.451,393.54,45951
2026-07-15 13:02:00,393.46,393.7399,393.42,393.51,31984
2026-07-15 13:03:00,393.5,393.9499,393.31,393.9399,29027
2026-07-15 13:04:00,393.9001,394.09,393.85,394.0099,32890
2026-07-15 13:05:00,394.01,394.03,393.57,393.855,42426
2026-07-15 13:06:00,393.84,394.38,393.8,394.14,55164
2026-07-15 13:07:00,394.12,394.3,393.97,394.248,26880
2026-07-15 13:08:00,394.26,394.72,394.26,394.56,55359
2026-07-15 13:09:00,394.605,394.91,394.54,394.83,46745
2026-07-15 13:10:00,394.86,394.87,394.565,394.85,52300
2026-07-15 13:11:00,394.85,394.89,394.5,394.75,28379
2026-07-15 13:12:00,394.73,394.86,394.54,394.825,22097
2026-07-15 13:13:00,394.85,394.99,394.53,394.6558,35282
2026-07-15 13:14:00,394.61,394.68,394.02,394.2,35911
2026-07-15 13:15:00,394.0893,394.54,393.935,394.5072,51588
2026-07-15 13:16:00,394.53,394.7685,394.48,394.7671,28134
2026-07-15 13:17:00,394.755,395.1,394.715,394.96,58698
2026-07-15 13:18:00,394.99,395.34,394.9762,395.2851,57499
2026-07-15 13:19:00,395.2301,395.52,395.21,395.52,40346
2026-07-15 13:20:00,395.52,395.81,395.4801,395.565,55151
2026-07-15 13:21:00,395.51,395.57,395.2527,395.4568,37081
2026-07-15 13:22:00,395.462,395.75,395.17,395.75,38730
2026-07-15 13:23:00,395.75,395.8,395.48,395.645,32537
2026-07-15 13:24:00,395.645,395.77,395.46,395.705,19601
2026-07-15 13:25:00,395.75,395.95,395.71,395.75,37449
2026-07-15 13:26:00,395.72,396.29,395.66,396.2151,90848
2026-07-15 13:27:00,396.16,396.2895,395.935,396.165,56008
2026-07-15 13:28:00,396.165,396.22,395.8601,395.91,25857
2026-07-15 13:29:00,395.95,396.24,395.8017,395.96,44758
2026-07-15 13:30:00,395.96,396.45,395.82,396.225,74456
2026-07-15 13:31:00,396.225,396.47,396.18,396.46,33921
2026-07-15 13:32:00,396.46,397.13,396.46,397.075,106958
2026-07-15 13:33:00,397.075,397.4,397,397.395,77320
2026-07-15 13:34:00,397.35,398.22,397.31,397.9101,132501
2026-07-15 13:35:00,397.955,397.99,397.39,397.605,101115
2026-07-15 13:36:00,397.605,398.3,397.54,398.17,80141
2026-07-15 13:37:00,398.17,398.64,398.09,398.51,85053
2026-07-15 13:38:00,398.51,398.91,398.3,398.65,96086
2026-07-15 13:39:00,398.645,398.77,397.8712,397.925,104820
2026-07-15 13:40:00,397.96,398.06,397.8401,397.9,37703
2026-07-15 13:41:00,397.92,398.21,397.8,397.8,59651
2026-07-15 13:42:00,397.8599,397.87,397.55,397.675,59151
2026-07-15 13:43:00,397.675,397.85,397.6,397.7799,37626
2026-07-15 13:44:00,397.71,397.88,397.6,397.765,29431
2026-07-15 13:45:00,397.7872,398.19,397.55,398.07,43414
2026-07-15 13:46:00,398.13,398.54,398.13,398.54,64247
2026-07-15 13:47:00,398.51,398.59,398.01,398.19,46938
2026-07-15 13:48:00,398.19,398.28,398.04,398.2,33997
2026-07-15 13:49:00,398.195,398.39,398.04,398.275,37409
2026-07-15 13:50:00,398.3,398.345,397.82,398.21,73678
2026-07-15 13:51:00,398.145,398.35,398.0701,398.29,20844
2026-07-15 13:52:00,398.2534,398.87,398.2534,398.82,72718
2026-07-15 13:53:00,398.78,398.93,398.65,398.72,44388
2026-07-15 13:54:00,398.71,399.2699,398.55,399.035,95909
2026-07-15 13:55:00,399.035,399.169,398.77,398.8831,72728
2026-07-15 13:56:00,398.82,399.12,398.79,398.97,55613
2026-07-15 13:57:00,398.97,399.0399,398.57,398.92,45210
2026-07-15 13:58:00,398.92,399.28,398.84,399.11,33525
2026-07-15 13:59:00,399.145,399.175,398.91,399.005,34165
2026-07-15 14:00:00,399.005,399.26,398.9113,399.215,35885
2026-07-15 14:01:00,399.215,399.28,398.92,398.93,39216
2026-07-15 14:02:00,398.93,399.22,398.86,399.16,75843
2026-07-15 14:03:00,399.16,399.36,398.6,398.74,69260
2026-07-15 14:04:00,398.71,398.8,397.8301,397.93,91078
2026-07-15 14:05:00,398.05,398.23,397.85,397.9767,71403
2026-07-15 14:06:00,397.94,398.7,397.86,398.575,57516
2026-07-15 14:07:00,398.575,398.6157,398.31,398.4451,35370
2026-07-15 14:08:00,398.44,398.562,398.28,398.33,24193
2026-07-15 14:09:00,398.33,398.39,397.93,398.23,33177
2026-07-15 14:10:00,398.2533,398.33,398.04,398.19,23034
2026-07-15 14:11:00,398.19,398.29,398.0001,398.19,33699
2026-07-15 14:12:00,398.19,398.33,398.1,398.13,25623
2026-07-15 14:13:00,398.09,398.2398,398.04,398.12,23438
2026-07-15 14:14:00,398.07,398.13,397.91,397.99,38906
2026-07-15 14:15:00,397.93,397.97,397.45,397.59,56772
2026-07-15 14:16:00,397.59,397.67,397.25,397.26,47969
2026-07-15 14:17:00,397.25,397.5,397.23,397.4,41663
2026-07-15 14:18:00,397.41,397.56,397.31,397.49,16285
2026-07-15 14:19:00,397.5001,397.65,397.26,397.3,35064
2026-07-15 14:20:00,397.345,397.46,397.25,397.32,22594
2026-07-15 14:21:00,397.33,397.7095,397.3,397.605,36901
2026-07-15 14:22:00,397.56,397.65,397.3301,397.405,20309
2026-07-15 14:23:00,397.42,397.44,397.17,397.235,30428
2026-07-15 14:24:00,397.235,397.39,397.2001,397.275,18798
2026-07-15 14:25:00,397.2725,397.31,396.94,397.0195,54279
2026-07-15 14:26:00,396.9805,397.05,396.72,396.74,41601
2026-07-15 14:27:00,396.72,397.055,396.66,397.0251,25626
2026-07-15 14:28:00,397.015,397.015,396.73,396.82,29145
2026-07-15 14:29:00,396.885,396.89,396.41,396.57,53298
2026-07-15 14:30:00,396.56,397.22,396.55,397.01,40895
2026-07-15 14:31:00,397.07,397.28,397,397.22,41866
2026-07-15 14:32:00,397.23,397.75,397.23,397.71,64251
2026-07-15 14:33:00,397.71,397.78,397.15,397.295,49833
2026-07-15 14:34:00,397.305,397.36,397.1,397.1229,24481
2026-07-15 14:35:00,397.11,397.12,396.86,397.06,55666
2026-07-15 14:36:00,397.13,397.29,397,397.16,30151
2026-07-15 14:37:00,397.215,397.39,397.1405,397.38,14444
2026-07-15 14:38:00,397.38,397.45,397.21,397.35,29670
2026-07-15 14:39:00,397.35,397.5051,397.15,397.18,25368
2026-07-15 14:40:00,397.17,397.27,397.04,397.18,31328
2026-07-15 14:41:00,397.205,397.3,397.13,397.165,10382
2026-07-15 14:42:00,397.1301,397.21,396.8,396.885,23378
2026-07-15 14:43:00,396.8775,397.18,396.85,396.945,25278
2026-07-15 14:44:00,396.9375,397.0199,396.74,396.8987,26559
2026-07-15 14:45:00,396.89,396.99,396.63,396.77,30172
2026-07-15 14:46:00,396.8015,396.88,396.03,396.14,31055
2026-07-15 14:47:00,396.5,396.52,396.02,396.065,40638
2026-07-15 14:48:00,396.065,396.23,395.785,395.96,64224
2026-07-15 14:49:00,395.96,396.165,395.88,395.88,38217
2026-07-15 14:50:00,395.8805,396.03,395.65,395.975,51014
2026-07-15 14:51:00,395.975,396.0199,395.1522,395.325,62807
2026-07-15 14:52:00,395.3236,395.515,395.19,395.2901,29106
2026-07-15 14:53:00,395.35,395.38,395.151,395.21,40604
2026-07-15 14:54:00,395.2,395.3799,395.13,395.335,19185
2026-07-15 14:55:00,395.335,395.59,395.23,395.38,35301
2026-07-15 14:56:00,395.36,395.419,394.82,395.11,66922
2026-07-15 14:57:00,395.11,395.46,395.05,395.16,43584
2026-07-15 14:58:00,395.215,395.425,394.551,394.625,89676
2026-07-15 14:59:00,394.64,395.1112,394.5974,394.93,41261
2026-07-15 15:00:00,394.98,395.189,394.75,394.7701,30441
2026-07-15 15:01:00,394.83,395.38,394.78,395.345,46566
2026-07-15 15:02:00,395.345,395.84,395.23,395.78,46992
2026-07-15 15:03:00,395.76,396.13,395.74,395.855,52958
2026-07-15 15:04:00,395.83,395.91,395.66,395.67,27408
2026-07-15 15:05:00,395.72,395.72,395.0301,395.1601,41761
2026-07-15 15:06:00,395.16,395.2995,394.9,395.16,38845
2026-07-15 15:07:00,395.16,395.5,395.16,395.33,33241
2026-07-15 15:08:00,395.25,395.3528,395.03,395.32,23826
2026-07-15 15:09:00,395.35,395.45,395.17,395.2196,21830
2026-07-15 15:10:00,395.205,395.361,395.07,395.285,22340
2026-07-15 15:11:00,395.2796,395.34,394.9,394.98,38312
2026-07-15 15:12:00,394.98,395.36,394.98,395.195,26531
2026-07-15 15:13:00,395.195,395.3999,394.965,395.035,21315
2026-07-15 15:14:00,395.04,395.1799,395.01,395.13,14812
2026-07-15 15:15:00,395.105,395.45,395.01,395.315,23440
2026-07-15 15:16:00,395.2976,395.34,395.12,395.24,14070
2026-07-15 15:17:00,395.25,395.28,395.04,395.19,16360
2026-07-15 15:18:00,395.215,395.29,395.12,395.24,12859
2026-07-15 15:19:00,395.2,395.29,395.09,395.09,17196
2026-07-15 15:20:00,395.09,395.09,394.62,394.8382,49286
2026-07-15 15:21:00,394.8,394.96,394.6936,394.9599,19569
2026-07-15 15:22:00,394.87,395.0299,394.8,395.0299,21462
2026-07-15 15:23:00,395.01,395.24,394.9801,395.1099,39861
2026-07-15 15:24:00,395.07,395.27,395,395.1024,19749
2026-07-15 15:25:00,395.115,395.14,394.72,394.89,19078
2026-07-15 15:26:00,394.86,394.93,394.56,394.835,37298
2026-07-15 15:27:00,394.845,394.93,394.67,394.73,21573
2026-07-15 15:28:00,394.7,394.9,394.62,394.81,20849
2026-07-15 15:29:00,394.7807,394.95,394.61,394.76,41536
2026-07-15 15:30:00,394.79,395.14,394.7,395.05,87304
2026-07-15 15:31:00,395.085,395.4,395.025,395.2,42357
2026-07-15 15:32:00,395.18,395.23,394.3,394.385,60937
2026-07-15 15:33:00,394.385,394.9199,394.385,394.53,34339
2026-07-15 15:34:00,394.64,394.74,394.3,394.3571,32135
2026-07-15 15:35:00,394.38,394.79,394.21,394.75,38299
2026-07-15 15:36:00,394.72,394.81,394.62,394.8,31734
2026-07-15 15:37:00,394.7618,395.06,394.7618,394.98,32565
2026-07-15 15:38:00,395.0317,395.1974,394.8501,394.97,30282
2026-07-15 15:39:00,394.94,395.01,394.8,394.97,32801
2026-07-15 15:40:00,394.935,395.18,394.89,395.02,26565
2026-07-15 15:41:00,395.06,395.15,394.87,394.99,20375
2026-07-15 15:42:00,394.99,394.99,394.62,394.725,52251
2026-07-15 15:43:00,394.66,394.77,394.623,394.68,26469
2026-07-15 15:44:00,394.69,394.89,394.69,394.71,31502
2026-07-15 15:45:00,394.7,394.73,394.48,394.55,44555
2026-07-15 15:46:00,394.595,394.72,394.43,394.56,28694
2026-07-15 15:47:00,394.56,394.61,394.41,394.49,21259
2026-07-15 15:48:00,394.49,394.63,394.42,394.52,30325
2026-07-15 15:49:00,394.52,394.56,394.32,394.41,22993
2026-07-15 15:50:00,394.41,395.2,394.41,394.71,76635
2026-07-15 15:51:00,394.78,395.315,394.75,395.13,92265
2026-07-15 15:52:00,395.17,395.31,394.951,395,55633
2026-07-15 15:53:00,395.03,395.03,394.3601,394.4,61042
2026-07-15 15:54:00,394.41,394.51,394,394.41,82041
2026-07-15 15:55:00,394.41,394.74,394.33,394.51,111696
2026-07-15 15:56:00,394.57,394.66,394.42,394.58,47903
2026-07-15 15:57:00,394.54,394.57,394.195,394.2519,91954
2026-07-15 15:58:00,394.25,394.32,394.1,394.2999,153082
2026-07-15 15:59:00,394.28,394.54,394.19,394.31,323156
2026-07-15 16:00:00,394.46,394.46,393.65,393.98,2057680
2026-07-15 16:01:00,393.98,394.1,393.35,394.1,8729
2026-07-15 16:02:00,394.16,394.26,393.98,394.07,3829
2026-07-15 16:03:00,394.02,394.16,393.96,394.0276,4907
2026-07-15 16:04:00,394.04,394.17,393.96,394,1607
2026-07-15 16:05:00,394.07,394.4,394.04,394.4,1990
2026-07-15 16:06:00,394.3,394.35,394.2899,394.35,657
2026-07-15 16:07:00,394.3361,394.45,394.3361,394.45,2381
2026-07-15 16:08:00,394.41,394.46,394.26,394.45,2978
2026-07-15 16:09:00,394.45,394.56,394.26,394.36,1704
2026-07-15 16:10:00,394.28,394.5391,394.28,394.5391,345
2026-07-15 16:11:00,394.49,394.56,394.46,394.523,78806
2026-07-15 16:12:00,394.52,394.5434,394.38,394.44,1350
2026-07-15 16:13:00,394.42,394.488,394.42,394.46,706
2026-07-15 16:14:00,394.5,394.5,394.4608,394.4755,250
2026-07-15 16:15:00,394.54,394.56,394.46,394.46,634
2026-07-15 16:16:00,394.52,394.56,394.52,394.52,960
2026-07-15 16:17:00,394.52,394.56,394.5,394.52,910
2026-07-15 16:18:00,394.53,394.56,394.52,394.56,889
2026-07-15 16:19:00,394.5599,394.58,394.52,394.58,1881
2026-07-15 16:20:00,394.58,394.7,394.56,394.62,1555
2026-07-15 16:21:00,394.62,394.62,394.5,394.5,1378
2026-07-15 16:22:00,394.44,394.499,394.4,394.4,1198
2026-07-15 16:23:00,394.42,394.4915,394.3,394.3,180
2026-07-15 16:24:00,394.26,394.41,394.26,394.26,271
2026-07-15 16:25:00,394.3,394.41,394.3,394.34,679
2026-07-15 16:26:00,394.4,394.51,394.26,394.51,3609
2026-07-15 16:27:00,394.46,394.5,394.46,394.5,349
2026-07-15 16:28:00,394.5,394.75,394.5,394.7206,2375
2026-07-15 16:29:00,394.6,394.67,394.56,394.5784,380
2026-07-15 16:30:00,394.6759,394.68,394.61,394.61,829
2026-07-15 16:31:00,394.5855,394.5855,394.4662,394.4662,320
2026-07-15 16:32:00,394.5,394.5,394.468,394.4906,1124
2026-07-15 16:33:00,394.43,394.43,394.43,394.43,101
2026-07-15 16:35:00,394.4983,394.5,394.45,394.5,865
2026-07-15 16:36:00,394.45,394.46,394.45,394.46,136
2026-07-15 16:37:00,394.49,394.5,394.49,394.5,680
2026-07-15 16:38:00,394.58,394.7,394.58,394.7,572
2026-07-15 16:39:00,394.6,394.62,394.6,394.62,729
2026-07-15 16:40:00,394.57,394.6309,394.48,394.6309,626
2026-07-15 16:44:00,394.65,394.7,394.55,394.6417,1484
2026-07-15 16:45:00,394.67,394.67,394.67,394.67,114
2026-07-15 16:46:00,394.64,394.65,394.64,394.65,522
2026-07-15 16:47:00,394.6917,394.75,394.67,394.67,1173
2026-07-15 16:48:00,394.77,394.77,394.77,394.77,50
2026-07-15 16:49:00,394.7,394.89,394.6002,394.81,1066
2026-07-15 16:50:00,394.78,394.79,394.78,394.79,290
2026-07-15 16:51:00,394.8,394.8,394.76,394.76,268
2026-07-15 16:52:00,394.7961,394.7961,394.76,394.76,230
2026-07-15 16:53:00,394.77,394.8,394.73,394.73,216
2026-07-15 16:54:00,394.73,394.94,394.73,394.73,4562
2026-07-15 16:55:00,394.75,394.75,394.72,394.72,640
2026-07-15 16:56:00,394.75,394.75,394.75,394.75,380
2026-07-15 16:57:00,394.81,394.95,394.81,394.95,861
2026-07-15 16:58:00,394.93,394.93,394.93,394.93,1045
2026-07-15 16:59:00,395,395.13,394.8,394.8,3354
2026-07-15 17:00:00,394.801,394.81,394.61,394.61,2307
2026-07-15 17:01:00,394.7,394.7,394.7,394.7,47
2026-07-15 17:02:00,394.7,394.7,394.7,394.7,253
2026-07-15 17:04:00,394.67,394.67,394.61,394.61,155
2026-07-15 17:05:00,394.67,394.67,394.6,394.63,1492
2026-07-15 17:06:00,394.52,394.64,394.52,394.53,588
2026-07-15 17:07:00,394.56,394.6,394.56,394.6,118
2026-07-15 17:08:00,394.67,394.67,394.6,394.66,461
2026-07-15 17:09:00,394.66,394.75,394.62,394.75,470
2026-07-15 17:10:00,394.7492,394.7492,394.7,394.7,592
2026-07-15 17:11:00,394.696,394.75,394.61,394.61,1290
2026-07-15 17:13:00,394.8063,394.8063,394.8063,394.8063,40
2026-07-15 17:14:00,394.9748,395,394.9748,395,500
2026-07-15 17:15:00,394.85,394.85,394.85,394.85,50
2026-07-15 17:16:00,394.92,394.92,394.75,394.8,3777
2026-07-15 17:17:00,394.8,394.81,394.8,394.81,1834
2026-07-15 17:18:00,394.8,394.87,394.67,394.87,2167
2026-07-15 17:19:00,394.88,394.88,394.8,394.8,480
2026-07-15 17:20:00,394.8876,394.9,394.88,394.88,328
2026-07-15 17:21:00,394.8,394.8,394.7,394.7,6098
2026-07-15 17:22:00,394.67,394.7,394.63,394.6965,782
2026-07-15 17:23:00,394.7,394.7,394.65,394.65,139
2026-07-15 17:25:00,394.65,394.65,394.65,394.65,100
2026-07-15 17:26:00,394.8492,394.85,394.8492,394.85,100
2026-07-15 17:28:00,394.66,394.66,394.65,394.65,374
2026-07-15 17:29:00,394.63,394.6301,394.6,394.6301,1913
2026-07-15 17:30:00,394.63,394.6399,394.63,394.63,399
2026-07-15 17:31:00,394.63,394.63,394.6,394.63,5302
2026-07-15 17:32:00,394.71,394.7101,394.6,394.6,2403
2026-07-15 17:34:00,394.55,394.55,394.5258,394.5258,422
2026-07-15 17:35:00,394.52,394.6,394.52,394.55,635
2026-07-15 17:36:00,394.57,394.5852,394.57,394.5852,145
2026-07-15 17:37:00,394.57,394.57,394.57,394.57,240
2026-07-15 17:38:00,394.6,394.6,394.597,394.6,333
2026-07-15 17:39:00,394.59,394.59,394.59,394.59,40
2026-07-15 17:40:00,394.6,394.6,394.6,394.6,200
2026-07-15 17:41:00,394.6,394.6,394.5831,394.6,756
2026-07-15 17:42:00,394.6,394.6,394.6,394.6,697
2026-07-15 17:43:00,394.58,394.5915,394.58,394.5915,200
2026-07-15 17:44:00,394.5897,394.5897,394.5897,394.5897,380
2026-07-15 17:45:00,394.59,394.6,394.58,394.58,826
2026-07-15 17:46:00,394.6,394.6,394.5974,394.6,130
2026-07-15 17:47:00,394.6,394.6,394.5915,394.5915,300
2026-07-15 17:48:00,394.6,394.6,394.6,394.6,934
2026-07-15 17:49:00,394.5998,394.5998,394.5998,394.5998,90
2026-07-15 17:50:00,394.6,394.6,394.6,394.6,1214
2026-07-15 17:51:00,394.6,394.6,394.59,394.5965,2976
2026-07-15 17:53:00,394.59,394.5901,394.59,394.5901,111
2026-07-15 17:54:00,394.68,394.68,394.68,394.68,460
2026-07-15 17:55:00,394.63,394.63,394.63,394.63,50
2026-07-15 17:56:00,394.5962,394.63,394.5962,394.61,330
2026-07-15 17:57:00,394.63,394.63,394.63,394.63,50
2026-07-15 17:58:00,394.61,394.64,394.61,394.64,1179
2026-07-15 17:59:00,394.63,394.63,394.63,394.63,100
2026-07-15 18:00:00,394.65,394.71,394.63,394.69,2033
2026-07-15 18:01:00,394.63,394.71,394.58,394.71,2622
2026-07-15 18:02:00,394.68,394.8165,394.68,394.6943,1720
2026-07-15 18:03:00,394.7,394.74,394.6106,394.6106,1147
2026-07-15 18:04:00,394.63,394.72,394.63,394.72,146
2026-07-15 18:05:00,394.71,394.71,394.617,394.617,126
2026-07-15 18:06:00,394.61,394.72,394.61,394.72,367
2026-07-15 18:07:00,394.69,394.72,394.61,394.72,310
2026-07-15 18:09:00,394.61,394.67,394.61,394.66,808
2026-07-15 18:10:00,394.6386,394.6386,394.6386,394.6386,61
2026-07-15 18:11:00,394.73,394.73,394.73,394.73,72
2026-07-15 18:13:00,394.73,394.73,394.67,394.67,200
2026-07-15 18:15:00,394.7104,394.7104,394.7104,394.7104,400
2026-07-15 18:16:00,394.77,394.79,394.77,394.79,590
2026-07-15 18:17:00,394.71,394.71,394.6001,394.6001,1214
2026-07-15 18:18:00,394.61,394.67,394.61,394.67,130
2026-07-15 18:19:00,394.65,394.65,394.65,394.65,100
2026-07-15 18:20:00,394.66,394.66,394.65,394.66,240
2026-07-15 18:21:00,394.641,394.67,394.61,394.67,1033
2026-07-15 18:24:00,394.66,394.66,394.66,394.66,50
2026-07-15 18:25:00,394.6515,394.67,394.6515,394.67,384
2026-07-15 18:26:00,394.6531,394.67,394.65,394.65,718
2026-07-15 18:27:00,394.6696,394.67,394.6696,394.67,230
2026-07-15 18:28:00,394.6507,394.69,394.6507,394.69,166
2026-07-15 18:29:00,394.71,394.71,394.71,394.71,62
2026-07-15 18:30:00,394.71,394.8328,394.71,394.8328,652
2026-07-15 18:31:00,394.75,394.75,394.75,394.75,45
2026-07-15 18:33:00,394.75,394.75,394.75,394.75,400
2026-07-15 18:36:00,394.75,394.7533,394.65,394.65,326
2026-07-15 18:37:00,394.64,394.76,394.64,394.76,510
2026-07-15 18:39:00,394.6845,394.6845,394.68,394.68,300
2026-07-15 18:40:00,394.62,394.62,394.62,394.62,178
2026-07-15 18:41:00,394.6009,394.7,394.6009,394.7,476
2026-07-15 18:42:00,394.64,394.64,394.6203,394.6203,2581
2026-07-15 18:43:00,394.7,394.7,394.7,394.7,55
2026-07-15 18:44:00,394.7135,394.7135,394.7135,394.7135,100
2026-07-15 18:45:00,394.7143,394.7143,394.62,394.66,1130
2026-07-15 18:46:00,394.6,394.6,394.5,394.5861,3931
2026-07-15 18:47:00,394.5,394.5496,394.5,394.5496,937
2026-07-15 18:48:00,394.5157,394.6,394.5077,394.6,370
2026-07-15 18:49:00,394.5,394.5001,394.47,394.5,9700
2026-07-15 18:50:00,394.5,394.54,394.5,394.54,500
2026-07-15 18:51:00,394.61,394.61,394.61,394.61,40
2026-07-15 18:52:00,394.6,394.6899,394.6,394.6899,1100
2026-07-15 18:53:00,394.59,394.66,394.57,394.57,351
2026-07-15 18:54:00,394.59,394.9,394.59,394.88,3525
2026-07-15 18:55:00,394.85,394.85,394.76,394.76,150
2026-07-15 18:56:00,394.71,394.88,394.516,394.88,592
2026-07-15 18:57:00,394.98,395.13,394.8,394.8,2248
2026-07-15 18:58:00,394.9,394.9597,394.9,394.9597,600
2026-07-15 18:59:00,394.87,394.91,394.87,394.87,1022
2026-07-15 19:00:00,394.87,394.87,394.75,394.75,804
2026-07-15 19:01:00,394.796,394.7965,394.796,394.7965,300
2026-07-15 19:02:00,394.8,394.81,394.78,394.78,245
2026-07-15 19:03:00,394.8402,394.8402,394.8402,394.8402,85
2026-07-15 19:04:00,394.7601,394.87,394.7601,394.87,1080
2026-07-15 19:05:00,394.7401,394.7401,394.7401,394.7401,1000
2026-07-15 19:06:00,394.83,394.83,394.83,394.83,90
2026-07-15 19:08:00,394.82,394.82,394.82,394.82,40
2026-07-15 19:09:00,394.8,394.8,394.75,394.75,220
2026-07-15 19:10:00,394.79,394.83,394.79,394.83,505
2026-07-15 19:11:00,394.87,394.87,394.87,394.87,48
2026-07-15 19:12:00,394.8614,394.8614,394.8614,394.8614,82
2026-07-15 19:14:00,394.93,394.984,394.92,394.984,1367
2026-07-15 19:15:00,394.92,394.92,394.83,394.83,251
2026-07-15 19:16:00,394.9,394.9,394.9,394.9,104
2026-07-15 19:17:00,394.8508,394.8508,394.8508,394.8508,300
2026-07-15 19:18:00,394.83,394.83,394.83,394.83,40
2026-07-15 19:19:00,394.82,394.82,394.82,394.82,40
2026-07-15 19:21:00,394.843,394.843,394.843,394.843,200
2026-07-15 19:22:00,394.767,394.8045,394.767,394.8045,205
2026-07-15 19:25:00,394.8254,394.86,394.82,394.86,368
2026-07-15 19:26:00,394.82,394.82,394.82,394.82,430
2026-07-15 19:28:00,394.86,394.9,394.86,394.9,161
2026-07-15 19:29:00,394.86,394.86,394.86,394.86,50
2026-07-15 19:30:00,394.89,394.89,394.89,394.89,150
2026-07-15 19:31:00,394.8994,394.9,394.888,394.8988,813
2026-07-15 19:33:00,394.85,395,394.85,395,1418
2026-07-15 19:36:00,394.96,394.96,394.9499,394.9499,280
2026-07-15 19:37:00,394.95,394.9752,394.933,394.9752,432
2026-07-15 19:38:00,394.91,394.9444,394.91,394.9444,100
2026-07-15 19:39:00,394.85,394.85,394.84,394.84,2145
2026-07-15 19:40:00,394.83,394.83,394.81,394.81,1565
2026-07-15 19:41:00,394.8,394.8,394.8,394.8,392
2026-07-15 19:43:00,394.72,394.72,394.72,394.72,50
2026-07-15 19:44:00,394.74,394.74,394.74,394.74,55
2026-07-15 19:45:00,394.79,394.79,394.67,394.7892,703
2026-07-15 19:46:00,394.7,394.7,394.6012,394.6012,805
2026-07-15 19:47:00,394.65,394.67,394.6,394.6,1000
2026-07-15 19:48:00,394.6108,394.6686,394.6,394.6686,1483
2026-07-15 19:49:00,394.6072,394.67,394.6072,394.63,1572
2026-07-15 19:50:00,394.66,394.66,394.6362,394.6362,694
2026-07-15 19:51:00,394.6304,394.65,394.6304,394.65,400
2026-07-15 19:52:00,394.6485,394.6499,394.6403,394.6499,690
2026-07-15 19:53:00,394.6485,394.6485,394.6485,394.6485,45
2026-07-15 19:54:00,394.65,394.65,394.63,394.65,592
2026-07-15 19:55:00,394.6438,394.65,394.63,394.65,234
2026-07-15 19:56:00,394.61,394.6492,394.61,394.6492,342
2026-07-15 19:57:00,394.6499,394.65,394.61,394.65,606
2026-07-15 19:58:00,394.6499,394.85,394.6,394.71,1387
2026-07-15 19:59:00,394.7101,394.85,394.7,394.85,2289
2026-07-16 04:00:00,394.7,395.85,393.7,395.85,24353
2026-07-16 04:01:00,395.47,395.9,393.7,393.7,23262
2026-07-16 04:02:00,393.9,393.91,393.7,393.84,783
2026-07-16 04:03:00,393.92,393.92,393.64,393.64,812
2026-07-16 04:04:00,393.7,393.8,393.7,393.8,343
2026-07-16 04:05:00,393.72,394.59,393.6311,393.66,1196
2026-07-16 04:06:00,393.755,393.755,393.755,393.755,440
2026-07-16 04:07:00,393.99,393.99,393.98,393.98,240
2026-07-16 04:08:00,393.88,393.9,393.75,393.89,1552
2026-07-16 04:09:00,393.87,394.14,393.87,394.14,2459
2026-07-16 04:10:00,393.94,393.94,393.5,393.5,1789
2026-07-16 04:11:00,393.4,393.684,393.4,393.684,120
2026-07-16 04:12:00,393.3324,393.3324,393.25,393.25,400
2026-07-16 04:13:00,393.2577,393.2577,393.2577,393.2577,200
2026-07-16 04:14:00,393.24,393.3,393.18,393.18,1077
2026-07-16 04:15:00,393.1915,393.1915,393,393.05,2044
2026-07-16 04:16:00,392.98,393.05,392.97,393,273
2026-07-16 04:17:00,392.954,393.49,392.954,393.29,1223
2026-07-16 04:18:00,393.405,393.49,393.3,393.3,540
2026-07-16 04:19:00,393.5,393.5,393.4294,393.47,596
2026-07-16 04:20:00,393.7,393.9,393.7,393.9,531
2026-07-16 04:21:00,394,394,394,394,57
2026-07-16 04:22:00,394.18,394.18,394.0423,394.05,528
2026-07-16 04:23:00,394.17,394.17,394.1,394.11,914
2026-07-16 04:24:00,394.3352,394.3352,394,394,235
2026-07-16 04:25:00,394.05,394.16,394.05,394.16,1251
2026-07-16 04:26:00,394.1,394.26,394.1,394.12,211
2026-07-16 04:28:00,394.12,394.12,394.12,394.12,72
2026-07-16 04:29:00,394.11,394.11,394.1,394.1,315
2026-07-16 04:30:00,394.1858,394.2,394.18,394.2,373
2026-07-16 04:31:00,394.1145,394.3,394.1145,394.28,756
2026-07-16 04:32:00,394.35,394.42,394.12,394.12,323
2026-07-16 04:34:00,394.28,394.3,394.11,394.3,2130
2026-07-16 04:35:00,394.42,394.42,394.42,394.42,264
2026-07-16 04:36:00,394.42,394.42,394.42,394.42,185
2026-07-16 04:37:00,394.5923,394.5923,394.5,394.5,159
2026-07-16 04:38:00,394.56,394.56,394.56,394.56,40
2026-07-16 04:39:00,394.57,394.63,394.57,394.63,394
2026-07-16 04:41:00,394.54,394.614,394.54,394.614,96
2026-07-16 04:42:00,394.45,394.45,394.45,394.45,51
2026-07-16 04:43:00,394.39,394.39,394.39,394.39,75
2026-07-16 04:44:00,394.27,394.27,394.25,394.25,380
2026-07-16 04:45:00,394.37,394.37,394.37,394.37,60
2026-07-16 04:46:00,394.45,394.45,394.45,394.45,128
2026-07-16 04:49:00,394.57,394.6,394.57,394.6,291
2026-07-16 04:51:00,394.66,394.7,394.58,394.58,279
2026-07-16 04:52:00,394.7,394.7,394.7,394.7,60
2026-07-16 04:55:00,394.7,394.7,394.7,394.7,1492
2026-07-16 04:59:00,394.7,394.7,394.7,394.7,70
2026-07-16 05:00:00,394.99,395,394.99,395,1054
2026-07-16 05:01:00,395.18,395.18,395.18,395.18,170
2026-07-16 05:04:00,395.17,395.17,395.17,395.17,48
2026-07-16 05:05:00,395.06,395.07,395.06,395.07,159
2026-07-16 05:07:00,394.87,395.06,394.87,395.06,1052
2026-07-16 05:08:00,395,395,394.87,394.87,150
2026-07-16 05:09:00,394.85,394.85,394.84,394.84,230
2026-07-16 05:13:00,394.98,394.98,394.98,394.98,62
2026-07-16 05:14:00,394.8819,394.8819,394.8819,394.8819,160
2026-07-16 05:15:00,394.98,395.08,394.98,395.08,445
2026-07-16 05:16:00,395.18,395.18,395.13,395.13,154
2026-07-16 05:17:00,395.04,395.04,395.04,395.04,480
2026-07-16 05:19:00,395.1552,395.1552,394.99,394.99,341
2026-07-16 05:20:00,395,395,395,395,119
2026-07-16 05:21:00,395.01,395.01,394.84,394.84,300
2026-07-16 05:23:00,394.84,394.84,394.84,394.84,98
2026-07-16 05:24:00,394.84,394.84,394.84,394.84,259
2026-07-16 05:25:00,394.7,394.7,394.7,394.7,264
2026-07-16 05:27:00,394.7,394.7,394.7,394.7,100
2026-07-16 05:28:00,394.7,394.7,394.7,394.7,40
2026-07-16 05:31:00,394.65,394.65,394.5771,394.5771,125
2026-07-16 05:32:00,394.6,394.6,394.6,394.6,40
2026-07-16 05:33:00,394.57,394.57,394.57,394.57,98
2026-07-16 05:34:00,394.63,394.63,394.63,394.63,57
2026-07-16 05:36:00,394.7157,394.7157,394.7157,394.7157,150
2026-07-16 05:38:00,394.66,394.66,394.57,394.57,182
2026-07-16 05:39:00,394.57,394.57,394.57,394.57,685
2026-07-16 05:40:00,394.51,394.51,394.5,394.5,129
2026-07-16 05:41:00,394.5386,394.5386,394.48,394.48,386
2026-07-16 05:42:00,394.45,394.45,394.43,394.43,552
2026-07-16 05:43:00,394.57,394.57,394.57,394.57,60
2026-07-16 05:44:00,394.6,394.6,394.6,394.6,72
2026-07-16 05:46:00,394.37,394.37,394.37,394.37,80
2026-07-16 05:47:00,394.22,394.22,394.22,394.22,80
2026-07-16 05:48:00,394.1086,394.2367,394.1086,394.2367,110
2026-07-16 05:50:00,394.0388,394.1,394.0388,394.1,341
2026-07-16 05:51:00,394.12,394.12,393.9332,393.9332,655
2026-07-16 05:53:00,394.17,394.17,394.17,394.17,40
2026-07-16 05:54:00,394.06,394.06,394.06,394.06,72
2026-07-16 05:55:00,394.21,394.21,394.21,394.21,64
2026-07-16 05:58:00,394.195,394.2,394.195,394.2,185
2026-07-16 06:01:00,394.19,394.19,394.19,394.19,50
2026-07-16 06:03:00,394.36,394.43,394.36,394.43,309
2026-07-16 06:04:00,394.49,394.5,394.49,394.5,88
2026-07-16 06:05:00,394.49,394.49,394.49,394.49,85
2026-07-16 06:08:00,394.5,394.52,394.5,394.52,146
2026-07-16 06:10:00,394.57,394.57,394.57,394.57,130
2026-07-16 06:11:00,394.5534,394.7,394.55,394.55,149
2026-07-16 06:14:00,394.28,394.5,394.215,394.215,562
2026-07-16 06:15:00,394.02,394.345,394.02,394.345,220
2026-07-16 06:16:00,394.21,394.35,394.2,394.35,236
2026-07-16 06:17:00,394.3,394.3,394.3,394.3,50
2026-07-16 06:18:00,394.46,394.46,394.46,394.46,89
2026-07-16 06:19:00,394.25,394.25,394.25,394.25,100
2026-07-16 06:21:00,394.325,394.325,394.2129,394.2129,120
2026-07-16 06:22:00,394.34,394.35,394.3,394.3,402
2026-07-16 06:23:00,394.25,394.34,394.25,394.34,238
2026-07-16 06:24:00,394.19,394.19,394.19,394.19,75
2026-07-16 06:25:00,394.27,394.27,394.27,394.27,70
2026-07-16 06:26:00,394.26,394.26,394.26,394.26,80
2026-07-16 06:27:00,394.29,394.29,394.19,394.19,420
2026-07-16 06:30:00,394.5,394.5,394.5,394.5,40
2026-07-16 06:31:00,394.4548,394.5695,394.4548,394.5695,190
2026-07-16 06:32:00,394.5,394.5,394.5,394.5,120
2026-07-16 06:33:00,394.54,394.54,394.54,394.54,109
2026-07-16 06:34:00,394.58,394.77,394.58,394.77,582
2026-07-16 06:35:00,394.62,394.62,394.62,394.62,49
2026-07-16 06:36:00,394.57,394.605,394.57,394.605,435
2026-07-16 06:37:00,394.66,394.66,394.65,394.65,150
2026-07-16 06:39:00,394.63,394.63,394.63,394.63,44
2026-07-16 06:40:00,394.54,394.54,394.54,394.54,40
2026-07-16 06:42:00,394.55,394.655,394.51,394.63,248
2026-07-16 06:45:00,394.8,395.1,394.8,395,1552
2026-07-16 06:46:00,395.18,395.18,395.09,395.09,200
2026-07-16 06:47:00,395,395,395,395,201
2026-07-16 06:48:00,395.18,395.18,395.18,395.18,268
2026-07-16 06:49:00,395.1,395.1,395.09,395.09,730
2026-07-16 06:50:00,395,395.08,395,395.08,1232
2026-07-16 06:51:00,394.8,394.88,394.61,394.65,2071
2026-07-16 06:55:00,394.8,394.8,394.8,394.8,40
2026-07-16 06:56:00,394.84,394.84,394.6,394.6,237
2026-07-16 06:57:00,394.5,394.5,394.5,394.5,62
2026-07-16 06:59:00,394.5,394.5,394.49,394.49,171
2026-07-16 07:00:00,394.35,394.5,394.26,394.26,1733
2026-07-16 07:01:00,394.19,394.49,394.19,394.49,490
2026-07-16 07:02:00,394.4518,394.4518,393.74,394.04,5430
2026-07-16 07:03:00,394.03,394.04,393.7,393.7,2201
2026-07-16 07:04:00,393.7634,393.83,393.5,393.6,1290
2026-07-16 07:05:00,393.5,393.5,393.39,393.5,2087
2026-07-16 07:06:00,393.74,393.75,393.51,393.51,894
2026-07-16 07:07:00,393.61,393.8884,393.52,393.52,1350
2026-07-16 07:08:00,393.6,393.85,393.6,393.85,257
2026-07-16 07:09:00,393.57,393.88,393.55,393.55,508
2026-07-16 07:10:00,393.5803,393.59,393.5803,393.59,163
2026-07-16 07:11:00,393.7,394,393.7,393.92,1095
2026-07-16 07:12:00,393.82,393.85,393.7001,393.85,260
2026-07-16 07:13:00,393.92,393.92,393.76,393.78,390
2026-07-16 07:14:00,393.78,393.78,393.6,393.6,140
2026-07-16 07:15:00,393.72,393.78,393.7,393.7,248
2026-07-16 07:16:00,393.6,393.61,393.49,393.52,2450
2026-07-16 07:17:00,393.4,393.5,393.4,393.5,263
2026-07-16 07:18:00,393.53,393.53,393.4,393.4,535
2026-07-16 07:19:00,393.35,393.35,393.25,393.25,487
2026-07-16 07:20:00,393.2732,393.384,393.2732,393.384,144
2026-07-16 07:21:00,393.3,393.41,393.25,393.41,560
2026-07-16 07:22:00,393.41,393.5,393.41,393.5,434
2026-07-16 07:23:00,393.65,393.76,393.39,393.5552,5362
2026-07-16 07:24:00,393.6,393.65,393.51,393.5651,1193
2026-07-16 07:25:00,393.5,393.6898,393.5,393.595,262
2026-07-16 07:26:00,393.6,393.6,393.37,393.44,786
2026-07-16 07:27:00,393.5,393.59,393.5,393.59,600
2026-07-16 07:29:00,393.25,393.25,392.94,392.94,1416
2026-07-16 07:30:00,392.98,393.05,392.98,392.9907,438
2026-07-16 07:31:00,392.9907,393,392.9,392.9,1198
2026-07-16 07:32:00,392.8,392.96,392.72,392.8318,1506
2026-07-16 07:33:00,393,393,392.83,392.83,5615
2026-07-16 07:34:00,392.9,393.1,392.9,393.01,714
2026-07-16 07:35:00,393.1,393.6,393.04,393.04,322
2026-07-16 07:36:00,393.2,393.4,393,393,1075
2026-07-16 07:37:00,393.06,393.1,393.0238,393.0238,469
2026-07-16 07:38:00,393.1,393.4,393.1,393.23,6113
2026-07-16 07:39:00,393.26,393.4551,393.135,393.4551,336
2026-07-16 07:40:00,393.5,393.5,393.1281,393.1281,5483
2026-07-16 07:41:00,393.1612,393.3,393.11,393.1964,1313
2026-07-16 07:42:00,393.04,393.2101,393,393,900
2026-07-16 07:43:00,393.0248,393.0248,393.0248,393.0248,50
2026-07-16 07:44:00,393.1,393.15,393.0004,393.15,865
2026-07-16 07:45:00,393.056,393.07,393.056,393.07,259
2026-07-16 07:46:00,393.0702,393.16,393.0702,393.16,243
2026-07-16 07:47:00,393.0422,393.0422,393.0394,393.0394,490
2026-07-16 07:48:00,393.0329,393.0331,393,393,1050
2026-07-16 07:49:00,393,393,392.3,392.7,14303
2026-07-16 07:50:00,392.62,392.62,392.11,392.49,4211
2026-07-16 07:51:00,392.49,392.79,392.26,392.362,700
2026-07-16 07:52:00,392.4698,392.59,392.45,392.59,559
2026-07-16 07:53:00,392.49,392.73,392.49,392.65,750
2026-07-16 07:54:00,392.7035,392.7035,392.561,392.561,140
2026-07-16 07:55:00,392.58,392.88,392.56,392.88,2402
2026-07-16 07:56:00,392.88,392.98,392.5,392.5,1351
2026-07-16 07:57:00,392.65,392.66,392.42,392.66,1541
2026-07-16 07:58:00,392.78,393,392.78,392.8,1156
2026-07-16 07:59:00,392.9995,393,392.831,392.831,1058
2026-07-16 08:00:00,392.95,393,392.8,392.9,6767
2026-07-16 08:01:00,392.7726,393,392.7726,393,596
2026-07-16 08:02:00,393,393,392.9,392.9,507
2026-07-16 08:03:00,392.84,392.9,392.77,392.9,1886
2026-07-16 08:04:00,392.7907,392.88,392.6,392.7276,613
2026-07-16 08:05:00,392.64,392.7,392.4,392.49,1355
2026-07-16 08:06:00,392.45,392.6,392.4,392.4234,783
2026-07-16 08:07:00,392.5,392.5,392.4063,392.4063,2078
2026-07-16 08:08:00,392.38,392.61,392.38,392.55,752
2026-07-16 08:09:00,392.5619,392.7412,392.5,392.7412,750
2026-07-16 08:10:00,392.75,392.7552,392.63,392.66,484
2026-07-16 08:11:00,392.54,392.78,392.426,392.426,1518
2026-07-16 08:12:00,392.47,392.5,392.47,392.5,356
2026-07-16 08:13:00,392.3,392.52,392.3,392.52,172
2026-07-16 08:14:00,392.6,392.7785,392.6,392.7422,1100
2026-07-16 08:15:00,392.6,392.7,392.5,392.5,504
2026-07-16 08:16:00,392.69,392.69,392.67,392.67,110
2026-07-16 08:17:00,392.6622,392.6622,392.58,392.58,111
2026-07-16 08:18:00,392.69,392.78,392.5816,392.77,1452
2026-07-16 08:19:00,392.9,392.97,392.8,392.97,580
2026-07-16 08:20:00,392.99,392.99,392.77,392.77,835
2026-07-16 08:21:00,392.73,392.8,392.3,392.46,2662
2026-07-16 08:22:00,392.52,392.68,392.46,392.46,1628
2026-07-16 08:23:00,392.65,392.65,392.3776,392.5,789
2026-07-16 08:24:00,392.4,392.5,392.37,392.4899,3506
2026-07-16 08:25:00,392.4,392.46,392.25,392.25,2055
2026-07-16 08:26:00,392.321,392.321,392.31,392.31,436
2026-07-16 08:27:00,392.25,392.41,392.25,392.37,677
2026-07-16 08:28:00,392.4,392.49,392.2887,392.49,1381
2026-07-16 08:29:00,392.45,392.55,392.25,392.55,1836
2026-07-16 08:30:00,392.7,392.7799,392.42,392.7799,492
2026-07-16 08:31:00,392.51,392.69,392.5,392.6537,1183
2026-07-16 08:32:00,392.4218,392.5906,392.4218,392.57,330
2026-07-16 08:33:00,392.6,392.65,392.6,392.65,769
2026-07-16 08:34:00,392.57,392.8,392.57,392.65,2080
2026-07-16 08:35:00,392.8674,392.8674,392.7,392.7,290
2026-07-16 08:36:00,392.7,392.7,392.57,392.7,1302
2026-07-16 08:37:00,392.75,392.75,392.2941,392.2941,1475
2026-07-16 08:38:00,392.3085,392.5,392.28,392.5,1387
2026-07-16 08:39:00,392.7344,392.7344,392.52,392.52,513
2026-07-16 08:40:00,392.55,392.87,392.55,392.75,1586
2026-07-16 08:41:00,392.56,392.96,392.52,392.65,1500
2026-07-16 08:42:00,392.5229,392.68,392.5229,392.55,680
2026-07-16 08:43:00,392.55,392.6727,392.52,392.67,524
2026-07-16 08:44:00,392.56,392.68,392.5518,392.5518,1197
2026-07-16 08:45:00,392.57,392.68,392.5507,392.57,736
2026-07-16 08:46:00,392.8996,392.96,392.57,392.58,2236
2026-07-16 08:47:00,392.79,392.91,392.5892,392.91,4301
2026-07-16 08:48:00,392.95,393,392.82,392.99,8141
2026-07-16 08:49:00,392.89,392.9999,392.54,392.9999,3209
2026-07-16 08:50:00,392.81,392.81,392.55,392.55,524
2026-07-16 08:51:00,392.7,392.7,392.5795,392.65,409
2026-07-16 08:52:00,392.55,392.55,392.33,392.52,4888
2026-07-16 08:53:00,392.623,392.64,392.5473,392.5523,463
2026-07-16 08:54:00,392.64,392.7344,392.54,392.64,1436
2026-07-16 08:55:00,392.5,392.6,392.01,392.01,4634
2026-07-16 08:56:00,392.0248,392.08,391.925,391.99,8365
2026-07-16 08:57:00,392,392.25,391.7,391.7,14655
2026-07-16 08:58:00,391.76,391.76,391.64,391.6808,418
2026-07-16 08:59:00,391.72,391.76,391.5,391.53,9262
2026-07-16 09:00:00,391.53,391.97,391.39,391.97,8674
2026-07-16 09:01:00,391.97,392.35,391.9,392.05,3052
2026-07-16 09:02:00,392.2694,392.2694,391.854,391.9,1840
2026-07-16 09:03:00,391.99,392,391.9,391.93,1330
2026-07-16 09:04:00,392.0857,392.1268,391.9492,391.9492,1633
2026-07-16 09:05:00,392.14,392.2,392.0141,392.19,567
2026-07-16 09:06:00,392.1338,392.5,392.1338,392.29,2615
2026-07-16 09:07:00,392.3,392.71,392.3,392.7,6704
2026-07-16 09:08:00,392.64,392.8,392.49,392.6698,2177
2026-07-16 09:09:00,392.58,392.6613,392.45,392.45,1593
2026-07-16 09:10:00,392.45,392.7,392.45,392.5,1138
2026-07-16 09:11:00,392.45,392.7,392.4,392.5959,1711
2026-07-16 09:12:00,392.5,392.51,392.44,392.44,395
2026-07-16 09:14:00,392.45,392.4613,392.36,392.36,618
2026-07-16 09:15:00,392.3668,392.3668,392.25,392.32,450
2026-07-16 09:16:00,392.25,392.35,392.25,392.35,2386
2026-07-16 09:17:00,392.45,392.52,392.4,392.49,4775
2026-07-16 09:18:00,392.47,392.5518,392.47,392.5518,2740
2026-07-16 09:19:00,392.57,392.57,392.3,392.42,2237
2026-07-16 09:20:00,392.55,392.7,392.5,392.5089,2254
2026-07-16 09:21:00,392.61,392.76,392.565,392.565,4323
2026-07-16 09:22:00,392.75,392.8028,392.5372,392.8028,2091
2026-07-16 09:23:00,392.72,393.01,392.72,393,3422
2026-07-16 09:24:00,393,393,392.8,392.902,850
2026-07-16 09:25:00,392.85,393,392.48,392.48,4471
2026-07-16 09:26:00,392.55,392.55,392.4,392.48,1241
2026-07-16 09:27:00,392.4,392.71,391.77,392.71,7567
2026-07-16 09:28:00,392.85,392.86,392.5,392.63,1869
2026-07-16 09:29:00,392.78,392.9,392,392.59,4775
2026-07-16 09:30:00,392.35,392.5,388.44,388.44,516558
2026-07-16 09:31:00,388.72,388.99,387.8,388.59,224898
2026-07-16 09:32:00,388.495,388.8899,387.25,387.87,173070
2026-07-16 09:33:00,387.75,387.95,387.2,387.522,130669
2026-07-16 09:34:00,387.6184,389.06,387.475,388.805,150210
2026-07-16 09:35:00,388.805,389.18,388.0149,388.27,167652
2026-07-16 09:36:00,388.22,388.38,387.33,388.26,165221
2026-07-16 09:37:00,388.3,388.8499,387.8605,388.8399,110485
2026-07-16 09:38:00,388.8,389.36,388.62,388.755,163837
2026-07-16 09:39:00,388.74,388.8,387.44,387.8661,140619
2026-07-16 09:40:00,387.8903,389.22,387.5,388.715,129199
2026-07-16 09:41:00,388.696,388.9838,387.77,387.81,93591
2026-07-16 09:42:00,387.91,388.5399,387.44,387.89,107967
2026-07-16 09:43:00,387.89,387.97,386.7,387.36,187523
2026-07-16 09:44:00,387.3563,388.1,386.56,386.65,124679
2026-07-16 09:45:00,386.69,387.7,386.4,387.19,135938
2026-07-16 09:46:00,387.1442,387.55,386.8693,387.305,83570
2026-07-16 09:47:00,387.4,387.7,387.0401,387.165,60808
2026-07-16 09:48:00,387.21,387.52,386.31,386.6994,105251
2026-07-16 09:49:00,386.59,386.83,386.14,386.3693,102458
2026-07-16 09:50:00,386.38,386.98,386.2,386.3,118607
2026-07-16 09:51:00,386.3,386.89,386.06,386.16,92730
2026-07-16 09:52:00,386.13,387.11,386.051,386.79,99668
2026-07-16 09:53:00,386.83,386.9822,386,386.4017,105004
2026-07-16 09:54:00,386.39,386.68,385.7,385.71,102466
2026-07-16 09:55:00,385.76,386,385.32,385.94,146808
2026-07-16 09:56:00,385.9995,386.2296,385.5,385.92,116116
2026-07-16 09:57:00,385.9,386.5,385.46,385.785,116671
2026-07-16 09:58:00,385.785,386.9499,385.785,386.86,103972
2026-07-16 09:59:00,386.86,387.28,386.59,387.1392,98305
2026-07-16 10:00:00,387.07,388.7499,386.89,388.73,171871
2026-07-16 10:01:00,388.6947,388.8,387.8001,388.36,113994
2026-07-16 10:02:00,388.36,389.87,388.34,389.34,209519
2026-07-16 10:03:00,389.2522,390.2,389.2522,389.97,134371
2026-07-16 10:04:00,389.965,390.1366,388.86,388.9289,105321
2026-07-16 10:05:00,388.92,390.07,388.64,389.98,107618
2026-07-16 10:06:00,389.98,390.4,389.65,389.77,101122
2026-07-16 10:07:00,389.78,390.27,389.5301,390,99729
2026-07-16 10:08:00,389.9906,390.39,389.8582,390,85003
2026-07-16 10:09:00,390.025,391.21,389.6501,390.83,129862
2026-07-16 10:10:00,390.96,391.33,390.33,391.1,100183
2026-07-16 10:11:00,391.1,391.84,390.7037,391.52,101459
2026-07-16 10:12:00,391.6699,392.15,391.02,392.14,109762
2026-07-16 10:13:00,392,393.27,392,392.945,189840
2026-07-16 10:14:00,392.945,393.21,392.2,392.4077,109466
2026-07-16 10:15:00,392.345,392.9199,392.06,392.82,116982
2026-07-16 10:16:00,392.82,393.02,392.3,392.35,75850
2026-07-16 10:17:00,392.405,392.7,392,392.64,72848
2026-07-16 10:18:00,392.63,393,392.42,392.66,74469
2026-07-16 10:19:00,392.66,394.14,392.39,393.85,193948
2026-07-16 10:20:00,393.78,394.12,393.55,393.645,127303
2026-07-16 10:21:00,393.64,393.92,392.69,392.94,99315
2026-07-16 10:22:00,392.99,393.07,392.3516,392.8477,106358
2026-07-16 10:23:00,392.77,393.08,391.4,391.495,137909
2026-07-16 10:24:00,391.4731,391.96,391.21,391.39,73896
2026-07-16 10:25:00,391.34,391.769,391.06,391.35,73503
2026-07-16 10:26:00,391.3,392.7595,391.26,392.65,92192
2026-07-16 10:27:00,392.615,393.88,392.5715,393.73,110452
2026-07-16 10:28:00,393.82,394.78,393.4001,394.53,132145
2026-07-16 10:29:00,394.49,394.99,394,394.605,139629
2026-07-16 10:30:00,394.6995,394.82,393.7705,393.86,152307
2026-07-16 10:31:00,393.84,394.15,393.17,393.33,64235
2026-07-16 10:32:00,393.295,394.05,393.24,393.87,64688
2026-07-16 10:33:00,393.89,393.9,393.27,393.645,81584
2026-07-16 10:34:00,393.5801,393.645,392.97,393.03,96923
2026-07-16 10:35:00,393.03,393.7999,392.9801,393.675,81522
2026-07-16 10:36:00,393.7516,394.33,393.5201,393.65,61217
2026-07-16 10:37:00,393.62,394.3499,393.5,394.24,50074
2026-07-16 10:38:00,394.24,394.4699,393.68,393.835,60518
2026-07-16 10:39:00,393.835,393.93,393.36,393.51,60716
2026-07-16 10:40:00,393.494,393.69,393.23,393.28,42440
2026-07-16 10:41:00,393.28,393.28,392.81,393.09,82782
2026-07-16 10:42:00,393.06,393.96,393.03,393.705,57545
2026-07-16 10:43:00,393.705,393.98,393.63,393.65,58883
2026-07-16 10:44:00,393.69,394.24,393.53,394.14,68304
2026-07-16 10:45:00,394.13,394.25,393.79,393.91,66273
2026-07-16 10:46:00,393.9799,394.89,393.72,394.89,73611
2026-07-16 10:47:00,394.9,395.31,394.29,394.45,125868
2026-07-16 10:48:00,394.575,394.7399,394.27,394.41,48627
2026-07-16 10:49:00,394.36,394.6499,394.05,394.2,40837
2026-07-16 10:50:00,394.2,394.44,393.5411,393.605,59455
2026-07-16 10:51:00,393.615,394.25,393.5557,394.1,59681
2026-07-16 10:52:00,394.11,394.34,393.61,393.68,43720
2026-07-16 10:53:00,393.71,393.8399,393.0901,393.695,53831
2026-07-16 10:54:00,393.685,394.2,393.58,394.0301,45182
2026-07-16 10:55:00,394.0599,394.09,392.61,392.97,93247
2026-07-16 10:56:00,392.97,394.22,392.7612,394.165,50795
2026-07-16 10:57:00,394.21,395.1,393.9506,394.8,84477
2026-07-16 10:58:00,394.81,395.0999,394.14,394.17,83346
2026-07-16 10:59:00,394.21,394.44,393.8,394.37,49545
2026-07-16 11:00:00,394.36,394.58,393.86,394.2062,49960
2026-07-16 11:01:00,394.2175,394.4,393.3742,393.4,41517
2026-07-16 11:02:00,393.45,394.38,393.3601,394.25,50620
2026-07-16 11:03:00,394.24,394.5271,393.28,393.43,61991
2026-07-16 11:04:00,393.47,393.64,392.8,393.04,48817
2026-07-16 11:05:00,393.045,393.84,392.41,393.73,84132
2026-07-16 11:06:00,393.67,393.7,392.8,393.0285,46435
2026-07-16 11:07:00,393.0699,393.2581,392.85,392.98,30496
2026-07-16 11:08:00,393,393.2499,392.83,393.045,32727
2026-07-16 11:09:00,393.02,393.85,392.77,393.7782,42026
2026-07-16 11:10:00,393.755,393.95,393.29,393.375,40723
2026-07-16 11:11:00,393.42,393.67,393.0206,393.355,39288
2026-07-16 11:12:00,393.42,393.485,392.9852,393.145,36058
2026-07-16 11:13:00,393.0101,393.28,392.33,392.46,61901
2026-07-16 11:14:00,392.4404,392.81,392.24,392.725,56090
2026-07-16 11:15:00,392.67,392.84,392.49,392.78,28136
2026-07-16 11:16:00,392.795,392.9999,392.46,392.725,31160
2026-07-16 11:17:00,392.68,393.14,392.5601,392.85,44881
2026-07-16 11:18:00,392.89,393.31,392.8308,393.025,29798
2026-07-16 11:19:00,393.08,393.15,392.55,392.855,31276
2026-07-16 11:20:00,392.87,392.97,392.55,392.7995,35932
2026-07-16 11:21:00,392.7,392.86,392.2995,392.54,25862
2026-07-16 11:22:00,392.595,392.63,392.04,392.61,48405
2026-07-16 11:23:00,392.62,393,392.542,392.845,28966
2026-07-16 11:24:00,392.8144,393.5,392.74,393.405,72921
2026-07-16 11:25:00,393.41,393.78,393.27,393.645,57047
2026-07-16 11:26:00,393.645,394.15,393.645,394.025,52231
2026-07-16 11:27:00,394.08,394.29,393.68,393.72,57419
2026-07-16 11:28:00,393.67,393.85,393.3,393.465,45748
2026-07-16 11:29:00,393.46,393.82,393.26,393.73,23725
2026-07-16 11:30:00,393.81,393.82,393.0001,393.375,41647
2026-07-16 11:31:00,393.4045,394.0299,393.32,394.015,26068
2026-07-16 11:32:00,394.015,394.04,393.75,393.89,29206
2026-07-16 11:33:00,393.825,393.98,393.57,393.845,26566
2026-07-16 11:34:00,393.8899,394.23,393.7,393.958,51366
2026-07-16 11:35:00,393.85,394.1199,393.7901,393.935,32587
2026-07-16 11:36:00,393.94,394,393.73,394,19519
2026-07-16 11:37:00,393.9,394.4356,393.84,393.92,37126
2026-07-16 11:38:00,393.9,394.28,393.7101,394.26,30122
2026-07-16 11:39:00,394.18,394.5899,394.18,394.48,77152
2026-07-16 11:40:00,394.48,394.59,393.9372,393.94,36807
2026-07-16 11:41:00,393.9,394,393.2401,393.375,45517
2026-07-16 11:42:00,393.345,393.44,393.01,393.125,33667
2026-07-16 11:43:00,393.125,393.5,393,393.04,38255
2026-07-16 11:44:00,393,393.35,392.85,393.31,31193
2026-07-16 11:45:00,393.27,393.3,392.01,392.37,47863
2026-07-16 11:46:00,392.35,392.42,392.01,392.25,39824
2026-07-16 11:47:00,392.25,392.57,392.14,392.44,37700
2026-07-16 11:48:00,392.4713,392.75,392.391,392.67,25207
2026-07-16 11:49:00,392.64,393,392.33,392.87,47135
2026-07-16 11:50:00,392.835,393,392.59,392.86,34343
2026-07-16 11:51:00,392.94,393.25,392.905,392.9205,29431
2026-07-16 11:52:00,392.92,393.04,392.7105,392.97,23878
2026-07-16 11:53:00,393.0399,393.05,392.53,392.5888,28210
2026-07-16 11:54:00,392.58,392.82,392.5705,392.79,17502
2026-07-16 11:55:00,392.81,392.9795,392.41,392.59,37010
2026-07-16 11:56:00,392.59,392.8195,392.23,392.655,29203
2026-07-16 11:57:00,392.685,392.95,392.53,392.685,23633
2026-07-16 11:58:00,392.7678,392.89,392.53,392.65,18485
2026-07-16 11:59:00,392.65,392.82,392.52,392.7,15534
2026-07-16 12:00:00,392.7,392.76,392.16,392.16,43128
2026-07-16 12:01:00,392.14,392.32,391.06,391.095,98512
2026-07-16 12:02:00,391.0949,391.0949,390.09,390.31,136333
2026-07-16 12:03:00,390.205,390.73,390.12,390.6,72693
2026-07-16 12:04:00,390.665,390.84,390.19,390.26,68620
2026-07-16 12:05:00,390.26,390.35,389.34,389.42,108641
2026-07-16 12:06:00,389.42,389.92,389.3701,389.72,64393
2026-07-16 12:07:00,389.71,390.1,389.63,389.65,55861
2026-07-16 12:08:00,389.715,390.03,389.62,389.74,39480
2026-07-16 12:09:00,389.74,390.14,389.74,390.035,39577
2026-07-16 12:10:00,390.035,390.07,389.23,389.345,79591
2026-07-16 12:11:00,389.37,389.53,388.88,388.945,65534
2026-07-16 12:12:00,388.98,389.4,388.72,388.9299,41268
2026-07-16 12:13:00,388.845,389.1,388.4,388.93,60603
2026-07-16 12:14:00,388.89,389.07,388.73,388.875,40468
2026-07-16 12:15:00,388.85,388.85,388.37,388.67,42422
2026-07-16 12:16:00,388.73,388.9397,388.46,388.86,50499
2026-07-16 12:17:00,388.86,388.98,388.51,388.9,36763
2026-07-16 12:18:00,388.885,389.26,388.8601,389.16,46632
2026-07-16 12:19:00,389.166,389.28,388.85,388.9499,50947
2026-07-16 12:20:00,388.95,388.95,388.13,388.32,69840
2026-07-16 12:21:00,388.4,388.71,388.2119,388.2699,42234
2026-07-16 12:22:00,388.2101,388.43,387.8,388.11,75979
2026-07-16 12:23:00,388.08,388.34,387.82,388.26,54596
2026-07-16 12:24:00,388.295,388.8199,388.1505,388.56,44070
2026-07-16 12:25:00,388.52,388.9,388.3512,388.81,44678
2026-07-16 12:26:00,388.8899,389.02,388.61,388.8,46490
2026-07-16 12:27:00,388.785,389.15,388.7801,389.04,42424
2026-07-16 12:28:00,389.08,389.3,388.64,389.2499,50818
2026-07-16 12:29:00,389.185,389.3,388.95,389.2899,41379
2026-07-16 12:30:00,389.2899,389.57,388.51,388.9767,73874
2026-07-16 12:31:00,388.92,389.3973,388.76,389.35,40179
2026-07-16 12:32:00,389.24,389.6,389.18,389.42,32641
2026-07-16 12:33:00,389.47,389.56,388.81,388.945,34279
2026-07-16 12:34:00,388.945,389.09,388.8001,388.98,26309
2026-07-16 12:35:00,388.975,389.02,388.5201,388.635,41656
2026-07-16 12:36:00,388.57,389.0999,388.5516,389.03,41022
2026-07-16 12:37:00,389.1,389.23,388.72,389.1986,31277
2026-07-16 12:38:00,389.175,389.35,388.86,388.96,26488
2026-07-16 12:39:00,388.96,388.96,388.4,388.565,39523
2026-07-16 12:40:00,388.565,388.64,388.32,388.51,23661
2026-07-16 12:41:00,388.6,388.85,388.46,388.52,21602
2026-07-16 12:42:00,388.61,388.7,388.27,388.36,30719
2026-07-16 12:43:00,388.36,388.6999,388.355,388.48,22258
2026-07-16 12:44:00,388.48,388.6552,388.36,388.36,22315
2026-07-16 12:45:00,388.36,388.52,388.26,388.26,35920
2026-07-16 12:46:00,388.26,388.53,388.01,388.31,65821
2026-07-16 12:47:00,388.26,388.4,388.06,388.27,28573
2026-07-16 12:48:00,388.39,388.82,388.28,388.59,53095
2026-07-16 12:49:00,388.6,388.75,388.27,388.3394,35814
2026-07-16 12:50:00,388.41,388.41,387.91,388.1658,51338
2026-07-16 12:51:00,388.22,388.5599,388.19,388.3401,40735
2026-07-16 12:52:00,388.375,388.62,388.34,388.36,24141
2026-07-16 12:53:00,388.36,388.5999,388.2,388.47,34488
2026-07-16 12:54:00,388.47,388.6,388.2901,388.56,20250
2026-07-16 12:55:00,388.61,388.88,388.55,388.665,48870
2026-07-16 12:56:00,388.665,388.9,388.59,388.735,39067
2026-07-16 12:57:00,388.735,388.83,388.51,388.675,32163
2026-07-16 12:58:00,388.685,388.99,388.51,388.665,46225
2026-07-16 12:59:00,388.71,389.0918,388.7001,389.01,31545
2026-07-16 13:00:00,389.08,389.1295,388,388,56740
2026-07-16 13:01:00,388.035,388.51,388.01,388.4099,26082
2026-07-16 13:02:00,388.35,388.4,388,388.17,35131
2026-07-16 13:03:00,388.1799,388.35,388.07,388.18,18304
2026-07-16 13:04:00,388.18,388.45,388.14,388.365,12988
2026-07-16 13:05:00,388.365,388.4486,388.1,388.24,23757
2026-07-16 13:06:00,388.1,388.17,387.89,388.13,42236
2026-07-16 13:07:00,388.0801,388.595,388.0801,388.395,28852
2026-07-16 13:08:00,388.395,388.58,388.31,388.53,24539
2026-07-16 13:09:00,388.525,388.88,388.41,388.88,35066
2026-07-16 13:10:00,388.88,389.05,388.46,388.53,48614
2026-07-16 13:11:00,388.525,388.6048,388.21,388.42,26350
2026-07-16 13:12:00,388.34,388.47,388.12,388.32,25345
2026-07-16 13:13:00,388.28,388.54,387.98,388.2599,31654
2026-07-16 13:14:00,388.15,388.17,387.42,387.555,61065
2026-07-16 13:15:00,387.555,387.69,387.37,387.6799,52196
2026-07-16 13:16:00,387.56,387.779,387.26,387.68,40200
2026-07-16 13:17:00,387.63,387.73,387.36,387.45,32429
2026-07-16 13:18:00,387.41,387.66,387.33,387.595,23801
2026-07-16 13:19:00,387.6,387.84,387.6,387.72,26075
2026-07-16 13:20:00,387.82,387.9499,387.64,387.675,25683
2026-07-16 13:21:00,387.64,387.83,387.6,387.7632,23156
2026-07-16 13:22:00,387.76,387.76,387.55,387.645,20123
2026-07-16 13:23:00,387.65,387.89,387.61,387.75,13708
2026-07-16 13:24:00,387.73,387.97,387.52,387.52,22081
2026-07-16 13:25:00,387.57,387.849,387.375,387.76,32941
2026-07-16 13:26:00,387.805,388.17,387.73,388.0751,41940
2026-07-16 13:27:00,388.1299,388.66,387.93,388.4752,48397
2026-07-16 13:28:00,388.46,389.08,388.4256,388.8201,53556
2026-07-16 13:29:00,388.8205,389.2,388.77,389.015,37448
2026-07-16 13:30:00,389.0361,389.24,388.96,389.06,51937
2026-07-16 13:31:00,389.1,389.16,388.66,388.78,33109
2026-07-16 13:32:00,388.78,389.04,388.78,388.83,27191
2026-07-16 13:33:00,388.76,388.94,388.42,388.555,29249
2026-07-16 13:34:00,388.5,388.52,388.131,388.32,41568
2026-07-16 13:35:00,388.32,388.32,388.06,388.23,22492
2026-07-16 13:36:00,388.23,388.58,388.23,388.37,20913
2026-07-16 13:37:00,388.41,388.45,388,388.035,26690
2026-07-16 13:38:00,388.04,388.24,387.8001,387.8799,27882
2026-07-16 13:39:00,387.8,387.99,387.42,387.6,31985
2026-07-16 13:40:00,387.55,387.6299,386.86,386.965,106538
2026-07-16 13:41:00,386.99,387.25,386.89,387.17,30015
2026-07-16 13:42:00,387.205,387.42,387.02,387.095,45346
2026-07-16 13:43:00,387.0436,387.1588,386.87,387.075,30738
2026-07-16 13:44:00,387.06,387.29,386.97,387.2304,19125
2026-07-16 13:45:00,387.24,387.31,387.0401,387.121,31080
2026-07-16 13:46:00,387.175,387.71,387.06,387.6,28848
2026-07-16 13:47:00,387.6,388.49,387.6,388.44,54229
2026-07-16 13:48:00,388.43,389.05,388.27,389.01,63028
2026-07-16 13:49:00,389.08,389.3,389.02,389.2,52784
2026-07-16 13:50:00,389.19,389.255,388.97,389.1206,49344
2026-07-16 13:51:00,389.09,389.2383,388.96,389.04,23212
2026-07-16 13:52:00,389.04,389.04,388.67,388.99,35891
2026-07-16 13:53:00,388.93,389.4,388.9201,389.27,51206
2026-07-16 13:54:00,389.23,389.31,388.99,388.99,20767
2026-07-16 13:55:00,388.9815,389.12,388.61,388.64,34123
2026-07-16 13:56:00,388.64,388.89,388.3601,388.7785,25704
2026-07-16 13:57:00,388.72,388.795,388.51,388.625,15170
2026-07-16 13:58:00,388.63,388.9528,388.59,388.91,17162
2026-07-16 13:59:00,388.95,389.22,388.85,388.905,37030
2026-07-16 14:00:00,388.94,389.19,388.7001,389.18,19047
2026-07-16 14:01:00,389.11,389.31,388.97,389.08,15835
2026-07-16 14:02:00,389.06,389.16,388.81,388.8305,16599
2026-07-16 14:03:00,388.81,388.89,388.6,388.7025,17271
2026-07-16 14:04:00,388.74,389.07,388.74,388.85,19445
2026-07-16 14:05:00,388.99,389.1899,388.91,389.0688,28004
2026-07-16 14:06:00,389,389.4,388.92,389.245,20032
2026-07-16 14:07:00,389.2999,389.57,389.11,389.538,30319
2026-07-16 14:08:00,389.53,389.85,389.41,389.7601,58357
2026-07-16 14:09:00,389.8,389.9,389.54,389.85,30759
2026-07-16 14:10:00,389.89,390.2,389.76,390,90638
2026-07-16 14:11:00,389.9301,390.18,389.88,390.01,40121
2026-07-16 14:12:00,390.01,390.45,389.66,389.6806,47516
2026-07-16 14:13:00,389.67,389.87,389.57,389.76,20045
2026-07-16 14:14:00,389.76,389.8502,389.22,389.3197,28756
2026-07-16 14:15:00,389.35,389.3782,388.72,388.855,38391
2026-07-16 14:16:00,388.9299,389.4,388.865,389.305,38826
2026-07-16 14:17:00,389.3142,389.5999,389.21,389.54,25041
2026-07-16 14:18:00,389.5018,389.9699,389.44,389.75,24011
2026-07-16 14:19:00,389.765,389.91,389.51,389.73,19096
2026-07-16 14:20:00,389.73,390.14,389.72,390.08,29864
2026-07-16 14:21:00,390.06,390.39,389.86,390.355,34122
2026-07-16 14:22:00,390.33,390.67,390.29,390.405,46120
2026-07-16 14:23:00,390.385,390.6633,390.2,390.6,33747
2026-07-16 14:24:00,390.6,390.84,390.55,390.794,47484
2026-07-16 14:25:00,390.79,390.89,390.51,390.51,32232
2026-07-16 14:26:00,390.58,391.05,390.46,390.985,49003
2026-07-16 14:27:00,390.985,391.13,390.77,390.835,38541
2026-07-16 14:28:00,390.86,391.19,390.71,390.765,56209
2026-07-16 14:29:00,390.765,390.82,390.43,390.555,35310
2026-07-16 14:30:00,390.59,390.6,390.35,390.5,40899
2026-07-16 14:31:00,390.5,390.88,390.48,390.88,38221
2026-07-16 14:32:00,390.86,391.06,390.6801,390.76,33889
2026-07-16 14:33:00,390.72,390.9,390.62,390.65,27961
2026-07-16 14:34:00,390.73,390.8,390.39,390.495,25381
2026-07-16 14:35:00,390.45,390.45,389.53,389.7,73154
2026-07-16 14:36:00,389.7699,389.905,389.52,389.665,44671
2026-07-16 14:37:00,389.675,389.79,389.41,389.695,26484
2026-07-16 14:38:00,389.7,389.8795,389.63,389.63,32615
2026-07-16 14:39:00,389.63,389.74,389.435,389.5947,42626
2026-07-16 14:40:00,389.53,389.6,389.1616,389.28,34420
2026-07-16 14:41:00,389.235,389.65,389.235,389.6333,25052
2026-07-16 14:42:00,389.69,389.78,389.48,389.65,27969
2026-07-16 14:43:00,389.65,390,389.62,389.83,27073
2026-07-16 14:44:00,389.85,390.15,389.8,390.08,21117
2026-07-16 14:45:00,390.0801,390.63,389.9,390.35,44375
2026-07-16 14:46:00,390.385,390.86,390.385,390.68,27580
2026-07-16 14:47:00,390.73,391.0499,390.67,390.905,30854
2026-07-16 14:48:00,390.905,391.0999,390.7,390.8167,28862
2026-07-16 14:49:00,390.77,391.08,390.74,390.77,25732
2026-07-16 14:50:00,390.85,390.87,390.61,390.735,29880
2026-07-16 14:51:00,390.745,390.8,390.3964,390.57,36514
2026-07-16 14:52:00,390.55,390.6499,390.26,390.33,29983
2026-07-16 14:53:00,390.375,390.56,390.171,390.495,16668
2026-07-16 14:54:00,390.43,390.75,390.43,390.69,21302
2026-07-16 14:55:00,390.64,390.76,390.42,390.4245,16548
2026-07-16 14:56:00,390.45,390.61,390.3,390.385,27203
2026-07-16 14:57:00,390.37,390.58,390.03,390.125,31916
2026-07-16 14:58:00,390.09,390.51,390.07,390.465,25213
2026-07-16 14:59:00,390.465,390.56,390.36,390.4,18174
2026-07-16 15:00:00,390.41,390.97,390.26,390.92,34334
2026-07-16 15:01:00,390.97,391,390.6,390.86,32049
2026-07-16 15:02:00,390.88,391.0799,390.8,390.9,22466
2026-07-16 15:03:00,390.86,391.08,390.79,390.93,28600
2026-07-16 15:04:00,391,391.1399,390.765,390.85,37176
2026-07-16 15:05:00,390.85,390.9983,390.74,390.925,15274
2026-07-16 15:06:00,390.925,390.99,390.33,390.33,45379
2026-07-16 15:07:00,390.37,390.4399,389.756,390.12,45760
2026-07-16 15:08:00,390.125,390.36,389.95,390.09,25784
2026-07-16 15:09:00,390.11,390.42,389.99,390.34,29043
2026-07-16 15:10:00,390.29,390.69,390.06,390.51,34427
2026-07-16 15:11:00,390.51,391.1,390.42,390.92,34803
2026-07-16 15:12:00,390.875,391.09,390.84,390.92,20463
2026-07-16 15:13:00,390.925,391.3499,390.83,390.965,41862
2026-07-16 15:14:00,390.99,391,390.73,390.88,23048
2026-07-16 15:15:00,390.9399,390.97,390.65,390.97,24590
2026-07-16 15:16:00,390.9,391.25,390.87,391.005,45910
2026-07-16 15:17:00,391.01,391.11,390.68,390.74,28503
2026-07-16 15:18:00,390.67,391.01,390.5101,390.98,35310
2026-07-16 15:19:00,390.97,391,390.765,390.79,26466
2026-07-16 15:20:00,390.8251,390.8251,390.36,390.54,22329
2026-07-16 15:21:00,390.54,391.05,390.52,390.94,27354
2026-07-16 15:22:00,390.9969,391.05,390.62,390.765,29356
2026-07-16 15:23:00,390.7917,390.84,390.6,390.74,12406
2026-07-16 15:24:00,390.73,390.91,390.59,390.8,16197
2026-07-16 15:25:00,390.77,390.81,390.08,390.17,48718
2026-07-16 15:26:00,390.18,390.33,389.8,389.82,43260
2026-07-16 15:27:00,389.805,390.1499,389.74,390.0307,34609
2026-07-16 15:28:00,390.0401,390.3999,390.0401,390.31,21802
2026-07-16 15:29:00,390.25,390.55,390.25,390.305,29377
2026-07-16 15:30:00,390.25,390.6,390.07,390.33,47355
2026-07-16 15:31:00,390.33,390.3599,389.77,389.845,37416
2026-07-16 15:32:00,389.85,390.11,389.79,390.06,25824
2026-07-16 15:33:00,390.06,390.16,389.92,390.135,21011
2026-07-16 15:34:00,390.16,390.86,390.07,390.795,53151
2026-07-16 15:35:00,390.72,390.92,390.53,390.62,57531
2026-07-16 15:36:00,390.58,390.72,390.45,390.585,27113
2026-07-16 15:37:00,390.585,390.8,390.515,390.73,26362
2026-07-16 15:38:00,390.74,390.89,390.6401,390.81,31281
2026-07-16 15:39:00,390.8251,390.98,390.57,390.62,28416
2026-07-16 15:40:00,390.66,390.665,390.17,390.385,30351
2026-07-16 15:41:00,390.42,390.8,390.41,390.68,34884
2026-07-16 15:42:00,390.64,390.71,390.39,390.425,30597
2026-07-16 15:43:00,390.44,390.53,390.24,390.51,23959
2026-07-16 15:44:00,390.42,390.42,389.8598,389.92,51880
2026-07-16 15:45:00,389.86,389.895,389.44,389.77,76399
2026-07-16 15:46:00,389.75,389.83,389.46,389.58,41012
2026-07-16 15:47:00,389.63,389.95,389.55,389.635,39128
2026-07-16 15:48:00,389.61,389.6819,389.35,389.605,84388
2026-07-16 15:49:00,389.61,390.2,389.56,390.065,64378
2026-07-16 15:50:00,390.12,391.05,390.12,390.91,90962
2026-07-16 15:51:00,390.96,391.16,390.71,391.145,82800
2026-07-16 15:52:00,391.17,391.7,390.7,391.17,161404
2026-07-16 15:53:00,391.195,391.64,391.07,391.59,86984
2026-07-16 15:54:00,391.59,391.85,391,391.405,85455
2026-07-16 15:55:00,391.46,391.58,391,391.12,67763
2026-07-16 15:56:00,391.14,391.17,390.73,391.04,95610
2026-07-16 15:57:00,391.03,391.19,390.5107,390.83,80848
2026-07-16 15:58:00,390.86,391.09,390.77,391.06,94332
2026-07-16 15:59:00,391.065,391.22,390.89,391.17,266293
2026-07-16 16:00:00,391.17,391.17,390.83,390.94,2223185
2026-07-16 16:01:00,391.04,391.11,390.73,390.73,2566
2026-07-16 16:02:00,390.73,391.0449,390.7,390.83,1709
2026-07-16 16:03:00,390.8791,390.88,390.6,390.6,2113
2026-07-16 16:04:00,390.606,390.606,390.51,390.51,601
2026-07-16 16:05:00,390.65,390.65,390.34,390.51,4173
2026-07-16 16:06:00,390.26,390.3,390.25,390.3,961
2026-07-16 16:07:00,390.3,390.31,390.25,390.25,1062
2026-07-16 16:08:00,390.5535,390.56,390.44,390.44,607
2026-07-16 16:09:00,390.44,390.55,390.32,390.43,799
2026-07-16 16:10:00,390.32,390.4999,390.32,390.4999,2099
2026-07-16 16:11:00,390.3,390.5,390,390.2925,1525
2026-07-16 16:12:00,390.06,390.06,390.01,390.01,908
2026-07-16 16:13:00,390.2418,390.248,390,390.0776,2429
2026-07-16 16:14:00,390.1,390.2128,390,390,902
2026-07-16 16:15:00,389.9589,390.25,389.9,390.075,1428
2026-07-16 16:16:00,390.09,390.09,389.9112,389.9263,640
2026-07-16 16:17:00,390,390.5,390,390.49,2458
2026-07-16 16:18:00,390.37,390.47,390.14,390.32,441
2026-07-16 16:19:00,390.2,390.36,390.11,390.23,1872
2026-07-16 16:20:00,390.1,390.47,390.1,390.455,1123
2026-07-16 16:21:00,390.49,390.49,390.25,390.25,1012
2026-07-16 16:22:00,390.29,390.29,390.2624,390.2624,372
2026-07-16 16:23:00,390.4,390.57,390.4,390.46,275
2026-07-16 16:24:00,390.28,390.288,390.24,390.24,587
2026-07-16 16:25:00,390.33,390.33,390.33,390.33,44
2026-07-16 16:26:00,390.27,390.37,390.27,390.37,319
2026-07-16 16:27:00,390.28,390.28,390.28,390.28,40
2026-07-16 16:29:00,390.3748,390.3748,390.3748,390.3748,200
2026-07-16 16:30:00,390.39,390.39,390.25,390.25,266
2026-07-16 16:31:00,390.4,390.4,390.4,390.4,111
2026-07-16 16:33:00,390.18,390.18,390.18,390.18,157
2026-07-16 16:34:00,391.06,391.06,390.15,390.28,1711
2026-07-16 16:35:00,390.34,390.34,390.28,390.28,501
2026-07-16 16:36:00,390.3,390.3,390.25,390.25,281
2026-07-16 16:37:00,390.1482,390.25,390.1482,390.15,779
2026-07-16 16:38:00,390.28,390.4,390.2494,390.4,466
2026-07-16 16:39:00,390.24,390.47,390.24,390.4,276
2026-07-16 16:40:00,390.49,390.49,390.1,390.1,1403
2026-07-16 16:41:00,390.1,390.1,390.1,390.1,48
2026-07-16 16:42:00,390.3,390.3,390.06,390.1,970
2026-07-16 16:44:00,390.07,390.07,390.01,390.01,1385
2026-07-16 16:45:00,390.01,390.01,390.01,390.01,244
2026-07-16 16:46:00,390.16,390.39,390.02,390.3615,1207
2026-07-16 16:47:00,390.25,390.38,390.25,390.35,1403
2026-07-16 16:48:00,390.25,390.3279,390.0688,390.0688,429
2026-07-16 16:49:00,390.35,390.35,390.1,390.11,302
2026-07-16 16:50:00,390.3,390.3,390.18,390.18,257
2026-07-16 16:51:00,391.06,391.06,390.13,390.13,640
2026-07-16 16:52:00,390.07,390.07,390.07,390.07,1992
2026-07-16 16:53:00,390.1075,390.1075,390.1075,390.1075,45
2026-07-16 16:54:00,390.12,390.12,390.1,390.1,148
2026-07-16 16:56:00,390.06,390.16,390.06,390.16,430
2026-07-16 16:57:00,390.11,390.1101,390.11,390.1101,193
2026-07-16 16:58:00,390.2,390.2,390.2,390.2,68
2026-07-16 16:59:00,390.1999,390.2,390.1523,390.2,886
2026-07-16 17:00:00,390.35,390.35,390.1256,390.1256,253
2026-07-16 17:05:00,390.12,390.12,390.12,390.12,40
2026-07-16 17:06:00,390.2,390.2,390.2,390.2,51
2026-07-16 17:07:00,390.27,390.27,390.27,390.27,120
2026-07-16 17:08:00,390.212,390.212,390.212,390.212,200
2026-07-16 17:09:00,390.27,390.3082,390.27,390.3082,2540
2026-07-16 17:11:00,390.2168,390.2168,390.2163,390.2163,110
2026-07-16 17:12:00,390.3,390.34,390.3,390.34,838
2026-07-16 17:13:00,390.3491,390.3491,390.3491,390.3491,100
2026-07-16 17:14:00,390.3,390.3,390.3,390.3,74
2026-07-16 17:15:00,390.34,390.3499,390.34,390.3499,219
2026-07-16 17:16:00,390.35,390.35,390.3,390.3001,636
2026-07-16 17:17:00,390.3077,390.3077,390.3077,390.3077,100
2026-07-16 17:20:00,390.3481,390.3481,390.25,390.25,644
2026-07-16 17:21:00,390.241,390.241,390.2,390.2,300
2026-07-16 17:22:00,390.2,390.2606,390.118,390.2606,2019
2026-07-16 17:23:00,390.29,390.3,390.1586,390.1586,1187
2026-07-16 17:24:00,390.3,390.3,390.3,390.3,640
2026-07-16 17:25:00,390.3,390.35,390.3,390.35,245
2026-07-16 17:26:00,390.31,390.4,390.31,390.4,300
2026-07-16 17:29:00,390.32,390.32,390.32,390.32,50
2026-07-16 17:30:00,390.3219,390.3219,390.3219,390.3219,52
2026-07-16 17:31:00,390.2734,390.2734,390.2734,390.2734,100
2026-07-16 17:32:00,390.25,390.4,390.25,390.4,430
2026-07-16 17:33:00,390.3,390.3,390.29,390.29,271
2026-07-16 17:34:00,390.36,390.36,390.36,390.36,5000
2026-07-16 17:35:00,390.35,390.35,390.3339,390.3339,300
2026-07-16 17:36:00,390.36,390.36,390.36,390.36,100
2026-07-16 17:37:00,390.4,390.49,390.4,390.4838,1757
2026-07-16 17:38:00,390.458,390.458,390.45,390.45,257
2026-07-16 17:39:00,390.49,390.49,390.49,390.49,150
2026-07-16 17:40:00,390.45,390.58,390.45,390.4732,4041
2026-07-16 17:41:00,390.6,390.68,390.45,390.68,526
2026-07-16 17:42:00,390.55,390.7,390.55,390.7,95
2026-07-16 17:44:00,390.63,390.63,390.63,390.63,270
2026-07-16 17:45:00,390.51,390.51,390.25,390.32,579
2026-07-16 17:46:00,390.6,390.6,390.6,390.6,999
2026-07-16 17:49:00,390.66,390.66,390.4692,390.4692,255
2026-07-16 17:51:00,390.38,390.38,390.2787,390.2787,260
2026-07-16 17:54:00,390.66,390.66,390.4419,390.4419,120
2026-07-16 17:55:00,390.65,390.65,390.65,390.65,88
2026-07-16 17:56:00,390.6,390.6,390.6,390.6,90
2026-07-16 17:57:00,390.6,390.6,390.6,390.6,100
2026-07-16 17:58:00,390.64,390.64,390.51,390.51,560
2026-07-16 17:59:00,390.5308,390.62,390.5055,390.5055,526
2026-07-16 18:00:00,390.66,390.8719,390.5,390.8719,1213
2026-07-16 18:01:00,390.8,390.8,390.8,390.8,50
2026-07-16 18:02:00,390.7,390.7,390.7,390.7,100
2026-07-16 18:03:00,390.51,390.7,390.5,390.7,261
2026-07-16 18:04:00,390.42,390.6744,390.42,390.6,550
2026-07-16 18:05:00,390.81,390.87,390.574,390.68,810
2026-07-16 18:06:00,390.51,390.51,390.51,390.51,281
2026-07-16 18:07:00,390.7,390.7,390.7,390.7,49
2026-07-16 18:08:00,390.6,390.6,390.5001,390.51,521
2026-07-16 18:09:00,390.4732,390.4732,390.4732,390.4732,400
2026-07-16 18:10:00,390.5,390.51,390.5,390.51,98
2026-07-16 18:11:00,390.5,390.605,390.5,390.605,147
2026-07-16 18:12:00,390.51,390.51,390.51,390.51,94
2026-07-16 18:13:00,390.53,390.53,390.42,390.42,2289
2026-07-16 18:14:00,390.26,390.3085,390.26,390.3085,436
2026-07-16 18:17:00,390.26,390.26,390.05,390.09,914
2026-07-16 18:18:00,390.03,390.07,390.03,390.07,270
2026-07-16 18:19:00,390.12,390.12,390.0827,390.0827,825
2026-07-16 18:20:00,390.26,390.26,390.26,390.26,100
2026-07-16 18:21:00,390.28,390.28,390.28,390.28,50
2026-07-16 18:22:00,390.03,390.2159,390.03,390.2159,291
2026-07-16 18:23:00,390.14,390.14,390.14,390.14,80
2026-07-16 18:24:00,390.13,390.25,390.13,390.25,480
2026-07-16 18:25:00,390.0301,390.125,390.0301,390.125,105
2026-07-16 18:26:00,390.13,390.13,390.07,390.1232,332
2026-07-16 18:27:00,390.05,390.05,390.03,390.03,778
2026-07-16 18:28:00,390.13,390.13,390.06,390.06,660
2026-07-16 18:30:00,390.0685,390.1896,390.0685,390.1896,250
2026-07-16 18:31:00,390.17,390.17,390.07,390.07,340
2026-07-16 18:32:00,390.14,390.25,390.14,390.25,1556
2026-07-16 18:33:00,390.2,390.2,390.1,390.1,345
2026-07-16 18:34:00,390.18,390.18,390.1008,390.1008,1007
2026-07-16 18:35:00,390.1064,390.1064,390,390,3563
2026-07-16 18:36:00,389.911,390.18,389.911,390.18,1529
2026-07-16 18:37:00,390.0218,390.2435,390.0218,390.2435,169
2026-07-16 18:38:00,390.06,390.06,389.9306,390,282
2026-07-16 18:39:00,390.25,390.25,390.0404,390.0404,650
2026-07-16 18:40:00,390,390.0125,390,390.0125,367
2026-07-16 18:41:00,390,390.1958,389.9542,390.1958,317
2026-07-16 18:42:00,389.9,390.1,389.9,390.1,1273
2026-07-16 18:43:00,389.9845,389.9845,389.75,389.7812,1644
2026-07-16 18:44:00,389.7887,390,389.7887,390,1589
2026-07-16 18:45:00,390.09,390.09,389.85,389.85,200
2026-07-16 18:47:00,390.0032,390.09,390,390,290
2026-07-16 18:48:00,390.0991,390.0991,389.85,389.85,3375
2026-07-16 18:49:00,389.94,389.94,389.56,389.56,2082
2026-07-16 18:50:00,389.7529,389.7603,389.65,389.7,1293
2026-07-16 18:51:00,389.7,389.87,389.5,389.87,585
2026-07-16 18:52:00,389.6191,389.6191,389.3,389.3,2388
2026-07-16 18:53:00,389.36,389.38,388.65,388.6672,6494
2026-07-16 18:54:00,389,389.35,388.66,388.8012,6190
2026-07-16 18:55:00,389.35,389.4479,388.8,389.01,1665
2026-07-16 18:56:00,389.01,389.5,389.01,389.21,745
2026-07-16 18:57:00,389.02,389.453,389.02,389.2,468
2026-07-16 18:58:00,389.5,389.74,389.5,389.5,1082
2026-07-16 18:59:00,389.56,389.56,389.5234,389.56,250
2026-07-16 19:00:00,389.66,389.78,389.3,389.3,536
2026-07-16 19:01:00,389.21,389.21,389.21,389.21,97
2026-07-16 19:02:00,389.49,389.51,389.31,389.31,1324
2026-07-16 19:03:00,389.34,389.4651,389.34,389.4651,240
2026-07-16 19:04:00,389.62,389.62,389.38,389.38,100
2026-07-16 19:05:00,389.06,389.34,389.06,389.34,337
2026-07-16 19:06:00,389.3084,389.3084,389,389.01,822
2026-07-16 19:07:00,389.1165,389.1165,389.01,389.01,201
2026-07-16 19:08:00,389.01,389.01,389.01,389.01,135
2026-07-16 19:09:00,389.1224,389.1224,389.04,389.04,356
2026-07-16 19:10:00,389.3341,389.3341,389.3341,389.3341,992
2026-07-16 19:11:00,389,389.0194,388.8848,389.0194,2064
2026-07-16 19:12:00,389,389.13,389,389.13,1628
2026-07-16 19:13:00,389.244,389.5,389.02,389.5,513
2026-07-16 19:14:00,389.1067,389.15,389.1067,389.15,86
2026-07-16 19:15:00,389.2,389.2,389.1721,389.1944,368
2026-07-16 19:16:00,389.0432,389.0432,389,389,1018
2026-07-16 19:17:00,389,389,388.9,389,1410
2026-07-16 19:18:00,388.95,388.95,388.77,388.77,206
2026-07-16 19:19:00,388.97,388.97,388.77,388.77,90
2026-07-16 19:21:00,388.77,388.85,388.75,388.7525,298
2026-07-16 19:22:00,388.75,388.7624,388.61,388.75,2866
2026-07-16 19:23:00,388.6706,388.86,388.5122,388.86,1363
2026-07-16 19:24:00,388.7,388.82,388.57,388.77,443
2026-07-16 19:25:00,388.7283,388.74,388.52,388.52,330
2026-07-16 19:26:00,388.51,388.51,388.2981,388.33,1448
2026-07-16 19:27:00,388.38,388.58,388.3,388.58,460
2026-07-16 19:28:00,388.8884,388.8884,388.3667,388.58,2289
2026-07-16 19:29:00,388.39,388.5,388.28,388.28,1179
2026-07-16 19:30:00,388.5,388.5,388.25,388.25,800
2026-07-16 19:31:00,388.5,388.5998,388.5,388.5,727
2026-07-16 19:32:00,388.5,388.5,388.26,388.3042,279
2026-07-16 19:33:00,388.35,388.35,388.25,388.27,1332
2026-07-16 19:34:00,388.29,388.32,388.21,388.21,130
2026-07-16 19:35:00,388.2077,388.2423,388.2077,388.2423,200
2026-07-16 19:36:00,388.2,388.24,388.06,388.08,2260
2026-07-16 19:37:00,388.09,388.2,388.09,388.2,1633
2026-07-16 19:38:00,388.2,388.42,387.93,388.04,7636
2026-07-16 19:39:00,388.2834,388.2834,388.05,388.2,569
2026-07-16 19:40:00,388.28,389,388.28,388.4816,1860
2026-07-16 19:41:00,388.85,388.9618,388.6088,388.8836,807
2026-07-16 19:42:00,388.815,388.815,388.73,388.81,272
2026-07-16 19:43:00,388.7899,388.9723,388.6512,388.7,1971
2026-07-16 19:44:00,388.61,388.61,388.61,388.61,100
2026-07-16 19:45:00,388.55,388.55,388.3,388.37,1326
2026-07-16 19:46:00,388.5984,388.5984,388.15,388.26,483
2026-07-16 19:47:00,388.57,388.57,388.35,388.35,91
2026-07-16 19:48:00,388.36,388.48,388.35,388.4795,535
2026-07-16 19:49:00,388.39,388.4,388.27,388.27,236
2026-07-16 19:50:00,388.38,388.7,388.316,388.7,2186
2026-07-16 19:51:00,388.5203,388.5203,388.5,388.5,150
2026-07-16 19:52:00,388.7,388.7581,388.7,388.7581,95
2026-07-16 19:53:00,388.7593,388.7593,388.51,388.51,1530
2026-07-16 19:54:00,388.542,388.75,388.542,388.75,198
2026-07-16 19:55:00,388.75,388.75,388.7203,388.7203,291
2026-07-16 19:56:00,388.74,388.75,388.67,388.67,1757
2026-07-16 19:57:00,388.6,388.67,388.188,388.5,2714
2026-07-16 19:58:00,388.61,388.67,388.4,388.66,1620
2026-07-16 19:59:00,388.66,388.66,388.6108,388.6507,1516
2026-07-17 04:00:00,384.7,387.25,384.27,384.68,33079
2026-07-17 04:01:00,384.6049,387.25,384.27,386.65,10221
2026-07-17 04:02:00,386.72,386.8,384.28,385.05,20677
2026-07-17 04:03:00,384.7058,386.07,384.08,385,26048
2026-07-17 04:04:00,385.17,385.83,384.0568,384.27,11267
2026-07-17 04:05:00,384.5,386.8,384.5,385.76,1352
2026-07-17 04:06:00,384.64,384.68,384.64,384.66,452
2026-07-17 04:07:00,384.54,384.74,384.42,384.74,312
2026-07-17 04:08:00,384.52,384.5725,384.52,384.555,277
2026-07-17 04:09:00,384.55,384.64,384.53,384.57,715
2026-07-17 04:10:00,384.55,384.55,384.2,384.2,1232
2026-07-17 04:11:00,384.16,384.22,384.01,384.05,1433
2026-07-17 04:12:00,384.3936,384.4511,384.2,384.2754,1655
2026-07-17 04:13:00,384.22,384.5,384.22,384.5,1069
2026-07-17 04:14:00,384.5,384.62,384.31,384.6,427
2026-07-17 04:15:00,384.48,384.515,384.2,384.2,539
2026-07-17 04:16:00,384.346,384.346,383.73,383.73,860
2026-07-17 04:17:00,383.8,383.8,383.38,383.38,2205
2026-07-17 04:18:00,383.49,383.57,383.33,383.38,925
2026-07-17 04:19:00,383.19,383.24,383,383.0464,1899
2026-07-17 04:20:00,383.27,383.27,383.17,383.27,485
2026-07-17 04:21:00,383.3,383.39,383.2012,383.2012,552
2026-07-17 04:22:00,383.44,383.4642,383.345,383.4403,347
2026-07-17 04:23:00,383.5,383.6,383.2,383.58,640
2026-07-17 04:24:00,383.48,383.53,383.3,383.3,514
2026-07-17 04:25:00,383.7632,383.7632,383.3,383.3,442
2026-07-17 04:26:00,383.2,383.3,383.1,383.1,859
2026-07-17 04:27:00,383.57,383.57,383.31,383.4,309
2026-07-17 04:28:00,383.58,383.81,383.53,383.57,473
2026-07-17 04:29:00,383.53,383.55,383.31,383.32,1099
2026-07-17 04:30:00,383.4,383.4,383.24,383.24,408
2026-07-17 04:31:00,383.21,383.282,383.195,383.24,689
2026-07-17 04:32:00,383.14,383.18,383.02,383.09,1055
2026-07-17 04:33:00,383.1,383.3208,383,383.2018,2707
2026-07-17 04:34:00,383.2244,383.2244,382.5,383.04,5547
2026-07-17 04:35:00,382.78,382.9953,382.59,382.98,1446
2026-07-17 04:36:00,382.66,382.85,382.66,382.72,1356
2026-07-17 04:37:00,382.92,383.02,382.75,382.75,2845
2026-07-17 04:38:00,382.7,383.17,382.7,383,1190
2026-07-17 04:39:00,382.97,382.97,382.88,382.88,271
2026-07-17 04:40:00,382.92,382.9832,382.92,382.925,287
2026-07-17 04:41:00,382.99,383.19,382.93,383.16,875
2026-07-17 04:42:00,382.97,382.97,382.79,382.79,386
2026-07-17 04:43:00,382.81,382.94,382.81,382.94,299
2026-07-17 04:44:00,383.13,383.13,383.0055,383.0055,600
2026-07-17 04:45:00,383,383.16,383,383.07,1025
2026-07-17 04:46:00,383.12,383.4321,383.12,383.28,262
2026-07-17 04:47:00,383.28,383.64,383.28,383.48,1598
2026-07-17 04:48:00,383.4359,383.52,383.415,383.52,725
2026-07-17 04:49:00,383.33,383.58,383.3,383.3,779
2026-07-17 04:50:00,383.34,383.55,383.34,383.38,539
2026-07-17 04:51:00,383.34,383.34,383.19,383.19,150
2026-07-17 04:52:00,383.34,383.34,383.25,383.25,308
2026-07-17 04:53:00,383.58,383.58,383.58,383.58,365
2026-07-17 04:54:00,383.72,383.77,383.72,383.72,331
2026-07-17 04:55:00,383.67,383.96,383.67,383.96,252
2026-07-17 04:56:00,383.97,384,383.97,383.99,483
2026-07-17 04:57:00,383.98,383.98,383.98,383.98,51
2026-07-17 04:58:00,384,384,383.85,383.98,350
2026-07-17 04:59:00,383.86,383.86,383.6,383.6,200
2026-07-17 05:00:00,383.6756,383.69,383.5,383.69,685
2026-07-17 05:01:00,383.69,383.77,383.69,383.77,391
2026-07-17 05:02:00,383.8147,383.8147,383.65,383.7537,458
2026-07-17 05:03:00,383.5,383.54,383.5,383.52,234
2026-07-17 05:04:00,383.5,383.525,383.5,383.525,199
2026-07-17 05:05:00,383.5,383.5,383.29,383.29,661
2026-07-17 05:06:00,383.29,383.5,383.28,383.33,892
2026-07-17 05:07:00,383.27,383.58,383.27,383.58,390
2026-07-17 05:08:00,383.46,383.7935,383.44,383.7935,744
2026-07-17 05:09:00,383.8,383.8,383.715,383.715,261
2026-07-17 05:10:00,383.74,383.8,383.69,383.69,789
2026-07-17 05:11:00,383.8,383.8,383.76,383.8,659
2026-07-17 05:12:00,383.8,384,383.8,384,305
2026-07-17 05:13:00,384.2,384.48,384.2,384.4,1520
2026-07-17 05:14:00,384.3899,384.4896,384.385,384.4896,286
2026-07-17 05:15:00,384.42,384.43,384.25,384.25,1000
2026-07-17 05:16:00,384.4,384.49,384.4,384.49,665
2026-07-17 05:17:00,384.38,384.69,384.38,384.56,1345
2026-07-17 05:18:00,384.74,384.74,384.495,384.495,212
2026-07-17 05:20:00,384.6,384.65,384.56,384.65,638
2026-07-17 05:21:00,384.64,384.64,384.64,384.64,89
2026-07-17 05:23:00,384.57,384.57,384.4,384.5,1149
2026-07-17 05:24:00,384.7,384.78,384.7,384.78,200
2026-07-17 05:25:00,384.8,384.91,384.8,384.87,640
2026-07-17 05:26:00,384.87,384.87,384.8,384.8,219
2026-07-17 05:27:00,384.8,384.8,384.79,384.79,299
2026-07-17 05:28:00,384.82,384.99,384.81,384.92,418
2026-07-17 05:29:00,384.973,385.08,384.95,385.08,3267
2026-07-17 05:30:00,384.91,385,384.84,384.8907,2008
2026-07-17 05:31:00,384.75,384.75,384.75,384.75,42
2026-07-17 05:33:00,384.543,384.543,384.543,384.543,100
2026-07-17 05:34:00,384.75,384.75,384.75,384.75,40
2026-07-17 05:35:00,384.68,384.75,384.68,384.75,150
2026-07-17 05:37:00,384.55,384.55,384.55,384.55,100
2026-07-17 05:38:00,384.99,385.45,384.91,385.37,332
2026-07-17 05:39:00,385.27,385.4527,385.27,385.4527,100
2026-07-17 05:40:00,385.13,385.4906,385,385.4906,2744
2026-07-17 05:41:00,385.22,385.22,385.22,385.22,80
2026-07-17 05:42:00,385.3,385.3,385.24,385.24,148
2026-07-17 05:43:00,385.09,385.3,385,385.02,2291
2026-07-17 05:44:00,385.02,385.4384,385,385.3656,2413
2026-07-17 05:45:00,385.3656,385.4,385.365,385.4,190
2026-07-17 05:46:00,385.295,385.295,385.18,385.18,659
2026-07-17 05:48:00,385.4,385.4,385.4,385.4,165
2026-07-17 05:49:00,385.24,385.407,385.24,385.407,267
2026-07-17 05:50:00,385.35,385.5,385.27,385.27,269
2026-07-17 05:52:00,385.3,385.3,385.3,385.3,62
2026-07-17 05:53:00,385.5,385.51,385.43,385.43,243
2026-07-17 05:54:00,385.4,385.62,385.375,385.5,616
2026-07-17 05:55:00,385.42,385.42,385.27,385.31,128
2026-07-17 05:56:00,385.3,385.36,385.1,385.1,1127
2026-07-17 05:57:00,385.1,385.1,385.05,385.0842,941
2026-07-17 05:58:00,385.0002,385.0306,385,385.0306,1086
2026-07-17 05:59:00,385.05,385.05,385.05,385.05,60
2026-07-17 06:00:00,385,385,385,385,418
2026-07-17 06:01:00,384.99,385,384.99,385,423
2026-07-17 06:02:00,384.72,384.73,384.72,384.73,534
2026-07-17 06:03:00,384.99,384.99,384.595,384.91,1243
2026-07-17 06:04:00,384.85,384.85,384.85,384.85,60
2026-07-17 06:05:00,384.98,385.28,384.98,385.28,352
2026-07-17 06:06:00,385.36,385.36,385.11,385.11,92
2026-07-17 06:07:00,384.8,385.18,384.8,385.09,242
2026-07-17 06:08:00,384.4,384.73,384.25,384.25,215
2026-07-17 06:09:00,384.46,384.46,383.8,384.0328,1584
2026-07-17 06:10:00,384.0328,384.33,383.935,384.33,3083
2026-07-17 06:11:00,384.33,384.8,384.25,384.25,600
2026-07-17 06:12:00,383.8,384.19,383.8,384.07,693
2026-07-17 06:13:00,384.07,384.25,384.07,384.11,387
2026-07-17 06:14:00,384.22,384.35,384.22,384.35,236
2026-07-17 06:15:00,384.3,384.4,384.2,384.4,742
2026-07-17 06:16:00,384.3506,384.55,384.29,384.54,1109
2026-07-17 06:17:00,384.62,384.62,384.45,384.51,658
2026-07-17 06:18:00,384.63,384.63,384.63,384.63,64
2026-07-17 06:19:00,384.3,384.3,384.3,384.3,80
2026-07-17 06:20:00,384.18,384.18,384.11,384.11,576
2026-07-17 06:21:00,384.03,384.03,383.7,383.7001,1393
2026-07-17 06:22:00,383.75,383.7512,383.51,383.5399,2730
2026-07-17 06:23:00,383.65,383.65,383.2666,383.35,785
2026-07-17 06:24:00,383.57,383.7,383.48,383.48,1597
2026-07-17 06:25:00,383.384,383.68,383.31,383.4134,801
2026-07-17 06:26:00,383.55,383.65,383.4,383.65,1454
2026-07-17 06:27:00,383.5915,383.7,383.5915,383.6,592
2026-07-17 06:28:00,383.58,383.81,383.58,383.81,1061
2026-07-17 06:29:00,383.752,383.85,383.752,383.85,980
2026-07-17 06:30:00,383.99,383.99,383.81,383.821,530
2026-07-17 06:31:00,383.98,384,383.9628,383.9628,522
2026-07-17 06:32:00,384.1,384.1,383.91,383.91,259
2026-07-17 06:33:00,383.95,384.1,383.9,384.1,1935
2026-07-17 06:34:00,384,384.1,384,384.1,513
2026-07-17 06:35:00,384.1,384.1,384.1,384.1,650
2026-07-17 06:36:00,384.22,384.28,384.18,384.18,319
2026-07-17 06:37:00,384.17,384.34,384.09,384.27,786
2026-07-17 06:38:00,384.15,384.15,384.15,384.15,116
2026-07-17 06:39:00,384.34,384.49,384.28,384.28,555
2026-07-17 06:40:00,384.4,384.41,384.33,384.4,800
2026-07-17 06:41:00,384.4,384.467,384.395,384.4,745
2026-07-17 06:42:00,384.49,384.49,384.45,384.45,345
2026-07-17 06:43:00,384.45,384.7,384.45,384.55,1772
2026-07-17 06:44:00,384.55,384.55,384.54,384.54,212
2026-07-17 06:45:00,384.54,384.54,384.52,384.52,119
2026-07-17 06:46:00,384.5,384.56,384.5,384.5,360
2026-07-17 06:48:00,384.3656,384.53,384.3656,384.53,254
2026-07-17 06:49:00,384.41,384.41,384.3,384.3,693
2026-07-17 06:50:00,384.25,384.4,384.25,384.39,1821
2026-07-17 06:51:00,384.4,384.4,384.17,384.39,1005
2026-07-17 06:52:00,384.31,384.5,384.1801,384.4,1269
2026-07-17 06:53:00,384.19,384.28,384.19,384.2,188
2026-07-17 06:54:00,384.31,384.31,384.31,384.31,368
2026-07-17 06:55:00,384.49,384.49,384.49,384.49,40
2026-07-17 06:56:00,384.39,384.4,384.31,384.4,1796
2026-07-17 06:57:00,384.4,384.4,384.34,384.34,480
2026-07-17 06:58:00,384.31,384.4,384.31,384.4,536
2026-07-17 06:59:00,384.38,384.38,384.31,384.37,340
2026-07-17 07:00:00,384.36,385,384.23,384.7,12985
2026-07-17 07:01:00,384.7,385.44,384.6,384.9424,6257
2026-07-17 07:02:00,385.4072,385.4072,385,385.0154,1451
2026-07-17 07:03:00,385,385.03,384.75,384.78,709
2026-07-17 07:04:00,384.8686,384.8811,384.519,384.6,1340
2026-07-17 07:05:00,384.8,384.8352,384.75,384.8352,384
2026-07-17 07:06:00,384.8478,384.91,384.8,384.8,901
2026-07-17 07:07:00,384.82,384.82,384.7,384.7,681
2026-07-17 07:08:00,384.79,384.79,384.5,384.5,1030
2026-07-17 07:09:00,384.6275,384.6275,384.4,384.4,1437
2026-07-17 07:10:00,384.4816,384.4816,384.3517,384.3517,845
2026-07-17 07:11:00,384.47,384.54,384.4656,384.54,495
2026-07-17 07:12:00,384.56,384.6273,384.5,384.5,778
2026-07-17 07:13:00,384.51,384.75,384.5,384.75,3528
2026-07-17 07:14:00,384.5,384.7479,384.5,384.6876,2509
2026-07-17 07:15:00,384.7113,384.7113,384.54,384.7,773
2026-07-17 07:16:00,384.7,384.7,384.35,384.3559,1897
2026-07-17 07:17:00,384.35,384.35,384.29,384.29,1786
2026-07-17 07:18:00,384.22,384.28,384.2,384.21,1037
2026-07-17 07:19:00,384.2,384.49,384.1634,384.18,1891
2026-07-17 07:20:00,384.3603,384.3603,384.01,384.01,580
2026-07-17 07:21:00,384,384.3,384,384.3,337
2026-07-17 07:22:00,384.39,384.4,384.1251,384.4,251
2026-07-17 07:23:00,384.163,384.4,384.1501,384.1501,485
2026-07-17 07:24:00,384.2487,384.2487,384.06,384.06,611
2026-07-17 07:25:00,384.12,384.3323,384.001,384.3323,190
2026-07-17 07:26:00,384.35,384.54,384.35,384.54,1432
2026-07-17 07:27:00,384.26,384.48,384.26,384.48,616
2026-07-17 07:28:00,384.5827,384.64,384.5,384.5,842
2026-07-17 07:29:00,384.5217,384.75,384.5,384.5,470
2026-07-17 07:30:00,384.75,384.9,384.7,384.778,242
2026-07-17 07:31:00,384.6,384.7,384.5,384.66,2216
2026-07-17 07:33:00,384.5,384.5,384.5,384.5,840
2026-07-17 07:34:00,384.6899,384.6899,384.32,384.32,710
2026-07-17 07:35:00,384.3,384.4794,384.3,384.4794,515
2026-07-17 07:36:00,384.5,384.6,384.5,384.6,190
2026-07-17 07:37:00,384.6668,384.6668,384.6513,384.664,600
2026-07-17 07:38:00,384.4401,384.4401,384.44,384.44,300
2026-07-17 07:39:00,384.6175,384.65,384.44,384.44,441
2026-07-17 07:40:00,384.6,384.6,384.5,384.5,361
2026-07-17 07:41:00,384.6,384.6,384.49,384.49,379
2026-07-17 07:42:00,384.4927,384.4927,384.4,384.4,608
2026-07-17 07:43:00,384.3475,384.3475,384.03,384.04,268
2026-07-17 07:44:00,384.2,384.31,384.1549,384.1549,604
2026-07-17 07:45:00,384.11,384.28,384.11,384.28,95
2026-07-17 07:46:00,384.4,384.4,384.11,384.16,2275
2026-07-17 07:47:00,384.2,384.26,384.16,384.26,481
2026-07-17 07:48:00,384.28,384.28,384.16,384.16,399
2026-07-17 07:49:00,384.16,384.381,384.16,384.381,443
2026-07-17 07:50:00,384.38,384.38,384.16,384.3417,510
2026-07-17 07:51:00,384.191,384.2153,384.13,384.13,951
2026-07-17 07:52:00,384.1394,384.3,384.1394,384.3,377
2026-07-17 07:53:00,384.28,384.5,384.28,384.4736,538
2026-07-17 07:54:00,384.6,384.7,384.56,384.7,549
2026-07-17 07:55:00,384.79,384.9,384.5887,384.7,1357
2026-07-17 07:56:00,384.755,384.7865,384.5,384.5,330
2026-07-17 07:57:00,384.55,384.55,384.4834,384.4834,200
2026-07-17 07:58:00,384.66,384.7077,384.5803,384.5803,454
2026-07-17 07:59:00,384.5932,384.72,384.57,384.72,1245
2026-07-17 08:00:00,384.6787,384.6787,384,384.02,3100
2026-07-17 08:01:00,384.02,384.32,383.8,383.8108,6561
2026-07-17 08:02:00,383.8,383.9872,383.8,383.9356,1786
2026-07-17 08:03:00,383.9362,383.9362,383.7001,383.7001,2168
2026-07-17 08:04:00,383.76,383.91,383.667,383.91,332
2026-07-17 08:05:00,384,384,383.9,383.95,266
2026-07-17 08:06:00,383.88,383.95,383.7388,383.82,1344
2026-07-17 08:07:00,383.79,383.8059,383.75,383.79,1088
2026-07-17 08:08:00,383.72,383.85,383.7,383.85,1407
2026-07-17 08:09:00,383.88,383.89,383.69,383.69,1629
2026-07-17 08:10:00,383.98,383.98,383.686,383.75,200
2026-07-17 08:11:00,383.74,383.74,383.41,383.443,4346
2026-07-17 08:12:00,383.46,383.6,383.46,383.5525,1741
2026-07-17 08:13:00,383.6323,383.68,383.55,383.55,4424
2026-07-17 08:14:00,383.502,383.8,383.48,383.5801,2664
2026-07-17 08:15:00,383.8351,383.8351,383.13,383.13,3525
2026-07-17 08:16:00,383.2,383.44,383.14,383.44,1997
2026-07-17 08:17:00,383.23,383.53,383.22,383.53,801
2026-07-17 08:18:00,383.5535,383.5989,383.3145,383.5,755
2026-07-17 08:19:00,383.43,383.5687,383,383.03,3409
2026-07-17 08:20:00,383.18,383.3,383.04,383.3,918
2026-07-17 08:21:00,383.25,383.4786,383.15,383.2042,2472
2026-07-17 08:22:00,383.35,383.4814,383.18,383.42,1606
2026-07-17 08:23:00,383.4373,383.46,383.31,383.31,786
2026-07-17 08:24:00,383.2663,383.47,383.2663,383.2902,563
2026-07-17 08:25:00,383.33,383.4462,383.3,383.4462,702
2026-07-17 08:26:00,383.32,383.32,383.08,383.08,626
2026-07-17 08:27:00,383.05,383.2,383.04,383.1963,2567
2026-07-17 08:28:00,383.2801,383.2801,383.2016,383.2436,1139
2026-07-17 08:29:00,383.2,383.23,382.98,382.98,3833
2026-07-17 08:30:00,382.86,383,382.8404,383,4414
2026-07-17 08:31:00,383.1,383.1,383,383,225
2026-07-17 08:32:00,382.9104,383.15,382.9,383.1406,450
2026-07-17 08:33:00,383,383.06,382.91,383,726
2026-07-17 08:34:00,382.9762,383,382.8155,382.8802,2655
2026-07-17 08:35:00,382.89,382.89,382.6986,382.8,2914
2026-07-17 08:36:00,382.7,382.99,382.7,382.99,549
2026-07-17 08:37:00,382.8,382.93,382.71,382.85,697
2026-07-17 08:38:00,382.9,383,382.88,383,1539
2026-07-17 08:39:00,382.9217,383.06,382.92,383.06,2215
2026-07-17 08:40:00,382.9,383.06,382.9,382.967,386
2026-07-17 08:41:00,383.056,383.06,382.95,383.02,2600
2026-07-17 08:42:00,382.92,383,382.85,382.85,1658
2026-07-17 08:43:00,382.9655,383.0988,382.95,383.0654,1260
2026-07-17 08:44:00,383,383.39,383,383.14,1867
2026-07-17 08:45:00,383.15,383.28,383,383.28,4887
2026-07-17 08:46:00,383.3,383.4,383.15,383.3486,1902
2026-07-17 08:47:00,383.15,383.37,383.15,383.37,6011
2026-07-17 08:48:00,383.3,383.3627,383.15,383.15,2151
2026-07-17 08:49:00,383.2,383.21,382.63,382.67,6348
2026-07-17 08:50:00,382.67,382.8422,382.67,382.8422,1182
2026-07-17 08:51:00,382.8,382.9192,382.68,382.85,1333
2026-07-17 08:52:00,382.72,382.85,382.68,382.73,1390
2026-07-17 08:53:00,382.72,382.919,382.7,382.86,1231
2026-07-17 08:54:00,382.8881,382.89,382.75,382.75,1302
2026-07-17 08:55:00,382.77,382.95,382.7,382.95,1041
2026-07-17 08:56:00,382.8,383,382.7,382.96,3035
2026-07-17 08:57:00,383.06,383.25,383.018,383.2499,980
2026-07-17 08:58:00,383.2499,383.25,383.13,383.13,2710
2026-07-17 08:59:00,383.16,383.1912,383.02,383.15,1206
2026-07-17 09:00:00,383,383,382.83,383,2764
2026-07-17 09:01:00,382.94,383,382.7211,382.7211,3664
2026-07-17 09:02:00,383,383,382.69,382.7,1535
2026-07-17 09:03:00,382.834,382.8448,382.65,382.8,918
2026-07-17 09:04:00,382.7014,382.75,382.6486,382.74,1465
2026-07-17 09:05:00,382.745,382.805,382.73,382.76,2312
2026-07-17 09:06:00,382.85,382.97,382.8,382.8,947
2026-07-17 09:07:00,382.78,382.79,382.48,382.53,5501
2026-07-17 09:08:00,382.6739,382.724,382.5,382.7,2773
2026-07-17 09:09:00,382.66,382.66,382.5,382.5115,3725
2026-07-17 09:10:00,382.5,382.5873,382.3,382.41,6152
2026-07-17 09:11:00,382.5528,382.5528,382.3,382.51,3137
2026-07-17 09:12:00,382.3316,382.5702,382.2644,382.2647,2960
2026-07-17 09:13:00,382.25,382.39,382.23,382.3805,3287
2026-07-17 09:14:00,382.3,382.3,382.25,382.25,2375
2026-07-17 09:15:00,382.39,382.44,382.33,382.33,1871
2026-07-17 09:16:00,382.3763,382.5,382.2735,382.38,1396
2026-07-17 09:17:00,382.35,382.4,382.25,382.37,1276
2026-07-17 09:18:00,382.44,382.44,382.3,382.3639,689
2026-07-17 09:19:00,382.35,382.37,382.1,382.16,2429
2026-07-17 09:20:00,382.1368,382.4071,382.1,382.3826,4240
2026-07-17 09:21:00,382.39,382.4274,382.09,382.23,2583
2026-07-17 09:22:00,382.21,382.3892,382.15,382.3892,1156
2026-07-17 09:23:00,382.4,382.4,382.2,382.2,2752
2026-07-17 09:24:00,382.3,382.5441,382.3,382.5441,3239
2026-07-17 09:25:00,382.6,383,382.6,382.944,5549
2026-07-17 09:26:00,382.8189,382.86,382.08,382.14,5159
2026-07-17 09:27:00,382.31,382.31,381.44,381.71,14686
2026-07-17 09:28:00,381.72,381.94,380.35,381.23,19042
2026-07-17 09:29:00,381.3,382.16,380.51,382.16,17734
2026-07-17 09:30:00,382.16,382.4,379.98,381.46,1225015
2026-07-17 09:31:00,381.44,383,381.17,382,181216
2026-07-17 09:32:00,381.98,382.3306,379.01,379.3,244351
2026-07-17 09:33:00,379.5364,382.17,378.58,381.955,293486
2026-07-17 09:34:00,381.9475,382.49,381.2234,381.55,118975
2026-07-17 09:35:00,381.6372,382,380.6492,380.92,104053
2026-07-17 09:36:00,380.81,381.2,379.31,379.46,163030
2026-07-17 09:37:00,379.46,380.41,379.3,380.25,191604
2026-07-17 09:38:00,380.25,380.5,378.7,378.79,162141
2026-07-17 09:39:00,378.7001,378.8099,377.77,378.38,244271
2026-07-17 09:40:00,378.26,379.2,378.15,378.63,127676
2026-07-17 09:41:00,378.685,379.73,378.4,379.32,141283
2026-07-17 09:42:00,379.31,379.5,377.5,377.505,162935
2026-07-17 09:43:00,377.54,377.78,377.22,377.73,114372
2026-07-17 09:44:00,377.73,378.05,377.29,377.6,83757
2026-07-17 09:45:00,377.61,378.27,377.5,377.72,118643
2026-07-17 09:46:00,377.775,379.12,377.6101,378.63,133580
2026-07-17 09:47:00,378.695,379.97,378.06,379.815,120547
2026-07-17 09:48:00,379.845,380.11,379.095,379.3925,160042
2026-07-17 09:49:00,379.48,379.84,379.02,379.595,88048
2026-07-17 09:50:00,379.595,380.2,379.13,379.75,126249
2026-07-17 09:51:00,379.74,380.14,379.01,379.555,94748
2026-07-17 09:52:00,379.555,380.25,379.37,379.84,70828
2026-07-17 09:53:00,379.81,380.57,379.7505,380.04,103266
2026-07-17 09:54:00,380.045,380.52,379.82,380.175,84680
2026-07-17 09:55:00,380.12,380.75,379.52,380.2,104696
2026-07-17 09:56:00,380.195,381.12,380.02,380.8851,82621
2026-07-17 09:57:00,380.88,381.2997,380.2,381.11,82625
2026-07-17 09:58:00,381.14,381.48,380.69,381.14,105657
2026-07-17 09:59:00,381.2658,381.55,380.93,381.42,77214
2026-07-17 10:00:00,381.45,382.03,380.77,382.0251,136899
2026-07-17 10:01:00,382,382.48,381.89,382,153335
2026-07-17 10:02:00,382.0058,382.6983,381.9,381.955,96979
2026-07-17 10:03:00,381.97,382.66,381.94,382.4578,91984
2026-07-17 10:04:00,382.36,382.6899,381.9434,382.6,102470
2026-07-17 10:05:00,382.595,383,382.22,382.4532,166672
2026-07-17 10:06:00,382.55,383,382.4501,382.555,111746
2026-07-17 10:07:00,382.555,382.86,381.8,381.9712,112299
2026-07-17 10:08:00,382.055,382.8,381.87,382.415,76563
2026-07-17 10:09:00,382.48,382.6195,381.82,382.31,60134
2026-07-17 10:10:00,382.2868,383.04,382.28,382.59,98477
2026-07-17 10:11:00,382.57,383.11,382.37,382.89,71791
2026-07-17 10:12:00,382.87,383.15,381.95,382.2,77374
2026-07-17 10:13:00,382.2192,382.4399,381.84,382.265,43112
2026-07-17 10:14:00,382.21,382.26,381.62,382.17,64622
2026-07-17 10:15:00,382.13,383.12,382.0621,382.97,117029
2026-07-17 10:16:00,383,383.25,382.36,382.645,51251
2026-07-17 10:17:00,382.64,383.22,382.5,382.605,78765
2026-07-17 10:18:00,382.56,382.7,382.15,382.39,45401
2026-07-17 10:19:00,382.4499,382.4499,381.72,381.87,72245
2026-07-17 10:20:00,381.93,382.42,381.6,381.66,55101
2026-07-17 10:21:00,381.61,382.25,381.3,382.2,65816
2026-07-17 10:22:00,382.17,382.34,381.82,382.2499,50113
2026-07-17 10:23:00,382.25,382.6699,381.61,381.61,37163
2026-07-17 10:24:00,381.68,382.3599,381.61,382.1817,32165
2026-07-17 10:25:00,382.185,382.34,381.84,382,32861
2026-07-17 10:26:00,381.95,382,381.62,381.78,47799
2026-07-17 10:27:00,381.7,381.99,381.3,381.645,43833
2026-07-17 10:28:00,381.65,381.6599,381.14,381.315,42554
2026-07-17 10:29:00,381.39,381.4,380.92,380.95,70499
2026-07-17 10:30:00,380.986,381.2,380.27,380.545,102365
2026-07-17 10:31:00,380.545,380.69,379.67,379.8199,109440
2026-07-17 10:32:00,379.82,379.82,378.83,379.0067,122765
2026-07-17 10:33:00,379.08,379.49,378.51,379.17,101966
2026-07-17 10:34:00,379.145,380.59,379.145,380.045,69345
2026-07-17 10:35:00,380.09,381,379.9601,380.95,57884
2026-07-17 10:36:00,380.97,381.57,380.86,380.98,97578
2026-07-17 10:37:00,380.85,381.07,380.455,380.7,71879
2026-07-17 10:38:00,380.7091,381.3699,380.68,381.16,57810
2026-07-17 10:39:00,381.16,381.94,381.1432,381.895,89876
2026-07-17 10:40:00,381.73,381.9042,381.29,381.4599,44105
2026-07-17 10:41:00,381.37,381.5999,381.03,381.28,47131
2026-07-17 10:42:00,381.25,381.4899,380.8401,380.99,43914
2026-07-17 10:43:00,380.92,381.0499,380.04,380.0991,58778
2026-07-17 10:44:00,380.115,380.48,380.03,380.115,46384
2026-07-17 10:45:00,380.11,380.27,379.54,379.83,83306
2026-07-17 10:46:00,379.8,379.8,378.69,379.19,109261
2026-07-17 10:47:00,379.218,380.2682,379.1,379.97,60966
2026-07-17 10:48:00,379.97,380.01,379.14,379.35,72171
2026-07-17 10:49:00,379.42,379.42,379.14,379.2,34196
2026-07-17 10:50:00,379.195,379.61,378.81,379.4348,54131
2026-07-17 10:51:00,379.38,379.46,378.8,378.915,81720
2026-07-17 10:52:00,378.835,380.025,378.835,379.695,43618
2026-07-17 10:53:00,379.695,379.8999,379.62,379.7005,37831
2026-07-17 10:54:00,379.73,380.18,379.7,380.0266,76892
2026-07-17 10:55:00,380.0821,380.94,379.91,380.77,58678
2026-07-17 10:56:00,380.76,380.9,380.36,380.49,128360
2026-07-17 10:57:00,380.49,380.87,380.37,380.52,66161
2026-07-17 10:58:00,380.5999,380.67,379.8501,379.98,73433
2026-07-17 10:59:00,379.88,380.33,379.88,380.21,37016
2026-07-17 11:00:00,380.2,380.41,380,380.055,66718
2026-07-17 11:01:00,380.055,380.27,379.8,380.18,38724
2026-07-17 11:02:00,380.18,380.76,379.8901,380.58,68182
2026-07-17 11:03:00,380.58,380.68,380.14,380.31,45473
2026-07-17 11:04:00,380.33,380.41,380.03,380.19,30345
2026-07-17 11:05:00,380.18,380.42,379.93,379.99,33704
2026-07-17 11:06:00,379.921,380.05,379.68,379.95,58529
2026-07-17 11:07:00,379.935,380.14,379.3617,379.58,43420
2026-07-17 11:08:00,379.69,380.06,379.6445,379.955,24157
2026-07-17 11:09:00,379.9451,380.23,379.77,380.09,37135
2026-07-17 11:10:00,380.07,380.25,379.42,379.55,55211
2026-07-17 11:11:00,379.59,379.76,379.38,379.44,48560
2026-07-17 11:12:00,379.43,380.22,379.3905,380.08,41486
2026-07-17 11:13:00,380.08,380.15,379.68,379.8,39991
2026-07-17 11:14:00,379.82,380.04,379.7005,379.93,23521
2026-07-17 11:15:00,379.92,380.06,379.78,379.925,24024
2026-07-17 11:16:00,379.925,380.16,379.57,379.755,55244
2026-07-17 11:17:00,379.755,380.07,379.58,380.01,38483
2026-07-17 11:18:00,380,380.3552,379.88,380.2,35521
2026-07-17 11:19:00,380.205,380.85,380.1401,380.37,46203
2026-07-17 11:20:00,380.39,380.57,379.97,380.38,39709
2026-07-17 11:21:00,380.35,380.45,380,380.335,33166
2026-07-17 11:22:00,380.3,380.5,379.92,380.17,37883
2026-07-17 11:23:00,380.23,380.33,379.4201,379.51,44319
2026-07-17 11:24:00,379.45,379.63,379.01,379.565,47273
2026-07-17 11:25:00,379.565,379.9,379.47,379.9,41877
2026-07-17 11:26:00,379.85,380.08,379.71,379.98,33581
2026-07-17 11:27:00,380.01,380.37,379.94,380.24,51377
2026-07-17 11:28:00,380.17,380.5787,380.08,380.37,33054
2026-07-17 11:29:00,380.385,380.88,380.32,380.6501,55849
2026-07-17 11:30:00,380.6999,381.4,380.53,381.325,59798
2026-07-17 11:31:00,381.35,381.47,381.04,381.0901,54946
2026-07-17 11:32:00,381.09,381.23,380.27,380.97,67437
2026-07-17 11:33:00,381.015,381.2,380.58,380.58,36440
2026-07-17 11:34:00,380.5,380.57,379.49,379.575,83448
2026-07-17 11:35:00,379.575,379.575,378.78,379.26,99132
2026-07-17 11:36:00,379.18,380.15,379.13,380.01,84096
2026-07-17 11:37:00,379.99,380.71,379.8801,380.61,77281
2026-07-17 11:38:00,380.61,381.07,380.36,381.02,56785
2026-07-17 11:39:00,381.02,381.2328,380.7,380.875,36265
2026-07-17 11:40:00,380.88,381.18,380.69,380.695,40422
2026-07-17 11:41:00,380.7399,380.7399,379.87,380.1,45312
2026-07-17 11:42:00,380.125,380.315,379.8,380.16,49433
2026-07-17 11:43:00,380.07,380.3,379.68,379.86,51264
2026-07-17 11:44:00,379.905,380.36,379.67,380.01,47437
2026-07-17 11:45:00,380.02,380.198,379.53,379.65,37560
2026-07-17 11:46:00,379.58,380.36,379.51,380.345,68541
2026-07-17 11:47:00,380.43,380.75,380.26,380.67,36299
2026-07-17 11:48:00,380.64,380.7199,380.21,380.49,27892
2026-07-17 11:49:00,380.445,380.68,380.28,380.625,44773
2026-07-17 11:50:00,380.56,381.16,380.44,380.735,50376
2026-07-17 11:51:00,380.8099,381.2199,380.65,381.02,35249
2026-07-17 11:52:00,381.09,381.84,381.03,381.84,62532
2026-07-17 11:53:00,381.81,382.0799,381.73,381.795,85900
2026-07-17 11:54:00,381.85,382.03,381.5306,381.74,55761
2026-07-17 11:55:00,381.74,382.44,381.7,382.4333,62230
2026-07-17 11:56:00,382.39,382.9,382.345,382.38,64635
2026-07-17 11:57:00,382.3671,382.395,382.01,382.085,63234
2026-07-17 11:58:00,382.105,382.46,382.05,382.32,40759
2026-07-17 11:59:00,382.36,382.56,382.24,382.464,52632
2026-07-17 12:00:00,382.49,383.1,382.49,382.88,116725
2026-07-17 12:01:00,382.8654,382.97,381.5,381.8301,149235
2026-07-17 12:02:00,381.915,382.6999,381.81,382.175,39312
2026-07-17 12:03:00,382.12,382.595,381.75,382.2201,32321
2026-07-17 12:04:00,382.315,382.3437,381.9,382.185,32610
2026-07-17 12:05:00,382.185,382.55,382,382.275,60951
2026-07-17 12:06:00,382.28,382.6601,382.21,382.6601,71760
2026-07-17 12:07:00,382.62,382.96,382.25,382.34,59299
2026-07-17 12:08:00,382.34,382.71,382.21,382.66,53537
2026-07-17 12:09:00,382.67,383.215,382.56,383.11,60682
2026-07-17 12:10:00,383.115,384,383.04,383.63,108486
2026-07-17 12:11:00,383.67,383.809,383.26,383.37,56084
2026-07-17 12:12:00,383.27,383.66,382.98,383.6,55495
2026-07-17 12:13:00,383.6,383.71,383.4,383.55,30701
2026-07-17 12:14:00,383.55,384.06,383.54,383.96,98579
2026-07-17 12:15:00,383.95,384.02,383.51,383.85,38892
2026-07-17 12:16:00,383.91,384.24,383.78,383.78,51153
2026-07-17 12:17:00,383.81,384.2,383.6601,384.05,56930
2026-07-17 12:18:00,384.08,384.125,383.68,383.7683,49301
2026-07-17 12:19:00,383.7601,383.99,383.63,383.7,28851
2026-07-17 12:20:00,383.7,383.88,383.6,383.675,46190
2026-07-17 12:21:00,383.685,383.685,383.03,383.06,49362
2026-07-17 12:22:00,383.06,383.429,382.9,382.9,50502
2026-07-17 12:23:00,382.89,382.89,382.25,382.425,62960
2026-07-17 12:24:00,382.42,382.73,382.01,382.215,39550
2026-07-17 12:25:00,382.1905,383.03,381.975,382.89,102491
2026-07-17 12:26:00,382.94,382.94,382.6,382.74,36138
2026-07-17 12:27:00,382.76,383.5899,382.611,383.3435,56383
2026-07-17 12:28:00,383.305,383.37,383.07,383.145,22030
2026-07-17 12:29:00,383.09,383.215,382.5,382.55,31158
2026-07-17 12:30:00,382.56,382.81,382.16,382.295,41553
2026-07-17 12:31:00,382.295,383.0399,382.24,382.94,22658
2026-07-17 12:32:00,382.95,383.13,382.76,383.01,31308
2026-07-17 12:33:00,383.06,383.3,382.82,382.98,28268
2026-07-17 12:34:00,382.98,383.1,382.81,382.855,35832
2026-07-17 12:35:00,382.9099,383.38,382.87,383.07,30913
2026-07-17 12:36:00,383.05,383.695,383.04,383.59,40550
2026-07-17 12:37:00,383.7099,383.7099,383.18,383.24,28065
2026-07-17 12:38:00,383.2268,383.71,383.18,383.66,23111
2026-07-17 12:39:00,383.62,383.96,383.53,383.645,29490
2026-07-17 12:40:00,383.665,383.8,383.1,383.33,27585
2026-07-17 12:41:00,383.29,383.64,383.26,383.42,22602
2026-07-17 12:42:00,383.5,383.86,383.4001,383.8,24464
2026-07-17 12:43:00,383.825,384.1,383.8,384.03,40227
2026-07-17 12:44:00,384.02,384.02,383.7502,384.02,22034
2026-07-17 12:45:00,384.01,384.4,384,384.1,57669
2026-07-17 12:46:00,384.1,384.3,384,384.01,29453
2026-07-17 12:47:00,384.045,384.7,383.94,384.5501,54270
2026-07-17 12:48:00,384.56,385.1699,384.5001,384.99,83380
2026-07-17 12:49:00,385,385.125,384.66,384.7225,62475
2026-07-17 12:50:00,384.75,384.8,384.46,384.585,39075
2026-07-17 12:51:00,384.63,385.0599,384.56,385.015,38863
2026-07-17 12:52:00,385.025,385.22,384.71,384.82,50394
2026-07-17 12:53:00,384.82,384.872,384.14,384.21,53768
2026-07-17 12:54:00,384.24,384.36,383.8523,384.29,42460
2026-07-17 12:55:00,384.29,384.7,384.1557,384.1557,40782
2026-07-17 12:56:00,384.1408,384.3,383.99,384.275,54539
2026-07-17 12:57:00,384.26,384.2699,383.98,384.03,24901
2026-07-17 12:58:00,384.0351,384.1899,383.93,384.1212,48903
2026-07-17 12:59:00,384.07,384.23,384.03,384.06,21622
2026-07-17 13:00:00,384.105,384.64,384.105,384.55,33593
2026-07-17 13:01:00,384.61,385.07,384.51,384.79,53808
2026-07-17 13:02:00,384.78,384.89,384.52,384.825,29577
2026-07-17 13:03:00,384.8798,385.2493,384.83,385.06,31933
2026-07-17 13:04:00,385.051,385.1499,384.82,385.045,24603
2026-07-17 13:05:00,385.01,385.13,384.9,385.02,32612
2026-07-17 13:06:00,384.98,385.22,384.86,385.17,57257
2026-07-17 13:07:00,385.165,385.2,384.95,385.0701,38643
2026-07-17 13:08:00,385.0524,385.47,385.0524,385.37,81873
2026-07-17 13:09:00,385.37,385.4495,385.15,385.19,34062
2026-07-17 13:10:00,385.195,385.52,385.19,385.34,44158
2026-07-17 13:11:00,385.3101,385.6899,385.3101,385.415,46845
2026-07-17 13:12:00,385.37,385.605,385.37,385.42,38577
2026-07-17 13:13:00,385.43,385.52,385.2,385.4,37618
2026-07-17 13:14:00,385.4,385.4399,385.03,385.055,29596
2026-07-17 13:15:00,385.055,385.18,384.93,385.015,46984
2026-07-17 13:16:00,385.005,385.14,384.72,384.9899,30356
2026-07-17 13:17:00,384.88,385.09,384.83,384.83,28689
2026-07-17 13:18:00,384.88,384.99,384.53,384.605,28450
2026-07-17 13:19:00,384.64,384.72,384.1801,384.37,53673
2026-07-17 13:20:00,384.36,384.42,384.13,384.32,19609
2026-07-17 13:21:00,384.33,384.45,384.15,384.16,30121
2026-07-17 13:22:00,384.22,384.57,384.19,384.535,40667
2026-07-17 13:23:00,384.57,384.65,384.35,384.41,28599
2026-07-17 13:24:00,384.445,385.2,384.3608,384.57,103278
2026-07-17 13:25:00,384.585,384.7299,384.41,384.5,13561
2026-07-17 13:26:00,384.485,384.89,384.44,384.58,31959
2026-07-17 13:27:00,384.59,384.6599,384.3,384.455,30361
2026-07-17 13:28:00,384.46,384.779,384.46,384.515,17705
2026-07-17 13:29:00,384.52,384.6353,384.39,384.53,17800
2026-07-17 13:30:00,384.47,384.7746,384.39,384.7746,32336
2026-07-17 13:31:00,384.705,384.76,384.53,384.58,17792
2026-07-17 13:32:00,384.6,384.72,384.4017,384.445,17854
2026-07-17 13:33:00,384.525,384.5419,384.05,384.31,40045
2026-07-17 13:34:00,384.2703,384.415,383.9,384.17,54847
2026-07-17 13:35:00,384.145,384.21,383.64,383.92,44177
2026-07-17 13:36:00,383.96,384.05,383.54,383.59,43576
2026-07-17 13:37:00,383.6213,383.819,383.56,383.73,20043
2026-07-17 13:38:00,383.7004,383.75,383.28,383.41,51040
2026-07-17 13:39:00,383.45,383.53,382.75,383.105,74025
2026-07-17 13:40:00,383.09,383.23,382.7501,382.79,26238
2026-07-17 13:41:00,382.758,383,382.58,382.85,49382
2026-07-17 13:42:00,382.855,383.15,382.85,382.89,27913
2026-07-17 13:43:00,382.89,383.17,382.84,383.01,28638
2026-07-17 13:44:00,383.04,383.0914,382.86,383.04,20880
2026-07-17 13:45:00,382.95,383.276,382.81,383.18,36206
2026-07-17 13:46:00,383.18,383.195,382.6301,382.66,42050
2026-07-17 13:47:00,382.709,382.709,382.29,382.57,38730
2026-07-17 13:48:00,382.5951,382.84,382.58,382.695,24136
2026-07-17 13:49:00,382.695,382.98,382.6,382.81,23321
2026-07-17 13:50:00,382.89,382.89,382.18,382.235,46232
2026-07-17 13:51:00,382.235,382.7,382.16,382.38,47858
2026-07-17 13:52:00,382.38,382.48,382.2,382.305,22170
2026-07-17 13:53:00,382.34,382.34,381.91,382.1301,59979
2026-07-17 13:54:00,382.14,382.42,382.1001,382.15,36121
2026-07-17 13:55:00,382.1899,382.19,381.8,382.1319,36747
2026-07-17 13:56:00,382.19,382.33,382.05,382.2,22583
2026-07-17 13:57:00,382.22,382.4,382.06,382.375,27316
2026-07-17 13:58:00,382.375,382.38,382.12,382.335,40881
2026-07-17 13:59:00,382.28,382.4499,382.22,382.4,30365
2026-07-17 14:00:00,382.41,382.49,382.08,382.17,30879
2026-07-17 14:01:00,382.14,382.53,381.74,381.805,71724
2026-07-17 14:02:00,381.805,382.192,381.75,382.16,51049
2026-07-17 14:03:00,382.135,382.6,382.08,382.555,36144
2026-07-17 14:04:00,382.575,382.8066,382.27,382.36,44098
2026-07-17 14:05:00,382.3,382.45,382.2,382.31,17772
2026-07-17 14:06:00,382.35,382.35,381.84,381.89,66850
2026-07-17 14:07:00,381.89,382.49,381.81,382.43,39734
2026-07-17 14:08:00,382.405,382.56,382.05,382.16,41717
2026-07-17 14:09:00,382.1753,382.2599,382.07,382.2,22738
2026-07-17 14:10:00,382.2,382.37,382,382.095,27210
2026-07-17 14:11:00,382.1265,382.1736,381.91,382.01,25634
2026-07-17 14:12:00,382.01,382.149,381.92,381.97,24584
2026-07-17 14:13:00,382.01,382.3,381.92,382.065,20612
2026-07-17 14:14:00,382.06,382.13,381.7,381.85,35353
2026-07-17 14:15:00,381.85,381.97,381.5,381.69,38157
2026-07-17 14:16:00,381.73,381.76,381.5,381.56,35276
2026-07-17 14:17:00,381.54,381.8746,381.46,381.62,36324
2026-07-17 14:18:00,381.69,381.85,381.6401,381.83,19268
2026-07-17 14:19:00,381.83,381.97,381.6,381.785,28575
2026-07-17 14:20:00,381.785,381.8299,381.5,381.69,29841
2026-07-17 14:21:00,381.705,381.81,381.3,381.51,57893
2026-07-17 14:22:00,381.56,381.83,381.56,381.83,16472
2026-07-17 14:23:00,381.79,381.96,381.66,381.775,28333
2026-07-17 14:24:00,381.82,381.82,381.33,381.55,34656
2026-07-17 14:25:00,381.595,381.595,381.245,381.365,29628
2026-07-17 14:26:00,381.39,381.54,381.31,381.46,34708
2026-07-17 14:27:00,381.425,381.75,381.35,381.56,36445
2026-07-17 14:28:00,381.56,381.67,381.45,381.6,24860
2026-07-17 14:29:00,381.6,381.75,381.595,381.65,19764
2026-07-17 14:30:00,381.65,382.24,381.595,381.745,53944
2026-07-17 14:31:00,381.75,382.045,381.57,381.595,25884
2026-07-17 14:32:00,381.57,381.74,381.44,381.47,25723
2026-07-17 14:33:00,381.48,381.649,381.31,381.36,24950
2026-07-17 14:34:00,381.3501,381.6,381.31,381.54,34868
2026-07-17 14:35:00,381.53,381.62,381.355,381.405,16947
2026-07-17 14:36:00,381.405,381.6,381.37,381.435,14568
2026-07-17 14:37:00,381.4,381.4,381.085,381.165,45948
2026-07-17 14:38:00,381.14,381.45,381.09,381.34,17329
2026-07-17 14:39:00,381.32,381.35,381,381.12,31209
2026-07-17 14:40:00,381.1,381.145,380.81,380.825,31241
2026-07-17 14:41:00,380.83,380.8999,380.73,380.7301,25173
2026-07-17 14:42:00,380.77,380.8899,380.59,380.665,43635
2026-07-17 14:43:00,380.71,380.78,380.61,380.685,29943
2026-07-17 14:44:00,380.65,380.795,380.6,380.71,19426
2026-07-17 14:45:00,380.7,380.98,380.58,380.84,25414
2026-07-17 14:46:00,380.84,381.11,380.67,381.06,23053
2026-07-17 14:47:00,381.0999,381.389,381,381.375,36306
2026-07-17 14:48:00,381.375,381.6,381.33,381.555,33322
2026-07-17 14:49:00,381.53,381.6506,381.32,381.39,33066
2026-07-17 14:50:00,381.409,381.4399,381.1,381.335,29786
2026-07-17 14:51:00,381.292,381.45,381.2511,381.3,13251
2026-07-17 14:52:00,381.29,381.489,381.2001,381.38,22204
2026-07-17 14:53:00,381.44,381.77,381.44,381.63,40846
2026-07-17 14:54:00,381.64,382,381.57,381.9899,31808
2026-07-17 14:55:00,381.935,382.09,381.82,381.935,53258
2026-07-17 14:56:00,381.9,381.96,381.76,381.76,17055
2026-07-17 14:57:00,381.83,382.02,381.6501,381.87,18029
2026-07-17 14:58:00,381.85,381.99,381.7713,381.8,19866
2026-07-17 14:59:00,381.805,381.95,381.75,381.75,18857
2026-07-17 15:00:00,381.74,381.8699,381.52,381.53,32875
2026-07-17 15:01:00,381.56,381.62,381.29,381.46,43111
2026-07-17 15:02:00,381.43,381.5499,381.31,381.36,34390
2026-07-17 15:03:00,381.39,381.47,381.21,381.43,18304
2026-07-17 15:04:00,381.43,381.56,381.28,381.5,17488
2026-07-17 15:05:00,381.579,381.7299,381.5,381.7,22229
2026-07-17 15:06:00,381.71,381.87,381.59,381.67,19507
2026-07-17 15:07:00,381.72,381.78,381.51,381.64,17227
2026-07-17 15:08:00,381.6,381.71,381.45,381.45,31673
2026-07-17 15:09:00,381.54,381.65,381.42,381.575,18003
2026-07-17 15:10:00,381.59,381.61,381.42,381.45,22744
2026-07-17 15:11:00,381.465,381.499,381.32,381.39,37226
2026-07-17 15:12:00,381.38,381.43,381.19,381.24,33146
2026-07-17 15:13:00,381.23,381.399,381,381.02,30239
2026-07-17 15:14:00,381.0799,381.18,380.9,381.085,24338
2026-07-17 15:15:00,381.06,381.21,380.97,381.17,23022
2026-07-17 15:16:00,381.145,381.45,381.07,381.25,23247
2026-07-17 15:17:00,381.3,381.4082,381.095,381.35,17125
2026-07-17 15:18:00,381.25,381.59,381.23,381.375,34004
2026-07-17 15:19:00,381.37,381.83,381.37,381.7199,30690
2026-07-17 15:20:00,381.66,381.6605,381.4,381.55,15717
2026-07-17 15:21:00,381.5,381.55,381.37,381.465,20860
2026-07-17 15:22:00,381.5,381.605,381.36,381.59,22313
2026-07-17 15:23:00,381.61,381.7399,381.46,381.61,11982
2026-07-17 15:24:00,381.61,381.74,381.48,381.53,28657
2026-07-17 15:25:00,381.525,381.5599,381.32,381.39,24701
2026-07-17 15:26:00,381.39,381.51,381.15,381.33,26150
2026-07-17 15:27:00,381.39,381.8,381.315,381.665,31717
2026-07-17 15:28:00,381.7,382.32,381.7,382.25,58037
2026-07-17 15:29:00,382.27,382.5,382.255,382.455,57593
2026-07-17 15:30:00,382.5,383.21,382.5,382.8,89981
2026-07-17 15:31:00,382.77,382.89,382.49,382.79,49560
2026-07-17 15:32:00,382.78,382.82,382.47,382.615,39294
2026-07-17 15:33:00,382.63,382.64,382.21,382.33,48422
2026-07-17 15:34:00,382.33,382.41,382.05,382.12,40515
2026-07-17 15:35:00,382.07,382.24,381.95,382.02,39729
2026-07-17 15:36:00,382.02,382.12,381.82,382.04,25758
2026-07-17 15:37:00,382.02,382.2312,381.96,382.2,26804
2026-07-17 15:38:00,382.15,382.1999,381.83,381.86,27188
2026-07-17 15:39:00,381.85,381.91,381.69,381.83,28828
2026-07-17 15:40:00,381.89,381.95,381.6,381.91,50552
2026-07-17 15:41:00,381.91,382.04,381.7811,381.9576,33671
2026-07-17 15:42:00,381.87,381.92,381.35,381.52,51894
2026-07-17 15:43:00,381.52,381.6499,381.38,381.52,24617
2026-07-17 15:44:00,381.52,381.66,381.41,381.48,29609
2026-07-17 15:45:00,381.48,381.8999,381.35,381.74,47718
2026-07-17 15:46:00,381.83,381.89,381.52,381.69,31483
2026-07-17 15:47:00,381.73,381.9,381.59,381.74,26604
2026-07-17 15:48:00,381.8,382,381.68,381.85,29709
2026-07-17 15:49:00,381.88,382.02,381.72,381.83,53207
2026-07-17 15:50:00,381.85,382.04,381.2605,381.325,60628
2026-07-17 15:51:00,381.34,382.04,381.31,381.94,58950
2026-07-17 15:52:00,382.01,382.09,381.75,381.82,66702
2026-07-17 15:53:00,381.77,381.81,381.1001,381.54,76723
2026-07-17 15:54:00,381.51,381.55,380.89,381.27,98180
2026-07-17 15:55:00,381.4,381.87,381.4,381.715,90847
2026-07-17 15:56:00,381.74,381.91,381.62,381.6975,80534
2026-07-17 15:57:00,381.7,381.78,381.46,381.54,96892
2026-07-17 15:58:00,381.54,381.65,381.37,381.4,147575
2026-07-17 15:59:00,381.38,381.39,380.68,380.84,440669
2026-07-17 16:00:00,380.84,381,380.08,380.09,2008896
2026-07-17 16:01:00,380.46,380.53,380.02,380.21,3608
2026-07-17 16:02:00,380.415,380.4668,380.235,380.25,6486
2026-07-17 16:03:00,380.27,380.27,379.9,380,15600
2026-07-17 16:04:00,379.84,380.03,379.83,379.9985,4073
2026-07-17 16:05:00,379.9927,379.9927,379.8,379.82,9432
2026-07-17 16:06:00,379.86,379.9,379.81,379.9,3490
2026-07-17 16:07:00,379.8364,379.9,379.8364,379.9,1090
2026-07-17 16:08:00,379.9,379.9,379.86,379.86,4857
2026-07-17 16:09:00,379.89,379.9,379.86,379.892,1612
2026-07-17 16:10:00,379.9,379.9,379.85,379.85,966
2026-07-17 16:11:00,379.8999,379.9,379.85,379.85,1263
2026-07-17 16:12:00,379.86,379.9,379.8495,379.89,2978
2026-07-17 16:13:00,379.86,379.89,379.8,379.8,1581
2026-07-17 16:14:00,379.85,379.89,379.81,379.85,2523
2026-07-17 16:15:00,379.82,379.89,379.81,379.81,1174
2026-07-17 16:16:00,379.85,379.89,379.78,379.8,2632
2026-07-17 16:17:00,379.74,379.89,379.74,379.89,771
2026-07-17 16:18:00,379.8,379.89,379.8,379.89,4527
2026-07-17 16:19:00,379.89,380.34,379.8816,380.3169,3026
2026-07-17 16:20:00,380.32,380.32,380,380.16,430
2026-07-17 16:21:00,380.0423,380.16,379.96,379.96,604
2026-07-17 16:22:00,379.95,379.95,379.86,379.86,312
2026-07-17 16:23:00,379.88,379.9335,379.85,379.9335,766
2026-07-17 16:24:00,379.9,379.95,379.9,379.9483,385
2026-07-17 16:25:00,379.95,379.95,379.8928,379.91,591
2026-07-17 16:26:00,379.92,379.95,379.87,379.87,1356
2026-07-17 16:27:00,379.87,379.9876,379.86,379.9876,1138
2026-07-17 16:28:00,380,380.01,379.92,380.01,794
2026-07-17 16:29:00,380.01,380.01,379.91,380,474
2026-07-17 16:30:00,380,380,379.84,379.91,629
2026-07-17 16:31:00,379.91,379.91,379.8,379.8,4134
2026-07-17 16:32:00,379.91,380.84,379.89,379.91,2664
2026-07-17 16:33:00,379.91,379.91,379.9,379.9,3636
2026-07-17 16:34:00,379.88,379.91,379.85,379.9,1988
2026-07-17 16:35:00,379.9,379.91,379.85,379.8503,3475
2026-07-17 16:36:00,379.87,379.87,379.85,379.86,330
2026-07-17 16:37:00,379.88,379.89,379.85,379.86,1755
2026-07-17 16:38:00,379.88,379.91,379.86,379.88,1538
2026-07-17 16:39:00,379.8558,379.88,379.81,379.88,1898
2026-07-17 16:40:00,379.88,379.88,379.87,379.88,947
2026-07-17 16:41:00,379.8798,379.9,379.87,379.88,2029
2026-07-17 16:42:00,379.87,379.88,379.87,379.88,2358
2026-07-17 16:43:00,379.88,379.88,379.87,379.88,1290
2026-07-17 16:44:00,379.88,379.88,379.87,379.87,1059
2026-07-17 16:45:00,379.88,379.88,379.85,379.879,4167
2026-07-17 16:46:00,379.85,380,379.85,380,1235
2026-07-17 16:47:00,379.88,379.97,379.88,379.97,850
2026-07-17 16:48:00,379.98,379.98,379.98,379.98,141
2026-07-17 16:49:00,379.99,380,379.91,379.91,1326
2026-07-17 16:50:00,380.0786,380.0786,380.0786,380.0786,50
2026-07-17 16:51:00,380.05,380.05,380.03,380.03,128
2026-07-17 16:52:00,380.03,380.03,380,380,141
2026-07-17 16:53:00,380,380,379.9,379.9279,268
2026-07-17 16:54:00,380.03,380.08,380.03,380.08,868
2026-07-17 16:55:00,380.15,380.15,380.1481,380.1481,154
2026-07-17 16:56:00,380.01,380.16,380,380.0014,1019
2026-07-17 16:57:00,380.15,380.25,380.105,380.105,242
2026-07-17 16:58:00,380.25,380.29,380.25,380.29,390
2026-07-17 16:59:00,380.2,380.2,380.2,380.2,249
2026-07-17 17:00:00,380.24,380.24,379.9,379.9,4529
2026-07-17 17:01:00,379.94,379.9485,379.88,379.88,2794
2026-07-17 17:02:00,379.9,379.93,379.8676,379.93,1121
2026-07-17 17:03:00,379.91,379.9254,379.91,379.9254,200
2026-07-17 17:04:00,379.93,379.93,379.9,379.9,1597
2026-07-17 17:05:00,379.93,379.93,379.93,379.93,158
2026-07-17 17:06:00,379.9,379.9,379.9,379.9,100
2026-07-17 17:07:00,379.93,379.93,379.89,379.89,429
2026-07-17 17:08:00,379.95,379.95,379.9077,379.95,313
2026-07-17 17:09:00,379.95,379.95,379.95,379.95,384
2026-07-17 17:10:00,379.94,379.94,379.94,379.94,100
2026-07-17 17:11:00,379.9246,379.98,379.9246,379.98,708
2026-07-17 17:12:00,379.93,379.98,379.93,379.98,933
2026-07-17 17:13:00,380.1,380.1,380,380.1,900
2026-07-17 17:14:00,380.08,380.08,380,380,265
2026-07-17 17:15:00,380,380,379.98,379.98,372
2026-07-17 17:16:00,379.93,379.9992,379.92,379.92,981
2026-07-17 17:17:00,379.98,380.0056,379.98,380.0056,249
2026-07-17 17:18:00,379.9996,380,379.9996,380,179
2026-07-17 17:19:00,379.9954,379.9954,379.97,379.97,160
2026-07-17 17:20:00,380,380,380,380,80
2026-07-17 17:21:00,380,380,379.9983,380,241
2026-07-17 17:22:00,380.0399,380.05,380.0399,380.05,250
2026-07-17 17:23:00,380.03,380.03,380.0001,380.03,350
2026-07-17 17:24:00,380,380.08,380,380.08,1020
2026-07-17 17:25:00,380.08,380.08,380.08,380.08,727
2026-07-17 17:26:00,380.08,380.08,380.0785,380.0799,1011
2026-07-17 17:27:00,380.03,380.03,380,380,500
2026-07-17 17:28:00,379.98,379.98,379.875,379.9,1970
2026-07-17 17:29:00,380.02,380.0799,379.99,380,897
2026-07-17 17:30:00,380,380,380,380,87
2026-07-17 17:31:00,380.0108,380.0108,380.0108,380.0108,100
2026-07-17 17:32:00,380.02,380.02,380,380,178
2026-07-17 17:33:00,380.0015,380.02,379.9165,379.9165,983
2026-07-17 17:34:00,379.98,380.02,379.98,379.98,577
2026-07-17 17:36:00,380,380,380,380,100
2026-07-17 17:37:00,380.0002,380.0031,380,380.0031,942
2026-07-17 17:38:00,380.0001,380.02,379.9238,380.02,4731
2026-07-17 17:39:00,380.01,380.0498,379.9201,379.97,1474
2026-07-17 17:40:00,379.9414,379.97,379.91,379.93,574
2026-07-17 17:41:00,379.9814,379.9814,379.9,379.9,706
2026-07-17 17:42:00,379.9,379.98,379.86,379.9306,1155
2026-07-17 17:43:00,379.93,379.97,379.8,379.97,2392
2026-07-17 17:44:00,379.9815,379.9815,379.85,379.85,574
2026-07-17 17:45:00,379.86,379.86,379.86,379.86,100
2026-07-17 17:46:00,379.9,379.9495,379.9,379.9495,256
2026-07-17 17:47:00,379.95,379.95,379.8976,379.8976,320
2026-07-17 17:48:00,379.9,380,379.9,379.994,1579
2026-07-17 17:49:00,380,380,380,380,114
2026-07-17 17:50:00,379.95,380,379.9499,379.95,428
2026-07-17 17:51:00,379.94,379.99,379.88,379.88,1200
2026-07-17 17:52:00,379.92,379.92,379.9,379.9054,211
2026-07-17 17:53:00,379.89,379.89,379.89,379.89,78
2026-07-17 17:54:00,379.91,379.9483,379.8999,379.8999,257
2026-07-17 17:55:00,379.88,379.88,379.85,379.85,389
2026-07-17 17:56:00,379.83,379.83,379.81,379.8199,312
2026-07-17 17:57:00,379.8,379.8,379.75,379.7845,688
2026-07-17 17:58:00,379.7205,379.78,379.7205,379.78,404
2026-07-17 17:59:00,379.75,379.76,379.75,379.76,150
2026-07-17 18:00:00,379.79,379.79,379.79,379.79,59
2026-07-17 18:01:00,379.7881,379.7881,379.7881,379.7881,100
2026-07-17 18:02:00,379.7699,379.78,379.7601,379.7798,3620
2026-07-17 18:03:00,379.78,379.8,379.77,379.7901,2292
2026-07-17 18:04:00,379.7902,379.8003,379.7902,379.8003,126
2026-07-17 18:05:00,379.8,379.8,379.7903,379.8,637
2026-07-17 18:06:00,379.8,379.81,379.7956,379.81,531
2026-07-17 18:07:00,379.8002,379.81,379.8002,379.81,262
2026-07-17 18:08:00,379.8085,379.81,379.8085,379.81,548
2026-07-17 18:09:00,379.8006,379.8006,379.8006,379.8006,50
2026-07-17 18:10:00,379.9063,380,379.9063,379.9258,202
2026-07-17 18:11:00,379.93,379.93,379.91,379.915,469
2026-07-17 18:12:00,379.9215,379.9215,379.9215,379.9215,50
2026-07-17 18:13:00,379.9202,379.9202,379.9202,379.9202,50
2026-07-17 18:14:00,379.93,379.93,379.9201,379.9274,2400
2026-07-17 18:15:00,379.9275,379.9285,379.92,379.92,250
2026-07-17 18:16:00,379.9201,379.9223,379.9001,379.9223,2690
2026-07-17 18:17:00,379.9046,379.92,379.9046,379.92,550
2026-07-17 18:18:00,379.91,379.91,379.91,379.91,220
2026-07-17 18:19:00,379.9,379.9,379.9,379.9,426
2026-07-17 18:20:00,379.9,379.9,379.8423,379.8423,235
2026-07-17 18:21:00,379.8,379.8,379.8,379.8,1140
2026-07-17 18:22:00,379.9186,379.9199,379.91,379.91,450
2026-07-17 18:23:00,379.9084,379.92,379.86,379.86,1711
2026-07-17 18:24:00,379.8646,379.8646,379.8646,379.8646,50
2026-07-17 18:25:00,379.9,379.9,379.8,379.8,219
2026-07-17 18:26:00,379.9,379.9,379.9,379.9,75
2026-07-17 18:28:00,379.91,379.93,379.91,379.93,452
2026-07-17 18:30:00,379.91,379.91,379.91,379.91,100
2026-07-17 18:31:00,379.93,379.93,379.9,379.9,258
2026-07-17 18:32:00,379.9265,379.9265,379.9265,379.9265,100
2026-07-17 18:33:00,379.92,379.92,379.92,379.92,80
2026-07-17 18:34:00,379.9108,379.9108,379.9,379.9,371
2026-07-17 18:35:00,379.9,379.9,379.9,379.9,80
2026-07-17 18:36:00,379.9099,379.9099,379.9099,379.9099,100
2026-07-17 18:37:00,379.91,379.93,379.91,379.91,1718
2026-07-17 18:38:00,379.93,379.93,379.9101,379.93,1348
2026-07-17 18:39:00,379.92,379.93,379.92,379.93,567
2026-07-17 18:40:00,379.92,379.93,379.92,379.9299,557
2026-07-17 18:41:00,380,380.06,380,380.0503,1564
2026-07-17 18:42:00,380.0648,380.192,380.0648,380.192,200
2026-07-17 18:43:00,380.17,380.17,380.17,380.17,300
2026-07-17 18:44:00,380.2,380.2,380.19,380.2,719
2026-07-17 18:45:00,380.2,380.26,380.19,380.26,510
2026-07-17 18:46:00,380.2,380.25,380.2,380.25,2019
2026-07-17 18:47:00,380.23,380.26,380.2,380.2102,1276
2026-07-17 18:48:00,380.2393,380.3,380.2393,380.3,3311
2026-07-17 18:49:00,380.28,380.3287,380.28,380.3287,875
2026-07-17 18:50:00,380.3,380.3,380.3,380.3,50
2026-07-17 18:51:00,380.3,380.4418,380.26,380.4418,390
2026-07-17 18:52:00,380.3294,380.4658,380.3294,380.4658,316
2026-07-17 18:53:00,380.38,380.38,380.38,380.38,100
2026-07-17 18:54:00,380.3201,380.3277,380.3,380.32,717
2026-07-17 18:55:00,380.35,380.35,380.35,380.35,144
2026-07-17 18:56:00,380.26,380.27,380.09,380.09,444
2026-07-17 18:57:00,380.2502,380.2502,380.138,380.2499,1205
2026-07-17 18:58:00,380.2,380.2,380.1878,380.1878,345
2026-07-17 18:59:00,380.2,380.26,380.2,380.26,106
2026-07-17 19:00:00,380.19,380.23,380.19,380.2,221
2026-07-17 19:01:00,380.2288,380.2288,380.21,380.21,205
2026-07-17 19:02:00,380.17,380.18,380.17,380.18,178
2026-07-17 19:03:00,380.17,380.17,380.1005,380.1005,194
2026-07-17 19:04:00,380.15,380.15,380.13,380.13,230
2026-07-17 19:05:00,380.12,380.12,380.1099,380.1099,300
2026-07-17 19:06:00,380.1001,380.1001,380.1001,380.1001,146
2026-07-17 19:07:00,380.1,380.1,380.1,380.1,58
2026-07-17 19:08:00,380.0519,380.0519,380.0519,380.0519,100
2026-07-17 19:11:00,380.06,380.06,380.06,380.06,100
2026-07-17 19:12:00,380.11,380.11,380.11,380.11,200
2026-07-17 19:13:00,380.1077,380.15,380.1077,380.15,170
2026-07-17 19:14:00,380.11,380.15,380.11,380.15,508
2026-07-17 19:15:00,380.1077,380.1077,380.1077,380.1077,130
2026-07-17 19:16:00,380.1117,380.1117,380.1117,380.1117,133
2026-07-17 19:17:00,380.15,380.15,380.1302,380.1304,950
2026-07-17 19:18:00,380.1202,380.15,380.1202,380.1499,275
2026-07-17 19:19:00,380.15,380.15,380.15,380.15,174
2026-07-17 19:20:00,380.1498,380.15,380.14,380.14,568
2026-07-17 19:21:00,380.1498,380.15,380.14,380.1497,250
2026-07-17 19:22:00,380.1497,380.4,380.1497,380.4,1924
2026-07-17 19:25:00,380.2,380.2,380.2,380.2,92
2026-07-17 19:26:00,380.3102,380.3102,380.3102,380.3102,100
2026-07-17 19:27:00,380.35,380.35,380.25,380.2655,379
2026-07-17 19:28:00,380.35,380.35,380.15,380.28,470
2026-07-17 19:29:00,380.2657,380.3,380.18,380.2593,468
2026-07-17 19:30:00,380.3,380.3,380.1575,380.1575,300
2026-07-17 19:31:00,380.22,380.22,380.2,380.2,201
2026-07-17 19:32:00,380.1618,380.1618,380.16,380.16,200
2026-07-17 19:33:00,380.15,380.15,380.08,380.1,589
2026-07-17 19:34:00,380.2191,380.2256,380.1,380.11,456
2026-07-17 19:35:00,380.1,380.1,380.1,380.1,50
2026-07-17 19:36:00,380.0993,380.14,380.09,380.09,290
2026-07-17 19:37:00,380.12,380.14,380.12,380.14,150
2026-07-17 19:38:00,380.14,380.14,380.12,380.1204,598
2026-07-17 19:39:00,380.12,380.12,380.06,380.06,825
2026-07-17 19:40:00,380.0217,380.0217,380.0217,380.0217,140
2026-07-17 19:42:00,380.07,380.07,380.06,380.07,200
2026-07-17 19:43:00,380.03,380.06,380.03,380.05,340
2026-07-17 19:44:00,380.03,380.03,380,380,130
2026-07-17 19:46:00,380.03,380.03,380,380.01,1231
2026-07-17 19:47:00,380.01,380.015,380.01,380.0101,1214
2026-07-17 19:48:00,380.0198,380.02,380.0185,380.0199,350
2026-07-17 19:49:00,380.0185,380.02,380.0185,380.0199,139
2026-07-17 19:50:00,380.0198,380.0198,380.0198,380.0198,200
2026-07-17 19:51:00,380.01,380.02,380.01,380.0199,450
2026-07-17 19:53:00,380.0198,380.1,380.01,380.1,689
2026-07-17 19:54:00,380.09,380.11,380.0603,380.0603,750
2026-07-17 19:55:00,380.0606,380.1,380.0606,380.0994,1018
2026-07-17 19:56:00,380.08,380.1,380.08,380.1,847
2026-07-17 19:57:00,380.09,380.105,380.05,380.05,1268
2026-07-17 19:58:00,380.0676,380.0676,380.03,380.03,1041
2026-07-17 19:59:00,380.025,380.05,380.0102,380.0354,1291
2026-07-20 04:00:00,381.06,382.4754,379.31,381.26,20390
2026-07-20 04:01:00,381.91,382.38,379.34,379.97,29123
2026-07-20 04:02:00,379.54,382.05,379.38,381.75,13604
2026-07-20 04:03:00,381.8,381.8,381.8,381.8,191
2026-07-20 04:04:00,382,382.19,380,381.9794,1787
2026-07-20 04:05:00,379.76,381.89,379.76,380.42,800
2026-07-20 04:06:00,381.74,381.74,381.74,381.74,40
2026-07-20 04:07:00,381.66,381.66,381.66,381.66,42
2026-07-20 04:08:00,381.61,381.61,381.61,381.61,100
2026-07-20 04:09:00,381.73,381.82,381.73,381.82,1286
2026-07-20 04:11:00,381.78,381.95,381.78,381.95,643
2026-07-20 04:12:00,381.9,382,381.9,382,1126
2026-07-20 04:14:00,382.06,382.16,382.01,382.0335,524
2026-07-20 04:15:00,382.07,382.22,382.0102,382.22,1435
2026-07-20 04:16:00,382.39,382.39,382.39,382.39,120
2026-07-20 04:17:00,382.15,382.1763,382.01,382.1763,576
2026-07-20 04:18:00,382.1,382.1766,382.1,382.1766,144
2026-07-20 04:19:00,382.17,382.17,382.17,382.17,262
2026-07-20 04:20:00,382.3,382.3,382.03,382.13,1143
2026-07-20 04:21:00,382.0838,382.09,382,382,2826
2026-07-20 04:22:00,382.01,382.01,381.99,381.99,126
2026-07-20 04:23:00,381.99,382,381.99,382,272
2026-07-20 04:24:00,382,382,382,382,40
2026-07-20 04:25:00,382.14,382.14,382.13,382.13,250
2026-07-20 04:27:00,382.16,382.16,381.98,382.09,220
2026-07-20 04:28:00,382.13,382.13,382.13,382.13,125
2026-07-20 04:30:00,382.04,382.14,381.92,381.92,359
2026-07-20 04:31:00,381.8,381.8,381.72,381.79,1071
2026-07-20 04:32:00,381.78,381.78,381.5875,381.5875,427
2026-07-20 04:34:00,381.57,381.7116,381.57,381.6,239
2026-07-20 04:36:00,381.4,381.4,381.4,381.4,105
2026-07-20 04:37:00,381.38,381.45,381.37,381.45,336
2026-07-20 04:38:00,381.43,381.43,381.43,381.43,40
2026-07-20 04:39:00,381.43,381.44,381.27,381.3,1920
2026-07-20 04:40:00,381.02,381.2422,381.02,381.05,670
2026-07-20 04:41:00,381.24,381.27,381.06,381.0618,685
2026-07-20 04:42:00,381.1,381.11,380.8,380.8,2338
2026-07-20 04:44:00,380.8,380.8,380.8,380.8,47
2026-07-20 04:45:00,380.78,381.1,380.78,381.1,556
2026-07-20 04:47:00,381.11,381.11,381.11,381.11,54
2026-07-20 04:48:00,381.38,381.57,381.09,381.57,1946
2026-07-20 04:49:00,381.64,381.77,381.64,381.77,1580
2026-07-20 04:53:00,381.45,381.46,381.45,381.46,278
2026-07-20 04:55:00,381.4843,381.4843,381.415,381.415,83
2026-07-20 04:59:00,381.44,381.61,381.44,381.59,366
2026-07-20 05:00:00,381.6,381.6,381.6,381.6,100
2026-07-20 05:01:00,381.82,381.82,381.82,381.82,50
2026-07-20 05:02:00,381.85,381.85,381.84,381.84,381
2026-07-20 05:03:00,381.78,381.78,381.78,381.78,50
2026-07-20 05:05:00,381.51,381.51,381.3,381.5,341
2026-07-20 05:06:00,381.33,381.35,381.33,381.35,151
2026-07-20 05:08:00,381.4899,381.4899,381.4899,381.4899,2000
2026-07-20 05:09:00,381.3,381.3,381.24,381.24,180
2026-07-20 05:10:00,381.42,381.42,381.42,381.42,138
2026-07-20 05:11:00,381.37,381.37,381.37,381.37,50
2026-07-20 05:12:00,381.41,381.41,381.41,381.41,116
2026-07-20 05:13:00,381.53,381.53,381.5,381.5,520
2026-07-20 05:14:00,381.45,381.51,381.45,381.51,104
2026-07-20 05:15:00,381.5,381.55,381.5,381.55,418
2026-07-20 05:16:00,381.44,381.44,381.44,381.44,250
2026-07-20 05:17:00,381.77,381.81,381.77,381.81,139
2026-07-20 05:18:00,381.66,381.66,381.66,381.66,50
2026-07-20 05:19:00,381.68,381.68,381.68,381.68,50
2026-07-20 05:20:00,381.76,381.76,381.76,381.76,94
2026-07-20 05:21:00,381.77,381.968,381.76,381.968,864
2026-07-20 05:22:00,381.79,381.79,381.79,381.79,90
2026-07-20 05:23:00,381.81,381.83,381.81,381.83,249
2026-07-20 05:24:00,381.86,381.86,381.86,381.86,51
2026-07-20 05:25:00,381.85,381.85,381.85,381.85,50
2026-07-20 05:26:00,381.87,381.87,381.87,381.87,49
2026-07-20 05:27:00,381.97,381.97,381.97,381.97,213
2026-07-20 05:28:00,381.97,381.99,381.97,381.99,207
2026-07-20 05:29:00,381.97,382.01,381.97,381.99,451
2026-07-20 05:32:00,381.9784,381.9784,381.9784,381.9784,215
2026-07-20 05:33:00,381.97,381.97,381.93,381.93,506
2026-07-20 05:34:00,381.9,382.01,381.9,382,1962
2026-07-20 05:35:00,382.15,382.15,382.15,382.15,144
2026-07-20 05:36:00,382.11,382.13,382.11,382.13,425
2026-07-20 05:37:00,382.0004,382.11,382.0004,382.11,841
2026-07-20 05:38:00,382.1425,382.1425,382.1425,382.1425,50
2026-07-20 05:39:00,382.12,382.12,382.12,382.12,57
2026-07-20 05:40:00,382.1,382.1,382.1,382.1,98
2026-07-20 05:41:00,382.1,382.17,382.1,382.17,295
2026-07-20 05:42:00,382.23,382.285,382.19,382.19,320
2026-07-20 05:43:00,382.35,382.35,382.35,382.35,400
2026-07-20 05:45:00,382.25,382.25,382.24,382.24,99
2026-07-20 05:46:00,382.24,382.29,382.13,382.29,927
2026-07-20 05:48:00,382.21,382.22,382.21,382.22,100
2026-07-20 05:49:00,382.37,382.37,382.37,382.37,500
2026-07-20 05:50:00,382.29,382.48,382.29,382.37,841
2026-07-20 05:51:00,382.47,382.47,382.3942,382.46,471
2026-07-20 05:52:00,382.4331,382.51,382.4331,382.51,2353
2026-07-20 05:53:00,382.5,382.6344,382.5,382.5,345
2026-07-20 05:54:00,382.46,382.5,382.46,382.5,275
2026-07-20 05:55:00,382.48,382.49,382.37,382.37,804
2026-07-20 05:57:00,382.3,382.3,382.3,382.3,151
2026-07-20 05:58:00,382.3,382.3,382.3,382.3,40
2026-07-20 05:59:00,382.3,382.3,382.3,382.3,50
2026-07-20 06:00:00,382.33,382.33,382.33,382.33,174
2026-07-20 06:01:00,382.3919,382.3919,382.01,382.01,165
2026-07-20 06:03:00,382.3549,382.3549,382.25,382.25,102
2026-07-20 06:05:00,382.38,382.38,382,382,868
2026-07-20 06:06:00,382.16,382.16,382.12,382.12,110
2026-07-20 06:11:00,381.92,381.92,381.92,381.92,54
2026-07-20 06:14:00,381.92,381.92,381.92,381.92,45
2026-07-20 06:15:00,381.89,382.04,381.86,382.04,334
2026-07-20 06:17:00,381.9235,381.9235,381.9235,381.9235,100
2026-07-20 06:18:00,381.9237,382.01,381.9237,382,550
2026-07-20 06:19:00,381.92,381.92,381.8,381.85,245
2026-07-20 06:20:00,381.98,382.11,381.956,382.11,696
2026-07-20 06:21:00,382.11,382.11,382.11,382.11,238
2026-07-20 06:22:00,382.07,382.07,382.07,382.07,131
2026-07-20 06:23:00,382.08,382.12,382,382,258
2026-07-20 06:24:00,382,382,382,382,56
2026-07-20 06:25:00,381.9,381.9,381.77,381.77,369
2026-07-20 06:26:00,382,382,382,382,286
2026-07-20 06:29:00,381.91,381.91,381.91,381.91,40
2026-07-20 06:30:00,381.93,382.2122,381.93,382.1,988
2026-07-20 06:31:00,382,382.1337,381.99,381.99,125
2026-07-20 06:38:00,381.942,381.942,381.942,381.942,50
2026-07-20 06:40:00,381.92,381.92,381.75,381.75,355
2026-07-20 06:41:00,381.7,381.7,381.7,381.7,200
2026-07-20 06:42:00,381.78,381.78,381.78,381.78,80
2026-07-20 06:43:00,381.75,381.95,381.75,381.95,466
2026-07-20 06:45:00,381.8,381.8,381.8,381.8,66
2026-07-20 06:46:00,381.88,381.99,381.88,381.98,862
2026-07-20 06:48:00,381.98,381.99,381.98,381.99,290
2026-07-20 06:50:00,381.96,382.07,381.96,382,347
2026-07-20 06:51:00,382,382,382,382,120
2026-07-20 06:52:00,381.99,382,381.99,382,337
2026-07-20 06:54:00,382.16,382.35,382.15,382.35,750
2026-07-20 06:55:00,382.22,382.22,382.22,382.22,49
2026-07-20 06:56:00,382,382,382,382,98
2026-07-20 06:57:00,382.0399,382.0399,382.0399,382.0399,137
2026-07-20 07:00:00,382.13,382.65,382.05,382.55,3084
2026-07-20 07:01:00,382.64,382.8848,382.55,382.78,6782
2026-07-20 07:02:00,382.9,382.9,382.705,382.79,2787
2026-07-20 07:03:00,382.7467,382.75,382.6,382.65,1119
2026-07-20 07:04:00,382.55,383.19,382.55,383.115,4729
2026-07-20 07:05:00,383.18,383.5,383.18,383.44,4403
2026-07-20 07:06:00,383.45,383.73,383.4,383.6,5059
2026-07-20 07:07:00,383.77,383.77,383.38,383.51,5164
2026-07-20 07:08:00,383.4823,383.5,383.4014,383.4014,484
2026-07-20 07:09:00,383.45,383.5883,383.3742,383.5002,709
2026-07-20 07:10:00,383.4955,383.57,383.45,383.57,1572
2026-07-20 07:11:00,383.62,383.8499,383.6077,383.666,1583
2026-07-20 07:12:00,383.8,384,383.7996,383.7996,380
2026-07-20 07:13:00,384,384.01,383.75,383.92,3902
2026-07-20 07:14:00,383.9,384.35,383.9,384.1085,3768
2026-07-20 07:15:00,384.35,384.5801,384.2,384.29,4600
2026-07-20 07:16:00,384.35,384.44,384.28,384.299,1396
2026-07-20 07:17:00,384.28,384.54,384.26,384.54,8742
2026-07-20 07:18:00,384.5088,384.54,384.3,384.34,889
2026-07-20 07:19:00,384.26,384.42,384.115,384.115,2245
2026-07-20 07:20:00,384,384.2,384,384,485
2026-07-20 07:21:00,384.02,384.14,384.0014,384.07,456
2026-07-20 07:22:00,384,384.14,384,384.0121,674
2026-07-20 07:23:00,384.08,384.08,384.08,384.08,54
2026-07-20 07:24:00,384.05,384.1,384,384,1755
2026-07-20 07:25:00,384.0001,384.15,384.0001,384.15,523
2026-07-20 07:26:00,383.9265,384.2491,383.9224,383.99,708
2026-07-20 07:27:00,384,384.1,383.896,383.896,320
2026-07-20 07:28:00,383.8901,384,383.87,384,775
2026-07-20 07:29:00,384.03,384.12,383.9,383.9,1393
2026-07-20 07:30:00,383.9,385,383.9,384.49,9068
2026-07-20 07:31:00,384.48,385.01,384.475,385,6220
2026-07-20 07:32:00,384.9075,385.33,384.831,385.28,2153
2026-07-20 07:33:00,385.44,385.55,385,385.3,3869
2026-07-20 07:34:00,385.4,385.68,385.11,385.68,2959
2026-07-20 07:35:00,385.4519,385.68,385.2,385.5,1516
2026-07-20 07:36:00,385.4,385.63,385.23,385.5,3144
2026-07-20 07:37:00,385.5,385.61,385.5,385.61,959
2026-07-20 07:38:00,385.5,385.58,385.35,385.5,1745
2026-07-20 07:39:00,385.5,385.71,385.43,385.71,3083
2026-07-20 07:40:00,385.72,385.77,385.4258,385.4258,1818
2026-07-20 07:41:00,385.5,385.77,385.35,385.37,1947
2026-07-20 07:42:00,385.4,385.6,385.3469,385.43,2325
2026-07-20 07:43:00,385.5475,385.59,385.45,385.48,2279
2026-07-20 07:44:00,385.4,385.7,385.4,385.4,744
2026-07-20 07:45:00,385.49,385.51,385.43,385.51,881
2026-07-20 07:46:00,385.59,385.683,385.59,385.59,569
2026-07-20 07:47:00,385.56,385.6,385.33,385.33,1116
2026-07-20 07:48:00,385.3,385.48,384.72,385.2,4432
2026-07-20 07:49:00,385.06,385.16,385,385,496
2026-07-20 07:50:00,385,385.01,384.65,384.65,11037
2026-07-20 07:51:00,384.6965,385.1537,384.6965,385.11,2115
2026-07-20 07:52:00,385.1756,385.25,385,385.25,700
2026-07-20 07:53:00,385.17,385.17,385,385,590
2026-07-20 07:54:00,385.2,385.3,385.2,385.3,496
2026-07-20 07:55:00,385.37,385.48,385.1,385.1,1770
2026-07-20 07:56:00,385.28,385.4,385.062,385.4,1142
2026-07-20 07:57:00,385.32,385.35,385.2172,385.2172,140
2026-07-20 07:58:00,385.31,385.44,385.23,385.23,2756
2026-07-20 07:59:00,385.36,385.45,385.15,385.19,4960
2026-07-20 08:00:00,385.25,385.45,385,385,2154
2026-07-20 08:01:00,385.2664,385.2664,384.89,385.1,515
2026-07-20 08:02:00,385.1,385.1,384,384.26,4062
2026-07-20 08:03:00,384.1652,384.42,384,384.42,762
2026-07-20 08:04:00,384.37,384.66,384.37,384.66,1370
2026-07-20 08:05:00,384.6,384.99,384.58,384.99,379
2026-07-20 08:06:00,384.554,384.7,384.5,384.5,541
2026-07-20 08:07:00,384.546,384.69,384.5,384.69,1366
2026-07-20 08:08:00,384.65,384.66,384.44,384.6,1168
2026-07-20 08:09:00,384.5,384.5,384.5,384.5,800
2026-07-20 08:10:00,384.44,384.6,384.3855,384.6,609
2026-07-20 08:11:00,384.5991,384.75,384.5,384.74,4525
2026-07-20 08:12:00,384.5824,384.74,384.42,384.42,868
2026-07-20 08:13:00,384.5008,384.5008,384.5008,384.5008,40
2026-07-20 08:14:00,384.53,384.79,384.49,384.75,6206
2026-07-20 08:15:00,384.53,384.53,384.47,384.47,271
2026-07-20 08:16:00,384.5,384.78,384.46,384.47,6537
2026-07-20 08:17:00,384.7,384.99,384.7,384.74,390
2026-07-20 08:18:00,384.55,384.75,384.55,384.75,590
2026-07-20 08:19:00,384.75,384.99,384.59,384.99,1402
2026-07-20 08:20:00,384.72,384.8,384.46,384.5,1410
2026-07-20 08:21:00,384.5845,384.72,384.5155,384.72,1240
2026-07-20 08:22:00,384.72,384.72,384.45,384.45,1139
2026-07-20 08:23:00,384.49,384.55,384.49,384.55,453
2026-07-20 08:24:00,384.53,384.61,384.494,384.494,297
2026-07-20 08:25:00,384.57,384.64,384.5,384.64,1242
2026-07-20 08:26:00,384.75,385,384.7,384.99,4060
2026-07-20 08:27:00,384.9,384.91,384.6708,384.9,1710
2026-07-20 08:28:00,384.9,384.9,384.7941,384.8999,1066
2026-07-20 08:29:00,384.82,384.9,384.76,384.8706,3578
2026-07-20 08:30:00,384.9,384.9,384.7,384.722,2576
2026-07-20 08:31:00,384.79,384.8599,384.6,384.6,524
2026-07-20 08:32:00,384.6,384.6667,384.56,384.6667,956
2026-07-20 08:33:00,384.705,384.7379,384.65,384.7379,1268
2026-07-20 08:34:00,384.57,384.76,384.57,384.76,1106
2026-07-20 08:35:00,384.84,384.84,384.84,384.84,80
2026-07-20 08:36:00,384.718,384.85,384.718,384.76,167
2026-07-20 08:37:00,384.64,384.6797,384.64,384.64,190
2026-07-20 08:38:00,384.75,384.75,384.57,384.57,240
2026-07-20 08:39:00,384.5805,384.6599,384.55,384.64,1249
2026-07-20 08:40:00,384.62,384.67,384.45,384.49,4170
2026-07-20 08:41:00,384.5,384.5,384.36,384.45,846
2026-07-20 08:42:00,384.34,384.47,384.33,384.33,352
2026-07-20 08:43:00,384.3,384.38,384.242,384.38,852
2026-07-20 08:44:00,384.4278,384.45,384.21,384.21,792
2026-07-20 08:45:00,384.2177,384.3,384.21,384.27,1249
2026-07-20 08:46:00,384.25,384.37,384.15,384.196,1090
2026-07-20 08:47:00,384.09,384.1997,384.05,384.178,620
2026-07-20 08:48:00,384.2234,384.44,384.2082,384.2279,675
2026-07-20 08:49:00,384.31,384.4363,384.281,384.281,635
2026-07-20 08:50:00,384.31,384.36,384.2603,384.35,425
2026-07-20 08:51:00,384.38,384.38,384.26,384.26,2144
2026-07-20 08:52:00,384.32,384.32,384.18,384.18,1616
2026-07-20 08:53:00,384.1539,384.37,384.1539,384.3663,368
2026-07-20 08:54:00,384.38,384.39,384.1903,384.1903,244
2026-07-20 08:55:00,384.2013,384.325,384.2013,384.305,198
2026-07-20 08:56:00,384.3,384.3831,384.2163,384.3037,954
2026-07-20 08:57:00,384.3186,384.42,384.3001,384.42,2304
2026-07-20 08:58:00,384.45,384.5,384.35,384.42,1123
2026-07-20 08:59:00,384.45,384.5,384.4,384.5,727
2026-07-20 09:00:00,384.5,384.5,384.2878,384.4,541
2026-07-20 09:01:00,384.31,384.64,384.31,384.52,930
2026-07-20 09:02:00,384.5,384.5,384.4861,384.4861,349
2026-07-20 09:03:00,384.5,384.646,384.5,384.646,812
2026-07-20 09:04:00,384.59,384.6,384.55,384.55,573
2026-07-20 09:05:00,384.5,384.5537,384.4841,384.5537,1983
2026-07-20 09:06:00,384.5,384.5738,384.5,384.54,199
2026-07-20 09:07:00,384.5,384.5494,384.5,384.5494,398
2026-07-20 09:08:00,384.45,384.45,384.45,384.45,195
2026-07-20 09:09:00,384.4988,384.5,384.4879,384.49,538
2026-07-20 09:10:00,384.54,384.58,384.54,384.58,330
2026-07-20 09:11:00,384.6,384.8,384.6,384.68,1703
2026-07-20 09:12:00,384.74,384.83,384.6817,384.8083,1382
2026-07-20 09:13:00,384.69,384.8,384.68,384.8,1347
2026-07-20 09:14:00,384.5359,384.77,384.5359,384.63,816
2026-07-20 09:15:00,384.54,384.6706,384.5,384.6706,596
2026-07-20 09:16:00,384.66,384.75,384.5,384.65,1276
2026-07-20 09:17:00,384.55,384.9,384.55,384.9,1477
2026-07-20 09:18:00,384.88,384.9,384.66,384.77,847
2026-07-20 09:19:00,384.78,384.88,384.73,384.73,724
2026-07-20 09:20:00,384.7884,384.9,384.74,384.7648,2335
2026-07-20 09:21:00,384.86,384.8997,384.79,384.8997,746
2026-07-20 09:22:00,384.9,384.9,384.58,384.69,1403
2026-07-20 09:23:00,384.5,384.68,384.5,384.68,366
2026-07-20 09:24:00,384.5,384.58,384.45,384.5,2649
2026-07-20 09:25:00,384.41,384.5,383.2,383.56,7152
2026-07-20 09:26:00,383.564,383.85,383.345,383.4,3556
2026-07-20 09:27:00,383.3,383.57,383.0139,383.44,6218
2026-07-20 09:28:00,384.07,385.98,383.9,385.61,21834
2026-07-20 09:29:00,385.7,386.4,385.38,386,7244
2026-07-20 09:30:00,386.045,386.61,383.4,384.1303,347836
2026-07-20 09:31:00,383.986,384.5,382.6,382.6201,157276
2026-07-20 09:32:00,382.98,383.19,381.6,382.85,138448
2026-07-20 09:33:00,382.865,383.26,381.8801,382.35,90485
2026-07-20 09:34:00,382.28,382.7,381.5,381.7725,97343
2026-07-20 09:35:00,381.6601,382.39,381.4,381.848,126632
2026-07-20 09:36:00,381.9025,382.4399,380.55,381.16,191832
2026-07-20 09:37:00,381.16,381.5999,380.91,381.0482,88039
2026-07-20 09:38:00,381.01,381.66,380.81,381.575,98685
2026-07-20 09:39:00,381.4604,381.94,381.08,381.475,83305
2026-07-20 09:40:00,381.4239,381.54,380.97,381.25,66665
2026-07-20 09:41:00,381.28,381.66,380.71,381.46,95508
2026-07-20 09:42:00,381.49,382.13,381.18,381.49,147582
2026-07-20 09:43:00,381.46,381.73,380.76,381.59,118023
2026-07-20 09:44:00,381.61,381.97,381.13,381.5,79085
2026-07-20 09:45:00,381.48,382.7,381.3501,382.3199,134368
2026-07-20 09:46:00,382.17,382.54,381.5,381.87,83160
2026-07-20 09:47:00,381.9699,381.9699,380.9,381.5086,116072
2026-07-20 09:48:00,381.56,381.9099,380.74,381.04,98788
2026-07-20 09:49:00,381.21,381.53,380.3,380.3608,114908
2026-07-20 09:50:00,380.36,380.39,379.6,379.735,176421
2026-07-20 09:51:00,379.77,380.49,379.64,380.49,109215
2026-07-20 09:52:00,380.46,380.6,379.75,379.94,128418
2026-07-20 09:53:00,379.8805,380.01,379.01,379.08,154937
2026-07-20 09:54:00,379.0853,379.4999,378.86,379.16,130804
2026-07-20 09:55:00,379.08,379.24,378.16,378.46,106786
2026-07-20 09:56:00,378.46,378.6099,377.65,378.1,169493
2026-07-20 09:57:00,378.1,378.1499,376.8,376.9666,162699
2026-07-20 09:58:00,376.95,377.2099,376.1,376.1001,148278
2026-07-20 09:59:00,376.1006,376.22,375.37,375.6,184526
2026-07-20 10:00:00,375.63,375.85,374.88,375.57,251462
2026-07-20 10:01:00,375.545,375.88,375.2001,375.8574,106297
2026-07-20 10:02:00,375.81,376.0985,375.52,376.06,137069
2026-07-20 10:03:00,376.07,376.6,375.94,376.515,136047
2026-07-20 10:04:00,376.52,376.9599,375.95,376.07,163432
2026-07-20 10:05:00,376.055,376.3,375.73,376.3,89850
2026-07-20 10:06:00,376.25,376.59,376.0101,376.16,77487
2026-07-20 10:07:00,376.16,376.3999,375.8,376.1001,115258
2026-07-20 10:08:00,376.165,376.59,376.14,376.295,84384
2026-07-20 10:09:00,376.26,376.56,376.15,376.45,61149
2026-07-20 10:10:00,376.405,376.45,375.47,375.5275,89517
2026-07-20 10:11:00,375.5375,375.68,374.92,374.94,125931
2026-07-20 10:12:00,374.94,375.2,374.72,374.955,106452
2026-07-20 10:13:00,374.89,375.49,374.84,375.32,59753
2026-07-20 10:14:00,375.259,375.55,374.84,374.9921,87696
2026-07-20 10:15:00,375.01,375.55,374.73,375.455,90409
2026-07-20 10:16:00,375.444,375.56,374.17,374.3397,249044
2026-07-20 10:17:00,374.2501,375.08,374.25,374.725,76823
2026-07-20 10:18:00,374.6812,375,374.6,374.99,57596
2026-07-20 10:19:00,374.98,375.35,374.84,374.97,61040
2026-07-20 10:20:00,374.97,375.14,374.51,374.555,75497
2026-07-20 10:21:00,374.55,374.969,374.08,374.48,124475
2026-07-20 10:22:00,374.56,374.7099,373.72,374,121170
2026-07-20 10:23:00,374.035,374.65,373.93,374.59,82897
2026-07-20 10:24:00,374.565,374.76,374,374.14,79441
2026-07-20 10:25:00,374.12,374.67,374.115,374.36,50525
2026-07-20 10:26:00,374.36,374.73,374.15,374.665,73308
2026-07-20 10:27:00,374.74,374.88,374.41,374.495,70233
2026-07-20 10:28:00,374.495,374.62,373.9,374.14,75225
2026-07-20 10:29:00,374.27,375.02,374.17,374.85,87150
2026-07-20 10:30:00,374.8569,375.45,374.72,375.3059,92160
2026-07-20 10:31:00,375.3,375.3899,374.8301,375.24,81409
2026-07-20 10:32:00,375.205,375.26,374.38,374.93,80651
2026-07-20 10:33:00,374.905,375.1597,374.67,374.83,55617
2026-07-20 10:34:00,374.825,375.06,374.55,374.89,56699
2026-07-20 10:35:00,374.89,375.45,374.85,375.365,46417
2026-07-20 10:36:00,375.365,375.45,374.65,374.65,75321
2026-07-20 10:37:00,374.695,374.82,374.42,374.65,65476
2026-07-20 10:38:00,374.665,374.7499,374.28,374.28,37617
2026-07-20 10:39:00,374.2801,375.35,374.21,375.35,77868
2026-07-20 10:40:00,375.3,375.52,375.04,375.265,54647
2026-07-20 10:41:00,375.19,375.34,374.7501,374.79,56300
2026-07-20 10:42:00,374.84,375.22,374.7821,375.12,43674
2026-07-20 10:43:00,375.12,375.35,374.7,374.82,54018
2026-07-20 10:44:00,374.805,374.92,374.2,374.3448,52019
2026-07-20 10:45:00,374.27,374.48,373.66,374.44,115217
2026-07-20 10:46:00,374.4551,374.609,374.17,374.32,43560
2026-07-20 10:47:00,374.32,374.429,373.9301,373.97,45035
2026-07-20 10:48:00,373.985,374.0399,373.33,373.7749,94559
2026-07-20 10:49:00,373.695,373.97,373.46,373.825,44129
2026-07-20 10:50:00,373.77,374.23,373.69,373.95,51478
2026-07-20 10:51:00,373.925,373.9997,373.43,373.665,63770
2026-07-20 10:52:00,373.665,373.98,373.4101,373.4777,52210
2026-07-20 10:53:00,373.455,373.64,373.05,373.17,92052
2026-07-20 10:54:00,373.165,373.8,373.1,373.7,73364
2026-07-20 10:55:00,373.65,373.88,373.5,373.805,69384
2026-07-20 10:56:00,373.805,373.8365,373.05,373.35,80605
2026-07-20 10:57:00,373.34,373.444,372.95,373.235,99980
2026-07-20 10:58:00,373.17,373.3999,373.01,373.16,38707
2026-07-20 10:59:00,373.1912,373.4999,372.9,373.37,63515
2026-07-20 11:00:00,373.36,373.74,373.1,373.57,44211
2026-07-20 11:01:00,373.54,373.92,373.46,373.74,88176
2026-07-20 11:02:00,373.755,374.22,373.52,374.11,60199
2026-07-20 11:03:00,374.15,374.35,373.97,374.12,61817
2026-07-20 11:04:00,374.04,374.2699,373.7401,373.79,64601
2026-07-20 11:05:00,373.83,373.99,372.9501,373.0413,59441
2026-07-20 11:06:00,373.1,373.47,373.06,373.225,57247
2026-07-20 11:07:00,373.17,374.2,373.14,374.05,44995
2026-07-20 11:08:00,374.08,374.5699,374.04,374.48,71872
2026-07-20 11:09:00,374.42,374.74,374.09,374.6,63532
2026-07-20 11:10:00,374.6,374.65,374.1,374.14,44488
2026-07-20 11:11:00,374.145,374.4199,374.0101,374.206,34642
2026-07-20 11:12:00,374.17,374.45,374.1,374.12,34815
2026-07-20 11:13:00,374.1461,374.2387,373.8353,374.105,34888
2026-07-20 11:14:00,374.1,374.12,373.42,373.6,64978
2026-07-20 11:15:00,373.5975,373.8,373.3,373.8,55372
2026-07-20 11:16:00,373.755,373.919,373.53,373.76,38172
2026-07-20 11:17:00,373.88,374.059,373.65,373.94,37563
2026-07-20 11:18:00,373.96,374.15,373.84,374.02,40079
2026-07-20 11:19:00,374.02,374.05,373.34,373.59,54043
2026-07-20 11:20:00,373.59,373.72,373.29,373.719,35255
2026-07-20 11:21:00,373.69,374.11,373.525,373.9485,48037
2026-07-20 11:22:00,373.942,374.12,373.8537,374.08,32707
2026-07-20 11:23:00,374.075,374.3,373.81,373.855,48856
2026-07-20 11:24:00,373.8779,374.07,373.69,373.86,57698
2026-07-20 11:25:00,373.84,374.2083,373.81,373.95,37153
2026-07-20 11:26:00,373.95,374.2,373.85,373.85,42687
2026-07-20 11:27:00,373.9,374.07,373.76,373.905,30482
2026-07-20 11:28:00,373.895,373.9699,373.51,373.6431,56597
2026-07-20 11:29:00,373.67,373.94,373.45,373.92,46153
2026-07-20 11:30:00,373.94,373.9806,373.7,373.885,23597
2026-07-20 11:31:00,373.87,373.9799,373.8013,373.8801,24051
2026-07-20 11:32:00,373.9,374.1,373.7001,373.8999,30446
2026-07-20 11:33:00,373.9,374.02,373.7001,373.95,30562
2026-07-20 11:34:00,373.93,373.95,373.4,373.515,51412
2026-07-20 11:35:00,373.52,373.64,372.8,373.34,60564
2026-07-20 11:36:00,373.34,373.38,373.04,373.335,42156
2026-07-20 11:37:00,373.33,373.39,372.96,373.015,83774
2026-07-20 11:38:00,373.035,373.202,372.68,372.8499,84278
2026-07-20 11:39:00,372.79,373,372.6,372.67,61572
2026-07-20 11:40:00,372.67,372.7999,372.31,372.645,119380
2026-07-20 11:41:00,372.6694,372.84,372.55,372.64,54763
2026-07-20 11:42:00,372.6799,372.836,372.52,372.63,47477
2026-07-20 11:43:00,372.635,372.69,372.07,372.11,78815
2026-07-20 11:44:00,372.118,372.3999,371.92,372.26,116968
2026-07-20 11:45:00,372.26,372.4,371.8801,372.06,81009
2026-07-20 11:46:00,372.0599,372.22,371.9,372.2,56740
2026-07-20 11:47:00,372.2,372.355,371.94,372.24,56502
2026-07-20 11:48:00,372.22,372.2899,371.8,371.9501,49475
2026-07-20 11:49:00,371.95,372.0899,371.8201,371.88,36270
2026-07-20 11:50:00,371.885,372.11,371.64,372.11,97677
2026-07-20 11:51:00,372.1099,372.75,372.03,372.61,126299
2026-07-20 11:52:00,372.59,372.84,372.43,372.725,76706
2026-07-20 11:53:00,372.72,373.04,372.66,372.85,94595
2026-07-20 11:54:00,372.85,373.35,372.8289,373.03,105915
2026-07-20 11:55:00,373.0158,373.26,372.99,373.19,55381
2026-07-20 11:56:00,373.15,373.22,372.94,372.99,43437
2026-07-20 11:57:00,372.97,373.06,372.66,372.77,47563
2026-07-20 11:58:00,372.74,373.19,372.68,373.02,37446
2026-07-20 11:59:00,373.02,374.13,372.95,373.995,110731
2026-07-20 12:00:00,374,374.54,373.8301,374.47,106670
2026-07-20 12:01:00,374.47,374.66,373.99,374.085,107587
2026-07-20 12:02:00,374.17,374.17,373.565,373.74,55768
2026-07-20 12:03:00,373.77,374.2573,373.725,374.24,53447
2026-07-20 12:04:00,374.24,374.29,373.94,374.01,53467
2026-07-20 12:05:00,374.035,374.55,373.95,374.465,39188
2026-07-20 12:06:00,374.4984,374.64,374.3501,374.57,57673
2026-07-20 12:07:00,374.57,374.66,374.43,374.57,50048
2026-07-20 12:08:00,374.6,375.33,374.58,375.24,103344
2026-07-20 12:09:00,375.23,375.9399,375.03,375.895,95058
2026-07-20 12:10:00,375.9338,377,375.79,376.23,175605
2026-07-20 12:11:00,376.25,376.55,376.16,376.48,58305
2026-07-20 12:12:00,376.5,376.8,376,376.06,110363
2026-07-20 12:13:00,376.065,376.546,376.03,376.48,53640
2026-07-20 12:14:00,376.41,376.4799,375.9,376.4014,77859
2026-07-20 12:15:00,376.4,376.5,375.83,376.025,65747
2026-07-20 12:16:00,376.025,376.0799,375.67,375.925,48300
2026-07-20 12:17:00,375.9442,375.98,375.68,375.7232,34401
2026-07-20 12:18:00,375.7401,375.8,375.26,375.385,62107
2026-07-20 12:19:00,375.405,375.59,374.75,374.935,99442
2026-07-20 12:20:00,374.87,375.3395,374.73,375.2981,76903
2026-07-20 12:21:00,375.36,375.7399,375.3,375.545,55581
2026-07-20 12:22:00,375.545,375.65,375.4,375.5,41495
2026-07-20 12:23:00,375.45,375.87,375.39,375.8,46507
2026-07-20 12:24:00,375.75,375.85,375.6,375.73,30679
2026-07-20 12:25:00,375.7851,375.83,375.17,375.3,36920
2026-07-20 12:26:00,375.3,375.48,374.99,375.15,37422
2026-07-20 12:27:00,375.1598,375.28,375.08,375.235,18049
2026-07-20 12:28:00,375.23,375.45,375.15,375.4,24605
2026-07-20 12:29:00,375.36,375.445,375.13,375.315,22515
2026-07-20 12:30:00,375.34,375.55,375.1819,375.42,30666
2026-07-20 12:31:00,375.3101,375.49,375.1938,375.49,14599
2026-07-20 12:32:00,375.45,375.5,375.07,375.08,37024
2026-07-20 12:33:00,375.0717,375.18,374.4,374.45,51151
2026-07-20 12:34:00,374.44,374.73,374.4,374.51,69322
2026-07-20 12:35:00,374.525,374.75,374.5,374.58,29457
2026-07-20 12:36:00,374.6236,374.666,374.43,374.59,20090
2026-07-20 12:37:00,374.55,374.86,374.4,374.86,61592
2026-07-20 12:38:00,374.83,375.0413,374.5414,374.69,35696
2026-07-20 12:39:00,374.73,374.99,374.67,374.91,20961
2026-07-20 12:40:00,374.97,375.05,374.8216,374.9101,41581
2026-07-20 12:41:00,374.91,375.1799,373.4301,374.08,115617
2026-07-20 12:42:00,374.25,374.67,374.05,374.365,37371
2026-07-20 12:43:00,374.365,374.54,374.18,374.49,18176
2026-07-20 12:44:00,374.49,374.5,373.4,373.51,95321
2026-07-20 12:45:00,373.5272,373.65,373.33,373.465,49263
2026-07-20 12:46:00,373.51,373.89,373.2601,373.76,71110
2026-07-20 12:47:00,373.75,374.23,373.7401,374,46258
2026-07-20 12:48:00,373.93,374.05,373.8,373.9,36909
2026-07-20 12:49:00,373.92,374.25,373.901,374.0403,52238
2026-07-20 12:50:00,374,374.035,373.29,373.415,66292
2026-07-20 12:51:00,373.51,373.5999,373.19,373.2705,37536
2026-07-20 12:52:00,373.285,373.45,373.16,373.355,30221
2026-07-20 12:53:00,373.36,373.42,373.18,373.37,32213
2026-07-20 12:54:00,373.43,373.43,372.81,372.9,57916
2026-07-20 12:55:00,372.87,373.1,372.4185,373.085,84477
2026-07-20 12:56:00,373.1043,373.1312,372.7,372.75,25127
2026-07-20 12:57:00,372.7,372.8671,372.62,372.8615,21059
2026-07-20 12:58:00,372.79,373.239,372.78,372.78,38668
2026-07-20 12:59:00,372.75,373.06,372.67,372.9,15684
2026-07-20 13:00:00,372.885,373.2599,372.81,373.1,27100
2026-07-20 13:01:00,373.22,373.23,372.8,372.88,30550
2026-07-20 13:02:00,372.92,373.06,372.81,372.88,24020
2026-07-20 13:03:00,372.88,372.9,372.73,372.7827,28294
2026-07-20 13:04:00,372.815,372.88,372.69,372.84,23027
2026-07-20 13:05:00,372.88,373.089,372.72,373.03,32441
2026-07-20 13:06:00,373.03,373.12,372.76,373,17599
2026-07-20 13:07:00,373,373.0699,372.49,372.5047,46008
2026-07-20 13:08:00,372.51,372.76,372.46,372.53,22085
2026-07-20 13:09:00,372.5,372.8199,372.44,372.715,35707
2026-07-20 13:10:00,372.715,372.8299,372.36,372.49,41259
2026-07-20 13:11:00,372.64,372.64,372.4,372.56,29002
2026-07-20 13:12:00,372.545,372.75,372.475,372.75,26949
2026-07-20 13:13:00,372.705,372.84,372.37,372.5352,22910
2026-07-20 13:14:00,372.4861,372.5196,372.2,372.4,31546
2026-07-20 13:15:00,372.34,372.46,372.1,372.16,26805
2026-07-20 13:16:00,372.16,372.26,372.01,372.12,36304
2026-07-20 13:17:00,372.15,372.6,372.07,372.495,39219
2026-07-20 13:18:00,372.47,372.725,372.38,372.68,42906
2026-07-20 13:19:00,372.7095,372.79,372.46,372.64,30514
2026-07-20 13:20:00,372.628,372.67,372.4017,372.55,32157
2026-07-20 13:21:00,372.55,372.7,372.4,372.46,31548
2026-07-20 13:22:00,372.52,372.7,372.43,372.5,32984
2026-07-20 13:23:00,372.5,372.56,372.3,372.51,21604
2026-07-20 13:24:00,372.46,372.57,372.141,372.225,41617
2026-07-20 13:25:00,372.225,372.48,372.07,372.42,42185
2026-07-20 13:26:00,372.41,372.57,372.28,372.54,22969
2026-07-20 13:27:00,372.57,372.6,372.2,372.31,24035
2026-07-20 13:28:00,372.33,372.33,372.12,372.24,26218
2026-07-20 13:29:00,372.235,372.28,372.05,372.18,66820
2026-07-20 13:30:00,372.18,372.19,371.5301,372.1799,119824
2026-07-20 13:31:00,372.135,372.135,371.83,371.965,30513
2026-07-20 13:32:00,371.965,372.31,371.89,372.16,39032
2026-07-20 13:33:00,372.175,372.28,371.9,371.9413,44209
2026-07-20 13:34:00,371.965,372.305,371.71,371.865,46596
2026-07-20 13:35:00,371.83,372.02,371.77,371.84,34162
2026-07-20 13:36:00,371.85,371.8699,371.51,371.59,58172
2026-07-20 13:37:00,371.575,371.79,371.38,371.652,85494
2026-07-20 13:38:00,371.6712,371.72,371.31,371.52,43720
2026-07-20 13:39:00,371.484,371.84,371.47,371.5,43723
2026-07-20 13:40:00,371.5,371.5697,371.08,371.1675,67616
2026-07-20 13:41:00,371.165,371.24,370.9,371.14,144823
2026-07-20 13:42:00,371.11,371.5,370.8,370.9,112506
2026-07-20 13:43:00,370.905,371.28,370.76,371.24,71353
2026-07-20 13:44:00,371.25,371.46,371.16,371.3376,64599
2026-07-20 13:45:00,371.325,371.5999,371.05,371.5102,75470
2026-07-20 13:46:00,371.525,371.6,371.14,371.34,39083
2026-07-20 13:47:00,371.28,371.56,371.21,371.56,25442
2026-07-20 13:48:00,371.53,371.825,371.53,371.745,39344
2026-07-20 13:49:00,371.73,371.81,371.49,371.67,39967
2026-07-20 13:50:00,371.64,371.98,371.5925,371.94,45275
2026-07-20 13:51:00,371.9,372.8244,371.8,372.67,90321
2026-07-20 13:52:00,372.665,373.24,372.6301,373.07,91211
2026-07-20 13:53:00,373.01,373.21,372.9114,373.06,62582
2026-07-20 13:54:00,373.03,373.22,372.96,373.115,51899
2026-07-20 13:55:00,373.115,373.3,373,373.28,71156
2026-07-20 13:56:00,373.3,373.31,372.91,373.01,63578
2026-07-20 13:57:00,373.015,373.4,372.9701,373.3343,38919
2026-07-20 13:58:00,373.41,373.57,372.84,372.88,72592
2026-07-20 13:59:00,372.88,373.2,372.84,373.105,63582
2026-07-20 14:00:00,373.05,373.57,373.05,373.395,48802
2026-07-20 14:01:00,373.4193,373.57,373.118,373.38,55276
2026-07-20 14:02:00,373.375,373.57,373.3201,373.54,36414
2026-07-20 14:03:00,373.51,373.59,373.35,373.57,43167
2026-07-20 14:04:00,373.555,373.65,373.38,373.525,39250
2026-07-20 14:05:00,373.525,373.78,373.4601,373.52,41220
2026-07-20 14:06:00,373.515,373.525,373.3,373.47,52314
2026-07-20 14:07:00,373.5,373.65,373.44,373.4451,37296
2026-07-20 14:08:00,373.43,373.646,373.36,373.6,32994
2026-07-20 14:09:00,373.615,374.01,373.59,373.89,60190
2026-07-20 14:10:00,373.88,374.08,373.79,374.015,38117
2026-07-20 14:11:00,374.01,374.25,373.97,374.16,55337
2026-07-20 14:12:00,374.165,374.6,374.0233,374.3874,64946
2026-07-20 14:13:00,374.3978,374.49,374.08,374.23,58226
2026-07-20 14:14:00,374.245,374.33,373.91,373.98,46839
2026-07-20 14:15:00,373.96,374.11,373.9,374.0276,53226
2026-07-20 14:16:00,373.94,374.04,373.9,374,30982
2026-07-20 14:17:00,374,374.4099,373.995,374.19,47776
2026-07-20 14:18:00,374.1601,374.205,373.72,373.7401,50153
2026-07-20 14:19:00,373.7401,373.9,373.57,373.83,43531
2026-07-20 14:20:00,373.8799,374,373.72,373.72,28282
2026-07-20 14:21:00,373.785,373.89,373.36,373.655,48616
2026-07-20 14:22:00,373.59,373.6,373.19,373.425,36775
2026-07-20 14:23:00,373.38,373.61,373.24,373.43,26214
2026-07-20 14:24:00,373.36,373.39,372.93,373.035,45913
2026-07-20 14:25:00,373,373.19,372.77,372.9,62648
2026-07-20 14:26:00,372.88,373,372.64,372.7001,37624
2026-07-20 14:27:00,372.73,372.94,372.57,372.79,27367
2026-07-20 14:28:00,372.79,372.92,372.7,372.8451,27017
2026-07-20 14:29:00,372.81,372.97,372.58,372.59,34917
2026-07-20 14:30:00,372.6,372.666,372.21,372.255,35447
2026-07-20 14:31:00,372.29,372.629,372.246,372.37,40966
2026-07-20 14:32:00,372.45,372.505,372.28,372.41,25839
2026-07-20 14:33:00,372.39,372.438,372.05,372.08,30322
2026-07-20 14:34:00,372.15,372.15,371.61,371.89,68465
2026-07-20 14:35:00,371.835,372.43,371.75,372.32,41561
2026-07-20 14:36:00,372.31,372.7,372.22,372.645,31444
2026-07-20 14:37:00,372.6783,372.75,372.5,372.5,40369
2026-07-20 14:38:00,372.5,372.7284,372.26,372.3017,41224
2026-07-20 14:39:00,372.3,372.41,371.75,372,59103
2026-07-20 14:40:00,372.055,372.2,371.89,371.97,46036
2026-07-20 14:41:00,371.92,371.9999,371.81,371.9592,34913
2026-07-20 14:42:00,371.925,371.925,371.4,371.6,60619
2026-07-20 14:43:00,371.6001,371.69,371.02,371.27,92518
2026-07-20 14:44:00,371.27,371.44,371.01,371.2,60785
2026-07-20 14:45:00,371.21,371.33,370.98,371.175,71156
2026-07-20 14:46:00,371.24,371.28,370.9306,371,81871
2026-07-20 14:47:00,371,371.28,370.97,371.11,51275
2026-07-20 14:48:00,371.11,371.16,370.78,370.955,64952
2026-07-20 14:49:00,370.955,371.272,370.92,371.055,74129
2026-07-20 14:50:00,371.1,371.26,370.99,371.21,31385
2026-07-20 14:51:00,371.1864,371.26,370.83,370.9201,38735
2026-07-20 14:52:00,370.92,371.03,370.71,370.83,68040
2026-07-20 14:53:00,370.85,371.1999,370.5,371.155,77289
2026-07-20 14:54:00,371.155,371.29,370.98,371.25,88427
2026-07-20 14:55:00,371.25,371.43,371.11,371.315,51293
2026-07-20 14:56:00,371.35,371.58,370.96,371.0244,56858
2026-07-20 14:57:00,371.05,371.09,370.9201,371.08,27955
2026-07-20 14:58:00,371.05,371.05,370.78,370.9399,41113
2026-07-20 14:59:00,370.96,371.4099,370.95,371.33,47919
2026-07-20 15:00:00,371.21,371.3199,371.11,371.21,34096
2026-07-20 15:01:00,371.225,371.2599,370.93,371.11,28936
2026-07-20 15:02:00,371.085,371.095,370.37,370.37,85759
2026-07-20 15:03:00,370.4,370.4599,370.14,370.2875,56683
2026-07-20 15:04:00,370.26,370.4,369.94,370.39,268173
2026-07-20 15:05:00,370.355,370.54,370.3015,370.54,42104
2026-07-20 15:06:00,370.52,370.67,370.05,370.425,53535
2026-07-20 15:07:00,370.39,370.52,370.17,370.455,26690
2026-07-20 15:08:00,370.42,370.53,370.32,370.425,51314
2026-07-20 15:09:00,370.39,370.53,370.3,370.33,28406
2026-07-20 15:10:00,370.38,370.58,370.3,370.575,61364
2026-07-20 15:11:00,370.575,370.575,370.2,370.36,38907
2026-07-20 15:12:00,370.36,370.365,370.04,370.11,46505
2026-07-20 15:13:00,370.11,370.16,369.89,370,78481
2026-07-20 15:14:00,369.98,370.04,369.81,369.92,47449
2026-07-20 15:15:00,369.89,370.0499,369.58,370.02,84928
2026-07-20 15:16:00,369.95,370.105,369.84,370.075,41022
2026-07-20 15:17:00,370.0775,370.38,370.02,370.205,53839
2026-07-20 15:18:00,370.23,370.3382,370.15,370.3382,36074
2026-07-20 15:19:00,370.29,370.48,370.25,370.3507,49670
2026-07-20 15:20:00,370.35,370.57,370.3,370.33,58205
2026-07-20 15:21:00,370.3,370.54,370.25,370.4,34095
2026-07-20 15:22:00,370.38,370.61,370.3,370.32,88590
2026-07-20 15:23:00,370.345,370.36,370.1,370.315,35849
2026-07-20 15:24:00,370.31,370.8895,370.22,370.6899,75838
2026-07-20 15:25:00,370.655,370.92,370.48,370.49,32835
2026-07-20 15:26:00,370.57,370.62,370.17,370.225,57265
2026-07-20 15:27:00,370.19,370.47,370.18,370.44,41518
2026-07-20 15:28:00,370.44,370.57,370.22,370.245,47792
2026-07-20 15:29:00,370.22,371.2,370.22,371.01,89905
2026-07-20 15:30:00,371.01,371.26,370.63,370.665,91402
2026-07-20 15:31:00,370.63,371,370.51,370.965,55047
2026-07-20 15:32:00,370.9521,371.28,370.83,371.28,42232
2026-07-20 15:33:00,371.2658,371.36,370.89,371.05,44816
2026-07-20 15:34:00,371.0694,371.216,370.955,370.955,32539
2026-07-20 15:35:00,370.95,371,370.5,370.57,40697
2026-07-20 15:36:00,370.5101,370.8599,370.46,370.71,57403
2026-07-20 15:37:00,370.67,370.83,370.46,370.55,54604
2026-07-20 15:38:00,370.515,370.66,370.38,370.61,45010
2026-07-20 15:39:00,370.54,371.13,370.54,370.825,44668
2026-07-20 15:40:00,370.85,371.08,370.72,371.03,67008
2026-07-20 15:41:00,371,371.445,371,371.42,61687
2026-07-20 15:42:00,371.43,371.55,371,371.21,68545
2026-07-20 15:43:00,371.25,371.51,371.11,371.48,69782
2026-07-20 15:44:00,371.48,371.72,371.39,371.51,100266
2026-07-20 15:45:00,371.52,371.9,371.52,371.67,59958
2026-07-20 15:46:00,371.7,371.7,371.19,371.5395,55078
2026-07-20 15:47:00,371.54,371.54,371.16,371.385,40414
2026-07-20 15:48:00,371.42,371.65,371.29,371.5901,47503
2026-07-20 15:49:00,371.65,371.85,371.64,371.75,42823
2026-07-20 15:50:00,371.75,371.76,371.03,371.03,65308
2026-07-20 15:51:00,371.12,371.22,370.68,370.745,93781
2026-07-20 15:52:00,370.78,370.8,370.51,370.575,88842
2026-07-20 15:53:00,370.6,370.6,370.08,370.27,140074
2026-07-20 15:54:00,370.265,370.535,369.95,370.41,118303
2026-07-20 15:55:00,370.41,370.75,369.815,370.32,180759
2026-07-20 15:56:00,370.31,370.46,369.94,369.98,144211
2026-07-20 15:57:00,369.98,370.08,369.89,369.925,129737
2026-07-20 15:58:00,369.91,370,369.8,369.96,159753
2026-07-20 15:59:00,369.96,369.98,369.425,369.59,446082
2026-07-20 16:00:00,369.54,369.85,369.5,369.5,1774790
2026-07-20 16:01:00,369.62,369.75,369.5,369.6095,7356
2026-07-20 16:02:00,369.72,369.75,369.53,369.6061,8485
2026-07-20 16:03:00,369.51,369.57,369.416,369.4884,3373
2026-07-20 16:04:00,369.46,369.59,369.42,369.5,4689
2026-07-20 16:05:00,369.53,369.55,369.4,369.5,9124
2026-07-20 16:06:00,369.5382,369.59,369.5,369.55,2429
2026-07-20 16:07:00,369.5,369.59,369.42,369.5,4359
2026-07-20 16:08:00,369.5,369.55,369.45,369.539,1618
2026-07-20 16:09:00,369.47,369.54,369.45,369.47,1736
2026-07-20 16:10:00,369.4577,369.5495,369.45,369.48,773
2026-07-20 16:11:00,369.54,369.56,369.45,369.52,969
2026-07-20 16:12:00,369.5014,369.59,369.45,369.561,2926
2026-07-20 16:13:00,369.57,369.59,369.48,369.48,2730
2026-07-20 16:14:00,369.5,369.5,369.45,369.5,1710
2026-07-20 16:15:00,369.49,369.5,369.42,369.4352,2812
2026-07-20 16:16:00,369.4201,369.5,369.36,369.3693,3985
2026-07-20 16:17:00,369.408,369.42,369.29,369.3,3614
2026-07-20 16:18:00,369.29,369.31,369.2612,369.3,1417
2026-07-20 16:19:00,369.2804,369.4107,369.2804,369.36,4307
2026-07-20 16:20:00,369.4138,369.4138,369.38,369.38,1529
2026-07-20 16:21:00,369.39,369.45,369.36,369.45,3480
2026-07-20 16:22:00,369.455,369.5,369.41,369.4731,9108
2026-07-20 16:23:00,369.49,369.5998,369.4322,369.5998,4414
2026-07-20 16:24:00,369.58,369.7,369.51,369.65,3846
2026-07-20 16:25:00,369.65,369.75,369.64,369.73,1371
2026-07-20 16:26:00,369.75,369.84,369.66,369.66,7271
2026-07-20 16:27:00,369.59,369.72,369.56,369.66,797
2026-07-20 16:28:00,369.7,369.7598,369.66,369.7,461
2026-07-20 16:29:00,369.7,369.74,369.7,369.74,1013
2026-07-20 16:30:00,369.72,369.74,369.7,369.74,437
2026-07-20 16:31:00,369.72,369.76,369.7,369.75,2096
2026-07-20 16:32:00,369.7015,369.76,369.7,369.7507,1233
2026-07-20 16:33:00,369.7,369.76,369.68,369.68,2766
2026-07-20 16:34:00,369.68,369.68,369.68,369.68,501
2026-07-20 16:35:00,369.68,369.88,369.68,369.88,1145
2026-07-20 16:36:00,369.82,369.96,369.8,369.8,1842
2026-07-20 16:37:00,369.8,369.8,369.77,369.77,250
2026-07-20 16:38:00,369.79,369.79,369.79,369.79,1480
2026-07-20 16:39:00,369.79,369.83,369.7511,369.83,1098
2026-07-20 16:40:00,369.82,369.83,369.7,369.7,1448
2026-07-20 16:41:00,369.6542,369.7899,369.6542,369.7899,535
2026-07-20 16:42:00,369.78,369.84,369.57,369.8114,2759
2026-07-20 16:43:00,369.8401,369.8994,369.74,369.83,1569
2026-07-20 16:44:00,369.81,369.85,369.81,369.85,150
2026-07-20 16:45:00,369.89,369.9,369.84,369.84,1637
2026-07-20 16:46:00,369.85,370,369.85,369.9,2605
2026-07-20 16:47:00,370.02,370.17,370,370.05,1906
2026-07-20 16:48:00,370.09,370.1,370,370.0983,2263
2026-07-20 16:49:00,370.0881,370.14,370,370.13,4498
2026-07-20 16:50:00,370.0592,370.06,369.9843,370.06,408
2026-07-20 16:51:00,370.05,370.14,370.02,370.05,2123
2026-07-20 16:52:00,370.1391,370.1391,370,370.0201,6586
2026-07-20 16:53:00,370.011,370.13,370,370,1311
2026-07-20 16:54:00,370.0201,370.0799,370,370.06,549
2026-07-20 16:55:00,370,370.08,370,370.08,252
2026-07-20 16:56:00,370.08,370.12,370,370.114,1336
2026-07-20 16:57:00,370.0111,370.12,370,370.12,482
2026-07-20 16:58:00,369.9425,369.9972,369.9425,369.96,575
2026-07-20 16:59:00,370.01,370.08,370.01,370.08,416
2026-07-20 17:00:00,370.08,370.1,370.08,370.08,1321
2026-07-20 17:01:00,370.017,370.0789,370.0078,370.01,772
2026-07-20 17:02:00,370.0035,370.09,370,370.05,238
2026-07-20 17:03:00,370.08,370.08,370.0796,370.08,190
2026-07-20 17:04:00,370.0201,370.0497,370.0201,370.04,1202
2026-07-20 17:05:00,370.04,370.05,370.02,370.05,894
2026-07-20 17:06:00,370.03,370.1,370.03,370.076,1279
2026-07-20 17:07:00,370.09,370.09,370.03,370.03,460
2026-07-20 17:08:00,370.02,370.02,369.99,370.01,557
2026-07-20 17:09:00,369.9998,369.9998,369.9998,369.9998,1000
2026-07-20 17:10:00,369.9845,369.9845,369.95,369.97,810
2026-07-20 17:11:00,369.96,369.97,369.9167,369.95,747
2026-07-20 17:12:00,369.94,369.97,369.94,369.97,1082
2026-07-20 17:13:00,369.9158,369.97,369.9,369.9,270
2026-07-20 17:14:00,369.97,370,369.97,370,90
2026-07-20 17:16:00,370.0193,370.0193,370.0193,370.0193,100
2026-07-20 17:17:00,369.96,370.02,369.96,370,830
2026-07-20 17:18:00,369.9776,370.02,369.97,370.02,744
2026-07-20 17:19:00,370.0155,370.0842,370.0155,370.0842,150
2026-07-20 17:20:00,370.1,370.2187,370.05,370.2187,1481
2026-07-20 17:21:00,370.18,370.19,370.02,370.03,3293
2026-07-20 17:22:00,370,370.18,370,370,249
2026-07-20 17:23:00,370.0602,370.18,370.0602,370.18,750
2026-07-20 17:24:00,370.1,370.12,370.1,370.12,1206
2026-07-20 17:25:00,370.1077,370.1077,370.1077,370.1077,50
2026-07-20 17:26:00,370.09,370.09,370.03,370.06,2915
2026-07-20 17:27:00,370.05,370.2,370.05,370.2,1204
2026-07-20 17:28:00,370.0864,370.1,370,370.1,1564
2026-07-20 17:29:00,370.17,370.25,370.01,370.1,801
2026-07-20 17:30:00,370.16,370.2447,370.16,370.2447,238
2026-07-20 17:31:00,370.27,370.27,370.27,370.27,50
2026-07-20 17:32:00,370.2392,370.27,370.18,370.2,1069
2026-07-20 17:33:00,370.16,370.2093,370.143,370.15,575
2026-07-20 17:34:00,370.1285,370.13,370.05,370.05,850
2026-07-20 17:35:00,370,370.0511,370,370.01,955
2026-07-20 17:36:00,370.08,370.11,370.01,370.08,1045
2026-07-20 17:37:00,370.021,370.11,370.021,370.11,241
2026-07-20 17:38:00,370.11,370.11,370.08,370.08,1137
2026-07-20 17:39:00,370.13,370.26,370.03,370.03,680
2026-07-20 17:40:00,370.05,370.05,370.03,370.03,93
2026-07-20 17:41:00,370.15,370.15,370.15,370.15,270
2026-07-20 17:42:00,370.16,370.16,370.16,370.16,46
2026-07-20 17:43:00,370.26,370.27,370.25,370.2503,584
2026-07-20 17:44:00,370.26,370.48,370.26,370.29,653
2026-07-20 17:45:00,370.3,370.48,370.3,370.32,1204
2026-07-20 17:46:00,370.3299,370.48,370.32,370.478,1418
2026-07-20 17:47:00,370.48,370.48,370.48,370.48,50
2026-07-20 17:48:00,370.43,370.4799,370.4039,370.4799,907
2026-07-20 17:49:00,370.3915,370.43,370.38,370.4,547
2026-07-20 17:50:00,370.45,370.45,370.4206,370.45,1200
2026-07-20 17:51:00,370.33,370.33,370.3,370.3002,273
2026-07-20 17:52:00,370.3,370.4,370.3,370.4,682
2026-07-20 17:53:00,370.31,370.3299,370.31,370.3299,377
2026-07-20 17:54:00,370.3,370.3,370.3,370.3,150
2026-07-20 17:55:00,370.3001,370.3899,370.2,370.2,2962
2026-07-20 17:56:00,370.3521,370.3521,370.32,370.32,220
2026-07-20 17:57:00,370.37,370.37,370.36,370.37,839
2026-07-20 17:58:00,370.36,370.36,370.3,370.3,310
2026-07-20 17:59:00,370.2559,370.29,370.251,370.29,799
2026-07-20 18:00:00,370.3,370.3,370.081,370.25,1157
2026-07-20 18:01:00,370.25,370.25,370.16,370.2,362
2026-07-20 18:02:00,370.2,370.21,370,370,1018
2026-07-20 18:03:00,370.1631,370.1631,370.0155,370.0155,149
2026-07-20 18:04:00,370.0269,370.1,370.0155,370.027,390
2026-07-20 18:05:00,370,370.01,369.9,370,1791
2026-07-20 18:06:00,369.9004,369.98,369.82,369.82,1168
2026-07-20 18:07:00,369.8,369.91,369.77,369.77,1475
2026-07-20 18:08:00,369.82,369.85,369.7917,369.84,2693
2026-07-20 18:09:00,369.84,369.9,369.77,369.77,3597
2026-07-20 18:10:00,369.8,369.8,369.7,369.7,1060
2026-07-20 18:11:00,369.7,369.74,369.6,369.63,1914
2026-07-20 18:12:00,369.6046,369.6046,369.57,369.58,519
2026-07-20 18:13:00,369.58,369.59,369.5785,369.58,699
2026-07-20 18:14:00,369.5101,369.75,369.5101,369.6999,1749
2026-07-20 18:15:00,369.61,369.7,369.58,369.7,731
2026-07-20 18:16:00,369.6998,369.75,369.58,369.75,705
2026-07-20 18:17:00,369.58,369.61,369.58,369.59,266
2026-07-20 18:18:00,369.75,369.75,369.665,369.68,372
2026-07-20 18:19:00,369.6301,369.75,369.63,369.7484,640
2026-07-20 18:20:00,369.6,369.72,369.6,369.72,1267
2026-07-20 18:21:00,369.75,369.7738,369.7485,369.7738,1265
2026-07-20 18:22:00,369.6584,369.6584,369.6584,369.6584,200
2026-07-20 18:23:00,369.68,369.75,369.68,369.68,583
2026-07-20 18:24:00,369.68,369.71,369.68,369.71,389
2026-07-20 18:25:00,369.67,369.7,369.65,369.65,515
2026-07-20 18:26:00,369.65,369.72,369.6116,369.66,3184
2026-07-20 18:27:00,369.62,369.62,369.6,369.6,200
2026-07-20 18:28:00,369.62,369.64,369.62,369.64,377
2026-07-20 18:29:00,369.61,369.61,369.5132,369.531,355
2026-07-20 18:30:00,369.64,369.64,369.64,369.64,75
2026-07-20 18:31:00,369.6306,369.64,369.6306,369.64,278
2026-07-20 18:32:00,369.62,369.62,369.6,369.6,386
2026-07-20 18:33:00,369.59,369.6,369.5,369.5,1794
2026-07-20 18:34:00,369.49,369.53,369.41,369.41,322
2026-07-20 18:35:00,369.6,369.6,369.6,369.6,229
2026-07-20 18:36:00,369.57,369.57,369.57,369.57,50
2026-07-20 18:37:00,369.63,369.64,369.6,369.64,310
2026-07-20 18:38:00,369.6,369.6296,369.6,369.6296,150
2026-07-20 18:39:00,369.64,369.64,369.6315,369.64,609
2026-07-20 18:40:00,369.64,369.7045,369.62,369.62,198
2026-07-20 18:42:00,369.7,369.7,369.7,369.7,172
2026-07-20 18:43:00,369.69,369.72,369.66,369.7169,801
2026-07-20 18:44:00,369.7,369.8,369.6679,369.8,714
2026-07-20 18:45:00,369.73,369.8,369.72,369.72,227
2026-07-20 18:48:00,369.77,369.77,369.76,369.76,144
2026-07-20 18:49:00,369.72,369.72,369.69,369.69,400
2026-07-20 18:51:00,369.6501,369.7,369.6501,369.6577,351
2026-07-20 18:52:00,369.6999,369.7,369.6493,369.6901,700
2026-07-20 18:53:00,369.7,369.7,369.69,369.69,984
2026-07-20 18:54:00,369.69,369.69,369.69,369.69,50
2026-07-20 18:55:00,369.7093,369.71,369.7093,369.71,140
2026-07-20 18:56:00,369.7122,369.7122,369.7122,369.7122,88
2026-07-20 18:57:00,369.6577,369.66,369.6114,369.6114,631
2026-07-20 18:58:00,369.635,369.635,369.635,369.635,100
2026-07-20 18:59:00,369.7,369.7,369.7,369.7,200
2026-07-20 19:00:00,369.69,369.69,369.69,369.69,40
2026-07-20 19:01:00,369.6969,369.7,369.6969,369.7,793
2026-07-20 19:02:00,369.7587,369.9686,369.7587,369.7695,1375
2026-07-20 19:03:00,369.9,369.9768,369.9,369.9768,140
2026-07-20 19:04:00,369.97,370,369.97,370,1130
2026-07-20 19:05:00,370.08,370.1,370.0076,370.0845,730
2026-07-20 19:06:00,370.0011,370.1,369.9732,370.0958,873
2026-07-20 19:07:00,370.09,370.17,370,370.1,215
2026-07-20 19:08:00,370.2,370.3,370.0358,370.3,731
2026-07-20 19:09:00,370.2951,370.2951,370.26,370.26,270
2026-07-20 19:10:00,370.3955,370.4,370.3324,370.36,967
2026-07-20 19:11:00,370.38,370.4718,370.3513,370.4718,905
2026-07-20 19:12:00,370.45,370.48,370.35,370.4077,1457
2026-07-20 19:13:00,370.4,370.42,370.3,370.3,1139
2026-07-20 19:14:00,370.2505,370.31,370.23,370.23,624
2026-07-20 19:15:00,370.23,370.42,370.1972,370.1972,1043
2026-07-20 19:16:00,370.35,370.35,370.3324,370.3324,149
2026-07-20 19:17:00,370.3659,370.39,370.3,370.3134,1402
2026-07-20 19:18:00,370.32,370.5,370.2211,370.45,832
2026-07-20 19:19:00,370.5,370.7,370.5,370.6631,1800
2026-07-20 19:20:00,370.6222,370.7,370.3408,370.3408,1482
2026-07-20 19:21:00,370.6,370.62,370.6,370.62,1223
2026-07-20 19:22:00,370.59,370.64,370.5756,370.5756,356
2026-07-20 19:23:00,370.66,370.7152,370.6,370.7152,396
2026-07-20 19:24:00,370.66,370.7,370.6319,370.6388,1200
2026-07-20 19:25:00,370.59,370.6407,370.59,370.63,400
2026-07-20 19:26:00,370.6331,370.6331,370.6331,370.6331,100
2026-07-20 19:27:00,370.63,370.6386,370.6,370.63,649
2026-07-20 19:28:00,370.57,370.5701,370.57,370.5701,204
2026-07-20 19:29:00,370.6,370.63,370.57,370.6,345
2026-07-20 19:30:00,370.6297,370.6297,370.6,370.6017,2579
2026-07-20 19:31:00,370.6383,370.7,370.6383,370.7,907
2026-07-20 19:32:00,370.6301,370.75,370.6301,370.75,902
2026-07-20 19:33:00,370.8,370.8,370.6503,370.7507,580
2026-07-20 19:34:00,370.64,370.67,370.63,370.6362,980
2026-07-20 19:35:00,370.63,370.67,370.63,370.67,456
2026-07-20 19:36:00,370.67,370.7619,370.67,370.7619,167
2026-07-20 19:37:00,370.75,370.77,370.6521,370.67,505
2026-07-20 19:38:00,370.7,370.7,370.7,370.7,80
2026-07-20 19:39:00,370.7,370.7,370.65,370.65,770
2026-07-20 19:40:00,370.7,370.7,370.6993,370.6993,394
2026-07-20 19:41:00,370.69,370.6996,370.69,370.6996,820
2026-07-20 19:42:00,370.7,370.7,370.64,370.64,240
2026-07-20 19:43:00,370.6,370.7,370.6,370.6,1728
2026-07-20 19:44:00,370.6,370.69,370.6,370.69,551
2026-07-20 19:45:00,370.69,370.7,370.63,370.7,1455
2026-07-20 19:46:00,370.6876,370.6876,370.6876,370.6876,200
2026-07-20 19:47:00,370.68,370.69,370.6,370.6,963
2026-07-20 19:48:00,370.66,370.67,370.6593,370.67,165
2026-07-20 19:49:00,370.652,370.69,370.652,370.6895,422
2026-07-20 19:50:00,370.6737,370.6737,370.51,370.5423,1480
2026-07-20 19:51:00,370.5001,370.55,370.41,370.41,1393
2026-07-20 19:52:00,370.5,370.65,370.4551,370.65,1680
2026-07-20 19:53:00,370.4599,370.46,370.45,370.4597,2453
2026-07-20 19:54:00,370.49,370.5383,370.45,370.45,1549
2026-07-20 19:55:00,370.48,370.69,370.46,370.69,358
2026-07-20 19:56:00,370.59,370.6,370.59,370.5998,326
2026-07-20 19:57:00,370.6012,370.74,370.6012,370.7,720
2026-07-20 19:58:00,370.7774,370.7774,370.5,370.5,1486
2026-07-20 19:59:00,370.55,370.55,370.4587,370.5,1720
2026-07-21 04:00:00,373.91,374.7,372.5,372.61,26597
2026-07-21 04:01:00,372.83,374.51,372.48,373.89,35293
2026-07-21 04:02:00,374,374.65,373.61,374.18,24603
2026-07-21 04:03:00,374.18,374.44,374.18,374.44,971
2026-07-21 04:04:00,374.4057,374.55,374.4057,374.55,1107
2026-07-21 04:05:00,374.58,374.58,373.64,373.64,1162
2026-07-21 04:06:00,374.47,374.58,374.44,374.5679,828
2026-07-21 04:07:00,374.46,374.46,374.4,374.42,1093
2026-07-21 04:08:00,374.46,374.65,374.46,374.61,1212
2026-07-21 04:09:00,374.5,374.59,374.5,374.59,150
2026-07-21 04:10:00,374.5,374.59,374.32,374.57,1207
2026-07-21 04:11:00,374.5,374.5,374.21,374.21,247
2026-07-21 04:12:00,374.43,374.43,374.34,374.34,229
2026-07-21 04:13:00,374.28,374.41,374.28,374.35,1071
2026-07-21 04:14:00,374.32,374.32,374.2037,374.2037,94
2026-07-21 04:15:00,374.34,374.34,374.34,374.34,130
2026-07-21 04:16:00,374.33,374.34,374.2,374.32,1151
2026-07-21 04:17:00,374.34,374.34,374.3241,374.3241,532
2026-07-21 04:18:00,374.29,374.29,374.23,374.24,172
2026-07-21 04:19:00,374.24,374.31,374.2,374.2,1064
2026-07-21 04:20:00,374.26,374.26,374.23,374.24,172
2026-07-21 04:21:00,374.26,374.2658,374.26,374.2658,143
2026-07-21 04:22:00,374.32,374.5,374.3,374.43,949
2026-07-21 04:23:00,374.43,374.48,374.43,374.47,224
2026-07-21 04:24:00,374.51,374.51,374.47,374.47,534
2026-07-21 04:25:00,374.49,374.51,374.46,374.5,1055
2026-07-21 04:26:00,374.5,374.5,374.4,374.4,244
2026-07-21 04:27:00,374.43,374.43,374.35,374.35,135
2026-07-21 04:28:00,374.41,374.41,374.35,374.35,292
2026-07-21 04:29:00,374.4,374.43,374.4,374.43,180
2026-07-21 04:30:00,374.44,374.45,374.44,374.45,150
2026-07-21 04:31:00,374.41,374.41,374.36,374.36,227
2026-07-21 04:32:00,374.35,374.45,374.35,374.45,208
2026-07-21 04:33:00,374.35,374.4,374.35,374.4,665
2026-07-21 04:34:00,374.26,374.26,374.2255,374.2255,140
2026-07-21 04:35:00,374.25,374.25,374.25,374.25,350
2026-07-21 04:36:00,374.21,374.21,374.21,374.21,80
2026-07-21 04:37:00,374.2,374.23,374.1056,374.18,508
2026-07-21 04:38:00,374.2,374.2725,374.2,374.21,516
2026-07-21 04:39:00,374.18,374.3119,374.18,374.3119,340
2026-07-21 04:40:00,374.15,374.2,374.146,374.2,130
2026-07-21 04:42:00,374.24,374.24,374.0934,374.2,143
2026-07-21 04:43:00,374.2217,374.2217,374.0571,374.0571,95
2026-07-21 04:44:00,374.1,374.21,374,374.21,495
2026-07-21 04:45:00,374,374,374,374,269
2026-07-21 04:46:00,374,374,373.84,373.9464,459
2026-07-21 04:48:00,373.99,373.99,373.96,373.96,160
2026-07-21 04:49:00,373.93,373.96,373.7514,373.7514,2272
2026-07-21 04:50:00,373.84,373.96,373.84,373.96,94
2026-07-21 04:51:00,373.9,373.97,373.87,373.97,538
2026-07-21 04:52:00,374,374.13,374,374.13,371
2026-07-21 04:53:00,374,374.04,374,374.04,492
2026-07-21 04:54:00,374.24,374.24,374.0891,374.15,464
2026-07-21 04:55:00,374.08,374.16,374.08,374.16,1003
2026-07-21 04:56:00,374.13,374.13,374,374,106
2026-07-21 04:57:00,374.09,374.09,374.09,374.09,48
2026-07-21 04:58:00,374.12,374.3,374.12,374.22,546
2026-07-21 04:59:00,374.24,374.24,374.2,374.2,291
2026-07-21 05:00:00,374.3,374.33,374.19,374.19,293
2026-07-21 05:01:00,374.39,374.39,374.39,374.39,419
2026-07-21 05:02:00,374.33,374.33,374.33,374.33,63
2026-07-21 05:03:00,374.33,374.33,374.33,374.33,40
2026-07-21 05:04:00,374.32,374.32,374.27,374.27,140
2026-07-21 05:05:00,374.31,374.31,374.2,374.2,360
2026-07-21 05:06:00,374.3133,374.3133,374.18,374.18,142
2026-07-21 05:07:00,374.2058,374.2058,374.2058,374.2058,50
2026-07-21 05:08:00,374.24,374.24,374.24,374.24,50
2026-07-21 05:09:00,374.27,374.27,374.27,374.27,50
2026-07-21 05:10:00,374.34,374.34,374.34,374.34,100
2026-07-21 05:11:00,374.3,374.3,374.3,374.3,50
2026-07-21 05:12:00,374.27,374.27,374.27,374.27,252
2026-07-21 05:13:00,374.33,374.33,374.3288,374.3288,634
2026-07-21 05:14:00,374.31,374.31,374.31,374.31,92
2026-07-21 05:15:00,374.29,374.4,374.29,374.39,460
2026-07-21 05:16:00,374.42,374.45,374.4,374.42,1059
2026-07-21 05:17:00,374.49,374.49,374.3254,374.48,569
2026-07-21 05:18:00,374.45,374.45,374.45,374.45,1415
2026-07-21 05:19:00,374.5,374.6,374.5,374.5,382
2026-07-21 05:20:00,374.6,374.62,374.6,374.6167,385
2026-07-21 05:21:00,374.6,374.61,374.5,374.51,1045
2026-07-21 05:23:00,374.5,374.545,374.49,374.545,191
2026-07-21 05:24:00,374.51,374.54,374.51,374.54,170
2026-07-21 05:25:00,374.6,374.6,374.6,374.6,50
2026-07-21 05:26:00,374.57,374.57,374.48,374.48,92
2026-07-21 05:27:00,374.5,374.5,374.5,374.5,50
2026-07-21 05:29:00,374.38,374.5,374.38,374.5,320
2026-07-21 05:30:00,374.34,374.34,374.34,374.34,544
2026-07-21 05:32:00,374.3,374.3,374.29,374.29,113
2026-07-21 05:33:00,374.3028,374.33,374.3028,374.33,516
2026-07-21 05:34:00,374.3,374.3,374.3,374.3,74
2026-07-21 05:35:00,374.232,374.25,374.232,374.25,99
2026-07-21 05:36:00,374.25,374.3,374.25,374.3,150
2026-07-21 05:37:00,374.29,374.29,374.29,374.29,100
2026-07-21 05:38:00,374.2,374.26,374.2,374.26,254
2026-07-21 05:39:00,374.24,374.25,374.2,374.2,248
2026-07-21 05:40:00,374.13,374.13,374.13,374.13,40
2026-07-21 05:41:00,374.11,374.11,374.11,374.11,120
2026-07-21 05:42:00,374.1435,374.1435,374.1435,374.1435,41
2026-07-21 05:43:00,374.14,374.17,374.14,374.17,528
2026-07-21 05:44:00,374.24,374.24,374.24,374.24,40
2026-07-21 05:45:00,374.17,374.17,374.14,374.14,172
2026-07-21 05:46:00,374.33,374.33,374.33,374.33,119
2026-07-21 05:47:00,374.36,374.4041,374.36,374.4041,179
2026-07-21 05:48:00,374.3923,374.3923,374.3923,374.3923,500
2026-07-21 05:50:00,374.38,374.4772,374.38,374.4772,513
2026-07-21 05:51:00,374.2145,374.45,374.2145,374.45,150
2026-07-21 05:52:00,374.25,374.28,374.25,374.28,83
2026-07-21 05:53:00,374.1969,374.1969,374.1969,374.1969,100
2026-07-21 05:54:00,374.43,374.43,374.3055,374.3055,540
2026-07-21 05:56:00,374.4,374.4,374.39,374.39,183
2026-07-21 05:57:00,374.31,374.31,374.29,374.29,342
2026-07-21 05:58:00,374.2,374.2,374.2,374.2,59
2026-07-21 05:59:00,374.12,374.1494,374,374.1494,2201
2026-07-21 06:00:00,373.99,373.99,373.99,373.99,449
2026-07-21 06:01:00,373.85,373.91,373.85,373.88,385
2026-07-21 06:02:00,373.9,374.02,373.9,373.98,425
2026-07-21 06:03:00,374,374,373.98,373.98,251
2026-07-21 06:04:00,373.95,373.96,373.784,373.784,150
2026-07-21 06:05:00,373.83,373.85,373.78,373.85,285
2026-07-21 06:06:00,373.8,373.8,373.75,373.8,914
2026-07-21 06:07:00,373.88,373.99,373.875,373.99,450
2026-07-21 06:08:00,373.8,374,373.8,374,93
2026-07-21 06:09:00,373.99,373.99,373.99,373.99,100
2026-07-21 06:10:00,373.8,374.18,373.8,373.9392,357
2026-07-21 06:11:00,374.1201,374.2,374.05,374.08,825
2026-07-21 06:12:00,374.31,374.31,374.31,374.31,54
2026-07-21 06:13:00,374.09,374.09,374.08,374.08,195
2026-07-21 06:14:00,374.19,374.25,374.15,374.15,425
2026-07-21 06:15:00,374.15,374.27,374.15,374.27,400
2026-07-21 06:17:00,374.37,374.37,374.32,374.32,1050
2026-07-21 06:18:00,374.36,374.36,374.36,374.36,100
2026-07-21 06:19:00,374.4,374.4,374.4,374.4,112
2026-07-21 06:20:00,374.37,374.37,374.28,374.3,364
2026-07-21 06:21:00,374.28,374.28,374.25,374.25,588
2026-07-21 06:23:00,374.27,374.27,374.27,374.27,100
2026-07-21 06:24:00,374.44,374.44,374.3,374.37,616
2026-07-21 06:25:00,374.3,374.33,374.3,374.33,784
2026-07-21 06:26:00,374.3,374.3,374.21,374.21,1020
2026-07-21 06:27:00,374.14,374.2,374.14,374.2,110
2026-07-21 06:28:00,374.36,374.36,374.2155,374.2155,150
2026-07-21 06:30:00,374.36,374.43,374.36,374.36,1004
2026-07-21 06:31:00,374.36,374.36,374.29,374.3,578
2026-07-21 06:32:00,374.35,374.35,374.35,374.35,170
2026-07-21 06:33:00,374.397,374.397,374.3078,374.36,500
2026-07-21 06:34:00,374.36,374.36,374.36,374.36,57
2026-07-21 06:35:00,374.41,374.42,374.41,374.42,276
2026-07-21 06:36:00,374.36,374.52,374.36,374.52,1034
2026-07-21 06:37:00,374.35,374.35,374.35,374.35,90
2026-07-21 06:39:00,374.2,374.2,374.07,374.07,375
2026-07-21 06:40:00,373.78,373.78,373.78,373.78,40
2026-07-21 06:42:00,373.88,373.9963,373.88,373.9963,185
2026-07-21 06:43:00,373.97,373.97,373.97,373.97,40
2026-07-21 06:46:00,373.99,373.99,373.89,373.89,385
2026-07-21 06:47:00,373.83,373.83,373.8,373.8,260
2026-07-21 06:48:00,373.76,373.76,373.76,373.76,89
2026-07-21 06:49:00,373.8234,373.91,373.79,373.8,590
2026-07-21 06:51:00,373.78,373.78,373.69,373.69,200
2026-07-21 06:52:00,373.69,373.77,373.6,373.6,719
2026-07-21 06:53:00,373.82,373.82,373.74,373.74,302
2026-07-21 06:54:00,373.7,373.7,373.52,373.52,340
2026-07-21 06:55:00,373.5,373.5948,373.42,373.47,782
2026-07-21 06:56:00,373.4133,373.43,373.41,373.41,705
2026-07-21 06:57:00,373.33,373.36,373.26,373.27,726
2026-07-21 06:58:00,373.2732,373.36,373.2732,373.36,141
2026-07-21 06:59:00,373.37,373.43,373.37,373.43,150
2026-07-21 07:00:00,373.53,374,373.2,373.2,10452
2026-07-21 07:01:00,373.2,373.3,373.01,373.2,3356
2026-07-21 07:02:00,373.26,373.35,373.2,373.35,1140
2026-07-21 07:03:00,373.3,373.5,373.3,373.38,2277
2026-07-21 07:04:00,373.3274,373.45,373.1886,373.1886,1872
2026-07-21 07:05:00,373.1903,373.32,373.1903,373.3,2194
2026-07-21 07:06:00,373.39,373.39,373.15,373.2755,973
2026-07-21 07:07:00,373.11,373.11,372.8014,372.8014,1546
2026-07-21 07:08:00,372.91,373,372.82,372.9,2678
2026-07-21 07:09:00,372.81,372.9,372.7,372.7,1077
2026-07-21 07:10:00,372.7611,372.9799,372.7611,372.9799,1972
2026-07-21 07:11:00,372.98,372.98,372.66,372.66,2258
2026-07-21 07:12:00,372.84,372.98,372.7086,372.98,1188
2026-07-21 07:13:00,373,373.3,372.9422,372.9422,1198
2026-07-21 07:14:00,373.2,373.2,372.9407,372.9861,1019
2026-07-21 07:15:00,372.88,372.944,372.87,372.944,235
2026-07-21 07:16:00,372.92,372.92,372.74,372.77,1035
2026-07-21 07:17:00,372.75,372.89,372.7023,372.7023,1151
2026-07-21 07:18:00,372.7,372.73,372.6,372.63,3075
2026-07-21 07:19:00,372.63,372.63,372.4,372.5,1812
2026-07-21 07:20:00,372.5,372.5,372.39,372.39,200
2026-07-21 07:21:00,372.4,372.455,372.4,372.42,432
2026-07-21 07:22:00,372.4635,372.5,372.25,372.25,4207
2026-07-21 07:23:00,372.34,372.5,372.26,372.46,2450
2026-07-21 07:24:00,372.5,372.6,372.4221,372.6,1781
2026-07-21 07:25:00,372.7,372.7,372.26,372.26,400
2026-07-21 07:26:00,372.27,372.39,372.2,372.2,3198
2026-07-21 07:27:00,372.1,372.3086,372.1,372.2935,2639
2026-07-21 07:28:00,372.2,372.3,371.89,372.03,8484
2026-07-21 07:29:00,372.1,372.15,372,372.15,1636
2026-07-21 07:30:00,372.2,372.46,372.2,372.46,1503
2026-07-21 07:31:00,372.4189,372.44,372.28,372.28,560
2026-07-21 07:32:00,372.29,372.4,372.29,372.4,1022
2026-07-21 07:33:00,372.4,372.5881,372.4,372.43,1860
2026-07-21 07:34:00,372.4746,372.53,372.4746,372.5,790
2026-07-21 07:35:00,372.4892,372.5,372.43,372.5,908
2026-07-21 07:36:00,372.4984,372.55,372.44,372.44,1251
2026-07-21 07:37:00,372.44,372.48,372.42,372.47,1349
2026-07-21 07:38:00,372.4813,372.5861,372.4813,372.54,677
2026-07-21 07:39:00,372.6,372.6,372.5,372.52,532
2026-07-21 07:40:00,372.41,372.6,372.41,372.6,968
2026-07-21 07:41:00,372.5,372.55,372.5,372.54,1129
2026-07-21 07:42:00,372.5642,372.5642,372.4942,372.55,980
2026-07-21 07:43:00,372.5999,372.5999,372.5999,372.5999,200
2026-07-21 07:44:00,372.5804,372.6,369.57,372.5982,6384
2026-07-21 07:45:00,372.5035,372.68,372.5035,372.58,2884
2026-07-21 07:46:00,372.5888,372.5888,372.42,372.42,1908
2026-07-21 07:47:00,372.56,372.56,372.508,372.508,242
2026-07-21 07:48:00,372.53,372.593,372.4556,372.593,458
2026-07-21 07:49:00,372.6,372.6,372.6,372.6,485
2026-07-21 07:50:00,372.6,372.6,372.4999,372.4999,5227
2026-07-21 07:51:00,372.4408,372.4408,372.3624,372.4193,1914
2026-07-21 07:52:00,372.5,372.6,372.4998,372.6,606
2026-07-21 07:53:00,372.55,372.74,372.55,372.72,2142
2026-07-21 07:54:00,372.6401,372.71,372.62,372.71,400
2026-07-21 07:55:00,372.7037,372.7982,372.62,372.7982,1778
2026-07-21 07:56:00,372.75,372.84,372.73,372.7742,1445
2026-07-21 07:57:00,372.787,372.79,372.6,372.7299,2546
2026-07-21 07:58:00,372.6817,372.73,372.66,372.66,762
2026-07-21 07:59:00,372.66,372.73,372.55,372.5875,339
2026-07-21 08:00:00,372.73,373,372.68,372.99,3411
2026-07-21 08:01:00,372.99,372.99,372.7021,372.84,863
2026-07-21 08:02:00,372.7,372.7,372.6884,372.6884,100
2026-07-21 08:03:00,372.69,372.8,372.69,372.8,710
2026-07-21 08:04:00,372.6853,372.8,372.6853,372.7819,1325
2026-07-21 08:05:00,372.8,372.81,372.75,372.7985,1505
2026-07-21 08:06:00,372.71,372.8,372.6434,372.7314,2011
2026-07-21 08:07:00,372.89,373,372.89,373,2327
2026-07-21 08:08:00,373,373.38,373,373.38,3187
2026-07-21 08:09:00,373.32,373.64,373.24,373.63,3290
2026-07-21 08:10:00,373.56,373.68,373.3279,373.4519,1072
2026-07-21 08:11:00,373.5675,373.64,373.5217,373.64,1302
2026-07-21 08:12:00,373.7,373.79,373.64,373.72,1020
2026-07-21 08:13:00,373.7014,373.9,373.7,373.716,1127
2026-07-21 08:14:00,373.78,373.96,373.75,373.9199,4117
2026-07-21 08:15:00,373.9,373.9,373.5,373.5,2149
2026-07-21 08:16:00,373.44,373.9,373.44,373.86,1716
2026-07-21 08:17:00,373.86,373.9,373.7,373.72,1230
2026-07-21 08:18:00,373.81,373.81,373.63,373.63,2339
2026-07-21 08:19:00,373.5142,373.5142,373.04,373.2,5667
2026-07-21 08:20:00,373.04,373.1,372.85,372.87,8669
2026-07-21 08:21:00,372.87,372.87,372.85,372.87,1219
2026-07-21 08:22:00,372.8212,372.87,372.8,372.8687,1645
2026-07-21 08:23:00,372.8,373.2159,372.7915,373.2159,2160
2026-07-21 08:24:00,373.25,373.25,373.03,373.17,1880
2026-07-21 08:25:00,373.1002,373.19,373.1,373.1667,603
2026-07-21 08:26:00,373.17,373.1801,372.9761,372.9778,779
2026-07-21 08:27:00,372.99,372.99,372.79,372.79,2251
2026-07-21 08:28:00,372.7819,372.7993,372.71,372.79,874
2026-07-21 08:29:00,372.62,372.81,372.57,372.7,1476
2026-07-21 08:30:00,372.75,372.78,372.55,372.6799,12078
2026-07-21 08:31:00,372.55,372.57,372.4,372.54,2284
2026-07-21 08:32:00,372.483,372.55,372.483,372.5,1566
2026-07-21 08:33:00,372.4286,372.5237,372.4286,372.5028,409
2026-07-21 08:34:00,372.4501,372.5297,372.41,372.47,2327
2026-07-21 08:35:00,372.41,372.41,371.755,371.8063,7046
2026-07-21 08:36:00,371.75,371.86,371.68,371.86,1491
2026-07-21 08:37:00,371.81,371.87,371.7179,371.8,1775
2026-07-21 08:38:00,371.6942,371.8352,371.573,371.64,1387
2026-07-21 08:39:00,371.631,371.7309,371.39,371.39,3010
2026-07-21 08:40:00,371.51,371.7405,371.2475,371.322,5408
2026-07-21 08:41:00,371.33,371.33,371.12,371.2305,4370
2026-07-21 08:42:00,371.23,371.29,371.18,371.2408,4103
2026-07-21 08:43:00,371.3,371.33,371.11,371.2905,8572
2026-07-21 08:44:00,371.27,371.33,371.27,371.33,3491
2026-07-21 08:45:00,371.33,371.33,371.2699,371.29,6477
2026-07-21 08:46:00,371.31,371.33,371.25,371.32,7159
2026-07-21 08:47:00,371.2506,371.33,371.25,371.33,2613
2026-07-21 08:48:00,371.31,371.33,371.2,371.23,9659
2026-07-21 08:49:00,371.24,371.33,371.2,371.3143,2329
2026-07-21 08:50:00,371.33,371.33,371.2,371.27,1825
2026-07-21 08:51:00,371.2876,371.33,371.22,371.3285,1167
2026-07-21 08:52:00,371.3147,371.33,371.2608,371.3299,3155
2026-07-21 08:53:00,371.29,371.33,371.25,371.33,1724
2026-07-21 08:54:00,371.33,371.33,371.3,371.33,5132
2026-07-21 08:55:00,371.3176,371.33,371.29,371.29,1456
2026-07-21 08:56:00,371.3,371.33,371.2,371.2,2217
2026-07-21 08:57:00,371.2789,371.33,371.2789,371.33,1868
2026-07-21 08:58:00,371.2693,371.33,371.26,371.33,1833
2026-07-21 08:59:00,371.32,371.33,371.27,371.33,1329
2026-07-21 09:00:00,371.33,371.33,371.05,371.26,2902
2026-07-21 09:01:00,371.031,371.29,371.01,371.29,3386
2026-07-21 09:02:00,371.21,371.33,371.2,371.32,3425
2026-07-21 09:03:00,371.33,371.33,371.3,371.33,5166
2026-07-21 09:04:00,371.33,371.33,371.3,371.3,3160
2026-07-21 09:05:00,371.3264,371.33,371.29,371.33,4635
2026-07-21 09:06:00,371.3,371.33,371.3,371.3146,2564
2026-07-21 09:07:00,371.27,371.33,371.25,371.25,1757
2026-07-21 09:08:00,371.26,371.3,371.11,371.2,711
2026-07-21 09:09:00,371.28,371.28,371.24,371.25,436
2026-07-21 09:10:00,371.2624,371.33,371.12,371.12,3672
2026-07-21 09:11:00,371.14,371.33,371.1,371.33,3437
2026-07-21 09:12:00,371.33,371.33,371.25,371.33,8276
2026-07-21 09:13:00,371.32,371.33,371.2577,371.31,1630
2026-07-21 09:14:00,371.31,371.33,371.17,371.17,4116
2026-07-21 09:15:00,371.31,371.33,371.2762,371.31,1148
2026-07-21 09:16:00,371.32,371.33,371.3,371.31,4538
2026-07-21 09:17:00,371.33,371.33,371.2637,371.3272,2176
2026-07-21 09:18:00,371.3291,371.33,371.2901,371.3,1450
2026-07-21 09:19:00,371.3,371.33,371.07,371.07,11880
2026-07-21 09:20:00,371.29,371.29,371.03,371.1128,2248
2026-07-21 09:21:00,371.175,371.26,370.66,371,9945
2026-07-21 09:22:00,370.65,370.9493,370.61,370.9493,4365
2026-07-21 09:23:00,370.8403,371.2591,370.8403,371.2591,4722
2026-07-21 09:24:00,371.1099,371.26,370.82,370.82,3757
2026-07-21 09:25:00,371.19,371.19,370.2,370.3,10508
2026-07-21 09:26:00,370.3,370.6,370.14,370.32,5765
2026-07-21 09:27:00,370.47,371.26,370.3,371.13,9839
2026-07-21 09:28:00,371.24,372.25,371.18,371.31,66332
2026-07-21 09:29:00,371.48,371.59,371.01,371.34,6163
2026-07-21 09:30:00,371.34,374.4899,369.98,374.23,590876
2026-07-21 09:31:00,374.08,375.2999,373.75,374.6745,278057
2026-07-21 09:32:00,374.715,375.7,374.49,375.48,170713
2026-07-21 09:33:00,375.37,375.59,374.2,374.82,199418
2026-07-21 09:34:00,374.76,375.0805,373.34,374.3165,157648
2026-07-21 09:35:00,374.315,375.66,373.97,375.585,185229
2026-07-21 09:36:00,375.66,376.72,375.4501,376.13,269189
2026-07-21 09:37:00,376.2181,376.6,376,376.435,114795
2026-07-21 09:38:00,376.45,376.9,376,376.1,187097
2026-07-21 09:39:00,376.1,376.65,374.3,374.35,152152
2026-07-21 09:40:00,374.35,375,373.72,374.53,125577
2026-07-21 09:41:00,374.63,375,374.34,374.93,126132
2026-07-21 09:42:00,374.935,376.12,374.68,376.1,141190
2026-07-21 09:43:00,376.04,376.9403,375.66,375.785,181473
2026-07-21 09:44:00,375.79,376.3476,375.3201,376.27,101570
2026-07-21 09:45:00,376.2899,376.63,375.32,375.38,126396
2026-07-21 09:46:00,375.4899,375.96,375.08,375.9599,78319
2026-07-21 09:47:00,375.89,376.09,375.41,375.9,88867
2026-07-21 09:48:00,375.81,376.15,375.39,375.9799,98766
2026-07-21 09:49:00,375.87,376.3599,375.674,376.16,99541
2026-07-21 09:50:00,376.16,376.99,375.85,376.025,152698
2026-07-21 09:51:00,376.02,376.57,375.96,376.08,75557
2026-07-21 09:52:00,376.08,376.298,375.6,376.1401,84870
2026-07-21 09:53:00,376.04,376.67,375.79,375.83,85431
2026-07-21 09:54:00,375.91,376.11,375.65,375.81,72466
2026-07-21 09:55:00,375.875,376.9699,375.81,376.69,116889
2026-07-21 09:56:00,376.71,376.8,376,376.54,96944
2026-07-21 09:57:00,376.57,376.7299,376.13,376.305,47654
2026-07-21 09:58:00,376.305,376.9299,376.29,376.5,91132
2026-07-21 09:59:00,376.49,377.67,376.11,377.6417,185295
2026-07-21 10:00:00,377.63,378.45,377.34,378.26,239240
2026-07-21 10:01:00,378.285,379.73,378.24,378.72,224935
2026-07-21 10:02:00,378.715,379.38,378.62,379.0901,91393
2026-07-21 10:03:00,379.08,379.15,378.23,378.8,108952
2026-07-21 10:04:00,378.7554,379.04,378.4401,378.8575,76648
2026-07-21 10:05:00,378.8,379.3,378.29,379.035,139589
2026-07-21 10:06:00,379.035,379.72,378.85,379.32,139757
2026-07-21 10:07:00,379.3839,379.89,379.04,379.535,112395
2026-07-21 10:08:00,379.57,380.01,379.248,379.49,152469
2026-07-21 10:09:00,379.49,380.05,379.25,379.62,82883
2026-07-21 10:10:00,379.62,379.94,378.46,378.8401,134244
2026-07-21 10:11:00,378.84,379.0799,378.65,378.94,65824
2026-07-21 10:12:00,378.935,379.66,378.75,379.28,85721
2026-07-21 10:13:00,379.39,379.88,379.2,379.84,118379
2026-07-21 10:14:00,379.8,380.18,379.5301,380.05,142172
2026-07-21 10:15:00,380,380.2,379.38,379.65,106240
2026-07-21 10:16:00,379.65,380.022,379.42,379.87,55553
2026-07-21 10:17:00,379.86,380.74,379.86,380.51,121690
2026-07-21 10:18:00,380.46,381.28,380.18,380.885,194290
2026-07-21 10:19:00,380.89,381.2499,380.57,381.155,110463
2026-07-21 10:20:00,381.2,381.55,380.98,381.1699,118287
2026-07-21 10:21:00,381.07,381.3086,380.67,380.9,85803
2026-07-21 10:22:00,380.925,381.34,380.61,381.02,92251
2026-07-21 10:23:00,381.02,382.6399,381.02,382.575,146495
2026-07-21 10:24:00,382.54,382.69,381.52,382.035,163515
2026-07-21 10:25:00,381.94,382.79,381.89,382.535,150710
2026-07-21 10:26:00,382.58,383.1,382.47,382.75,122886
2026-07-21 10:27:00,382.745,383.08,382.41,382.99,100920
2026-07-21 10:28:00,383.08,383.35,382.84,383.08,94725
2026-07-21 10:29:00,383.13,383.3099,382.41,382.55,106394
2026-07-21 10:30:00,382.54,382.79,382,382.33,95797
2026-07-21 10:31:00,382.38,383.05,381.7833,382.945,127407
2026-07-21 10:32:00,382.96,383.05,382.27,382.75,63421
2026-07-21 10:33:00,382.78,383.11,382.57,382.81,93283
2026-07-21 10:34:00,382.81,382.9099,382.38,382.5483,65756
2026-07-21 10:35:00,382.44,383.1,382.19,382.2,105669
2026-07-21 10:36:00,382.3,382.46,381.69,381.99,112568
2026-07-21 10:37:00,381.9201,382.06,381.67,381.87,67445
2026-07-21 10:38:00,381.895,381.94,381.2401,381.89,107819
2026-07-21 10:39:00,381.79,382.88,381.7,382.88,105719
2026-07-21 10:40:00,382.88,382.95,382.3,382.92,92055
2026-07-21 10:41:00,382.92,383,382.15,382.24,89536
2026-07-21 10:42:00,382.24,382.95,382.24,382.88,50433
2026-07-21 10:43:00,382.9422,383.35,382.63,383.11,165285
2026-07-21 10:44:00,383.15,383.33,382.83,383.25,65287
2026-07-21 10:45:00,383.2795,383.45,383.15,383.21,95851
2026-07-21 10:46:00,383.21,383.32,382.88,383.05,61548
2026-07-21 10:47:00,383.075,383.3,382.85,383.255,64330
2026-07-21 10:48:00,383.255,383.65,383.1,383.495,158398
2026-07-21 10:49:00,383.495,384.07,383.33,383.56,167148
2026-07-21 10:50:00,383.6599,383.79,383,383.3401,93272
2026-07-21 10:51:00,383.335,383.6,383.01,383.3901,70171
2026-07-21 10:52:00,383.36,383.62,382.9,382.955,60584
2026-07-21 10:53:00,382.98,383.2299,382.86,383.08,61308
2026-07-21 10:54:00,383.06,383.35,382.97,383.22,48186
2026-07-21 10:55:00,383.2871,383.36,382.7,382.92,85153
2026-07-21 10:56:00,382.97,382.99,382.31,382.37,83018
2026-07-21 10:57:00,382.37,382.93,382.3,382.78,44254
2026-07-21 10:58:00,382.785,382.9999,382.16,382.435,114552
2026-07-21 10:59:00,382.5,382.97,382.41,382.78,60457
2026-07-21 11:00:00,382.8184,382.92,382.55,382.79,47855
2026-07-21 11:01:00,382.84,382.85,382.5,382.67,34899
2026-07-21 11:02:00,382.6999,382.7,381.88,382.025,89162
2026-07-21 11:03:00,382.02,382.3,381.87,382.0218,60217
2026-07-21 11:04:00,382.06,382.09,381.67,381.94,75666
2026-07-21 11:05:00,381.94,382.14,381.7,381.9699,49526
2026-07-21 11:06:00,381.965,382.2,381.92,382.115,51153
2026-07-21 11:07:00,382.16,382.4,382.03,382.18,56861
2026-07-21 11:08:00,382.265,382.79,382.2,382.63,47518
2026-07-21 11:09:00,382.64,382.98,382.52,382.55,56289
2026-07-21 11:10:00,382.55,382.97,382.49,382.88,48446
2026-07-21 11:11:00,382.875,382.875,382.01,382.195,57982
2026-07-21 11:12:00,382.195,382.48,382.01,382.4192,40526
2026-07-21 11:13:00,382.48,382.48,382,382,34255
2026-07-21 11:14:00,382.015,382.14,381.84,382.045,34293
2026-07-21 11:15:00,382.045,382.46,382.045,382.23,63223
2026-07-21 11:16:00,382.25,382.25,381.68,381.81,59293
2026-07-21 11:17:00,381.91,381.91,381.528,381.7,30531
2026-07-21 11:18:00,381.595,381.69,381.42,381.5846,36520
2026-07-21 11:19:00,381.595,382,381.58,381.85,50315
2026-07-21 11:20:00,381.85,382.2,381.61,382.005,73376
2026-07-21 11:21:00,382.005,382.35,381.84,382.035,58781
2026-07-21 11:22:00,382.0616,382.14,381.44,381.55,55737
2026-07-21 11:23:00,381.58,381.65,381.28,381.56,44092
2026-07-21 11:24:00,381.56,381.56,380.9467,381.085,65476
2026-07-21 11:25:00,381.16,381.6299,381.06,381.54,56645
2026-07-21 11:26:00,381.61,381.99,381.33,381.88,64734
2026-07-21 11:27:00,381.93,382.06,381.63,381.81,47047
2026-07-21 11:28:00,381.84,381.98,381.72,381.795,37784
2026-07-21 11:29:00,381.8,381.95,381.68,381.91,44862
2026-07-21 11:30:00,381.91,381.96,381.19,381.2899,47286
2026-07-21 11:31:00,381.27,381.39,380.87,380.8851,63006
2026-07-21 11:32:00,380.9195,381.247,380.837,381.11,50789
2026-07-21 11:33:00,381.15,381.36,380.5501,380.855,66932
2026-07-21 11:34:00,380.845,380.96,380.6,380.835,51421
2026-07-21 11:35:00,380.88,381,380.43,380.76,81800
2026-07-21 11:36:00,380.755,380.84,380.52,380.76,40500
2026-07-21 11:37:00,380.73,380.96,380.6701,380.855,39535
2026-07-21 11:38:00,380.855,380.95,380.66,380.79,36959
2026-07-21 11:39:00,380.81,381,380.75,380.835,33645
2026-07-21 11:40:00,380.8,381.1399,380.66,381.095,45050
2026-07-21 11:41:00,381.105,381.27,380.96,381.06,41631
2026-07-21 11:42:00,381.06,381.11,380.8006,381.1,36830
2026-07-21 11:43:00,381.1076,381.25,381.05,381.135,26665
2026-07-21 11:44:00,381.171,381.21,380.9,380.93,32215
2026-07-21 11:45:00,380.96,381.04,380.76,380.76,30433
2026-07-21 11:46:00,380.76,380.9197,380.67,380.82,33790
2026-07-21 11:47:00,380.82,381.61,380.82,381.58,56977
2026-07-21 11:48:00,381.58,381.9699,381.58,381.805,62659
2026-07-21 11:49:00,381.805,382.26,381.76,382.1767,94132
2026-07-21 11:50:00,382.225,382.37,382.1,382.1799,53400
2026-07-21 11:51:00,382.14,382.22,381.74,381.91,45550
2026-07-21 11:52:00,381.9495,381.97,381.43,381.43,26727
2026-07-21 11:53:00,381.495,381.9194,381.39,381.85,29592
2026-07-21 11:54:00,381.88,381.89,381.62,381.65,16620
2026-07-21 11:55:00,381.6699,381.83,381.57,381.79,26895
2026-07-21 11:56:00,381.74,382.03,381.675,381.675,32719
2026-07-21 11:57:00,381.6815,381.78,381.4058,381.465,22899
2026-07-21 11:58:00,381.465,381.59,381.31,381.36,32691
2026-07-21 11:59:00,381.3301,381.42,380.94,381.09,44714
2026-07-21 12:00:00,381.09,381.56,381.0001,381.41,28916
2026-07-21 12:01:00,381.455,381.6,381.31,381.555,19895
2026-07-21 12:02:00,381.55,381.68,381.25,381.47,29235
2026-07-21 12:03:00,381.42,381.47,381.19,381.29,27356
2026-07-21 12:04:00,381.32,381.4999,381.08,381.4999,33928
2026-07-21 12:05:00,381.49,381.49,381.15,381.2699,23981
2026-07-21 12:06:00,381.25,381.27,381.03,381.195,38885
2026-07-21 12:07:00,381.195,381.33,381.08,381.1102,26624
2026-07-21 12:08:00,381.145,381.43,381.13,381.2,30070
2026-07-21 12:09:00,381.235,381.31,381.02,381.04,21891
2026-07-21 12:10:00,381.07,381.45,380.89,381.3701,42514
2026-07-21 12:11:00,381.3704,381.63,381.31,381.41,27475
2026-07-21 12:12:00,381.395,381.58,381.34,381.54,20213
2026-07-21 12:13:00,381.54,381.56,381.12,381.175,25506
2026-07-21 12:14:00,381.245,381.26,380.992,381.025,32582
2026-07-21 12:15:00,381.06,381.21,380.87,381.06,52191
2026-07-21 12:16:00,381.0615,381.12,380.9101,381.035,19914
2026-07-21 12:17:00,381.0275,381.12,380.87,380.9601,23260
2026-07-21 12:18:00,380.9312,381.08,380.74,380.835,39148
2026-07-21 12:19:00,380.81,381.06,380.78,381.005,30935
2026-07-21 12:20:00,381.005,381.265,380.84,381.195,30324
2026-07-21 12:21:00,381.23,381.23,381,381.17,29021
2026-07-21 12:22:00,381.1699,381.22,381.01,381.075,24073
2026-07-21 12:23:00,381.075,381.67,381.075,381.585,36407
2026-07-21 12:24:00,381.64,381.87,381.5,381.7299,38992
2026-07-21 12:25:00,381.665,382.05,381.62,381.985,55264
2026-07-21 12:26:00,381.97,382.02,381.63,381.665,47725
2026-07-21 12:27:00,381.665,381.7,381.13,381.22,53072
2026-07-21 12:28:00,381.22,381.55,381.16,381.425,24445
2026-07-21 12:29:00,381.42,381.46,381.23,381.335,18762
2026-07-21 12:30:00,381.37,381.4599,381.2,381.415,23019
2026-07-21 12:31:00,381.415,381.4872,380.98,381.19,39369
2026-07-21 12:32:00,381.23,381.4,381.0701,381.3985,20363
2026-07-21 12:33:00,381.35,381.71,381.35,381.55,32486
2026-07-21 12:34:00,381.56,381.56,381.102,381.3,31140
2026-07-21 12:35:00,381.32,381.4999,381.16,381.17,29665
2026-07-21 12:36:00,381.1701,381.23,381.0001,381.07,39203
2026-07-21 12:37:00,381.1,381.11,380.8702,381.08,28825
2026-07-21 12:38:00,381.065,381.22,380.9926,381.155,25408
2026-07-21 12:39:00,381.145,381.15,380.97,381.13,19179
2026-07-21 12:40:00,381.11,381.1396,380.87,380.92,23069
2026-07-21 12:41:00,380.9,381.25,380.85,380.97,85821
2026-07-21 12:42:00,381,381.08,380.87,380.89,20497
2026-07-21 12:43:00,380.93,380.99,380.78,380.9,21456
2026-07-21 12:44:00,380.93,380.95,380.65,380.73,27741
2026-07-21 12:45:00,380.73,380.85,380.57,380.71,22434
2026-07-21 12:46:00,380.74,381,380.3301,380.9805,76069
2026-07-21 12:47:00,380.95,381.02,380.86,380.97,39001
2026-07-21 12:48:00,380.915,381.19,380.82,381.119,40252
2026-07-21 12:49:00,381.09,381.135,380.99,380.99,25349
2026-07-21 12:50:00,380.9801,381.2,380.95,381.15,22322
2026-07-21 12:51:00,381.16,381.49,381.14,381.31,31573
2026-07-21 12:52:00,381.33,381.33,381.16,381.24,18389
2026-07-21 12:53:00,381.24,381.24,381.0647,381.155,14906
2026-07-21 12:54:00,381.13,381.2,381.05,381.05,29994
2026-07-21 12:55:00,381.04,381.21,381.01,381.16,28078
2026-07-21 12:56:00,381.16,381.17,380.92,380.9301,25915
2026-07-21 12:57:00,380.94,381.11,380.9,380.98,25281
2026-07-21 12:58:00,381.0181,381.0795,380.88,380.955,30931
2026-07-21 12:59:00,380.96,380.99,380.66,380.68,28206
2026-07-21 13:00:00,380.69,381.19,380.67,381.155,40483
2026-07-21 13:01:00,381.1301,381.19,380.97,381.03,18144
2026-07-21 13:02:00,381.01,381.065,380.85,381.015,23766
2026-07-21 13:03:00,381.015,381.06,380.91,380.92,17533
2026-07-21 13:04:00,380.93,380.95,380.772,380.82,38534
2026-07-21 13:05:00,380.82,381.07,380.78,380.99,24473
2026-07-21 13:06:00,381.01,381.06,380.85,380.9,24811
2026-07-21 13:07:00,380.8701,381.0813,380.8701,380.95,13857
2026-07-21 13:08:00,380.945,380.9798,380.9,380.955,15043
2026-07-21 13:09:00,380.98,381.07,380.44,380.465,47812
2026-07-21 13:10:00,380.46,380.5499,379.8,379.86,103341
2026-07-21 13:11:00,379.8,380.09,379.67,379.95,128013
2026-07-21 13:12:00,379.94,379.98,379.64,379.73,34935
2026-07-21 13:13:00,379.73,379.88,379.58,379.695,33846
2026-07-21 13:14:00,379.66,379.77,379.61,379.745,22573
2026-07-21 13:15:00,379.76,379.76,379.55,379.61,30849
2026-07-21 13:16:00,379.71,380.1,379.67,379.78,51977
2026-07-21 13:17:00,379.78,379.8904,379.6,379.7701,40637
2026-07-21 13:18:00,379.77,379.9,379.77,379.86,11726
2026-07-21 13:19:00,379.87,379.9,379.58,379.62,37455
2026-07-21 13:20:00,379.635,379.7,379.51,379.62,43919
2026-07-21 13:21:00,379.62,379.66,379.35,379.52,42157
2026-07-21 13:22:00,379.55,379.88,379.5019,379.8,29210
2026-07-21 13:23:00,379.81,379.9,379.63,379.79,24919
2026-07-21 13:24:00,379.81,379.8617,379.67,379.68,18850
2026-07-21 13:25:00,379.695,379.86,379.69,379.74,30670
2026-07-21 13:26:00,379.74,379.75,379.32,379.3265,28181
2026-07-21 13:27:00,379.35,379.5,379.275,379.3,46898
2026-07-21 13:28:00,379.275,379.59,379.12,379.53,68093
2026-07-21 13:29:00,379.53,379.65,379.39,379.46,17650
2026-07-21 13:30:00,379.4538,380.02,379.44,379.8201,69542
2026-07-21 13:31:00,379.82,379.8776,379.66,379.785,16008
2026-07-21 13:32:00,379.81,379.84,379.58,379.75,21888
2026-07-21 13:33:00,379.75,379.88,379.67,379.79,19109
2026-07-21 13:34:00,379.74,379.79,379.36,379.51,31100
2026-07-21 13:35:00,379.53,379.83,379.49,379.83,13711
2026-07-21 13:36:00,379.81,380.2,379.81,380.145,24688
2026-07-21 13:37:00,380.145,380.38,380.145,380.22,29937
2026-07-21 13:38:00,380.2001,380.45,380.2001,380.28,23984
2026-07-21 13:39:00,380.285,380.35,380.11,380.15,31310
2026-07-21 13:40:00,380.15,380.25,380.09,380.14,34806
2026-07-21 13:41:00,380.14,380.14,379.92,379.95,19557
2026-07-21 13:42:00,379.92,379.95,379.6301,379.69,22611
2026-07-21 13:43:00,379.73,379.82,379.53,379.63,25453
2026-07-21 13:44:00,379.61,379.92,379.61,379.65,39098
2026-07-21 13:45:00,379.73,379.89,379.67,379.685,18747
2026-07-21 13:46:00,379.6601,380.06,379.6,379.865,22738
2026-07-21 13:47:00,379.8201,380.01,379.8201,379.985,14451
2026-07-21 13:48:00,379.985,380.026,379.88,379.92,12084
2026-07-21 13:49:00,379.94,380.2995,379.89,380.17,19822
2026-07-21 13:50:00,380.145,380.35,379.97,380.075,48016
2026-07-21 13:51:00,380.04,380.11,379.67,379.73,30802
2026-07-21 13:52:00,379.696,379.75,379.63,379.68,14750
2026-07-21 13:53:00,379.67,379.7,379.38,379.3815,27544
2026-07-21 13:54:00,379.38,379.4,379.21,379.27,28753
2026-07-21 13:55:00,379.27,379.33,379.11,379.3,26649
2026-07-21 13:56:00,379.255,379.41,379.21,379.345,20054
2026-07-21 13:57:00,379.345,379.55,379.28,379.2972,33906
2026-07-21 13:58:00,379.35,379.41,379.28,379.3184,10147
2026-07-21 13:59:00,379.32,379.59,379.3,379.49,23063
2026-07-21 14:00:00,379.5,379.85,379.46,379.6701,32861
2026-07-21 14:01:00,379.77,380.1,379.68,379.82,35773
2026-07-21 14:02:00,379.865,380.1,379.84,379.97,21074
2026-07-21 14:03:00,379.99,380.2,379.92,380.14,35240
2026-07-21 14:04:00,380.09,380.44,380.07,380.31,30024
2026-07-21 14:05:00,380.31,380.51,380.22,380.28,54231
2026-07-21 14:06:00,380.2301,380.425,380.09,380.2101,23831
2026-07-21 14:07:00,380.2102,380.37,380.2102,380.25,13192
2026-07-21 14:08:00,380.31,380.5223,380.2,380.265,26792
2026-07-21 14:09:00,380.255,380.35,380.15,380.185,15354
2026-07-21 14:10:00,380.22,380.3,380.06,380.27,13361
2026-07-21 14:11:00,380.24,380.35,380.06,380.27,13911
2026-07-21 14:12:00,380.285,380.34,379.97,380.12,32573
2026-07-21 14:13:00,380.125,380.25,380.065,380.22,23750
2026-07-21 14:14:00,380.17,380.19,379.96,379.97,18306
2026-07-21 14:15:00,379.97,380.0476,379.91,380.01,17353
2026-07-21 14:16:00,380,380.11,379.9801,380.01,12528
2026-07-21 14:17:00,380.02,380.19,380.01,380.14,14412
2026-07-21 14:18:00,380.17,380.3399,380.1,380.2401,14605
2026-07-21 14:19:00,380.22,380.27,380.08,380.12,22253
2026-07-21 14:20:00,380.14,380.235,380.02,380.13,18316
2026-07-21 14:21:00,380.16,380.37,380.09,380.345,14597
2026-07-21 14:22:00,380.37,380.6899,380.28,380.5,39342
2026-07-21 14:23:00,380.5,380.655,380.4875,380.61,25493
2026-07-21 14:24:00,380.6,380.68,380.39,380.41,34916
2026-07-21 14:25:00,380.38,380.41,380.12,380.36,38363
2026-07-21 14:26:00,380.32,380.4799,380.0601,380.13,19130
2026-07-21 14:27:00,380.1699,380.22,379.81,379.96,36980
2026-07-21 14:28:00,379.98,380.09,379.91,380.09,26845
2026-07-21 14:29:00,380.09,380.17,380.04,380.04,10933
2026-07-21 14:30:00,380.01,380.17,379.98,380.02,11778
2026-07-21 14:31:00,379.96,380.0499,379.84,379.845,34554
2026-07-21 14:32:00,379.8659,380.0201,379.84,379.8484,18301
2026-07-21 14:33:00,379.91,379.93,379.84,379.87,11728
2026-07-21 14:34:00,379.87,380.01,379.8423,379.85,11963
2026-07-21 14:35:00,379.85,380.14,379.85,380.125,15682
2026-07-21 14:36:00,380.1016,380.18,379.97,380.005,12561
2026-07-21 14:37:00,379.995,380.05,379.79,379.83,18759
2026-07-21 14:38:00,379.8429,379.87,379.4,379.64,35492
2026-07-21 14:39:00,379.6699,379.7995,379.59,379.63,24840
2026-07-21 14:40:00,379.63,379.73,379.541,379.73,16335
2026-07-21 14:41:00,379.72,379.78,379.5601,379.68,13702
2026-07-21 14:42:00,379.68,379.78,379.605,379.78,15599
2026-07-21 14:43:00,379.73,379.9,379.7,379.9,15218
2026-07-21 14:44:00,379.865,380.08,379.865,380,25897
2026-07-21 14:45:00,380,380.156,379.88,379.89,24556
2026-07-21 14:46:00,379.915,379.93,379.71,379.83,14839
2026-07-21 14:47:00,379.8,379.83,379.55,379.77,21165
2026-07-21 14:48:00,379.715,379.8208,379.65,379.74,15434
2026-07-21 14:49:00,379.705,379.7051,379.47,379.56,17552
2026-07-21 14:50:00,379.55,379.65,379.37,379.37,15504
2026-07-21 14:51:00,379.4,379.51,379.211,379.265,20929
2026-07-21 14:52:00,379.29,379.29,378.92,379,61430
2026-07-21 14:53:00,378.97,379.05,378.9,379.0299,26138
2026-07-21 14:54:00,378.985,379.04,378.7,378.73,32536
2026-07-21 14:55:00,378.71,378.9399,378.57,378.81,43605
2026-07-21 14:56:00,378.8,378.9,378.33,378.44,43335
2026-07-21 14:57:00,378.43,378.57,378.4,378.44,16862
2026-07-21 14:58:00,378.455,378.4799,378.32,378.38,15194
2026-07-21 14:59:00,378.43,378.6,378.24,378.37,64015
2026-07-21 15:00:00,378.3,378.345,378.1101,378.2,36306
2026-07-21 15:01:00,378.2,378.26,378.05,378.1,32859
2026-07-21 15:02:00,378.1,378.39,378.07,378.28,35295
2026-07-21 15:03:00,378.24,378.31,377.85,378.03,39514
2026-07-21 15:04:00,378.0153,378.1599,377.9,377.98,28997
2026-07-21 15:05:00,377.94,378.35,377.8101,378.2101,38141
2026-07-21 15:06:00,378.245,378.39,378.15,378.34,23351
2026-07-21 15:07:00,378.378,378.39,378.18,378.205,21845
2026-07-21 15:08:00,378.2,378.29,378.07,378.16,15200
2026-07-21 15:09:00,378.19,378.29,378.15,378.201,6377
2026-07-21 15:10:00,378.28,378.33,378.08,378.12,17462
2026-07-21 15:11:00,378.13,378.2,378.06,378.15,9232
2026-07-21 15:12:00,378.16,378.3399,378.14,378.22,22010
2026-07-21 15:13:00,378.2067,378.2599,378.01,378.04,19533
2026-07-21 15:14:00,378.055,378.16,377.87,378.065,39181
2026-07-21 15:15:00,378.02,378.3,377.86,378.255,23438
2026-07-21 15:16:00,378.255,378.34,378.08,378.2,17513
2026-07-21 15:17:00,378.16,378.16,377.95,377.98,11256
2026-07-21 15:18:00,377.98,378.0984,377.94,378.02,11941
2026-07-21 15:19:00,378,378.17,377.85,377.9,26807
2026-07-21 15:20:00,377.86,378.08,377.7,377.925,53571
2026-07-21 15:21:00,377.915,377.97,377.78,377.92,25291
2026-07-21 15:22:00,377.9379,378.09,377.86,378.05,27407
2026-07-21 15:23:00,378.0688,378.11,377.84,377.86,14763
2026-07-21 15:24:00,377.9,378.05,377.895,377.97,15193
2026-07-21 15:25:00,377.975,377.9999,377.7,377.75,18981
2026-07-21 15:26:00,377.72,377.82,377.6,377.79,32977
2026-07-21 15:27:00,377.815,377.97,377.4001,377.4612,39962
2026-07-21 15:28:00,377.45,377.63,377.25,377.25,39167
2026-07-21 15:29:00,377.275,377.43,376.9,376.9001,54641
2026-07-21 15:30:00,376.945,377.16,376.945,377.05,50723
2026-07-21 15:31:00,377.05,377.18,376.77,377.09,76991
2026-07-21 15:32:00,377.092,377.1499,376.8,376.83,58659
2026-07-21 15:33:00,376.84,377.29,376.7,377.26,51534
2026-07-21 15:34:00,377.29,377.55,377.2501,377.41,49443
2026-07-21 15:35:00,377.405,377.74,377.38,377.61,48253
2026-07-21 15:36:00,377.58,377.7399,377.5401,377.5857,25071
2026-07-21 15:37:00,377.59,377.66,377.39,377.57,30798
2026-07-21 15:38:00,377.5388,377.64,377.47,377.545,23620
2026-07-21 15:39:00,377.54,377.73,377.47,377.685,37377
2026-07-21 15:40:00,377.65,377.9899,377.57,377.8997,83084
2026-07-21 15:41:00,377.885,377.9,377.72,377.76,24331
2026-07-21 15:42:00,377.7201,377.91,377.7201,377.8,16673
2026-07-21 15:43:00,377.79,377.95,377.76,377.915,22283
2026-07-21 15:44:00,377.915,378,377.74,377.76,39858
2026-07-21 15:45:00,377.7502,377.93,377.62,377.675,37007
2026-07-21 15:46:00,377.65,377.93,377.65,377.845,19907
2026-07-21 15:47:00,377.83,377.86,377.7001,377.73,26386
2026-07-21 15:48:00,377.73,377.83,377.69,377.81,31000
2026-07-21 15:49:00,377.79,377.94,377.67,377.9,34075
2026-07-21 15:50:00,377.79,377.79,377.35,377.4,56681
2026-07-21 15:51:00,377.39,377.5599,377.295,377.455,55692
2026-07-21 15:52:00,377.45,378.02,377.43,377.83,106727
2026-07-21 15:53:00,377.87,378.01,377.66,377.96,82862
2026-07-21 15:54:00,377.96,379.42,377.73,379.38,131511
2026-07-21 15:55:00,379.42,379.6,378.66,378.7,161654
2026-07-21 15:56:00,378.7,379.05,378.545,378.99,91098
2026-07-21 15:57:00,378.99,379.485,378.98,379.185,139758
2026-07-21 15:58:00,379.21,379.25,378.91,379.07,201801
2026-07-21 15:59:00,379.07,379.29,378.75,378.89,437930
2026-07-21 16:00:00,378.89,380,378.75,379.09,3070321
2026-07-21 16:01:00,379.7,379.7,379,379.1082,2677
2026-07-21 16:02:00,379.1,379.39,378.837,378.85,1920
2026-07-21 16:03:00,378.8039,378.8039,378.5375,378.5375,2138
2026-07-21 16:04:00,378.8,378.93,378.6,378.85,3453
2026-07-21 16:05:00,378.8896,379,378.69,378.9813,6848
2026-07-21 16:06:00,379.08,379.37,379.04,379.15,6142
2026-07-21 16:07:00,379.19,379.48,379.15,379.48,4366
2026-07-21 16:08:00,379.39,379.5,379.38,379.4699,1989
2026-07-21 16:09:00,379.44,379.5,379.4,379.5,3608
2026-07-21 16:10:00,379.5,379.55,379.4,379.49,5420
2026-07-21 16:11:00,379.5,379.5,379.2,379.2,1818
2026-07-21 16:12:00,379.15,379.32,379.15,379.3,882
2026-07-21 16:13:00,379.32,379.3499,379.2993,379.3499,307
2026-07-21 16:14:00,379.28,379.28,379.1395,379.22,1136
2026-07-21 16:15:00,379.22,379.2699,379.09,379.09,1390
2026-07-21 16:16:00,379.02,379.1,379.0063,379.1,814
2026-07-21 16:17:00,379.2,379.2,379.2,379.2,264
2026-07-21 16:18:00,379.22,379.22,379.11,379.22,1752
2026-07-21 16:19:00,379.3,379.3,379.23,379.23,3214
2026-07-21 16:20:00,379.28,379.6,379.2732,379.5617,3812
2026-07-21 16:21:00,379.569,379.6,379.5,379.5845,4074
2026-07-21 16:22:00,379.54,379.6,379.22,379.5685,4751
2026-07-21 16:23:00,379.29,379.29,379.29,379.29,110
2026-07-21 16:24:00,379.28,379.34,378.93,379.2201,26014
2026-07-21 16:25:00,379.22,379.3,379.22,379.3,634
2026-07-21 16:26:00,379.24,379.34,379.2,379.2721,4089
2026-07-21 16:27:00,379.2667,379.3,379.1817,379.3,950
2026-07-21 16:28:00,379.1665,379.3,379.1665,379.2752,400
2026-07-21 16:29:00,379.2999,379.2999,379.23,379.23,705
2026-07-21 16:30:00,379.1553,379.24,379.15,379.24,481
2026-07-21 16:31:00,379.24,379.29,379.24,379.29,984
2026-07-21 16:32:00,379.2201,379.3,379.22,379.29,1318
2026-07-21 16:33:00,379.2821,379.3,379.1986,379.1986,759
2026-07-21 16:34:00,379.2063,379.2994,379.1805,379.2994,1127
2026-07-21 16:35:00,379.2953,379.2986,379.1,379.1,1987
2026-07-21 16:36:00,379,379.18,379,379.18,899
2026-07-21 16:37:00,379.29,379.29,379.1726,379.1726,347
2026-07-21 16:38:00,379.0802,379.202,379.06,379.06,390
2026-07-21 16:39:00,379,379.1689,379,379,891
2026-07-21 16:40:00,379.08,379.2619,379.08,379.1859,444
2026-07-21 16:41:00,379.2,379.2,379.01,379.2,682
2026-07-21 16:42:00,379.2156,379.2156,378.95,378.99,1497
2026-07-21 16:43:00,379.09,379.2089,378.93,379.2089,1000
2026-07-21 16:44:00,379.01,379.01,378.99,378.99,98
2026-07-21 16:45:00,379,379.01,378.95,379.01,601
2026-07-21 16:46:00,379.1513,379.1513,378.94,379,206
2026-07-21 16:47:00,379,379.1352,379,379.1352,160
2026-07-21 16:48:00,379.12,379.12,379,379.02,590
2026-07-21 16:49:00,379.2116,379.2116,379.01,379.01,560
2026-07-21 16:50:00,379,379.0222,379,379.0222,159
2026-07-21 16:52:00,379.18,379.18,379.18,379.18,40
2026-07-21 16:53:00,379.18,379.18,378.93,379.0001,3613
2026-07-21 16:54:00,379.16,379.16,379.05,379.05,569
2026-07-21 16:55:00,379.03,379.05,379.03,379.05,350
2026-07-21 16:56:00,379.09,379.09,379.09,379.09,500
2026-07-21 16:57:00,379.12,379.14,379.03,379.03,454
2026-07-21 16:58:00,379.0238,379.16,379.02,379.16,690
2026-07-21 16:59:00,379.16,379.16,379,379.1,1075
2026-07-21 17:00:00,379.08,379.14,379.08,379.14,200
2026-07-21 17:01:00,379.16,379.269,379.131,379.269,290
2026-07-21 17:02:00,379.131,379.131,379.131,379.131,250
2026-07-21 17:03:00,379.2,379.2,379.2,379.2,100
2026-07-21 17:04:00,379.2944,379.2944,379.2,379.25,380
2026-07-21 17:05:00,379.25,379.25,379.25,379.25,220
2026-07-21 17:07:00,379.2,379.2,379.2,379.2,163
2026-07-21 17:08:00,379.2568,379.2628,379.2568,379.2628,215
2026-07-21 17:09:00,379.27,379.43,379.27,379.43,2173
2026-07-21 17:10:00,379.29,379.5,379.25,379.4,655
2026-07-21 17:11:00,379.5,379.5,379.5,379.5,50
2026-07-21 17:12:00,379.4296,379.4359,379.25,379.4359,268
2026-07-21 17:13:00,379.2446,379.2446,379.2446,379.2446,50
2026-07-21 17:14:00,379.32,379.32,379.231,379.2358,302
2026-07-21 17:15:00,379.25,379.45,379.25,379.45,720
2026-07-21 17:16:00,379.38,379.45,379.35,379.35,310
2026-07-21 17:17:00,379.3,379.43,379.3,379.43,2140
2026-07-21 17:18:00,379.5,379.5,379.5,379.5,138
2026-07-21 17:19:00,379.33,379.4155,379.33,379.4155,564
2026-07-21 17:20:00,379.4206,379.4845,379.42,379.42,3150
2026-07-21 17:21:00,379.4923,379.4982,379.4923,379.4982,100
2026-07-21 17:22:00,379.45,379.5,379.4,379.4,494
2026-07-21 17:23:00,379.4408,379.4408,379.3929,379.3929,220
2026-07-21 17:24:00,379.3868,379.39,379.3,379.3,481
2026-07-21 17:25:00,379.39,379.39,379.38,379.38,300
2026-07-21 17:26:00,379.29,379.38,379.29,379.37,800
2026-07-21 17:27:00,379.29,379.4,379.29,379.4,205
2026-07-21 17:28:00,379.44,379.44,379.44,379.44,70
2026-07-21 17:29:00,379.43,379.44,379.25,379.44,420
2026-07-21 17:30:00,379.4836,379.5,379.3,379.3,1222
2026-07-21 17:31:00,379.27,379.35,379.2,379.35,983
2026-07-21 17:33:00,379.2152,379.3,379.2152,379.3,550
2026-07-21 17:34:00,379.41,379.41,379.31,379.31,367
2026-07-21 17:35:00,379.4,379.4,379.4,379.4,100
2026-07-21 17:36:00,379.4,379.58,379.4,379.58,1526
2026-07-21 17:37:00,379.65,379.65,379.61,379.6132,185
2026-07-21 17:38:00,379.65,379.69,379.61,379.69,1759
2026-07-21 17:39:00,379.718,379.718,379.7,379.7,302
2026-07-21 17:40:00,379.58,379.58,379.58,379.58,100
2026-07-21 17:41:00,379.33,379.54,379.33,379.54,368
2026-07-21 17:42:00,379.73,379.73,379.69,379.69,177
2026-07-21 17:43:00,379.73,379.73,379.6083,379.6083,630
2026-07-21 17:44:00,379.67,379.71,379.67,379.67,512
2026-07-21 17:45:00,379.6,379.68,379.51,379.66,652
2026-07-21 17:46:00,379.56,379.71,379.5,379.66,1610
2026-07-21 17:47:00,379.65,379.65,379.65,379.65,97
2026-07-21 17:48:00,379.6606,379.6606,379.6606,379.6606,40
2026-07-21 17:49:00,379.6734,379.6734,379.6734,379.6734,50
2026-07-21 17:50:00,379.61,379.69,379.5,379.69,1477
2026-07-21 17:51:00,379.56,379.6175,379.5,379.6175,177
2026-07-21 17:52:00,379.46,379.51,379.38,379.38,779
2026-07-21 17:53:00,379.4374,379.69,379.4374,379.67,1044
2026-07-21 17:54:00,379.33,379.7,379.33,379.7,187
2026-07-21 17:55:00,379.33,379.5298,379.33,379.3301,601
2026-07-21 17:56:00,379.65,379.65,379.55,379.6,139
2026-07-21 17:57:00,379.45,379.68,379.45,379.68,240
2026-07-21 17:58:00,379.6606,379.6606,379.59,379.6,540
2026-07-21 17:59:00,379.5,379.628,379.5,379.6,450
2026-07-21 18:00:00,379.4,379.4,379.2,379.3373,676
2026-07-21 18:01:00,379.09,379.09,379,379.0001,1815
2026-07-21 18:02:00,379.0162,379.0162,378.8,378.8,2482
2026-07-21 18:03:00,378.8,379,378.8,378.99,1226
2026-07-21 18:04:00,378.8,378.9,378.8,378.9,298
2026-07-21 18:05:00,378.969,378.969,378.8001,378.8001,292
2026-07-21 18:06:00,378.83,378.83,378.79,378.79,375
2026-07-21 18:07:00,378.6,378.83,378.6,378.83,140
2026-07-21 18:08:00,378.71,378.93,378.7,378.93,1016
2026-07-21 18:09:00,378.7407,378.9,378.7341,378.8975,555
2026-07-21 18:10:00,378.8583,378.8975,378.75,378.75,280
2026-07-21 18:11:00,378.9,378.9,378.75,378.75,250
2026-07-21 18:12:00,378.8163,378.8163,378.7,378.7,458
2026-07-21 18:13:00,378.75,378.8,378.75,378.77,693
2026-07-21 18:14:00,378.79,378.8,378.68,378.8,1558
2026-07-21 18:15:00,378.89,378.93,378.89,378.93,928
2026-07-21 18:16:00,378.87,378.87,378.87,378.87,80
2026-07-21 18:17:00,378.9,379,378.9,379,525
2026-07-21 18:18:00,379,379,378.9171,379,1297
2026-07-21 18:19:00,379.07,379.1911,379.06,379.19,489
2026-07-21 18:20:00,379.2,379.2,379.06,379.06,279
2026-07-21 18:21:00,379.32,379.32,379.1481,379.1481,309
2026-07-21 18:22:00,379.1423,379.15,379.1423,379.1483,2652
2026-07-21 18:23:00,379.15,379.15,379.11,379.11,1340
2026-07-21 18:24:00,379.32,379.32,378.94,378.94,2930
2026-07-21 18:25:00,378.9,379,378.9,379,560
2026-07-21 18:26:00,378.99,378.99,378.9,378.9,146
2026-07-21 18:27:00,379,379.177,378.9,379,2319
2026-07-21 18:28:00,378.9,379.1473,378.86,379.0882,254
2026-07-21 18:29:00,379.01,379.01,379,379,302
2026-07-21 18:30:00,379,379,378.7,378.7,568
2026-07-21 18:33:00,378.85,378.9,378.8,378.8,983
2026-07-21 18:34:00,378.8836,378.8836,378.8,378.8,230
2026-07-21 18:35:00,378.9,379.074,378.81,378.81,814
2026-07-21 18:36:00,378.81,378.81,378.81,378.81,78
2026-07-21 18:37:00,379.0774,379.0774,378.8245,378.8245,402
2026-07-21 18:38:00,378.91,378.98,378.91,378.98,139
2026-07-21 18:39:00,379.01,379.1,378.94,378.94,468
2026-07-21 18:40:00,378.94,379.1,378.9312,378.9312,579
2026-07-21 18:41:00,379.09,379.1,378.95,379.1,376
2026-07-21 18:43:00,379.0732,379.0732,378.96,378.96,560
2026-07-21 18:44:00,379.0999,379.0999,378.91,378.91,92
2026-07-21 18:45:00,378.93,379.0391,378.7,378.7,631
2026-07-21 18:46:00,378.73,378.73,378.73,378.73,65
2026-07-21 18:48:00,378.84,378.85,378.84,378.8493,4969
2026-07-21 18:49:00,378.81,378.81,378.8,378.8,198
2026-07-21 18:50:00,378.9,378.9,378.8,378.8,142
2026-07-21 18:52:00,378.9,378.9,378.8,378.8,1044
2026-07-21 18:53:00,378.96,378.96,378.9,378.9,80
2026-07-21 18:54:00,378.9,378.94,378.8,378.94,458
2026-07-21 18:55:00,378.9261,378.94,378.9053,378.9053,390
2026-07-21 18:56:00,378.9,378.9,378.9,378.9,100
2026-07-21 18:57:00,379,379.06,378.88,378.88,489
2026-07-21 18:58:00,379.07,379.07,379.07,379.07,50
2026-07-21 18:59:00,379.07,379.1,378.95,379.0712,674
2026-07-21 19:00:00,379.18,379.18,379.12,379.12,140
2026-07-21 19:02:00,379.23,379.23,379.23,379.23,100
2026-07-21 19:03:00,379.08,379.2219,379.08,379.2219,589
2026-07-21 19:04:00,379.11,379.11,379.11,379.11,80
2026-07-21 19:05:00,379.1936,379.1936,378.95,378.95,390
2026-07-21 19:06:00,379.0111,379.0111,379.0111,379.0111,200
2026-07-21 19:07:00,379.05,379.2,379,379,1145
2026-07-21 19:09:00,379.1,379.1,378.86,378.86,203
2026-07-21 19:10:00,379,379,378.87,378.87,664
2026-07-21 19:12:00,378.96,378.96,378.85,378.85,560
2026-07-21 19:13:00,379.01,379.1853,379.0013,379.0013,177
2026-07-21 19:14:00,379.01,379.01,379.01,379.01,100
2026-07-21 19:15:00,379.0845,379.1606,379.01,379.1606,760
2026-07-21 19:16:00,379.04,379.19,379.02,379.02,434
2026-07-21 19:17:00,379.18,379.2,379,379.1,603
2026-07-21 19:18:00,378.92,378.93,378.9,378.93,1876
2026-07-21 19:19:00,379.1,379.27,379.1,379.27,721
2026-07-21 19:20:00,379.4069,379.4069,379.4069,379.4069,100
2026-07-21 19:21:00,379.11,379.11,379.11,379.11,49
2026-07-21 19:22:00,379.0635,379.0635,379.0635,379.0635,49
2026-07-21 19:23:00,379.44,379.5,379.3973,379.3973,490
2026-07-21 19:24:00,379.48,379.5,379.3,379.3,391
2026-07-21 19:25:00,379.1,379.3,379.1,379.3,152
2026-07-21 19:26:00,379.4999,379.4999,379.31,379.31,198
2026-07-21 19:27:00,379.4,379.469,379.31,379.469,252
2026-07-21 19:28:00,379.3409,379.3409,379.3,379.3,262
2026-07-21 19:29:00,379.37,379.47,379.37,379.4613,140
2026-07-21 19:30:00,379.4164,379.4164,379.2887,379.2887,299
2026-07-21 19:31:00,379.2586,379.49,379.2586,379.49,484
2026-07-21 19:33:00,379.41,379.41,379.41,379.41,230
2026-07-21 19:34:00,379.34,379.34,379.34,379.34,66
2026-07-21 19:35:00,379.25,379.25,379.21,379.21,117
2026-07-21 19:36:00,379.4,379.4,379.178,379.3,185
2026-07-21 19:37:00,379.3128,379.3128,379.22,379.22,250
2026-07-21 19:38:00,379.2787,379.3094,379.18,379.3094,1416
2026-07-21 19:39:00,379.18,379.3499,379.18,379.3499,262
2026-07-21 19:40:00,379.2,379.2,379.2,379.2,50
2026-07-21 19:41:00,379.3,379.3,379.1,379.1,1119
2026-07-21 19:42:00,379.02,379.02,379.02,379.02,180
2026-07-21 19:43:00,379.06,379.15,379.06,379.15,200
2026-07-21 19:44:00,379.1,379.15,379.0838,379.15,320
2026-07-21 19:45:00,379.1,379.3,379.1,379.3,458
2026-07-21 19:46:00,379.25,379.25,379.25,379.25,100
2026-07-21 19:47:00,379.3,379.4268,379.3,379.37,194
2026-07-21 19:48:00,379.39,379.39,379.3,379.3,591
2026-07-21 19:49:00,379.4,379.4,379.35,379.35,145
2026-07-21 19:50:00,379.35,379.4492,379.35,379.399,2534
2026-07-21 19:51:00,379.35,379.37,379.3,379.3,859
2026-07-21 19:52:00,379.3,379.3,379.13,379.13,1971
2026-07-21 19:53:00,379.12,379.4158,379.12,379.37,953
2026-07-21 19:54:00,379.19,379.3904,379.1607,379.3904,343
2026-07-21 19:55:00,379.2,379.36,379.2,379.3,1156
2026-07-21 19:56:00,379.399,379.4632,379.2222,379.4,2029
2026-07-21 19:57:00,379.42,379.47,379.4,379.47,1329
2026-07-21 19:58:00,379.47,379.47,379.45,379.46,441
2026-07-21 19:59:00,379.47,379.6,379.47,379.52,4120
2026-07-22 04:00:00,376.97,379.3137,376.52,378.84,34031
2026-07-22 04:01:00,378.85,379.3,376.59,377.6,23734
2026-07-22 04:02:00,377.35,377.66,376.56,376.97,16748
2026-07-22 04:03:00,376.79,377.21,376.57,377.01,2773
2026-07-22 04:04:00,377,377.15,377,377.15,214
2026-07-22 04:05:00,377.01,378.98,377,377.4,1034
2026-07-22 04:06:00,377.4,377.67,377,377,2445
2026-07-22 04:07:00,377.1,377.2322,377,377,205
2026-07-22 04:08:00,377.17,377.3,377.0163,377.3,1175
2026-07-22 04:09:00,377.25,377.29,377.25,377.29,297
2026-07-22 04:11:00,377.1,377.1,377,377,204
2026-07-22 04:12:00,376.9916,376.9916,376.9916,376.9916,399
2026-07-22 04:13:00,376.8325,376.97,376.8325,376.87,1047
2026-07-22 04:14:00,376.79,376.8,376.71,376.71,157
2026-07-22 04:15:00,376.8,376.8,376.8,376.8,93
2026-07-22 04:16:00,376.72,376.72,376.72,376.72,44
2026-07-22 04:17:00,376.85,376.85,376.822,376.822,80
2026-07-22 04:18:00,376.73,377.0277,376.73,377.0277,858
2026-07-22 04:19:00,377.12,377.12,376.98,377,1328
2026-07-22 04:20:00,377.1,377.1,377.1,377.1,300
2026-07-22 04:21:00,377.15,377.15,377.0612,377.0612,401
2026-07-22 04:22:00,377.23,377.35,377.23,377.34,2652
2026-07-22 04:23:00,377.42,377.42,377.32,377.37,1334
2026-07-22 04:24:00,377.3,377.44,377.3,377.44,2456
2026-07-22 04:25:00,377.6,377.6,377.38,377.38,844
2026-07-22 04:26:00,377.49,377.49,377.49,377.49,41
2026-07-22 04:27:00,377.44,377.44,377.44,377.44,119
2026-07-22 04:28:00,377.31,377.31,377.16,377.16,370
2026-07-22 04:29:00,377.36,377.47,377.36,377.47,311
2026-07-22 04:30:00,377.48,377.54,377.44,377.54,655
2026-07-22 04:31:00,377.58,377.59,377.58,377.59,284
2026-07-22 04:32:00,377.57,377.6,377.57,377.6,266
2026-07-22 04:34:00,377.71,377.71,377.71,377.71,253
2026-07-22 04:36:00,377.8,377.8,377.8,377.8,105
2026-07-22 04:37:00,377.75,377.75,377.74,377.74,161
2026-07-22 04:39:00,377.63,377.67,377.63,377.67,248
2026-07-22 04:40:00,377.79,377.79,377.79,377.79,50
2026-07-22 04:42:00,377.68,377.68,377.64,377.64,260
2026-07-22 04:43:00,377.8,377.8,377.6,377.6,464
2026-07-22 04:44:00,377.58,377.62,377.52,377.52,149
2026-07-22 04:45:00,377.5,377.8,377.5,377.8,491
2026-07-22 04:46:00,377.8,377.97,377.8,377.9,700
2026-07-22 04:47:00,377.97,377.97,377.97,377.97,60
2026-07-22 04:48:00,377.9768,377.9768,377.83,377.83,200
2026-07-22 04:49:00,377.8,377.9,377.8,377.9,421
2026-07-22 04:51:00,377.85,377.85,377.85,377.85,148
2026-07-22 04:52:00,377.9,377.99,377.9,377.99,255
2026-07-22 04:53:00,378,378.23,378,378.23,847
2026-07-22 04:54:00,378.21,378.39,378.19,378.39,861
2026-07-22 04:55:00,378.3,378.3,378.3,378.3,100
2026-07-22 04:56:00,378.33,378.33,378.33,378.33,52
2026-07-22 04:57:00,378.38,378.43,378.3,378.4,820
2026-07-22 04:58:00,378.4,378.4,378.21,378.4,249
2026-07-22 04:59:00,378.36,378.36,378.3,378.3,143
2026-07-22 05:00:00,378.25,378.4,378.2,378.4,957
2026-07-22 05:01:00,378.5,378.5,378.5,378.5,608
2026-07-22 05:02:00,378.87,378.92,378.87,378.92,103
2026-07-22 05:03:00,378.9,379.38,378.9,379.21,478
2026-07-22 05:04:00,379.03,379.38,379,379.38,1119
2026-07-22 05:05:00,379.01,379.21,379.01,379.21,380
2026-07-22 05:06:00,379,379,379,379,50
2026-07-22 05:07:00,379,379.39,378.974,378.974,2356
2026-07-22 05:08:00,379,379,378.88,379,1084
2026-07-22 05:09:00,378.99,378.99,378.82,378.82,174
2026-07-22 05:10:00,378.9801,378.9801,378.8,378.8,519
2026-07-22 05:11:00,378.8797,379,378.6153,379,1329
2026-07-22 05:12:00,379,379.01,378.95,379,423
2026-07-22 05:13:00,378.99,378.99,378.99,378.99,160
2026-07-22 05:15:00,378.9,378.99,378.9,378.99,190
2026-07-22 05:16:00,378.78,378.9193,378.7367,378.9193,442
2026-07-22 05:17:00,378.7,378.7,378.7,378.7,163
2026-07-22 05:18:00,378.62,378.63,378.62,378.62,200
2026-07-22 05:19:00,378.548,378.7,378.548,378.7,190
2026-07-22 05:21:00,378.7,378.7,378.69,378.7,1583
2026-07-22 05:23:00,378.59,378.59,378.2758,378.48,597
2026-07-22 05:24:00,378.51,378.51,378.51,378.51,57
2026-07-22 05:25:00,378.52,378.699,378.5,378.699,150
2026-07-22 05:26:00,378.65,378.65,378.65,378.65,43
2026-07-22 05:27:00,378.6,378.6,378.6,378.6,255
2026-07-22 05:28:00,378.67,378.69,378.67,378.69,90
2026-07-22 05:30:00,378.3157,378.47,378.3157,378.47,780
2026-07-22 05:31:00,378.4661,378.4661,378.4661,378.4661,50
2026-07-22 05:32:00,378.61,378.7,378.49,378.49,280
2026-07-22 05:33:00,378.5,378.5,378.5,378.5,100
2026-07-22 05:34:00,378.26,378.28,378.2,378.2,408
2026-07-22 05:35:00,378.33,378.33,378.2,378.2,945
2026-07-22 05:36:00,378.26,378.27,378.2406,378.2406,172
2026-07-22 05:37:00,378.19,378.29,378.19,378.29,231
2026-07-22 05:38:00,378.1236,378.28,378.1236,378.28,142
2026-07-22 05:42:00,378.25,378.27,378.08,378.08,315
2026-07-22 05:43:00,378.2,378.4,378.2,378.4,2024
2026-07-22 05:44:00,378.2,378.2,378.2,378.2,594
2026-07-22 05:45:00,378.39,378.6073,378.39,378.6073,249
2026-07-22 05:47:00,378.32,378.32,378.32,378.32,50
2026-07-22 05:48:00,378.2,378.2,378.2,378.2,40
2026-07-22 05:50:00,378.01,378.1653,378,378.1653,757
2026-07-22 05:51:00,378.11,378.2,378.11,378.2,1019
2026-07-22 05:54:00,378.01,378.01,377.404,377.404,871
2026-07-22 05:55:00,377.51,377.56,377.47,377.56,696
2026-07-22 05:56:00,377.69,377.7,377.56,377.7,796
2026-07-22 05:57:00,377.7,377.7,377.7,377.7,190
2026-07-22 05:58:00,377.7,377.7,377.56,377.56,6833
2026-07-22 05:59:00,377.56,377.56,377.5,377.5,321
2026-07-22 06:00:00,377.5,377.66,377.47,377.66,1951
2026-07-22 06:01:00,377.7,377.7,377.7,377.7,54
2026-07-22 06:02:00,377.7,377.7,377.7,377.7,100
2026-07-22 06:03:00,377.7,377.7,377.7,377.7,2564
2026-07-22 06:04:00,377.83,377.95,377.83,377.91,260
2026-07-22 06:05:00,377.83,377.84,377.59,377.59,518
2026-07-22 06:07:00,377.6,377.6,377.6,377.6,100
2026-07-22 06:10:00,377.69,377.69,377.69,377.69,130
2026-07-22 06:11:00,377.74,377.7726,377.74,377.7726,169
2026-07-22 06:14:00,377.5,377.5,377.5,377.5,88
2026-07-22 06:16:00,377.41,377.41,377.38,377.38,130
2026-07-22 06:17:00,377.33,377.33,377.33,377.33,179
2026-07-22 06:18:00,377.5,377.5,377.3622,377.3622,146
2026-07-22 06:19:00,377.58,377.58,377.58,377.58,51
2026-07-22 06:20:00,377.67,378.51,377.67,378.51,10288
2026-07-22 06:21:00,378.48,378.48,378.34,378.34,971
2026-07-22 06:22:00,378.35,378.35,378.35,378.35,58
2026-07-22 06:23:00,378.36,378.79,378.36,378.36,987
2026-07-22 06:24:00,378.2026,378.24,378.14,378.14,549
2026-07-22 06:25:00,378.12,378.12,378.12,378.12,50
2026-07-22 06:28:00,378.32,378.4,378.32,378.4,249
2026-07-22 06:29:00,378.3,378.3,378.3,378.3,50
2026-07-22 06:30:00,378.45,378.67,378.45,378.52,300
2026-07-22 06:32:00,378.18,378.18,378.18,378.18,59
2026-07-22 06:34:00,378.14,378.14,378.12,378.12,320
2026-07-22 06:35:00,378.02,378.02,378.02,378.02,355
2026-07-22 06:36:00,378.01,378.35,378.01,378.29,220
2026-07-22 06:37:00,378.02,378.08,378,378.08,367
2026-07-22 06:39:00,377.91,377.91,377.91,377.91,90
2026-07-22 06:40:00,378.3,378.3,378.3,378.3,88
2026-07-22 06:41:00,378,378.1529,378,378.1529,152
2026-07-22 06:42:00,377.8021,377.8021,377.8021,377.8021,100
2026-07-22 06:44:00,377.95,377.95,377.95,377.95,240
2026-07-22 06:47:00,377.95,377.95,377.95,377.95,100
2026-07-22 06:48:00,377.9,378.1,377.9,378.1,487
2026-07-22 06:49:00,377.99,378.1,377.95,378.1,204
2026-07-22 06:50:00,377.95,377.95,377.95,377.95,90
2026-07-22 06:51:00,378.0388,378.0388,378.0388,378.0388,78
2026-07-22 06:54:00,377.95,377.95,377.95,377.95,160
2026-07-22 06:55:00,378.01,378.15,378.01,378.15,454
2026-07-22 06:56:00,378.19,378.19,378.13,378.13,135
2026-07-22 06:57:00,378.2,378.2,378.01,378.01,294
2026-07-22 06:59:00,377.98,377.99,377.98,377.99,102
2026-07-22 07:00:00,378.03,378.75,378.01,378.5,9774
2026-07-22 07:01:00,378.4851,378.78,378.4851,378.65,1446
2026-07-22 07:02:00,378.55,378.724,378.42,378.59,1673
2026-07-22 07:03:00,378.5879,378.5928,378.4,378.4608,4795
2026-07-22 07:04:00,378.4,378.45,377.9,377.9,6770
2026-07-22 07:05:00,378,378.03,377.8004,377.8004,889
2026-07-22 07:06:00,377.8986,378,377.8332,378,904
2026-07-22 07:07:00,377.95,378.4,377.95,378.34,759
2026-07-22 07:08:00,378.23,378.3896,378.0336,378.0336,2448
2026-07-22 07:09:00,378.18,378.21,378,378,1449
2026-07-22 07:10:00,378.1706,378.1706,378.01,378.01,164
2026-07-22 07:11:00,378.2,378.2,378.01,378.01,253
2026-07-22 07:12:00,378.2,378.2,378.2,378.2,99
2026-07-22 07:13:00,378.25,378.5,378,378,580
2026-07-22 07:14:00,377.9,377.9,377.8,377.8,974
2026-07-22 07:15:00,377.8844,377.8844,377.71,377.71,560
2026-07-22 07:16:00,377.63,377.7,377.6,377.7,1650
2026-07-22 07:17:00,377.59,377.6875,377.18,377.18,3480
2026-07-22 07:18:00,377.5,377.68,377.5,377.68,130
2026-07-22 07:19:00,377.38,377.38,377.38,377.38,75
2026-07-22 07:20:00,377.45,377.62,377.3,377.62,945
2026-07-22 07:22:00,377.4,377.5,377.264,377.264,1562
2026-07-22 07:23:00,377.3,377.65,377.3,377.451,3903
2026-07-22 07:24:00,377.41,377.58,377.4083,377.4083,290
2026-07-22 07:25:00,377.54,377.99,377.54,377.75,1739
2026-07-22 07:26:00,377.47,377.61,377.4,377.61,357
2026-07-22 07:28:00,377.3,377.3,377.05,377.0925,926
2026-07-22 07:29:00,377.01,377.24,377,377.24,6123
2026-07-22 07:30:00,377,377.0604,377,377.0604,190
2026-07-22 07:31:00,377.23,377.34,377.23,377.3,486
2026-07-22 07:32:00,377.27,377.27,377.25,377.25,180
2026-07-22 07:33:00,377.1992,377.22,377.02,377.02,596
2026-07-22 07:34:00,377.4,377.4,377.1999,377.1999,271
2026-07-22 07:35:00,377.23,377.3786,377.11,377.37,375
2026-07-22 07:36:00,377.3845,377.3845,377.32,377.32,112
2026-07-22 07:37:00,377.3,377.3737,376.94,377.307,4993
2026-07-22 07:38:00,377.13,377.13,377.13,377.13,64
2026-07-22 07:39:00,377,377.0029,377,377.0029,100
2026-07-22 07:40:00,377.1,377.1,376.65,376.9157,2532
2026-07-22 07:41:00,376.65,376.9999,376.65,376.9999,885
2026-07-22 07:42:00,377,377,376.5,376.5,597
2026-07-22 07:43:00,376.68,376.68,376.2,376.4,1453
2026-07-22 07:44:00,376.27,376.5,376.2,376.25,1560
2026-07-22 07:45:00,376.3,376.4324,376.18,376.4324,680
2026-07-22 07:46:00,376.301,376.6472,376.301,376.5,1180
2026-07-22 07:47:00,376.4196,376.9381,376.4196,376.78,930
2026-07-22 07:48:00,376.6528,376.95,376.6528,376.95,110
2026-07-22 07:49:00,376.852,376.87,376.7,376.8,1421
2026-07-22 07:50:00,376.79,376.79,376.7,376.72,323
2026-07-22 07:51:00,376.8,376.95,376.77,376.77,826
2026-07-22 07:52:00,376.9307,376.9307,376.79,376.79,1070
2026-07-22 07:53:00,376.74,376.85,376.74,376.79,423
2026-07-22 07:54:00,376.78,376.79,376.7063,376.7063,480
2026-07-22 07:55:00,376.72,376.72,376.66,376.66,214
2026-07-22 07:56:00,376.5,376.78,376.5,376.78,148
2026-07-22 07:57:00,376.83,376.83,376.83,376.83,100
2026-07-22 07:58:00,376.6001,376.74,376.6,376.6,752
2026-07-22 07:59:00,376.56,376.624,376.56,376.624,350
2026-07-22 08:00:00,376.56,376.95,376.56,376.95,1724
2026-07-22 08:01:00,376.8325,376.8325,376.56,376.796,1038
2026-07-22 08:02:00,376.7608,376.78,376.57,376.57,419
2026-07-22 08:03:00,376.55,376.5999,376.36,376.36,6068
2026-07-22 08:04:00,376.6,376.6,376.31,376.31,4890
2026-07-22 08:05:00,376.51,376.55,376.469,376.55,2456
2026-07-22 08:06:00,376.75,376.8,376.67,376.77,188
2026-07-22 08:07:00,376.6,376.6,376.5,376.5,152
2026-07-22 08:08:00,376.38,376.49,376.36,376.49,976
2026-07-22 08:09:00,376.3,376.5,376.3,376.5,470
2026-07-22 08:10:00,376.52,376.65,376.3,376.3,814
2026-07-22 08:11:00,376.3,376.62,376.3,376.5,1812
2026-07-22 08:12:00,376.5741,376.5741,376.42,376.5,740
2026-07-22 08:13:00,376.4,376.5,376.4,376.5,3618
2026-07-22 08:14:00,376.55,376.55,376.41,376.5,895
2026-07-22 08:15:00,376.4181,376.5,376.41,376.49,3131
2026-07-22 08:16:00,376.41,376.47,376.41,376.47,534
2026-07-22 08:17:00,376.3,376.39,376.19,376.2048,1298
2026-07-22 08:18:00,376.3,376.3,376.19,376.29,1607
2026-07-22 08:19:00,376.18,376.24,376.13,376.15,1581
2026-07-22 08:20:00,376.11,376.19,376.0431,376.1474,1175
2026-07-22 08:21:00,376.12,376.12,375.8,375.8858,6518
2026-07-22 08:22:00,375.87,375.99,375.7497,375.7497,3250
2026-07-22 08:23:00,375.89,375.9989,375.82,375.82,1929
2026-07-22 08:24:00,375.84,375.84,375.5965,375.71,1996
2026-07-22 08:25:00,375.58,375.71,375.5,375.6,5197
2026-07-22 08:26:00,375.6887,376,375.6887,375.82,1183
2026-07-22 08:27:00,375.96,375.99,375.82,375.99,4792
2026-07-22 08:28:00,376,376,375.8643,375.8643,907
2026-07-22 08:29:00,375.95,376.1344,375.9214,376.0654,1509
2026-07-22 08:30:00,376.2,376.45,375.94,376.01,4410
2026-07-22 08:31:00,375.9172,376.12,375.9172,376.12,908
2026-07-22 08:32:00,376.35,376.77,376.1956,376.64,1093
2026-07-22 08:33:00,376.5697,376.69,376.5697,376.69,735
2026-07-22 08:34:00,376.6478,376.67,376.5,376.6,554
2026-07-22 08:35:00,376.422,376.422,376.38,376.38,218
2026-07-22 08:36:00,376.6,376.6,376.6,376.6,300
2026-07-22 08:37:00,376.31,376.3394,376.31,376.32,413
2026-07-22 08:38:00,376.31,376.32,376.1711,376.26,264
2026-07-22 08:39:00,376.1933,376.35,376.17,376.35,717
2026-07-22 08:40:00,376.5,376.69,376.4544,376.4544,1209
2026-07-22 08:41:00,376.55,376.6,376.39,376.39,528
2026-07-22 08:42:00,376.3887,376.5349,376.3887,376.4,400
2026-07-22 08:43:00,376.43,376.43,376.3225,376.3225,1220
2026-07-22 08:44:00,376.5,376.568,376.35,376.35,828
2026-07-22 08:45:00,376.45,376.45,376.12,376.25,658
2026-07-22 08:46:00,376.2,376.2845,376.14,376.14,596
2026-07-22 08:47:00,376.12,376.26,376.12,376.12,294
2026-07-22 08:48:00,376.12,376.12,375.85,375.9,2786
2026-07-22 08:49:00,375.99,375.99,375.91,375.91,610
2026-07-22 08:50:00,375.9,376.26,375.9,376.1,898
2026-07-22 08:51:00,376.02,376.1825,375.82,375.82,1836
2026-07-22 08:52:00,375.95,375.97,375.92,375.9634,1476
2026-07-22 08:53:00,376.2,376.2,376.0536,376.0536,617
2026-07-22 08:54:00,376.18,376.18,376.0451,376.1473,773
2026-07-22 08:55:00,376.18,376.18,375.95,375.95,833
2026-07-22 08:56:00,375.92,375.92,374.62,374.9798,18979
2026-07-22 08:57:00,375,375.51,375,375.33,2483
2026-07-22 08:58:00,375.1989,375.4871,375.01,375.4871,1082
2026-07-22 08:59:00,375.25,375.5036,375.14,375.46,2060
2026-07-22 09:00:00,375.3761,375.53,375.3761,375.53,1127
2026-07-22 09:01:00,375.5,375.52,375.2,375.46,1059
2026-07-22 09:02:00,375.59,375.68,375.21,375.4905,2645
2026-07-22 09:03:00,375.49,375.67,375.39,375.65,2749
2026-07-22 09:04:00,375.5717,375.8417,375.51,375.8417,1975
2026-07-22 09:05:00,375.85,376,375.7566,375.7566,875
2026-07-22 09:06:00,375.94,375.9997,375.73,375.9,373
2026-07-22 09:07:00,375.91,375.9307,375.8479,375.855,638
2026-07-22 09:08:00,375.9,376,375.76,375.9,787
2026-07-22 09:09:00,375.9,375.96,375.4679,375.55,3519
2026-07-22 09:10:00,375.8,375.85,375.75,375.75,2124
2026-07-22 09:11:00,375.79,375.8,375.685,375.8,495
2026-07-22 09:12:00,375.7749,376.12,375.7749,376.058,4051
2026-07-22 09:13:00,375.95,376.08,375.83,376,1184
2026-07-22 09:14:00,376,376,375.8,375.8,915
2026-07-22 09:15:00,375.878,375.9,375.84,375.85,1011
2026-07-22 09:16:00,375.93,375.99,375.93,375.99,369
2026-07-22 09:17:00,375.99,376.15,375.92,376.0021,3138
2026-07-22 09:18:00,376.1329,376.1825,376.07,376.1444,1781
2026-07-22 09:19:00,376.12,376.1599,375.92,376.1,2518
2026-07-22 09:20:00,376.03,376.08,375.65,375.65,4155
2026-07-22 09:21:00,375.84,375.9,375.6887,375.88,2050
2026-07-22 09:22:00,375.72,375.7799,375.69,375.72,6059
2026-07-22 09:23:00,375.5308,375.84,375.52,375.8019,4669
2026-07-22 09:24:00,375.88,376.21,375.88,376.21,2935
2026-07-22 09:25:00,376.2,376.4597,375.8,375.81,2351
2026-07-22 09:26:00,376.0681,376.0681,375.58,375.6187,4075
2026-07-22 09:27:00,375.58,375.7873,374.8,374.8,8933
2026-07-22 09:28:00,375.33,375.81,374.83,375.46,2429
2026-07-22 09:29:00,375.8,375.8,375.35,375.8,3252
2026-07-22 09:30:00,375.68,377.8874,374.93,377.635,381835
2026-07-22 09:31:00,377.64,378.31,375.44,375.875,185805
2026-07-22 09:32:00,375.69,378.25,375.69,377.625,106036
2026-07-22 09:33:00,377.72,378.24,377.07,377.26,91155
2026-07-22 09:34:00,377.26,377.965,377.064,377.8,66939
2026-07-22 09:35:00,377.95,378.25,377.15,377.79,94564
2026-07-22 09:36:00,377.89,378.2,377.41,377.46,82757
2026-07-22 09:37:00,377.61,378.42,377.43,378.135,86267
2026-07-22 09:38:00,378.155,378.8,377.75,378.68,110566
2026-07-22 09:39:00,378.595,378.69,377.5,378.185,90140
2026-07-22 09:40:00,378.185,378.74,377.77,378.405,78095
2026-07-22 09:41:00,378.36,379.11,377.6501,377.83,110701
2026-07-22 09:42:00,377.65,378.32,377.4201,377.76,71780
2026-07-22 09:43:00,377.76,378.49,377.52,378.135,84659
2026-07-22 09:44:00,378.1295,378.75,378.02,378.5201,89248
2026-07-22 09:45:00,378.56,379.76,378.53,378.89,126932
2026-07-22 09:46:00,378.8544,379.4374,378.852,379.2255,75137
2026-07-22 09:47:00,379.27,379.35,378.84,379,62032
2026-07-22 09:48:00,378.97,379.1699,378.68,378.9834,71706
2026-07-22 09:49:00,378.9,379.89,378.79,379.7,97530
2026-07-22 09:50:00,379.64,379.81,378.39,378.65,86044
2026-07-22 09:51:00,378.51,379.06,378.4,379.06,59031
2026-07-22 09:52:00,379.035,379.8,378.94,379.33,83414
2026-07-22 09:53:00,379.33,380.1,379.3,379.98,144420
2026-07-22 09:54:00,380.04,380.17,379.6,380.04,67614
2026-07-22 09:55:00,380,380.15,379.24,379.63,87458
2026-07-22 09:56:00,379.58,379.58,378.5101,378.9,82888
2026-07-22 09:57:00,379,379.25,378.66,379.085,49677
2026-07-22 09:58:00,379.08,379.63,379.04,379.447,59808
2026-07-22 09:59:00,379.42,379.73,379.28,379.54,45657
2026-07-22 10:00:00,379.6,380.1399,379.47,380.095,83003
2026-07-22 10:01:00,380.095,380.11,378.7701,379.155,84182
2026-07-22 10:02:00,379.1,379.235,378.81,378.98,27679
2026-07-22 10:03:00,378.98,379.35,378.87,379.23,42240
2026-07-22 10:04:00,379.2013,379.54,379.15,379.4679,51163
2026-07-22 10:05:00,379.44,379.99,379.3,379.8154,81075
2026-07-22 10:06:00,379.82,379.87,379.07,379.2297,64345
2026-07-22 10:07:00,379.18,379.37,378.14,378.37,83099
2026-07-22 10:08:00,378.33,378.3899,377.28,377.305,114788
2026-07-22 10:09:00,377.305,377.52,376.8,377,108048
2026-07-22 10:10:00,377.1,377.5782,377.03,377.3362,78628
2026-07-22 10:11:00,377.34,377.82,377.34,377.4436,48367
2026-07-22 10:12:00,377.455,377.86,377.35,377.3731,50115
2026-07-22 10:13:00,377.405,377.77,377.0717,377.2089,49521
2026-07-22 10:14:00,377.17,377.44,376.82,377.335,50912
2026-07-22 10:15:00,377.38,377.38,376.1601,376.484,88745
2026-07-22 10:16:00,376.4752,376.99,376.38,376.755,80333
2026-07-22 10:17:00,376.85,377.31,376.69,377.24,47774
2026-07-22 10:18:00,377.2744,377.43,376.73,376.73,38150
2026-07-22 10:19:00,376.88,377.48,376.72,377.3901,37827
2026-07-22 10:20:00,377.39,377.84,377.0815,377.765,72049
2026-07-22 10:21:00,377.76,377.7999,377.48,377.68,39315
2026-07-22 10:22:00,377.66,378.09,377.57,377.9927,74248
2026-07-22 10:23:00,378.0296,378.0899,377.3,377.95,61545
2026-07-22 10:24:00,377.9501,378.18,377.38,377.8,43922
2026-07-22 10:25:00,377.825,378.149,377.73,378.01,54177
2026-07-22 10:26:00,377.9412,378.0599,377.4001,377.68,35631
2026-07-22 10:27:00,377.6201,377.8,377.24,377.49,34953
2026-07-22 10:28:00,377.55,377.81,377.3,377.45,23675
2026-07-22 10:29:00,377.4148,377.72,377.33,377.55,26286
2026-07-22 10:30:00,377.51,377.78,377.4101,377.65,22997
2026-07-22 10:31:00,377.58,377.62,377.29,377.57,36737
2026-07-22 10:32:00,377.535,377.75,377.5,377.6701,26430
2026-07-22 10:33:00,377.75,377.8499,377.3,377.4273,44490
2026-07-22 10:34:00,377.48,377.48,376.8901,376.8901,62033
2026-07-22 10:35:00,377,377.5899,376.95,377.5899,33762
2026-07-22 10:36:00,377.535,378.0099,377.49,377.72,47751
2026-07-22 10:37:00,377.72,377.92,377.29,377.325,34363
2026-07-22 10:38:00,377.3,377.47,377.04,377.2599,24314
2026-07-22 10:39:00,377.17,377.5699,377.1601,377.53,20447
2026-07-22 10:40:00,377.49,377.71,377.38,377.565,21205
2026-07-22 10:41:00,377.552,377.575,376.81,376.9999,41956
2026-07-22 10:42:00,376.95,377.37,376.78,377.3,37687
2026-07-22 10:43:00,377.29,377.33,377.12,377.33,25513
2026-07-22 10:44:00,377.31,377.4,376.855,376.92,29472
2026-07-22 10:45:00,376.9,377.16,376.6,377.08,44857
2026-07-22 10:46:00,377.075,377.51,376.92,377.43,37776
2026-07-22 10:47:00,377.43,377.51,377.2,377.46,33183
2026-07-22 10:48:00,377.49,377.74,377.41,377.67,28377
2026-07-22 10:49:00,377.67,377.71,377.29,377.56,34204
2026-07-22 10:50:00,377.6,377.7,377.36,377.605,15965
2026-07-22 10:51:00,377.63,377.66,376.775,377.035,51710
2026-07-22 10:52:00,377.084,377.38,376.9,377.02,37584
2026-07-22 10:53:00,377.05,377.16,376.9665,377,20338
2026-07-22 10:54:00,377.08,377.2799,376.666,376.67,36779
2026-07-22 10:55:00,376.68,376.76,376.25,376.7599,45605
2026-07-22 10:56:00,376.76,377.03,376.615,376.81,31523
2026-07-22 10:57:00,376.9099,377.19,376.83,377.19,31990
2026-07-22 10:58:00,377.18,377.26,377.01,377.1,23128
2026-07-22 10:59:00,377.1,377.32,377.065,377.185,33987
2026-07-22 11:00:00,377.16,377.6,377.12,377.6,35246
2026-07-22 11:01:00,377.56,377.74,377.35,377.36,42433
2026-07-22 11:02:00,377.34,377.36,376.54,376.615,59051
2026-07-22 11:03:00,376.615,376.86,376.56,376.765,32336
2026-07-22 11:04:00,376.765,377.2,376.65,377.13,45586
2026-07-22 11:05:00,377.13,377.3999,376.8396,377.29,28697
2026-07-22 11:06:00,377.27,377.29,377.0034,377.225,24556
2026-07-22 11:07:00,377.17,377.54,377.17,377.495,29020
2026-07-22 11:08:00,377.48,377.48,376.9,377.0937,38656
2026-07-22 11:09:00,377.09,377.09,376.65,376.69,39048
2026-07-22 11:10:00,376.69,376.963,376.64,376.92,22804
2026-07-22 11:11:00,376.88,377,376.8005,376.9063,40897
2026-07-22 11:12:00,376.97,376.99,376.8,376.895,15661
2026-07-22 11:13:00,376.895,376.98,376.6701,376.88,24409
2026-07-22 11:14:00,376.88,377.249,376.86,377.1898,23968
2026-07-22 11:15:00,377.22,377.35,377.12,377.12,24585
2026-07-22 11:16:00,377.13,377.31,377.13,377.2999,20222
2026-07-22 11:17:00,377.29,377.39,377.1501,377.21,15970
2026-07-22 11:18:00,377.19,377.58,377.11,377.57,30059
2026-07-22 11:19:00,377.55,378.02,377.47,377.925,64696
2026-07-22 11:20:00,377.97,378.7,377.72,378.5701,80253
2026-07-22 11:21:00,378.51,378.67,378.11,378.15,38635
2026-07-22 11:22:00,378.12,378.28,377.9243,378.232,34595
2026-07-22 11:23:00,378.27,378.27,377.86,378.145,36008
2026-07-22 11:24:00,378.145,378.4,378.02,378.155,26118
2026-07-22 11:25:00,378.155,378.25,378.01,378.1,25758
2026-07-22 11:26:00,378.12,378.29,378.09,378.19,24942
2026-07-22 11:27:00,378.19,378.5,378.13,378.36,39328
2026-07-22 11:28:00,378.33,378.4,377.8,377.859,30008
2026-07-22 11:29:00,377.8999,378,377.7101,377.9974,23924
2026-07-22 11:30:00,377.9995,378.0599,377.72,378.01,28700
2026-07-22 11:31:00,378.0512,378.12,377.9,377.96,24905
2026-07-22 11:32:00,377.98,378.04,377.7505,377.8,18780
2026-07-22 11:33:00,377.77,377.83,377.55,377.66,30292
2026-07-22 11:34:00,377.665,377.8599,377.5,377.51,16101
2026-07-22 11:35:00,377.56,377.69,377.4426,377.645,17446
2026-07-22 11:36:00,377.645,377.86,377.48,377.75,25302
2026-07-22 11:37:00,377.735,377.83,377.5,377.72,18368
2026-07-22 11:38:00,377.76,377.8,377.52,377.63,22497
2026-07-22 11:39:00,377.625,377.625,377.22,377.3,37761
2026-07-22 11:40:00,377.3,377.73,376.91,377.7,75531
2026-07-22 11:41:00,377.8,377.88,377.61,377.82,52191
2026-07-22 11:42:00,377.77,377.84,377.58,377.625,14283
2026-07-22 11:43:00,377.62,378.33,377.44,377.82,84659
2026-07-22 11:44:00,377.82,378.58,377.82,378.31,53618
2026-07-22 11:45:00,378.42,378.91,378.41,378.74,44840
2026-07-22 11:46:00,378.77,378.95,378.29,378.4,35746
2026-07-22 11:47:00,378.405,378.68,378.2847,378.515,19422
2026-07-22 11:48:00,378.515,378.56,378.18,378.26,29660
2026-07-22 11:49:00,378.24,378.75,378.12,378.705,37753
2026-07-22 11:50:00,378.7,378.8,378.4601,378.6,37828
2026-07-22 11:51:00,378.51,378.74,378.44,378.655,17391
2026-07-22 11:52:00,378.655,378.66,378.46,378.5278,16670
2026-07-22 11:53:00,378.555,378.59,378.43,378.465,33341
2026-07-22 11:54:00,378.465,378.55,378.35,378.42,17781
2026-07-22 11:55:00,378.36,378.54,378.15,378.495,35419
2026-07-22 11:56:00,378.495,378.54,378.25,378.31,19252
2026-07-22 11:57:00,378.31,378.41,377.88,378.29,46986
2026-07-22 11:58:00,378.3,378.3699,378.13,378.255,14928
2026-07-22 11:59:00,378.255,378.28,378.07,378.24,12668
2026-07-22 12:00:00,378.224,378.55,378.2,378.35,28235
2026-07-22 12:01:00,378.36,378.48,378.081,378.18,20236
2026-07-22 12:02:00,378.16,378.22,377.96,378.01,22452
2026-07-22 12:03:00,377.98,378.08,377.94,378.07,17071
2026-07-22 12:04:00,378.03,378.31,378,378.21,25902
2026-07-22 12:05:00,378.235,378.55,378.12,378.5,23370
2026-07-22 12:06:00,378.46,378.6499,378.41,378.5271,28442
2026-07-22 12:07:00,378.535,378.59,378.4401,378.52,11937
2026-07-22 12:08:00,378.5099,378.51,378.3301,378.37,19131
2026-07-22 12:09:00,378.4,378.53,378.22,378.395,22895
2026-07-22 12:10:00,378.38,378.5,378.24,378.3501,25814
2026-07-22 12:11:00,378.45,378.45,378.11,378.14,29448
2026-07-22 12:12:00,378.11,378.35,377.92,378.05,30444
2026-07-22 12:13:00,378.07,378.35,378.05,378.21,26819
2026-07-22 12:14:00,378.205,378.54,378.205,378.35,21747
2026-07-22 12:15:00,378.34,378.38,378.23,378.275,12332
2026-07-22 12:16:00,378.23,378.43,378.09,378.21,22849
2026-07-22 12:17:00,378.155,378.296,377.715,377.75,30169
2026-07-22 12:18:00,377.77,378.1497,377.68,378.095,22377
2026-07-22 12:19:00,378.14,378.19,377.845,377.86,18200
2026-07-22 12:20:00,377.93,377.95,377.4101,377.65,47545
2026-07-22 12:21:00,377.65,377.79,377.42,377.67,38292
2026-07-22 12:22:00,377.74,377.88,377.4301,377.4301,35281
2026-07-22 12:23:00,377.4798,377.68,377.29,377.37,26620
2026-07-22 12:24:00,377.28,377.42,377.07,377.17,35407
2026-07-22 12:25:00,377.145,377.173,376.38,376.68,91879
2026-07-22 12:26:00,376.62,376.62,376.24,376.54,50668
2026-07-22 12:27:00,376.575,376.96,376.575,376.83,44917
2026-07-22 12:28:00,376.86,377.2,376.77,377.165,27438
2026-07-22 12:29:00,377.165,377.46,377.13,377.3313,30037
2026-07-22 12:30:00,377.37,377.38,376.89,377.355,45363
2026-07-22 12:31:00,377.39,377.65,377.29,377.5125,34854
2026-07-22 12:32:00,377.55,377.85,377.55,377.73,34221
2026-07-22 12:33:00,377.795,377.8,377.47,377.655,19519
2026-07-22 12:34:00,377.6404,377.72,377.49,377.53,31050
2026-07-22 12:35:00,377.4801,377.5899,377.44,377.47,18902
2026-07-22 12:36:00,377.42,377.53,377.3401,377.4,12849
2026-07-22 12:37:00,377.425,377.53,377.4,377.42,22066
2026-07-22 12:38:00,377.455,377.55,377.2904,377.4206,14069
2026-07-22 12:39:00,377.405,377.44,377.24,377.305,13703
2026-07-22 12:40:00,377.305,377.415,377.15,377.19,15323
2026-07-22 12:41:00,377.19,377.3,377.01,377.1,24130
2026-07-22 12:42:00,377.08,377.34,377.05,377.29,22026
2026-07-22 12:43:00,377.3399,377.35,376.9073,377,46781
2026-07-22 12:44:00,377.0759,377.1799,377.01,377.07,11282
2026-07-22 12:45:00,377.11,377.32,377.055,377.065,24958
2026-07-22 12:46:00,377.09,377.2299,376.89,376.9275,18651
2026-07-22 12:47:00,376.989,377.01,376.79,376.85,17878
2026-07-22 12:48:00,376.92,377.3011,376.9,377.3011,21510
2026-07-22 12:49:00,377.265,377.32,377.1111,377.1111,13673
2026-07-22 12:50:00,377.17,377.3999,377,377.34,19509
2026-07-22 12:51:00,377.36,377.54,377.25,377.28,20639
2026-07-22 12:52:00,377.24,377.37,377.16,377.3,12262
2026-07-22 12:53:00,377.33,377.344,376.94,377.0029,18961
2026-07-22 12:54:00,377.06,377.12,377,377.055,10167
2026-07-22 12:55:00,377.025,377.5,376.96,377.5,17691
2026-07-22 12:56:00,377.5395,377.69,377.4,377.59,21119
2026-07-22 12:57:00,377.58,377.8699,377.565,377.775,23703
2026-07-22 12:58:00,377.8,377.88,377.7,377.85,19592
2026-07-22 12:59:00,377.87,377.98,377.7518,377.97,17540
2026-07-22 13:00:00,377.94,378.2999,377.84,378.18,30141
2026-07-22 13:01:00,378.225,378.225,377.7,377.75,25653
2026-07-22 13:02:00,377.745,377.94,377.65,377.9299,23451
2026-07-22 13:03:00,377.87,378.16,377.86,378.08,27812
2026-07-22 13:04:00,378.025,378.07,377.7901,377.82,13855
2026-07-22 13:05:00,377.8494,378.16,377.83,378.11,15080
2026-07-22 13:06:00,378.1499,378.21,378.08,378.14,15207
2026-07-22 13:07:00,378.17,378.2499,378.1,378.24,24831
2026-07-22 13:08:00,378.2373,378.2619,378.12,378.205,13207
2026-07-22 13:09:00,378.205,378.23,377.85,378.03,23396
2026-07-22 13:10:00,378,378.04,377.87,377.97,20145
2026-07-22 13:11:00,377.8983,377.97,377.65,377.71,20135
2026-07-22 13:12:00,377.7934,377.81,377.51,377.595,26530
2026-07-22 13:13:00,377.5801,377.73,377.49,377.62,37052
2026-07-22 13:14:00,377.6458,377.68,377.36,377.4,31295
2026-07-22 13:15:00,377.45,377.5,377.37,377.45,14874
2026-07-22 13:16:00,377.43,378.25,377.35,377.52,61929
2026-07-22 13:17:00,377.57,377.79,377.52,377.675,25311
2026-07-22 13:18:00,377.675,377.82,377.6,377.79,13986
2026-07-22 13:19:00,377.79,378.04,377.72,377.75,36178
2026-07-22 13:20:00,377.78,377.785,377.58,377.755,20058
2026-07-22 13:21:00,377.755,377.87,377.5,377.5,25197
2026-07-22 13:22:00,377.53,377.85,377.53,377.685,16529
2026-07-22 13:23:00,377.67,377.77,377.49,377.605,18021
2026-07-22 13:24:00,377.57,377.78,377.5,377.58,8457
2026-07-22 13:25:00,377.58,377.58,377.35,377.5,17819
2026-07-22 13:26:00,377.5,377.61,377.46,377.555,12086
2026-07-22 13:27:00,377.55,377.61,377.41,377.46,12070
2026-07-22 13:28:00,377.46,377.53,377.11,377.19,17431
2026-07-22 13:29:00,377.19,377.4798,377.185,377.2,22394
2026-07-22 13:30:00,377.14,377.36,377.08,377.27,27925
2026-07-22 13:31:00,377.24,377.32,377.12,377.18,37679
2026-07-22 13:32:00,377.18,377.18,376.79,376.82,62500
2026-07-22 13:33:00,376.85,376.95,376.46,376.635,47218
2026-07-22 13:34:00,376.625,376.8649,376.52,376.57,41737
2026-07-22 13:35:00,376.615,376.94,376.46,376.9199,28701
2026-07-22 13:36:00,376.8587,377.17,376.76,377,28919
2026-07-22 13:37:00,377.025,377.19,376.94,377.14,29590
2026-07-22 13:38:00,377.1001,377.28,376.8901,377.04,31592
2026-07-22 13:39:00,376.975,377.08,376.8605,376.9401,25481
2026-07-22 13:40:00,376.97,376.97,376.7,376.835,38421
2026-07-22 13:41:00,376.835,376.88,376.5,376.7,37409
2026-07-22 13:42:00,376.73,376.83,376.5,376.5317,35269
2026-07-22 13:43:00,376.56,376.64,376.2905,376.34,31639
2026-07-22 13:44:00,376.31,376.5,376.08,376.17,48405
2026-07-22 13:45:00,376.17,376.2399,375.91,376.085,64770
2026-07-22 13:46:00,376.04,376.37,375.86,376.235,35156
2026-07-22 13:47:00,376.2,376.3,375.86,375.96,33050
2026-07-22 13:48:00,376.0299,376.12,375.9,375.98,29048
2026-07-22 13:49:00,376.02,376.1197,375.9,376.06,20424
2026-07-22 13:50:00,376.06,376.06,375.68,375.81,66769
2026-07-22 13:51:00,375.745,375.91,375.7,375.815,24582
2026-07-22 13:52:00,375.82,375.9699,375.61,375.86,24980
2026-07-22 13:53:00,375.89,376.09,375.765,375.9818,51125
2026-07-22 13:54:00,375.97,376.24,375.9,376.14,57394
2026-07-22 13:55:00,376.2499,376.37,375.8175,376.29,59355
2026-07-22 13:56:00,376.35,376.4099,376.1109,376.305,14884
2026-07-22 13:57:00,376.315,376.5,376.1895,376.2101,17890
2026-07-22 13:58:00,376.21,376.26,375.97,376.055,22461
2026-07-22 13:59:00,376.13,376.13,375.84,375.96,27162
2026-07-22 14:00:00,375.8701,376.08,375.8501,375.9,16418
2026-07-22 14:01:00,375.94,376.09,375.69,375.81,37696
2026-07-22 14:02:00,375.835,376.06,375.59,376.03,35110
2026-07-22 14:03:00,376.01,376.11,375.9,376.01,26047
2026-07-22 14:04:00,376.055,376.29,375.96,376.242,21961
2026-07-22 14:05:00,376.29,376.29,376.01,376.17,25718
2026-07-22 14:06:00,376.165,376.22,375.98,376.025,39530
2026-07-22 14:07:00,376.025,376.4,375.9211,376.35,33082
2026-07-22 14:08:00,376.35,376.37,376.02,376.07,31136
2026-07-22 14:09:00,376.02,376.1,375.52,375.53,34585
2026-07-22 14:10:00,375.56,375.95,375.39,375.86,39202
2026-07-22 14:11:00,375.91,375.98,375.58,375.64,23932
2026-07-22 14:12:00,375.6101,375.75,375.48,375.4901,23609
2026-07-22 14:13:00,375.525,375.6099,375.17,375.25,42756
2026-07-22 14:14:00,375.25,375.46,375.1801,375.25,34019
2026-07-22 14:15:00,375.29,375.36,375.15,375.23,27401
2026-07-22 14:16:00,375.23,375.44,375.19,375.36,28887
2026-07-22 14:17:00,375.399,375.47,375.2801,375.31,19973
2026-07-22 14:18:00,375.31,375.72,375.28,375.64,18904
2026-07-22 14:19:00,375.6076,375.72,375.51,375.6,28173
2026-07-22 14:20:00,375.575,375.73,375.44,375.695,13282
2026-07-22 14:21:00,375.73,375.91,375.68,375.8,30424
2026-07-22 14:22:00,375.77,375.82,375.7,375.81,13157
2026-07-22 14:23:00,375.82,375.82,375.58,375.6696,17734
2026-07-22 14:24:00,375.67,375.78,375.55,375.635,19138
2026-07-22 14:25:00,375.62,375.67,375.5,375.58,21683
2026-07-22 14:26:00,375.58,375.65,375.42,375.59,23859
2026-07-22 14:27:00,375.59,375.69,375.47,375.6799,18583
2026-07-22 14:28:00,375.625,375.93,375.625,375.85,35613
2026-07-22 14:29:00,375.85,375.93,375.74,375.76,22520
2026-07-22 14:30:00,375.73,375.76,375.42,375.48,23759
2026-07-22 14:31:00,375.485,375.5108,375.2,375.36,35247
2026-07-22 14:32:00,375.36,375.41,375.2,375.345,43810
2026-07-22 14:33:00,375.34,375.62,375.3,375.555,83431
2026-07-22 14:34:00,375.555,375.66,375.3,375.31,29731
2026-07-22 14:35:00,375.3,375.57,375.18,375.55,62861
2026-07-22 14:36:00,375.57,375.72,375.53,375.655,36925
2026-07-22 14:37:00,375.68,375.7,375.35,375.4216,24980
2026-07-22 14:38:00,375.4,375.5,375.31,375.33,27315
2026-07-22 14:39:00,375.32,375.43,375.14,375.43,42305
2026-07-22 14:40:00,375.4131,375.47,375.2644,375.33,34785
2026-07-22 14:41:00,375.33,375.65,375.3,375.637,40660
2026-07-22 14:42:00,375.615,375.75,375.58,375.605,31693
2026-07-22 14:43:00,375.59,375.75,375.59,375.71,17598
2026-07-22 14:44:00,375.72,375.8,375.67,375.76,23409
2026-07-22 14:45:00,375.76,376.03,375.71,375.94,36693
2026-07-22 14:46:00,375.93,376,375.86,375.99,36834
2026-07-22 14:47:00,375.975,376.05,375.88,375.995,44247
2026-07-22 14:48:00,375.995,376.05,375.6485,375.6485,28608
2026-07-22 14:49:00,375.6799,375.73,375.35,375.4,41619
2026-07-22 14:50:00,375.38,375.46,375.3,375.39,38582
2026-07-22 14:51:00,375.39,375.47,375.32,375.37,25045
2026-07-22 14:52:00,375.3699,375.46,374.99,375.365,125979
2026-07-22 14:53:00,375.365,375.74,375.3601,375.685,48832
2026-07-22 14:54:00,375.67,375.69,375.365,375.48,52901
2026-07-22 14:55:00,375.4519,375.46,375.17,375.365,35565
2026-07-22 14:56:00,375.37,375.37,375.06,375.18,40782
2026-07-22 14:57:00,375.18,375.37,375.06,375.08,28805
2026-07-22 14:58:00,375.13,375.42,375.13,375.39,24013
2026-07-22 14:59:00,375.4,375.49,375.29,375.34,19521
2026-07-22 15:00:00,375.3,375.45,375.29,375.42,25541
2026-07-22 15:01:00,375.395,375.51,375.16,375.23,24249
2026-07-22 15:02:00,375.18,375.5,375.18,375.33,24298
2026-07-22 15:03:00,375.33,375.64,375.25,375.455,33055
2026-07-22 15:04:00,375.455,375.66,375.43,375.53,29267
2026-07-22 15:05:00,375.495,375.7,375.4,375.52,36429
2026-07-22 15:06:00,375.53,375.56,375.41,375.515,29918
2026-07-22 15:07:00,375.52,375.56,375.11,375.235,61956
2026-07-22 15:08:00,375.23,375.25,374.71,374.795,66110
2026-07-22 15:09:00,374.745,374.745,374.2819,374.305,81199
2026-07-22 15:10:00,374.28,374.4999,374.09,374.16,83990
2026-07-22 15:11:00,374.1599,374.259,373.92,374.17,96611
2026-07-22 15:12:00,374.19,374.22,373.75,373.8599,39475
2026-07-22 15:13:00,373.85,374.21,373.77,374.052,36965
2026-07-22 15:14:00,374.1,374.32,374.07,374.22,36441
2026-07-22 15:15:00,374.25,374.48,374.1,374.375,52520
2026-07-22 15:16:00,374.4,374.59,374.33,374.515,29472
2026-07-22 15:17:00,374.51,374.58,374.28,374.535,35388
2026-07-22 15:18:00,374.535,374.92,374.48,374.66,71980
2026-07-22 15:19:00,374.68,374.98,374.56,374.92,51124
2026-07-22 15:20:00,374.9392,374.9392,374.71,374.78,38486
2026-07-22 15:21:00,374.75,374.8397,374.68,374.76,28487
2026-07-22 15:22:00,374.7599,375.11,374.69,375.08,49448
2026-07-22 15:23:00,375.08,375.16,375.02,375.08,34358
2026-07-22 15:24:00,375.08,375.11,374.7001,374.72,51488
2026-07-22 15:25:00,374.7387,374.82,374.56,374.6336,33597
2026-07-22 15:26:00,374.615,374.73,374.5,374.575,38435
2026-07-22 15:27:00,374.575,374.71,374.46,374.66,30072
2026-07-22 15:28:00,374.65,374.83,374.61,374.74,20992
2026-07-22 15:29:00,374.74,374.82,374.63,374.805,70375
2026-07-22 15:30:00,374.78,375.23,374.7018,374.7018,76362
2026-07-22 15:31:00,374.7472,375.02,374.7472,374.965,23974
2026-07-22 15:32:00,375,375,374.8,374.9,26768
2026-07-22 15:33:00,374.9,375.0799,374.83,375.06,21145
2026-07-22 15:34:00,375.04,375.08,374.5,374.67,51016
2026-07-22 15:35:00,374.62,374.74,374.54,374.57,27343
2026-07-22 15:36:00,374.57,374.67,374.43,374.545,35083
2026-07-22 15:37:00,374.545,374.565,374.34,374.375,27595
2026-07-22 15:38:00,374.39,374.4,374.11,374.255,50026
2026-07-22 15:39:00,374.22,374.62,374.15,374.61,45811
2026-07-22 15:40:00,374.61,374.96,374.52,374.57,51482
2026-07-22 15:41:00,374.62,375.05,374.5,374.995,50061
2026-07-22 15:42:00,374.995,375.18,374.995,375.07,46108
2026-07-22 15:43:00,375.06,375.1145,374.66,374.71,49986
2026-07-22 15:44:00,374.71,374.74,374.37,374.59,49226
2026-07-22 15:45:00,374.555,374.92,374.52,374.81,55215
2026-07-22 15:46:00,374.84,374.92,374.59,374.635,29279
2026-07-22 15:47:00,374.66,374.8699,374.64,374.755,28954
2026-07-22 15:48:00,374.74,375.14,374.73,374.97,39983
2026-07-22 15:49:00,374.95,375.13,374.72,374.73,31448
2026-07-22 15:50:00,374.77,375.1,374.27,374.355,126938
2026-07-22 15:51:00,374.355,374.42,374.02,374.29,54395
2026-07-22 15:52:00,374.28,374.53,374.1075,374.3,83724
2026-07-22 15:53:00,374.32,374.37,373.75,373.82,102528
2026-07-22 15:54:00,373.79,374.1099,372.9,373.14,128732
2026-07-22 15:55:00,373.09,373.94,373,373.69,141195
2026-07-22 15:56:00,373.7,373.7,373.51,373.62,93131
2026-07-22 15:57:00,373.59,374.43,373.56,374.1139,97534
2026-07-22 15:58:00,374.15,374.48,373.97,374.01,127526
2026-07-22 15:59:00,374.01,374.31,373.92,374.051,239645
2026-07-22 16:00:00,374.13,374.45,373.23,373.27,3202933
2026-07-22 16:01:00,373.72,379.2,372.98,373.6,24389
2026-07-22 16:02:00,373.65,374.01,373.65,373.86,7266
2026-07-22 16:03:00,373.87,374.2,373.6,373.91,19510
2026-07-22 16:04:00,373.9144,374,364,366.956,114488
2026-07-22 16:05:00,366.78,373.59,361.02,361.95,155975
2026-07-22 16:06:00,361.73,365.11,360.56,364.15,127463
2026-07-22 16:07:00,364.41,365.47,361.2,361.44,104560
2026-07-22 16:08:00,361.23,365.6,361.1388,364.51,79326
2026-07-22 16:09:00,364.88,367.41,363.8,365,80490
2026-07-22 16:10:00,365,366,364.38,364.9168,56001
2026-07-22 16:11:00,364.54,365.7,364.2,365.0784,37739
2026-07-22 16:12:00,365.07,365.08,362.2,362.36,82561
2026-07-22 16:13:00,362.25,364.61,362,364.514,69872
2026-07-22 16:14:00,364.21,364.98,363.11,364.22,32164
2026-07-22 16:15:00,364.98,364.98,363.5,363.5,30846
2026-07-22 16:16:00,363.55,364,362.01,362.02,51025
2026-07-22 16:17:00,362.12,363.3184,360.25,361.15,107151
2026-07-22 16:18:00,361.49,363,361.05,362.74,40176
2026-07-22 16:19:00,362.769,364.04,362.47,363.48,42806
2026-07-22 16:20:00,363.55,363.56,362.45,362.92,34793
2026-07-22 16:21:00,363.32,363.33,361.75,362.26,37227
2026-07-22 16:22:00,362.34,362.5,360.7,360.9538,56779
2026-07-22 16:23:00,360.9719,361.89,360.7,361.78,32302
2026-07-22 16:24:00,361.76,362.8,361,362.8,54519
2026-07-22 16:25:00,362.84,363,361.81,362.7927,38282
2026-07-22 16:26:00,362.8,364.11,362.7701,364.1,56020
2026-07-22 16:27:00,364.2268,364.5,363.24,363.74,36943
2026-07-22 16:28:00,363.8135,364.1099,363.02,363.9,33268
2026-07-22 16:29:00,363.77,366.9,363.662,365.71,107966
2026-07-22 16:30:00,365.9045,366,364.3,364.78,38466
2026-07-22 16:31:00,364.95,365.3,364.5,365.2813,31116
2026-07-22 16:32:00,365.01,365.24,364.657,365,17663
2026-07-22 16:33:00,364.9,366,364.71,365.61,28089
2026-07-22 16:34:00,365.49,365.52,364.13,364.98,25279
2026-07-22 16:35:00,364.98,365.05,364.64,364.9,10650
2026-07-22 16:36:00,364.89,364.9999,364.25,364.25,16273
2026-07-22 16:37:00,364.3,374.01,363.75,364.3,23513
2026-07-22 16:38:00,364.4,365.18,364.4,364.9,12689
2026-07-22 16:39:00,364.8997,365.08,364.59,365.0088,13738
2026-07-22 16:40:00,365,365.1,364.2101,364.2101,10220
2026-07-22 16:41:00,364.45,365.2,364.4157,364.95,13183
2026-07-22 16:42:00,364.8,365.73,364.75,365.1078,17463
2026-07-22 16:43:00,365.49,365.5,364.7,365,13784
2026-07-22 16:44:00,365.1,365.16,364.43,364.6758,9364
2026-07-22 16:45:00,364.4,365,364.06,365,8047
2026-07-22 16:46:00,364.88,365.0474,364.8376,364.8376,3006
2026-07-22 16:47:00,364.9212,365.73,364.9212,365.5,17245
2026-07-22 16:48:00,365.4604,365.7,364.41,364.48,18374
2026-07-22 16:49:00,364.48,364.8859,364.43,364.6,7131
2026-07-22 16:50:00,364.7951,365,364.5,364.5,7217
2026-07-22 16:51:00,364.6,364.84,364.5,364.51,4653
2026-07-22 16:52:00,364.6008,364.77,364.2,364.4128,6360
2026-07-22 16:53:00,364.2,364.97,364.2,364.7243,5420
2026-07-22 16:54:00,364.5,364.73,364.08,364.4,11603
2026-07-22 16:55:00,364.34,364.78,364.34,364.6,4861
2026-07-22 16:56:00,364.5387,364.5387,363.75,364.02,31444
2026-07-22 16:57:00,364.01,364.4,364,364.22,4392
2026-07-22 16:58:00,364.3,365,364.2302,364.56,12325
2026-07-22 16:59:00,364.764,364.8,364.51,364.51,10492
2026-07-22 17:00:00,364.7535,364.7535,363.711,364,12058
2026-07-22 17:01:00,364.05,364.1,363,363.2444,35709
2026-07-22 17:02:00,363.1766,363.8,363.1766,363.77,12375
2026-07-22 17:03:00,363.7,363.88,363.3,363.3,10313
2026-07-22 17:04:00,363.2,363.75,362.92,363.5,12369
2026-07-22 17:05:00,363.3775,363.79,363,363.2451,7649
2026-07-22 17:06:00,363.05,363.281,362.63,363,24700
2026-07-22 17:07:00,362.785,362.82,362.1,362.3083,22612
2026-07-22 17:08:00,362.37,362.98,362.25,362.74,8489
2026-07-22 17:09:00,362.86,362.86,361.8,362.14,22167
2026-07-22 17:10:00,362.231,362.8,362.23,362.7,10175
2026-07-22 17:11:00,362.79,362.9602,362.18,362.2,11906
2026-07-22 17:12:00,362.24,362.45,362.11,362.32,6037
2026-07-22 17:13:00,362.44,362.95,362.24,362.69,9007
2026-07-22 17:14:00,362.61,362.95,362.5217,362.89,5321
2026-07-22 17:15:00,362.98,362.99,362.6,362.9,5230
2026-07-22 17:16:00,362.9588,374.01,362.2,362.55,12843
2026-07-22 17:17:00,362.743,362.743,362.5,362.6053,3043
2026-07-22 17:18:00,362.6,362.6,361.43,361.8784,19120
2026-07-22 17:19:00,361.99,362,361.2,361.75,14623
2026-07-22 17:20:00,361.65,362,361.5,361.9002,6369
2026-07-22 17:21:00,362,362.45,361.86,362.1099,7156
2026-07-22 17:22:00,362.25,362.75,362.07,362.75,7412
2026-07-22 17:23:00,362.75,362.75,362.23,362.3223,2355
2026-07-22 17:24:00,362.5,362.5,361.76,361.97,13042
2026-07-22 17:25:00,361.69,362.28,361.69,362.0057,6652
2026-07-22 17:26:00,362.07,362.28,361.99,362.25,4278
2026-07-22 17:27:00,362.3,362.6216,362.22,362.37,8931
2026-07-22 17:28:00,362.3934,362.5593,362.39,362.55,3222
2026-07-22 17:29:00,362.56,363.01,362.5293,362.8351,11129
2026-07-22 17:30:00,362.78,362.84,362.5,362.69,5841
2026-07-22 17:31:00,362.69,362.84,362.6,362.75,2123
2026-07-22 17:32:00,362.61,362.95,362.3,362.95,7114
2026-07-22 17:33:00,362.75,362.9,360.1,361.01,49794
2026-07-22 17:34:00,361.17,364,361.1,363.04,40428
2026-07-22 17:35:00,363.29,364.39,362.03,362.98,15866
2026-07-22 17:36:00,362.616,363,360.01,360.3,85031
2026-07-22 17:37:00,360.4795,360.5,358.13,359.25,115603
2026-07-22 17:38:00,359.24,359.24,356.51,356.749,76458
2026-07-22 17:39:00,356.74,356.98,355.11,356.07,118785
2026-07-22 17:40:00,356.648,357.82,355.25,356.03,65274
2026-07-22 17:41:00,356.0134,356.04,353.23,354.67,96042
2026-07-22 17:42:00,354.59,355.62,354.15,355.18,45854
2026-07-22 17:43:00,355.12,356.97,354.52,356.01,46609
2026-07-22 17:44:00,356.33,356.48,355.39,356,21898
2026-07-22 17:45:00,355.9986,356,354.93,355.5992,25215
2026-07-22 17:46:00,355.8,357.89,355.5,356.6,50244
2026-07-22 17:47:00,356.7,356.99,355.65,356.99,28340
2026-07-22 17:48:00,356.85,357.88,356.59,357,46890
2026-07-22 17:49:00,356.9,359,356.71,357.8702,41376
2026-07-22 17:50:00,357.8401,358.5,357.8401,358.25,14897
2026-07-22 17:51:00,358.0819,358.12,357.22,357.8228,15563
2026-07-22 17:52:00,357.99,358.49,356.9,357.222,36632
2026-07-22 17:53:00,357.22,357.7,355.22,356,61359
2026-07-22 17:54:00,356.0925,357.64,353.6,355.6,92453
2026-07-22 17:55:00,355.6939,356,355,355.67,34122
2026-07-22 17:56:00,355.67,359,355.59,358.1218,47907
2026-07-22 17:57:00,358.2,358.58,357.76,358.09,26540
2026-07-22 17:58:00,358.05,358.05,357,357.78,13406
2026-07-22 17:59:00,357.86,358.5,357.69,358.25,11645
2026-07-22 18:00:00,358.46,359.4,357.48,358.048,42536
2026-07-22 18:01:00,358.13,358.7,358.02,358.45,13021
2026-07-22 18:02:00,358.39,358.91,356.5,356.5,26390
2026-07-22 18:03:00,356.71,357.8,356.45,357.54,9794
2026-07-22 18:04:00,357.56,357.9,357.5,357.7648,8177
2026-07-22 18:05:00,357.7403,357.9,357.07,357.69,16353
2026-07-22 18:06:00,357.3685,358.69,357.3685,358.4225,19127
2026-07-22 18:07:00,358.2,358.43,356,357.29,19528
2026-07-22 18:08:00,357.4643,357.5,356.83,357.45,7445
2026-07-22 18:09:00,357.35,357.6,357.25,357.36,5553
2026-07-22 18:10:00,357.41,358,357.3817,357.86,6252
2026-07-22 18:11:00,357.95,357.95,357.28,357.7184,12027
2026-07-22 18:12:00,357.7034,358.5,357.7034,358.1887,9706
2026-07-22 18:13:00,358,358.2,357.76,358.2,6067
2026-07-22 18:14:00,358.2,358.95,358.04,358.89,16091
2026-07-22 18:15:00,358.95,359.4,358.5,359.26,22716
2026-07-22 18:16:00,359.26,359.2999,358.59,359.06,6696
2026-07-22 18:17:00,358.6263,358.98,357.94,358,15782
2026-07-22 18:18:00,358.16,358.7,358.01,358.7,8260
2026-07-22 18:19:00,358.6,359.24,358.53,359.01,7913
2026-07-22 18:20:00,359,359.19,358.77,359.0018,5737
2026-07-22 18:21:00,359.0511,359.75,359.0128,359.31,22311
2026-07-22 18:22:00,359.331,359.4,358.2348,358.5,12190
2026-07-22 18:23:00,358.86,358.87,358.2,358.2,6954
2026-07-22 18:24:00,358.21,359,358.21,359,7090
2026-07-22 18:25:00,358.91,358.9272,358.5,358.9272,6218
2026-07-22 18:26:00,358.53,358.8,357.79,358.51,18925
2026-07-22 18:27:00,358.7,358.8,358.57,358.6291,3454
2026-07-22 18:28:00,358.69,358.77,358.23,358.23,2292
2026-07-22 18:29:00,358.2493,358.6768,358.23,358.23,4831
2026-07-22 18:30:00,358.3,358.3,358.0135,358.2,4591
2026-07-22 18:31:00,358.2,358.49,358.17,358.3002,3170
2026-07-22 18:32:00,358.39,358.39,357.54,357.95,10843
2026-07-22 18:33:00,357.98,358.5,357.78,358.49,9136
2026-07-22 18:34:00,358.43,358.44,358,358.01,3834
2026-07-22 18:35:00,358.01,358.01,357.49,357.6941,13587
2026-07-22 18:36:00,357.76,357.892,357.14,357.3,15007
2026-07-22 18:37:00,357.25,357.3923,356.8,356.83,15900
2026-07-22 18:38:00,356.86,357.25,356.61,357.152,8293
2026-07-22 18:39:00,357.0002,357.25,356.9,357.15,6353
2026-07-22 18:40:00,357.2,357.76,357.1576,357.67,5927
2026-07-22 18:41:00,357.6493,357.9,357.49,357.5,13398
2026-07-22 18:42:00,357.5,357.738,357.5,357.7,5233
2026-07-22 18:43:00,357.69,358.65,357.66,358.26,8859
2026-07-22 18:44:00,358.26,358.65,358.0689,358.5232,12285
2026-07-22 18:45:00,358.5,358.51,358.214,358.3,8667
2026-07-22 18:46:00,358.4,359,358.25,358.85,9733
2026-07-22 18:47:00,358.85,358.93,358.5209,358.5953,2925
2026-07-22 18:48:00,358.6086,358.8498,358.55,358.8498,6828
2026-07-22 18:49:00,358.7,359.07,358.7,358.9,12661
2026-07-22 18:50:00,358.81,358.98,358.69,358.9168,4411
2026-07-22 18:51:00,358.96,359.2589,358.9,359.2589,5218
2026-07-22 18:52:00,359.26,359.6,359.26,359.43,12345
2026-07-22 18:53:00,359.45,359.49,359.0986,359.0986,2697
2026-07-22 18:54:00,359.1883,359.49,359.1,359.49,2535
2026-07-22 18:55:00,359.42,359.4837,359.3,359.4,2739
2026-07-22 18:56:00,359.4,359.7,359.3,359.632,3176
2026-07-22 18:57:00,359.62,359.62,359.3,359.3,3851
2026-07-22 18:58:00,359.18,359.3,359,359.1681,2889
2026-07-22 18:59:00,359.2239,359.39,359.01,359.2,4498
2026-07-22 19:00:00,359.28,359.3,359,359.0761,5975
2026-07-22 19:01:00,359,359.09,358.801,358.801,14044
2026-07-22 19:02:00,358.98,359,358.69,358.8139,5667
2026-07-22 19:03:00,358.85,359,358.8,358.91,5265
2026-07-22 19:04:00,358.8339,358.91,358.7,358.7676,5229
2026-07-22 19:05:00,358.7798,358.7798,358.41,358.4193,7193
2026-07-22 19:06:00,358.41,358.5001,358.3,358.48,8944
2026-07-22 19:07:00,358.5154,358.6327,358.5,358.6327,454
2026-07-22 19:08:00,358.64,358.75,358.64,358.7299,3758
2026-07-22 19:09:00,358.73,358.88,358.73,358.85,2569
2026-07-22 19:10:00,358.86,358.86,358.67,358.7001,2756
2026-07-22 19:11:00,358.7093,358.77,358.6,358.6704,2411
2026-07-22 19:12:00,358.7001,358.75,358.54,358.5907,5064
2026-07-22 19:13:00,358.5406,358.7,358.54,358.7,2262
2026-07-22 19:14:00,358.55,358.71,358.55,358.71,4231
2026-07-22 19:15:00,358.6736,358.73,358.6736,358.71,581
2026-07-22 19:16:00,358.7,358.7,358.37,358.37,4113
2026-07-22 19:17:00,358.3156,358.3156,358,358,15635
2026-07-22 19:18:00,357.9,358.0341,357.6,357.87,11899
2026-07-22 19:19:00,357.831,357.88,357.56,357.79,6983
2026-07-22 19:20:00,357.56,357.91,357.56,357.83,6122
2026-07-22 19:21:00,357.8896,357.8896,357.7631,357.78,1996
2026-07-22 19:22:00,357.78,357.835,357.77,357.78,1558
2026-07-22 19:23:00,357.8,357.81,357.5998,357.77,5583
2026-07-22 19:24:00,357.7139,357.9,357.6,357.69,4488
2026-07-22 19:25:00,357.7,357.9594,357.6,357.8383,8791
2026-07-22 19:26:00,357.97,358.1,357.9562,358,3677
2026-07-22 19:27:00,358.13,358.32,358.0125,358.2921,2465
2026-07-22 19:28:00,358.2708,358.47,358.0469,358.4,2533
2026-07-22 19:29:00,358.25,358.4,358.04,358.22,609
2026-07-22 19:30:00,358.1453,358.348,358.1308,358.31,1290
2026-07-22 19:31:00,358.3,358.85,358.26,358.71,6660
2026-07-22 19:32:00,358.85,359.05,358.74,358.94,6038
2026-07-22 19:33:00,358.9397,359,358.7867,358.7923,3909
2026-07-22 19:34:00,358.86,358.94,358.81,358.818,1189
2026-07-22 19:35:00,358.81,358.8843,358.5994,358.6565,2958
2026-07-22 19:36:00,358.71,358.81,358.7,358.76,3001
2026-07-22 19:37:00,358.77,358.77,358.5562,358.56,2586
2026-07-22 19:38:00,358.56,358.6,358.13,358.32,5192
2026-07-22 19:39:00,358.25,358.4796,358.25,358.4796,1584
2026-07-22 19:40:00,358.4653,358.7,358.3748,358.7,3571
2026-07-22 19:41:00,358.75,358.85,358.63,358.78,1715
2026-07-22 19:42:00,358.7,358.84,358.65,358.65,913
2026-07-22 19:43:00,358.64,358.65,358.2,358.6184,3513
2026-07-22 19:44:00,358.7,358.79,358.24,358.47,4999
2026-07-22 19:45:00,358.4884,358.76,358.2673,358.6348,5661
2026-07-22 19:46:00,358.7,358.79,358.51,358.6727,2094
2026-07-22 19:47:00,358.6405,359,358.55,359,9219
2026-07-22 19:48:00,359,359.09,358.83,359,2767
2026-07-22 19:49:00,359,359.1499,358.8,358.8,2406
2026-07-22 19:50:00,358.86,358.86,358.6,358.64,4209
2026-07-22 19:51:00,358.65,358.7,358.35,358.4744,7791
2026-07-22 19:52:00,358.45,358.6,358.36,358.5001,3966
2026-07-22 19:53:00,358.53,358.76,358.517,358.7,3329
2026-07-22 19:54:00,358.74,359,358.7108,358.8756,3709
2026-07-22 19:55:00,358.8814,358.93,358.75,358.8,6550
2026-07-22 19:56:00,358.89,358.8953,358.8,358.8,2101
2026-07-22 19:57:00,358.75,358.8,358.4,358.5866,4413
2026-07-22 19:58:00,358.56,358.5896,358.4,358.45,11279
2026-07-22 19:59:00,358.49,358.55,358.4305,358.55,10581
2026-07-23 04:00:00,356.69,358.68,355.76,356.15,45122
2026-07-23 04:01:00,356.38,358.63,355.05,358.4,56250
2026-07-23 04:02:00,358.43,358.48,354.41,354.41,86828
2026-07-23 04:03:00,354.69,358.44,354,354.23,11810
2026-07-23 04:04:00,354.2965,354.99,354.19,354.87,6949
2026-07-23 04:05:00,354.82,358.29,354.3701,354.51,5703
2026-07-23 04:06:00,354.55,354.99,354,354.5,10566
2026-07-23 04:07:00,354.83,355.49,354.5222,355.29,5082
2026-07-23 04:08:00,355.29,355.5,354.95,355.49,5295
2026-07-23 04:09:00,355.49,355.75,355.46,355.75,2560
2026-07-23 04:10:00,355.83,355.83,355.56,355.57,2207
2026-07-23 04:11:00,355.72,356.1,355.27,356.1,4065
2026-07-23 04:12:00,356,356.26,355.8199,356,3892
2026-07-23 04:13:00,355.9851,356,355.8068,355.99,1368
2026-07-23 04:14:00,355.93,355.98,355.5703,355.5703,1255
2026-07-23 04:15:00,355.55,355.7,354.88,354.88,3624
2026-07-23 04:16:00,354.94,355,354.68,354.8592,4933
2026-07-23 04:17:00,354.75,354.99,354.75,354.86,1448
2026-07-23 04:18:00,354.86,354.86,354.5,354.6,2941
2026-07-23 04:19:00,354.74,354.78,354.5,354.6,2875
2026-07-23 04:20:00,354.56,354.68,354.45,354.67,2168
2026-07-23 04:21:00,354.5724,354.67,353.74,353.9,13091
2026-07-23 04:22:00,353.881,354,353.7667,354,3519
2026-07-23 04:23:00,353.85,354,353.6,353.79,3107
2026-07-23 04:24:00,353.72,353.79,353.27,353.42,9893
2026-07-23 04:25:00,353.5,353.55,353.41,353.55,2877
2026-07-23 04:26:00,353.5589,353.69,353,353.39,6697
2026-07-23 04:27:00,353.39,353.4,352.6,353,11033
2026-07-23 04:28:00,353.24,353.35,352.99,352.99,2568
2026-07-23 04:29:00,353.15,353.21,352.99,353.1,1331
2026-07-23 04:30:00,353.13,353.74,353.13,353.74,2107
2026-07-23 04:31:00,353.52,353.67,353.31,353.31,2121
2026-07-23 04:32:00,353.41,353.77,353.41,353.61,1746
2026-07-23 04:33:00,353.62,354.2533,353.56,354.2533,4280
2026-07-23 04:34:00,354.19,354.41,354.182,354.3,4694
2026-07-23 04:35:00,354.15,354.34,354.08,354.28,3650
2026-07-23 04:36:00,354.28,354.28,353.85,353.94,3869
2026-07-23 04:37:00,353.8183,354.1,353.81,353.91,1272
2026-07-23 04:38:00,353.99,354.42,353.92,354.19,6426
2026-07-23 04:39:00,354.28,354.28,353.84,353.88,399
2026-07-23 04:40:00,353.83,353.83,353.3,353.4,2194
2026-07-23 04:41:00,353.3,353.3,353,353.0363,3916
2026-07-23 04:42:00,353.05,353.09,352.51,352.77,9425
2026-07-23 04:43:00,352.76,352.99,352.51,352.6056,3044
2026-07-23 04:44:00,352.65,352.8707,352.5288,352.69,3081
2026-07-23 04:45:00,352.53,353.09,352.53,353.09,4231
2026-07-23 04:46:00,353.14,353.79,353.14,353.58,3521
2026-07-23 04:47:00,353.35,353.35,353.08,353.09,6028
2026-07-23 04:48:00,353.0113,353.13,352.72,352.72,527
2026-07-23 04:49:00,353.07,353.07,352.01,352.01,7877
2026-07-23 04:50:00,352.32,352.32,352.16,352.2523,2603
2026-07-23 04:51:00,352.29,352.3,351.89,352.2,9182
2026-07-23 04:52:00,352.13,352.29,352.014,352.1,1739
2026-07-23 04:53:00,352.03,352.78,352.03,352.21,3247
2026-07-23 04:54:00,352.6416,352.78,352.52,352.52,1677
2026-07-23 04:55:00,352.68,352.6945,352.6,352.6,1888
2026-07-23 04:56:00,352.64,352.88,352.32,352.7,1596
2026-07-23 04:57:00,352.8,352.96,352.738,352.8,1975
2026-07-23 04:58:00,352.9,353.4,352.7,352.98,3759
2026-07-23 04:59:00,353,353.01,352.84,353.01,1071
2026-07-23 05:00:00,352.99,353.12,352.61,353,5765
2026-07-23 05:01:00,353.0706,353.42,352.89,353.42,1266
2026-07-23 05:02:00,353.38,353.55,353.38,353.55,1092
2026-07-23 05:03:00,353.55,353.75,353.44,353.5,1191
2026-07-23 05:04:00,353.75,353.8,353.549,353.71,776
2026-07-23 05:05:00,353.87,353.87,353.02,353.02,2781
2026-07-23 05:06:00,353.35,353.55,353.35,353.35,1289
2026-07-23 05:07:00,353.43,353.43,353.29,353.29,704
2026-07-23 05:08:00,353.1332,353.75,353.1332,353.6,2110
2026-07-23 05:09:00,353.7219,353.88,353.72,353.72,3110
2026-07-23 05:10:00,353.8,353.83,353.8,353.8,322
2026-07-23 05:11:00,353.75,353.9098,353.2,353.23,2008
2026-07-23 05:12:00,353.25,353.2523,352.94,353.2,3118
2026-07-23 05:13:00,353,353.1,352.93,353.1,497
2026-07-23 05:14:00,352.88,352.92,352.73,352.73,2238
2026-07-23 05:15:00,352.7,352.79,352.67,352.79,5581
2026-07-23 05:16:00,352.85,353.49,352.815,352.92,3868
2026-07-23 05:17:00,353.14,353.49,353.14,353.3,2961
2026-07-23 05:18:00,353.35,353.39,353.25,353.26,553
2026-07-23 05:19:00,353.18,353.39,353.0203,353.22,1174
2026-07-23 05:20:00,353.13,353.23,353,353.01,1376
2026-07-23 05:21:00,353.24,353.4,353,353,2033
2026-07-23 05:22:00,353.2903,353.2903,352.9,352.9,687
2026-07-23 05:23:00,352.98,353.28,352.91,353.28,1043
2026-07-23 05:24:00,353.16,353.43,353.16,353.43,406
2026-07-23 05:25:00,353.45,353.51,353.45,353.5,1738
2026-07-23 05:26:00,353.55,353.75,353.5,353.5,2249
2026-07-23 05:27:00,353.57,353.61,353.35,353.58,1792
2026-07-23 05:28:00,353.5775,353.6,353.37,353.54,2626
2026-07-23 05:29:00,353.51,353.54,353.4416,353.4416,200
2026-07-23 05:30:00,353.35,353.35,353.1,353.1,996
2026-07-23 05:31:00,353.02,353.02,352.89,352.89,2273
2026-07-23 05:32:00,352.96,353.02,352.69,352.69,974
2026-07-23 05:33:00,352.78,352.81,352.25,352.25,11650
2026-07-23 05:34:00,352.25,352.29,352.03,352.29,2340
2026-07-23 05:35:00,352.1,352.3,352.1,352.25,2474
2026-07-23 05:36:00,352.23,352.33,352.1841,352.1841,1585
2026-07-23 05:37:00,352.3,352.71,352.16,352.46,2796
2026-07-23 05:38:00,352.6,352.66,352.33,352.47,1470
2026-07-23 05:39:00,352.44,352.45,352.3912,352.45,430
2026-07-23 05:40:00,352.5,352.5916,352.39,352.4,1067
2026-07-23 05:41:00,352.5,352.5,352.3,352.5,831
2026-07-23 05:42:00,352.44,352.62,352.44,352.5062,1804
2026-07-23 05:43:00,352.5,352.72,352.5,352.72,770
2026-07-23 05:44:00,352.71,352.8991,352.71,352.85,1579
2026-07-23 05:45:00,352.9,353,352.9,352.9897,2357
2026-07-23 05:46:00,352.9,352.98,352.7,352.8,4531
2026-07-23 05:47:00,352.79,352.9969,352.79,352.98,924
2026-07-23 05:48:00,353,353.19,352.99,353.14,2769
2026-07-23 05:49:00,353.12,353.15,353.08,353.15,588
2026-07-23 05:50:00,353.1,353.1449,353.08,353.1449,701
2026-07-23 05:51:00,353,353.1,353,353.1,371
2026-07-23 05:52:00,353.15,353.1501,353,353,2434
2026-07-23 05:53:00,353.06,353.19,353.06,353.19,859
2026-07-23 05:54:00,353.17,353.2,352.9,352.9,836
2026-07-23 05:55:00,352.92,352.92,352.5,352.5629,2624
2026-07-23 05:56:00,352.7,352.8,352.47,352.6765,1345
2026-07-23 05:57:00,352.5,352.67,352.45,352.45,503
2026-07-23 05:58:00,352.5,352.51,352.3,352.32,4092
2026-07-23 05:59:00,352.37,352.37,351.9,351.96,8620
2026-07-23 06:00:00,352.02,352.14,351.6,351.87,10140
2026-07-23 06:01:00,351.81,351.92,351.65,351.65,968
2026-07-23 06:02:00,351.6,351.71,351.52,351.65,5337
2026-07-23 06:03:00,351.66,351.91,351.58,351.91,1169
2026-07-23 06:04:00,351.92,351.95,351.63,351.63,878
2026-07-23 06:05:00,351.54,351.54,351.04,351.0956,4609
2026-07-23 06:06:00,351.04,351.29,351.01,351.25,7386
2026-07-23 06:07:00,351.25,351.25,350.8,351.23,12243
2026-07-23 06:08:00,351.23,351.35,350.8306,350.8306,1353
2026-07-23 06:09:00,350.9,351.04,350.87,351,2098
2026-07-23 06:10:00,351,351.35,350.87,351.35,2727
2026-07-23 06:11:00,351.35,351.46,351.19,351.4,2166
2026-07-23 06:12:00,351.26,351.46,351.25,351.25,811
2026-07-23 06:13:00,351.34,351.4,351,351.4,2667
2026-07-23 06:14:00,351.41,351.41,351.12,351.21,1048
2026-07-23 06:15:00,351.2,351.4897,351.03,351.04,3253
2026-07-23 06:16:00,351.47,351.47,351.08,351.4,1621
2026-07-23 06:17:00,351.39,351.78,351.37,351.77,4021
2026-07-23 06:18:00,351.8,352.05,351.71,351.9,4951
2026-07-23 06:19:00,352.15,352.15,351.5,351.5,1401
2026-07-23 06:20:00,351.628,351.7197,351.5,351.59,1618
2026-07-23 06:21:00,351.85,351.97,351.7224,351.97,1422
2026-07-23 06:22:00,351.9,351.9841,351.6,351.78,3352
2026-07-23 06:23:00,351.675,351.8,351.6,351.8,1213
2026-07-23 06:24:00,351.75,351.76,351.5,351.64,8299
2026-07-23 06:25:00,351.71,351.71,351.66,351.71,2915
2026-07-23 06:26:00,351.7031,351.71,351.43,351.63,5592
2026-07-23 06:27:00,351.71,351.71,351.58,351.6,469
2026-07-23 06:28:00,351.56,351.65,351.31,351.31,3096
2026-07-23 06:29:00,351.4042,351.48,350.96,351,8555
2026-07-23 06:30:00,351.09,351.81,351.07,351.51,3271
2026-07-23 06:31:00,351.52,351.54,351.33,351.38,1162
2026-07-23 06:32:00,351.3,351.42,351.2,351.39,1476
2026-07-23 06:33:00,351.39,351.4498,351.31,351.43,5640
2026-07-23 06:34:00,351.45,351.69,351.34,351.69,3324
2026-07-23 06:35:00,351.5908,351.7,351.46,351.5,1766
2026-07-23 06:36:00,351.5,351.54,351.3,351.3,1018
2026-07-23 06:37:00,351.25,351.406,350.8821,351.19,2865
2026-07-23 06:38:00,351.22,351.4,351.2,351.33,873
2026-07-23 06:39:00,351.42,351.71,351.3,351.71,4817
2026-07-23 06:40:00,351.64,352.35,351.64,352.15,2757
2026-07-23 06:41:00,352.35,352.44,352.15,352.44,3919
2026-07-23 06:42:00,352.44,352.67,352.3,352.4434,1755
2026-07-23 06:43:00,352.4,352.4,352,352,3180
2026-07-23 06:44:00,352.1697,352.1799,351.98,351.98,1054
2026-07-23 06:45:00,352.14,352.18,351.6,351.91,6085
2026-07-23 06:46:00,351.9,351.9,351.45,351.65,2749
2026-07-23 06:47:00,351.74,351.75,351.68,351.68,2356
2026-07-23 06:48:00,351.7463,352.26,351.7463,352.26,1785
2026-07-23 06:49:00,352.22,352.41,352.2,352.35,2216
2026-07-23 06:50:00,352.3,352.37,352.23,352.23,727
2026-07-23 06:51:00,352.35,352.35,352.05,352.05,915
2026-07-23 06:52:00,352.03,352.03,351.7604,351.95,678
2026-07-23 06:53:00,351.98,352,351.8,352,1766
2026-07-23 06:54:00,351.95,352,351.82,352,1362
2026-07-23 06:55:00,352.05,352.3,352.05,352.19,883
2026-07-23 06:56:00,352.08,352.08,351.93,352.08,1345
2026-07-23 06:57:00,352.04,352.1,351.79,352,3263
2026-07-23 06:58:00,352.05,352.1,351.6497,351.93,2253
2026-07-23 06:59:00,351.78,352.2,351.7,352.2,1479
2026-07-23 07:00:00,352.23,352.71,350.8101,350.86,57357
2026-07-23 07:01:00,350.86,351.32,350.75,350.8,11932
2026-07-23 07:02:00,350.9099,350.98,350.5511,350.71,8749
2026-07-23 07:03:00,350.85,351.38,350.6,351.38,10415
2026-07-23 07:04:00,351.34,351.4894,350.85,350.85,11990
2026-07-23 07:05:00,350.98,351.4,350.9584,351.278,4443
2026-07-23 07:06:00,351.4001,351.45,350.9,350.93,7949
2026-07-23 07:07:00,350.8426,351.129,350.82,350.9727,3885
2026-07-23 07:08:00,350.99,351.3521,350.78,351.3521,5483
2026-07-23 07:09:00,351.338,351.338,350.8182,350.9905,5267
2026-07-23 07:10:00,350.9706,351.25,350.7,350.7,3948
2026-07-23 07:11:00,350.66,351.3,350.5,351.3,9941
2026-07-23 07:12:00,351.29,351.47,350.78,350.95,16169
2026-07-23 07:13:00,351.2602,351.2602,350.55,350.65,4202
2026-07-23 07:14:00,350.775,350.98,350.66,350.805,2551
2026-07-23 07:15:00,350.75,350.8,350.11,350.27,21795
2026-07-23 07:16:00,350.43,350.59,350.2905,350.5,8428
2026-07-23 07:17:00,350.49,350.8159,350.4,350.8159,3352
2026-07-23 07:18:00,350.82,350.82,350.6232,350.6232,2641
2026-07-23 07:19:00,350.69,351,350.5,350.9768,11740
2026-07-23 07:20:00,350.89,350.89,350.4612,350.53,4584
2026-07-23 07:21:00,350.56,350.7706,350.35,350.7,4754
2026-07-23 07:22:00,350.61,350.77,350.61,350.6631,2288
2026-07-23 07:23:00,350.65,351,350.4646,350.58,10613
2026-07-23 07:24:00,350.5,350.56,350.3,350.56,5793
2026-07-23 07:25:00,350.55,350.8,350.498,350.67,6958
2026-07-23 07:26:00,350.77,350.8,350.4343,350.4343,5035
2026-07-23 07:27:00,350.52,350.52,350.15,350.29,5993
2026-07-23 07:28:00,350.16,350.3528,350.15,350.16,3269
2026-07-23 07:29:00,350.15,350.2,349.34,349.34,122313
2026-07-23 07:30:00,349.36,350.34,349.25,349.86,15098
2026-07-23 07:31:00,349.9249,350.26,349.5856,349.81,16444
2026-07-23 07:32:00,349.88,350.1313,349.46,349.7,16618
2026-07-23 07:33:00,349.85,350.17,349.36,349.578,15413
2026-07-23 07:34:00,349.58,349.58,349.15,349.24,12057
2026-07-23 07:35:00,349.15,349.2,348.5345,348.63,30139
2026-07-23 07:36:00,348.672,349.36,348.672,349.36,16843
2026-07-23 07:37:00,349.28,349.55,349.05,349.5,7570
2026-07-23 07:38:00,349.44,349.8,349.39,349.7,8148
2026-07-23 07:39:00,349.5,349.7,349,349,15382
2026-07-23 07:40:00,349,349.49,349,349.15,6228
2026-07-23 07:41:00,349.12,349.5,349,349.19,10451
2026-07-23 07:42:00,349.22,349.7,349,349.52,16750
2026-07-23 07:43:00,349.52,349.62,348.98,349.05,22401
2026-07-23 07:44:00,349,349.27,349,349.15,8576
2026-07-23 07:45:00,349.15,349.3,349,349.15,9680
2026-07-23 07:46:00,349.1,349.23,348.9,349.04,23507
2026-07-23 07:47:00,349.07,349.56,349,349.25,14638
2026-07-23 07:48:00,349.2761,349.57,349.2696,349.2696,7210
2026-07-23 07:49:00,349.4944,349.4944,349.29,349.46,5473
2026-07-23 07:50:00,349.4,349.79,349.35,349.4814,7168
2026-07-23 07:51:00,349.4001,349.4998,349,349.04,10099
2026-07-23 07:52:00,349.14,349.9,349.01,349.4,14208
2026-07-23 07:53:00,349.33,349.88,349.33,349.5,3569
2026-07-23 07:54:00,349.5,349.7,348.57,348.63,23910
2026-07-23 07:55:00,348.6,348.8999,348.53,348.53,12364
2026-07-23 07:56:00,348.51,348.6002,347.67,347.67,61896
2026-07-23 07:57:00,347.76,347.9,347.65,347.71,15797
2026-07-23 07:58:00,347.6,347.95,347.42,347.635,23312
2026-07-23 07:59:00,347.73,347.85,347.19,347.27,25517
2026-07-23 08:00:00,347.4,347.8,347.16,347.4,15508
2026-07-23 08:01:00,347.5,347.53,347.11,347.42,14129
2026-07-23 08:02:00,347.47,347.85,347.36,347.84,17579
2026-07-23 08:03:00,347.75,347.86,347.12,347.12,21153
2026-07-23 08:04:00,347.1,347.427,346.66,346.7,43160
2026-07-23 08:05:00,346.8,347,345.99,346.78,40690
2026-07-23 08:06:00,346.7,346.8,346.54,346.56,24250
2026-07-23 08:07:00,346.6,346.8,346.5,346.77,22846
2026-07-23 08:08:00,346.6776,346.8,346.6,346.69,13456
2026-07-23 08:09:00,346.597,346.8,346.3,346.52,12711
2026-07-23 08:10:00,346.5455,346.8,346.31,346.6,11764
2026-07-23 08:11:00,346.6465,346.74,346.2825,346.4784,10963
2026-07-23 08:12:00,346.3001,346.75,346.3001,346.47,22151
2026-07-23 08:13:00,346.63,346.75,346.5,346.73,13511
2026-07-23 08:14:00,346.7495,346.8,346.59,346.74,14279
2026-07-23 08:15:00,346.78,347.29,346.69,347.14,25158
2026-07-23 08:16:00,347.15,347.21,346.2,346.54,15932
2026-07-23 08:17:00,346.5,346.99,346.5,346.75,11298
2026-07-23 08:18:00,346.8,346.97,346.05,346.22,20066
2026-07-23 08:19:00,346.178,346.5,346.13,346.4595,11947
2026-07-23 08:20:00,346.46,346.5,346.4,346.5,8887
2026-07-23 08:21:00,346.5,347.1,346.4,346.5,18210
2026-07-23 08:22:00,346.7,346.7,346.4,346.4,9821
2026-07-23 08:23:00,346.4,346.4388,345.74,345.85,24343
2026-07-23 08:24:00,345.8,346.01,345.75,345.84,34425
2026-07-23 08:25:00,345.96,346.09,345.75,346,39458
2026-07-23 08:26:00,346.056,346.1,345.75,346.028,17461
2026-07-23 08:27:00,346.0924,346.27,345.63,345.7603,15630
2026-07-23 08:28:00,346.09,346.1,345.5,345.6,6196
2026-07-23 08:29:00,345.68,346,345.6,345.9732,22701
2026-07-23 08:30:00,345.9,345.914,345.6,345.914,12449
2026-07-23 08:31:00,345.9198,345.9198,345.5,345.75,7109
2026-07-23 08:32:00,345.63,346,345.51,345.9,16395
2026-07-23 08:33:00,345.9359,345.97,345.05,345.8006,21773
2026-07-23 08:34:00,345.8,345.8,345.1618,345.61,12303
2026-07-23 08:35:00,345.6,345.6,345.14,345.27,16698
2026-07-23 08:36:00,345.2,345.36,345.05,345.2,14553
2026-07-23 08:37:00,345.11,345.66,345.03,345.41,8779
2026-07-23 08:38:00,345.5,345.9672,345.25,345.89,16042
2026-07-23 08:39:00,345.9568,346,345.6488,345.84,11631
2026-07-23 08:40:00,345.83,345.8899,345.51,345.7059,7839
2026-07-23 08:41:00,345.5,345.78,345.33,345.548,18925
2026-07-23 08:42:00,345.56,345.89,345.04,345.67,17649
2026-07-23 08:43:00,345.6,345.69,345.4,345.5,9376
2026-07-23 08:44:00,345.5,345.6724,345.261,345.58,17508
2026-07-23 08:45:00,345.63,345.65,345.33,345.535,12090
2026-07-23 08:46:00,345.535,345.77,345.24,345.55,17643
2026-07-23 08:47:00,345.5,345.5,345.1,345.1,7441
2026-07-23 08:48:00,345.1217,345.5,345.1,345.29,12255
2026-07-23 08:49:00,345.29,345.86,345.1,345.73,31838
2026-07-23 08:50:00,345.76,346.05,345.67,345.73,25922
2026-07-23 08:51:00,345.87,345.94,345.5578,345.7198,13449
2026-07-23 08:52:00,345.665,345.665,344.99,345.01,67551
2026-07-23 08:53:00,345.2489,345.2982,344.7,345.08,23743
2026-07-23 08:54:00,345,345.34,344.75,345.3108,16146
2026-07-23 08:55:00,345.34,345.34,344.9,345.25,8315
2026-07-23 08:56:00,345.19,345.5,345,345.36,14223
2026-07-23 08:57:00,345.4484,345.4484,345,345.3845,9532
2026-07-23 08:58:00,345.45,345.69,345.12,345.12,18515
2026-07-23 08:59:00,345.4458,345.59,345.1933,345.5,3941
2026-07-23 09:00:00,345.57,345.7,345.1,345.65,16502
2026-07-23 09:01:00,345.69,345.92,345,345.7391,33330
2026-07-23 09:02:00,345.43,345.5,344.56,344.73,22505
2026-07-23 09:03:00,344.71,344.85,344.33,344.42,35637
2026-07-23 09:04:00,344.5,344.64,344,344.18,46291
2026-07-23 09:05:00,344.2547,344.26,343.61,343.95,26521
2026-07-23 09:06:00,343.97,343.97,343.28,343.28,47502
2026-07-23 09:07:00,343.285,344.19,343.28,343.99,28953
2026-07-23 09:08:00,343.98,344.34,343.7301,343.96,16404
2026-07-23 09:09:00,343.93,344,343.1,343.3671,26017
2026-07-23 09:10:00,343.44,343.5918,343,343.5918,29222
2026-07-23 09:11:00,343.6,344.18,343.25,343.76,19665
2026-07-23 09:12:00,343.97,344.2,343.3,343.84,22402
2026-07-23 09:13:00,343.89,344.41,343.45,344.41,28350
2026-07-23 09:14:00,344.37,344.41,343.89,344.0083,22536
2026-07-23 09:15:00,344.14,344.77,343.91,344.34,28296
2026-07-23 09:16:00,344.25,344.5,344.18,344.35,15978
2026-07-23 09:17:00,344.38,344.49,344.19,344.39,11861
2026-07-23 09:18:00,344.39,344.75,344.1675,344.6497,19218
2026-07-23 09:19:00,344.7,344.78,344.5,344.74,21451
2026-07-23 09:20:00,344.75,345.19,343.91,344.21,31504
2026-07-23 09:21:00,343.91,344.43,343.91,344.43,11138
2026-07-23 09:22:00,344.21,344.78,343.88,344.05,15534
2026-07-23 09:23:00,344.2535,344.3,343.2,344.0803,21953
2026-07-23 09:24:00,344.29,344.29,343.52,343.7,49403
2026-07-23 09:25:00,343.89,346,343.89,344.68,53269
2026-07-23 09:26:00,344.4619,344.54,343.98,344.02,18130
2026-07-23 09:27:00,344.21,344.2414,342,342.01,62987
2026-07-23 09:28:00,342.01,342.01,340.61,341.43,150962
2026-07-23 09:29:00,341.4,341.75,340.72,341.16,57421
2026-07-23 09:30:00,341.38,342.11,336.8,336.885,2437285
2026-07-23 09:31:00,336.8,337.9,336.01,336.87,1073246
2026-07-23 09:32:00,336.94,337.49,335.69,337.255,738927
2026-07-23 09:33:00,337.255,339.7984,336.93,339.215,718126
2026-07-23 09:34:00,339.19,339.3644,337.01,337.91,582670
2026-07-23 09:35:00,337.85,338.45,336.82,338.04,556098
2026-07-23 09:36:00,338.0599,338.45,335.33,335.725,638884
2026-07-23 09:37:00,335.7201,335.96,333.9,333.9,752844
2026-07-23 09:38:00,333.96,334.35,333.36,333.545,547183
2026-07-23 09:39:00,333.5946,334.5,333.26,333.72,469118
2026-07-23 09:40:00,333.6601,334.5,332.8,333.2101,631435
2026-07-23 09:41:00,333.265,334.59,333.17,334.2,527658
2026-07-23 09:42:00,334.17,336.21,334.05,335.925,511247
2026-07-23 09:43:00,335.93,336.03,335.27,335.54,433606
2026-07-23 09:44:00,335.53,335.62,334.01,334.31,370144
2026-07-23 09:45:00,334.28,334.4,332.6,333.43,564291
2026-07-23 09:46:00,333.4835,333.69,331.78,331.95,500696
2026-07-23 09:47:00,331.9477,332.24,330.57,331.055,512700
2026-07-23 09:48:00,331.09,331.6,330.5,331.045,536790
2026-07-23 09:49:00,331,331.3,330.2,330.57,495146
2026-07-23 09:50:00,330.6,330.79,329.3801,329.54,768401
2026-07-23 09:51:00,329.52,329.54,327.81,328.05,699821
2026-07-23 09:52:00,328.22,329.2,327.72,329.2,538686
2026-07-23 09:53:00,329.185,329.5,328.66,328.69,430290
2026-07-23 09:54:00,328.69,329.28,328.58,328.71,336535
2026-07-23 09:55:00,328.69,329.46,327.8501,327.92,479309
2026-07-23 09:56:00,327.985,328.13,327.1301,327.2,362927
2026-07-23 09:57:00,327.2001,327.47,326.7,327.045,429750
2026-07-23 09:58:00,327.045,327.045,326.28,326.635,376415
2026-07-23 09:59:00,326.65,327,326.16,326.7201,320165
2026-07-23 10:00:00,326.74,327.65,326.46,326.785,442378
2026-07-23 10:01:00,326.81,327.343,326.13,326.1319,515970
2026-07-23 10:02:00,326.1399,326.61,325.66,325.87,543269
2026-07-23 10:03:00,325.86,326.28,325.6,325.985,311215
2026-07-23 10:04:00,325.94,327.35,325.93,327.29,385665
2026-07-23 10:05:00,327.29,327.98,327,327.735,443529
2026-07-23 10:06:00,327.735,327.9599,326.91,327.21,455136
2026-07-23 10:07:00,327.21,328.71,326.55,328.48,331918
2026-07-23 10:08:00,328.475,329.069,327.0604,327.2501,365892
2026-07-23 10:09:00,327.275,328.22,326.61,328.07,337757
2026-07-23 10:10:00,328.13,328.7399,327.8,328.02,435181
2026-07-23 10:11:00,328.04,328.275,327.5,328.06,219191
2026-07-23 10:12:00,328.055,328.3,327.25,327.72,295871
2026-07-23 10:13:00,327.77,328,327.45,327.825,207272
2026-07-23 10:14:00,327.83,328.04,327,327.27,236662
2026-07-23 10:15:00,327.3,327.71,326.7,326.96,262795
2026-07-23 10:16:00,326.96,327.5,326.57,327.3197,199451
2026-07-23 10:17:00,327.3275,327.41,326.2,326.73,252394
2026-07-23 10:18:00,326.76,326.97,326.1,326.14,216162
2026-07-23 10:19:00,326.13,326.38,325.7,325.8902,367980
2026-07-23 10:20:00,325.905,326.16,325.6,325.61,246304
2026-07-23 10:21:00,325.6001,326,325.37,325.6601,280431
2026-07-23 10:22:00,325.6601,326.12,325.55,325.73,269851
2026-07-23 10:23:00,325.73,325.78,325.03,325.03,314123
2026-07-23 10:24:00,325.0304,325.04,324.03,324.1085,625133
2026-07-23 10:25:00,324.0701,324.68,323.585,323.59,436766
2026-07-23 10:26:00,323.55,323.93,322.85,323.1948,396987
2026-07-23 10:27:00,323.175,323.9,322.98,323.72,369184
2026-07-23 10:28:00,323.7564,324.15,323.41,323.44,281344
2026-07-23 10:29:00,323.4599,324.03,323.43,323.855,231401
2026-07-23 10:30:00,323.855,324.2899,323.25,323.99,283307
2026-07-23 10:31:00,323.98,324.32,323.56,323.6425,216022
2026-07-23 10:32:00,323.63,324.09,323.3605,323.72,186412
2026-07-23 10:33:00,323.73,324.09,322.7501,322.94,361589
2026-07-23 10:34:00,322.92,323.7353,322.71,323.665,229886
2026-07-23 10:35:00,323.665,323.94,323.19,323.845,189158
2026-07-23 10:36:00,323.845,324.16,323.5,323.92,215002
2026-07-23 10:37:00,323.8401,325.66,323.7701,325.39,336429
2026-07-23 10:38:00,325.3899,325.61,324.39,324.5001,209043
2026-07-23 10:39:00,324.57,324.93,324.1601,324.26,209569
2026-07-23 10:40:00,324.295,324.9,324,324.14,206513
2026-07-23 10:41:00,324.135,324.75,323.95,324.28,204421
2026-07-23 10:42:00,324.23,324.94,323.9,324.355,258481
2026-07-23 10:43:00,324.34,324.56,323.88,324.0978,158629
2026-07-23 10:44:00,324.1351,324.59,324,324.57,147324
2026-07-23 10:45:00,324.57,324.57,323.88,323.935,148054
2026-07-23 10:46:00,323.94,324.4,323.75,324.01,150455
2026-07-23 10:47:00,323.985,324.18,323.6,323.84,182891
2026-07-23 10:48:00,323.875,323.88,323.35,323.46,160741
2026-07-23 10:49:00,323.41,323.6199,322.22,322.44,441981
2026-07-23 10:50:00,322.44,322.71,321.87,322.03,343258
2026-07-23 10:51:00,322.03,322.39,321.5801,322.23,276181
2026-07-23 10:52:00,322.23,323.42,322.206,323.275,233103
2026-07-23 10:53:00,323.26,323.43,322.78,323.06,229276
2026-07-23 10:54:00,323.06,323.64,322.85,322.94,196847
2026-07-23 10:55:00,322.91,323.36,322.82,322.93,145229
2026-07-23 10:56:00,322.9278,323.51,322.88,323.345,132490
2026-07-23 10:57:00,323.3,324.25,323.3,324.1895,228312
2026-07-23 10:58:00,324.165,324.19,323.28,323.28,205713
2026-07-23 10:59:00,323.29,323.74,323.17,323.42,151564
2026-07-23 11:00:00,323.42,323.49,322.72,323.3,202879
2026-07-23 11:01:00,323.36,323.42,322.8,322.81,151626
2026-07-23 11:02:00,322.82,323.1299,322.46,322.495,159438
2026-07-23 11:03:00,322.495,322.8,322.02,322.15,168738
2026-07-23 11:04:00,322.1532,322.33,321.6801,322.33,189320
2026-07-23 11:05:00,322.295,322.3267,321.66,321.86,131261
2026-07-23 11:06:00,321.85,322.2299,321.75,321.77,148791
2026-07-23 11:07:00,321.79,322.13,321.76,322.09,120030
2026-07-23 11:08:00,322.07,322.16,321.9,322.01,145917
2026-07-23 11:09:00,322.02,322.33,321.5,321.5501,168751
2026-07-23 11:10:00,321.565,321.86,321.38,321.69,174159
2026-07-23 11:11:00,321.72,322.18,321.52,322.01,134779
2026-07-23 11:12:00,322.01,322.24,321.62,322.175,143365
2026-07-23 11:13:00,322.155,322.68,322.12,322.365,157741
2026-07-23 11:14:00,322.365,322.4,321.76,321.965,167849
2026-07-23 11:15:00,321.98,322.18,321.68,321.88,140449
2026-07-23 11:16:00,321.88,322.08,321.75,321.79,113130
2026-07-23 11:17:00,321.79,321.83,321.46,321.555,124133
2026-07-23 11:18:00,321.59,321.95,321.4,321.51,148149
2026-07-23 11:19:00,321.51,321.9,321.12,321.745,313928
2026-07-23 11:20:00,321.745,322.2,321.73,321.9499,224918
2026-07-23 11:21:00,321.92,322.02,320.57,320.61,322580
2026-07-23 11:22:00,320.6102,320.7,319.5,319.8601,609465
2026-07-23 11:23:00,319.87,320.1982,319.09,319.155,293211
2026-07-23 11:24:00,319.1551,319.89,319.1201,319.43,199773
2026-07-23 11:25:00,319.43,319.6109,319.15,319.58,176668
2026-07-23 11:26:00,319.54,319.75,318.9,319.08,246382
2026-07-23 11:27:00,319.08,319.37,319,319.24,175071
2026-07-23 11:28:00,319.265,319.3299,318.83,318.875,192242
2026-07-23 11:29:00,318.895,319.68,318.55,319.5351,338263
2026-07-23 11:30:00,319.5351,320.25,319.5,319.94,211502
2026-07-23 11:31:00,319.9371,320.6,319.64,320.47,199926
2026-07-23 11:32:00,320.505,320.77,320.32,320.595,179427
2026-07-23 11:33:00,320.5951,320.7299,320.42,320.5001,183922
2026-07-23 11:34:00,320.56,321.28,320.48,320.915,206173
2026-07-23 11:35:00,320.94,320.98,320.51,320.69,198971
2026-07-23 11:36:00,320.7246,320.95,320.39,320.87,153911
2026-07-23 11:37:00,320.92,321.22,320.57,320.915,171027
2026-07-23 11:38:00,320.915,321.34,320.19,320.29,185370
2026-07-23 11:39:00,320.32,321.0668,320.2301,320.96,157774
2026-07-23 11:40:00,320.95,321.2794,320.82,320.87,141734
2026-07-23 11:41:00,320.8,321.0799,320.42,321.02,153556
2026-07-23 11:42:00,321.0512,321.44,320.94,320.97,163983
2026-07-23 11:43:00,320.985,321.07,320.68,320.98,108549
2026-07-23 11:44:00,320.99,321.0399,320.6,320.665,108459
2026-07-23 11:45:00,320.65,321.4,320.55,321.305,149161
2026-07-23 11:46:00,321.32,322.91,321.2101,322.735,358380
2026-07-23 11:47:00,322.735,322.96,321.62,321.9,283907
2026-07-23 11:48:00,321.8401,322.8999,321.8401,322.29,234584
2026-07-23 11:49:00,322.29,322.58,321.8501,321.9478,244824
2026-07-23 11:50:00,321.92,322.12,321.32,322.045,239330
2026-07-23 11:51:00,322.045,322.19,321.4801,321.67,158208
2026-07-23 11:52:00,321.65,322.2,321.5,321.66,140701
2026-07-23 11:53:00,321.66,322.3,321.02,322.22,216582
2026-07-23 11:54:00,322.19,322.8,322.1,322.5801,167984
2026-07-23 11:55:00,322.63,323.43,322.5201,322.75,254803
2026-07-23 11:56:00,322.75,323.5996,322.66,323.33,234350
2026-07-23 11:57:00,323.33,323.67,323.17,323.65,200843
2026-07-23 11:58:00,323.6282,324.5,323.6,324.39,271370
2026-07-23 11:59:00,324.425,324.8,324.28,324.6,240710
2026-07-23 12:00:00,324.6,325.02,324.1,324.48,288182
2026-07-23 12:01:00,324.465,324.51,324.09,324.51,188227
2026-07-23 12:02:00,324.51,325.1998,324.32,325.08,201586
2026-07-23 12:03:00,325.07,325.56,324.88,325.43,237651
2026-07-23 12:04:00,325.435,325.57,325,325.145,195708
2026-07-23 12:05:00,325.155,325.28,324.68,324.7388,173153
2026-07-23 12:06:00,324.72,325.2,324.48,324.86,180673
2026-07-23 12:07:00,324.8833,325.35,324.84,325.13,108653
2026-07-23 12:08:00,325.1201,326.1,325,326.01,290183
2026-07-23 12:09:00,326.055,326.3,325.6,325.97,291253
2026-07-23 12:10:00,326,326.27,325.9,326.19,243395
2026-07-23 12:11:00,326.2,326.2,325.35,325.46,176001
2026-07-23 12:12:00,325.4405,325.59,325.02,325.1001,211977
2026-07-23 12:13:00,325.12,325.68,325.1001,325.56,121257
2026-07-23 12:14:00,325.5787,325.75,325.3415,325.4699,118097
2026-07-23 12:15:00,325.4201,325.67,325.11,325.335,147714
2026-07-23 12:16:00,325.36,325.45,324.75,325,165286
2026-07-23 12:17:00,325.04,325.34,325,325.08,99815
2026-07-23 12:18:00,325.08,325.28,324.85,325.14,110508
2026-07-23 12:19:00,325.14,325.27,324.73,324.8699,106227
2026-07-23 12:20:00,324.81,325.15,324.7,325.095,126618
2026-07-23 12:21:00,325.06,325.48,325.01,325.0701,142175
2026-07-23 12:22:00,325.08,325.34,324.8301,325.21,123792
2026-07-23 12:23:00,325.21,325.9799,325.205,325.81,129358
2026-07-23 12:24:00,325.8,326.36,325.26,325.355,161091
2026-07-23 12:25:00,325.3001,325.56,324.59,325.47,157114
2026-07-23 12:26:00,325.49,325.56,325,325.3,111032
2026-07-23 12:27:00,325.19,325.63,325.1601,325.43,78539
2026-07-23 12:28:00,325.43,325.5995,325.2501,325.5,78927
2026-07-23 12:29:00,325.48,325.7,325.01,325.17,92691
2026-07-23 12:30:00,325.3,325.3,324.9,325.235,113090
2026-07-23 12:31:00,325.22,325.35,324.94,325.03,61931
2026-07-23 12:32:00,325,325.37,324.9,325.33,99092
2026-07-23 12:33:00,325.33,325.58,324.24,324.7001,214787
2026-07-23 12:34:00,324.76,325.0299,324.53,324.6,89019
2026-07-23 12:35:00,324.61,324.83,324.2901,324.31,94888
2026-07-23 12:36:00,324.29,324.35,323.65,323.96,185481
2026-07-23 12:37:00,323.95,324.1,323.715,323.95,96819
2026-07-23 12:38:00,323.94,323.98,323.4,323.84,119829
2026-07-23 12:39:00,323.84,324.1,322.8533,323.2501,285667
2026-07-23 12:40:00,323.295,323.455,323.12,323.255,107930
2026-07-23 12:41:00,323.3,323.33,322.6,322.6,115471
2026-07-23 12:42:00,322.57,322.6949,322.3801,322.63,104250
2026-07-23 12:43:00,322.6584,323.19,322.65,323,114569
2026-07-23 12:44:00,323.03,323.25,322.74,322.74,82107
2026-07-23 12:45:00,322.72,322.75,321.7,321.84,182154
2026-07-23 12:46:00,321.845,321.89,321.3601,321.68,148894
2026-07-23 12:47:00,321.68,321.88,321.6004,321.8175,100376
2026-07-23 12:48:00,321.85,321.92,321.3,321.45,114941
2026-07-23 12:49:00,321.4301,321.65,321.23,321.4199,98688
2026-07-23 12:50:00,321.39,321.7899,321.29,321.6578,95899
2026-07-23 12:51:00,321.65,321.92,321.6101,321.755,76526
2026-07-23 12:52:00,321.73,321.81,321.1,321.3,103021
2026-07-23 12:53:00,321.35,321.45,320.9501,320.97,166779
2026-07-23 12:54:00,320.9979,321.52,320.8101,321.44,164060
2026-07-23 12:55:00,321.425,322.24,321.42,321.825,177730
2026-07-23 12:56:00,321.83,322.3,321.68,322.29,111532
2026-07-23 12:57:00,322.265,322.34,321.9,321.93,88554
2026-07-23 12:58:00,321.9302,322.06,321.78,321.95,78005
2026-07-23 12:59:00,321.95,322.21,321.89,322.1209,91112
2026-07-23 13:00:00,322.085,323.01,321.93,322.79,138356
2026-07-23 13:01:00,322.79,322.85,322.41,322.5,105481
2026-07-23 13:02:00,322.4996,322.4996,322,322.37,140402
2026-07-23 13:03:00,322.37,322.7,322.21,322.34,79267
2026-07-23 13:04:00,322.35,322.5,322.14,322.32,73624
2026-07-23 13:05:00,322.35,322.38,321.9601,322.055,148456
2026-07-23 13:06:00,322.02,322.33,322.0001,322.15,88351
2026-07-23 13:07:00,322.11,322.53,322.08,322.21,66041
2026-07-23 13:08:00,322.17,322.4099,321.97,322.32,69446
2026-07-23 13:09:00,322.3275,322.8,322.22,322.74,83925
2026-07-23 13:10:00,322.74,323.4,322.7001,323.07,169867
2026-07-23 13:11:00,323.0001,323.2,322.79,323.1998,76163
2026-07-23 13:12:00,323.16,323.39,323.04,323.19,96567
2026-07-23 13:13:00,323.2088,323.26,322.98,323.03,95103
2026-07-23 13:14:00,323.05,323.1,322.761,322.825,84332
2026-07-23 13:15:00,322.8,323.21,322.59,322.605,151727
2026-07-23 13:16:00,322.605,322.83,322.345,322.55,107750
2026-07-23 13:17:00,322.56,322.73,322.06,322.1116,127992
2026-07-23 13:18:00,322.13,322.38,322.01,322.13,92217
2026-07-23 13:19:00,322.11,322.37,321.94,322.34,125295
2026-07-23 13:20:00,322.305,323,322.305,322.52,101870
2026-07-23 13:21:00,322.4701,322.56,321.81,321.91,110494
2026-07-23 13:22:00,321.87,322.15,321.59,321.955,117898
2026-07-23 13:23:00,321.955,322.35,321.8,322.31,76255
2026-07-23 13:24:00,322.2932,322.5399,322.21,322.2101,79652
2026-07-23 13:25:00,322.2601,322.38,321.9,322.14,77228
2026-07-23 13:26:00,322.2,322.47,322.1,322.105,56941
2026-07-23 13:27:00,322.0601,322.132,321.85,322.025,64161
2026-07-23 13:28:00,322.06,322.42,322,322.1351,84271
2026-07-23 13:29:00,322.07,322.18,321.63,321.67,94026
2026-07-23 13:30:00,321.73,322.02,321.62,321.73,74388
2026-07-23 13:31:00,321.73,321.82,321.4,321.48,88562
2026-07-23 13:32:00,321.515,321.5584,321.05,321.155,101734
2026-07-23 13:33:00,321.145,322.37,321.0701,321.915,162301
2026-07-23 13:34:00,321.915,322.69,321.83,322.325,107780
2026-07-23 13:35:00,322.36,322.36,321.58,321.61,84963
2026-07-23 13:36:00,321.59,321.8399,321.1201,321.1208,100454
2026-07-23 13:37:00,321.18,321.26,320.73,320.8401,195224
2026-07-23 13:38:00,320.89,321,320.6,320.61,105095
2026-07-23 13:39:00,320.6448,320.8781,320.61,320.645,98345
2026-07-23 13:40:00,320.62,320.9895,320.5,320.5316,97973
2026-07-23 13:41:00,320.545,320.84,320.41,320.6805,104954
2026-07-23 13:42:00,320.68,321.22,320.64,321.0501,105238
2026-07-23 13:43:00,321.09,321.5,321.05,321.3,98569
2026-07-23 13:44:00,321.3,321.4899,321.12,321.16,71839
2026-07-23 13:45:00,321.15,321.47,321.0801,321.44,71738
2026-07-23 13:46:00,321.415,321.43,320.9,321.305,87997
2026-07-23 13:47:00,321.305,321.67,321.23,321.435,79151
2026-07-23 13:48:00,321.4,321.73,321.06,321.195,95402
2026-07-23 13:49:00,321.19,321.6199,321.18,321.3601,68172
2026-07-23 13:50:00,321.43,321.44,321.13,321.19,62354
2026-07-23 13:51:00,321.15,321.34,321.01,321.105,61493
2026-07-23 13:52:00,321.105,321.6952,321.01,321.45,81727
2026-07-23 13:53:00,321.479,321.5,321.08,321.395,59923
2026-07-23 13:54:00,321.395,321.48,321.2001,321.21,36836
2026-07-23 13:55:00,321.2,321.35,320.9,320.94,84851
2026-07-23 13:56:00,320.945,321.0468,320.7505,320.98,73957
2026-07-23 13:57:00,320.99,321.1,320.9,320.9699,45646
2026-07-23 13:58:00,320.91,321.18,320.79,321.11,59902
2026-07-23 13:59:00,321.11,321.46,321.04,321.23,65740
2026-07-23 14:00:00,321.19,321.43,321.1118,321.245,60571
2026-07-23 14:01:00,321.2475,321.34,320.5,320.9,102857
2026-07-23 14:02:00,320.935,321.08,320.82,320.9942,68714
2026-07-23 14:03:00,320.961,321.24,320.9,321.13,65290
2026-07-23 14:04:00,321.1501,321.22,320.81,320.9,50299
2026-07-23 14:05:00,320.86,320.9198,320.66,320.72,70998
2026-07-23 14:06:00,320.695,321.32,320.66,321.2,81517
2026-07-23 14:07:00,321.21,321.21,320.92,320.92,71295
2026-07-23 14:08:00,320.92,320.9799,320.76,320.8,62256
2026-07-23 14:09:00,320.78,320.86,320.42,320.755,116317
2026-07-23 14:10:00,320.82,320.911,320.56,320.71,55689
2026-07-23 14:11:00,320.7327,321.07,320.56,320.75,88614
2026-07-23 14:12:00,320.74,321.21,320.74,321.13,82685
2026-07-23 14:13:00,321.13,321.38,320.68,320.76,85358
2026-07-23 14:14:00,320.8097,320.97,320.65,320.6619,52376
2026-07-23 14:15:00,320.69,321.0199,320.635,320.97,49740
2026-07-23 14:16:00,320.91,321.1,320.801,320.8901,46857
2026-07-23 14:17:00,320.94,321.05,320.61,320.62,47372
2026-07-23 14:18:00,320.63,320.76,320.59,320.615,61486
2026-07-23 14:19:00,320.615,320.8199,320.52,320.8,75847
2026-07-23 14:20:00,320.765,320.84,320.6,320.61,51794
2026-07-23 14:21:00,320.62,321.0687,320.55,321.04,64460
2026-07-23 14:22:00,321.04,321.17,320.825,321.04,58822
2026-07-23 14:23:00,321.06,321.34,320.91,321,81907
2026-07-23 14:24:00,320.99,321.16,320.92,321.085,55640
2026-07-23 14:25:00,321.105,321.12,320.61,320.9,71732
2026-07-23 14:26:00,320.875,320.8999,320.51,320.62,57662
2026-07-23 14:27:00,320.63,320.83,320.55,320.66,65778
2026-07-23 14:28:00,320.66,320.94,320.61,320.94,77757
2026-07-23 14:29:00,320.92,321.26,320.9001,321.195,117709
2026-07-23 14:30:00,321.17,321.1899,320.93,321.1,90965
2026-07-23 14:31:00,321.1,321.26,321,321.12,81801
2026-07-23 14:32:00,321.145,321.17,320.735,320.8392,73404
2026-07-23 14:33:00,320.795,320.955,320.71,320.945,70668
2026-07-23 14:34:00,320.93,321.45,320.88,321.25,102523
2026-07-23 14:35:00,321.265,322.1599,321.265,322.0001,141136
2026-07-23 14:36:00,322.02,322.025,321.085,321.14,96239
2026-07-23 14:37:00,321.14,321.69,321.09,321.515,79863
2026-07-23 14:38:00,321.5874,321.5874,320.79,320.855,102775
2026-07-23 14:39:00,320.89,321.24,320.76,321.025,75260
2026-07-23 14:40:00,321.015,321.27,320.66,320.775,134182
2026-07-23 14:41:00,320.74,320.89,320.45,320.5699,100163
2026-07-23 14:42:00,320.56,320.6881,320.33,320.515,134143
2026-07-23 14:43:00,320.4901,320.89,320.46,320.725,164101
2026-07-23 14:44:00,320.7366,320.85,320.3,320.59,97644
2026-07-23 14:45:00,320.62,320.77,320.1,320.29,126513
2026-07-23 14:46:00,320.29,320.6572,320.181,320.58,94678
2026-07-23 14:47:00,320.51,320.74,320.44,320.715,80856
2026-07-23 14:48:00,320.715,320.8,320.55,320.635,75573
2026-07-23 14:49:00,320.615,320.654,320.44,320.58,52141
2026-07-23 14:50:00,320.5715,320.6,320.22,320.455,103045
2026-07-23 14:51:00,320.4,320.65,320.3001,320.63,60315
2026-07-23 14:52:00,320.6,321.35,320.53,321.21,85050
2026-07-23 14:53:00,321.19,321.53,320.8783,321.16,104448
2026-07-23 14:54:00,321.2376,321.42,320.9,320.95,78035
2026-07-23 14:55:00,320.95,321.22,320.63,321.15,90024
2026-07-23 14:56:00,321.14,321.37,321,321.07,102947
2026-07-23 14:57:00,321.04,321.11,320.74,320.8064,75205
2026-07-23 14:58:00,320.78,321.06,320.74,320.905,82154
2026-07-23 14:59:00,320.91,321.28,320.86,321.28,119887
2026-07-23 15:00:00,321.265,321.8,321.265,321.72,142917
2026-07-23 15:01:00,321.69,321.8,320.85,320.885,115573
2026-07-23 15:02:00,320.88,320.9,320.54,320.9,111409
2026-07-23 15:03:00,320.88,320.96,320.7,320.79,76578
2026-07-23 15:04:00,320.78,321.12,320.74,321.01,69359
2026-07-23 15:05:00,320.96,321.57,320.77,321.5,97161
2026-07-23 15:06:00,321.52,321.5379,321.1401,321.31,59796
2026-07-23 15:07:00,321.32,321.82,321.32,321.48,101506
2026-07-23 15:08:00,321.4801,321.67,321.06,321.1216,86105
2026-07-23 15:09:00,321.15,321.21,320.755,320.81,106803
2026-07-23 15:10:00,320.81,320.83,320.28,320.29,138076
2026-07-23 15:11:00,320.29,320.35,320.05,320.28,170661
2026-07-23 15:12:00,320.275,320.55,320.27,320.41,103857
2026-07-23 15:13:00,320.43,320.7,320.3601,320.6,107486
2026-07-23 15:14:00,320.6,320.75,320.365,320.445,64819
2026-07-23 15:15:00,320.46,320.77,320.37,320.76,70003
2026-07-23 15:16:00,320.755,320.87,320.42,320.46,100392
2026-07-23 15:17:00,320.4756,320.93,320.37,320.655,99834
2026-07-23 15:18:00,320.655,320.73,320.45,320.605,100943
2026-07-23 15:19:00,320.5801,320.61,320.24,320.385,83363
2026-07-23 15:20:00,320.4,320.62,320.35,320.5,114850
2026-07-23 15:21:00,320.5,320.9495,320.43,320.83,130107
2026-07-23 15:22:00,320.85,320.94,320.61,320.61,91145
2026-07-23 15:23:00,320.6201,320.6699,320.35,320.47,73799
2026-07-23 15:24:00,320.48,320.54,320.2501,320.395,110781
2026-07-23 15:25:00,320.395,320.77,320.3,320.76,118325
2026-07-23 15:26:00,320.76,320.89,320.561,320.62,113733
2026-07-23 15:27:00,320.625,321.2,320.6,321.0351,147957
2026-07-23 15:28:00,321.03,321.1099,320.35,320.45,202169
2026-07-23 15:29:00,320.43,320.46,319.57,319.8399,728694
2026-07-23 15:30:00,319.82,320.27,319.45,320.1,202886
2026-07-23 15:31:00,320.1,320.1,319.5,319.57,120037
2026-07-23 15:32:00,319.565,319.78,319.5,319.505,178710
2026-07-23 15:33:00,319.51,319.81,319.105,319.165,325198
2026-07-23 15:34:00,319.19,319.5,318.89,319.02,246059
2026-07-23 15:35:00,319.03,319.63,318.94,319.39,219617
2026-07-23 15:36:00,319.41,319.61,318.93,318.95,217107
2026-07-23 15:37:00,318.95,319.22,318.76,318.875,205120
2026-07-23 15:38:00,318.88,318.97,318.14,318.201,349493
2026-07-23 15:39:00,318.205,318.33,316.82,316.84,602115
2026-07-23 15:40:00,316.86,317.36,316.78,316.855,367401
2026-07-23 15:41:00,316.87,317.21,316.83,316.99,196416
2026-07-23 15:42:00,317.005,317.03,316.11,316.2801,315625
2026-07-23 15:43:00,316.2884,316.35,316,316.005,222422
2026-07-23 15:44:00,316.01,316.16,315.84,315.9389,285119
2026-07-23 15:45:00,315.95,316.38,315.735,316.115,264846
2026-07-23 15:46:00,316.13,316.29,315.92,315.99,283143
2026-07-23 15:47:00,316,316.7,315.78,316.38,473032
2026-07-23 15:48:00,316.39,316.8681,316.141,316.78,247853
2026-07-23 15:49:00,316.79,316.8099,316.2,316.46,220995
2026-07-23 15:50:00,316.46,319.64,316.455,319.525,528848
2026-07-23 15:51:00,319.52,319.713,318.85,319.39,458991
2026-07-23 15:52:00,319.39,319.56,318.71,318.995,336870
2026-07-23 15:53:00,319,320.22,318.81,320.1,383299
2026-07-23 15:54:00,320.11,321.6399,319.7,321.08,432723
2026-07-23 15:55:00,321.08,323.31,321.06,323.07,674704
2026-07-23 15:56:00,323.07,323.3995,322.93,322.96,410597
2026-07-23 15:57:00,322.95,323.34,321.93,322.052,619844
2026-07-23 15:58:00,322.08,322.19,319.81,320.21,870052
2026-07-23 15:59:00,320.205,320.34,319.18,319.345,1660476
2026-07-23 16:00:00,319.35,320.9,319.19,320.26,8453160
2026-07-23 16:01:00,320.2264,320.48,319.66,319.71,29103
2026-07-23 16:02:00,319.78,320.37,319.7,320,17577
2026-07-23 16:03:00,320.21,320.21,319.7,319.88,10191
2026-07-23 16:04:00,319.87,319.87,319.28,319.57,20838
2026-07-23 16:05:00,319.5,319.83,318.89,319.83,16345
2026-07-23 16:06:00,319.82,320.1324,319.7,320.01,15062
2026-07-23 16:07:00,320.0273,320.3,319.78,319.7996,20240
2026-07-23 16:08:00,319.7964,319.83,319.7,319.793,16600
2026-07-23 16:09:00,319.72,319.79,319.4,319.4984,8635
2026-07-23 16:10:00,319.4501,319.5,319.36,319.5,9495
2026-07-23 16:11:00,319.49,319.71,319.25,319.3101,16839
2026-07-23 16:12:00,319.5,319.55,319.05,319.4995,17876
2026-07-23 16:13:00,319.35,319.89,319.284,319.7202,12178
2026-07-23 16:14:00,319.8,320,319.74,319.9,29937
2026-07-23 16:15:00,319.8999,320.48,319.7001,320.48,7316
2026-07-23 16:16:00,320.59,321.4,320.59,321.3809,23574
2026-07-23 16:17:00,321.4,321.4,321.01,321.08,10064
2026-07-23 16:18:00,321.15,321.1994,320.631,321.1994,8063
2026-07-23 16:19:00,321.21,321.35,321.0001,321.32,10774
2026-07-23 16:20:00,321.32,321.7815,321.11,321.7815,8238
2026-07-23 16:21:00,321.7,321.88,321.39,321.5168,8421
2026-07-23 16:22:00,321.52,322.1742,321.52,321.7,8587
2026-07-23 16:23:00,321.88,322,321.7001,321.99,6547
2026-07-23 16:24:00,321.9756,322.99,321.8,322.85,22307
2026-07-23 16:25:00,322.83,323.12,322.6,322.9006,14223
2026-07-23 16:26:00,322.85,322.99,322.55,322.75,14301
2026-07-23 16:27:00,322.77,323.2,322.6,323.01,13605
2026-07-23 16:28:00,323.1,323.6707,323.038,323.038,29052
2026-07-23 16:29:00,323.2,323.5,323,323.33,15929
2026-07-23 16:30:00,323.3,323.45,323,323.05,8725
2026-07-23 16:31:00,323.1,323.61,322.8706,323.47,21866
2026-07-23 16:32:00,323.27,323.61,323.17,323.47,4987
2026-07-23 16:33:00,323.47,323.6,323.11,323.394,10795
2026-07-23 16:34:00,323.4,323.6,323.1,323.131,11196
2026-07-23 16:35:00,323.25,323.4493,323.13,323.4045,4662
2026-07-23 16:36:00,323.4199,323.6,323.32,323.4702,7283
2026-07-23 16:37:00,323.5038,323.56,323.3201,323.4,5511
2026-07-23 16:38:00,323.46,323.4833,323.27,323.2721,7247
2026-07-23 16:39:00,323.3,323.32,323.072,323.072,5844
2026-07-23 16:40:00,323.06,323.15,322.76,322.8124,15183
2026-07-23 16:41:00,322.9479,323.44,322.84,323.25,10633
2026-07-23 16:42:00,323.41,323.64,323.0858,323.0858,7747
2026-07-23 16:43:00,323.11,323.58,323.09,323.4632,12824
2026-07-23 16:44:00,323.4679,323.5583,323.21,323.21,5794
2026-07-23 16:45:00,323.29,323.3251,322.91,323.0822,8324
2026-07-23 16:46:00,323.08,323.47,323.05,323.47,5797
2026-07-23 16:47:00,323.47,323.89,323.41,323.5,9041
2026-07-23 16:48:00,323.41,323.6,323.3,323.32,9950
2026-07-23 16:49:00,323.35,323.6,323.25,323.34,2995
2026-07-23 16:50:00,323.48,323.6,323.21,323.48,8545
2026-07-23 16:51:00,323.358,323.38,323,323.0642,4959
2026-07-23 16:52:00,323,323.3,322.89,323.2,4482
2026-07-23 16:53:00,323.29,323.4,323.02,323.2475,3932
2026-07-23 16:54:00,323.35,323.46,323.13,323.43,5890
2026-07-23 16:55:00,323.47,323.6,323.35,323.54,11518
2026-07-23 16:56:00,323.54,323.9,323.5,323.7963,13023
2026-07-23 16:57:00,323.8861,324,323.8,323.96,7924
2026-07-23 16:58:00,323.95,324.25,323.86,323.8758,25490
2026-07-23 16:59:00,323.8945,324.1823,323.87,324.0639,8944
2026-07-23 17:00:00,323.86,324.28,323.81,324.2,6968
2026-07-23 17:01:00,324.0673,324.35,324.0673,324.27,4875
2026-07-23 17:02:00,324.33,324.4408,324.18,324.4,7291
2026-07-23 17:03:00,324.4,324.48,324.17,324.18,9729
2026-07-23 17:04:00,324.2,324.23,323.96,324.1,7129
2026-07-23 17:05:00,324.18,324.23,323.87,324.2,8362
2026-07-23 17:06:00,324.17,324.3,323.95,324.15,6331
2026-07-23 17:07:00,324.12,324.21,323.76,323.76,3241
2026-07-23 17:08:00,323.79,323.99,323.78,323.8824,3575
2026-07-23 17:09:00,323.97,324,323.9,323.9158,1144
2026-07-23 17:10:00,323.9152,323.96,323.75,323.75,1648
2026-07-23 17:11:00,323.74,323.74,323,323.01,9759
2026-07-23 17:12:00,323.2324,323.5,323.1,323.1462,5994
2026-07-23 17:13:00,323.16,323.2461,323.05,323.05,2900
2026-07-23 17:14:00,323.02,323.11,323.02,323.1003,3848
2026-07-23 17:15:00,323.195,323.195,322.8,322.81,3328
2026-07-23 17:16:00,322.8,322.8101,322.41,322.41,5423
2026-07-23 17:17:00,322.41,322.79,322.05,322.79,12221
2026-07-23 17:18:00,322.769,322.769,322.5,322.61,1762
2026-07-23 17:19:00,322.6,322.7,322.28,322.3376,3212
2026-07-23 17:20:00,322.2967,322.49,322.27,322.48,2189
2026-07-23 17:21:00,322.3186,322.4999,322.17,322.2836,2892
2026-07-23 17:22:00,322.2901,322.48,322.1,322.2169,6354
2026-07-23 17:23:00,322.13,322.16,322.05,322.05,3033
2026-07-23 17:24:00,322.14,322.48,322.1,322.37,6540
2026-07-23 17:25:00,322.29,322.48,322.25,322.3505,1655
2026-07-23 17:26:00,322.3531,322.3531,322.05,322.15,4884
2026-07-23 17:27:00,322.1262,322.28,322.09,322.28,4086
2026-07-23 17:28:00,322.28,322.5,322.28,322.2877,3972
2026-07-23 17:29:00,322.3046,322.3046,322,322.112,6040
2026-07-23 17:30:00,322.2,322.316,322.15,322.316,4619
2026-07-23 17:31:00,322.3,322.4,322.23,322.32,1862
2026-07-23 17:32:00,322.3279,322.39,322.3,322.39,819
2026-07-23 17:33:00,322.3845,322.4,322.29,322.29,1998
2026-07-23 17:34:00,322.34,322.35,322.2,322.301,2027
2026-07-23 17:35:00,322.3,322.8366,322.3,322.82,2836
2026-07-23 17:36:00,322.71,322.7818,322.64,322.78,2109
2026-07-23 17:37:00,322.84,323,322.7,322.8415,4512
2026-07-23 17:38:00,322.8499,322.8499,322.5696,322.6812,1190
2026-07-23 17:39:00,322.5232,322.56,322.5232,322.55,1296
2026-07-23 17:40:00,322.75,322.75,322.6096,322.74,616
2026-07-23 17:41:00,322.73,322.85,322.62,322.84,2131
2026-07-23 17:42:00,322.8338,323.0486,322.801,323,2331
2026-07-23 17:43:00,323,323.18,323,323.1,1301
2026-07-23 17:44:00,323.2,323.25,323.08,323.25,1618
2026-07-23 17:45:00,323.2403,323.495,323.2403,323.4641,2930
2026-07-23 17:46:00,323.4981,323.7622,323.45,323.6,2001
2026-07-23 17:47:00,323.64,323.64,323.25,323.2501,1684
2026-07-23 17:48:00,323.3277,323.6407,323.3277,323.5317,706
2026-07-23 17:49:00,323.52,323.61,323.5,323.5299,1138
2026-07-23 17:50:00,323.5027,323.5027,323.38,323.38,1999
2026-07-23 17:51:00,323.2574,323.4747,323.25,323.42,1036
2026-07-23 17:52:00,323.47,323.51,323.44,323.4923,1957
2026-07-23 17:53:00,323.5,323.5,323.45,323.45,1417
2026-07-23 17:54:00,323.5007,323.5007,323.4018,323.4418,2691
2026-07-23 17:55:00,323.411,323.5,323.35,323.45,1609
2026-07-23 17:56:00,323.5,323.58,323.5,323.58,2416
2026-07-23 17:57:00,323.58,323.75,323.58,323.75,2995
2026-07-23 17:58:00,323.79,323.79,323.68,323.7304,1098
2026-07-23 17:59:00,323.76,323.76,323.7022,323.75,396
2026-07-23 18:00:00,323.77,323.8,323.6,323.66,2081
2026-07-23 18:01:00,323.59,323.59,323.1,323.128,3326
2026-07-23 18:02:00,323.1001,323.4,323.1,323.154,2452
2026-07-23 18:03:00,323.4,323.5324,323.4,323.44,3567
2026-07-23 18:04:00,323.45,323.47,323.2,323.42,2072
2026-07-23 18:05:00,323.45,323.48,323.2,323.3,2529
2026-07-23 18:06:00,323.3,323.45,323.24,323.28,3439
2026-07-23 18:07:00,323.22,323.4,323.2,323.4,2651
2026-07-23 18:08:00,323.35,323.41,323.27,323.27,1591
2026-07-23 18:09:00,323.5,323.55,323.32,323.32,1601
2026-07-23 18:10:00,323.35,323.4153,323.27,323.32,2213
2026-07-23 18:11:00,323.39,323.5324,323.23,323.23,3283
2026-07-23 18:12:00,323.3,323.3422,323.15,323.3309,2944
2026-07-23 18:13:00,323.27,323.44,323.27,323.44,1477
2026-07-23 18:14:00,323.3988,323.57,323.31,323.36,2199
2026-07-23 18:15:00,323.4,323.4,323.3158,323.3967,687
2026-07-23 18:16:00,323.37,323.55,323.3102,323.3102,7930
2026-07-23 18:17:00,323.34,323.4907,323.31,323.4907,1373
2026-07-23 18:18:00,323.46,323.6748,323.46,323.6748,1605
2026-07-23 18:19:00,323.579,323.6,323.44,323.59,679
2026-07-23 18:20:00,323.5016,323.6486,323.5,323.51,3401
2026-07-23 18:21:00,323.58,323.99,323.58,323.9207,5977
2026-07-23 18:22:00,323.94,324.03,323.9211,323.9845,6086
2026-07-23 18:23:00,324,324.1,323.9503,324.09,1705
2026-07-23 18:24:00,324.1089,324.1986,324.1,324.14,2489
2026-07-23 18:25:00,324.12,324.15,324,324,1682
2026-07-23 18:26:00,323.99,324.0073,323.6201,323.7399,2594
2026-07-23 18:27:00,323.8,324.04,323.8,323.88,1759
2026-07-23 18:28:00,323.98,324.03,323.8371,324,1595
2026-07-23 18:29:00,324,324.04,323.8394,324,1776
2026-07-23 18:30:00,324.04,324.45,324.037,324.45,2602
2026-07-23 18:31:00,324.39,324.4392,324.1279,324.1279,2918
2026-07-23 18:32:00,324.19,324.63,324.1001,324.3,4313
2026-07-23 18:33:00,324.35,324.3824,324.06,324.06,3591
2026-07-23 18:34:00,324.12,324.28,324.12,324.28,2550
2026-07-23 18:35:00,324.2193,324.253,324.17,324.21,2317
2026-07-23 18:36:00,324.21,324.24,324.16,324.18,1975
2026-07-23 18:37:00,324.1,324.11,323.7093,323.8,3507
2026-07-23 18:38:00,323.8,324.05,323.7805,323.9948,1714
2026-07-23 18:39:00,324,324.4,323.94,324.0232,5947
2026-07-23 18:40:00,324.1,324.15,324.07,324.14,760
2026-07-23 18:41:00,324.0435,324.1183,323.98,323.98,1775
2026-07-23 18:42:00,323.9691,324.0999,323.9042,324.0501,2479
2026-07-23 18:43:00,324.0514,324.15,324.0514,324.1,1049
2026-07-23 18:44:00,324.0263,324.21,324.007,324.1613,3185
2026-07-23 18:45:00,324.22,324.2399,324.1092,324.1092,950
2026-07-23 18:46:00,324.05,324.15,324.0101,324.09,1603
2026-07-23 18:47:00,324.1,324.2,324.1,324.17,1458
2026-07-23 18:48:00,324.0363,324.24,324.0363,324.2,2568
2026-07-23 18:49:00,324.2,324.2,324.083,324.1631,983
2026-07-23 18:50:00,324.18,324.23,324,324.0077,5202
2026-07-23 18:51:00,324.005,324.18,324.005,324.18,1779
2026-07-23 18:52:00,324.18,324.2496,324.13,324.2368,2250
2026-07-23 18:53:00,324.1907,324.1907,323.85,323.85,1662
2026-07-23 18:54:00,323.85,324,323.8333,323.8333,10333
2026-07-23 18:55:00,323.77,324.03,323.77,324.01,1522
2026-07-23 18:56:00,324.0002,324.09,323.9,323.9,2170
2026-07-23 18:57:00,323.8783,324,323.8147,323.941,1402
2026-07-23 18:58:00,323.94,324.05,323.8685,324.01,1151
2026-07-23 18:59:00,324.1,324.15,324.01,324.13,2809
2026-07-23 19:00:00,324.1,324.14,324.0102,324.0102,1161
2026-07-23 19:01:00,324.05,324.1,323.84,323.85,3347
2026-07-23 19:02:00,323.82,324.05,323.82,324.0055,886
2026-07-23 19:03:00,324.07,324.15,324,324,2010
2026-07-23 19:04:00,324.0077,324.04,323.9876,324.0013,1013
2026-07-23 19:05:00,324.05,324.15,324.012,324.14,2332
2026-07-23 19:06:00,324.08,324.19,324.08,324.19,2025
2026-07-23 19:07:00,324.1516,324.2004,323.93,323.93,3651
2026-07-23 19:08:00,323.93,323.95,323.88,323.88,1886
2026-07-23 19:09:00,323.861,324.2,323.86,324.2,2438
2026-07-23 19:10:00,324.25,324.25,324.06,324.06,602
2026-07-23 19:11:00,324.15,324.17,324.1487,324.17,744
2026-07-23 19:12:00,324.1338,324.1338,324.09,324.12,720
2026-07-23 19:13:00,324.0322,324.1,324.0301,324.064,1076
2026-07-23 19:14:00,324.0738,324.0776,324,324,1437
2026-07-23 19:15:00,323.9884,324.04,323.91,324.04,3693
2026-07-23 19:16:00,324.04,324.18,324.04,324.18,2772
2026-07-23 19:17:00,324.12,324.2,324.1084,324.14,1398
2026-07-23 19:18:00,324.2245,324.23,324.18,324.2099,1360
2026-07-23 19:19:00,324.21,324.22,324.14,324.18,1427
2026-07-23 19:20:00,324.1477,324.1905,324.11,324.11,2279
2026-07-23 19:21:00,324.15,324.27,324.15,324.27,2613
2026-07-23 19:22:00,324.27,324.35,324.26,324.26,6008
2026-07-23 19:23:00,324.2617,324.29,324.205,324.2224,985
2026-07-23 19:24:00,324.29,324.4,324.28,324.35,2995
2026-07-23 19:25:00,324.4,324.4,324.33,324.39,1602
2026-07-23 19:26:00,324.3953,324.3953,324.3,324.34,1279
2026-07-23 19:27:00,324.36,324.36,324.21,324.3,2575
2026-07-23 19:28:00,324.23,324.25,324.2,324.2,4602
2026-07-23 19:29:00,324.2195,324.22,324.11,324.1139,2465
2026-07-23 19:30:00,324.1,324.19,324.08,324.08,1774
2026-07-23 19:31:00,324.05,324.08,323.79,323.79,6731
2026-07-23 19:32:00,323.8024,323.8713,323.6419,323.77,4028
2026-07-23 19:33:00,323.77,323.77,323.6001,323.72,6691
2026-07-23 19:34:00,323.65,323.9984,323.65,323.888,6207
2026-07-23 19:35:00,323.9483,323.9858,323.8025,323.8655,2265
2026-07-23 19:36:00,323.87,324,323.87,323.9577,1679
2026-07-23 19:37:00,323.9999,323.9999,323.9,323.9528,2623
2026-07-23 19:38:00,323.8,323.9,323.66,323.7892,2641
2026-07-23 19:39:00,323.78,323.85,323.664,323.664,1442
2026-07-23 19:40:00,323.7261,323.7627,323.4548,323.5,3999
2026-07-23 19:41:00,323.46,323.66,323.3232,323.66,5622
2026-07-23 19:42:00,323.7,323.9297,323.68,323.8232,1687
2026-07-23 19:43:00,323.8725,323.95,323.6,323.6,2225
2026-07-23 19:44:00,323.6505,323.75,323.51,323.7054,2738
2026-07-23 19:45:00,323.7001,324,323.7,323.93,4772
2026-07-23 19:46:00,323.8,323.945,323.7106,323.945,3698
2026-07-23 19:47:00,323.95,324,323.8,323.8,1699
2026-07-23 19:48:00,323.71,323.8,323.6139,323.7816,4150
2026-07-23 19:49:00,323.72,323.8,323.7195,323.75,1551
2026-07-23 19:50:00,323.7868,323.8,323.65,323.65,2320
2026-07-23 19:51:00,323.6099,323.63,323.5,323.6136,1515
2026-07-23 19:52:00,323.56,323.56,323.3,323.3,3431
2026-07-23 19:53:00,323.3065,323.42,323.22,323.25,2874
2026-07-23 19:54:00,323.28,323.3,323.1058,323.3,3287
2026-07-23 19:55:00,323.3,323.5,323.3,323.36,2109
2026-07-23 19:56:00,323.3608,323.468,323.31,323.3313,3874
2026-07-23 19:57:00,323.4561,323.7834,323.4561,323.7834,3374
2026-07-23 19:58:00,323.8,323.92,323.72,323.92,2655
2026-07-23 19:59:00,323.91,324,323.8809,324,7502
